0.00,0.90,0.00
0.02,0.90,0.00
0.04,0.90,0.00
0.06,0.90,0.00
0.08,0.90,0.00
0.11,0.90,0.00
0.13,0.90,0.00
0.15,0.90,0.00
0.17,0.90,0.00
0.19,0.90,0.00
0.21,0.90,0.00
0.23,0.90,0.00
0.25,0.90,0.00
0.27,0.90,0.00
0.29,0.90,0.00
0.32,0.90,0.00
0.34,0.90,0.00
0.36,0.90,0.00
0.38,0.90,0.00
0.40,0.90,0.00
0.42,0.90,0.00
0.44,0.90,0.00
0.46,0.90,0.00
0.48,0.90,0.00
0.50,0.90,0.00
0.53,0.90,0.00
0.55,0.90,0.00
0.57,0.90,0.00
0.59,0.90,0.00
0.61,0.90,0.00
0.63,0.90,0.00
0.65,0.90,0.00
0.67,0.90,0.00
0.69,0.90,0.00
0.71,0.90,0.00
0.74,0.90,0.00
0.76,0.90,0.00
0.78,0.90,0.00
0.80,0.90,0.00
0.82,0.90,0.00
0.84,0.90,0.00
0.86,0.90,0.00
0.88,0.90,0.00
0.90,0.90,0.00
0.92,0.90,0.00
0.95,0.90,0.00
0.97,0.90,0.00
0.99,0.90,0.00
1.01,0.90,0.00
1.03,0.90,0.00
1.05,0.90,0.00
1.07,0.90,0.00
1.09,0.90,0.00
1.11,0.90,0.00
1.13,0.90,0.00
1.16,0.90,0.00
1.18,0.90,0.00
1.20,0.90,0.00
1.22,0.90,0.00
1.24,0.90,0.00
1.26,0.90,0.00
1.28,0.90,0.00
1.30,0.90,0.00
1.32,0.90,0.00
1.34,0.90,0.00
1.37,0.90,0.00
1.39,0.90,0.00
1.41,0.90,0.00
1.43,0.90,0.00
1.45,0.90,0.00
1.47,0.90,0.00
1.49,0.90,0.00
1.51,0.90,0.00
1.53,0.90,0.00
1.55,0.90,0.00
1.58,0.90,0.00
1.60,0.90,0.00
1.62,0.90,0.00
1.64,0.90,0.00
1.66,0.90,0.00
1.68,0.90,0.00
1.70,0.90,0.00
1.72,0.90,0.00
1.74,0.90,0.00
1.76,0.90,0.00
1.79,0.90,0.00
1.81,0.90,0.00
1.83,0.90,0.00
1.85,0.90,0.00
1.87,0.90,0.00
1.89,0.90,0.00
1.91,0.90,0.00
1.93,0.90,0.00
1.95,0.90,0.00
1.97,0.90,0.00
2.00,0.90,0.00
2.02,0.90,0.00
2.04,0.90,0.00
2.06,0.90,0.00
2.08,0.90,0.00
2.10,0.90,0.00
2.12,0.90,0.00
2.14,0.90,0.00
2.16,0.90,0.00
2.18,0.90,0.00
2.21,0.90,0.00
2.23,0.90,0.00
2.25,0.90,0.00
2.27,0.90,0.00
2.29,0.90,0.00
2.31,0.90,0.00
2.33,0.90,0.00
2.35,0.90,0.00
2.37,0.90,0.00
2.39,0.90,0.00
2.42,0.90,0.00
2.44,0.90,0.00
2.46,0.90,0.00
2.48,0.90,0.00
2.50,0.90,0.00
2.52,0.90,0.00
2.54,0.90,0.00
2.56,0.90,0.00
2.58,0.90,0.00
2.60,0.90,0.00
2.63,0.90,0.00
2.65,0.90,0.00
2.67,0.90,0.00
2.69,0.90,0.00
2.71,0.90,0.00
2.73,0.90,0.00
2.75,0.90,0.00
2.77,0.90,0.00
2.79,0.90,0.00
2.81,0.90,0.00
2.84,0.90,0.00
2.86,0.90,0.00
2.88,0.90,0.00
2.90,0.90,0.00
2.92,0.90,0.00
2.94,0.90,0.00
2.96,0.90,0.00
2.98,0.90,0.00
3.00,0.90,0.00
3.02,0.90,0.00
3.05,0.90,0.00
3.07,0.90,0.00
3.09,0.90,0.00
3.11,0.90,0.00
3.13,0.90,0.00
3.15,0.90,0.00
3.17,0.90,0.00
3.19,0.90,0.00
3.21,0.90,0.00
3.23,0.90,0.00
3.26,0.90,0.00
3.28,0.90,0.00
3.30,0.90,0.00
3.32,0.90,0.00
3.34,0.90,0.00
3.36,0.90,0.00
3.38,0.90,0.00
3.40,0.90,0.00
3.42,0.90,0.00
3.44,0.90,0.00
3.47,0.90,0.00
3.49,0.90,0.00
3.51,0.90,0.00
3.53,0.90,0.00
3.55,0.90,0.00
3.57,0.90,0.00
3.59,0.90,0.00
3.61,0.90,0.00
3.63,0.90,0.00
3.65,0.90,0.00
3.68,0.90,0.00
3.70,0.90,0.00
3.72,0.90,0.00
3.74,0.90,0.00
3.76,0.90,0.00
3.78,0.90,0.00
3.80,0.90,0.00
3.82,0.90,0.00
3.84,0.90,0.00
3.86,0.90,0.00
3.89,0.90,0.00
3.91,0.90,0.00
3.93,0.90,0.00
3.95,0.90,0.00
3.97,0.90,0.00
3.99,0.90,0.00
4.01,0.90,0.00
4.03,0.90,0.00
4.05,0.90,0.00
4.08,0.90,0.00
4.10,0.90,0.00
4.12,0.90,0.00
4.14,0.90,0.00
4.16,0.90,0.00
4.18,0.90,0.00
4.20,0.90,0.00
4.22,0.90,0.00
4.24,0.90,0.00
4.26,0.90,0.00
4.29,0.90,0.00
4.31,0.90,0.00
4.33,0.90,0.00
4.35,0.90,0.00
4.37,0.90,0.00
4.39,0.90,0.00
4.41,0.90,0.00
4.43,0.90,0.00
4.45,0.90,0.00
4.47,0.90,0.00
4.50,0.90,0.00
4.52,0.90,0.00
4.54,0.90,0.00
4.56,0.90,0.00
4.58,0.90,0.00
4.60,0.90,0.00
4.62,0.90,0.00
4.64,0.90,0.00
4.66,0.90,0.00
4.68,0.90,0.00
4.71,0.90,0.00
4.73,0.90,0.00
4.75,0.90,0.00
4.77,0.90,0.00
4.79,0.90,0.00
4.81,0.90,0.00
4.83,0.90,0.00
4.85,0.90,0.00
4.87,0.90,0.00
4.89,0.90,0.00
4.92,0.90,0.00
4.94,0.90,0.00
4.96,0.90,0.00
4.98,0.90,0.00
5.00,0.90,0.00
5.02,0.90,0.00
5.04,0.90,0.00
5.06,0.90,0.00
5.08,0.90,0.00
5.10,0.90,0.00
5.13,0.90,0.00
5.15,0.90,0.00
5.17,0.90,0.00
5.19,0.90,0.00
5.21,0.90,0.00
5.23,0.90,0.00
5.25,0.90,0.00
5.27,0.90,0.00
5.29,0.90,0.00
5.31,0.90,0.00
5.34,0.90,0.00
5.36,0.90,0.00
5.38,0.90,0.00
5.40,0.90,0.00
5.42,0.90,0.00
5.44,0.90,0.00
5.46,0.90,0.00
5.48,0.90,0.00
5.50,0.90,0.00
5.52,0.90,0.00
5.55,0.90,0.00
5.57,0.90,0.00
5.59,0.90,0.00
5.61,0.90,0.00
5.63,0.90,0.00
5.65,0.90,0.00
5.67,0.90,0.00
5.69,0.90,0.00
5.71,0.90,0.00
5.73,0.90,0.00
5.76,0.90,0.00
5.78,0.90,0.00
5.80,0.90,0.00
5.82,0.90,0.00
5.84,0.90,0.00
5.86,0.90,0.00
5.88,0.90,0.00
5.90,0.90,0.00
5.92,0.90,0.00
5.94,0.90,0.00
5.97,0.90,0.00
5.99,0.90,0.00
6.01,0.90,0.00
6.03,0.90,0.00
6.05,0.90,0.00
6.07,0.90,0.00
6.09,0.90,0.00
6.11,0.90,0.00
6.13,0.90,0.00
6.15,0.90,0.00
6.18,0.90,0.00
6.20,0.90,0.00
6.22,0.90,0.00
6.24,0.90,0.00
6.26,0.90,0.00
6.28,0.90,0.00
6.30,0.90,0.00
6.32,0.90,0.00
6.34,0.90,0.00
6.36,0.90,0.00
6.39,0.90,0.00
6.41,0.90,0.00
6.43,0.90,0.00
6.45,0.90,0.00
6.47,0.90,0.00
6.49,0.90,0.00
6.51,0.90,0.00
6.53,0.90,0.00
6.55,0.90,0.00
6.57,0.90,0.00
6.60,0.90,0.00
6.62,0.90,0.00
6.64,0.90,0.00
6.66,0.90,0.00
6.68,0.90,0.00
6.70,0.90,0.00
6.72,0.90,0.00
6.74,0.90,0.00
6.76,0.90,0.00
6.78,0.90,0.00
6.81,0.90,0.00
6.83,0.90,0.00
6.85,0.90,0.00
6.87,0.90,0.00
6.89,0.90,0.00
6.91,0.90,0.00
6.93,0.90,0.00
6.95,0.90,0.00
6.97,0.90,0.00
6.99,0.90,0.00
7.02,0.90,0.00
7.04,0.90,0.00
7.06,0.90,0.00
7.08,0.90,0.00
7.10,0.90,0.00
7.12,0.90,0.00
7.14,0.90,0.00
7.16,0.90,0.00
7.18,0.90,0.00
7.20,0.90,0.00
7.23,0.90,0.00
7.25,0.90,0.00
7.27,0.90,0.00
7.29,0.90,0.00
7.31,0.90,0.00
7.33,0.90,0.00
7.35,0.90,0.00
7.37,0.90,0.00
7.39,0.90,0.00
7.41,0.90,0.00
7.44,0.90,0.00
7.46,0.90,0.00
7.48,0.90,0.00
7.50,0.90,0.00
7.52,0.90,0.00
7.54,0.90,0.00
7.56,0.90,0.00
7.58,0.90,0.00
7.60,0.90,0.00
7.62,0.90,0.00
7.65,0.90,0.00
7.67,0.90,0.00
7.69,0.90,0.00
7.71,0.90,0.00
7.73,0.90,0.00
7.75,0.90,0.00
7.77,0.90,0.00
7.79,0.90,0.00
7.81,0.90,0.00
7.83,0.90,0.00
7.86,0.90,0.00
7.88,0.90,0.00
7.90,0.90,0.00
7.92,0.90,0.00
7.94,0.90,0.00
7.96,0.90,0.00
7.98,0.90,0.00
8.00,0.90,0.00
8.02,0.90,0.00
8.05,0.90,0.00
8.07,0.90,0.00
8.09,0.90,0.00
8.11,0.90,0.00
8.13,0.90,0.00
8.15,0.90,0.00
8.17,0.90,0.00
8.19,0.90,0.00
8.21,0.90,0.00
8.23,0.90,0.00
8.26,0.90,0.00
8.28,0.90,0.00
8.30,0.90,0.00
8.32,0.90,0.00
8.34,0.90,0.00
8.36,0.90,0.00
8.38,0.90,0.00
8.40,0.90,0.00
8.42,0.90,0.00
8.44,0.90,0.00
8.47,0.90,0.00
8.49,0.90,0.00
8.51,0.90,0.00
8.53,0.90,0.00
8.55,0.90,0.00
8.57,0.90,0.00
8.59,0.90,0.00
8.61,0.90,0.00
8.63,0.90,0.00
8.65,0.90,0.00
8.68,0.90,0.00
8.70,0.90,0.00
8.72,0.90,0.00
8.74,0.90,0.00
8.76,0.90,0.00
8.78,0.90,0.00
8.80,0.90,0.00
8.82,0.90,0.00
8.84,0.90,0.00
8.86,0.90,0.00
8.89,0.90,0.00
8.91,0.90,0.00
8.93,0.90,0.00
8.95,0.90,0.00
8.97,0.90,0.00
8.99,0.90,0.00
9.01,0.90,0.00
9.03,0.90,0.00
9.05,0.90,0.00
9.07,0.90,0.00
9.10,0.90,0.00
9.12,0.90,0.00
9.14,0.90,0.00
9.16,0.90,0.00
9.18,0.90,0.00
9.20,0.90,0.00
9.22,0.90,0.00
9.24,0.90,0.00
9.26,0.90,0.00
9.28,0.90,0.00
9.31,0.90,0.00
9.33,0.90,0.00
9.35,0.90,0.00
9.37,0.90,0.00
9.39,0.90,0.00
9.41,0.90,0.00
9.43,0.90,0.00
9.45,0.90,0.00
9.47,0.90,0.00
9.49,0.90,0.00
9.52,0.90,0.00
9.54,0.90,0.00
9.56,0.90,0.00
9.58,0.90,0.00
9.60,0.90,0.00
9.62,0.90,0.00
9.64,0.90,0.00
9.66,0.90,0.00
9.68,0.90,0.00
9.70,0.90,0.00
9.73,0.90,0.00
9.75,0.90,0.00
9.77,0.90,0.00
9.79,0.90,0.00
9.81,0.90,0.00
9.83,0.90,0.00
9.85,0.90,0.00
9.87,0.90,0.00
9.89,0.90,0.00
9.91,0.90,0.00
9.94,0.90,0.00
9.96,0.90,0.00
9.98,0.90,0.00
10.00,0.90,0.00
10.02,0.90,0.00
10.04,0.90,0.00
10.06,0.90,0.00
10.08,0.90,0.00
10.10,0.90,0.00
10.12,0.90,0.00
10.15,0.90,0.00
10.17,0.90,0.00
10.19,0.90,0.00
10.21,0.90,0.00
10.23,0.90,0.00
10.25,0.90,0.00
10.27,0.90,0.00
10.29,0.90,0.00
10.31,0.90,0.00
10.33,0.90,0.00
10.36,0.90,0.00
10.38,0.90,0.00
10.40,0.90,0.00
10.42,0.90,0.00
10.44,0.90,0.00
10.46,0.90,0.00
10.48,0.90,0.00
10.50,0.90,0.00
10.52,0.90,0.00
10.54,0.90,0.00
10.57,0.90,0.00
10.59,0.90,0.00
10.61,0.90,0.00
10.63,0.90,0.00
10.65,0.90,0.00
10.67,0.90,0.00
10.69,0.90,0.00
10.71,0.90,0.00
10.73,0.90,0.00
10.75,0.90,0.00
10.78,0.90,0.00
10.80,0.90,0.00
10.82,0.90,0.00
10.84,0.90,0.00
10.86,0.90,0.00
10.88,0.90,0.00
10.90,0.90,0.00
10.92,0.90,0.00
10.94,0.90,0.00
10.96,0.90,0.00
10.99,0.90,0.00
11.01,0.90,0.00
11.03,0.90,0.00
11.05,0.90,0.00
11.07,0.90,0.00
11.09,0.90,0.00
11.11,0.90,0.00
11.13,0.90,0.00
11.15,0.90,0.00
11.17,0.90,0.00
11.20,0.90,0.00
11.22,0.90,0.00
11.24,0.90,0.00
11.26,0.90,0.00
11.28,0.90,0.00
11.30,0.90,0.00
11.32,0.90,0.00
11.34,0.90,0.00
11.36,0.90,0.00
11.38,0.90,0.00
11.41,0.90,0.00
11.43,0.90,0.00
11.45,0.90,0.00
11.47,0.90,0.00
11.49,0.90,0.00
11.51,0.90,0.00
11.53,0.90,0.00
11.55,0.90,0.00
11.57,0.90,0.00
11.59,0.90,0.00
11.62,0.90,0.00
11.64,0.90,0.00
11.66,0.90,0.00
11.68,0.90,0.00
11.70,0.90,0.00
11.72,0.90,0.00
11.74,0.90,0.00
11.76,0.90,0.00
11.78,0.90,0.00
11.80,0.90,0.00
11.83,0.90,0.00
11.85,0.90,0.00
11.87,0.90,0.00
11.89,0.90,0.00
11.91,0.90,0.00
11.93,0.90,0.00
11.95,0.90,0.00
11.97,0.90,0.00
11.99,0.90,0.00
12.02,0.90,0.00
12.04,0.90,0.00
12.06,0.90,0.00
12.08,0.90,0.00
12.10,0.90,0.00
12.12,0.90,0.00
12.14,0.90,0.00
12.16,0.90,0.00
12.18,0.90,0.00
12.20,0.90,0.00
12.23,0.90,0.00
12.25,0.90,0.00
12.27,0.90,0.00
12.29,0.90,0.00
12.31,0.90,0.00
12.33,0.90,0.00
12.35,0.90,0.00
12.37,0.90,0.00
12.39,0.90,0.00
12.41,0.90,0.00
12.44,0.90,0.00
12.46,0.90,0.00
12.48,0.90,0.00
12.50,0.90,0.00
12.52,0.90,0.00
12.54,0.90,0.00
12.56,0.90,0.00
12.58,0.90,0.00
12.60,0.90,0.00
12.62,0.90,0.00
12.65,0.90,0.00
12.67,0.90,0.00
12.69,0.90,0.00
12.71,0.90,0.00
12.73,0.90,0.00
12.75,0.90,0.00
12.77,0.90,0.00
12.79,0.90,0.00
12.81,0.90,0.00
12.83,0.90,0.00
12.86,0.90,0.00
12.88,0.90,0.00
12.90,0.90,0.00
12.92,0.90,0.00
12.94,0.90,0.00
12.96,0.90,0.00
12.98,0.90,0.00
13.00,0.90,0.00
13.02,0.90,0.00
13.04,0.90,0.00
13.07,0.90,0.00
13.09,0.90,0.00
13.11,0.90,0.00
13.13,0.90,0.00
13.15,0.90,0.00
13.17,0.90,0.00
13.19,0.90,0.00
13.21,0.90,0.00
13.23,0.90,0.00
13.25,0.90,0.00
13.28,0.90,0.00
13.30,0.90,0.00
13.32,0.90,0.00
13.34,0.90,0.00
13.36,0.90,0.00
13.38,0.90,0.00
13.40,0.90,0.00
13.42,0.90,0.00
13.44,0.90,0.00
13.46,0.90,0.00
13.49,0.90,0.00
13.51,0.90,0.00
13.53,0.90,0.00
13.55,0.90,0.00
13.57,0.90,0.00
13.59,0.90,0.00
13.61,0.90,0.00
13.63,0.90,0.00
13.65,0.90,0.00
13.67,0.90,0.00
13.70,0.90,0.00
13.72,0.90,0.00
13.74,0.90,0.00
13.76,0.90,0.00
13.78,0.90,0.00
13.80,0.90,0.00
13.82,0.90,0.00
13.84,0.90,0.00
13.86,0.90,0.00
13.88,0.90,0.00
13.91,0.90,0.00
13.93,0.90,0.00
13.95,0.90,0.00
13.97,0.90,0.00
13.99,0.90,0.00
14.01,0.90,0.00
14.03,0.90,0.00
14.05,0.90,0.00
14.07,0.90,0.00
14.09,0.90,0.00
14.12,0.90,0.00
14.14,0.90,0.00
14.16,0.90,0.00
14.18,0.90,0.00
14.20,0.90,0.00
14.22,0.90,0.00
14.24,0.90,0.00
14.26,0.90,0.00
14.28,0.90,0.00
14.30,0.90,0.00
14.33,0.90,0.00
14.35,0.90,0.00
14.37,0.90,0.00
14.39,0.90,0.00
14.41,0.90,0.00
14.43,0.90,0.00
14.45,0.90,0.00
14.47,0.90,0.00
14.49,0.90,0.00
14.51,0.90,0.00
14.54,0.90,0.00
14.56,0.90,0.00
14.58,0.90,0.00
14.60,0.90,0.00
14.62,0.90,0.00
14.64,0.90,0.00
14.66,0.90,0.00
14.68,0.90,0.00
14.70,0.90,0.00
14.72,0.90,0.00
14.75,0.90,0.00
14.77,0.90,0.00
14.79,0.90,0.00
14.81,0.90,0.00
14.83,0.90,0.00
14.85,0.90,0.00
14.87,0.90,0.00
14.89,0.90,0.00
14.91,0.90,0.00
14.93,0.90,0.00
14.96,0.90,0.00
14.98,0.90,0.00
15.00,0.90,0.00
15.02,0.90,0.00
15.04,0.90,0.00
15.06,0.90,0.00
15.08,0.90,0.00
15.10,0.90,0.00
15.12,0.90,0.00
15.14,0.90,0.00
15.17,0.90,0.00
15.19,0.90,0.00
15.21,0.90,0.00
15.23,0.90,0.00
15.25,0.90,0.00
15.27,0.90,0.00
15.29,0.90,0.00
15.31,0.90,0.00
15.33,0.90,0.00
15.35,0.90,0.00
15.38,0.90,0.00
15.40,0.90,0.00
15.42,0.90,0.00
15.44,0.90,0.00
15.46,0.90,0.00
15.48,0.90,0.00
15.50,0.90,0.00
15.52,0.90,0.00
15.54,0.90,0.00
15.56,0.90,0.00
15.59,0.90,0.00
15.61,0.90,0.00
15.63,0.90,0.00
15.65,0.90,0.00
15.67,0.90,0.00
15.69,0.90,0.00
15.71,0.90,0.00
15.73,0.90,0.00
15.75,0.90,0.00
15.77,0.90,0.00
15.80,0.90,0.00
15.82,0.90,0.00
15.84,0.90,0.00
15.86,0.90,0.00
15.88,0.90,0.00
15.90,0.90,0.00
15.92,0.90,0.00
15.94,0.90,0.00
15.96,0.90,0.00
15.98,0.90,0.00
16.01,0.90,0.00
16.03,0.90,0.00
16.05,0.90,0.00
16.07,0.90,0.00
16.09,0.90,0.00
16.11,0.90,0.00
16.13,0.90,0.00
16.15,0.90,0.00
16.17,0.90,0.00
16.20,0.90,0.00
16.22,0.90,0.00
16.24,0.90,0.00
16.26,0.90,0.00
16.28,0.90,0.00
16.30,0.90,0.00
16.32,0.90,0.00
16.34,0.90,0.00
16.36,0.90,0.00
16.38,0.90,0.00
16.41,0.90,0.00
16.43,0.90,0.00
16.45,0.90,0.00
16.47,0.90,0.00
16.49,0.90,0.00
16.51,0.90,0.00
16.53,0.90,0.00
16.55,0.90,0.00
16.57,0.90,0.00
16.59,0.90,0.00
16.62,0.90,0.00
16.64,0.90,0.00
16.66,0.90,0.00
16.68,0.90,0.00
16.70,0.90,0.00
16.72,0.90,0.00
16.74,0.90,0.00
16.76,0.90,0.00
16.78,0.90,0.00
16.80,0.90,0.00
16.83,0.90,0.00
16.85,0.90,0.00
16.87,0.90,0.00
16.89,0.90,0.00
16.91,0.90,0.00
16.93,0.90,0.00
16.95,0.90,0.00
16.97,0.90,0.00
16.99,0.90,0.00
17.01,0.90,0.00
17.04,0.90,0.00
17.06,0.90,0.00
17.08,0.90,0.00
17.10,0.90,0.00
17.12,0.90,0.00
17.14,0.90,0.00
17.16,0.90,0.00
17.18,0.90,0.00
17.20,0.90,0.00
17.22,0.90,0.00
17.25,0.90,0.00
17.27,0.90,0.00
17.29,0.90,0.00
17.31,0.90,0.00
17.33,0.90,0.00
17.35,0.90,0.00
17.37,0.90,0.00
17.39,0.90,0.00
17.41,0.90,0.00
17.43,0.90,0.00
17.46,0.90,0.00
17.48,0.90,0.00
17.50,0.90,0.00
17.52,0.90,0.00
17.54,0.90,0.00
17.56,0.90,0.00
17.58,0.90,0.00
17.60,0.90,0.00
17.62,0.90,0.00
17.64,0.90,0.00
17.67,0.90,0.00
17.69,0.90,0.00
17.71,0.90,0.00
17.73,0.90,0.00
17.75,0.90,0.00
17.77,0.90,0.00
17.79,0.90,0.00
17.81,0.90,0.00
17.83,0.90,0.00
17.85,0.90,0.00
17.88,0.90,0.00
17.90,0.90,0.00
17.92,0.90,0.00
17.94,0.90,0.00
17.96,0.90,0.00
17.98,0.90,0.00
18.00,0.90,0.00
18.02,0.90,0.00
18.04,0.90,0.00
18.06,0.90,0.00
18.09,0.90,0.00
18.11,0.90,0.00
18.13,0.90,0.00
18.15,0.90,0.00
18.17,0.90,0.00
18.19,0.90,0.00
18.21,0.90,0.00
18.23,0.90,0.00
18.25,0.90,0.00
18.27,0.90,0.00
18.30,0.90,0.00
18.32,0.90,0.00
18.34,0.90,0.00
18.36,0.90,0.00
18.38,0.90,0.00
18.40,0.90,0.00
18.42,0.90,0.00
18.44,0.90,0.00
18.46,0.90,0.00
18.48,0.90,0.00
18.51,0.90,0.00
18.53,0.90,0.00
18.55,0.90,0.00
18.57,0.90,0.00
18.59,0.90,0.00
18.61,0.90,0.00
18.63,0.90,0.00
18.65,0.90,0.00
18.67,0.90,0.00
18.69,0.90,0.00
18.72,0.90,0.00
18.74,0.90,0.00
18.76,0.90,0.00
18.78,0.90,0.00
18.80,0.90,0.00
18.82,0.90,0.00
18.84,0.90,0.00
18.86,0.90,0.00
18.88,0.90,0.00
18.90,0.90,0.00
18.93,0.90,0.00
18.95,0.90,0.00
18.97,0.90,0.00
18.99,0.90,0.00
19.01,0.90,0.00
19.03,0.90,0.00
19.05,0.90,0.00
19.07,0.90,0.00
19.09,0.90,0.00
19.11,0.90,0.00
19.14,0.90,0.00
19.16,0.90,0.00
19.18,0.90,0.00
19.20,0.90,0.00
19.22,0.90,0.00
19.24,0.90,0.00
19.26,0.90,0.00
19.28,0.90,0.00
19.30,0.90,0.00
19.32,0.90,0.00
19.35,0.90,0.00
19.37,0.90,0.00
19.39,0.90,0.00
19.41,0.90,0.00
19.43,0.90,0.00
19.45,0.90,0.00
19.47,0.90,0.00
19.49,0.90,0.00
19.51,0.90,0.00
19.53,0.90,0.00
19.56,0.90,0.00
19.58,0.90,0.00
19.60,0.90,0.00
19.62,0.90,0.00
19.64,0.90,0.00
19.66,0.90,0.00
19.68,0.90,0.00
19.70,0.90,0.00
19.72,0.90,0.00
19.74,0.90,0.00
19.77,0.90,0.00
19.79,0.90,0.00
19.81,0.90,0.00
19.83,0.90,0.00
19.85,0.90,0.00
19.87,0.90,0.00
19.89,0.90,0.00
19.91,0.90,0.00
19.93,0.90,0.00
19.95,0.90,0.00
19.98,0.90,0.00
20.00,0.90,0.00
20.02,0.90,0.00
20.04,0.90,0.00
20.06,0.90,0.00
20.08,0.90,0.00
20.10,0.90,0.00
20.12,0.90,0.00
20.14,0.90,0.00
20.17,0.90,0.00
20.19,0.90,0.00
20.21,0.90,0.00
20.23,0.90,0.00
20.25,0.90,0.00
20.27,0.90,0.00
20.29,0.90,0.00
20.31,0.90,0.00
20.33,0.90,0.00
20.35,0.90,0.00
20.38,0.90,0.00
20.40,0.90,0.00
20.42,0.90,0.00
20.44,0.90,0.00
20.46,0.90,0.00
20.48,0.90,0.00
20.50,0.90,0.00
20.52,0.90,0.00
20.54,0.90,0.00
20.56,0.90,0.00
20.59,0.90,0.00
20.61,0.90,0.00
20.63,0.90,0.00
20.65,0.90,0.00
20.67,0.90,0.00
20.69,0.90,0.00
20.71,0.90,0.00
20.73,0.90,0.00
20.75,0.90,0.00
20.77,0.90,0.00
20.80,0.90,0.00
20.82,0.90,0.00
20.84,0.90,0.00
20.86,0.90,0.00
20.88,0.90,0.00
20.90,0.90,0.00
20.92,0.90,0.00
20.94,0.90,0.00
20.96,0.90,0.00
20.98,0.90,0.00
21.01,0.90,0.00
21.03,0.90,0.00
21.05,0.90,0.00
21.07,0.90,0.00
21.09,0.90,0.00
21.12,0.90,0.00
21.14,0.90,0.00
21.17,0.90,0.00
21.19,0.90,0.00
21.22,0.90,0.00
21.24,0.90,0.00
21.27,0.90,0.00
21.29,0.90,0.00
21.32,0.90,0.00
21.34,0.90,0.00
21.37,0.90,0.00
21.39,0.90,0.00
21.42,0.90,0.00
21.44,0.90,0.00
21.47,0.90,0.00
21.49,0.90,0.00
21.52,0.90,0.00
21.54,0.90,0.00
21.57,0.90,0.00
21.59,0.90,0.00
21.62,0.90,0.00
21.64,0.90,0.00
21.67,0.90,0.00
21.69,0.89,0.00
21.71,0.89,0.00
21.74,0.89,0.00
21.76,0.89,0.00
21.79,0.89,0.00
21.81,0.89,0.00
21.84,0.89,0.00
21.86,0.89,0.00
21.89,0.89,0.00
21.91,0.89,0.00
21.94,0.89,0.00
21.96,0.89,0.00
21.99,0.89,0.00
22.01,0.89,0.00
22.04,0.89,0.00
22.06,0.89,0.00
22.08,0.89,0.00
22.11,0.89,0.00
22.13,0.89,0.00
22.16,0.88,0.00
22.18,0.88,0.00
22.21,0.88,0.00
22.23,0.88,0.00
22.26,0.88,0.00
22.28,0.88,0.00
22.30,0.88,0.00
22.33,0.88,0.00
22.35,0.88,0.00
22.38,0.87,0.00
22.40,0.87,0.00
22.43,0.87,0.00
22.45,0.87,0.00
22.47,0.87,0.00
22.50,0.87,0.00
22.52,0.86,0.00
22.55,0.86,0.00
22.57,0.86,0.00
22.60,0.86,0.00
22.62,0.85,0.00
22.64,0.85,0.00
22.67,0.85,0.00
22.69,0.85,0.00
22.72,0.84,0.00
22.74,0.84,0.00
22.76,0.84,0.00
22.79,0.83,0.00
22.81,0.83,0.00
22.83,0.83,0.00
22.86,0.82,0.00
22.88,0.82,0.00
22.91,0.81,0.00
22.93,0.81,0.00
22.95,0.81,0.00
22.98,0.80,0.00
23.00,0.80,0.00
23.02,0.79,0.00
23.05,0.79,0.00
23.07,0.79,0.00
23.10,0.78,0.00
23.12,0.78,0.00
23.14,0.77,0.00
23.17,0.77,0.00
23.19,0.76,0.00
23.21,0.76,0.00
23.24,0.75,0.00
23.26,0.75,0.00
23.28,0.74,0.00
23.31,0.74,0.00
23.33,0.73,0.00
23.35,0.73,0.00
23.38,0.72,0.00
23.40,0.71,0.00
23.42,0.71,0.00
23.45,0.70,0.00
23.47,0.70,0.00
23.49,0.69,0.00
23.52,0.68,0.00
23.54,0.68,0.00
23.56,0.67,0.00
23.58,0.67,0.00
23.61,0.66,0.00
23.63,0.65,0.00
23.65,0.65,0.00
23.68,0.64,0.00
23.70,0.63,0.00
23.72,0.63,0.00
23.74,0.62,0.00
23.77,0.61,0.00
23.79,0.60,0.00
23.81,0.60,0.00
23.84,0.59,0.00
23.86,0.58,0.00
23.88,0.58,0.00
23.90,0.57,0.00
23.93,0.56,0.00
23.95,0.55,0.00
23.97,0.55,0.00
23.99,0.54,0.00
24.02,0.53,0.00
24.04,0.52,0.00
24.06,0.51,0.00
24.08,0.51,0.00
24.11,0.50,0.00
24.13,0.49,0.00
24.15,0.48,0.00
24.17,0.47,0.00
24.20,0.46,0.00
24.22,0.45,0.00
24.24,0.45,0.00
24.26,0.44,0.00
24.28,0.43,0.00
24.31,0.42,0.00
24.33,0.41,0.00
24.35,0.40,0.00
24.37,0.39,0.00
24.40,0.38,0.00
24.42,0.37,0.00
24.44,0.37,0.00
24.46,0.36,0.00
24.48,0.35,0.00
24.51,0.34,0.00
24.53,0.33,0.00
24.55,0.32,0.00
24.57,0.31,0.00
24.59,0.30,0.00
24.62,0.29,0.00
24.64,0.28,0.00
24.66,0.27,0.00
24.68,0.26,0.00
24.70,0.25,0.00
24.73,0.24,0.00
24.75,0.23,0.00
24.77,0.22,0.00
24.79,0.21,0.00
24.81,0.20,0.00
24.83,0.19,0.00
24.86,0.18,0.00
24.88,0.17,0.00
24.90,0.15,0.00
24.92,0.14,0.00
24.94,0.13,0.00
24.96,0.12,0.00
24.99,0.11,0.00
25.01,0.10,0.00
25.03,0.09,0.00
25.05,0.08,0.00
25.07,0.07,0.00
25.09,0.06,0.00
25.11,0.05,0.00
25.14,0.03,0.00
25.16,0.02,0.00
25.18,0.01,0.00
25.20,-0.00,0.00
25.22,-0.01,0.00
25.24,-0.02,0.00
25.26,-0.03,0.00
25.29,-0.05,0.00
25.31,-0.06,0.00
25.33,-0.07,0.00
25.35,-0.08,0.00
25.37,-0.09,0.00
25.39,-0.11,0.00
25.41,-0.12,0.00
25.43,-0.13,0.00
25.46,-0.14,0.00
25.48,-0.15,0.00
25.50,-0.17,0.00
25.52,-0.18,0.00
25.54,-0.19,0.00
25.56,-0.20,0.00
25.58,-0.21,0.00
25.60,-0.23,0.00
25.62,-0.24,0.00
25.65,-0.25,0.00
25.67,-0.26,0.00
25.69,-0.28,0.00
25.71,-0.29,0.00
25.73,-0.30,0.00
25.75,-0.31,0.00
25.77,-0.33,0.00
25.79,-0.34,0.00
25.81,-0.35,0.00
25.83,-0.37,0.00
25.85,-0.38,0.00
25.88,-0.39,0.00
25.90,-0.40,0.00
25.92,-0.42,0.00
25.94,-0.43,0.00
25.96,-0.44,0.00
25.98,-0.46,0.00
26.00,-0.47,0.00
26.02,-0.48,0.00
26.04,-0.50,0.00
26.06,-0.51,0.00
26.08,-0.52,0.00
26.10,-0.53,0.00
26.12,-0.55,0.00
26.15,-0.56,0.00
26.17,-0.57,0.00
26.19,-0.59,0.00
26.21,-0.60,0.00
26.23,-0.61,0.00
26.25,-0.63,0.00
26.27,-0.64,0.00
26.29,-0.66,0.00
26.31,-0.67,0.00
26.33,-0.68,0.00
26.35,-0.70,0.00
26.37,-0.71,0.00
26.39,-0.72,0.00
26.41,-0.74,0.00
26.43,-0.75,0.00
26.45,-0.76,0.00
26.47,-0.78,0.00
26.50,-0.79,0.00
26.52,-0.81,0.00
26.54,-0.82,0.00
26.56,-0.83,0.00
26.58,-0.85,0.00
26.60,-0.86,0.00
26.62,-0.87,0.00
26.64,-0.89,0.00
26.66,-0.90,0.00
26.68,-0.92,0.00
26.70,-0.93,0.00
26.72,-0.94,0.00
26.74,-0.96,0.00
26.76,-0.97,0.00
26.78,-0.99,0.00
26.80,-1.00,0.00
26.82,-1.01,0.00
26.84,-1.03,0.00
26.86,-1.04,0.00
26.88,-1.06,0.00
26.90,-1.07,0.00
26.92,-1.08,0.00
26.94,-1.10,0.00
26.96,-1.11,0.00
26.98,-1.13,0.00
27.00,-1.14,0.00
27.02,-1.15,0.00
27.04,-1.17,0.00
27.06,-1.18,0.00
27.08,-1.20,0.00
27.10,-1.21,0.00
27.12,-1.23,0.00
27.14,-1.24,0.00
27.16,-1.25,0.00
27.18,-1.27,0.00
27.20,-1.28,0.00
27.22,-1.30,0.00
27.24,-1.31,0.00
27.26,-1.32,0.00
27.28,-1.34,0.00
27.30,-1.35,0.00
27.32,-1.37,0.00
27.34,-1.38,0.00
27.36,-1.40,0.00
27.38,-1.41,0.00
27.40,-1.42,0.00
27.42,-1.44,0.00
27.44,-1.45,0.00
27.46,-1.47,0.00
27.48,-1.48,0.00
27.50,-1.49,0.00
27.52,-1.51,0.00
27.54,-1.52,0.00
27.56,-1.54,0.00
27.58,-1.55,0.00
27.60,-1.56,0.00
27.62,-1.58,0.00
27.64,-1.59,0.00
27.66,-1.61,0.00
27.68,-1.62,0.00
27.70,-1.63,0.00
27.72,-1.65,0.00
27.74,-1.66,0.00
27.76,-1.68,0.00
27.78,-1.69,0.00
27.80,-1.70,0.00
27.82,-1.72,0.00
27.84,-1.73,0.00
27.86,-1.75,0.00
27.88,-1.76,0.00
27.90,-1.77,0.00
27.92,-1.79,0.00
27.94,-1.80,0.00
27.96,-1.82,0.00
27.98,-1.83,0.00
28.00,-1.84,0.00
28.02,-1.86,0.00
28.04,-1.87,0.00
28.06,-1.88,0.00
28.08,-1.90,0.00
28.10,-1.91,0.00
28.12,-1.93,0.00
28.14,-1.94,0.00
28.16,-1.95,0.00
28.18,-1.97,0.00
28.20,-1.98,0.00
28.22,-1.99,0.00
28.24,-2.01,0.00
28.26,-2.02,0.00
28.28,-2.03,0.00
28.29,-2.05,0.00
28.31,-2.06,0.00
28.33,-2.07,0.00
28.35,-2.09,0.00
28.37,-2.10,0.00
28.39,-2.11,0.00
28.41,-2.13,0.00
28.43,-2.14,0.00
28.45,-2.15,0.00
28.47,-2.17,0.00
28.49,-2.18,0.00
28.51,-2.19,0.00
28.53,-2.20,0.00
28.55,-2.22,0.00
28.57,-2.23,0.00
28.59,-2.24,0.00
28.61,-2.26,0.00
28.63,-2.27,0.00
28.65,-2.28,0.00
28.67,-2.30,0.00
28.68,-2.31,0.00
28.70,-2.32,0.00
28.72,-2.33,0.00
28.74,-2.35,0.00
28.76,-2.36,0.00
28.78,-2.37,0.00
28.80,-2.38,0.00
28.82,-2.40,0.00
28.84,-2.41,0.00
28.86,-2.42,0.00
28.88,-2.43,0.00
28.90,-2.45,0.00
28.92,-2.46,0.00
28.94,-2.47,0.00
28.96,-2.48,0.00
28.98,-2.49,0.00
28.99,-2.51,0.00
29.01,-2.52,0.00
29.03,-2.53,0.00
29.05,-2.54,0.00
29.07,-2.55,0.00
29.09,-2.57,0.00
29.11,-2.58,0.00
29.13,-2.59,0.00
29.15,-2.60,0.00
29.17,-2.61,0.00
29.19,-2.62,0.00
29.21,-2.64,0.00
29.23,-2.65,0.00
29.24,-2.66,0.00
29.26,-2.67,0.00
29.28,-2.68,0.00
29.30,-2.69,0.00
29.32,-2.70,0.00
29.34,-2.71,0.00
29.36,-2.73,0.00
29.38,-2.74,0.00
29.40,-2.75,0.00
29.42,-2.76,0.00
29.44,-2.77,0.00
29.46,-2.78,0.00
29.48,-2.79,0.00
29.49,-2.80,0.00
29.51,-2.81,0.00
29.53,-2.82,0.00
29.55,-2.83,0.00
29.57,-2.84,0.00
29.59,-2.85,0.00
29.61,-2.86,0.00
29.63,-2.87,0.00
29.65,-2.88,0.00
29.67,-2.90,0.00
29.69,-2.91,0.00
29.70,-2.92,0.00
29.72,-2.93,0.00
29.74,-2.94,0.00
29.76,-2.95,0.00
29.78,-2.96,0.00
29.80,-2.96,0.00
29.82,-2.97,0.00
29.84,-2.98,0.00
29.86,-2.99,0.00
29.88,-3.00,0.00
29.89,-3.01,0.00
29.91,-3.02,0.00
29.93,-3.03,0.00
29.95,-3.04,0.00
29.97,-3.05,0.00
29.99,-3.06,0.00
30.01,-3.07,0.00
30.03,-3.08,0.00
30.05,-3.09,0.00
30.07,-3.09,0.00
30.08,-3.10,0.00
30.10,-3.11,0.00
30.12,-3.12,0.00
30.14,-3.13,0.00
30.16,-3.14,0.00
30.18,-3.15,0.00
30.20,-3.15,0.00
30.22,-3.16,0.00
30.24,-3.17,0.00
30.26,-3.18,0.00
30.27,-3.19,0.00
30.29,-3.20,0.00
30.31,-3.20,0.00
30.33,-3.21,0.00
30.35,-3.22,0.00
30.37,-3.23,0.00
30.39,-3.23,0.00
30.41,-3.24,0.00
30.43,-3.25,0.00
30.45,-3.26,0.00
30.46,-3.27,0.00
30.48,-3.27,0.00
30.50,-3.28,0.00
30.52,-3.29,0.00
30.54,-3.29,0.00
30.56,-3.30,0.00
30.58,-3.31,0.00
30.60,-3.31,0.00
30.62,-3.32,0.00
30.63,-3.33,0.00
30.65,-3.34,0.00
30.67,-3.34,0.00
30.69,-3.35,0.00
30.71,-3.35,0.00
30.73,-3.36,0.00
30.75,-3.37,0.00
30.77,-3.37,0.00
30.79,-3.38,0.00
30.80,-3.39,0.00
30.82,-3.39,0.00
30.84,-3.40,0.00
30.86,-3.40,0.00
30.88,-3.41,0.00
30.90,-3.42,0.00
30.92,-3.42,0.00
30.94,-3.43,0.00
30.96,-3.43,0.00
30.98,-3.44,0.00
30.99,-3.44,0.00
31.01,-3.45,0.00
31.03,-3.45,0.00
31.05,-3.46,0.00
31.07,-3.46,0.00
31.09,-3.47,0.00
31.11,-3.47,0.00
31.13,-3.48,0.00
31.15,-3.48,0.00
31.17,-3.49,0.00
31.18,-3.49,0.00
31.20,-3.50,0.00
31.22,-3.50,0.00
31.24,-3.51,0.00
31.26,-3.51,0.00
31.28,-3.51,0.00
31.30,-3.52,0.00
31.32,-3.52,0.00
31.34,-3.53,0.00
31.36,-3.53,0.00
31.38,-3.53,0.00
31.39,-3.54,0.00
31.41,-3.54,0.00
31.43,-3.54,0.00
31.45,-3.55,0.00
31.47,-3.55,0.00
31.49,-3.55,0.00
31.51,-3.56,0.00
31.53,-3.56,0.00
31.55,-3.56,0.00
31.57,-3.57,0.00
31.59,-3.57,0.00
31.61,-3.57,0.00
31.62,-3.57,0.00
31.64,-3.58,0.00
31.66,-3.58,0.00
31.68,-3.58,0.00
31.70,-3.58,0.00
31.72,-3.59,0.00
31.74,-3.59,0.00
31.76,-3.59,0.00
31.78,-3.59,0.00
31.80,-3.60,0.00
31.82,-3.60,0.00
31.84,-3.60,0.00
31.86,-3.60,0.00
31.88,-3.60,0.00
31.90,-3.60,0.00
31.91,-3.60,0.00
31.93,-3.61,0.00
31.95,-3.61,0.00
31.97,-3.61,0.00
31.99,-3.61,0.00
32.01,-3.61,0.00
32.03,-3.61,0.00
32.05,-3.61,0.00
32.07,-3.61,0.00
32.09,-3.61,0.00
32.11,-3.61,0.00
32.13,-3.62,0.00
32.15,-3.62,0.00
32.17,-3.62,0.00
32.19,-3.62,0.00
32.21,-3.62,0.00
32.23,-3.62,0.00
32.25,-3.62,0.00
32.27,-3.62,0.00
32.29,-3.62,0.00
32.31,-3.62,0.00
32.33,-3.62,0.00
32.35,-3.61,0.00
32.37,-3.61,0.00
32.38,-3.61,0.00
32.40,-3.61,0.00
32.42,-3.61,0.00
32.44,-3.61,0.00
32.46,-3.61,0.00
32.48,-3.61,0.00
32.50,-3.61,0.00
32.52,-3.61,0.00
32.54,-3.60,0.00
32.56,-3.60,0.00
32.58,-3.60,0.00
32.60,-3.60,0.00
32.62,-3.60,0.00
32.64,-3.60,0.00
32.66,-3.59,0.00
32.68,-3.59,0.00
32.70,-3.59,0.00
32.72,-3.59,0.00
32.74,-3.59,0.00
32.76,-3.58,0.00
32.78,-3.58,0.00
32.80,-3.58,0.00
32.82,-3.58,0.00
32.84,-3.57,0.00
32.86,-3.57,0.00
32.88,-3.57,0.00
32.90,-3.57,0.00
32.92,-3.56,0.00
32.94,-3.56,0.00
32.96,-3.56,0.00
32.98,-3.55,0.00
33.00,-3.55,0.00
33.02,-3.55,0.00
33.04,-3.54,0.00
33.06,-3.54,0.00
33.08,-3.53,0.00
33.10,-3.53,0.00
33.12,-3.53,0.00
33.14,-3.52,0.00
33.16,-3.52,0.00
33.19,-3.51,0.00
33.21,-3.51,0.00
33.23,-3.51,0.00
33.25,-3.50,0.00
33.27,-3.50,0.00
33.29,-3.49,0.00
33.31,-3.49,0.00
33.33,-3.48,0.00
33.35,-3.48,0.00
33.37,-3.47,0.00
33.39,-3.47,0.00
33.41,-3.46,0.00
33.43,-3.46,0.00
33.45,-3.45,0.00
33.47,-3.45,0.00
33.49,-3.44,0.00
33.51,-3.44,0.00
33.53,-3.43,0.00
33.55,-3.43,0.00
33.57,-3.42,0.00
33.59,-3.41,0.00
33.61,-3.41,0.00
33.63,-3.40,0.00
33.65,-3.40,0.00
33.67,-3.39,0.00
33.69,-3.38,0.00
33.71,-3.38,0.00
33.74,-3.37,0.00
33.76,-3.36,0.00
33.78,-3.36,0.00
33.80,-3.35,0.00
33.82,-3.34,0.00
33.84,-3.34,0.00
33.86,-3.33,0.00
33.88,-3.32,0.00
33.90,-3.32,0.00
33.92,-3.31,0.00
33.94,-3.30,0.00
33.96,-3.29,0.00
33.98,-3.29,0.00
34.00,-3.28,0.00
34.02,-3.27,0.00
34.04,-3.26,0.00
34.06,-3.26,0.00
34.08,-3.25,0.00
34.11,-3.24,0.00
34.13,-3.23,0.00
34.15,-3.22,0.00
34.17,-3.22,0.00
34.19,-3.21,0.00
34.21,-3.20,0.00
34.23,-3.19,0.00
34.25,-3.18,0.00
34.27,-3.17,0.00
34.29,-3.17,0.00
34.31,-3.16,0.00
34.33,-3.15,0.00
34.35,-3.14,0.00
34.37,-3.13,0.00
34.39,-3.12,0.00
34.41,-3.11,0.00
34.44,-3.10,0.00
34.46,-3.10,0.00
34.48,-3.09,0.00
34.50,-3.08,0.00
34.52,-3.07,0.00
34.54,-3.06,0.00
34.56,-3.05,0.00
34.58,-3.04,0.00
34.60,-3.03,0.00
34.62,-3.02,0.00
34.64,-3.01,0.00
34.66,-3.00,0.00
34.68,-2.99,0.00
34.70,-2.98,0.00
34.72,-2.97,0.00
34.75,-2.96,0.00
34.77,-2.95,0.00
34.79,-2.94,0.00
34.81,-2.93,0.00
34.83,-2.92,0.00
34.85,-2.91,0.00
34.87,-2.90,0.00
34.89,-2.89,0.00
34.91,-2.88,0.00
34.93,-2.87,0.00
34.95,-2.86,0.00
34.97,-2.85,0.00
34.99,-2.84,0.00
35.01,-2.83,0.00
35.04,-2.81,0.00
35.06,-2.80,0.00
35.08,-2.79,0.00
35.10,-2.78,0.00
35.12,-2.77,0.00
35.14,-2.76,0.00
35.16,-2.75,0.00
35.18,-2.74,0.00
35.20,-2.73,0.00
35.22,-2.71,0.00
35.24,-2.70,0.00
35.26,-2.69,0.00
35.28,-2.68,0.00
35.30,-2.67,0.00
35.33,-2.66,0.00
35.35,-2.64,0.00
35.37,-2.63,0.00
35.39,-2.62,0.00
35.41,-2.61,0.00
35.43,-2.60,0.00
35.45,-2.58,0.00
35.47,-2.57,0.00
35.49,-2.56,0.00
35.51,-2.55,0.00
35.53,-2.54,0.00
35.55,-2.52,0.00
35.57,-2.51,0.00
35.59,-2.50,0.00
35.61,-2.49,0.00
35.64,-2.47,0.00
35.66,-2.46,0.00
35.68,-2.45,0.00
35.70,-2.44,0.00
35.72,-2.42,0.00
35.74,-2.41,0.00
35.76,-2.40,0.00
35.78,-2.39,0.00
35.80,-2.37,0.00
35.82,-2.36,0.00
35.84,-2.35,0.00
35.86,-2.33,0.00
35.88,-2.32,0.00
35.90,-2.31,0.00
35.92,-2.30,0.00
35.94,-2.28,0.00
35.96,-2.27,0.00
35.99,-2.26,0.00
36.01,-2.24,0.00
36.03,-2.23,0.00
36.05,-2.22,0.00
36.07,-2.20,0.00
36.09,-2.19,0.00
36.11,-2.18,0.00
36.13,-2.16,0.00
36.15,-2.15,0.00
36.17,-2.14,0.00
36.19,-2.12,0.00
36.21,-2.11,0.00
36.23,-2.09,0.00
36.25,-2.08,0.00
36.27,-2.07,0.00
36.29,-2.05,0.00
36.31,-2.04,0.00
36.33,-2.03,0.00
36.35,-2.01,0.00
36.37,-2.00,0.00
36.40,-1.98,0.00
36.42,-1.97,0.00
36.44,-1.96,0.00
36.46,-1.94,0.00
36.48,-1.93,0.00
36.50,-1.91,0.00
36.52,-1.90,0.00
36.54,-1.89,0.00
36.56,-1.87,0.00
36.58,-1.86,0.00
36.60,-1.84,0.00
36.62,-1.83,0.00
36.64,-1.82,0.00
36.66,-1.80,0.00
36.68,-1.79,0.00
36.70,-1.77,0.00
36.72,-1.76,0.00
36.74,-1.75,0.00
36.76,-1.73,0.00
36.78,-1.72,0.00
36.80,-1.70,0.00
36.82,-1.69,0.00
36.84,-1.67,0.00
36.86,-1.66,0.00
36.89,-1.65,0.00
36.91,-1.63,0.00
36.93,-1.62,0.00
36.95,-1.60,0.00
36.97,-1.59,0.00
36.99,-1.57,0.00
37.01,-1.56,0.00
37.03,-1.54,0.00
37.05,-1.53,0.00
37.07,-1.52,0.00
37.09,-1.50,0.00
37.11,-1.49,0.00
37.13,-1.47,0.00
37.15,-1.46,0.00
37.17,-1.44,0.00
37.19,-1.43,0.00
37.21,-1.41,0.00
37.23,-1.40,0.00
37.25,-1.39,0.00
37.27,-1.37,0.00
37.29,-1.36,0.00
37.31,-1.34,0.00
37.33,-1.33,0.00
37.35,-1.31,0.00
37.37,-1.30,0.00
37.39,-1.28,0.00
37.42,-1.27,0.00
37.44,-1.26,0.00
37.46,-1.24,0.00
37.48,-1.23,0.00
37.50,-1.21,0.00
37.52,-1.20,0.00
37.54,-1.18,0.00
37.56,-1.17,0.00
37.58,-1.15,0.00
37.60,-1.14,0.00
37.62,-1.13,0.00
37.64,-1.11,0.00
37.66,-1.10,0.00
37.68,-1.08,0.00
37.70,-1.07,0.00
37.72,-1.05,0.00
37.74,-1.04,0.00
37.76,-1.03,0.00
37.78,-1.01,0.00
37.80,-1.00,0.00
37.82,-0.98,0.00
37.84,-0.97,0.00
37.86,-0.95,0.00
37.88,-0.94,0.00
37.91,-0.93,0.00
37.93,-0.91,0.00
37.95,-0.90,0.00
37.97,-0.88,0.00
37.99,-0.87,0.00
38.01,-0.85,0.00
38.03,-0.84,0.00
38.05,-0.83,0.00
38.07,-0.81,0.00
38.09,-0.80,0.00
38.11,-0.78,0.00
38.13,-0.77,0.00
38.15,-0.76,0.00
38.17,-0.74,0.00
38.19,-0.73,0.00
38.21,-0.71,0.00
38.23,-0.70,0.00
38.25,-0.69,0.00
38.27,-0.67,0.00
38.29,-0.66,0.00
38.32,-0.65,0.00
38.34,-0.63,0.00
38.36,-0.62,0.00
38.38,-0.60,0.00
38.40,-0.59,0.00
38.42,-0.58,0.00
38.44,-0.56,0.00
38.46,-0.55,0.00
38.48,-0.54,0.00
38.50,-0.52,0.00
38.52,-0.51,0.00
38.54,-0.50,0.00
38.56,-0.48,0.00
38.58,-0.47,0.00
38.60,-0.45,0.00
38.63,-0.44,0.00
38.65,-0.43,0.00
38.67,-0.42,0.00
38.69,-0.40,0.00
38.71,-0.39,0.00
38.73,-0.38,0.00
38.75,-0.36,0.00
38.77,-0.35,0.00
38.79,-0.34,0.00
38.81,-0.32,0.00
38.83,-0.31,0.00
38.85,-0.30,0.00
38.88,-0.28,0.00
38.90,-0.27,0.00
38.92,-0.26,0.00
38.94,-0.25,0.00
38.96,-0.23,0.00
38.98,-0.22,0.00
39.00,-0.21,0.00
39.02,-0.19,0.00
39.04,-0.18,0.00
39.06,-0.17,0.00
39.08,-0.16,0.00
39.11,-0.14,0.00
39.13,-0.13,0.00
39.15,-0.12,0.00
39.17,-0.11,0.00
39.19,-0.10,0.00
39.21,-0.08,0.00
39.23,-0.07,0.00
39.25,-0.06,0.00
39.28,-0.05,0.00
39.30,-0.03,0.00
39.32,-0.02,0.00
39.34,-0.01,0.00
39.36,0.00,0.00
39.38,0.01,0.00
39.40,0.02,0.00
39.42,0.04,0.00
39.45,0.05,0.00
39.47,0.06,0.00
39.49,0.07,0.00
39.51,0.08,0.00
39.53,0.09,0.00
39.55,0.11,0.00
39.58,0.12,0.00
39.60,0.13,0.00
39.62,0.14,0.00
39.64,0.15,0.00
39.66,0.16,0.00
39.68,0.17,0.00
39.70,0.18,0.00
39.73,0.19,0.00
39.75,0.21,0.00
39.77,0.22,0.00
39.79,0.23,0.00
39.81,0.24,0.00
39.84,0.25,0.00
39.86,0.26,0.00
39.88,0.27,0.00
39.90,0.28,0.00
39.92,0.29,0.00
39.95,0.30,0.00
39.97,0.31,0.00
39.99,0.32,0.00
40.01,0.33,0.00
40.03,0.34,0.00
40.06,0.35,0.00
40.08,0.36,0.00
40.10,0.37,0.00
40.12,0.38,0.00
40.15,0.39,0.00
40.17,0.40,0.00
40.19,0.41,0.00
40.21,0.42,0.00
40.23,0.43,0.00
40.26,0.44,0.00
40.28,0.45,0.00
40.30,0.46,0.00
40.32,0.47,0.00
40.35,0.48,0.00
40.37,0.48,0.00
40.39,0.49,0.00
40.42,0.50,0.00
40.44,0.51,0.00
40.46,0.52,0.00
40.48,0.53,0.00
40.51,0.54,0.00
40.53,0.55,0.00
40.55,0.55,0.00
40.57,0.56,0.00
40.60,0.57,0.00
40.62,0.58,0.00
40.64,0.59,0.00
40.67,0.59,0.00
40.69,0.60,0.00
40.71,0.61,0.00
40.74,0.62,0.00
40.76,0.63,0.00
40.78,0.63,0.00
40.81,0.64,0.00
40.83,0.65,0.00
40.85,0.66,0.00
40.88,0.66,0.00
40.90,0.67,0.00
40.92,0.68,0.00
40.95,0.68,0.00
40.97,0.69,0.00
40.99,0.70,0.00
41.02,0.71,0.00
41.04,0.71,0.00
41.06,0.72,0.00
41.09,0.73,0.00
41.11,0.73,0.00
41.14,0.74,0.00
41.16,0.74,0.00
41.18,0.75,0.00
41.21,0.76,0.00
41.23,0.76,0.00
41.26,0.77,0.00
41.28,0.77,0.00
41.30,0.78,0.00
41.33,0.79,0.00
41.35,0.79,0.00
41.38,0.80,0.00
41.40,0.80,0.00
41.42,0.81,0.00
41.45,0.81,0.00
41.47,0.82,0.00
41.50,0.82,0.00
41.52,0.83,0.00
41.55,0.83,0.00
41.57,0.84,0.00
41.59,0.84,0.00
41.62,0.84,0.00
41.64,0.85,0.00
41.67,0.85,0.00
41.69,0.86,0.00
41.72,0.86,0.00
41.74,0.87,0.00
41.77,0.87,0.00
41.79,0.87,0.00
41.82,0.88,0.00
41.84,0.88,0.00
41.87,0.88,0.00
41.89,0.89,0.00
41.91,0.89,0.00
41.94,0.89,0.00
41.96,0.90,0.00
41.99,0.90,0.00
42.01,0.90,0.00
42.04,0.90,0.00
42.06,0.91,0.00
42.09,0.91,0.00
42.11,0.91,0.00
42.14,0.91,0.00
42.16,0.92,0.00
42.19,0.92,0.00
42.21,0.92,0.00
42.24,0.92,0.00
42.26,0.92,0.00
42.29,0.93,0.00
42.31,0.93,0.00
42.34,0.93,0.00
42.37,0.93,0.00
42.39,0.93,0.00
42.42,0.93,0.00
42.44,0.93,0.00
42.47,0.93,0.00
42.49,0.93,0.00
42.52,0.93,0.00
42.54,0.94,0.00
42.57,0.94,0.00
42.59,0.94,0.00
42.62,0.94,0.00
42.64,0.94,0.00
42.67,0.94,0.00
42.69,0.94,0.00
42.72,0.94,0.00
42.75,0.94,0.00
42.77,0.94,0.00
42.80,0.94,0.00
42.82,0.93,0.00
42.85,0.93,0.00
42.87,0.93,0.00
42.90,0.93,0.00
42.92,0.93,0.00
42.95,0.93,0.00
42.97,0.93,0.00
43.00,0.93,0.00
43.02,0.93,0.00
43.05,0.92,0.00
43.08,0.92,0.00
43.10,0.92,0.00
43.13,0.92,0.00
43.15,0.92,0.00
43.18,0.92,0.00
43.20,0.91,0.00
43.23,0.91,0.00
43.25,0.91,0.00
43.28,0.91,0.00
43.30,0.90,0.00
43.33,0.90,0.00
43.36,0.90,0.00
43.38,0.90,0.00
43.41,0.89,0.00
43.43,0.89,0.00
43.46,0.89,0.00
43.48,0.88,0.00
43.51,0.88,0.00
43.53,0.88,0.00
43.56,0.87,0.00
43.58,0.87,0.00
43.61,0.87,0.00
43.64,0.86,0.00
43.66,0.86,0.00
43.69,0.85,0.00
43.71,0.85,0.00
43.74,0.85,0.00
43.76,0.84,0.00
43.79,0.84,0.00
43.81,0.83,0.00
43.84,0.83,0.00
43.86,0.82,0.00
43.89,0.82,0.00
43.91,0.81,0.00
43.94,0.81,0.00
43.96,0.80,0.00
43.99,0.80,0.00
44.02,0.79,0.00
44.04,0.79,0.00
44.07,0.78,0.00
44.09,0.78,0.00
44.12,0.77,0.00
44.14,0.77,0.00
44.17,0.76,0.00
44.19,0.76,0.00
44.22,0.75,0.00
44.24,0.74,0.00
44.27,0.74,0.00
44.29,0.73,0.00
44.32,0.72,0.00
44.34,0.72,0.00
44.37,0.71,0.00
44.39,0.71,0.00
44.42,0.70,0.00
44.44,0.69,0.00
44.47,0.69,0.00
44.49,0.68,0.00
44.52,0.67,0.00
44.54,0.67,0.00
44.57,0.66,0.00
44.59,0.65,0.00
44.62,0.64,0.00
44.64,0.64,0.00
44.67,0.63,0.00
44.69,0.62,0.00
44.72,0.61,0.00
44.74,0.61,0.00
44.77,0.60,0.00
44.79,0.59,0.00
44.81,0.58,0.00
44.84,0.58,0.00
44.86,0.57,0.00
44.89,0.56,0.00
44.91,0.55,0.00
44.94,0.54,0.00
44.96,0.54,0.00
44.99,0.53,0.00
45.01,0.52,0.00
45.04,0.51,0.00
45.06,0.50,0.00
45.09,0.49,0.00
45.11,0.49,0.00
45.13,0.48,0.00
45.16,0.47,0.00
45.18,0.46,0.00
45.21,0.45,0.00
45.23,0.44,0.00
45.26,0.43,0.00
45.28,0.42,0.00
45.31,0.42,0.00
45.33,0.41,0.00
45.35,0.40,0.00
45.38,0.39,0.00
45.40,0.38,0.00
45.43,0.37,0.00
45.45,0.36,0.00
45.47,0.35,0.00
45.50,0.34,0.00
45.52,0.33,0.00
45.55,0.32,0.00
45.57,0.31,0.00
45.60,0.30,0.00
45.62,0.29,0.00
45.64,0.28,0.00
45.67,0.27,0.00
45.69,0.26,0.00
45.72,0.25,0.00
45.74,0.24,0.00
45.76,0.23,0.00
45.79,0.22,0.00
45.81,0.21,0.00
45.84,0.20,0.00
45.86,0.19,0.00
45.88,0.18,0.00
45.91,0.17,0.00
45.93,0.16,0.00
45.95,0.15,0.00
45.98,0.14,0.00
46.00,0.13,0.00
46.03,0.12,0.00
46.05,0.11,0.00
46.07,0.10,0.00
46.10,0.09,0.00
46.12,0.08,0.00
46.14,0.06,0.00
46.17,0.05,0.00
46.19,0.04,0.00
46.21,0.03,0.00
46.24,0.02,0.00
46.26,0.01,0.00
46.28,-0.00,0.00
46.31,-0.01,0.00
46.33,-0.02,0.00
46.35,-0.03,0.00
46.38,-0.05,0.00
46.40,-0.06,0.00
46.42,-0.07,0.00
46.45,-0.08,0.00
46.47,-0.09,0.00
46.49,-0.10,0.00
46.52,-0.11,0.00
46.54,-0.13,0.00
46.56,-0.14,0.00
46.59,-0.15,0.00
46.61,-0.16,0.00
46.63,-0.17,0.00
46.66,-0.18,0.00
46.68,-0.19,0.00
46.70,-0.21,0.00
46.73,-0.22,0.00
46.75,-0.23,0.00
46.77,-0.24,0.00
46.79,-0.25,0.00
46.82,-0.26,0.00
46.84,-0.28,0.00
46.86,-0.29,0.00
46.89,-0.30,0.00
46.91,-0.31,0.00
46.93,-0.32,0.00
46.95,-0.34,0.00
46.98,-0.35,0.00
47.00,-0.36,0.00
47.02,-0.37,0.00
47.05,-0.38,0.00
47.07,-0.40,0.00
47.09,-0.41,0.00
47.11,-0.42,0.00
47.14,-0.43,0.00
47.16,-0.44,0.00
47.18,-0.46,0.00
47.20,-0.47,0.00
47.23,-0.48,0.00
47.25,-0.49,0.00
47.27,-0.50,0.00
47.29,-0.52,0.00
47.32,-0.53,0.00
47.34,-0.54,0.00
47.36,-0.55,0.00
47.38,-0.57,0.00
47.40,-0.58,0.00
47.43,-0.59,0.00
47.45,-0.60,0.00
47.47,-0.61,0.00
47.49,-0.63,0.00
47.52,-0.64,0.00
47.54,-0.65,0.00
47.56,-0.66,0.00
47.58,-0.68,0.00
47.60,-0.69,0.00
47.63,-0.70,0.00
47.65,-0.71,0.00
47.67,-0.72,0.00
47.69,-0.74,0.00
47.71,-0.75,0.00
47.74,-0.76,0.00
47.76,-0.77,0.00
47.78,-0.79,0.00
47.80,-0.80,0.00
47.82,-0.81,0.00
47.85,-0.82,0.00
47.87,-0.83,0.00
47.89,-0.85,0.00
47.91,-0.86,0.00
47.93,-0.87,0.00
47.95,-0.88,0.00
47.98,-0.90,0.00
48.00,-0.91,0.00
48.02,-0.92,0.00
48.04,-0.93,0.00
48.06,-0.95,0.00
48.08,-0.96,0.00
48.10,-0.97,0.00
48.13,-0.98,0.00
48.15,-0.99,0.00
48.17,-1.01,0.00
48.19,-1.02,0.00
48.21,-1.03,0.00
48.23,-1.04,0.00
48.25,-1.05,0.00
48.28,-1.07,0.00
48.30,-1.08,0.00
48.32,-1.09,0.00
48.34,-1.10,0.00
48.36,-1.11,0.00
48.38,-1.13,0.00
48.40,-1.14,0.00
48.42,-1.15,0.00
48.44,-1.16,0.00
48.47,-1.18,0.00
48.49,-1.19,0.00
48.51,-1.20,0.00
48.53,-1.21,0.00
48.55,-1.22,0.00
48.57,-1.23,0.00
48.59,-1.25,0.00
48.61,-1.26,0.00
48.63,-1.27,0.00
48.65,-1.28,0.00
48.67,-1.29,0.00
48.69,-1.31,0.00
48.72,-1.32,0.00
48.74,-1.33,0.00
48.76,-1.34,0.00
48.78,-1.35,0.00
48.80,-1.36,0.00
48.82,-1.38,0.00
48.84,-1.39,0.00
48.86,-1.40,0.00
48.88,-1.41,0.00
48.90,-1.42,0.00
48.92,-1.43,0.00
48.94,-1.44,0.00
48.96,-1.46,0.00
48.98,-1.47,0.00
49.00,-1.48,0.00
49.02,-1.49,0.00
49.04,-1.50,0.00
49.06,-1.51,0.00
49.08,-1.52,0.00
49.10,-1.53,0.00
49.12,-1.55,0.00
49.14,-1.56,0.00
49.16,-1.57,0.00
49.18,-1.58,0.00
49.20,-1.59,0.00
49.22,-1.60,0.00
49.24,-1.61,0.00
49.26,-1.62,0.00
49.28,-1.63,0.00
49.30,-1.64,0.00
49.32,-1.66,0.00
49.34,-1.67,0.00
49.36,-1.68,0.00
49.38,-1.69,0.00
49.40,-1.70,0.00
49.42,-1.71,0.00
49.44,-1.72,0.00
49.46,-1.73,0.00
49.48,-1.74,0.00
49.50,-1.75,0.00
49.52,-1.76,0.00
49.54,-1.77,0.00
49.56,-1.78,0.00
49.57,-1.79,0.00
49.59,-1.80,0.00
49.61,-1.81,0.00
49.63,-1.82,0.00
49.65,-1.83,0.00
49.67,-1.84,0.00
49.69,-1.85,0.00
49.71,-1.86,0.00
49.73,-1.87,0.00
49.75,-1.88,0.00
49.77,-1.89,0.00
49.79,-1.90,0.00
49.80,-1.91,0.00
49.82,-1.92,0.00
49.84,-1.93,0.00
49.86,-1.94,0.00
49.88,-1.95,0.00
49.90,-1.96,0.00
49.92,-1.97,0.00
49.94,-1.98,0.00
49.96,-1.98,0.00
49.97,-1.99,0.00
49.99,-2.00,0.00
50.01,-2.01,0.00
50.03,-2.02,0.00
50.05,-2.03,0.00
50.07,-2.04,0.00
50.09,-2.05,0.00
50.10,-2.05,0.00
50.12,-2.06,0.00
50.14,-2.07,0.00
50.16,-2.08,0.00
50.18,-2.09,0.00
50.20,-2.10,0.00
50.22,-2.11,0.00
50.23,-2.11,0.00
50.25,-2.12,0.00
50.27,-2.13,0.00
50.29,-2.14,0.00
50.31,-2.15,0.00
50.32,-2.15,0.00
50.34,-2.16,0.00
50.36,-2.17,0.00
50.38,-2.18,0.00
50.40,-2.18,0.00
50.41,-2.19,0.00
50.43,-2.20,0.00
50.45,-2.21,0.00
50.47,-2.21,0.00
50.49,-2.22,0.00
50.50,-2.23,0.00
50.52,-2.24,0.00
50.54,-2.24,0.00
50.56,-2.25,0.00
50.57,-2.26,0.00
50.59,-2.26,0.00
50.61,-2.27,0.00
50.63,-2.28,0.00
50.64,-2.28,0.00
50.66,-2.29,0.00
50.68,-2.30,0.00
50.70,-2.30,0.00
50.71,-2.31,0.00
50.73,-2.31,0.00
50.75,-2.32,0.00
50.77,-2.33,0.00
50.78,-2.33,0.00
50.80,-2.34,0.00
50.82,-2.35,0.00
50.84,-2.35,0.00
50.85,-2.36,0.00
50.87,-2.36,0.00
50.89,-2.37,0.00
50.90,-2.37,0.00
50.92,-2.38,0.00
50.94,-2.38,0.00
50.95,-2.39,0.00
50.97,-2.40,0.00
50.99,-2.40,0.00
51.00,-2.41,0.00
51.02,-2.41,0.00
51.04,-2.42,0.00
51.05,-2.42,0.00
51.07,-2.43,0.00
51.09,-2.43,0.00
51.10,-2.44,0.00
51.12,-2.44,0.00
51.14,-2.44,0.00
51.15,-2.45,0.00
51.17,-2.45,0.00
51.19,-2.46,0.00
51.20,-2.46,0.00
51.22,-2.47,0.00
51.24,-2.47,0.00
51.25,-2.47,0.00
51.27,-2.48,0.00
51.29,-2.48,0.00
51.30,-2.49,0.00
51.32,-2.49,0.00
51.33,-2.49,0.00
51.35,-2.50,0.00
51.37,-2.50,0.00
51.38,-2.51,0.00
51.40,-2.51,0.00
51.41,-2.51,0.00
51.43,-2.52,0.00
51.45,-2.52,0.00
51.46,-2.52,0.00
51.48,-2.53,0.00
51.49,-2.53,0.00
51.51,-2.53,0.00
51.52,-2.53,0.00
51.54,-2.54,0.00
51.56,-2.54,0.00
51.57,-2.54,0.00
51.59,-2.55,0.00
51.60,-2.55,0.00
51.62,-2.55,0.00
51.63,-2.55,0.00
51.65,-2.56,0.00
51.67,-2.56,0.00
51.68,-2.56,0.00
51.70,-2.56,0.00
51.71,-2.56,0.00
51.73,-2.57,0.00
51.74,-2.57,0.00
51.76,-2.57,0.00
51.77,-2.57,0.00
51.79,-2.57,0.00
51.80,-2.58,0.00
51.82,-2.58,0.00
51.83,-2.58,0.00
51.85,-2.58,0.00
51.86,-2.58,0.00
51.88,-2.58,0.00
51.90,-2.59,0.00
51.91,-2.59,0.00
51.93,-2.59,0.00
51.94,-2.59,0.00
51.96,-2.59,0.00
51.97,-2.59,0.00
51.99,-2.59,0.00
52.00,-2.59,0.00
52.02,-2.59,0.00
52.03,-2.60,0.00
52.05,-2.60,0.00
52.06,-2.60,0.00
52.08,-2.60,0.00
52.09,-2.60,0.00
52.11,-2.60,0.00
52.12,-2.60,0.00
52.14,-2.60,0.00
52.15,-2.60,0.00
52.17,-2.60,0.00
52.18,-2.60,0.00
52.20,-2.60,0.00
52.21,-2.60,0.00
52.23,-2.60,0.00
52.24,-2.60,0.00
52.26,-2.60,0.00
52.27,-2.60,0.00
52.29,-2.60,0.00
52.30,-2.60,0.00
52.32,-2.60,0.00
52.33,-2.60,0.00
52.35,-2.60,0.00
52.36,-2.60,0.00
52.38,-2.60,0.00
52.39,-2.60,0.00
52.41,-2.60,0.00
52.42,-2.60,0.00
52.44,-2.60,0.00
52.45,-2.60,0.00
52.47,-2.60,0.00
52.48,-2.59,0.00
52.50,-2.59,0.00
52.51,-2.59,0.00
52.53,-2.59,0.00
52.54,-2.59,0.00
52.56,-2.59,0.00
52.57,-2.59,0.00
52.59,-2.59,0.00
52.60,-2.59,0.00
52.62,-2.58,0.00
52.63,-2.58,0.00
52.65,-2.58,0.00
52.66,-2.58,0.00
52.68,-2.58,0.00
52.69,-2.58,0.00
52.71,-2.58,0.00
52.72,-2.57,0.00
52.74,-2.57,0.00
52.75,-2.57,0.00
52.77,-2.57,0.00
52.78,-2.57,0.00
52.80,-2.56,0.00
52.82,-2.56,0.00
52.83,-2.56,0.00
52.85,-2.56,0.00
52.86,-2.56,0.00
52.88,-2.55,0.00
52.89,-2.55,0.00
52.91,-2.55,0.00
52.92,-2.55,0.00
52.94,-2.54,0.00
52.96,-2.54,0.00
52.97,-2.54,0.00
52.99,-2.53,0.00
53.00,-2.53,0.00
53.02,-2.53,0.00
53.04,-2.53,0.00
53.05,-2.52,0.00
53.07,-2.52,0.00
53.08,-2.52,0.00
53.10,-2.51,0.00
53.12,-2.51,0.00
53.13,-2.51,0.00
53.15,-2.50,0.00
53.16,-2.50,0.00
53.18,-2.50,0.00
53.20,-2.49,0.00
53.21,-2.49,0.00
53.23,-2.49,0.00
53.24,-2.48,0.00
53.26,-2.48,0.00
53.28,-2.47,0.00
53.29,-2.47,0.00
53.31,-2.47,0.00
53.33,-2.46,0.00
53.34,-2.46,0.00
53.36,-2.45,0.00
53.38,-2.45,0.00
53.39,-2.45,0.00
53.41,-2.44,0.00
53.43,-2.44,0.00
53.44,-2.43,0.00
53.46,-2.43,0.00
53.48,-2.42,0.00
53.49,-2.42,0.00
53.51,-2.41,0.00
53.53,-2.41,0.00
53.55,-2.40,0.00
53.56,-2.40,0.00
53.58,-2.39,0.00
53.60,-2.39,0.00
53.61,-2.38,0.00
53.63,-2.38,0.00
53.65,-2.37,0.00
53.67,-2.37,0.00
53.68,-2.36,0.00
53.70,-2.36,0.00
53.72,-2.35,0.00
53.74,-2.35,0.00
53.75,-2.34,0.00
53.77,-2.33,0.00
53.79,-2.33,0.00
53.81,-2.32,0.00
53.82,-2.32,0.00
53.84,-2.31,0.00
53.86,-2.30,0.00
53.88,-2.30,0.00
53.90,-2.29,0.00
53.91,-2.29,0.00
53.93,-2.28,0.00
53.95,-2.27,0.00
53.97,-2.27,0.00
53.99,-2.26,0.00
54.00,-2.25,0.00
54.02,-2.25,0.00
54.04,-2.24,0.00
54.06,-2.23,0.00
54.08,-2.23,0.00
54.09,-2.22,0.00
54.11,-2.21,0.00
54.13,-2.21,0.00
54.15,-2.20,0.00
54.17,-2.19,0.00
54.19,-2.18,0.00
54.21,-2.18,0.00
54.22,-2.17,0.00
54.24,-2.16,0.00
54.26,-2.15,0.00
54.28,-2.15,0.00
54.30,-2.14,0.00
54.32,-2.13,0.00
54.34,-2.12,0.00
54.35,-2.12,0.00
54.37,-2.11,0.00
54.39,-2.10,0.00
54.41,-2.09,0.00
54.43,-2.08,0.00
54.45,-2.08,0.00
54.47,-2.07,0.00
54.49,-2.06,0.00
54.51,-2.05,0.00
54.53,-2.04,0.00
54.54,-2.03,0.00
54.56,-2.03,0.00
54.58,-2.02,0.00
54.60,-2.01,0.00
54.62,-2.00,0.00
54.64,-1.99,0.00
54.66,-1.98,0.00
54.68,-1.97,0.00
54.70,-1.96,0.00
54.72,-1.96,0.00
54.74,-1.95,0.00
54.76,-1.94,0.00
54.78,-1.93,0.00
54.80,-1.92,0.00
54.82,-1.91,0.00
54.84,-1.90,0.00
54.86,-1.89,0.00
54.87,-1.88,0.00
54.89,-1.87,0.00
54.91,-1.86,0.00
54.93,-1.85,0.00
54.95,-1.84,0.00
54.97,-1.84,0.00
54.99,-1.83,0.00
55.01,-1.82,0.00
55.03,-1.81,0.00
55.05,-1.80,0.00
55.07,-1.79,0.00
55.09,-1.78,0.00
55.11,-1.77,0.00
55.13,-1.76,0.00
55.15,-1.75,0.00
55.17,-1.74,0.00
55.19,-1.73,0.00
55.21,-1.72,0.00
55.23,-1.71,0.00
55.25,-1.70,0.00
55.27,-1.69,0.00
55.29,-1.68,0.00
55.31,-1.67,0.00
55.33,-1.66,0.00
55.35,-1.64,0.00
55.37,-1.63,0.00
55.40,-1.62,0.00
55.42,-1.61,0.00
55.44,-1.60,0.00
55.46,-1.59,0.00
55.48,-1.58,0.00
55.50,-1.57,0.00
55.52,-1.56,0.00
55.54,-1.55,0.00
55.56,-1.54,0.00
55.58,-1.53,0.00
55.60,-1.52,0.00
55.62,-1.51,0.00
55.64,-1.49,0.00
55.66,-1.48,0.00
55.68,-1.47,0.00
55.70,-1.46,0.00
55.72,-1.45,0.00
55.74,-1.44,0.00
55.76,-1.43,0.00
55.79,-1.42,0.00
55.81,-1.41,0.00
55.83,-1.39,0.00
55.85,-1.38,0.00
55.87,-1.37,0.00
55.89,-1.36,0.00
55.91,-1.35,0.00
55.93,-1.34,0.00
55.95,-1.33,0.00
55.97,-1.32,0.00
55.99,-1.30,0.00
56.01,-1.29,0.00
56.04,-1.28,0.00
56.06,-1.27,0.00
56.08,-1.26,0.00
56.10,-1.25,0.00
56.12,-1.24,0.00
56.14,-1.22,0.00
56.16,-1.21,0.00
56.18,-1.20,0.00
56.20,-1.19,0.00
56.22,-1.18,0.00
56.25,-1.17,0.00
56.27,-1.15,0.00
56.29,-1.14,0.00
56.31,-1.13,0.00
56.33,-1.12,0.00
56.35,-1.11,0.00
56.37,-1.10,0.00
56.39,-1.08,0.00
56.41,-1.07,0.00
56.44,-1.06,0.00
56.46,-1.05,0.00
56.48,-1.04,0.00
56.50,-1.02,0.00
56.52,-1.01,0.00
56.54,-1.00,0.00
56.56,-0.99,0.00
56.59,-0.98,0.00
56.61,-0.97,0.00
56.63,-0.95,0.00
56.65,-0.94,0.00
56.67,-0.93,0.00
56.69,-0.92,0.00
56.71,-0.91,0.00
56.73,-0.89,0.00
56.76,-0.88,0.00
56.78,-0.87,0.00
56.80,-0.86,0.00
56.82,-0.85,0.00
56.84,-0.83,0.00
56.86,-0.82,0.00
56.89,-0.81,0.00
56.91,-0.80,0.00
56.93,-0.79,0.00
56.95,-0.78,0.00
56.97,-0.76,0.00
56.99,-0.75,0.00
57.01,-0.74,0.00
57.04,-0.73,0.00
57.06,-0.72,0.00
57.08,-0.70,0.00
57.10,-0.69,0.00
57.12,-0.68,0.00
57.14,-0.67,0.00
57.17,-0.66,0.00
57.19,-0.64,0.00
57.21,-0.63,0.00
57.23,-0.62,0.00
57.25,-0.61,0.00
57.27,-0.60,0.00
57.30,-0.59,0.00
57.32,-0.57,0.00
57.34,-0.56,0.00
57.36,-0.55,0.00
57.38,-0.54,0.00
57.41,-0.53,0.00
57.43,-0.52,0.00
57.45,-0.50,0.00
57.47,-0.49,0.00
57.49,-0.48,0.00
57.51,-0.47,0.00
57.54,-0.46,0.00
57.56,-0.45,0.00
57.58,-0.43,0.00
57.60,-0.42,0.00
57.62,-0.41,0.00
57.65,-0.40,0.00
57.67,-0.39,0.00
57.69,-0.38,0.00
57.71,-0.37,0.00
57.73,-0.35,0.00
57.76,-0.34,0.00
57.78,-0.33,0.00
57.80,-0.32,0.00
57.82,-0.31,0.00
57.84,-0.30,0.00
57.87,-0.29,0.00
57.89,-0.27,0.00
57.91,-0.26,0.00
57.93,-0.25,0.00
57.95,-0.24,0.00
57.98,-0.23,0.00
58.00,-0.22,0.00
58.02,-0.21,0.00
58.04,-0.20,0.00
58.06,-0.19,0.00
58.09,-0.17,0.00
58.11,-0.16,0.00
58.13,-0.15,0.00
58.15,-0.14,0.00
58.18,-0.13,0.00
58.20,-0.12,0.00
58.22,-0.11,0.00
58.24,-0.10,0.00
58.26,-0.09,0.00
58.29,-0.08,0.00
58.31,-0.07,0.00
58.33,-0.06,0.00
58.35,-0.05,0.00
58.38,-0.04,0.00
58.40,-0.02,0.00
58.42,-0.01,0.00
58.44,-0.00,0.00
58.46,0.01,0.00
58.49,0.02,0.00
58.51,0.03,0.00
58.53,0.04,0.00
58.55,0.05,0.00
58.58,0.06,0.00
58.60,0.07,0.00
58.62,0.08,0.00
58.64,0.09,0.00
58.67,0.10,0.00
58.69,0.11,0.00
58.71,0.12,0.00
58.73,0.13,0.00
58.76,0.14,0.00
58.78,0.15,0.00
58.80,0.16,0.00
58.82,0.17,0.00
58.85,0.18,0.00
58.87,0.19,0.00
58.89,0.20,0.00
58.91,0.21,0.00
58.94,0.21,0.00
58.96,0.22,0.00
58.98,0.23,0.00
59.00,0.24,0.00
59.03,0.25,0.00
59.05,0.26,0.00
59.07,0.27,0.00
59.09,0.28,0.00
59.12,0.29,0.00
59.14,0.30,0.00
59.16,0.31,0.00
59.19,0.32,0.00
59.21,0.32,0.00
59.23,0.33,0.00
59.25,0.34,0.00
59.28,0.35,0.00
59.30,0.36,0.00
59.32,0.37,0.00
59.34,0.38,0.00
59.37,0.38,0.00
59.39,0.39,0.00
59.41,0.40,0.00
59.44,0.41,0.00
59.46,0.42,0.00
59.48,0.43,0.00
59.50,0.43,0.00
59.53,0.44,0.00
59.55,0.45,0.00
59.57,0.46,0.00
59.60,0.47,0.00
59.62,0.47,0.00
59.64,0.48,0.00
59.66,0.49,0.00
59.69,0.50,0.00
59.71,0.50,0.00
59.73,0.51,0.00
59.76,0.52,0.00
59.78,0.53,0.00
59.80,0.53,0.00
59.83,0.54,0.00
59.85,0.55,0.00
59.87,0.56,0.00
59.89,0.56,0.00
59.92,0.57,0.00
59.94,0.58,0.00
59.96,0.58,0.00
59.99,0.59,0.00
60.01,0.60,0.00
60.03,0.60,0.00
60.06,0.61,0.00
60.08,0.62,0.00
60.10,0.62,0.00
60.13,0.63,0.00
60.15,0.63,0.00
60.17,0.64,0.00
60.20,0.65,0.00
60.22,0.65,0.00
60.24,0.66,0.00
60.27,0.67,0.00
60.29,0.67,0.00
60.31,0.68,0.00
60.34,0.68,0.00
60.36,0.69,0.00
60.38,0.69,0.00
60.41,0.70,0.00
60.43,0.70,0.00
60.45,0.71,0.00
60.48,0.72,0.00
60.50,0.72,0.00
60.52,0.73,0.00
60.55,0.73,0.00
60.57,0.74,0.00
60.59,0.74,0.00
60.62,0.75,0.00
60.64,0.75,0.00
60.67,0.76,0.00
60.69,0.76,0.00
60.71,0.76,0.00
60.74,0.77,0.00
60.76,0.77,0.00
60.78,0.78,0.00
60.81,0.78,0.00
60.83,0.79,0.00
60.86,0.79,0.00
60.88,0.79,0.00
60.90,0.80,0.00
60.93,0.80,0.00
60.95,0.81,0.00
60.97,0.81,0.00
61.00,0.81,0.00
61.02,0.82,0.00
61.05,0.82,0.00
61.07,0.82,0.00
61.09,0.83,0.00
61.12,0.83,0.00
61.14,0.83,0.00
61.17,0.84,0.00
61.19,0.84,0.00
61.21,0.84,0.00
61.24,0.84,0.00
61.26,0.85,0.00
61.29,0.85,0.00
61.31,0.85,0.00
61.33,0.85,0.00
61.36,0.86,0.00
61.38,0.86,0.00
61.41,0.86,0.00
61.43,0.86,0.00
61.46,0.87,0.00
61.48,0.87,0.00
61.50,0.87,0.00
61.53,0.87,0.00
61.55,0.87,0.00
61.58,0.87,0.00
61.60,0.88,0.00
61.63,0.88,0.00
61.65,0.88,0.00
61.67,0.88,0.00
61.70,0.88,0.00
61.72,0.88,0.00
61.75,0.88,0.00
61.77,0.88,0.00
61.80,0.88,0.00
61.82,0.88,0.00
61.85,0.89,0.00
61.87,0.89,0.00
61.89,0.89,0.00
61.92,0.89,0.00
61.94,0.89,0.00
61.97,0.89,0.00
61.99,0.89,0.00
62.02,0.89,0.00
62.04,0.89,0.00
62.07,0.89,0.00
62.09,0.89,0.00
62.12,0.89,0.00
62.14,0.89,0.00
62.17,0.89,0.00
62.19,0.89,0.00
62.21,0.89,0.00
62.24,0.89,0.00
62.26,0.89,0.00
62.29,0.89,0.00
62.31,0.90,0.00
62.34,0.90,0.00
62.36,0.90,0.00
62.39,0.90,0.00
62.41,0.90,0.00
62.44,0.90,0.00
62.46,0.90,0.00
62.49,0.90,0.00
62.51,0.90,0.00
62.54,0.90,0.00
62.56,0.90,0.00
62.59,0.90,0.00
62.61,0.90,0.00
62.64,0.90,0.00
62.66,0.90,0.00
62.69,0.90,0.00
62.71,0.90,0.00
62.74,0.90,0.00
62.76,0.90,0.00
62.79,0.90,0.00
62.81,0.90,0.00
62.84,0.90,0.00
62.86,0.90,0.00
62.89,0.90,0.00
62.91,0.90,0.00
62.93,0.90,0.00
62.95,0.90,0.00
62.97,0.90,0.00
62.99,0.90,0.00
63.02,0.90,0.00
63.04,0.90,0.00
63.06,0.90,0.00
63.08,0.90,0.00
63.10,0.90,0.00
63.12,0.90,0.00
63.14,0.90,0.00
63.16,0.90,0.00
63.18,0.90,0.00
63.20,0.90,0.00
63.23,0.90,0.00
63.25,0.90,0.00
63.27,0.90,0.00
63.29,0.90,0.00
63.31,0.90,0.00
63.33,0.90,0.00
63.35,0.90,0.00
63.37,0.90,0.00
63.39,0.90,0.00
63.41,0.90,0.00
63.44,0.90,0.00
63.46,0.90,0.00
63.48,0.90,0.00
63.50,0.90,0.00
63.52,0.90,0.00
63.54,0.90,0.00
63.56,0.90,0.00
63.58,0.90,0.00
63.60,0.90,0.00
63.62,0.90,0.00
63.65,0.90,0.00
63.67,0.90,0.00
63.69,0.90,0.00
63.71,0.90,0.00
63.73,0.90,0.00
63.75,0.90,0.00
63.77,0.90,0.00
63.79,0.90,0.00
63.81,0.90,0.00
63.83,0.90,0.00
63.86,0.90,0.00
63.88,0.90,0.00
63.90,0.90,0.00
63.92,0.90,0.00
63.94,0.90,0.00
63.96,0.90,0.00
63.98,0.90,0.00
64.00,0.90,0.00
64.02,0.90,0.00
64.05,0.90,0.00
64.07,0.90,0.00
64.09,0.90,0.00
64.11,0.90,0.00
64.13,0.90,0.00
64.15,0.90,0.00
64.17,0.90,0.00
64.19,0.90,0.00
64.21,0.90,0.00
64.23,0.90,0.00
64.26,0.90,0.00
64.28,0.90,0.00
64.30,0.90,0.00
64.32,0.90,0.00
64.34,0.90,0.00
64.36,0.90,0.00
64.38,0.90,0.00
64.40,0.90,0.00
64.42,0.90,0.00
64.44,0.90,0.00
64.47,0.90,0.00
64.49,0.90,0.00
64.51,0.90,0.00
64.53,0.90,0.00
64.55,0.90,0.00
64.57,0.90,0.00
64.59,0.90,0.00
64.61,0.90,0.00
64.63,0.90,0.00
64.65,0.90,0.00
64.68,0.90,0.00
64.70,0.90,0.00
64.72,0.90,0.00
64.74,0.90,0.00
64.76,0.90,0.00
64.78,0.90,0.00
64.80,0.90,0.00
64.82,0.90,0.00
64.84,0.90,0.00
64.86,0.90,0.00
64.89,0.90,0.00
64.91,0.90,0.00
64.93,0.90,0.00
64.95,0.90,0.00
64.97,0.90,0.00
64.99,0.90,0.00
65.01,0.90,0.00
65.03,0.90,0.00
65.05,0.90,0.00
65.07,0.90,0.00
65.10,0.90,0.00
65.12,0.90,0.00
65.14,0.90,0.00
65.16,0.90,0.00
65.18,0.90,0.00
65.20,0.90,0.00
65.22,0.90,0.00
65.24,0.90,0.00
65.26,0.90,0.00
65.28,0.90,0.00
65.31,0.90,0.00
65.33,0.90,0.00
65.35,0.90,0.00
65.37,0.90,0.00
65.39,0.90,0.00
65.41,0.90,0.00
65.43,0.90,0.00
65.45,0.90,0.00
65.47,0.90,0.00
65.49,0.90,0.00
65.52,0.90,0.00
65.54,0.90,0.00
65.56,0.90,0.00
65.58,0.90,0.00
65.60,0.90,0.00
65.62,0.90,0.00
65.64,0.90,0.00
65.66,0.90,0.00
65.68,0.90,0.00
65.70,0.90,0.00
65.73,0.90,0.00
65.75,0.90,0.00
65.77,0.90,0.00
65.79,0.90,0.00
65.81,0.90,0.00
65.83,0.90,0.00
65.85,0.90,0.00
65.87,0.90,0.00
65.89,0.90,0.00
65.91,0.90,0.00
65.94,0.90,0.00
65.96,0.90,0.00
65.98,0.90,0.00
66.00,0.90,0.00
66.02,0.90,0.00
66.04,0.90,0.00
66.06,0.90,0.00
66.08,0.90,0.00
66.10,0.90,0.00
66.12,0.90,0.00
66.15,0.90,0.00
66.17,0.90,0.00
66.19,0.90,0.00
66.21,0.90,0.00
66.23,0.90,0.00
66.25,0.90,0.00
66.27,0.90,0.00
66.29,0.90,0.00
66.31,0.90,0.00
66.33,0.90,0.00
66.36,0.90,0.00
66.38,0.90,0.00
66.40,0.90,0.00
66.42,0.90,0.00
66.44,0.90,0.00
66.46,0.90,0.00
66.48,0.90,0.00
66.50,0.90,0.00
66.52,0.90,0.00
66.54,0.90,0.00
66.57,0.90,0.00
66.59,0.90,0.00
66.61,0.90,0.00
66.63,0.90,0.00
66.65,0.90,0.00
66.67,0.90,0.00
66.69,0.90,0.00
66.71,0.90,0.00
66.73,0.90,0.00
66.75,0.90,0.00
66.78,0.90,0.00
66.80,0.90,0.00
66.82,0.90,0.00
66.84,0.90,0.00
66.86,0.90,0.00
66.88,0.90,0.00
66.90,0.90,0.00
66.92,0.90,0.00
66.94,0.90,0.00
66.96,0.90,0.00
66.99,0.90,0.00
67.01,0.90,0.00
67.03,0.90,0.00
67.05,0.90,0.00
67.07,0.90,0.00
67.09,0.90,0.00
67.11,0.90,0.00
67.13,0.90,0.00
67.15,0.90,0.00
67.17,0.90,0.00
67.20,0.90,0.00
67.22,0.90,0.00
67.24,0.90,0.00
67.26,0.90,0.00
67.28,0.90,0.00
67.30,0.90,0.00
67.32,0.90,0.00
67.34,0.90,0.00
67.36,0.90,0.00
67.38,0.90,0.00
67.41,0.90,0.00
67.43,0.90,0.00
67.45,0.90,0.00
67.47,0.90,0.00
67.49,0.90,0.00
67.51,0.90,0.00
67.53,0.90,0.00
67.55,0.90,0.00
67.57,0.90,0.00
67.59,0.90,0.00
67.62,0.90,0.00
67.64,0.90,0.00
67.66,0.90,0.00
67.68,0.90,0.00
67.70,0.90,0.00
67.72,0.90,0.00
67.74,0.90,0.00
67.76,0.90,0.00
67.78,0.90,0.00
67.80,0.90,0.00
67.83,0.90,0.00
67.85,0.90,0.00
67.87,0.90,0.00
67.89,0.90,0.00
67.91,0.90,0.00
67.93,0.90,0.00
67.95,0.90,0.00
67.97,0.90,0.00
67.99,0.90,0.00
68.02,0.90,0.00
68.04,0.90,0.00
68.06,0.90,0.00
68.08,0.90,0.00
68.10,0.90,0.00
68.12,0.90,0.00
68.14,0.90,0.00
68.16,0.90,0.00
68.18,0.90,0.00
68.20,0.90,0.00
68.23,0.90,0.00
68.25,0.90,0.00
68.27,0.90,0.00
68.29,0.90,0.00
68.31,0.90,0.00
68.33,0.90,0.00
68.35,0.90,0.00
68.37,0.90,0.00
68.39,0.90,0.00
68.41,0.90,0.00
68.44,0.90,0.00
68.46,0.90,0.00
68.48,0.90,0.00
68.50,0.90,0.00
68.52,0.90,0.00
68.54,0.90,0.00
68.56,0.90,0.00
68.58,0.90,0.00
68.60,0.90,0.00
68.62,0.90,0.00
68.65,0.90,0.00
68.67,0.90,0.00
68.69,0.90,0.00
68.71,0.90,0.00
68.73,0.90,0.00
68.75,0.90,0.00
68.77,0.90,0.00
68.79,0.90,0.00
68.81,0.90,0.00
68.83,0.90,0.00
68.86,0.90,0.00
68.88,0.90,0.00
68.90,0.90,0.00
68.92,0.90,0.00
68.94,0.90,0.00
68.96,0.90,0.00
68.98,0.90,0.00
69.00,0.90,0.00
69.02,0.90,0.00
69.04,0.90,0.00
69.07,0.90,0.00
69.09,0.90,0.00
69.11,0.90,0.00
69.13,0.90,0.00
69.15,0.90,0.00
69.17,0.90,0.00
69.19,0.90,0.00
69.21,0.90,0.00
69.23,0.90,0.00
69.25,0.90,0.00
69.28,0.90,0.00
69.30,0.90,0.00
69.32,0.90,0.00
69.34,0.90,0.00
69.36,0.90,0.00
69.38,0.90,0.00
69.40,0.90,0.00
69.42,0.90,0.00
69.44,0.90,0.00
69.46,0.90,0.00
69.49,0.90,0.00
69.51,0.90,0.00
69.53,0.90,0.00
69.55,0.90,0.00
69.57,0.90,0.00
69.59,0.90,0.00
69.61,0.90,0.00
69.63,0.90,0.00
69.65,0.90,0.00
69.67,0.90,0.00
69.70,0.90,0.00
69.72,0.90,0.00
69.74,0.90,0.00
69.76,0.90,0.00
69.78,0.90,0.00
69.80,0.90,0.00
69.82,0.90,0.00
69.84,0.90,0.00
69.86,0.90,0.00
69.88,0.90,0.00
69.91,0.90,0.00
69.93,0.90,0.00
69.95,0.90,0.00
69.97,0.90,0.00
69.99,0.90,0.00
70.01,0.90,0.00
70.03,0.90,0.00
70.05,0.90,0.00
70.07,0.90,0.00
70.09,0.90,0.00
70.12,0.90,0.00
70.14,0.90,0.00
70.16,0.90,0.00
70.18,0.90,0.00
70.20,0.90,0.00
70.22,0.90,0.00
70.24,0.90,0.00
70.26,0.90,0.00
70.28,0.90,0.00
70.30,0.90,0.00
70.33,0.90,0.00
70.35,0.90,0.00
70.37,0.90,0.00
70.39,0.90,0.00
70.41,0.90,0.00
70.43,0.90,0.00
70.45,0.90,0.00
70.47,0.90,0.00
70.49,0.90,0.00
70.51,0.90,0.00
70.54,0.90,0.00
70.56,0.90,0.00
70.58,0.90,0.00
70.60,0.90,0.00
70.62,0.90,0.00
70.64,0.90,0.00
70.66,0.90,0.00
70.68,0.90,0.00
70.70,0.90,0.00
70.72,0.90,0.00
70.75,0.90,0.00
70.77,0.90,0.00
70.79,0.90,0.00
70.81,0.90,0.00
70.83,0.90,0.00
70.85,0.90,0.00
70.87,0.90,0.00
70.89,0.90,0.00
70.91,0.90,0.00
70.93,0.90,0.00
70.96,0.90,0.00
70.98,0.90,0.00
71.00,0.90,0.00
71.02,0.90,0.00
71.04,0.90,0.00
71.06,0.90,0.00
71.08,0.90,0.00
71.10,0.90,0.00
71.12,0.90,0.00
71.14,0.90,0.00
71.17,0.90,0.00
71.19,0.90,0.00
71.21,0.90,0.00
71.23,0.90,0.00
71.25,0.90,0.00
71.27,0.90,0.00
71.29,0.90,0.00
71.31,0.90,0.00
71.33,0.90,0.00
71.35,0.90,0.00
71.38,0.90,0.00
71.40,0.90,0.00
71.42,0.90,0.00
71.44,0.90,0.00
71.46,0.90,0.00
71.48,0.90,0.00
71.50,0.90,0.00
71.52,0.90,0.00
71.54,0.90,0.00
71.56,0.90,0.00
71.59,0.90,0.00
71.61,0.90,0.00
71.63,0.90,0.00
71.65,0.90,0.00
71.67,0.90,0.00
71.69,0.90,0.00
71.71,0.90,0.00
71.73,0.90,0.00
71.75,0.90,0.00
71.77,0.90,0.00
71.80,0.90,0.00
71.82,0.90,0.00
71.84,0.90,0.00
71.86,0.90,0.00
71.88,0.90,0.00
71.90,0.90,0.00
71.92,0.90,0.00
71.94,0.90,0.00
71.96,0.90,0.00
71.98,0.90,0.00
72.01,0.90,0.00
72.03,0.90,0.00
72.05,0.90,0.00
72.07,0.90,0.00
72.09,0.90,0.00
72.11,0.90,0.00
72.13,0.90,0.00
72.15,0.90,0.00
72.17,0.90,0.00
72.20,0.90,0.00
72.22,0.90,0.00
72.24,0.90,0.00
72.26,0.90,0.00
72.28,0.90,0.00
72.30,0.90,0.00
72.32,0.90,0.00
72.34,0.90,0.00
72.36,0.90,0.00
72.38,0.90,0.00
72.41,0.90,0.00
72.43,0.90,0.00
72.45,0.90,0.00
72.47,0.90,0.00
72.49,0.90,0.00
72.51,0.90,0.00
72.53,0.90,0.00
72.55,0.90,0.00
72.57,0.90,0.00
72.59,0.90,0.00
72.62,0.90,0.00
72.64,0.90,0.00
72.66,0.90,0.00
72.68,0.90,0.00
72.70,0.90,0.00
72.72,0.90,0.00
72.74,0.90,0.00
72.76,0.90,0.00
72.78,0.90,0.00
72.80,0.90,0.00
72.83,0.90,0.00
72.85,0.90,0.00
72.87,0.90,0.00
72.89,0.90,0.00
72.91,0.90,0.00
72.93,0.90,0.00
72.95,0.90,0.00
72.97,0.90,0.00
72.99,0.90,0.00
73.01,0.90,0.00
73.04,0.90,0.00
73.06,0.90,0.00
73.08,0.90,0.00
73.10,0.90,0.00
73.12,0.90,0.00
73.14,0.90,0.00
73.16,0.90,0.00
73.18,0.90,0.00
73.20,0.90,0.00
73.22,0.90,0.00
73.25,0.90,0.00
73.27,0.90,0.00
73.29,0.90,0.00
73.31,0.90,0.00
73.33,0.90,0.00
73.35,0.90,0.00
73.37,0.90,0.00
73.39,0.90,0.00
73.41,0.90,0.00
73.43,0.90,0.00
73.46,0.90,0.00
73.48,0.90,0.00
73.50,0.90,0.00
73.52,0.90,0.00
73.54,0.90,0.00
73.56,0.90,0.00
73.58,0.90,0.00
73.60,0.90,0.00
73.62,0.90,0.00
73.64,0.90,0.00
73.67,0.90,0.00
73.69,0.90,0.00
73.71,0.90,0.00
73.73,0.90,0.00
73.75,0.90,0.00
73.77,0.90,0.00
73.79,0.90,0.00
73.81,0.90,0.00
73.83,0.90,0.00
73.85,0.90,0.00
73.88,0.90,0.00
73.90,0.90,0.00
73.92,0.90,0.00
73.94,0.90,0.00
73.96,0.90,0.00
73.98,0.90,0.00
74.00,0.90,0.00
74.02,0.90,0.00
74.04,0.90,0.00
74.06,0.90,0.00
74.09,0.90,0.00
74.11,0.90,0.00
74.13,0.90,0.00
74.15,0.90,0.00
74.17,0.90,0.00
74.19,0.90,0.00
74.21,0.90,0.00
74.23,0.90,0.00
74.25,0.90,0.00
74.27,0.90,0.00
74.30,0.90,0.00
74.32,0.90,0.00
74.34,0.90,0.00
74.36,0.90,0.00
74.38,0.90,0.00
74.40,0.90,0.00
74.42,0.90,0.00
74.44,0.90,0.00
74.46,0.90,0.00
74.48,0.90,0.00
74.51,0.90,0.00
74.53,0.90,0.00
74.55,0.90,0.00
74.57,0.90,0.00
74.59,0.90,0.00
74.61,0.90,0.00
74.63,0.90,0.00
74.65,0.90,0.00
74.67,0.90,0.00
74.69,0.90,0.00
74.72,0.90,0.00
74.74,0.90,0.00
74.76,0.90,0.00
74.78,0.90,0.00
74.80,0.90,0.00
74.82,0.90,0.00
74.84,0.90,0.00
74.86,0.90,0.00
74.88,0.90,0.00
74.90,0.90,0.00
74.93,0.90,0.00
74.95,0.90,0.00
74.97,0.90,0.00
74.99,0.90,0.00
75.01,0.90,0.00
75.03,0.90,0.00
75.05,0.90,0.00
75.07,0.90,0.00
75.09,0.90,0.00
75.11,0.90,0.00
75.14,0.90,0.00
75.16,0.90,0.00
75.18,0.90,0.00
75.20,0.90,0.00
75.22,0.90,0.00
75.24,0.90,0.00
75.26,0.90,0.00
75.28,0.90,0.00
75.30,0.90,0.00
75.32,0.90,0.00
75.35,0.90,0.00
75.37,0.90,0.00
75.39,0.90,0.00
75.41,0.90,0.00
75.43,0.90,0.00
75.45,0.90,0.00
75.47,0.90,0.00
75.49,0.90,0.00
75.51,0.90,0.00
75.53,0.90,0.00
75.56,0.90,0.00
75.58,0.90,0.00
75.60,0.90,0.00
75.62,0.90,0.00
75.64,0.90,0.00
75.66,0.90,0.00
75.68,0.90,0.00
75.70,0.90,0.00
75.72,0.90,0.00
75.74,0.90,0.00
75.77,0.90,0.00
75.79,0.90,0.00
75.81,0.90,0.00
75.83,0.90,0.00
75.85,0.90,0.00
75.87,0.90,0.00
75.89,0.90,0.00
75.91,0.90,0.00
75.93,0.90,0.00
75.95,0.90,0.00
75.98,0.90,0.00
76.00,0.90,0.00
76.02,0.90,0.00
76.04,0.90,0.00
76.06,0.90,0.00
76.08,0.90,0.00
76.10,0.90,0.00
76.12,0.90,0.00
76.14,0.90,0.00
76.17,0.90,0.00
76.19,0.90,0.00
76.21,0.90,0.00
76.23,0.90,0.00
76.25,0.90,0.00
76.27,0.90,0.00
76.29,0.90,0.00
76.31,0.90,0.00
76.33,0.90,0.00
76.35,0.90,0.00
76.38,0.90,0.00
76.40,0.90,0.00
76.42,0.90,0.00
76.44,0.90,0.00
76.46,0.90,0.00
76.48,0.90,0.00
76.50,0.90,0.00
76.52,0.90,0.00
76.54,0.90,0.00
76.56,0.90,0.00
76.59,0.90,0.00
76.61,0.90,0.00
76.63,0.90,0.00
76.65,0.90,0.00
76.67,0.90,0.00
76.69,0.90,0.00
76.71,0.90,0.00
76.73,0.90,0.00
76.75,0.90,0.00
76.77,0.90,0.00
76.80,0.90,0.00
76.82,0.90,0.00
76.84,0.90,0.00
76.86,0.90,0.00
76.88,0.90,0.00
76.90,0.90,0.00
76.92,0.90,0.00
76.94,0.90,0.00
76.96,0.90,0.00
76.98,0.90,0.00
77.01,0.90,0.00
77.03,0.90,0.00
77.05,0.90,0.00
77.07,0.90,0.00
77.09,0.90,0.00
77.11,0.90,0.00
77.13,0.90,0.00
77.15,0.90,0.00
77.17,0.90,0.00
77.19,0.90,0.00
77.22,0.90,0.00
77.24,0.90,0.00
77.26,0.90,0.00
77.28,0.90,0.00
77.30,0.90,0.00
77.32,0.90,0.00
77.34,0.90,0.00
77.36,0.90,0.00
77.38,0.90,0.00
77.40,0.90,0.00
77.43,0.90,0.00
77.45,0.90,0.00
77.47,0.90,0.00
77.49,0.90,0.00
77.51,0.90,0.00
77.53,0.90,0.00
77.55,0.90,0.00
77.57,0.90,0.00
77.59,0.90,0.00
77.61,0.90,0.00
77.64,0.90,0.00
77.66,0.90,0.00
77.68,0.90,0.00
77.70,0.90,0.00
77.72,0.90,0.00
77.74,0.90,0.00
77.76,0.90,0.00
77.78,0.90,0.00
77.80,0.90,0.00
77.82,0.90,0.00
77.85,0.90,0.00
77.87,0.90,0.00
77.89,0.90,0.00
77.91,0.90,0.00
77.93,0.90,0.00
77.95,0.90,0.00
77.97,0.90,0.00
77.99,0.90,0.00
78.01,0.90,0.00
78.03,0.90,0.00
78.06,0.90,0.00
78.08,0.90,0.00
78.10,0.90,0.00
78.12,0.90,0.00
78.14,0.90,0.00
78.16,0.90,0.00
78.18,0.90,0.00
78.20,0.90,0.00
78.22,0.90,0.00
78.24,0.90,0.00
78.27,0.90,0.00
78.29,0.90,0.00
78.31,0.90,0.00
78.33,0.90,0.00
78.35,0.90,0.00
78.37,0.90,0.00
78.39,0.90,0.00
78.41,0.90,0.00
78.43,0.90,0.00
78.45,0.90,0.00
78.48,0.90,0.00
78.50,0.90,0.00
78.52,0.90,0.00
78.54,0.90,0.00
78.56,0.90,0.00
78.58,0.90,0.00
78.60,0.90,0.00
78.62,0.90,0.00
78.64,0.90,0.00
78.66,0.90,0.00
78.69,0.90,0.00
78.71,0.90,0.00
78.73,0.90,0.00
78.75,0.90,0.00
78.77,0.90,0.00
78.79,0.90,0.00
78.81,0.90,0.00
78.83,0.90,0.00
78.85,0.90,0.00
78.87,0.90,0.00
78.90,0.90,0.00
78.92,0.90,0.00
78.94,0.90,0.00
78.96,0.90,0.00
78.98,0.90,0.00
79.00,0.90,0.00
79.02,0.90,0.00
79.04,0.90,0.00
79.06,0.90,0.00
79.08,0.90,0.00
79.11,0.90,0.00
79.13,0.90,0.00
79.15,0.90,0.00
79.17,0.90,0.00
79.19,0.90,0.00
79.21,0.90,0.00
79.23,0.90,0.00
79.25,0.90,0.00
79.27,0.90,0.00
79.29,0.90,0.00
79.32,0.90,0.00
79.34,0.90,0.00
79.36,0.90,0.00
79.38,0.90,0.00
79.40,0.90,0.00
79.42,0.90,0.00
79.44,0.90,0.00
79.46,0.90,0.00
79.48,0.90,0.00
79.50,0.90,0.00
79.53,0.90,0.00
79.55,0.90,0.00
79.57,0.90,0.00
79.59,0.90,0.00
79.61,0.90,0.00
79.63,0.90,0.00
79.65,0.90,0.00
79.67,0.90,0.00
79.69,0.90,0.00
79.71,0.90,0.00
79.74,0.90,0.00
79.76,0.90,0.00
79.78,0.90,0.00
79.80,0.90,0.00
79.82,0.90,0.00
79.84,0.90,0.00
79.86,0.90,0.00
79.88,0.90,0.00
79.90,0.90,0.00
79.92,0.90,0.00
79.95,0.90,0.00
79.97,0.90,0.00
79.99,0.90,0.00
80.01,0.90,0.00
80.03,0.90,0.00
80.05,0.90,0.00
80.07,0.90,0.00
80.09,0.90,0.00
80.11,0.90,0.00
80.14,0.90,0.00
80.16,0.90,0.00
80.18,0.90,0.00
80.20,0.90,0.00
80.22,0.90,0.00
80.24,0.90,0.00
80.26,0.90,0.00
80.28,0.90,0.00
80.30,0.90,0.00
80.32,0.90,0.00
80.35,0.90,0.00
80.37,0.90,0.00
80.39,0.90,0.00
80.41,0.90,0.00
80.43,0.90,0.00
80.45,0.90,0.00
80.47,0.90,0.00
80.49,0.90,0.00
80.51,0.90,0.00
80.53,0.90,0.00
80.56,0.90,0.00
80.58,0.90,0.00
80.60,0.90,0.00
80.62,0.90,0.00
80.64,0.90,0.00
80.66,0.90,0.00
80.68,0.90,0.00
80.70,0.90,0.00
80.72,0.90,0.00
80.74,0.90,0.00
80.77,0.90,0.00
80.79,0.90,0.00
80.81,0.90,0.00
80.83,0.90,0.00
80.85,0.90,0.00
80.87,0.90,0.00
80.89,0.90,0.00
80.91,0.90,0.00
80.93,0.90,0.00
80.95,0.90,0.00
80.98,0.90,0.00
81.00,0.90,0.00
81.02,0.90,0.00
81.04,0.90,0.00
81.06,0.90,0.00
81.08,0.90,0.00
81.10,0.90,0.00
81.12,0.90,0.00
81.14,0.90,0.00
81.16,0.90,0.00
81.19,0.90,0.00
81.21,0.90,0.00
81.23,0.90,0.00
81.25,0.90,0.00
81.27,0.90,0.00
81.29,0.90,0.00
81.31,0.90,0.00
81.33,0.90,0.00
81.35,0.90,0.00
81.37,0.90,0.00
81.40,0.90,0.00
81.42,0.90,0.00
81.44,0.90,0.00
81.46,0.90,0.00
81.48,0.90,0.00
81.50,0.90,0.00
81.52,0.90,0.00
81.54,0.90,0.00
81.56,0.90,0.00
81.58,0.90,0.00
81.61,0.90,0.00
81.63,0.90,0.00
81.65,0.90,0.00
81.67,0.90,0.00
81.69,0.90,0.00
81.71,0.90,0.00
81.73,0.90,0.00
81.75,0.90,0.00
81.77,0.90,0.00
81.79,0.90,0.00
81.82,0.90,0.00
81.84,0.90,0.00
81.86,0.90,0.00
81.88,0.90,0.00
81.90,0.90,0.00
81.92,0.90,0.00
81.94,0.90,0.00
81.96,0.90,0.00
81.98,0.90,0.00
82.00,0.90,0.00
82.03,0.90,0.00
82.05,0.90,0.00
82.07,0.90,0.00
82.09,0.90,0.00
82.11,0.90,0.00
82.13,0.90,0.00
82.15,0.90,0.00
82.17,0.90,0.00
82.19,0.90,0.00
82.21,0.90,0.00
82.24,0.90,0.00
82.26,0.90,0.00
82.28,0.90,0.00
82.30,0.90,0.00
82.32,0.90,0.00
82.34,0.90,0.00
82.36,0.90,0.00
82.38,0.90,0.00
82.40,0.90,0.00
82.42,0.90,0.00
82.45,0.90,0.00
82.47,0.90,0.00
82.49,0.90,0.00
82.51,0.90,0.00
82.53,0.90,0.00
82.55,0.90,0.00
82.57,0.90,0.00
82.59,0.90,0.00
82.61,0.90,0.00
82.63,0.90,0.00
82.66,0.90,0.00
82.68,0.90,0.00
82.70,0.90,0.00
82.72,0.90,0.00
82.74,0.90,0.00
82.76,0.90,0.00
82.78,0.90,0.00
82.80,0.90,0.00
82.82,0.90,0.00
82.84,0.90,0.00
82.87,0.90,0.00
82.89,0.90,0.00
82.91,0.90,0.00
82.93,0.90,0.00
82.95,0.90,0.00
82.97,0.90,0.00
82.99,0.90,0.00
83.01,0.90,0.00
83.03,0.90,0.00
83.05,0.90,0.00
83.08,0.90,0.00
83.10,0.90,0.00
83.12,0.90,0.00
83.14,0.90,0.00
83.16,0.90,0.00
83.18,0.90,0.00
83.20,0.90,0.00
83.22,0.90,0.00
83.24,0.90,0.00
83.26,0.90,0.00
83.29,0.90,0.00
83.31,0.90,0.00
83.33,0.90,0.00
83.35,0.90,0.00
83.37,0.90,0.00
83.39,0.90,0.00
83.41,0.90,0.00
83.43,0.90,0.00
83.45,0.90,0.00
83.47,0.90,0.00
83.50,0.90,0.00
83.52,0.90,0.00
83.54,0.90,0.00
83.56,0.90,0.00
83.58,0.90,0.00
83.60,0.90,0.00
83.62,0.90,0.00
83.64,0.90,0.00
83.66,0.90,0.00
83.68,0.90,0.00
83.71,0.90,0.00
83.73,0.90,0.00
83.75,0.90,0.00
83.77,0.90,0.00
83.79,0.90,0.00
83.81,0.90,0.00
83.83,0.90,0.00
83.85,0.90,0.00
83.87,0.90,0.00
83.89,0.90,0.00
83.92,0.90,0.00
83.94,0.90,0.00
83.96,0.90,0.00
83.98,0.90,0.00
84.00,0.90,0.00
0.00,-0.90,0.00
0.02,-0.90,0.00
0.04,-0.90,0.00
0.06,-0.90,0.00
0.08,-0.90,0.00
0.11,-0.90,0.00
0.13,-0.90,0.00
0.15,-0.90,0.00
0.17,-0.90,0.00
0.19,-0.90,0.00
0.21,-0.90,0.00
0.23,-0.90,0.00
0.25,-0.90,0.00
0.27,-0.90,0.00
0.29,-0.90,0.00
0.32,-0.90,0.00
0.34,-0.90,0.00
0.36,-0.90,0.00
0.38,-0.90,0.00
0.40,-0.90,0.00
0.42,-0.90,0.00
0.44,-0.90,0.00
0.46,-0.90,0.00
0.48,-0.90,0.00
0.50,-0.90,0.00
0.53,-0.90,0.00
0.55,-0.90,0.00
0.57,-0.90,0.00
0.59,-0.90,0.00
0.61,-0.90,0.00
0.63,-0.90,0.00
0.65,-0.90,0.00
0.67,-0.90,0.00
0.69,-0.90,0.00
0.71,-0.90,0.00
0.74,-0.90,0.00
0.76,-0.90,0.00
0.78,-0.90,0.00
0.80,-0.90,0.00
0.82,-0.90,0.00
0.84,-0.90,0.00
0.86,-0.90,0.00
0.88,-0.90,0.00
0.90,-0.90,0.00
0.92,-0.90,0.00
0.95,-0.90,0.00
0.97,-0.90,0.00
0.99,-0.90,0.00
1.01,-0.90,0.00
1.03,-0.90,0.00
1.05,-0.90,0.00
1.07,-0.90,0.00
1.09,-0.90,0.00
1.11,-0.90,0.00
1.13,-0.90,0.00
1.16,-0.90,0.00
1.18,-0.90,0.00
1.20,-0.90,0.00
1.22,-0.90,0.00
1.24,-0.90,0.00
1.26,-0.90,0.00
1.28,-0.90,0.00
1.30,-0.90,0.00
1.32,-0.90,0.00
1.34,-0.90,0.00
1.37,-0.90,0.00
1.39,-0.90,0.00
1.41,-0.90,0.00
1.43,-0.90,0.00
1.45,-0.90,0.00
1.47,-0.90,0.00
1.49,-0.90,0.00
1.51,-0.90,0.00
1.53,-0.90,0.00
1.55,-0.90,0.00
1.58,-0.90,0.00
1.60,-0.90,0.00
1.62,-0.90,0.00
1.64,-0.90,0.00
1.66,-0.90,0.00
1.68,-0.90,0.00
1.70,-0.90,0.00
1.72,-0.90,0.00
1.74,-0.90,0.00
1.76,-0.90,0.00
1.79,-0.90,0.00
1.81,-0.90,0.00
1.83,-0.90,0.00
1.85,-0.90,0.00
1.87,-0.90,0.00
1.89,-0.90,0.00
1.91,-0.90,0.00
1.93,-0.90,0.00
1.95,-0.90,0.00
1.97,-0.90,0.00
2.00,-0.90,0.00
2.02,-0.90,0.00
2.04,-0.90,0.00
2.06,-0.90,0.00
2.08,-0.90,0.00
2.10,-0.90,0.00
2.12,-0.90,0.00
2.14,-0.90,0.00
2.16,-0.90,0.00
2.18,-0.90,0.00
2.21,-0.90,0.00
2.23,-0.90,0.00
2.25,-0.90,0.00
2.27,-0.90,0.00
2.29,-0.90,0.00
2.31,-0.90,0.00
2.33,-0.90,0.00
2.35,-0.90,0.00
2.37,-0.90,0.00
2.39,-0.90,0.00
2.42,-0.90,0.00
2.44,-0.90,0.00
2.46,-0.90,0.00
2.48,-0.90,0.00
2.50,-0.90,0.00
2.52,-0.90,0.00
2.54,-0.90,0.00
2.56,-0.90,0.00
2.58,-0.90,0.00
2.60,-0.90,0.00
2.63,-0.90,0.00
2.65,-0.90,0.00
2.67,-0.90,0.00
2.69,-0.90,0.00
2.71,-0.90,0.00
2.73,-0.90,0.00
2.75,-0.90,0.00
2.77,-0.90,0.00
2.79,-0.90,0.00
2.81,-0.90,0.00
2.84,-0.90,0.00
2.86,-0.90,0.00
2.88,-0.90,0.00
2.90,-0.90,0.00
2.92,-0.90,0.00
2.94,-0.90,0.00
2.96,-0.90,0.00
2.98,-0.90,0.00
3.00,-0.90,0.00
3.02,-0.90,0.00
3.05,-0.90,0.00
3.07,-0.90,0.00
3.09,-0.90,0.00
3.11,-0.90,0.00
3.13,-0.90,0.00
3.15,-0.90,0.00
3.17,-0.90,0.00
3.19,-0.90,0.00
3.21,-0.90,0.00
3.23,-0.90,0.00
3.26,-0.90,0.00
3.28,-0.90,0.00
3.30,-0.90,0.00
3.32,-0.90,0.00
3.34,-0.90,0.00
3.36,-0.90,0.00
3.38,-0.90,0.00
3.40,-0.90,0.00
3.42,-0.90,0.00
3.44,-0.90,0.00
3.47,-0.90,0.00
3.49,-0.90,0.00
3.51,-0.90,0.00
3.53,-0.90,0.00
3.55,-0.90,0.00
3.57,-0.90,0.00
3.59,-0.90,0.00
3.61,-0.90,0.00
3.63,-0.90,0.00
3.65,-0.90,0.00
3.68,-0.90,0.00
3.70,-0.90,0.00
3.72,-0.90,0.00
3.74,-0.90,0.00
3.76,-0.90,0.00
3.78,-0.90,0.00
3.80,-0.90,0.00
3.82,-0.90,0.00
3.84,-0.90,0.00
3.86,-0.90,0.00
3.89,-0.90,0.00
3.91,-0.90,0.00
3.93,-0.90,0.00
3.95,-0.90,0.00
3.97,-0.90,0.00
3.99,-0.90,0.00
4.01,-0.90,0.00
4.03,-0.90,0.00
4.05,-0.90,0.00
4.08,-0.90,0.00
4.10,-0.90,0.00
4.12,-0.90,0.00
4.14,-0.90,0.00
4.16,-0.90,0.00
4.18,-0.90,0.00
4.20,-0.90,0.00
4.22,-0.90,0.00
4.24,-0.90,0.00
4.26,-0.90,0.00
4.29,-0.90,0.00
4.31,-0.90,0.00
4.33,-0.90,0.00
4.35,-0.90,0.00
4.37,-0.90,0.00
4.39,-0.90,0.00
4.41,-0.90,0.00
4.43,-0.90,0.00
4.45,-0.90,0.00
4.47,-0.90,0.00
4.50,-0.90,0.00
4.52,-0.90,0.00
4.54,-0.90,0.00
4.56,-0.90,0.00
4.58,-0.90,0.00
4.60,-0.90,0.00
4.62,-0.90,0.00
4.64,-0.90,0.00
4.66,-0.90,0.00
4.68,-0.90,0.00
4.71,-0.90,0.00
4.73,-0.90,0.00
4.75,-0.90,0.00
4.77,-0.90,0.00
4.79,-0.90,0.00
4.81,-0.90,0.00
4.83,-0.90,0.00
4.85,-0.90,0.00
4.87,-0.90,0.00
4.89,-0.90,0.00
4.92,-0.90,0.00
4.94,-0.90,0.00
4.96,-0.90,0.00
4.98,-0.90,0.00
5.00,-0.90,0.00
5.02,-0.90,0.00
5.04,-0.90,0.00
5.06,-0.90,0.00
5.08,-0.90,0.00
5.10,-0.90,0.00
5.13,-0.90,0.00
5.15,-0.90,0.00
5.17,-0.90,0.00
5.19,-0.90,0.00
5.21,-0.90,0.00
5.23,-0.90,0.00
5.25,-0.90,0.00
5.27,-0.90,0.00
5.29,-0.90,0.00
5.31,-0.90,0.00
5.34,-0.90,0.00
5.36,-0.90,0.00
5.38,-0.90,0.00
5.40,-0.90,0.00
5.42,-0.90,0.00
5.44,-0.90,0.00
5.46,-0.90,0.00
5.48,-0.90,0.00
5.50,-0.90,0.00
5.52,-0.90,0.00
5.55,-0.90,0.00
5.57,-0.90,0.00
5.59,-0.90,0.00
5.61,-0.90,0.00
5.63,-0.90,0.00
5.65,-0.90,0.00
5.67,-0.90,0.00
5.69,-0.90,0.00
5.71,-0.90,0.00
5.73,-0.90,0.00
5.76,-0.90,0.00
5.78,-0.90,0.00
5.80,-0.90,0.00
5.82,-0.90,0.00
5.84,-0.90,0.00
5.86,-0.90,0.00
5.88,-0.90,0.00
5.90,-0.90,0.00
5.92,-0.90,0.00
5.94,-0.90,0.00
5.97,-0.90,0.00
5.99,-0.90,0.00
6.01,-0.90,0.00
6.03,-0.90,0.00
6.05,-0.90,0.00
6.07,-0.90,0.00
6.09,-0.90,0.00
6.11,-0.90,0.00
6.13,-0.90,0.00
6.15,-0.90,0.00
6.18,-0.90,0.00
6.20,-0.90,0.00
6.22,-0.90,0.00
6.24,-0.90,0.00
6.26,-0.90,0.00
6.28,-0.90,0.00
6.30,-0.90,0.00
6.32,-0.90,0.00
6.34,-0.90,0.00
6.36,-0.90,0.00
6.39,-0.90,0.00
6.41,-0.90,0.00
6.43,-0.90,0.00
6.45,-0.90,0.00
6.47,-0.90,0.00
6.49,-0.90,0.00
6.51,-0.90,0.00
6.53,-0.90,0.00
6.55,-0.90,0.00
6.57,-0.90,0.00
6.60,-0.90,0.00
6.62,-0.90,0.00
6.64,-0.90,0.00
6.66,-0.90,0.00
6.68,-0.90,0.00
6.70,-0.90,0.00
6.72,-0.90,0.00
6.74,-0.90,0.00
6.76,-0.90,0.00
6.78,-0.90,0.00
6.81,-0.90,0.00
6.83,-0.90,0.00
6.85,-0.90,0.00
6.87,-0.90,0.00
6.89,-0.90,0.00
6.91,-0.90,0.00
6.93,-0.90,0.00
6.95,-0.90,0.00
6.97,-0.90,0.00
6.99,-0.90,0.00
7.02,-0.90,0.00
7.04,-0.90,0.00
7.06,-0.90,0.00
7.08,-0.90,0.00
7.10,-0.90,0.00
7.12,-0.90,0.00
7.14,-0.90,0.00
7.16,-0.90,0.00
7.18,-0.90,0.00
7.20,-0.90,0.00
7.23,-0.90,0.00
7.25,-0.90,0.00
7.27,-0.90,0.00
7.29,-0.90,0.00
7.31,-0.90,0.00
7.33,-0.90,0.00
7.35,-0.90,0.00
7.37,-0.90,0.00
7.39,-0.90,0.00
7.41,-0.90,0.00
7.44,-0.90,0.00
7.46,-0.90,0.00
7.48,-0.90,0.00
7.50,-0.90,0.00
7.52,-0.90,0.00
7.54,-0.90,0.00
7.56,-0.90,0.00
7.58,-0.90,0.00
7.60,-0.90,0.00
7.62,-0.90,0.00
7.65,-0.90,0.00
7.67,-0.90,0.00
7.69,-0.90,0.00
7.71,-0.90,0.00
7.73,-0.90,0.00
7.75,-0.90,0.00
7.77,-0.90,0.00
7.79,-0.90,0.00
7.81,-0.90,0.00
7.83,-0.90,0.00
7.86,-0.90,0.00
7.88,-0.90,0.00
7.90,-0.90,0.00
7.92,-0.90,0.00
7.94,-0.90,0.00
7.96,-0.90,0.00
7.98,-0.90,0.00
8.00,-0.90,0.00
8.02,-0.90,0.00
8.05,-0.90,0.00
8.07,-0.90,0.00
8.09,-0.90,0.00
8.11,-0.90,0.00
8.13,-0.90,0.00
8.15,-0.90,0.00
8.17,-0.90,0.00
8.19,-0.90,0.00
8.21,-0.90,0.00
8.23,-0.90,0.00
8.26,-0.90,0.00
8.28,-0.90,0.00
8.30,-0.90,0.00
8.32,-0.90,0.00
8.34,-0.90,0.00
8.36,-0.90,0.00
8.38,-0.90,0.00
8.40,-0.90,0.00
8.42,-0.90,0.00
8.44,-0.90,0.00
8.47,-0.90,0.00
8.49,-0.90,0.00
8.51,-0.90,0.00
8.53,-0.90,0.00
8.55,-0.90,0.00
8.57,-0.90,0.00
8.59,-0.90,0.00
8.61,-0.90,0.00
8.63,-0.90,0.00
8.65,-0.90,0.00
8.68,-0.90,0.00
8.70,-0.90,0.00
8.72,-0.90,0.00
8.74,-0.90,0.00
8.76,-0.90,0.00
8.78,-0.90,0.00
8.80,-0.90,0.00
8.82,-0.90,0.00
8.84,-0.90,0.00
8.86,-0.90,0.00
8.89,-0.90,0.00
8.91,-0.90,0.00
8.93,-0.90,0.00
8.95,-0.90,0.00
8.97,-0.90,0.00
8.99,-0.90,0.00
9.01,-0.90,0.00
9.03,-0.90,0.00
9.05,-0.90,0.00
9.07,-0.90,0.00
9.10,-0.90,0.00
9.12,-0.90,0.00
9.14,-0.90,0.00
9.16,-0.90,0.00
9.18,-0.90,0.00
9.20,-0.90,0.00
9.22,-0.90,0.00
9.24,-0.90,0.00
9.26,-0.90,0.00
9.28,-0.90,0.00
9.31,-0.90,0.00
9.33,-0.90,0.00
9.35,-0.90,0.00
9.37,-0.90,0.00
9.39,-0.90,0.00
9.41,-0.90,0.00
9.43,-0.90,0.00
9.45,-0.90,0.00
9.47,-0.90,0.00
9.49,-0.90,0.00
9.52,-0.90,0.00
9.54,-0.90,0.00
9.56,-0.90,0.00
9.58,-0.90,0.00
9.60,-0.90,0.00
9.62,-0.90,0.00
9.64,-0.90,0.00
9.66,-0.90,0.00
9.68,-0.90,0.00
9.70,-0.90,0.00
9.73,-0.90,0.00
9.75,-0.90,0.00
9.77,-0.90,0.00
9.79,-0.90,0.00
9.81,-0.90,0.00
9.83,-0.90,0.00
9.85,-0.90,0.00
9.87,-0.90,0.00
9.89,-0.90,0.00
9.91,-0.90,0.00
9.94,-0.90,0.00
9.96,-0.90,0.00
9.98,-0.90,0.00
10.00,-0.90,0.00
10.02,-0.90,0.00
10.04,-0.90,0.00
10.06,-0.90,0.00
10.08,-0.90,0.00
10.10,-0.90,0.00
10.12,-0.90,0.00
10.15,-0.90,0.00
10.17,-0.90,0.00
10.19,-0.90,0.00
10.21,-0.90,0.00
10.23,-0.90,0.00
10.25,-0.90,0.00
10.27,-0.90,0.00
10.29,-0.90,0.00
10.31,-0.90,0.00
10.33,-0.90,0.00
10.36,-0.90,0.00
10.38,-0.90,0.00
10.40,-0.90,0.00
10.42,-0.90,0.00
10.44,-0.90,0.00
10.46,-0.90,0.00
10.48,-0.90,0.00
10.50,-0.90,0.00
10.52,-0.90,0.00
10.54,-0.90,0.00
10.57,-0.90,0.00
10.59,-0.90,0.00
10.61,-0.90,0.00
10.63,-0.90,0.00
10.65,-0.90,0.00
10.67,-0.90,0.00
10.69,-0.90,0.00
10.71,-0.90,0.00
10.73,-0.90,0.00
10.75,-0.90,0.00
10.78,-0.90,0.00
10.80,-0.90,0.00
10.82,-0.90,0.00
10.84,-0.90,0.00
10.86,-0.90,0.00
10.88,-0.90,0.00
10.90,-0.90,0.00
10.92,-0.90,0.00
10.94,-0.90,0.00
10.96,-0.90,0.00
10.99,-0.90,0.00
11.01,-0.90,0.00
11.03,-0.90,0.00
11.05,-0.90,0.00
11.07,-0.90,0.00
11.09,-0.90,0.00
11.11,-0.90,0.00
11.13,-0.90,0.00
11.15,-0.90,0.00
11.17,-0.90,0.00
11.20,-0.90,0.00
11.22,-0.90,0.00
11.24,-0.90,0.00
11.26,-0.90,0.00
11.28,-0.90,0.00
11.30,-0.90,0.00
11.32,-0.90,0.00
11.34,-0.90,0.00
11.36,-0.90,0.00
11.38,-0.90,0.00
11.41,-0.90,0.00
11.43,-0.90,0.00
11.45,-0.90,0.00
11.47,-0.90,0.00
11.49,-0.90,0.00
11.51,-0.90,0.00
11.53,-0.90,0.00
11.55,-0.90,0.00
11.57,-0.90,0.00
11.59,-0.90,0.00
11.62,-0.90,0.00
11.64,-0.90,0.00
11.66,-0.90,0.00
11.68,-0.90,0.00
11.70,-0.90,0.00
11.72,-0.90,0.00
11.74,-0.90,0.00
11.76,-0.90,0.00
11.78,-0.90,0.00
11.80,-0.90,0.00
11.83,-0.90,0.00
11.85,-0.90,0.00
11.87,-0.90,0.00
11.89,-0.90,0.00
11.91,-0.90,0.00
11.93,-0.90,0.00
11.95,-0.90,0.00
11.97,-0.90,0.00
11.99,-0.90,0.00
12.02,-0.90,0.00
12.04,-0.90,0.00
12.06,-0.90,0.00
12.08,-0.90,0.00
12.10,-0.90,0.00
12.12,-0.90,0.00
12.14,-0.90,0.00
12.16,-0.90,0.00
12.18,-0.90,0.00
12.20,-0.90,0.00
12.23,-0.90,0.00
12.25,-0.90,0.00
12.27,-0.90,0.00
12.29,-0.90,0.00
12.31,-0.90,0.00
12.33,-0.90,0.00
12.35,-0.90,0.00
12.37,-0.90,0.00
12.39,-0.90,0.00
12.41,-0.90,0.00
12.44,-0.90,0.00
12.46,-0.90,0.00
12.48,-0.90,0.00
12.50,-0.90,0.00
12.52,-0.90,0.00
12.54,-0.90,0.00
12.56,-0.90,0.00
12.58,-0.90,0.00
12.60,-0.90,0.00
12.62,-0.90,0.00
12.65,-0.90,0.00
12.67,-0.90,0.00
12.69,-0.90,0.00
12.71,-0.90,0.00
12.73,-0.90,0.00
12.75,-0.90,0.00
12.77,-0.90,0.00
12.79,-0.90,0.00
12.81,-0.90,0.00
12.83,-0.90,0.00
12.86,-0.90,0.00
12.88,-0.90,0.00
12.90,-0.90,0.00
12.92,-0.90,0.00
12.94,-0.90,0.00
12.96,-0.90,0.00
12.98,-0.90,0.00
13.00,-0.90,0.00
13.02,-0.90,0.00
13.04,-0.90,0.00
13.07,-0.90,0.00
13.09,-0.90,0.00
13.11,-0.90,0.00
13.13,-0.90,0.00
13.15,-0.90,0.00
13.17,-0.90,0.00
13.19,-0.90,0.00
13.21,-0.90,0.00
13.23,-0.90,0.00
13.25,-0.90,0.00
13.28,-0.90,0.00
13.30,-0.90,0.00
13.32,-0.90,0.00
13.34,-0.90,0.00
13.36,-0.90,0.00
13.38,-0.90,0.00
13.40,-0.90,0.00
13.42,-0.90,0.00
13.44,-0.90,0.00
13.46,-0.90,0.00
13.49,-0.90,0.00
13.51,-0.90,0.00
13.53,-0.90,0.00
13.55,-0.90,0.00
13.57,-0.90,0.00
13.59,-0.90,0.00
13.61,-0.90,0.00
13.63,-0.90,0.00
13.65,-0.90,0.00
13.67,-0.90,0.00
13.70,-0.90,0.00
13.72,-0.90,0.00
13.74,-0.90,0.00
13.76,-0.90,0.00
13.78,-0.90,0.00
13.80,-0.90,0.00
13.82,-0.90,0.00
13.84,-0.90,0.00
13.86,-0.90,0.00
13.88,-0.90,0.00
13.91,-0.90,0.00
13.93,-0.90,0.00
13.95,-0.90,0.00
13.97,-0.90,0.00
13.99,-0.90,0.00
14.01,-0.90,0.00
14.03,-0.90,0.00
14.05,-0.90,0.00
14.07,-0.90,0.00
14.09,-0.90,0.00
14.12,-0.90,0.00
14.14,-0.90,0.00
14.16,-0.90,0.00
14.18,-0.90,0.00
14.20,-0.90,0.00
14.22,-0.90,0.00
14.24,-0.90,0.00
14.26,-0.90,0.00
14.28,-0.90,0.00
14.30,-0.90,0.00
14.33,-0.90,0.00
14.35,-0.90,0.00
14.37,-0.90,0.00
14.39,-0.90,0.00
14.41,-0.90,0.00
14.43,-0.90,0.00
14.45,-0.90,0.00
14.47,-0.90,0.00
14.49,-0.90,0.00
14.51,-0.90,0.00
14.54,-0.90,0.00
14.56,-0.90,0.00
14.58,-0.90,0.00
14.60,-0.90,0.00
14.62,-0.90,0.00
14.64,-0.90,0.00
14.66,-0.90,0.00
14.68,-0.90,0.00
14.70,-0.90,0.00
14.72,-0.90,0.00
14.75,-0.90,0.00
14.77,-0.90,0.00
14.79,-0.90,0.00
14.81,-0.90,0.00
14.83,-0.90,0.00
14.85,-0.90,0.00
14.87,-0.90,0.00
14.89,-0.90,0.00
14.91,-0.90,0.00
14.93,-0.90,0.00
14.96,-0.90,0.00
14.98,-0.90,0.00
15.00,-0.90,0.00
15.02,-0.90,0.00
15.04,-0.90,0.00
15.06,-0.90,0.00
15.08,-0.90,0.00
15.10,-0.90,0.00
15.12,-0.90,0.00
15.14,-0.90,0.00
15.17,-0.90,0.00
15.19,-0.90,0.00
15.21,-0.90,0.00
15.23,-0.90,0.00
15.25,-0.90,0.00
15.27,-0.90,0.00
15.29,-0.90,0.00
15.31,-0.90,0.00
15.33,-0.90,0.00
15.35,-0.90,0.00
15.38,-0.90,0.00
15.40,-0.90,0.00
15.42,-0.90,0.00
15.44,-0.90,0.00
15.46,-0.90,0.00
15.48,-0.90,0.00
15.50,-0.90,0.00
15.52,-0.90,0.00
15.54,-0.90,0.00
15.56,-0.90,0.00
15.59,-0.90,0.00
15.61,-0.90,0.00
15.63,-0.90,0.00
15.65,-0.90,0.00
15.67,-0.90,0.00
15.69,-0.90,0.00
15.71,-0.90,0.00
15.73,-0.90,0.00
15.75,-0.90,0.00
15.77,-0.90,0.00
15.80,-0.90,0.00
15.82,-0.90,0.00
15.84,-0.90,0.00
15.86,-0.90,0.00
15.88,-0.90,0.00
15.90,-0.90,0.00
15.92,-0.90,0.00
15.94,-0.90,0.00
15.96,-0.90,0.00
15.98,-0.90,0.00
16.01,-0.90,0.00
16.03,-0.90,0.00
16.05,-0.90,0.00
16.07,-0.90,0.00
16.09,-0.90,0.00
16.11,-0.90,0.00
16.13,-0.90,0.00
16.15,-0.90,0.00
16.17,-0.90,0.00
16.20,-0.90,0.00
16.22,-0.90,0.00
16.24,-0.90,0.00
16.26,-0.90,0.00
16.28,-0.90,0.00
16.30,-0.90,0.00
16.32,-0.90,0.00
16.34,-0.90,0.00
16.36,-0.90,0.00
16.38,-0.90,0.00
16.41,-0.90,0.00
16.43,-0.90,0.00
16.45,-0.90,0.00
16.47,-0.90,0.00
16.49,-0.90,0.00
16.51,-0.90,0.00
16.53,-0.90,0.00
16.55,-0.90,0.00
16.57,-0.90,0.00
16.59,-0.90,0.00
16.62,-0.90,0.00
16.64,-0.90,0.00
16.66,-0.90,0.00
16.68,-0.90,0.00
16.70,-0.90,0.00
16.72,-0.90,0.00
16.74,-0.90,0.00
16.76,-0.90,0.00
16.78,-0.90,0.00
16.80,-0.90,0.00
16.83,-0.90,0.00
16.85,-0.90,0.00
16.87,-0.90,0.00
16.89,-0.90,0.00
16.91,-0.90,0.00
16.93,-0.90,0.00
16.95,-0.90,0.00
16.97,-0.90,0.00
16.99,-0.90,0.00
17.01,-0.90,0.00
17.04,-0.90,0.00
17.06,-0.90,0.00
17.08,-0.90,0.00
17.10,-0.90,0.00
17.12,-0.90,0.00
17.14,-0.90,0.00
17.16,-0.90,0.00
17.18,-0.90,0.00
17.20,-0.90,0.00
17.22,-0.90,0.00
17.25,-0.90,0.00
17.27,-0.90,0.00
17.29,-0.90,0.00
17.31,-0.90,0.00
17.33,-0.90,0.00
17.35,-0.90,0.00
17.37,-0.90,0.00
17.39,-0.90,0.00
17.41,-0.90,0.00
17.43,-0.90,0.00
17.46,-0.90,0.00
17.48,-0.90,0.00
17.50,-0.90,0.00
17.52,-0.90,0.00
17.54,-0.90,0.00
17.56,-0.90,0.00
17.58,-0.90,0.00
17.60,-0.90,0.00
17.62,-0.90,0.00
17.64,-0.90,0.00
17.67,-0.90,0.00
17.69,-0.90,0.00
17.71,-0.90,0.00
17.73,-0.90,0.00
17.75,-0.90,0.00
17.77,-0.90,0.00
17.79,-0.90,0.00
17.81,-0.90,0.00
17.83,-0.90,0.00
17.85,-0.90,0.00
17.88,-0.90,0.00
17.90,-0.90,0.00
17.92,-0.90,0.00
17.94,-0.90,0.00
17.96,-0.90,0.00
17.98,-0.90,0.00
18.00,-0.90,0.00
18.02,-0.90,0.00
18.04,-0.90,0.00
18.06,-0.90,0.00
18.09,-0.90,0.00
18.11,-0.90,0.00
18.13,-0.90,0.00
18.15,-0.90,0.00
18.17,-0.90,0.00
18.19,-0.90,0.00
18.21,-0.90,0.00
18.23,-0.90,0.00
18.25,-0.90,0.00
18.27,-0.90,0.00
18.30,-0.90,0.00
18.32,-0.90,0.00
18.34,-0.90,0.00
18.36,-0.90,0.00
18.38,-0.90,0.00
18.40,-0.90,0.00
18.42,-0.90,0.00
18.44,-0.90,0.00
18.46,-0.90,0.00
18.48,-0.90,0.00
18.51,-0.90,0.00
18.53,-0.90,0.00
18.55,-0.90,0.00
18.57,-0.90,0.00
18.59,-0.90,0.00
18.61,-0.90,0.00
18.63,-0.90,0.00
18.65,-0.90,0.00
18.67,-0.90,0.00
18.69,-0.90,0.00
18.72,-0.90,0.00
18.74,-0.90,0.00
18.76,-0.90,0.00
18.78,-0.90,0.00
18.80,-0.90,0.00
18.82,-0.90,0.00
18.84,-0.90,0.00
18.86,-0.90,0.00
18.88,-0.90,0.00
18.90,-0.90,0.00
18.93,-0.90,0.00
18.95,-0.90,0.00
18.97,-0.90,0.00
18.99,-0.90,0.00
19.01,-0.90,0.00
19.03,-0.90,0.00
19.05,-0.90,0.00
19.07,-0.90,0.00
19.09,-0.90,0.00
19.11,-0.90,0.00
19.14,-0.90,0.00
19.16,-0.90,0.00
19.18,-0.90,0.00
19.20,-0.90,0.00
19.22,-0.90,0.00
19.24,-0.90,0.00
19.26,-0.90,0.00
19.28,-0.90,0.00
19.30,-0.90,0.00
19.32,-0.90,0.00
19.35,-0.90,0.00
19.37,-0.90,0.00
19.39,-0.90,0.00
19.41,-0.90,0.00
19.43,-0.90,0.00
19.45,-0.90,0.00
19.47,-0.90,0.00
19.49,-0.90,0.00
19.51,-0.90,0.00
19.53,-0.90,0.00
19.56,-0.90,0.00
19.58,-0.90,0.00
19.60,-0.90,0.00
19.62,-0.90,0.00
19.64,-0.90,0.00
19.66,-0.90,0.00
19.68,-0.90,0.00
19.70,-0.90,0.00
19.72,-0.90,0.00
19.74,-0.90,0.00
19.77,-0.90,0.00
19.79,-0.90,0.00
19.81,-0.90,0.00
19.83,-0.90,0.00
19.85,-0.90,0.00
19.87,-0.90,0.00
19.89,-0.90,0.00
19.91,-0.90,0.00
19.93,-0.90,0.00
19.95,-0.90,0.00
19.98,-0.90,0.00
20.00,-0.90,0.00
20.02,-0.90,0.00
20.04,-0.90,0.00
20.06,-0.90,0.00
20.08,-0.90,0.00
20.10,-0.90,0.00
20.12,-0.90,0.00
20.14,-0.90,0.00
20.17,-0.90,0.00
20.19,-0.90,0.00
20.21,-0.90,0.00
20.23,-0.90,0.00
20.25,-0.90,0.00
20.27,-0.90,0.00
20.29,-0.90,0.00
20.31,-0.90,0.00
20.33,-0.90,0.00
20.35,-0.90,0.00
20.38,-0.90,0.00
20.40,-0.90,0.00
20.42,-0.90,0.00
20.44,-0.90,0.00
20.46,-0.90,0.00
20.48,-0.90,0.00
20.50,-0.90,0.00
20.52,-0.90,0.00
20.54,-0.90,0.00
20.56,-0.90,0.00
20.59,-0.90,0.00
20.61,-0.90,0.00
20.63,-0.90,0.00
20.65,-0.90,0.00
20.67,-0.90,0.00
20.69,-0.90,0.00
20.71,-0.90,0.00
20.73,-0.90,0.00
20.75,-0.90,0.00
20.77,-0.90,0.00
20.80,-0.90,0.00
20.82,-0.90,0.00
20.84,-0.90,0.00
20.86,-0.90,0.00
20.88,-0.90,0.00
20.90,-0.90,0.00
20.92,-0.90,0.00
20.94,-0.90,0.00
20.96,-0.90,0.00
20.98,-0.90,0.00
21.01,-0.90,0.00
21.03,-0.90,0.00
21.05,-0.90,0.00
21.07,-0.90,0.00
21.08,-0.90,0.00
21.10,-0.90,0.00
21.12,-0.90,0.00
21.14,-0.90,0.00
21.15,-0.90,0.00
21.17,-0.90,0.00
21.19,-0.90,0.00
21.20,-0.90,0.00
21.22,-0.90,0.00
21.24,-0.90,0.00
21.26,-0.90,0.00
21.27,-0.90,0.00
21.29,-0.90,0.00
21.31,-0.90,0.00
21.32,-0.90,0.00
21.34,-0.90,0.00
21.36,-0.90,0.00
21.38,-0.90,0.00
21.39,-0.90,0.00
21.41,-0.90,0.00
21.43,-0.90,0.00
21.45,-0.90,0.00
21.46,-0.90,0.00
21.48,-0.90,0.00
21.50,-0.89,0.00
21.51,-0.89,0.00
21.53,-0.89,0.00
21.55,-0.89,0.00
21.57,-0.89,0.00
21.58,-0.89,0.00
21.60,-0.89,0.00
21.62,-0.89,0.00
21.64,-0.89,0.00
21.65,-0.89,0.00
21.67,-0.89,0.00
21.69,-0.89,0.00
21.70,-0.89,0.00
21.72,-0.89,0.00
21.74,-0.89,0.00
21.76,-0.89,0.00
21.77,-0.89,0.00
21.79,-0.89,0.00
21.81,-0.89,0.00
21.83,-0.88,0.00
21.84,-0.88,0.00
21.86,-0.88,0.00
21.88,-0.88,0.00
21.90,-0.88,0.00
21.91,-0.88,0.00
21.93,-0.88,0.00
21.95,-0.88,0.00
21.97,-0.88,0.00
21.99,-0.88,0.00
22.00,-0.88,0.00
22.02,-0.88,0.00
22.04,-0.88,0.00
22.06,-0.88,0.00
22.07,-0.88,0.00
22.09,-0.88,0.00
22.11,-0.88,0.00
22.13,-0.88,0.00
22.15,-0.88,0.00
22.16,-0.88,0.00
22.18,-0.89,0.00
22.20,-0.89,0.00
22.22,-0.89,0.00
22.24,-0.89,0.00
22.25,-0.89,0.00
22.27,-0.89,0.00
22.29,-0.89,0.00
22.31,-0.89,0.00
22.33,-0.89,0.00
22.34,-0.90,0.00
22.36,-0.90,0.00
22.38,-0.90,0.00
22.40,-0.90,0.00
22.42,-0.90,0.00
22.44,-0.90,0.00
22.45,-0.91,0.00
22.47,-0.91,0.00
22.49,-0.91,0.00
22.51,-0.91,0.00
22.53,-0.91,0.00
22.55,-0.92,0.00
22.56,-0.92,0.00
22.58,-0.92,0.00
22.60,-0.92,0.00
22.62,-0.93,0.00
22.64,-0.93,0.00
22.66,-0.93,0.00
22.68,-0.93,0.00
22.70,-0.94,0.00
22.71,-0.94,0.00
22.73,-0.94,0.00
22.75,-0.94,0.00
22.77,-0.95,0.00
22.79,-0.95,0.00
22.81,-0.95,0.00
22.83,-0.96,0.00
22.85,-0.96,0.00
22.86,-0.96,0.00
22.88,-0.97,0.00
22.90,-0.97,0.00
22.92,-0.98,0.00
22.94,-0.98,0.00
22.96,-0.98,0.00
22.98,-0.99,0.00
23.00,-0.99,0.00
23.02,-1.00,0.00
23.04,-1.00,0.00
23.06,-1.00,0.00
23.07,-1.01,0.00
23.09,-1.01,0.00
23.11,-1.02,0.00
23.13,-1.02,0.00
23.15,-1.03,0.00
23.17,-1.03,0.00
23.19,-1.04,0.00
23.21,-1.04,0.00
23.23,-1.05,0.00
23.25,-1.05,0.00
23.27,-1.06,0.00
23.29,-1.06,0.00
23.31,-1.07,0.00
23.33,-1.07,0.00
23.35,-1.08,0.00
23.37,-1.08,0.00
23.39,-1.09,0.00
23.40,-1.09,0.00
23.42,-1.10,0.00
23.44,-1.10,0.00
23.46,-1.11,0.00
23.48,-1.12,0.00
23.50,-1.12,0.00
23.52,-1.13,0.00
23.54,-1.13,0.00
23.56,-1.14,0.00
23.58,-1.15,0.00
23.60,-1.15,0.00
23.62,-1.16,0.00
23.64,-1.17,0.00
23.66,-1.17,0.00
23.68,-1.18,0.00
23.70,-1.19,0.00
23.72,-1.19,0.00
23.74,-1.20,0.00
23.76,-1.21,0.00
23.78,-1.21,0.00
23.80,-1.22,0.00
23.82,-1.23,0.00
23.84,-1.24,0.00
23.86,-1.24,0.00
23.88,-1.25,0.00
23.90,-1.26,0.00
23.92,-1.26,0.00
23.94,-1.27,0.00
23.96,-1.28,0.00
23.98,-1.29,0.00
24.00,-1.29,0.00
24.02,-1.30,0.00
24.04,-1.31,0.00
24.06,-1.32,0.00
24.09,-1.33,0.00
24.11,-1.33,0.00
24.13,-1.34,0.00
24.15,-1.35,0.00
24.17,-1.36,0.00
24.19,-1.37,0.00
24.21,-1.38,0.00
24.23,-1.38,0.00
24.25,-1.39,0.00
24.27,-1.40,0.00
24.29,-1.41,0.00
24.31,-1.42,0.00
24.33,-1.43,0.00
24.35,-1.44,0.00
24.37,-1.44,0.00
24.39,-1.45,0.00
24.41,-1.46,0.00
24.43,-1.47,0.00
24.46,-1.48,0.00
24.48,-1.49,0.00
24.50,-1.50,0.00
24.52,-1.51,0.00
24.54,-1.52,0.00
24.56,-1.53,0.00
24.58,-1.54,0.00
24.60,-1.55,0.00
24.62,-1.55,0.00
24.64,-1.56,0.00
24.66,-1.57,0.00
24.68,-1.58,0.00
24.70,-1.59,0.00
24.73,-1.60,0.00
24.75,-1.61,0.00
24.77,-1.62,0.00
24.79,-1.63,0.00
24.81,-1.64,0.00
24.83,-1.65,0.00
24.85,-1.66,0.00
24.87,-1.67,0.00
24.89,-1.68,0.00
24.91,-1.69,0.00
24.94,-1.70,0.00
24.96,-1.71,0.00
24.98,-1.72,0.00
25.00,-1.73,0.00
25.02,-1.75,0.00
25.04,-1.76,0.00
25.06,-1.77,0.00
25.08,-1.78,0.00
25.10,-1.79,0.00
25.13,-1.80,0.00
25.15,-1.81,0.00
25.17,-1.82,0.00
25.19,-1.83,0.00
25.21,-1.84,0.00
25.23,-1.85,0.00
25.25,-1.86,0.00
25.27,-1.87,0.00
25.30,-1.88,0.00
25.32,-1.90,0.00
25.34,-1.91,0.00
25.36,-1.92,0.00
25.38,-1.93,0.00
25.40,-1.94,0.00
25.42,-1.95,0.00
25.45,-1.96,0.00
25.47,-1.97,0.00
25.49,-1.99,0.00
25.51,-2.00,0.00
25.53,-2.01,0.00
25.55,-2.02,0.00
25.57,-2.03,0.00
25.60,-2.04,0.00
25.62,-2.05,0.00
25.64,-2.07,0.00
25.66,-2.08,0.00
25.68,-2.09,0.00
25.70,-2.10,0.00
25.72,-2.11,0.00
25.75,-2.12,0.00
25.77,-2.13,0.00
25.79,-2.15,0.00
25.81,-2.16,0.00
25.83,-2.17,0.00
25.85,-2.18,0.00
25.88,-2.19,0.00
25.90,-2.21,0.00
25.92,-2.22,0.00
25.94,-2.23,0.00
25.96,-2.24,0.00
25.98,-2.25,0.00
26.01,-2.26,0.00
26.03,-2.28,0.00
26.05,-2.29,0.00
26.07,-2.30,0.00
26.09,-2.31,0.00
26.12,-2.32,0.00
26.14,-2.34,0.00
26.16,-2.35,0.00
26.18,-2.36,0.00
26.20,-2.37,0.00
26.22,-2.39,0.00
26.25,-2.40,0.00
26.27,-2.41,0.00
26.29,-2.42,0.00
26.31,-2.43,0.00
26.33,-2.45,0.00
26.36,-2.46,0.00
26.38,-2.47,0.00
26.40,-2.48,0.00
26.42,-2.49,0.00
26.44,-2.51,0.00
26.46,-2.52,0.00
26.49,-2.53,0.00
26.51,-2.54,0.00
26.53,-2.56,0.00
26.55,-2.57,0.00
26.57,-2.58,0.00
26.60,-2.59,0.00
26.62,-2.60,0.00
26.64,-2.62,0.00
26.66,-2.63,0.00
26.68,-2.64,0.00
26.71,-2.65,0.00
26.73,-2.67,0.00
26.75,-2.68,0.00
26.77,-2.69,0.00
26.80,-2.70,0.00
26.82,-2.72,0.00
26.84,-2.73,0.00
26.86,-2.74,0.00
26.88,-2.75,0.00
26.91,-2.76,0.00
26.93,-2.78,0.00
26.95,-2.79,0.00
26.97,-2.80,0.00
26.99,-2.81,0.00
27.02,-2.83,0.00
27.04,-2.84,0.00
27.06,-2.85,0.00
27.08,-2.86,0.00
27.11,-2.87,0.00
27.13,-2.89,0.00
27.15,-2.90,0.00
27.17,-2.91,0.00
27.19,-2.92,0.00
27.22,-2.94,0.00
27.24,-2.95,0.00
27.26,-2.96,0.00
27.28,-2.97,0.00
27.31,-2.98,0.00
27.33,-3.00,0.00
27.35,-3.01,0.00
27.37,-3.02,0.00
27.39,-3.03,0.00
27.42,-3.04,0.00
27.44,-3.06,0.00
27.46,-3.07,0.00
27.48,-3.08,0.00
27.51,-3.09,0.00
27.53,-3.10,0.00
27.55,-3.12,0.00
27.57,-3.13,0.00
27.60,-3.14,0.00
27.62,-3.15,0.00
27.64,-3.16,0.00
27.66,-3.17,0.00
27.69,-3.19,0.00
27.71,-3.20,0.00
27.73,-3.21,0.00
27.75,-3.22,0.00
27.78,-3.23,0.00
27.80,-3.24,0.00
27.82,-3.26,0.00
27.84,-3.27,0.00
27.87,-3.28,0.00
27.89,-3.29,0.00
27.91,-3.30,0.00
27.93,-3.31,0.00
27.96,-3.33,0.00
27.98,-3.34,0.00
28.00,-3.35,0.00
28.02,-3.36,0.00
28.05,-3.37,0.00
28.07,-3.38,0.00
28.09,-3.39,0.00
28.11,-3.40,0.00
28.14,-3.42,0.00
28.16,-3.43,0.00
28.18,-3.44,0.00
28.20,-3.45,0.00
28.23,-3.46,0.00
28.25,-3.47,0.00
28.27,-3.48,0.00
28.29,-3.49,0.00
28.32,-3.50,0.00
28.34,-3.51,0.00
28.36,-3.52,0.00
28.39,-3.54,0.00
28.41,-3.55,0.00
28.43,-3.56,0.00
28.45,-3.57,0.00
28.48,-3.58,0.00
28.50,-3.59,0.00
28.52,-3.60,0.00
28.54,-3.61,0.00
28.57,-3.62,0.00
28.59,-3.63,0.00
28.61,-3.64,0.00
28.63,-3.65,0.00
28.66,-3.66,0.00
28.68,-3.67,0.00
28.70,-3.68,0.00
28.73,-3.69,0.00
28.75,-3.70,0.00
28.77,-3.71,0.00
28.79,-3.72,0.00
28.82,-3.73,0.00
28.84,-3.74,0.00
28.86,-3.75,0.00
28.89,-3.76,0.00
28.91,-3.77,0.00
28.93,-3.78,0.00
28.95,-3.79,0.00
28.98,-3.80,0.00
29.00,-3.81,0.00
29.02,-3.82,0.00
29.05,-3.83,0.00
29.07,-3.83,0.00
29.09,-3.84,0.00
29.11,-3.85,0.00
29.14,-3.86,0.00
29.16,-3.87,0.00
29.18,-3.88,0.00
29.21,-3.89,0.00
29.23,-3.90,0.00
29.25,-3.91,0.00
29.27,-3.91,0.00
29.30,-3.92,0.00
29.32,-3.93,0.00
29.34,-3.94,0.00
29.37,-3.95,0.00
29.39,-3.96,0.00
29.41,-3.97,0.00
29.44,-3.97,0.00
29.46,-3.98,0.00
29.48,-3.99,0.00
29.50,-4.00,0.00
29.53,-4.01,0.00
29.55,-4.01,0.00
29.57,-4.02,0.00
29.60,-4.03,0.00
29.62,-4.04,0.00
29.64,-4.04,0.00
29.66,-4.05,0.00
29.69,-4.06,0.00
29.71,-4.07,0.00
29.73,-4.07,0.00
29.76,-4.08,0.00
29.78,-4.09,0.00
29.80,-4.10,0.00
29.83,-4.10,0.00
29.85,-4.11,0.00
29.87,-4.12,0.00
29.90,-4.12,0.00
29.92,-4.13,0.00
29.94,-4.14,0.00
29.96,-4.14,0.00
29.99,-4.15,0.00
30.01,-4.16,0.00
30.03,-4.16,0.00
30.06,-4.17,0.00
30.08,-4.18,0.00
30.10,-4.18,0.00
30.13,-4.19,0.00
30.15,-4.19,0.00
30.17,-4.20,0.00
30.20,-4.21,0.00
30.22,-4.21,0.00
30.24,-4.22,0.00
30.26,-4.22,0.00
30.29,-4.23,0.00
30.31,-4.23,0.00
30.33,-4.24,0.00
30.36,-4.24,0.00
30.38,-4.25,0.00
30.40,-4.25,0.00
30.43,-4.26,0.00
30.45,-4.26,0.00
30.47,-4.27,0.00
30.49,-4.27,0.00
30.52,-4.28,0.00
30.54,-4.28,0.00
30.56,-4.29,0.00
30.59,-4.29,0.00
30.61,-4.30,0.00
30.63,-4.30,0.00
30.66,-4.30,0.00
30.68,-4.31,0.00
30.70,-4.31,0.00
30.73,-4.32,0.00
30.75,-4.32,0.00
30.77,-4.32,0.00
30.79,-4.33,0.00
30.82,-4.33,0.00
30.84,-4.33,0.00
30.86,-4.34,0.00
30.89,-4.34,0.00
30.91,-4.34,0.00
30.93,-4.35,0.00
30.96,-4.35,0.00
30.98,-4.35,0.00
31.00,-4.36,0.00
31.02,-4.36,0.00
31.05,-4.36,0.00
31.07,-4.36,0.00
31.09,-4.37,0.00
31.12,-4.37,0.00
31.14,-4.37,0.00
31.16,-4.37,0.00
31.19,-4.38,0.00
31.21,-4.38,0.00
31.23,-4.38,0.00
31.25,-4.38,0.00
31.28,-4.38,0.00
31.30,-4.39,0.00
31.32,-4.39,0.00
31.35,-4.39,0.00
31.37,-4.39,0.00
31.39,-4.39,0.00
31.41,-4.39,0.00
31.44,-4.39,0.00
31.46,-4.39,0.00
31.48,-4.40,0.00
31.51,-4.40,0.00
31.53,-4.40,0.00
31.55,-4.40,0.00
31.57,-4.40,0.00
31.60,-4.40,0.00
31.62,-4.40,0.00
31.64,-4.40,0.00
31.67,-4.40,0.00
31.69,-4.40,0.00
31.71,-4.40,0.00
31.73,-4.40,0.00
31.76,-4.40,0.00
31.78,-4.40,0.00
31.80,-4.40,0.00
31.82,-4.40,0.00
31.85,-4.40,0.00
31.87,-4.40,0.00
31.89,-4.40,0.00
31.92,-4.40,0.00
31.94,-4.40,0.00
31.96,-4.40,0.00
31.98,-4.39,0.00
32.01,-4.39,0.00
32.03,-4.39,0.00
32.05,-4.39,0.00
32.07,-4.39,0.00
32.10,-4.39,0.00
32.12,-4.39,0.00
32.14,-4.39,0.00
32.16,-4.38,0.00
32.19,-4.38,0.00
32.21,-4.38,0.00
32.23,-4.38,0.00
32.25,-4.38,0.00
32.28,-4.37,0.00
32.30,-4.37,0.00
32.32,-4.37,0.00
32.34,-4.37,0.00
32.37,-4.36,0.00
32.39,-4.36,0.00
32.41,-4.36,0.00
32.43,-4.36,0.00
32.45,-4.35,0.00
32.48,-4.35,0.00
32.50,-4.35,0.00
32.52,-4.34,0.00
32.54,-4.34,0.00
32.57,-4.34,0.00
32.59,-4.33,0.00
32.61,-4.33,0.00
32.63,-4.33,0.00
32.65,-4.32,0.00
32.68,-4.32,0.00
32.70,-4.32,0.00
32.72,-4.31,0.00
32.74,-4.31,0.00
32.77,-4.31,0.00
32.79,-4.30,0.00
32.81,-4.30,0.00
32.83,-4.29,0.00
32.85,-4.29,0.00
32.88,-4.28,0.00
32.90,-4.28,0.00
32.92,-4.27,0.00
32.94,-4.27,0.00
32.96,-4.27,0.00
32.99,-4.26,0.00
33.01,-4.26,0.00
33.03,-4.25,0.00
33.05,-4.25,0.00
33.07,-4.24,0.00
33.10,-4.24,0.00
33.12,-4.23,0.00
33.14,-4.22,0.00
33.16,-4.22,0.00
33.18,-4.21,0.00
33.21,-4.21,0.00
33.23,-4.20,0.00
33.25,-4.20,0.00
33.27,-4.19,0.00
33.29,-4.19,0.00
33.31,-4.18,0.00
33.34,-4.17,0.00
33.36,-4.17,0.00
33.38,-4.16,0.00
33.40,-4.15,0.00
33.42,-4.15,0.00
33.45,-4.14,0.00
33.47,-4.14,0.00
33.49,-4.13,0.00
33.51,-4.12,0.00
33.53,-4.12,0.00
33.55,-4.11,0.00
33.58,-4.10,0.00
33.60,-4.10,0.00
33.62,-4.09,0.00
33.64,-4.08,0.00
33.66,-4.07,0.00
33.68,-4.07,0.00
33.71,-4.06,0.00
33.73,-4.05,0.00
33.75,-4.05,0.00
33.77,-4.04,0.00
33.79,-4.03,0.00
33.81,-4.02,0.00
33.83,-4.02,0.00
33.86,-4.01,0.00
33.88,-4.00,0.00
33.90,-3.99,0.00
33.92,-3.98,0.00
33.94,-3.98,0.00
33.96,-3.97,0.00
33.99,-3.96,0.00
34.01,-3.95,0.00
34.03,-3.94,0.00
34.05,-3.93,0.00
34.07,-3.93,0.00
34.09,-3.92,0.00
34.11,-3.91,0.00
34.14,-3.90,0.00
34.16,-3.89,0.00
34.18,-3.88,0.00
34.20,-3.88,0.00
34.22,-3.87,0.00
34.24,-3.86,0.00
34.26,-3.85,0.00
34.29,-3.84,0.00
34.31,-3.83,0.00
34.33,-3.82,0.00
34.35,-3.81,0.00
34.37,-3.80,0.00
34.39,-3.79,0.00
34.41,-3.78,0.00
34.44,-3.78,0.00
34.46,-3.77,0.00
34.48,-3.76,0.00
34.50,-3.75,0.00
34.52,-3.74,0.00
34.54,-3.73,0.00
34.56,-3.72,0.00
34.59,-3.71,0.00
34.61,-3.70,0.00
34.63,-3.69,0.00
34.65,-3.68,0.00
34.67,-3.67,0.00
34.69,-3.66,0.00
34.71,-3.65,0.00
34.74,-3.64,0.00
34.76,-3.63,0.00
34.78,-3.62,0.00
34.80,-3.61,0.00
34.82,-3.60,0.00
34.84,-3.59,0.00
34.86,-3.58,0.00
34.88,-3.57,0.00
34.91,-3.56,0.00
34.93,-3.54,0.00
34.95,-3.53,0.00
34.97,-3.52,0.00
34.99,-3.51,0.00
35.01,-3.50,0.00
35.03,-3.49,0.00
35.06,-3.48,0.00
35.08,-3.47,0.00
35.10,-3.46,0.00
35.12,-3.45,0.00
35.14,-3.44,0.00
35.16,-3.43,0.00
35.18,-3.41,0.00
35.20,-3.40,0.00
35.23,-3.39,0.00
35.25,-3.38,0.00
35.27,-3.37,0.00
35.29,-3.36,0.00
35.31,-3.35,0.00
35.33,-3.34,0.00
35.35,-3.32,0.00
35.37,-3.31,0.00
35.40,-3.30,0.00
35.42,-3.29,0.00
35.44,-3.28,0.00
35.46,-3.27,0.00
35.48,-3.26,0.00
35.50,-3.24,0.00
35.52,-3.23,0.00
35.55,-3.22,0.00
35.57,-3.21,0.00
35.59,-3.20,0.00
35.61,-3.19,0.00
35.63,-3.17,0.00
35.65,-3.16,0.00
35.67,-3.15,0.00
35.69,-3.14,0.00
35.72,-3.13,0.00
35.74,-3.11,0.00
35.76,-3.10,0.00
35.78,-3.09,0.00
35.80,-3.08,0.00
35.82,-3.07,0.00
35.84,-3.06,0.00
35.87,-3.04,0.00
35.89,-3.03,0.00
35.91,-3.02,0.00
35.93,-3.01,0.00
35.95,-2.99,0.00
35.97,-2.98,0.00
35.99,-2.97,0.00
36.01,-2.96,0.00
36.04,-2.95,0.00
36.06,-2.93,0.00
36.08,-2.92,0.00
36.10,-2.91,0.00
36.12,-2.90,0.00
36.14,-2.89,0.00
36.16,-2.87,0.00
36.19,-2.86,0.00
36.21,-2.85,0.00
36.23,-2.84,0.00
36.25,-2.82,0.00
36.27,-2.81,0.00
36.29,-2.80,0.00
36.31,-2.79,0.00
36.34,-2.78,0.00
36.36,-2.76,0.00
36.38,-2.75,0.00
36.40,-2.74,0.00
36.42,-2.73,0.00
36.44,-2.71,0.00
36.47,-2.70,0.00
36.49,-2.69,0.00
36.51,-2.68,0.00
36.53,-2.67,0.00
36.55,-2.65,0.00
36.57,-2.64,0.00
36.59,-2.63,0.00
36.62,-2.62,0.00
36.64,-2.60,0.00
36.66,-2.59,0.00
36.68,-2.58,0.00
36.70,-2.57,0.00
36.72,-2.55,0.00
36.75,-2.54,0.00
36.77,-2.53,0.00
36.79,-2.52,0.00
36.81,-2.51,0.00
36.83,-2.49,0.00
36.85,-2.48,0.00
36.87,-2.47,0.00
36.90,-2.46,0.00
36.92,-2.44,0.00
36.94,-2.43,0.00
36.96,-2.42,0.00
36.98,-2.41,0.00
37.00,-2.39,0.00
37.03,-2.38,0.00
37.05,-2.37,0.00
37.07,-2.36,0.00
37.09,-2.35,0.00
37.11,-2.33,0.00
37.13,-2.32,0.00
37.16,-2.31,0.00
37.18,-2.30,0.00
37.20,-2.29,0.00
37.22,-2.27,0.00
37.24,-2.26,0.00
37.26,-2.25,0.00
37.28,-2.24,0.00
37.31,-2.22,0.00
37.33,-2.21,0.00
37.35,-2.20,0.00
37.37,-2.19,0.00
37.39,-2.18,0.00
37.41,-2.17,0.00
37.44,-2.15,0.00
37.46,-2.14,0.00
37.48,-2.13,0.00
37.50,-2.12,0.00
37.52,-2.11,0.00
37.54,-2.09,0.00
37.57,-2.08,0.00
37.59,-2.07,0.00
37.61,-2.06,0.00
37.63,-2.05,0.00
37.65,-2.04,0.00
37.67,-2.02,0.00
37.70,-2.01,0.00
37.72,-2.00,0.00
37.74,-1.99,0.00
37.76,-1.98,0.00
37.78,-1.97,0.00
37.80,-1.95,0.00
37.83,-1.94,0.00
37.85,-1.93,0.00
37.87,-1.92,0.00
37.89,-1.91,0.00
37.91,-1.90,0.00
37.93,-1.89,0.00
37.96,-1.87,0.00
37.98,-1.86,0.00
38.00,-1.85,0.00
38.02,-1.84,0.00
38.04,-1.83,0.00
38.06,-1.82,0.00
38.09,-1.81,0.00
38.11,-1.80,0.00
38.13,-1.79,0.00
38.15,-1.78,0.00
38.17,-1.76,0.00
38.19,-1.75,0.00
38.21,-1.74,0.00
38.24,-1.73,0.00
38.26,-1.72,0.00
38.28,-1.71,0.00
38.30,-1.70,0.00
38.32,-1.69,0.00
38.34,-1.68,0.00
38.37,-1.67,0.00
38.39,-1.66,0.00
38.41,-1.65,0.00
38.43,-1.64,0.00
38.45,-1.63,0.00
38.47,-1.62,0.00
38.49,-1.61,0.00
38.52,-1.60,0.00
38.54,-1.59,0.00
38.56,-1.58,0.00
38.58,-1.57,0.00
38.60,-1.56,0.00
38.62,-1.55,0.00
38.65,-1.54,0.00
38.67,-1.53,0.00
38.69,-1.52,0.00
38.71,-1.51,0.00
38.73,-1.50,0.00
38.75,-1.49,0.00
38.77,-1.48,0.00
38.80,-1.47,0.00
38.82,-1.46,0.00
38.84,-1.45,0.00
38.86,-1.44,0.00
38.88,-1.43,0.00
38.90,-1.42,0.00
38.92,-1.41,0.00
38.95,-1.40,0.00
38.97,-1.39,0.00
38.99,-1.39,0.00
39.01,-1.38,0.00
39.03,-1.37,0.00
39.05,-1.36,0.00
39.07,-1.35,0.00
39.09,-1.34,0.00
39.12,-1.33,0.00
39.14,-1.32,0.00
39.16,-1.32,0.00
39.18,-1.31,0.00
39.20,-1.30,0.00
39.22,-1.29,0.00
39.24,-1.28,0.00
39.26,-1.27,0.00
39.29,-1.27,0.00
39.31,-1.26,0.00
39.33,-1.25,0.00
39.35,-1.24,0.00
39.37,-1.23,0.00
39.39,-1.23,0.00
39.41,-1.22,0.00
39.43,-1.21,0.00
39.45,-1.20,0.00
39.47,-1.20,0.00
39.50,-1.19,0.00
39.52,-1.18,0.00
39.54,-1.17,0.00
39.56,-1.17,0.00
39.58,-1.16,0.00
39.60,-1.15,0.00
39.62,-1.15,0.00
39.64,-1.14,0.00
39.66,-1.13,0.00
39.68,-1.13,0.00
39.70,-1.12,0.00
39.73,-1.11,0.00
39.75,-1.11,0.00
39.77,-1.10,0.00
39.79,-1.09,0.00
39.81,-1.09,0.00
39.83,-1.08,0.00
39.85,-1.07,0.00
39.87,-1.07,0.00
39.89,-1.06,0.00
39.91,-1.06,0.00
39.93,-1.05,0.00
39.95,-1.04,0.00
39.97,-1.04,0.00
39.99,-1.03,0.00
40.01,-1.03,0.00
40.03,-1.02,0.00
40.06,-1.02,0.00
40.08,-1.01,0.00
40.10,-1.01,0.00
40.12,-1.00,0.00
40.14,-1.00,0.00
40.16,-0.99,0.00
40.18,-0.99,0.00
40.20,-0.98,0.00
40.22,-0.98,0.00
40.24,-0.97,0.00
40.26,-0.97,0.00
40.28,-0.96,0.00
40.30,-0.96,0.00
40.32,-0.95,0.00
40.34,-0.95,0.00
40.36,-0.95,0.00
40.38,-0.94,0.00
40.40,-0.94,0.00
40.42,-0.93,0.00
40.44,-0.93,0.00
40.46,-0.93,0.00
40.48,-0.92,0.00
40.50,-0.92,0.00
40.52,-0.92,0.00
40.54,-0.91,0.00
40.56,-0.91,0.00
40.58,-0.91,0.00
40.60,-0.90,0.00
40.62,-0.90,0.00
40.64,-0.90,0.00
40.66,-0.89,0.00
40.67,-0.89,0.00
40.69,-0.89,0.00
40.71,-0.89,0.00
40.73,-0.88,0.00
40.75,-0.88,0.00
40.77,-0.88,0.00
40.79,-0.88,0.00
40.81,-0.87,0.00
40.83,-0.87,0.00
40.85,-0.87,0.00
40.87,-0.87,0.00
40.89,-0.87,0.00
40.91,-0.86,0.00
40.93,-0.86,0.00
40.94,-0.86,0.00
40.96,-0.86,0.00
40.98,-0.86,0.00
41.00,-0.86,0.00
41.02,-0.85,0.00
41.04,-0.85,0.00
41.06,-0.85,0.00
41.08,-0.85,0.00
41.10,-0.85,0.00
41.11,-0.85,0.00
41.13,-0.85,0.00
41.15,-0.85,0.00
41.17,-0.85,0.00
41.19,-0.85,0.00
41.21,-0.85,0.00
41.23,-0.84,0.00
41.24,-0.84,0.00
41.26,-0.84,0.00
41.28,-0.84,0.00
41.30,-0.84,0.00
41.32,-0.84,0.00
41.34,-0.84,0.00
41.35,-0.84,0.00
41.37,-0.84,0.00
41.39,-0.84,0.00
41.41,-0.84,0.00
41.43,-0.85,0.00
41.45,-0.85,0.00
41.46,-0.85,0.00
41.48,-0.85,0.00
41.50,-0.85,0.00
41.52,-0.85,0.00
41.54,-0.85,0.00
41.55,-0.85,0.00
41.57,-0.85,0.00
41.59,-0.85,0.00
41.61,-0.85,0.00
41.62,-0.85,0.00
41.64,-0.86,0.00
41.66,-0.86,0.00
41.68,-0.86,0.00
41.69,-0.86,0.00
41.71,-0.86,0.00
41.73,-0.86,0.00
41.75,-0.87,0.00
41.76,-0.87,0.00
41.78,-0.87,0.00
41.80,-0.87,0.00
41.82,-0.87,0.00
41.83,-0.88,0.00
41.85,-0.88,0.00
41.87,-0.88,0.00
41.89,-0.88,0.00
41.90,-0.89,0.00
41.92,-0.89,0.00
41.94,-0.89,0.00
41.96,-0.89,0.00
41.97,-0.90,0.00
41.99,-0.90,0.00
42.01,-0.90,0.00
42.02,-0.90,0.00
42.04,-0.91,0.00
42.06,-0.91,0.00
42.07,-0.91,0.00
42.09,-0.92,0.00
42.11,-0.92,0.00
42.13,-0.92,0.00
42.14,-0.93,0.00
42.16,-0.93,0.00
42.18,-0.93,0.00
42.19,-0.94,0.00
42.21,-0.94,0.00
42.23,-0.95,0.00
42.24,-0.95,0.00
42.26,-0.95,0.00
42.28,-0.96,0.00
42.29,-0.96,0.00
42.31,-0.96,0.00
42.33,-0.97,0.00
42.34,-0.97,0.00
42.36,-0.98,0.00
42.38,-0.98,0.00
42.39,-0.99,0.00
42.41,-0.99,0.00
42.43,-1.00,0.00
42.44,-1.00,0.00
42.46,-1.00,0.00
42.48,-1.01,0.00
42.49,-1.01,0.00
42.51,-1.02,0.00
42.53,-1.02,0.00
42.54,-1.03,0.00
42.56,-1.03,0.00
42.58,-1.04,0.00
42.59,-1.04,0.00
42.61,-1.05,0.00
42.63,-1.06,0.00
42.64,-1.06,0.00
42.66,-1.07,0.00
42.68,-1.07,0.00
42.69,-1.08,0.00
42.71,-1.08,0.00
42.73,-1.09,0.00
42.74,-1.09,0.00
42.76,-1.10,0.00
42.78,-1.11,0.00
42.79,-1.11,0.00
42.81,-1.12,0.00
42.83,-1.12,0.00
42.84,-1.13,0.00
42.86,-1.14,0.00
42.88,-1.14,0.00
42.89,-1.15,0.00
42.91,-1.16,0.00
42.92,-1.16,0.00
42.94,-1.17,0.00
42.96,-1.18,0.00
42.97,-1.18,0.00
42.99,-1.19,0.00
43.01,-1.20,0.00
43.02,-1.20,0.00
43.04,-1.21,0.00
43.06,-1.22,0.00
43.07,-1.22,0.00
43.09,-1.23,0.00
43.11,-1.24,0.00
43.12,-1.25,0.00
43.14,-1.25,0.00
43.16,-1.26,0.00
43.17,-1.27,0.00
43.19,-1.28,0.00
43.21,-1.28,0.00
43.22,-1.29,0.00
43.24,-1.30,0.00
43.26,-1.31,0.00
43.27,-1.31,0.00
43.29,-1.32,0.00
43.31,-1.33,0.00
43.32,-1.34,0.00
43.34,-1.35,0.00
43.36,-1.35,0.00
43.38,-1.36,0.00
43.39,-1.37,0.00
43.41,-1.38,0.00
43.43,-1.39,0.00
43.44,-1.40,0.00
43.46,-1.41,0.00
43.48,-1.41,0.00
43.49,-1.42,0.00
43.51,-1.43,0.00
43.53,-1.44,0.00
43.54,-1.45,0.00
43.56,-1.46,0.00
43.58,-1.47,0.00
43.59,-1.48,0.00
43.61,-1.48,0.00
43.63,-1.49,0.00
43.65,-1.50,0.00
43.66,-1.51,0.00
43.68,-1.52,0.00
43.70,-1.53,0.00
43.71,-1.54,0.00
43.73,-1.55,0.00
43.75,-1.56,0.00
43.77,-1.57,0.00
43.78,-1.58,0.00
43.80,-1.59,0.00
43.82,-1.60,0.00
43.83,-1.61,0.00
43.85,-1.62,0.00
43.87,-1.63,0.00
43.89,-1.64,0.00
43.90,-1.65,0.00
43.92,-1.66,0.00
43.94,-1.67,0.00
43.96,-1.68,0.00
43.97,-1.69,0.00
43.99,-1.70,0.00
44.01,-1.71,0.00
44.03,-1.72,0.00
44.04,-1.73,0.00
44.06,-1.74,0.00
44.08,-1.75,0.00
44.10,-1.76,0.00
44.11,-1.77,0.00
44.13,-1.78,0.00
44.15,-1.80,0.00
44.17,-1.81,0.00
44.18,-1.82,0.00
44.20,-1.83,0.00
44.22,-1.84,0.00
44.24,-1.85,0.00
44.25,-1.86,0.00
44.27,-1.87,0.00
44.29,-1.88,0.00
44.31,-1.90,0.00
44.33,-1.91,0.00
44.34,-1.92,0.00
44.36,-1.93,0.00
44.38,-1.94,0.00
44.40,-1.95,0.00
44.42,-1.97,0.00
44.43,-1.98,0.00
44.45,-1.99,0.00
44.47,-2.00,0.00
44.49,-2.01,0.00
44.50,-2.02,0.00
44.52,-2.04,0.00
44.54,-2.05,0.00
44.56,-2.06,0.00
44.58,-2.07,0.00
44.60,-2.08,0.00
44.61,-2.10,0.00
44.63,-2.11,0.00
44.65,-2.12,0.00
44.67,-2.13,0.00
44.69,-2.15,0.00
44.70,-2.16,0.00
44.72,-2.17,0.00
44.74,-2.18,0.00
44.76,-2.19,0.00
44.78,-2.21,0.00
44.80,-2.22,0.00
44.81,-2.23,0.00
44.83,-2.25,0.00
44.85,-2.26,0.00
44.87,-2.27,0.00
44.89,-2.28,0.00
44.91,-2.30,0.00
44.93,-2.31,0.00
44.94,-2.32,0.00
44.96,-2.33,0.00
44.98,-2.35,0.00
45.00,-2.36,0.00
45.02,-2.37,0.00
45.04,-2.39,0.00
45.06,-2.40,0.00
45.07,-2.41,0.00
45.09,-2.43,0.00
45.11,-2.44,0.00
45.13,-2.45,0.00
45.15,-2.47,0.00
45.17,-2.48,0.00
45.19,-2.49,0.00
45.21,-2.51,0.00
45.22,-2.52,0.00
45.24,-2.53,0.00
45.26,-2.55,0.00
45.28,-2.56,0.00
45.30,-2.57,0.00
45.32,-2.59,0.00
45.34,-2.60,0.00
45.36,-2.61,0.00
45.38,-2.63,0.00
45.40,-2.64,0.00
45.41,-2.65,0.00
45.43,-2.67,0.00
45.45,-2.68,0.00
45.47,-2.70,0.00
45.49,-2.71,0.00
45.51,-2.72,0.00
45.53,-2.74,0.00
45.55,-2.75,0.00
45.57,-2.76,0.00
45.59,-2.78,0.00
45.61,-2.79,0.00
45.63,-2.81,0.00
45.65,-2.82,0.00
45.67,-2.83,0.00
45.69,-2.85,0.00
45.70,-2.86,0.00
45.72,-2.87,0.00
45.74,-2.89,0.00
45.76,-2.90,0.00
45.78,-2.92,0.00
45.80,-2.93,0.00
45.82,-2.94,0.00
45.84,-2.96,0.00
45.86,-2.97,0.00
45.88,-2.99,0.00
45.90,-3.00,0.00
45.92,-3.02,0.00
45.94,-3.03,0.00
45.96,-3.04,0.00
45.98,-3.06,0.00
46.00,-3.07,0.00
46.02,-3.09,0.00
46.04,-3.10,0.00
46.06,-3.11,0.00
46.08,-3.13,0.00
46.10,-3.14,0.00
46.12,-3.16,0.00
46.14,-3.17,0.00
46.16,-3.18,0.00
46.18,-3.20,0.00
46.20,-3.21,0.00
46.22,-3.23,0.00
46.24,-3.24,0.00
46.26,-3.25,0.00
46.28,-3.27,0.00
46.30,-3.28,0.00
46.32,-3.30,0.00
46.34,-3.31,0.00
46.36,-3.33,0.00
46.38,-3.34,0.00
46.40,-3.35,0.00
46.42,-3.37,0.00
46.44,-3.38,0.00
46.46,-3.40,0.00
46.48,-3.41,0.00
46.50,-3.42,0.00
46.52,-3.44,0.00
46.55,-3.45,0.00
46.57,-3.47,0.00
46.59,-3.48,0.00
46.61,-3.49,0.00
46.63,-3.51,0.00
46.65,-3.52,0.00
46.67,-3.54,0.00
46.69,-3.55,0.00
46.71,-3.56,0.00
46.73,-3.58,0.00
46.75,-3.59,0.00
46.77,-3.61,0.00
46.79,-3.62,0.00
46.81,-3.63,0.00
46.84,-3.65,0.00
46.86,-3.66,0.00
46.88,-3.68,0.00
46.90,-3.69,0.00
46.92,-3.70,0.00
46.94,-3.72,0.00
46.96,-3.73,0.00
46.98,-3.74,0.00
47.00,-3.76,0.00
47.03,-3.77,0.00
47.05,-3.79,0.00
47.07,-3.80,0.00
47.09,-3.81,0.00
47.11,-3.83,0.00
47.13,-3.84,0.00
47.15,-3.85,0.00
47.17,-3.87,0.00
47.20,-3.88,0.00
47.22,-3.89,0.00
47.24,-3.91,0.00
47.26,-3.92,0.00
47.28,-3.93,0.00
47.30,-3.95,0.00
47.32,-3.96,0.00
47.35,-3.97,0.00
47.37,-3.99,0.00
47.39,-4.00,0.00
47.41,-4.01,0.00
47.43,-4.03,0.00
47.45,-4.04,0.00
47.48,-4.05,0.00
47.50,-4.07,0.00
47.52,-4.08,0.00
47.54,-4.09,0.00
47.56,-4.11,0.00
47.59,-4.12,0.00
47.61,-4.13,0.00
47.63,-4.14,0.00
47.65,-4.16,0.00
47.67,-4.17,0.00
47.70,-4.18,0.00
47.72,-4.19,0.00
47.74,-4.21,0.00
47.76,-4.22,0.00
47.78,-4.23,0.00
47.81,-4.24,0.00
47.83,-4.26,0.00
47.85,-4.27,0.00
47.87,-4.28,0.00
47.90,-4.29,0.00
47.92,-4.31,0.00
47.94,-4.32,0.00
47.96,-4.33,0.00
47.99,-4.34,0.00
48.01,-4.36,0.00
48.03,-4.37,0.00
48.05,-4.38,0.00
48.08,-4.39,0.00
48.10,-4.40,0.00
48.12,-4.41,0.00
48.14,-4.43,0.00
48.17,-4.44,0.00
48.19,-4.45,0.00
48.21,-4.46,0.00
48.24,-4.47,0.00
48.26,-4.49,0.00
48.28,-4.50,0.00
48.30,-4.51,0.00
48.33,-4.52,0.00
48.35,-4.53,0.00
48.37,-4.54,0.00
48.40,-4.55,0.00
48.42,-4.57,0.00
48.44,-4.58,0.00
48.47,-4.59,0.00
48.49,-4.60,0.00
48.51,-4.61,0.00
48.54,-4.62,0.00
48.56,-4.63,0.00
48.58,-4.64,0.00
48.61,-4.65,0.00
48.63,-4.66,0.00
48.65,-4.67,0.00
48.68,-4.69,0.00
48.70,-4.70,0.00
48.72,-4.71,0.00
48.75,-4.72,0.00
48.77,-4.73,0.00
48.79,-4.74,0.00
48.82,-4.75,0.00
48.84,-4.76,0.00
48.86,-4.77,0.00
48.89,-4.78,0.00
48.91,-4.79,0.00
48.94,-4.80,0.00
48.96,-4.81,0.00
48.98,-4.82,0.00
49.01,-4.83,0.00
49.03,-4.84,0.00
49.05,-4.85,0.00
49.08,-4.86,0.00
49.10,-4.87,0.00
49.13,-4.88,0.00
49.15,-4.89,0.00
49.17,-4.90,0.00
49.20,-4.90,0.00
49.22,-4.91,0.00
49.25,-4.92,0.00
49.27,-4.93,0.00
49.30,-4.94,0.00
49.32,-4.95,0.00
49.34,-4.96,0.00
49.37,-4.97,0.00
49.39,-4.98,0.00
49.42,-4.99,0.00
49.44,-4.99,0.00
49.47,-5.00,0.00
49.49,-5.01,0.00
49.52,-5.02,0.00
49.54,-5.03,0.00
49.56,-5.04,0.00
49.59,-5.04,0.00
49.61,-5.05,0.00
49.64,-5.06,0.00
49.66,-5.07,0.00
49.69,-5.08,0.00
49.71,-5.08,0.00
49.74,-5.09,0.00
49.76,-5.10,0.00
49.79,-5.11,0.00
49.81,-5.11,0.00
49.84,-5.12,0.00
49.86,-5.13,0.00
49.89,-5.14,0.00
49.91,-5.14,0.00
49.94,-5.15,0.00
49.96,-5.16,0.00
49.99,-5.16,0.00
50.01,-5.17,0.00
50.04,-5.18,0.00
50.06,-5.18,0.00
50.09,-5.19,0.00
50.12,-5.20,0.00
50.14,-5.20,0.00
50.17,-5.21,0.00
50.19,-5.21,0.00
50.22,-5.22,0.00
50.24,-5.23,0.00
50.27,-5.23,0.00
50.29,-5.24,0.00
50.32,-5.24,0.00
50.35,-5.25,0.00
50.37,-5.26,0.00
50.40,-5.26,0.00
50.42,-5.27,0.00
50.45,-5.27,0.00
50.47,-5.28,0.00
50.50,-5.28,0.00
50.53,-5.29,0.00
50.55,-5.29,0.00
50.58,-5.30,0.00
50.60,-5.30,0.00
50.63,-5.31,0.00
50.66,-5.31,0.00
50.68,-5.31,0.00
50.71,-5.32,0.00
50.73,-5.32,0.00
50.76,-5.33,0.00
50.79,-5.33,0.00
50.81,-5.33,0.00
50.84,-5.34,0.00
50.87,-5.34,0.00
50.89,-5.35,0.00
50.92,-5.35,0.00
50.94,-5.35,0.00
50.97,-5.36,0.00
51.00,-5.36,0.00
51.02,-5.36,0.00
51.05,-5.36,0.00
51.08,-5.37,0.00
51.10,-5.37,0.00
51.13,-5.37,0.00
51.16,-5.37,0.00
51.18,-5.38,0.00
51.21,-5.38,0.00
51.24,-5.38,0.00
51.26,-5.38,0.00
51.29,-5.39,0.00
51.32,-5.39,0.00
51.34,-5.39,0.00
51.37,-5.39,0.00
51.40,-5.39,0.00
51.42,-5.39,0.00
51.45,-5.39,0.00
51.48,-5.40,0.00
51.50,-5.40,0.00
51.53,-5.40,0.00
51.56,-5.40,0.00
51.59,-5.40,0.00
51.61,-5.40,0.00
51.64,-5.40,0.00
51.67,-5.40,0.00
51.69,-5.40,0.00
51.72,-5.40,0.00
51.75,-5.40,0.00
51.77,-5.40,0.00
51.80,-5.40,0.00
51.83,-5.40,0.00
51.85,-5.40,0.00
51.88,-5.40,0.00
51.91,-5.40,0.00
51.94,-5.40,0.00
51.96,-5.40,0.00
51.99,-5.40,0.00
52.02,-5.40,0.00
52.04,-5.39,0.00
52.07,-5.39,0.00
52.10,-5.39,0.00
52.13,-5.39,0.00
52.15,-5.39,0.00
52.18,-5.39,0.00
52.21,-5.38,0.00
52.23,-5.38,0.00
52.26,-5.38,0.00
52.29,-5.38,0.00
52.31,-5.38,0.00
52.34,-5.37,0.00
52.37,-5.37,0.00
52.40,-5.37,0.00
52.42,-5.36,0.00
52.45,-5.36,0.00
52.48,-5.36,0.00
52.50,-5.36,0.00
52.53,-5.35,0.00
52.56,-5.35,0.00
52.58,-5.34,0.00
52.61,-5.34,0.00
52.64,-5.34,0.00
52.67,-5.33,0.00
52.69,-5.33,0.00
52.72,-5.33,0.00
52.75,-5.32,0.00
52.77,-5.32,0.00
52.80,-5.31,0.00
52.83,-5.31,0.00
52.85,-5.30,0.00
52.88,-5.30,0.00
52.91,-5.29,0.00
52.93,-5.29,0.00
52.96,-5.28,0.00
52.99,-5.28,0.00
53.01,-5.27,0.00
53.04,-5.27,0.00
53.07,-5.26,0.00
53.09,-5.26,0.00
53.12,-5.25,0.00
53.15,-5.24,0.00
53.17,-5.24,0.00
53.20,-5.23,0.00
53.23,-5.23,0.00
53.25,-5.22,0.00
53.28,-5.21,0.00
53.30,-5.21,0.00
53.33,-5.20,0.00
53.36,-5.19,0.00
53.38,-5.19,0.00
53.41,-5.18,0.00
53.44,-5.17,0.00
53.46,-5.16,0.00
53.49,-5.16,0.00
53.51,-5.15,0.00
53.54,-5.14,0.00
53.57,-5.13,0.00
53.59,-5.13,0.00
53.62,-5.12,0.00
53.64,-5.11,0.00
53.67,-5.10,0.00
53.70,-5.10,0.00
53.72,-5.09,0.00
53.75,-5.08,0.00
53.77,-5.07,0.00
53.80,-5.06,0.00
53.82,-5.05,0.00
53.85,-5.05,0.00
53.87,-5.04,0.00
53.90,-5.03,0.00
53.93,-5.02,0.00
53.95,-5.01,0.00
53.98,-5.00,0.00
54.00,-4.99,0.00
54.03,-4.98,0.00
54.05,-4.97,0.00
54.08,-4.96,0.00
54.10,-4.95,0.00
54.13,-4.95,0.00
54.15,-4.94,0.00
54.18,-4.93,0.00
54.20,-4.92,0.00
54.23,-4.91,0.00
54.25,-4.90,0.00
54.28,-4.89,0.00
54.30,-4.88,0.00
54.33,-4.87,0.00
54.35,-4.86,0.00
54.38,-4.85,0.00
54.40,-4.83,0.00
54.43,-4.82,0.00
54.45,-4.81,0.00
54.48,-4.80,0.00
54.50,-4.79,0.00
54.52,-4.78,0.00
54.55,-4.77,0.00
54.57,-4.76,0.00
54.60,-4.75,0.00
54.62,-4.74,0.00
54.65,-4.73,0.00
54.67,-4.72,0.00
54.70,-4.70,0.00
54.72,-4.69,0.00
54.74,-4.68,0.00
54.77,-4.67,0.00
54.79,-4.66,0.00
54.82,-4.65,0.00
54.84,-4.64,0.00
54.86,-4.62,0.00
54.89,-4.61,0.00
54.91,-4.60,0.00
54.94,-4.59,0.00
54.96,-4.58,0.00
54.98,-4.56,0.00
55.01,-4.55,0.00
55.03,-4.54,0.00
55.05,-4.53,0.00
55.08,-4.52,0.00
55.10,-4.50,0.00
55.12,-4.49,0.00
55.15,-4.48,0.00
55.17,-4.47,0.00
55.19,-4.45,0.00
55.22,-4.44,0.00
55.24,-4.43,0.00
55.26,-4.42,0.00
55.29,-4.40,0.00
55.31,-4.39,0.00
55.33,-4.38,0.00
55.36,-4.37,0.00
55.38,-4.35,0.00
55.40,-4.34,0.00
55.43,-4.33,0.00
55.45,-4.31,0.00
55.47,-4.30,0.00
55.50,-4.29,0.00
55.52,-4.27,0.00
55.54,-4.26,0.00
55.56,-4.25,0.00
55.59,-4.23,0.00
55.61,-4.22,0.00
55.63,-4.21,0.00
55.66,-4.19,0.00
55.68,-4.18,0.00
55.70,-4.17,0.00
55.72,-4.15,0.00
55.75,-4.14,0.00
55.77,-4.13,0.00
55.79,-4.11,0.00
55.81,-4.10,0.00
55.84,-4.09,0.00
55.86,-4.07,0.00
55.88,-4.06,0.00
55.90,-4.04,0.00
55.93,-4.03,0.00
55.95,-4.02,0.00
55.97,-4.00,0.00
55.99,-3.99,0.00
56.02,-3.98,0.00
56.04,-3.96,0.00
56.06,-3.95,0.00
56.08,-3.93,0.00
56.10,-3.92,0.00
56.13,-3.91,0.00
56.15,-3.89,0.00
56.17,-3.88,0.00
56.19,-3.86,0.00
56.21,-3.85,0.00
56.24,-3.83,0.00
56.26,-3.82,0.00
56.28,-3.81,0.00
56.30,-3.79,0.00
56.32,-3.78,0.00
56.35,-3.76,0.00
56.37,-3.75,0.00
56.39,-3.73,0.00
56.41,-3.72,0.00
56.43,-3.71,0.00
56.46,-3.69,0.00
56.48,-3.68,0.00
56.50,-3.66,0.00
56.52,-3.65,0.00
56.54,-3.63,0.00
56.56,-3.62,0.00
56.59,-3.60,0.00
56.61,-3.59,0.00
56.63,-3.57,0.00
56.65,-3.56,0.00
56.67,-3.55,0.00
56.69,-3.53,0.00
56.72,-3.52,0.00
56.74,-3.50,0.00
56.76,-3.49,0.00
56.78,-3.47,0.00
56.80,-3.46,0.00
56.82,-3.44,0.00
56.84,-3.43,0.00
56.86,-3.41,0.00
56.89,-3.40,0.00
56.91,-3.38,0.00
56.93,-3.37,0.00
56.95,-3.35,0.00
56.97,-3.34,0.00
56.99,-3.33,0.00
57.01,-3.31,0.00
57.04,-3.30,0.00
57.06,-3.28,0.00
57.08,-3.27,0.00
57.10,-3.25,0.00
57.12,-3.24,0.00
57.14,-3.22,0.00
57.16,-3.21,0.00
57.18,-3.19,0.00
57.20,-3.18,0.00
57.23,-3.16,0.00
57.25,-3.15,0.00
57.27,-3.13,0.00
57.29,-3.12,0.00
57.31,-3.10,0.00
57.33,-3.09,0.00
57.35,-3.08,0.00
57.37,-3.06,0.00
57.39,-3.05,0.00
57.41,-3.03,0.00
57.43,-3.02,0.00
57.46,-3.00,0.00
57.48,-2.99,0.00
57.50,-2.97,0.00
57.52,-2.96,0.00
57.54,-2.94,0.00
57.56,-2.93,0.00
57.58,-2.91,0.00
57.60,-2.90,0.00
57.62,-2.88,0.00
57.64,-2.87,0.00
57.66,-2.86,0.00
57.68,-2.84,0.00
57.70,-2.83,0.00
57.73,-2.81,0.00
57.75,-2.80,0.00
57.77,-2.78,0.00
57.79,-2.77,0.00
57.81,-2.75,0.00
57.83,-2.74,0.00
57.85,-2.72,0.00
57.87,-2.71,0.00
57.89,-2.70,0.00
57.91,-2.68,0.00
57.93,-2.67,0.00
57.95,-2.65,0.00
57.97,-2.64,0.00
57.99,-2.62,0.00
58.01,-2.61,0.00
58.03,-2.60,0.00
58.05,-2.58,0.00
58.07,-2.57,0.00
58.10,-2.55,0.00
58.12,-2.54,0.00
58.14,-2.53,0.00
58.16,-2.51,0.00
58.18,-2.50,0.00
58.20,-2.48,0.00
58.22,-2.47,0.00
58.24,-2.46,0.00
58.26,-2.44,0.00
58.28,-2.43,0.00
58.30,-2.41,0.00
58.32,-2.40,0.00
58.34,-2.39,0.00
58.36,-2.37,0.00
58.38,-2.36,0.00
58.40,-2.34,0.00
58.42,-2.33,0.00
58.44,-2.32,0.00
58.46,-2.30,0.00
58.48,-2.29,0.00
58.50,-2.28,0.00
58.52,-2.26,0.00
58.54,-2.25,0.00
58.56,-2.24,0.00
58.58,-2.22,0.00
58.60,-2.21,0.00
58.62,-2.20,0.00
58.64,-2.18,0.00
58.66,-2.17,0.00
58.68,-2.16,0.00
58.70,-2.14,0.00
58.72,-2.13,0.00
58.74,-2.12,0.00
58.76,-2.10,0.00
58.78,-2.09,0.00
58.80,-2.08,0.00
58.82,-2.07,0.00
58.84,-2.05,0.00
58.86,-2.04,0.00
58.88,-2.03,0.00
58.90,-2.01,0.00
58.92,-2.00,0.00
58.94,-1.99,0.00
58.96,-1.98,0.00
58.98,-1.96,0.00
59.00,-1.95,0.00
59.02,-1.94,0.00
59.04,-1.93,0.00
59.06,-1.92,0.00
59.08,-1.90,0.00
59.10,-1.89,0.00
59.12,-1.88,0.00
59.14,-1.87,0.00
59.16,-1.85,0.00
59.18,-1.84,0.00
59.20,-1.83,0.00
59.22,-1.82,0.00
59.24,-1.81,0.00
59.26,-1.80,0.00
59.28,-1.78,0.00
59.30,-1.77,0.00
59.32,-1.76,0.00
59.34,-1.75,0.00
59.36,-1.74,0.00
59.38,-1.73,0.00
59.40,-1.71,0.00
59.42,-1.70,0.00
59.44,-1.69,0.00
59.46,-1.68,0.00
59.48,-1.67,0.00
59.50,-1.66,0.00
59.52,-1.65,0.00
59.54,-1.64,0.00
59.56,-1.63,0.00
59.58,-1.62,0.00
59.60,-1.60,0.00
59.62,-1.59,0.00
59.64,-1.58,0.00
59.65,-1.57,0.00
59.67,-1.56,0.00
59.69,-1.55,0.00
59.71,-1.54,0.00
59.73,-1.53,0.00
59.75,-1.52,0.00
59.77,-1.51,0.00
59.79,-1.50,0.00
59.81,-1.49,0.00
59.83,-1.48,0.00
59.85,-1.47,0.00
59.87,-1.46,0.00
59.89,-1.45,0.00
59.91,-1.44,0.00
59.93,-1.43,0.00
59.95,-1.42,0.00
59.97,-1.41,0.00
59.99,-1.40,0.00
60.01,-1.40,0.00
60.02,-1.39,0.00
60.04,-1.38,0.00
60.06,-1.37,0.00
60.08,-1.36,0.00
60.10,-1.35,0.00
60.12,-1.34,0.00
60.14,-1.33,0.00
60.16,-1.32,0.00
60.18,-1.32,0.00
60.20,-1.31,0.00
60.22,-1.30,0.00
60.24,-1.29,0.00
60.26,-1.28,0.00
60.28,-1.27,0.00
60.29,-1.27,0.00
60.31,-1.26,0.00
60.33,-1.25,0.00
60.35,-1.24,0.00
60.37,-1.23,0.00
60.39,-1.23,0.00
60.41,-1.22,0.00
60.43,-1.21,0.00
60.45,-1.20,0.00
60.47,-1.20,0.00
60.49,-1.19,0.00
60.50,-1.18,0.00
60.52,-1.17,0.00
60.54,-1.17,0.00
60.56,-1.16,0.00
60.58,-1.15,0.00
60.60,-1.15,0.00
60.62,-1.14,0.00
60.64,-1.13,0.00
60.66,-1.13,0.00
60.68,-1.12,0.00
60.69,-1.11,0.00
60.71,-1.11,0.00
60.73,-1.10,0.00
60.75,-1.10,0.00
60.77,-1.09,0.00
60.79,-1.08,0.00
60.81,-1.08,0.00
60.83,-1.07,0.00
60.84,-1.07,0.00
60.86,-1.06,0.00
60.88,-1.05,0.00
60.90,-1.05,0.00
60.92,-1.04,0.00
60.94,-1.04,0.00
60.96,-1.03,0.00
60.98,-1.03,0.00
60.99,-1.02,0.00
61.01,-1.02,0.00
61.03,-1.01,0.00
61.05,-1.01,0.00
61.07,-1.00,0.00
61.09,-1.00,0.00
61.11,-0.99,0.00
61.12,-0.99,0.00
61.14,-0.99,0.00
61.16,-0.98,0.00
61.18,-0.98,0.00
61.20,-0.97,0.00
61.22,-0.97,0.00
61.24,-0.97,0.00
61.25,-0.96,0.00
61.27,-0.96,0.00
61.29,-0.95,0.00
61.31,-0.95,0.00
61.33,-0.95,0.00
61.35,-0.94,0.00
61.36,-0.94,0.00
61.38,-0.94,0.00
61.40,-0.93,0.00
61.42,-0.93,0.00
61.44,-0.93,0.00
61.46,-0.93,0.00
61.47,-0.92,0.00
61.49,-0.92,0.00
61.51,-0.92,0.00
61.53,-0.92,0.00
61.55,-0.91,0.00
61.56,-0.91,0.00
61.58,-0.91,0.00
61.60,-0.91,0.00
61.62,-0.90,0.00
61.64,-0.90,0.00
61.65,-0.90,0.00
61.67,-0.90,0.00
61.69,-0.90,0.00
61.71,-0.90,0.00
61.73,-0.89,0.00
61.74,-0.89,0.00
61.76,-0.89,0.00
61.78,-0.89,0.00
61.80,-0.89,0.00
61.82,-0.89,0.00
61.83,-0.89,0.00
61.85,-0.89,0.00
61.87,-0.89,0.00
61.89,-0.88,0.00
61.91,-0.88,0.00
61.92,-0.88,0.00
61.94,-0.88,0.00
61.96,-0.88,0.00
61.98,-0.88,0.00
61.99,-0.88,0.00
62.01,-0.88,0.00
62.03,-0.88,0.00
62.05,-0.88,0.00
62.06,-0.88,0.00
62.08,-0.88,0.00
62.10,-0.88,0.00
62.12,-0.88,0.00
62.13,-0.88,0.00
62.15,-0.88,0.00
62.17,-0.89,0.00
62.19,-0.89,0.00
62.20,-0.89,0.00
62.22,-0.89,0.00
62.24,-0.89,0.00
62.26,-0.89,0.00
62.27,-0.89,0.00
62.29,-0.89,0.00
62.31,-0.89,0.00
62.33,-0.89,0.00
62.34,-0.89,0.00
62.36,-0.89,0.00
62.38,-0.89,0.00
62.40,-0.89,0.00
62.41,-0.89,0.00
62.43,-0.89,0.00
62.45,-0.89,0.00
62.47,-0.89,0.00
62.48,-0.89,0.00
62.50,-0.90,0.00
62.52,-0.90,0.00
62.53,-0.90,0.00
62.55,-0.90,0.00
62.57,-0.90,0.00
62.59,-0.90,0.00
62.60,-0.90,0.00
62.62,-0.90,0.00
62.64,-0.90,0.00
62.65,-0.90,0.00
62.67,-0.90,0.00
62.69,-0.90,0.00
62.71,-0.90,0.00
62.72,-0.90,0.00
62.74,-0.90,0.00
62.76,-0.90,0.00
62.77,-0.90,0.00
62.79,-0.90,0.00
62.81,-0.90,0.00
62.83,-0.90,0.00
62.84,-0.90,0.00
62.86,-0.90,0.00
62.88,-0.90,0.00
62.89,-0.90,0.00
62.91,-0.90,0.00
62.93,-0.90,0.00
62.95,-0.90,0.00
62.97,-0.90,0.00
62.99,-0.90,0.00
63.02,-0.90,0.00
63.04,-0.90,0.00
63.06,-0.90,0.00
63.08,-0.90,0.00
63.10,-0.90,0.00
63.12,-0.90,0.00
63.14,-0.90,0.00
63.16,-0.90,0.00
63.18,-0.90,0.00
63.20,-0.90,0.00
63.23,-0.90,0.00
63.25,-0.90,0.00
63.27,-0.90,0.00
63.29,-0.90,0.00
63.31,-0.90,0.00
63.33,-0.90,0.00
63.35,-0.90,0.00
63.37,-0.90,0.00
63.39,-0.90,0.00
63.41,-0.90,0.00
63.44,-0.90,0.00
63.46,-0.90,0.00
63.48,-0.90,0.00
63.50,-0.90,0.00
63.52,-0.90,0.00
63.54,-0.90,0.00
63.56,-0.90,0.00
63.58,-0.90,0.00
63.60,-0.90,0.00
63.62,-0.90,0.00
63.65,-0.90,0.00
63.67,-0.90,0.00
63.69,-0.90,0.00
63.71,-0.90,0.00
63.73,-0.90,0.00
63.75,-0.90,0.00
63.77,-0.90,0.00
63.79,-0.90,0.00
63.81,-0.90,0.00
63.83,-0.90,0.00
63.86,-0.90,0.00
63.88,-0.90,0.00
63.90,-0.90,0.00
63.92,-0.90,0.00
63.94,-0.90,0.00
63.96,-0.90,0.00
63.98,-0.90,0.00
64.00,-0.90,0.00
64.02,-0.90,0.00
64.05,-0.90,0.00
64.07,-0.90,0.00
64.09,-0.90,0.00
64.11,-0.90,0.00
64.13,-0.90,0.00
64.15,-0.90,0.00
64.17,-0.90,0.00
64.19,-0.90,0.00
64.21,-0.90,0.00
64.23,-0.90,0.00
64.26,-0.90,0.00
64.28,-0.90,0.00
64.30,-0.90,0.00
64.32,-0.90,0.00
64.34,-0.90,0.00
64.36,-0.90,0.00
64.38,-0.90,0.00
64.40,-0.90,0.00
64.42,-0.90,0.00
64.44,-0.90,0.00
64.47,-0.90,0.00
64.49,-0.90,0.00
64.51,-0.90,0.00
64.53,-0.90,0.00
64.55,-0.90,0.00
64.57,-0.90,0.00
64.59,-0.90,0.00
64.61,-0.90,0.00
64.63,-0.90,0.00
64.65,-0.90,0.00
64.68,-0.90,0.00
64.70,-0.90,0.00
64.72,-0.90,0.00
64.74,-0.90,0.00
64.76,-0.90,0.00
64.78,-0.90,0.00
64.80,-0.90,0.00
64.82,-0.90,0.00
64.84,-0.90,0.00
64.86,-0.90,0.00
64.89,-0.90,0.00
64.91,-0.90,0.00
64.93,-0.90,0.00
64.95,-0.90,0.00
64.97,-0.90,0.00
64.99,-0.90,0.00
65.01,-0.90,0.00
65.03,-0.90,0.00
65.05,-0.90,0.00
65.07,-0.90,0.00
65.10,-0.90,0.00
65.12,-0.90,0.00
65.14,-0.90,0.00
65.16,-0.90,0.00
65.18,-0.90,0.00
65.20,-0.90,0.00
65.22,-0.90,0.00
65.24,-0.90,0.00
65.26,-0.90,0.00
65.28,-0.90,0.00
65.31,-0.90,0.00
65.33,-0.90,0.00
65.35,-0.90,0.00
65.37,-0.90,0.00
65.39,-0.90,0.00
65.41,-0.90,0.00
65.43,-0.90,0.00
65.45,-0.90,0.00
65.47,-0.90,0.00
65.49,-0.90,0.00
65.52,-0.90,0.00
65.54,-0.90,0.00
65.56,-0.90,0.00
65.58,-0.90,0.00
65.60,-0.90,0.00
65.62,-0.90,0.00
65.64,-0.90,0.00
65.66,-0.90,0.00
65.68,-0.90,0.00
65.70,-0.90,0.00
65.73,-0.90,0.00
65.75,-0.90,0.00
65.77,-0.90,0.00
65.79,-0.90,0.00
65.81,-0.90,0.00
65.83,-0.90,0.00
65.85,-0.90,0.00
65.87,-0.90,0.00
65.89,-0.90,0.00
65.91,-0.90,0.00
65.94,-0.90,0.00
65.96,-0.90,0.00
65.98,-0.90,0.00
66.00,-0.90,0.00
66.02,-0.90,0.00
66.04,-0.90,0.00
66.06,-0.90,0.00
66.08,-0.90,0.00
66.10,-0.90,0.00
66.12,-0.90,0.00
66.15,-0.90,0.00
66.17,-0.90,0.00
66.19,-0.90,0.00
66.21,-0.90,0.00
66.23,-0.90,0.00
66.25,-0.90,0.00
66.27,-0.90,0.00
66.29,-0.90,0.00
66.31,-0.90,0.00
66.33,-0.90,0.00
66.36,-0.90,0.00
66.38,-0.90,0.00
66.40,-0.90,0.00
66.42,-0.90,0.00
66.44,-0.90,0.00
66.46,-0.90,0.00
66.48,-0.90,0.00
66.50,-0.90,0.00
66.52,-0.90,0.00
66.54,-0.90,0.00
66.57,-0.90,0.00
66.59,-0.90,0.00
66.61,-0.90,0.00
66.63,-0.90,0.00
66.65,-0.90,0.00
66.67,-0.90,0.00
66.69,-0.90,0.00
66.71,-0.90,0.00
66.73,-0.90,0.00
66.75,-0.90,0.00
66.78,-0.90,0.00
66.80,-0.90,0.00
66.82,-0.90,0.00
66.84,-0.90,0.00
66.86,-0.90,0.00
66.88,-0.90,0.00
66.90,-0.90,0.00
66.92,-0.90,0.00
66.94,-0.90,0.00
66.96,-0.90,0.00
66.99,-0.90,0.00
67.01,-0.90,0.00
67.03,-0.90,0.00
67.05,-0.90,0.00
67.07,-0.90,0.00
67.09,-0.90,0.00
67.11,-0.90,0.00
67.13,-0.90,0.00
67.15,-0.90,0.00
67.17,-0.90,0.00
67.20,-0.90,0.00
67.22,-0.90,0.00
67.24,-0.90,0.00
67.26,-0.90,0.00
67.28,-0.90,0.00
67.30,-0.90,0.00
67.32,-0.90,0.00
67.34,-0.90,0.00
67.36,-0.90,0.00
67.38,-0.90,0.00
67.41,-0.90,0.00
67.43,-0.90,0.00
67.45,-0.90,0.00
67.47,-0.90,0.00
67.49,-0.90,0.00
67.51,-0.90,0.00
67.53,-0.90,0.00
67.55,-0.90,0.00
67.57,-0.90,0.00
67.59,-0.90,0.00
67.62,-0.90,0.00
67.64,-0.90,0.00
67.66,-0.90,0.00
67.68,-0.90,0.00
67.70,-0.90,0.00
67.72,-0.90,0.00
67.74,-0.90,0.00
67.76,-0.90,0.00
67.78,-0.90,0.00
67.80,-0.90,0.00
67.83,-0.90,0.00
67.85,-0.90,0.00
67.87,-0.90,0.00
67.89,-0.90,0.00
67.91,-0.90,0.00
67.93,-0.90,0.00
67.95,-0.90,0.00
67.97,-0.90,0.00
67.99,-0.90,0.00
68.02,-0.90,0.00
68.04,-0.90,0.00
68.06,-0.90,0.00
68.08,-0.90,0.00
68.10,-0.90,0.00
68.12,-0.90,0.00
68.14,-0.90,0.00
68.16,-0.90,0.00
68.18,-0.90,0.00
68.20,-0.90,0.00
68.23,-0.90,0.00
68.25,-0.90,0.00
68.27,-0.90,0.00
68.29,-0.90,0.00
68.31,-0.90,0.00
68.33,-0.90,0.00
68.35,-0.90,0.00
68.37,-0.90,0.00
68.39,-0.90,0.00
68.41,-0.90,0.00
68.44,-0.90,0.00
68.46,-0.90,0.00
68.48,-0.90,0.00
68.50,-0.90,0.00
68.52,-0.90,0.00
68.54,-0.90,0.00
68.56,-0.90,0.00
68.58,-0.90,0.00
68.60,-0.90,0.00
68.62,-0.90,0.00
68.65,-0.90,0.00
68.67,-0.90,0.00
68.69,-0.90,0.00
68.71,-0.90,0.00
68.73,-0.90,0.00
68.75,-0.90,0.00
68.77,-0.90,0.00
68.79,-0.90,0.00
68.81,-0.90,0.00
68.83,-0.90,0.00
68.86,-0.90,0.00
68.88,-0.90,0.00
68.90,-0.90,0.00
68.92,-0.90,0.00
68.94,-0.90,0.00
68.96,-0.90,0.00
68.98,-0.90,0.00
69.00,-0.90,0.00
69.02,-0.90,0.00
69.04,-0.90,0.00
69.07,-0.90,0.00
69.09,-0.90,0.00
69.11,-0.90,0.00
69.13,-0.90,0.00
69.15,-0.90,0.00
69.17,-0.90,0.00
69.19,-0.90,0.00
69.21,-0.90,0.00
69.23,-0.90,0.00
69.25,-0.90,0.00
69.28,-0.90,0.00
69.30,-0.90,0.00
69.32,-0.90,0.00
69.34,-0.90,0.00
69.36,-0.90,0.00
69.38,-0.90,0.00
69.40,-0.90,0.00
69.42,-0.90,0.00
69.44,-0.90,0.00
69.46,-0.90,0.00
69.49,-0.90,0.00
69.51,-0.90,0.00
69.53,-0.90,0.00
69.55,-0.90,0.00
69.57,-0.90,0.00
69.59,-0.90,0.00
69.61,-0.90,0.00
69.63,-0.90,0.00
69.65,-0.90,0.00
69.67,-0.90,0.00
69.70,-0.90,0.00
69.72,-0.90,0.00
69.74,-0.90,0.00
69.76,-0.90,0.00
69.78,-0.90,0.00
69.80,-0.90,0.00
69.82,-0.90,0.00
69.84,-0.90,0.00
69.86,-0.90,0.00
69.88,-0.90,0.00
69.91,-0.90,0.00
69.93,-0.90,0.00
69.95,-0.90,0.00
69.97,-0.90,0.00
69.99,-0.90,0.00
70.01,-0.90,0.00
70.03,-0.90,0.00
70.05,-0.90,0.00
70.07,-0.90,0.00
70.09,-0.90,0.00
70.12,-0.90,0.00
70.14,-0.90,0.00
70.16,-0.90,0.00
70.18,-0.90,0.00
70.20,-0.90,0.00
70.22,-0.90,0.00
70.24,-0.90,0.00
70.26,-0.90,0.00
70.28,-0.90,0.00
70.30,-0.90,0.00
70.33,-0.90,0.00
70.35,-0.90,0.00
70.37,-0.90,0.00
70.39,-0.90,0.00
70.41,-0.90,0.00
70.43,-0.90,0.00
70.45,-0.90,0.00
70.47,-0.90,0.00
70.49,-0.90,0.00
70.51,-0.90,0.00
70.54,-0.90,0.00
70.56,-0.90,0.00
70.58,-0.90,0.00
70.60,-0.90,0.00
70.62,-0.90,0.00
70.64,-0.90,0.00
70.66,-0.90,0.00
70.68,-0.90,0.00
70.70,-0.90,0.00
70.72,-0.90,0.00
70.75,-0.90,0.00
70.77,-0.90,0.00
70.79,-0.90,0.00
70.81,-0.90,0.00
70.83,-0.90,0.00
70.85,-0.90,0.00
70.87,-0.90,0.00
70.89,-0.90,0.00
70.91,-0.90,0.00
70.93,-0.90,0.00
70.96,-0.90,0.00
70.98,-0.90,0.00
71.00,-0.90,0.00
71.02,-0.90,0.00
71.04,-0.90,0.00
71.06,-0.90,0.00
71.08,-0.90,0.00
71.10,-0.90,0.00
71.12,-0.90,0.00
71.14,-0.90,0.00
71.17,-0.90,0.00
71.19,-0.90,0.00
71.21,-0.90,0.00
71.23,-0.90,0.00
71.25,-0.90,0.00
71.27,-0.90,0.00
71.29,-0.90,0.00
71.31,-0.90,0.00
71.33,-0.90,0.00
71.35,-0.90,0.00
71.38,-0.90,0.00
71.40,-0.90,0.00
71.42,-0.90,0.00
71.44,-0.90,0.00
71.46,-0.90,0.00
71.48,-0.90,0.00
71.50,-0.90,0.00
71.52,-0.90,0.00
71.54,-0.90,0.00
71.56,-0.90,0.00
71.59,-0.90,0.00
71.61,-0.90,0.00
71.63,-0.90,0.00
71.65,-0.90,0.00
71.67,-0.90,0.00
71.69,-0.90,0.00
71.71,-0.90,0.00
71.73,-0.90,0.00
71.75,-0.90,0.00
71.77,-0.90,0.00
71.80,-0.90,0.00
71.82,-0.90,0.00
71.84,-0.90,0.00
71.86,-0.90,0.00
71.88,-0.90,0.00
71.90,-0.90,0.00
71.92,-0.90,0.00
71.94,-0.90,0.00
71.96,-0.90,0.00
71.98,-0.90,0.00
72.01,-0.90,0.00
72.03,-0.90,0.00
72.05,-0.90,0.00
72.07,-0.90,0.00
72.09,-0.90,0.00
72.11,-0.90,0.00
72.13,-0.90,0.00
72.15,-0.90,0.00
72.17,-0.90,0.00
72.20,-0.90,0.00
72.22,-0.90,0.00
72.24,-0.90,0.00
72.26,-0.90,0.00
72.28,-0.90,0.00
72.30,-0.90,0.00
72.32,-0.90,0.00
72.34,-0.90,0.00
72.36,-0.90,0.00
72.38,-0.90,0.00
72.41,-0.90,0.00
72.43,-0.90,0.00
72.45,-0.90,0.00
72.47,-0.90,0.00
72.49,-0.90,0.00
72.51,-0.90,0.00
72.53,-0.90,0.00
72.55,-0.90,0.00
72.57,-0.90,0.00
72.59,-0.90,0.00
72.62,-0.90,0.00
72.64,-0.90,0.00
72.66,-0.90,0.00
72.68,-0.90,0.00
72.70,-0.90,0.00
72.72,-0.90,0.00
72.74,-0.90,0.00
72.76,-0.90,0.00
72.78,-0.90,0.00
72.80,-0.90,0.00
72.83,-0.90,0.00
72.85,-0.90,0.00
72.87,-0.90,0.00
72.89,-0.90,0.00
72.91,-0.90,0.00
72.93,-0.90,0.00
72.95,-0.90,0.00
72.97,-0.90,0.00
72.99,-0.90,0.00
73.01,-0.90,0.00
73.04,-0.90,0.00
73.06,-0.90,0.00
73.08,-0.90,0.00
73.10,-0.90,0.00
73.12,-0.90,0.00
73.14,-0.90,0.00
73.16,-0.90,0.00
73.18,-0.90,0.00
73.20,-0.90,0.00
73.22,-0.90,0.00
73.25,-0.90,0.00
73.27,-0.90,0.00
73.29,-0.90,0.00
73.31,-0.90,0.00
73.33,-0.90,0.00
73.35,-0.90,0.00
73.37,-0.90,0.00
73.39,-0.90,0.00
73.41,-0.90,0.00
73.43,-0.90,0.00
73.46,-0.90,0.00
73.48,-0.90,0.00
73.50,-0.90,0.00
73.52,-0.90,0.00
73.54,-0.90,0.00
73.56,-0.90,0.00
73.58,-0.90,0.00
73.60,-0.90,0.00
73.62,-0.90,0.00
73.64,-0.90,0.00
73.67,-0.90,0.00
73.69,-0.90,0.00
73.71,-0.90,0.00
73.73,-0.90,0.00
73.75,-0.90,0.00
73.77,-0.90,0.00
73.79,-0.90,0.00
73.81,-0.90,0.00
73.83,-0.90,0.00
73.85,-0.90,0.00
73.88,-0.90,0.00
73.90,-0.90,0.00
73.92,-0.90,0.00
73.94,-0.90,0.00
73.96,-0.90,0.00
73.98,-0.90,0.00
74.00,-0.90,0.00
74.02,-0.90,0.00
74.04,-0.90,0.00
74.06,-0.90,0.00
74.09,-0.90,0.00
74.11,-0.90,0.00
74.13,-0.90,0.00
74.15,-0.90,0.00
74.17,-0.90,0.00
74.19,-0.90,0.00
74.21,-0.90,0.00
74.23,-0.90,0.00
74.25,-0.90,0.00
74.27,-0.90,0.00
74.30,-0.90,0.00
74.32,-0.90,0.00
74.34,-0.90,0.00
74.36,-0.90,0.00
74.38,-0.90,0.00
74.40,-0.90,0.00
74.42,-0.90,0.00
74.44,-0.90,0.00
74.46,-0.90,0.00
74.48,-0.90,0.00
74.51,-0.90,0.00
74.53,-0.90,0.00
74.55,-0.90,0.00
74.57,-0.90,0.00
74.59,-0.90,0.00
74.61,-0.90,0.00
74.63,-0.90,0.00
74.65,-0.90,0.00
74.67,-0.90,0.00
74.69,-0.90,0.00
74.72,-0.90,0.00
74.74,-0.90,0.00
74.76,-0.90,0.00
74.78,-0.90,0.00
74.80,-0.90,0.00
74.82,-0.90,0.00
74.84,-0.90,0.00
74.86,-0.90,0.00
74.88,-0.90,0.00
74.90,-0.90,0.00
74.93,-0.90,0.00
74.95,-0.90,0.00
74.97,-0.90,0.00
74.99,-0.90,0.00
75.01,-0.90,0.00
75.03,-0.90,0.00
75.05,-0.90,0.00
75.07,-0.90,0.00
75.09,-0.90,0.00
75.11,-0.90,0.00
75.14,-0.90,0.00
75.16,-0.90,0.00
75.18,-0.90,0.00
75.20,-0.90,0.00
75.22,-0.90,0.00
75.24,-0.90,0.00
75.26,-0.90,0.00
75.28,-0.90,0.00
75.30,-0.90,0.00
75.32,-0.90,0.00
75.35,-0.90,0.00
75.37,-0.90,0.00
75.39,-0.90,0.00
75.41,-0.90,0.00
75.43,-0.90,0.00
75.45,-0.90,0.00
75.47,-0.90,0.00
75.49,-0.90,0.00
75.51,-0.90,0.00
75.53,-0.90,0.00
75.56,-0.90,0.00
75.58,-0.90,0.00
75.60,-0.90,0.00
75.62,-0.90,0.00
75.64,-0.90,0.00
75.66,-0.90,0.00
75.68,-0.90,0.00
75.70,-0.90,0.00
75.72,-0.90,0.00
75.74,-0.90,0.00
75.77,-0.90,0.00
75.79,-0.90,0.00
75.81,-0.90,0.00
75.83,-0.90,0.00
75.85,-0.90,0.00
75.87,-0.90,0.00
75.89,-0.90,0.00
75.91,-0.90,0.00
75.93,-0.90,0.00
75.95,-0.90,0.00
75.98,-0.90,0.00
76.00,-0.90,0.00
76.02,-0.90,0.00
76.04,-0.90,0.00
76.06,-0.90,0.00
76.08,-0.90,0.00
76.10,-0.90,0.00
76.12,-0.90,0.00
76.14,-0.90,0.00
76.17,-0.90,0.00
76.19,-0.90,0.00
76.21,-0.90,0.00
76.23,-0.90,0.00
76.25,-0.90,0.00
76.27,-0.90,0.00
76.29,-0.90,0.00
76.31,-0.90,0.00
76.33,-0.90,0.00
76.35,-0.90,0.00
76.38,-0.90,0.00
76.40,-0.90,0.00
76.42,-0.90,0.00
76.44,-0.90,0.00
76.46,-0.90,0.00
76.48,-0.90,0.00
76.50,-0.90,0.00
76.52,-0.90,0.00
76.54,-0.90,0.00
76.56,-0.90,0.00
76.59,-0.90,0.00
76.61,-0.90,0.00
76.63,-0.90,0.00
76.65,-0.90,0.00
76.67,-0.90,0.00
76.69,-0.90,0.00
76.71,-0.90,0.00
76.73,-0.90,0.00
76.75,-0.90,0.00
76.77,-0.90,0.00
76.80,-0.90,0.00
76.82,-0.90,0.00
76.84,-0.90,0.00
76.86,-0.90,0.00
76.88,-0.90,0.00
76.90,-0.90,0.00
76.92,-0.90,0.00
76.94,-0.90,0.00
76.96,-0.90,0.00
76.98,-0.90,0.00
77.01,-0.90,0.00
77.03,-0.90,0.00
77.05,-0.90,0.00
77.07,-0.90,0.00
77.09,-0.90,0.00
77.11,-0.90,0.00
77.13,-0.90,0.00
77.15,-0.90,0.00
77.17,-0.90,0.00
77.19,-0.90,0.00
77.22,-0.90,0.00
77.24,-0.90,0.00
77.26,-0.90,0.00
77.28,-0.90,0.00
77.30,-0.90,0.00
77.32,-0.90,0.00
77.34,-0.90,0.00
77.36,-0.90,0.00
77.38,-0.90,0.00
77.40,-0.90,0.00
77.43,-0.90,0.00
77.45,-0.90,0.00
77.47,-0.90,0.00
77.49,-0.90,0.00
77.51,-0.90,0.00
77.53,-0.90,0.00
77.55,-0.90,0.00
77.57,-0.90,0.00
77.59,-0.90,0.00
77.61,-0.90,0.00
77.64,-0.90,0.00
77.66,-0.90,0.00
77.68,-0.90,0.00
77.70,-0.90,0.00
77.72,-0.90,0.00
77.74,-0.90,0.00
77.76,-0.90,0.00
77.78,-0.90,0.00
77.80,-0.90,0.00
77.82,-0.90,0.00
77.85,-0.90,0.00
77.87,-0.90,0.00
77.89,-0.90,0.00
77.91,-0.90,0.00
77.93,-0.90,0.00
77.95,-0.90,0.00
77.97,-0.90,0.00
77.99,-0.90,0.00
78.01,-0.90,0.00
78.03,-0.90,0.00
78.06,-0.90,0.00
78.08,-0.90,0.00
78.10,-0.90,0.00
78.12,-0.90,0.00
78.14,-0.90,0.00
78.16,-0.90,0.00
78.18,-0.90,0.00
78.20,-0.90,0.00
78.22,-0.90,0.00
78.24,-0.90,0.00
78.27,-0.90,0.00
78.29,-0.90,0.00
78.31,-0.90,0.00
78.33,-0.90,0.00
78.35,-0.90,0.00
78.37,-0.90,0.00
78.39,-0.90,0.00
78.41,-0.90,0.00
78.43,-0.90,0.00
78.45,-0.90,0.00
78.48,-0.90,0.00
78.50,-0.90,0.00
78.52,-0.90,0.00
78.54,-0.90,0.00
78.56,-0.90,0.00
78.58,-0.90,0.00
78.60,-0.90,0.00
78.62,-0.90,0.00
78.64,-0.90,0.00
78.66,-0.90,0.00
78.69,-0.90,0.00
78.71,-0.90,0.00
78.73,-0.90,0.00
78.75,-0.90,0.00
78.77,-0.90,0.00
78.79,-0.90,0.00
78.81,-0.90,0.00
78.83,-0.90,0.00
78.85,-0.90,0.00
78.87,-0.90,0.00
78.90,-0.90,0.00
78.92,-0.90,0.00
78.94,-0.90,0.00
78.96,-0.90,0.00
78.98,-0.90,0.00
79.00,-0.90,0.00
79.02,-0.90,0.00
79.04,-0.90,0.00
79.06,-0.90,0.00
79.08,-0.90,0.00
79.11,-0.90,0.00
79.13,-0.90,0.00
79.15,-0.90,0.00
79.17,-0.90,0.00
79.19,-0.90,0.00
79.21,-0.90,0.00
79.23,-0.90,0.00
79.25,-0.90,0.00
79.27,-0.90,0.00
79.29,-0.90,0.00
79.32,-0.90,0.00
79.34,-0.90,0.00
79.36,-0.90,0.00
79.38,-0.90,0.00
79.40,-0.90,0.00
79.42,-0.90,0.00
79.44,-0.90,0.00
79.46,-0.90,0.00
79.48,-0.90,0.00
79.50,-0.90,0.00
79.53,-0.90,0.00
79.55,-0.90,0.00
79.57,-0.90,0.00
79.59,-0.90,0.00
79.61,-0.90,0.00
79.63,-0.90,0.00
79.65,-0.90,0.00
79.67,-0.90,0.00
79.69,-0.90,0.00
79.71,-0.90,0.00
79.74,-0.90,0.00
79.76,-0.90,0.00
79.78,-0.90,0.00
79.80,-0.90,0.00
79.82,-0.90,0.00
79.84,-0.90,0.00
79.86,-0.90,0.00
79.88,-0.90,0.00
79.90,-0.90,0.00
79.92,-0.90,0.00
79.95,-0.90,0.00
79.97,-0.90,0.00
79.99,-0.90,0.00
80.01,-0.90,0.00
80.03,-0.90,0.00
80.05,-0.90,0.00
80.07,-0.90,0.00
80.09,-0.90,0.00
80.11,-0.90,0.00
80.14,-0.90,0.00
80.16,-0.90,0.00
80.18,-0.90,0.00
80.20,-0.90,0.00
80.22,-0.90,0.00
80.24,-0.90,0.00
80.26,-0.90,0.00
80.28,-0.90,0.00
80.30,-0.90,0.00
80.32,-0.90,0.00
80.35,-0.90,0.00
80.37,-0.90,0.00
80.39,-0.90,0.00
80.41,-0.90,0.00
80.43,-0.90,0.00
80.45,-0.90,0.00
80.47,-0.90,0.00
80.49,-0.90,0.00
80.51,-0.90,0.00
80.53,-0.90,0.00
80.56,-0.90,0.00
80.58,-0.90,0.00
80.60,-0.90,0.00
80.62,-0.90,0.00
80.64,-0.90,0.00
80.66,-0.90,0.00
80.68,-0.90,0.00
80.70,-0.90,0.00
80.72,-0.90,0.00
80.74,-0.90,0.00
80.77,-0.90,0.00
80.79,-0.90,0.00
80.81,-0.90,0.00
80.83,-0.90,0.00
80.85,-0.90,0.00
80.87,-0.90,0.00
80.89,-0.90,0.00
80.91,-0.90,0.00
80.93,-0.90,0.00
80.95,-0.90,0.00
80.98,-0.90,0.00
81.00,-0.90,0.00
81.02,-0.90,0.00
81.04,-0.90,0.00
81.06,-0.90,0.00
81.08,-0.90,0.00
81.10,-0.90,0.00
81.12,-0.90,0.00
81.14,-0.90,0.00
81.16,-0.90,0.00
81.19,-0.90,0.00
81.21,-0.90,0.00
81.23,-0.90,0.00
81.25,-0.90,0.00
81.27,-0.90,0.00
81.29,-0.90,0.00
81.31,-0.90,0.00
81.33,-0.90,0.00
81.35,-0.90,0.00
81.37,-0.90,0.00
81.40,-0.90,0.00
81.42,-0.90,0.00
81.44,-0.90,0.00
81.46,-0.90,0.00
81.48,-0.90,0.00
81.50,-0.90,0.00
81.52,-0.90,0.00
81.54,-0.90,0.00
81.56,-0.90,0.00
81.58,-0.90,0.00
81.61,-0.90,0.00
81.63,-0.90,0.00
81.65,-0.90,0.00
81.67,-0.90,0.00
81.69,-0.90,0.00
81.71,-0.90,0.00
81.73,-0.90,0.00
81.75,-0.90,0.00
81.77,-0.90,0.00
81.79,-0.90,0.00
81.82,-0.90,0.00
81.84,-0.90,0.00
81.86,-0.90,0.00
81.88,-0.90,0.00
81.90,-0.90,0.00
81.92,-0.90,0.00
81.94,-0.90,0.00
81.96,-0.90,0.00
81.98,-0.90,0.00
82.00,-0.90,0.00
82.03,-0.90,0.00
82.05,-0.90,0.00
82.07,-0.90,0.00
82.09,-0.90,0.00
82.11,-0.90,0.00
82.13,-0.90,0.00
82.15,-0.90,0.00
82.17,-0.90,0.00
82.19,-0.90,0.00
82.21,-0.90,0.00
82.24,-0.90,0.00
82.26,-0.90,0.00
82.28,-0.90,0.00
82.30,-0.90,0.00
82.32,-0.90,0.00
82.34,-0.90,0.00
82.36,-0.90,0.00
82.38,-0.90,0.00
82.40,-0.90,0.00
82.42,-0.90,0.00
82.45,-0.90,0.00
82.47,-0.90,0.00
82.49,-0.90,0.00
82.51,-0.90,0.00
82.53,-0.90,0.00
82.55,-0.90,0.00
82.57,-0.90,0.00
82.59,-0.90,0.00
82.61,-0.90,0.00
82.63,-0.90,0.00
82.66,-0.90,0.00
82.68,-0.90,0.00
82.70,-0.90,0.00
82.72,-0.90,0.00
82.74,-0.90,0.00
82.76,-0.90,0.00
82.78,-0.90,0.00
82.80,-0.90,0.00
82.82,-0.90,0.00
82.84,-0.90,0.00
82.87,-0.90,0.00
82.89,-0.90,0.00
82.91,-0.90,0.00
82.93,-0.90,0.00
82.95,-0.90,0.00
82.97,-0.90,0.00
82.99,-0.90,0.00
83.01,-0.90,0.00
83.03,-0.90,0.00
83.05,-0.90,0.00
83.08,-0.90,0.00
83.10,-0.90,0.00
83.12,-0.90,0.00
83.14,-0.90,0.00
83.16,-0.90,0.00
83.18,-0.90,0.00
83.20,-0.90,0.00
83.22,-0.90,0.00
83.24,-0.90,0.00
83.26,-0.90,0.00
83.29,-0.90,0.00
83.31,-0.90,0.00
83.33,-0.90,0.00
83.35,-0.90,0.00
83.37,-0.90,0.00
83.39,-0.90,0.00
83.41,-0.90,0.00
83.43,-0.90,0.00
83.45,-0.90,0.00
83.47,-0.90,0.00
83.50,-0.90,0.00
83.52,-0.90,0.00
83.54,-0.90,0.00
83.56,-0.90,0.00
83.58,-0.90,0.00
83.60,-0.90,0.00
83.62,-0.90,0.00
83.64,-0.90,0.00
83.66,-0.90,0.00
83.68,-0.90,0.00
83.71,-0.90,0.00
83.73,-0.90,0.00
83.75,-0.90,0.00
83.77,-0.90,0.00
83.79,-0.90,0.00
83.81,-0.90,0.00
83.83,-0.90,0.00
83.85,-0.90,0.00
83.87,-0.90,0.00
83.89,-0.90,0.00
83.92,-0.90,0.00
83.94,-0.90,0.00
83.96,-0.90,0.00
83.98,-0.90,0.00
84.00,-0.90,0.00
