POLYGON ((28.11805248891876 -1.9250305154404999, 28.122270533333477 -1.9279526065300059, 28.126488974413963 -1.9308741249860348, 28.13070781486394 -1.9337950667212915, 28.134927057387117 -1.9367154276484797, 28.13914670468719 -1.9396352036803026, 28.143366759467877 -1.9425543907294653, 28.147587224432897 -1.9454729847086707, 28.15180810228597 -1.9483909815306242, 28.156029395730783 -1.9513083771080284, 28.1602511074713 -1.9542251673520796, 28.164473240213876 -1.9571413481576894, 28.168695796666384 -1.9600569154098373, 28.172918779536726 -1.962971864993361, 28.177142191532766 -1.9658861927930968, 28.18136603536303 -1.9687998946898713, 28.185590313738214 -1.9717129665501623, 28.18981502936954 -1.9746254042372446, 28.194040184968227 -1.9775372036143921, 28.198265783245503 -1.9804483605446457, 28.202491826913846 -1.9833588708815233, 28.206718318687376 -1.9862687304658913, 28.21094526128033 -1.9891779351377414, 28.21517265740695 -1.9920864807370662, 28.219400509781657 -1.9949943631022007, 28.223628821120787 -1.997901578057068, 28.227857594141614 -2.00080812141816, 28.232086831561432 -2.0037139890019096, 28.236316536097522 -2.0066191766247417, 28.240546710467886 -2.009523680097536, 28.24477735739247 -2.0124274952152654, 28.249008479591613 -2.015330617770076, 28.253240079785645 -2.0182330435541096, 28.25747216069494 -2.0211347683590564, 28.26170472504124 -2.0240357879650643, 28.265937775547748 -2.0269360981401, 28.270171314937713 -2.029835694651544, 28.2744053459344 -2.032734573266777, 28.278639871261355 -2.035632729750588, 28.282874893643974 -2.038530159851419, 28.287110415808346 -2.0414268593113603, 28.29134644048058 -2.04432282387249, 28.29558297038678 -2.047218049276834, 28.299820008253874 -2.0501125312586854, 28.304057556810506 -2.053006265536283, 28.308295618785525 -2.055899247825873, 28.312534196907762 -2.0587914738436957, 28.316773293906188 -2.06168293930502, 28.32101291251115 -2.064573639910814, 28.325253055454137 -2.0674635713512255, 28.329493725466648 -2.070352729316132, 28.333734925280144 -2.0732411094954086, 28.33797665762655 -2.0761287075745747, 28.34221892523944 -2.0790155192212203, 28.346461730852837 -2.081901540098331, 28.350705077200768 -2.0847867658688912, 28.354948967017258 -2.0876711921956335, 28.35919340303734 -2.09055481473027, 28.36343838799737 -2.0934376291094217, 28.367683924633784 -2.0963196309686154, 28.371930015683056 -2.0992008159433824, 28.3761766638818 -2.1020811796670955, 28.380423871968038 -2.104960717755801, 28.384671642680463 -2.107839425817189, 28.388919978757784 -2.1107172994588943, 28.393168882938692 -2.1135943342885297, 28.397418357962522 -2.116470525906072, 28.40166840657011 -2.119345869893087, 28.405919031502513 -2.1222203618284152, 28.410170235500797 -2.125093997290902, 28.414422021306088 -2.1279667718584685, 28.418674391660566 -2.1308386810938154, 28.42292734930728 -2.1337097205471474, 28.42718089698931 -2.1365798857683025, 28.431435037449717 -2.139449172307115, 28.435689773431854 -2.14231757570877, 28.439945107680238 -2.1451850914988966, 28.44420104293967 -2.1480517151979894, 28.44845758195496 -2.150917442326542, 28.452714727470926 -2.153782268404735, 28.456972482233144 -2.156646188940306, 28.461230848988162 -2.15950919942467, 28.465489830482564 -2.162371295348137, 28.469749429462958 -2.165232472201014, 28.474009648676084 -2.168092725470855, 28.478270490869708 -2.170952050625746, 28.482531958792002 -2.173810443125382, 28.48679405519117 -2.1766678984294234, 28.491056782815402 -2.1795244119974635, 28.49532014441332 -2.1823799792795375, 28.499584142734452 -2.1852345957064174, 28.50384878052843 -2.188088256706558, 28.508114060544884 -2.1909409577084147, 28.5123799855335 -2.193792694138895, 28.516646558244698 -2.1966434614067256, 28.520913781429368 -2.1994932549088184, 28.52518165783839 -2.2023420700418863, 28.529450190222693 -2.205189902202635, 28.53371938133339 -2.208036746780698, 28.53798923392235 -2.210882599144472, 28.542259750741568 -2.2137274546583825, 28.546530934543025 -2.216571308686854, 28.550802788078727 -2.2194141565934786, 28.555075314101174 -2.222255993725435, 28.559348515363233 -2.225096815414875, 28.56362239461782 -2.227936616993396, 28.56789695461783 -2.230775393792597, 28.57217219811628 -2.233613141138898, 28.576448127866655 -2.23644985433649, 28.5807247466226 -2.2392855286836078, 28.585002057137714 -2.2421201594784796, 28.58928006216564 -2.2449537420189074, 28.593558764460216 -2.2477862715880867, 28.59783816677559 -2.2506177434514183, 28.602118271865894 -2.2534481528732204, 28.60639908248527 -2.2562774951178124, 28.61068060138793 -2.259105765445641, 28.61496283132822 -2.2619329590946675, 28.619245775060623 -2.2647590712947694, 28.62352943533959 -2.2675840972758117, 28.62781381491959 -2.27040803226744, 28.63209891655512 -2.2732308714863048, 28.63638474300071 -2.2760526101290135, 28.64067129701092 -2.278873243390461, 28.644958581340273 -2.2816927664655418, 28.64924659874334 -2.284511174546106, 28.65353535197473 -2.2873284628013972, 28.6578248437891 -2.290144626390483, 28.662115076941078 -2.2929596604723845, 28.666406054185327 -2.2957735602060074, 28.670697778276267 -2.2985863207386092, 28.674990251967987 -2.3013979371958646, 28.67928347801451 -2.304208404701107, 28.68357745916988 -2.307017718377669, 28.687872198188074 -2.3098258733463957, 28.69216769782275 -2.312632864705829, 28.696463960827383 -2.315438687542744, 28.700760989955437 -2.3182433369438087, 28.705058787960372 -2.3210468079956255, 28.709357357595398 -2.3238490957738125, 28.71365670161319 -2.3266501953308416, 28.71795682276635 -2.3294501017162546, 28.72225772380748 -2.3322488099795935, 28.726559407489113 -2.335046315168196, 28.730861876563118 -2.3378426123070715, 28.735165133780985 -2.340637696408242, 28.739469181894222 -2.3434315624835698, 28.743774023654286 -2.3462242055448677, 28.748079661812284 -2.349015620593259, 28.75238609911843 -2.351805802605711, 28.756693338322822 -2.3545947465558723, 28.761001382175554 -2.3573824474173932, 28.76531023342664 -2.3601689001617934, 28.769619894825095 -2.3629540997378857, 28.773930369119352 -2.3657380410807733, 28.778241659057834 -2.3685207191253674, 28.78255376738897 -2.3713021288065326, 28.78686669686063 -2.374082265048222, 28.791180450219446 -2.37686112274952, 28.795495030211892 -2.379638696806067, 28.799810439584416 -2.3824149821135, 28.804126681083357 -2.385189973565192, 28.808443757453706 -2.3879636660310384, 28.812761671439677 -2.390736054367065, 28.817080425785463 -2.393507133429116, 28.82140002323525 -2.396276898072969, 28.82572046653249 -2.399045343142705, 28.830041758419 -2.401812463457138, 28.834363901636408 -2.40457825383179, 28.83868689892633 -2.4073427090821853, 28.84301075303018 -2.4101058240211994, 28.84733546668764 -2.4128675934370603, 28.851661042637446 -2.4156280121045848, 28.855987483618296 -2.4183870747984533, 28.860314792368904 -2.421144776293235, 28.864642971626935 -2.4239011113503706, 28.86897202412811 -2.4266560747060537, 28.87330195260787 -2.4294096610936124, 28.87763275980171 -2.4321618652463735, 28.8819644484448 -2.434912681894311, 28.886297021270103 -2.437662105741233, 28.890630481009516 -2.4404101314786506, 28.894964830394944 -2.443156753798001, 28.899300072158244 -2.4459019673904967, 28.90363620902989 -2.448645766932098, 28.90797324373798 -2.451388147074153, 28.912311179010445 -2.4541291024657754, 28.916650017575186 -2.4568686277560774, 28.92098976215969 -2.459606717589615, 28.92533041548872 -2.4623433665829952, 28.929671980286024 -2.465078569342241, 28.934014459275357 -2.467812320473356, 28.938357855180385 -2.4705446145818573, 28.94270217072281 -2.473275446255153, 28.947047408621767 -2.476004810057492, 28.95139357159621 -2.478732700551613, 28.955740662365116 -2.4814591123002567, 28.96008868364669 -2.4841840398597275, 28.964437638155704 -2.4869074777572022, 28.968787528606004 -2.4896294205116205, 28.9731383577114 -2.4923498626419183, 28.97749012818559 -2.49506879866601, 28.981842842739567 -2.497786223080057, 28.98619650408178 -2.500502130359431, 28.99055111492057 -2.503216514978671, 28.994906677964263 -2.505929371412311, 28.999263195919948 -2.5086406941254387, 29.003620671490797 -2.511350477553526, 29.007979107379224 -2.5140587161262515, 29.01233850628764 -2.5167654042732983, 29.016698870918162 -2.519470536422252, 29.021060203969327 -2.5221741069750023, 29.02542250813721 -2.5248761103162027, 29.029785786117912 -2.5275765408301925, 29.034150040607443 -2.530275392901215, 29.038515274299844 -2.532972660899727, 29.042881489884866 -2.5356683391677537, 29.047248690051788 -2.5383624220438175, 29.05161687748986 -2.54105490386644, 29.055986054887693 -2.5437457789700284, 29.06035622492932 -2.5464350416596377, 29.06472739029675 -2.5491226862275593, 29.069099553671983 -2.55180870696603, 29.073472717736944 -2.5544930981667937, 29.077846885170352 -2.5571758541022316, 29.082222058646774 -2.55985696901953, 29.086598240840473 -2.562536437164181, 29.090975434425722 -2.5652142527816797, 29.095353642075448 -2.5678904101098015, 29.09973286645711 -2.5705649033548625, 29.104113110236774 -2.573237726715161, 29.10849437608047 -2.5759088743889937, 29.112876666653964 -2.5785783405729936, 29.117259984618347 -2.5812461194382896, 29.121644332631032 -2.5839122051360706, 29.126029713349382 -2.5865765918169963, 29.130416129430703 -2.589239273631661, 29.134803583529713 -2.591900244717045, 29.13919207829529 -2.594559499179819, 29.14358161637555 -2.597217031122563, 29.1479722004186 -2.599872834647855, 29.15236383307165 -2.6025269038539234, 29.156756516975744 -2.6051792328081937, 29.16115025476921 -2.607829815564796, 29.165545049090415 -2.6104786461778104, 29.169940902577526 -2.613125718700655, 29.174337817864274 -2.615771027165425, 29.178735797578987 -2.6184145655787643, 29.183134844349713 -2.6210563279458268, 29.187534960804463 -2.6236963082717635, 29.19193614956914 -2.626334500552013, 29.19633841326242 -2.628970898749286, 29.200741754501475 -2.6316054968194056, 29.205146175903458 -2.634238288718199, 29.209551680084903 -2.636869268398782, 29.213958269655667 -2.6394984297851916, 29.218365947221532 -2.6421257667837743, 29.222774715388205 -2.644751273300625, 29.227184576761356 -2.6473749432415525, 29.231595533942222 -2.6499967704940395, 29.236007589525116 -2.652616748916622, 29.240420746103723 -2.6552348723652783, 29.244835006271742 -2.6578511346959863, 29.249250372620935 -2.6604655297570496, 29.253666847734646 -2.6630780513631613, 29.258084434193943 -2.665688693319818, 29.262503134579852 -2.668297449432513, 29.26692295147292 -2.670904313504725, 29.271343887446378 -2.673509279311962, 29.275765945068173 -2.676112340609299, 29.28018912690611 -2.6787134911513446, 29.284613435527934 -2.6813127246925257, 29.28903887349682 -2.6839100349702485, 29.293465443367584 -2.6865054156911174, 29.297893147694154 -2.6890988605585, 29.302321989030467 -2.691690363275762, 29.30675196992844 -2.6942799175391783, 29.31118309293034 -2.6968675170109138, 29.31561536057549 -2.69945315534288, 29.32004877540324 -2.702036826186991, 29.324483339952344 -2.704618523193219, 29.328919056753335 -2.7071982399833727, 29.3333559283305 -2.709775970157994, 29.33779395720798 -2.7123517073171004, 29.34223314590987 -2.714925445060515, 29.346673496954857 -2.717497176970498, 29.351115012852194 -2.7200668965981047, 29.3555576961101 -2.7226345974911763, 29.360001549236813 -2.725200273197555, 29.364446574738093 -2.727763917257247, 29.36889277510865 -2.7303255231753383, 29.37334015284012 -2.7328850844471893, 29.377788710424152 -2.735442594568162, 29.38223845035158 -2.737998047031182, 29.386689375103437 -2.7405514352992864, 29.39114148715416 -2.743102752815451, 29.39559478897807 -2.7456519930222796, 29.40004928304937 -2.748199149362012, 29.404504971835408 -2.750744215256797, 29.408961857793308 -2.753287184098684, 29.413419943379324 -2.7558280492772496, 29.417879231049756 -2.758366804182071, 29.422339723257267 -2.7609034421925482, 29.426801422442047 -2.763437956652685, 29.431264331041554 -2.7659703408987895, 29.435728451493276 -2.7685005882671696, 29.440193786233277 -2.7710286920903178, 29.444660337685626 -2.773554645667905, 29.449128108268283 -2.776078442282869, 29.45359710039915 -2.7786000752180096, 29.458067316495768 -2.7811195377552194, 29.462538758966378 -2.7836368231517765, 29.467011430209045 -2.786151924638128, 29.471485332621302 -2.7886648354433627, 29.47596046860069 -2.791175548796512, 29.480436840538935 -2.7936840579118276, 29.484914450814294 -2.796190355969321, 29.4893933018032 -2.798694436144171, 29.49387339588202 -2.801196291611555, 29.49835473542437 -2.8036959155397954, 29.50283732278938 -2.806193301061552, 29.507321160331454 -2.8086884412979263, 29.511806250405016 -2.8111813293700116, 29.51629259536347 -2.8136719583964727, 29.52078019754736 -2.816160321465428, 29.525269059288473 -2.8186464116441377, 29.529759182918397 -2.8211302219994607, 29.53425057076854 -2.8236117455977405, 29.538743225160694 -2.826090975483334, 29.543237148403755 -2.82856790467084, 29.54773234280565 -2.831042526172742, 29.552228810674315 -2.8335148330015034, 29.556726554311833 -2.835984818156574, 29.56122557600431 -2.838452474601939, 29.565725878035153 -2.8409177952956033, 29.570227462687782 -2.843380773195569, 29.574730332242705 -2.8458414012536086, 29.579234488963795 -2.8482996723858247, 29.58373993510909 -2.8507555794956656, 29.58824667293655 -2.8532091154865595, 29.59275470470303 -2.855660273259551, 29.597264032650614 -2.8581090456850626, 29.601774659011177 -2.8605554256123136, 29.60628658601638 -2.862999405890097, 29.6107998158976 -2.8654409793666007, 29.615314350874804 -2.8678801388671697, 29.61983019315337 -2.8703168771878405, 29.624347344937714 -2.872751187122727, 29.628865808432224 -2.875183061465895, 29.633385585833768 -2.877612492996785, 29.63790667932118 -2.8800394744599154, 29.6424290910707 -2.882463998594702, 29.646952823258566 -2.8848860581405655, 29.65147787805678 -2.8873056458290187, 29.656004257618005 -2.889722754355236, 29.660531964089333 -2.8921373764039493, 29.665060999617822 -2.894549504659887, 29.669591366348573 -2.8969591318041275, 29.674123066408367 -2.8993662504845816, 29.678656101914243 -2.901770853331493, 29.683190474983185 -2.904172932974941, 29.687726187731393 -2.906572482043666, 29.692263242259617 -2.9089694931393044, 29.696801640654268 -2.9113639588383036, 29.701341385001186 -2.913755871716151, 29.705882477386066 -2.916145224348026, 29.710424919882836 -2.918532009289227, 29.714968714546906 -2.920916219063543, 29.719513863431995 -2.923297846191966, 29.72406036859186 -2.9256768831954707, 29.728608232072304 -2.9280533225820915, 29.733157455897597 -2.9304271568244475, 29.73770804208834 -2.9327983783891556, 29.74225999266513 -2.935166979742827, 29.74681330964384 -2.937532953344622, 29.751367995017738 -2.939896291617749, 29.755924050773206 -2.9422569869746, 29.76048147889665 -2.9446150318275626, 29.76504028137198 -2.9469704185851633, 29.76960046016146 -2.949323139622767, 29.774162017216348 -2.951673187298851, 29.7787249544878 -2.954020553971756, 29.783289273925842 -2.956365231998107, 29.78785497746138 -2.9587072137062465, 29.792422067009753 -2.96104649140137, 29.796990544485784 -2.9633830573879854, 29.801560411803926 -2.965716903970012, 29.80613167086296 -2.9680480234289512, 29.810704323541643 -2.9703764080176045, 29.815278371717408 -2.9727020499868972, 29.819853817267624 -2.9750249415876304, 29.82443066205772 -2.977345075054131, 29.829008907929452 -2.9796624425879097, 29.833588556721736 -2.981977036386585, 29.838169610273503 -2.9842888486477754, 29.8427520704153 -2.9865978715579127, 29.847335938951545 -2.9889040972684535, 29.851921217681504 -2.9912075179240225, 29.85650790840448 -2.993508125669251, 29.86109601291428 -2.9958059126416994, 29.865685532977743 -2.998100870944086, 29.87027647035337 -3.0003929926683996, 29.874868826799688 -3.0026822699066313, 29.879462604071822 -3.00496869474656, 29.884057803898692 -3.007252259243292, 29.888654427996972 -3.0095329554366477, 29.893252478083213 -3.011810775366362, 29.897851955872103 -3.0140857110698476, 29.90245286305401 -3.0163577545553273, 29.907055201302736 -3.0186268978110906, 29.911658972291775 -3.020893132825045, 29.916264177693616 -3.0231564515839433, 29.920870819159205 -3.025416846049535, 29.92547889831861 -3.0276743081593533, 29.930088416801027 -3.029928829849937, 29.934699376235237 -3.032180403057341, 29.93931177823159 -3.034429019697014, 29.94392562437559 -3.0366746716565984, 29.948540916250952 -3.0389173508217686, 29.95315765544127 -3.0411570490780453, 29.95777584351494 -3.0433937582945925, 29.962395482012116 -3.045627470310098, 29.96701657246984 -3.04785817695992, 29.97163911642512 -3.0500858700793843, 29.976263115402926 -3.0523105414913028, 29.98088857089727 -3.054532182986372, 29.985515484397293 -3.05675078635021, 29.990143857392145 -3.0589663433684393, 29.994773691361626 -3.0611788458173987, 29.999404987752968 -3.0633882854407855, 30.00403774800612 -3.065594653975109, 30.008671973561075 -3.067797943156883, 30.01330766585083 -3.0699981447158975, 30.01794482627496 -3.072195250349816, 30.022583456223032 -3.074389251746721, 30.02722355708464 -3.0765801405946878, 30.031865130244196 -3.078767908576996, 30.03650817705277 -3.080952547346154, 30.04115269884834 -3.0831340485425436, 30.045798696968845 -3.0853124038065127, 30.050446172748412 -3.0874876047750344, 30.055095127488663 -3.089659643056237, 30.05974556247472 -3.0918285102436234, 30.064397478991594 -3.093994197930585, 30.06905087832156 -3.0961566977081763, 30.07370576171559 -3.098316001140827, 30.078362130404802 -3.1004720997760415, 30.083019985619988 -3.102624985161057, 30.08767932859001 -3.104774648841519, 30.09234016051396 -3.1069210823388014, 30.09700248256775 -3.1090642771553414, 30.101666295926677 -3.1112042247930733, 30.106331601764676 -3.1133409167528696, 30.110998401227615 -3.1154743445136805, 30.11566669543501 -3.117604499533847, 30.12033648550536 -3.1197313732709078, 30.12500777255619 -3.1218549571817027, 30.129680557678764 -3.123975242703406, 30.13435484193499 -3.1260922212512607, 30.13903062638524 -3.1282058842393603, 30.143707912089237 -3.1303162230813477, 30.148386700082135 -3.1324232291732934, 30.15306699136701 -3.1345268938883835, 30.1577487869448 -3.1366272085982705, 30.16243208781601 -3.1387241646743202, 30.167116894958177 -3.140817753472229, 30.17180320931429 -3.1429079663241906, 30.17649103182454 -3.1449947945604695, 30.181180363428822 -3.147078229511153, 30.185871205045487 -3.1491582624923407, 30.190563557556196 -3.151234884796336, 30.195257421839028 -3.15330808771312, 30.199952798771918 -3.1553778625325655, 30.20464968921247 -3.1574442005320353, 30.2093480939797 -3.159507092965067, 30.214048013888235 -3.161566531082517, 30.218749449752647 -3.163622506135181, 30.22345240236827 -3.1656750093626105, 30.228156872490093 -3.1677240319807414, 30.232862860868003 -3.169769565202525, 30.23757036825182 -3.171811600240868, 30.242279395373025 -3.1738501282985205, 30.246989942921218 -3.175885140555017, 30.25170201158018 -3.1779166281866624, 30.256415602033623 -3.1799445823697394, 30.261130714947605 -3.1819689942712657, 30.265847350944934 -3.1839898550356245, 30.27056551064193 -3.1860071558037975, 30.27528519465486 -3.1880208877167497, 30.280006403582764 -3.190031041906937, 30.284729137980207 -3.192037609484894, 30.289453398394702 -3.194040581557672, 30.29417918537372 -3.1960399492323073, 30.2989064994477 -3.198035703607939, 30.3036353411015 -3.2000278357626035, 30.308365710812485 -3.2020163367708516, 30.313097609057973 -3.204001197707221, 30.31783103629819 -3.2059824096388456, 30.32256599294687 -3.2079599636126783, 30.327302479409827 -3.2099338506722614, 30.332040496092883 -3.2119040618611305, 30.336780043384508 -3.21387058821581, 30.341521121625746 -3.215833420753645, 30.346263731149577 -3.2177925504887304, 30.35100787228895 -3.219747968435148, 30.355753545358994 -3.2216996656002888, 30.360500750626542 -3.223647632973436, 30.365249488350393 -3.2255918615408485, 30.369999758789294 -3.2275323422887725, 30.374751562183384 -3.229469066197004, 30.37950489872385 -3.23140202422839, 30.384259768593946 -3.2333312073430225, 30.389016171976863 -3.235256606500981, 30.393774109036134 -3.237178212656095, 30.398533579885815 -3.2390960167464677, 30.40329458463225 -3.2410100097077645, 30.40805712338176 -3.242920182475634, 30.412821196219614 -3.24482652597964, 30.41758680318126 -3.246729031134913, 30.422353944294827 -3.2486276888544854, 30.427122619588417 -3.2505224900513636, 30.431892829067387 -3.252413425632625, 30.436664572687086 -3.2543004864922773, 30.441437850396156 -3.256183663522581, 30.446212662143093 -3.2580629476157545, 30.450989007851664 -3.2599383296582594, 30.455766887395736 -3.261809800524907, 30.460546300643124 -3.263677351089105, 30.46532724746137 -3.2655409722242017, 30.470109727690982 -3.2674006547979912, 30.47489374112294 -3.2692563896680924, 30.47967928754293 -3.271108167691038, 30.48446636673621 -3.2729559797232852, 30.489254978458284 -3.2747998166159977, 30.49404512241591 -3.2766396692116833, 30.498836798311366 -3.2784755283520512, 30.503630005846283 -3.2803073848787117, 30.50842474468938 -3.282135229628334, 30.513221014461955 -3.2839590534304657, 30.518018814781595 -3.285778847114096, 30.522818145264885 -3.287594601508093, 30.5276190054921 -3.2894063074368667, 30.532421394997762 -3.2912139557192175, 30.537225313313552 -3.293017537173593, 30.54203075996961 -3.2948170426182957, 30.546837734456 -3.296612462867808, 30.551646236219362 -3.2984037887324757, 30.55645626470416 -3.300191011022435, 30.56126781935265 -3.301974120547674, 30.566080899563033 -3.303753108115182, 30.570895504692903 -3.3055279645291926, 30.575711634098298 -3.307298680593829, 30.580529287132098 -3.3090652471130886, 30.585348463099002 -3.3108276548890085, 30.590169161266463 -3.3125858947221105, 30.594991380900915 -3.314339957412874, 30.599815121264268 -3.316089833761718, 30.604640381566213 -3.317835514568363, 30.609467160982962 -3.319576990632075, 30.614295458690183 -3.3213142527521136, 30.619125273857208 -3.323047291727827, 30.62395660559722 -3.324776098359338, 30.628789452994237 -3.326500663447173, 30.63362381513197 -3.328220977791861, 30.638459691085394 -3.329937032194294, 30.643297079869992 -3.3316488174578063, 30.648135980476507 -3.333356324386749, 30.652976391895614 -3.335059543785474, 30.657818313106056 -3.336758466459153, 30.66266174302449 -3.3384530832171992, 30.667506680547433 -3.3401433848704003, 30.672353124571405 -3.341829362229549, 30.677201073976896 -3.343511006106969, 30.682050527580916 -3.345188307321061, 30.686901484184737 -3.3468612566917355, 30.691753942589635 -3.348529845038902, 30.696607901575696 -3.350194063185077, 30.701463359859698 -3.3518539019605718, 30.706320316146662 -3.353509352197148, 30.711178769141473 -3.3551604047265853, 30.71603871752169 -3.35680705038478, 30.720900159903433 -3.358449280016886, 30.72576309489443 -3.3600870844693196, 30.730627521101972 -3.361720454588581, 30.735493437099077 -3.363349381227273, 30.74036084140085 -3.364973855248333, 30.74522973251676 -3.3665938675156912, 30.75010010895517 -3.368209408893513, 30.754971969182723 -3.3698204702545556, 30.759845311613162 -3.3714270424824804, 30.76472013465677 -3.3730291164616544, 30.76959643672151 -3.374626683076994, 30.77447421616609 -3.3762197332249433, 30.77935347130256 -3.3778082578128497, 30.784234200441162 -3.379392247748492, 30.78911640188778 -3.3809716939407886, 30.79400007389188 -3.382546587313443, 30.798885214663574 -3.3841169188004665, 30.80377182241218 -3.3856826793360826, 30.80865989533963 -3.3872438598566537, 30.813549431585276 -3.3888004513167145, 30.818440429256952 -3.390352444679953, 30.823332886462243 -3.3918998309101305, 30.828226801296978 -3.3934426009747427, 30.833122171790034 -3.394980745862648, 30.838018995946527 -3.3965142565702755, 30.842917271771526 -3.3980431240940603, 30.847816997252387 -3.399567339436612, 30.852718170307636 -3.4010868936244516, 30.857620788839156 -3.4026017776898954, 30.862524850748756 -3.4041119826652735, 30.867430353912653 -3.4056174995925765, 30.872337296139726 -3.407118319539132, 30.87724567522799 -3.408614433576379, 30.882155488975048 -3.4101058327759044, 30.88706673514362 -3.41159250822347, 30.89197941143375 -3.41307445103028, 30.89689351553894 -3.414551652310194, 30.901809045151428 -3.416024103177629, 30.906725997918596 -3.4174917947665318, 30.911644371432338 -3.4189547182350246, 30.91656416328111 -3.42041286474273, 30.921485371050228 -3.421866225450723, 30.926407992270494 -3.42331479154547, 30.931332024426307 -3.4247585542350607, 30.936257465000537 -3.4261975047282722, 30.941184311469794 -3.4276316342369957, 30.94611256124772 -3.429060934004365, 30.951042211711634 -3.4304853952915293, 30.955973260238405 -3.431905009359854, 30.9609057041937 -3.4333197674766205, 30.965839540874207 -3.434729660945435, 30.970774767550463 -3.4361346810836966, 30.975711381492946 -3.437534819208827, 30.980649379953718 -3.438930066648549, 30.985588760113657 -3.440320414770297, 30.990529519136505 -3.4417058549510795, 30.995471654185927 -3.443086378567954, 31.00041516239746 -3.444461977014573, 31.005360040838085 -3.4458326417249796, 31.010306286564585 -3.4471983641392536, 31.015253896633094 -3.4485591356978684, 31.020202868060338 -3.4499149478658833, 31.025153197801234 -3.451265792146898, 31.03010488280532 -3.452611660047879, 31.035057920019973 -3.4539525430771723, 31.04001230634179 -3.4552884327761295, 31.044968038615515 -3.456619320719773, 31.049925113683532 -3.4579451984846434, 31.054883528383144 -3.4592660576508116, 31.05984327949037 -3.460581889840627, 31.064804363740883 -3.4618926867043247, 31.069766777869603 -3.46319843989263, 31.074730518601317 -3.464499141063635, 31.079695582592073 -3.4657947819253025, 31.08466196646941 -3.467085354206276, 31.089629666860812 -3.468370849635267, 31.094598680375825 -3.4696512599544933, 31.099569003552563 -3.4709265769603057, 31.104540632911178 -3.472196792462599, 31.10951356497175 -3.473461898271346, 31.11448779622581 -3.4747218862191596, 31.119463323096426 -3.4759767481929744, 31.12444014199659 -3.477226476087705, 31.129418249338553 -3.478471061798907, 31.134397641493628 -3.4797104972560655, 31.139378314772745 -3.4809447744387545, 31.144360265482 -3.4821738853305813, 31.149343489924757 -3.4833978219174604, 31.154327984351287 -3.4846165762313985, 31.15931374496285 -3.4858301403468395, 31.1643007679589 -3.487038506339812, 31.16928904953243 -3.4882416662921805, 31.174278585813045 -3.489439612343161, 31.179269372894375 -3.4906323366645613, 31.184261406869595 -3.491819831428557, 31.18925468381911 -3.493002088819414, 31.194249199753806 -3.4941791010870182, 31.19924495066113 -3.495350860503408, 31.204241932528454 -3.496517359340652, 31.209240141320755 -3.497678589892892, 31.214239572933575 -3.4988345445226066, 31.219240223249106 -3.499985215605465, 31.224242088149104 -3.501130595517503, 31.229245163480673 -3.5022706766703777, 31.234249445027952 -3.5034054515402757, 31.239254928568474 -3.504534912610196, 31.24426160987801 -3.505659052365018, 31.249269484684696 -3.5067778633404996, 31.25427854866477 -3.5078913381278776, 31.25928879749183 -3.5089994693211923, 31.264300226834536 -3.5101022495199925, 31.26931283230265 -3.5111996713893285, 31.274326609467302 -3.5122917276372347, 31.27934155389897 -3.513378410972494, 31.2843576611574 -3.5144597141162572, 31.289374926736194 -3.5155356298663434, 31.29439334610358 -3.516606151049899, 31.299412914727757 -3.5176712704941355, 31.304433628057176 -3.5187309810500067, 31.309455481473083 -3.5197852756495247, 31.314478470342326 -3.520834147241971, 31.319502590031533 -3.521877588776968, 31.324527835875557 -3.522915593243918, 31.329554203148003 -3.5239481537090507, 31.334581687115456 -3.524975263247364, 31.339610283042976 -3.525996914935852, 31.344639986151105 -3.527013101909589, 31.349670791609988 -3.5280238173693435, 31.35470269458707 -3.5290290545194183, 31.35973569024521 -3.5300288065703382, 31.364769773691588 -3.5310230668081197, 31.369804939996406 -3.532011828569025, 31.374841184229155 -3.532995085190225, 31.379878501449117 -3.5339728300232838, 31.38491688665298 -3.5349450565081613, 31.389956334813636 -3.5359117581183552, 31.394996840903914 -3.536872928327432, 31.40003839987757 -3.5378285606369944, 31.405081006625228 -3.53877864864134, 31.41012465602445 -3.539723185953892, 31.415169342952527 -3.540662166188549, 31.420215062255917 -3.5415955830062527, 31.425261808724496 -3.5425234301544286, 31.43030957714203 -3.5434457013897878, 31.435358362290614 -3.544362390471706, 31.44040815890946 -3.5452734912277712, 31.445458961692275 -3.546178997557893, 31.450510765330584 -3.5470789033654615, 31.45556356451104 -3.547973202561944, 31.460617353867384 -3.5488618891462846, 31.465672128001003 -3.54974495717099, 31.47072788151282 -3.5506224006893428, 31.47578460899308 -3.5514942137730126, 31.48084230497366 -3.5523603905944525, 31.485900963966536 -3.5532209253604505, 31.490960580483666 -3.5540758122778553, 31.496021149017444 -3.554925045588373, 31.5010826640033 -3.555768619635414, 31.506145119866325 -3.55660652878084, 31.511208511031118 -3.5574387673873646, 31.51627283189161 -3.558265329875411, 31.521338076792006 -3.559086210758727, 31.52640424007203 -3.559901404559561, 31.531471316069325 -3.5607109058041875, 31.5365392990801 -3.561514709099857, 31.541608183362225 -3.562312809128818, 31.546677963172066 -3.563105200576144, 31.551748632760532 -3.563891878138171, 31.55682018632904 -3.5646728366119125, 31.561892618053044 -3.5654480708473817, 31.56696592210772 -3.5662175756950614, 31.572040092656778 -3.5669813460298774, 31.577115123811375 -3.5677393768386723, 31.582191009667604 -3.568491663140297, 31.58726774432149 -3.56923819995374, 31.592345321848875 -3.569978982342946, 31.597423736276323 -3.5707140054814865, 31.602502981623022 -3.571443264559335, 31.607583051907476 -3.572166754768081, 31.61266394111811 -3.5728844713693357, 31.617745643202422 -3.573596409720042, 31.62282815210497 -3.5743025651839715, 31.627911461767752 -3.575002933131122, 31.63299556609402 -3.5756975090261354, 31.638080458956818 -3.5763862884072295, 31.64316613422842 -3.5770692668145627, 31.648252585774923 -3.577746439804152, 31.653339807418064 -3.5784178030454203, 31.658427792960328 -3.579083352257177, 31.663516536204106 -3.579743083158434, 31.66860603093973 -3.580396991500676, 31.6736962709126 -3.5810450731561034, 31.678787249857734 -3.5816873240249714, 31.683878961509983 -3.5823237400079506, 31.688971399584236 -3.5829543170621383, 31.694064557755432 -3.583579051257775, 31.6991584296937 -3.5841979386786105, 31.704253009068236 -3.584810975411258, 31.709348289520285 -3.5854181576256594, 31.714444264659456 -3.5860194815861384, 31.71954092809365 -3.5866149435621044, 31.72463827342785 -3.5872045398322006, 31.729736294232854 -3.5877882667827485, 31.734834984057358 -3.588366120869681, 31.7399343364497 -3.5889380985500967, 31.745034344951762 -3.5895041963025656, 31.750135003068348 -3.59006441072947, 31.755236304290946 -3.590618738477464, 31.76033824211105 -3.5911671761932893, 31.765440810008446 -3.5917097205651154, 31.7705440014273 -3.592246368407182, 31.77564780980506 -3.5927771165576137, 31.780752228578915 -3.5933019618554454, 31.785857251168064 -3.5938209012074664, 31.7909628709616 -3.594333931634052, 31.796069081345745 -3.5948410501664143, 31.801175875705585 -3.595342253840219, 31.806283247402593 -3.5958375397862987, 31.81139118977556 -3.5963269052268254, 31.816499696162346 -3.5968103473876507, 31.821608759897913 -3.597287863507165, 31.82671837428991 -3.597759450941814, 31.83182853263092 -3.5982251071128406, 31.83693922821342 -3.5986848294421603, 31.84205045432406 -3.599138615378713, 31.847162204221355 -3.599586462502238, 31.852274471155333 -3.600028368431996, 31.857387248376007 -3.6004643307873545, 31.862500529123565 -3.6008943472370336, 31.867614306612733 -3.6013184155781817, 31.87272857405408 -3.601736533628574, 31.877843324657956 -3.6021486992074596, 31.882958551620707 -3.6025549102107135, 31.88807424811821 -3.60295516464668, 31.89319040732469 -3.6033494605326735, 31.898307022413373 -3.603737795891902, 31.903424086540358 -3.6041201688510167, 31.908541592847005 -3.604496577624923, 31.913659534474263 -3.604867020431361, 31.91877790456079 -3.6052314955031726, 31.923896696226578 -3.6055900011976556, 31.92901590258244 -3.6059425359333237, 31.934135516739094 -3.6062890981291136, 31.939255531803173 -3.606629686234757, 31.944375940863274 -3.606964298834302, 31.949496737003084 -3.6072929345484206, 31.95461791330628 -3.6076155919979627, 31.95973946285018 -3.6079322698574527, 31.964861378696867 -3.6082429669302116, 31.96998365390615 -3.6085476820384783, 31.975106281537695 -3.608846414006293, 31.98022925464286 -3.609139161738869, 31.985352566261536 -3.6094259242538005, 31.990476209432767 -3.609706700576938, 31.995600177195037 -3.609981489740579, 32.000724462577644 -3.610250290883392, 32.00584905860234 -3.6105131032312805, 32.01097395829061 -3.6107699260127184, 32.0160991546629 -3.6110207584718883, 32.02122464073071 -3.6112655999791063, 32.02635040950121 -3.6115044499654085, 32.03147645398162 -3.611737307862229, 32.03660276717738 -3.6119641731319425, 32.041729342086576 -3.6121850453719695, 32.046856171705244 -3.612399924216551, 32.051983249029405 -3.612608809300084, 32.057110567053044 -3.6128117003098676, 32.06223811876504 -3.6130085970631702, 32.067365897153486 -3.613199499396855, 32.07249389520647 -3.6133844071493457, 32.07762210591024 -3.6135633202374193, 32.082750522248354 -3.613736238691327, 32.08787913720423 -3.6139031625502094, 32.09300794376121 -3.614064091858793, 32.098136934901845 -3.614219026764644, 32.10326610360803 -3.6143679675056255, 32.1083954428616 -3.6145109143226715, 32.11352494564457 -3.61464786747023, 32.11865460493989 -3.614778827324923, 32.123784413731094 -3.614903794328263, 32.128914365001705 -3.6150227689223624, 32.134044451735896 -3.6151357515758042, 32.13917466692102 -3.615242742889719, 32.144305003545476 -3.615343743506643, 32.14943545459762 -3.615438754069168, 32.154566013067694 -3.615527775265176, 32.159696671951075 -3.6156108079132987, 32.16482742424419 -3.615687852855636, 32.169958262943446 -3.6157589109351083, 32.17508918104911 -3.615823983062701, 32.18022017156805 -3.6158830702673157, 32.18535122750783 -3.6159361735896027, 32.19048234187623 -3.6159832940736614, 32.19561350768763 -3.6160244328546467, 32.20074471796352 -3.6160595911657603, 32.205875965725674 -3.616088770245054, 32.21100724399673 -3.616111971339511, 32.216138545809116 -3.6161291958069435, 32.22126986420189 -3.616140445080144, 32.22640119221426 -3.616145720593323, 32.23153252288731 -3.616145023798814, 32.23666384927519 -3.616138356273255, 32.24179516443752 -3.6161257196454417, 32.24692646143393 -3.616107115544344, 32.25205773332791 -3.6160825456307015, 32.2571889731986 -3.6160520116940913, 32.262320174129115 -3.6160155155567506, 32.26745132920259 -3.615973059041059, 32.272582431509036 -3.6159246440192736, 32.277713474155476 -3.6158702724866503, 32.28284445025147 -3.615809946457065, 32.2879753529068 -3.615743667945544, 32.293106175242045 -3.615671439037144, 32.29823691039477 -3.615593261926169, 32.303367551503996 -3.6155091388164005, 32.308498091709374 -3.615419071915407, 32.313628524165956 -3.615323063520216, 32.31875884204441 -3.6152211160186165, 32.32388903851608 -3.6151132318024457, 32.32901910675398 -3.614999413272257, 32.334149039951136 -3.614879662934334, 32.33927883131386 -3.6147539833653384, 32.34440847404876 -3.614622377143211, 32.349537961365776 -3.6144848468623314, 32.35466728649907 -3.6143413952339056, 32.35979644269319 -3.6141920250197046, 32.364925423192766 -3.614036738981703, 32.37005422124853 -3.613875539909257, 32.37518283013845 -3.6137084307127805, 32.380311243147936 -3.613535414336119, 32.38543945356243 -3.6133564937231695, 32.390567454677466 -3.6131716718594467, 32.39569523981704 -3.612980951847857, 32.40082280231009 -3.6127843368118566, 32.405950135485746 -3.61258182987546, 32.411077232688164 -3.612373434220359, 32.41620408728942 -3.612159153135564, 32.42133069266472 -3.611938989921788, 32.42645704218976 -3.6117129478817507, 32.43158312926082 -3.6114810303918277, 32.436708947300225 -3.6112432409215565, 32.441834489731946 -3.6109995829464534, 32.44695974998135 -3.610750059946842, 32.4520847215001 -3.610494675490981, 32.457209397762696 -3.6102334332240584, 32.462333772244484 -3.6099663367938586, 32.467457838423705 -3.609693389857404, 32.47258158981011 -3.609414596170943, 32.477705019932586 -3.609129959551054, 32.48282812232028 -3.6088394838151725, 32.48795089050757 -3.6085431727962263, 32.493073318064745 -3.608241030433669, 32.498195398577145 -3.6079330607117304, 32.50331712563021 -3.607619267614794, 32.50843849281779 -3.6072996551509364, 32.513559493772725 -3.6069742274373318, 32.518680122139024 -3.606642988622534, 32.52380037156072 -3.606305942855113, 32.5289202356946 -3.6059630943174397, 32.53403970823771 -3.6056144472984495, 32.53915878289494 -3.6052600061080313, 32.54427745337133 -3.604899775056297, 32.54939571338984 -3.6045337584984036, 32.554513556713175 -3.6041619608892703, 32.55963097710939 -3.6037843866971992, 32.56474796834689 -3.603401040391355, 32.569864524217756 -3.6030119264972704, 32.5749806385519 -3.602617049630601, 32.58009630518263 -3.6022164144150883, 32.58521151794422 -3.6018100254765946, 32.59032627070046 -3.6013978875078543, 32.59544055734999 -3.6009800052804746, 32.60055437179349 -3.600556383570595, 32.60566770793353 -3.6001270271584525, 32.61078055970791 -3.599691940900221, 32.6158929210856 -3.599251129719052, 32.62100478603661 -3.5988045985404002, 32.62611614853428 -3.5983523522965677, 32.631227002592475 -3.597894396002916, 32.636337342252006 -3.5974307347300534, 32.64144716155415 -3.596961373549591, 32.6465564545455 -3.5964863175435204, 32.65166521531769 -3.5960055718817854, 32.65677343798495 -3.5955191417786003, 32.66188111666172 -3.5950270324485114, 32.666988245470286 -3.5945292491207437, 32.672094818581456 -3.594025797115068, 32.67720083018455 -3.5935166817857698, 32.682306274468935 -3.5930019084872016, 32.68741114563496 -3.5924814825933242, 32.69251543793389 -3.591955409568754, 32.69761914563172 -3.5914236949042913, 32.70272226299441 -3.5908863440907393, 32.70782478430272 -3.590343362644017, 32.71292670388941 -3.5897947561685846, 32.7180280160987 -3.5892405302884054, 32.72312871527486 -3.588680690627491, 32.72822879578115 -3.5881152428407384, 32.73332825203279 -3.587544192667594, 32.73842707845384 -3.586967545861839, 32.743525269468435 -3.586385308177447, 32.74862281952428 -3.5857974854049397, 32.753719723119985 -3.5852040834141525, 32.75881597476091 -3.5846051080853187, 32.763911568952686 -3.5840005652991547, 32.769006500229054 -3.583390460978165, 32.77410076317305 -3.582774801118211, 32.77919435237268 -3.5821535917225824, 32.78428726241662 -3.5815268387955, 32.78937948792613 -3.580894548387607, 32.79447102356956 -3.5802567266166108, 32.79956186401894 -3.5796133796054583, 32.8046520039474 -3.578964513478608, 32.80974143806502 -3.5783101344108457, 32.81483016112639 -3.5776502486377084, 32.81991816788882 -3.5769848623983638, 32.82500545311131 -3.576313981934211, 32.830092011593784 -3.575637613540079, 32.83517783817809 -3.5749557635654474, 32.840262927707904 -3.57426843836227, 32.84534727502939 -3.5735756442855338, 32.85043087503331 -3.572877387745975, 32.85551372264956 -3.5721736752032287, 32.860595812809414 -3.5714645131185896, 32.865677140447325 -3.570749907957244, 32.870757700545695 -3.570029866241673, 32.87583748812342 -3.5693043945379603, 32.880916498200264 -3.5685734994132865, 32.88599472580017 -3.5678371874395975, 32.89107216599785 -3.567095465246965, 32.896148813901966 -3.5663483395042945, 32.90122466462179 -3.565595816881196, 32.90629971327169 -3.5648379040528955, 32.91137395501932 -3.564074607752942, 32.91644738506389 -3.563305934749476, 32.921519998605 -3.5625318918110893, 32.92659179084839 -3.5617524857127663, 32.93166275705511 -3.5609677232874666, 32.936732892515636 -3.5601776113990296, 32.94180219252076 -3.5593821569115764, 32.94687065236833 -3.5585813666963055, 32.9519382674132 -3.557775247681577, 32.957005033037824 -3.5569638068234264, 32.96207094462487 -3.55614705107807, 32.96713599756495 -3.555324987409347, 32.9722001873071 -3.5544976228370775, 32.97726350932638 -3.5536649644060225, 32.98232595909798 -3.552827019161061, 32.987387532105835 -3.5519837941550954, 32.99244822389343 -3.551135296495528, 32.99750803002898 -3.550281533312408, 33.00256694608078 -3.549422511735861, 33.00762496762658 -3.5485582389042825, 33.01268209030452 -3.547688722008846, 33.01773830977644 -3.546813968261475, 33.02279362170426 -3.545933984874141, 33.027848021759915 -3.54504877906716, 33.032901505676314 -3.544158358111743, 33.037954069209405 -3.5432627292982937, 33.04300570811518 -3.5423618999172533, 33.048056418159995 -3.5414558772673086, 33.05310619517165 -3.5405446686960373, 33.05815503500056 -3.539628281568962, 33.063202933497124 -3.5387067232516296, 33.06824988652231 -3.537780001117587, 33.07329588999888 -3.536848122587169, 33.07834093987197 -3.5359110950976804, 33.08338503208675 -3.534968926086448, 33.08842816259893 -3.534021622998399, 33.093470327426125 -3.533069193323076, 33.09851152260847 -3.53211164456625, 33.10355174418612 -3.5311489842337185, 33.10859098820957 -3.5301812198383558, 33.11362925079118 -3.5292083589354193, 33.118666528066264 -3.5282304090958783, 33.12370281617016 -3.5272473778907245, 33.12873811124814 -3.526259272897407, 33.133772409507145 -3.525266101733467, 33.138805707177774 -3.5242678720318144, 33.14383800049063 -3.523264591425387, 33.14886928568571 -3.522256267552887, 33.15389955906427 -3.521242908090761, 33.15892881695221 -3.520224520730646, 33.16395705567553 -3.51920111316422, 33.168984271568824 -3.5181726930881854, 33.17401046102731 -3.5171392682345677, 33.17903562047222 -3.5161008463505454, 33.18405974632489 -3.5150574351833552, 33.18908283501442 -3.514009042484505, 33.19410488302957 -3.512955676038337, 33.199125886886826 -3.5118973436444323, 33.204145843102786 -3.510834053102448, 33.20916474820088 -3.5097658122155764, 33.21418259876297 -3.5086926288172733, 33.21919939140057 -3.5076145107563965, 33.22421512272551 -3.506531465881929, 33.22922978935538 -3.5054435020456753, 33.2342433879645 -3.504350627127065, 33.23925591525929 -3.503252849021168, 33.24426736794657 -3.5021501756232327, 33.249277742737895 -3.5010426148306806, 33.254287036399454 -3.4999301745658538, 33.25929524573226 -3.49881286276699, 33.26430236753788 -3.497690687372577, 33.26930839862168 -3.4965636563227185, 33.27431333584101 -3.4954317775796744, 33.27931717609109 -3.494295059121852, 33.28431991626802 -3.4931535089280237, 33.2893215532707 -3.492007134978086, 33.29432208404694 -3.4908559452713113, 33.299321505585695 -3.489699947823303, 33.304319814877246 -3.4885391506501815, 33.30931700891386 -3.487373561768799, 33.31431308473299 -3.4862031892126075, 33.3193080394168 -3.4850280410314896, 33.32430187004937 -3.4838481252760225, 33.3292945737161 -3.482663449997232, 33.33428614754334 -3.481474023260022, 33.339276588705786 -3.4802798531456722, 33.34426589438092 -3.4790809477363984, 33.349254061746926 -3.477877315114651, 33.35424108801841 -3.4766689633741645, 33.35922697046176 -3.475455900624769, 33.36421170634739 -3.474238134977533, 33.369195292946046 -3.4730156745436265, 33.3741777275598 -3.471788527443067, 33.37915900754586 -3.4705567018114563, 33.38413913026706 -3.46932020578598, 33.389118093086324 -3.4680790475038528, 33.394095893392695 -3.4668332351089477, 33.39907252863304 -3.465582776759891, 33.40404799626209 -3.4643276806173073, 33.409022293734544 -3.4630679548418177, 33.413995418525914 -3.461803607598791, 33.41896736817155 -3.460534647067221, 33.4239381402174 -3.4592610814285285, 33.428907732209446 -3.457982918864135, 33.43387614170952 -3.4567001675586457, 33.438843366339846 -3.4554128357088136, 33.44380940373709 -3.4541209315142805, 33.448774251537834 -3.4528244631746854, 33.4537379073902 -3.451523438891674, 33.45870036900167 -3.4502178668772454, 33.46366163409885 -3.448907755346738, 33.46862170040835 -3.4475931125154897, 33.47358056566463 -3.4462739466, 33.47853822765867 -3.4449502658251374, 33.48349468420628 -3.443622078419447, 33.48844993312336 -3.4422893926114884, 33.49340397223079 -3.440952216630427, 33.49835679940142 -3.439610558711768, 33.5033084125393 -3.4382644270948246, 33.5082588095489 -3.43691383001896, 33.5132079883375 -3.435558775723809, 33.51815594685837 -3.4341992724534225, 33.523102683102664 -3.432835328455497, 33.528048195062674 -3.4314669519778356, 33.532992480731984 -3.430094151268332, 33.5379355381431 -3.4287169345776243, 33.5428773653729 -3.4273353101594703, 33.547817960500645 -3.4259492862677985, 33.5527573216061 -3.424558871156562, 33.55769544680008 -3.4231640730811095, 33.56263233424352 -3.4217649002990376, 33.56756798210187 -3.420361361068149, 33.5725023885407 -3.4189534636462504, 33.57743555174871 -3.4175412162915997, 33.582367469968844 -3.416124627263517, 33.58729814145197 -3.414703704821476, 33.59222756444887 -3.413278457224952, 33.59715573722612 -3.4118488927333295, 33.602082658106454 -3.4104150196056793, 33.607008325425156 -3.4089768461010017, 33.61193273751749 -3.407534380478298, 33.61685589272853 -3.406087630996268, 33.62177778945808 -3.404636605911932, 33.626698426124946 -3.403181313481728, 33.63161780114798 -3.4017217619620923, 33.636535912951466 -3.400257959609158, 33.641452760009734 -3.3987899146762754, 33.64636834082398 -3.397317635415294, 33.65128265389569 -3.395841130078051, 33.6561956977289 -3.3943604069161752, 33.66110747087041 -3.392875474177859, 33.66601797190234 -3.3913863401084425, 33.670927199407885 -3.389893012953185, 33.6758351519711 -3.388395500957249, 33.68074182820989 -3.3868938123622403, 33.6856472267853 -3.3853879554052058, 33.690551346361275 -3.383877938322901, 33.69545418560193 -3.38236376935206, 33.70035574319555 -3.380845456726261, 33.70525601787981 -3.379323008672664, 33.7101550083984 -3.3777964334176493, 33.715052713494984 -3.3762657391875934, 33.7199491319286 -3.3747309342065037, 33.72484426251054 -3.3731920266902904, 33.729738104063244 -3.371649024853142, 33.734630655409156 -3.3701019369092458, 33.73952191537919 -3.3685507710712694, 33.74441188285485 -3.366995535542808, 33.74930055673626 -3.3654362385241026, 33.75418793592365 -3.3638728882153925, 33.759074019321154 -3.3623054928161045, 33.76395880587736 -3.360734060516602, 33.76884229456872 -3.3591585995015487, 33.773724484372174 -3.3575791179555194, 33.778605374266036 -3.355995624062773, 33.78348496326383 -3.3544081259995044, 33.788363250416424 -3.352816631933386, 33.79324023477638 -3.3512211500316775, 33.79811591539658 -3.3496216884615766, 33.802990291354625 -3.3480182553840097, 33.80786336177303 -3.346410858948525, 33.81273512577904 -3.3447995073034686, 33.81760558249988 -3.343184208597186, 33.82247473107761 -3.341564970973907, 33.82734257070304 -3.339941802564302, 33.83220910057697 -3.3383147114962517, 33.83707431990021 -3.33668370589764, 33.84193822788099 -3.335048793894112, 33.846800823774316 -3.3334099835971305, 33.85166210685346 -3.3317672831126326, 33.856522076391755 -3.330120700546544, 33.86138073166544 -3.3284702440038254, 33.86623807199032 -3.3268159215764888, 33.87109409671048 -3.32515774134725, 33.8759488051707 -3.3234957113986274, 33.88080219671646 -3.321829839812875, 33.885654270722334 -3.3201601346619927, 33.89050502660086 -3.31848660400461, 33.895354463767134 -3.3168092558984563, 33.9002025816363 -3.315128098401242, 33.90504937964147 -3.313443139563871, 33.90989485726024 -3.3117543874204385, 33.91473901397691 -3.310061850002488, 33.91958184927583 -3.308365535341564, 33.92442336265024 -3.306665451465614, 33.92926355363847 -3.3049616063844534, 33.93410242179298 -3.3032540081022, 33.938939966666226 -3.3015426646229704, 33.943776187814166 -3.2998275839494022, 33.948611084831555 -3.298108774067549, 33.953444657337535 -3.296386242953037, 33.95827690495165 -3.2946599985813347, 33.96310782729428 -3.2929300489275293, 33.96793742401415 -3.2911964019538584, 33.972765694794646 -3.28945906560686, 33.977592639321244 -3.287718047832121, 33.982418257279456 -3.2859733565752007, 33.98724254837171 -3.284224999773596, 33.99206551234199 -3.282472985344888, 33.996887148940644 -3.2807173212036442, 34.00170745791797 -3.278958015264426, 34.00652643903206 -3.277195075437914, 34.01134409208277 -3.2754285096136786, 34.0161604168842 -3.2736583256741687, 34.0209754132504 -3.271884531501828, 34.025789080997974 -3.2701071349777298, 34.03060141997829 -3.268326143964585, 34.03541243006748 -3.266541566311947, 34.04022211114223 -3.2647534098690802, 34.0450304630797 -3.2629616824850096, 34.04983748578046 -3.261166391995725, 34.0546431791799 -3.2593675462178724, 34.059447543216265 -3.257565152966534, 34.064250577827764 -3.255759220056788, 34.06905228296479 -3.253949755296629, 34.0738526586178 -3.2521367664707665, 34.07865170478542 -3.2503202613591315, 34.083449421466284 -3.2485002477416556, 34.08824580866366 -3.2466767333954643, 34.093040866417695 -3.244849726075251, 34.097834594786235 -3.2430192335249504, 34.10262699382726 -3.2411852634884237, 34.107418063599795 -3.2393478237088575, 34.11220780419001 -3.237506921912215, 34.116996215712724 -3.2356625658062805, 34.12178329828413 -3.233814763097974, 34.126569052020464 -3.231963521494177, 34.131353477053246 -3.230108848691645, 34.13613657355052 -3.228250752363031, 34.140918341685584 -3.2263892401774754, 34.14569878163175 -3.224524319804118, 34.15047789356844 -3.2226559989078902, 34.15525567771155 -3.2207842851286337, 34.160032134290404 -3.218909186096929, 34.16480726353434 -3.217030709443346, 34.169581065674286 -3.2151488627973412, 34.17435354096924 -3.213263653768242, 34.17912468970271 -3.211375089947879, 34.18389451215901 -3.2094831789274996, 34.188663008622534 -3.207587928298266, 34.19343017939407 -3.2056893456391795, 34.19819602480773 -3.2037874385044685, 34.202960545201705 -3.201882214445346, 34.207723740914155 -3.1999736810130277, 34.212485612289804 -3.198061845753687, 34.217246159708104 -3.1961467161867074, 34.22200538356004 -3.194228299822604, 34.22676328423657 -3.192306604171886, 34.2315198621303 -3.1903816367437705, 34.23627511766086 -3.1884534050258537, 34.24102905127031 -3.18652191648784, 34.245781663401324 -3.184587178598896, 34.25053295449675 -3.1826491988281003, 34.2552829250148 -3.180707984631785, 34.260031575445026 -3.178763543440354, 34.26477890628086 -3.1768158826810584, 34.26952491801567 -3.1748650097811537, 34.274269611148625 -3.1729109321629254, 34.27901298621138 -3.1709536572207644, 34.283755043746865 -3.1689931923393315, 34.288495784298085 -3.1670295449032775, 34.29323520840923 -3.1650627222961485, 34.2979733166489 -3.1630927318799684, 34.30271010960788 -3.161119580997171, 34.30744558787776 -3.1591432769894783, 34.31217975205016 -3.1571638271985694, 34.31691260272951 -3.1551812389544227, 34.32164414055058 -3.1531955195592816, 34.32637436615248 -3.1512066763113658, 34.331103280174354 -3.1492147165088973, 34.33583088325955 -3.1472196474461374, 34.34055717608094 -3.1452214763894073, 34.345282159324185 -3.1432202105930185, 34.35000583367491 -3.141215857311232, 34.35472819981946 -3.13920842379766, 34.35944925846439 -3.137197917286208, 34.36416901033954 -3.135184344988026, 34.368887456176125 -3.133167714113002, 34.37360459670531 -3.131148031871016, 34.37832043266734 -3.1291253054628467, 34.38303496483189 -3.127099542059636, 34.387748193974666 -3.1250707488265, 34.392460120871334 -3.123038932928555, 34.39717074629995 -3.121004101528483, 34.40188007106394 -3.118966261762612, 34.406588095982286 -3.1169254207511674, 34.41129482187419 -3.1148815856141487, 34.41600024955905 -3.1128347634713505, 34.42070437987104 -3.110784961426776, 34.42540721366942 -3.108732186557582, 34.430108751815965 -3.1066764459383176, 34.43480899517235 -3.1046177466435316, 34.43950794460548 -3.1025560957421217, 34.444205601009536 -3.100491500272887, 34.44890196528784 -3.098423967264645, 34.453597038343645 -3.096353503746201, 34.458290821081135 -3.094280116745376, 34.462983314424065 -3.0922038132678087, 34.46767451931547 -3.090124600297226, 34.47236443669926 -3.0880424848164294, 34.47705306751934 -3.0859574738082127, 34.481740412728335 -3.0838695742451705, 34.48642647330495 -3.0817787930694998, 34.49111125023275 -3.079685137217756, 34.49579474449524 -3.077588613626496, 34.500476957078085 -3.075489229229764, 34.505157888989515 -3.0733869909344858, 34.50983754125159 -3.0712819056310043, 34.514515914886594 -3.0691739802094236, 34.51919301091686 -3.0670632215596956, 34.52386883037719 -3.0649496365565008, 34.528543374325146 -3.0628332320463394, 34.53321664382079 -3.0607140148726732, 34.537888639924155 -3.0585919918789646, 34.542559363699006 -3.0564671699039745, 34.54722881623286 -3.054339555756326, 34.55189699862266 -3.052209156232747, 34.55656391196531 -3.0500759781299345, 34.56122955735819 -3.0479400282440277, 34.565893935913934 -3.045801313351197, 34.570557048764215 -3.0436598402026798, 34.57521889704187 -3.0415156155481458, 34.5798794818798 -3.039368646137265, 34.58453880441637 -3.0372189387123556, 34.589196865813335 -3.0350664999844468, 34.593853667238676 -3.032911336656247, 34.59850920986041 -3.030753455430462, 34.60316349484739 -3.0285928630085808, 34.607816523385715 -3.026429566068443, 34.612468296677044 -3.0242635712664563, 34.61711881592359 -3.0220948852582525, 34.62176808232757 -3.019923514699457, 34.62641609709843 -3.0177494662355326, 34.63106286146755 -3.0155727464808586, 34.635708376670514 -3.0133933620438915, 34.64035264394289 -3.0112113195330896, 34.64499566452168 -3.0090266255548803, 34.64963743966202 -3.0068392866893157, 34.654277970631746 -3.004649309498032, 34.65891725869895 -3.0024567005422877, 34.66355530513176 -3.0002614663832974, 34.66819211120679 -2.998063613569598, 34.67282767822089 -2.9958631486196077, 34.67746200747382 -2.9936600780473706, 34.68209510026536 -2.991454408366929, 34.68672695789712 -2.989246146089479, 34.691357581689154 -2.987035297698078, 34.69598697297193 -2.9848218696597484, 34.70061513307611 -2.982605868441328, 34.70524206333236 -2.9803873005095407, 34.709867765080716 -2.9781661723164907, 34.71449223967966 -2.9759424902852585, 34.71911548848985 -2.9737162608354986, 34.72373751287199 -2.9714874903868678, 34.72835831418891 -2.969256185355496, 34.73297789382158 -2.9670223521283816, 34.737596253159865 -2.9647859970781494, 34.74221339359367 -2.9625471265773227, 34.74682931651304 -2.96030574699825, 34.75144402331762 -2.9580618646974073, 34.75605751542407 -2.955815486003144, 34.76066979425076 -2.9535666172409187, 34.76528086121612 -2.9513152647361918, 34.76989071774086 -2.949061434810481, 34.774499365263146 -2.946805133755748, 34.779106805229034 -2.9445463678505366, 34.78371303908464 -2.9422851433733226, 34.788318068276176 -2.9400214666023694, 34.792921894259315 -2.937755343799562, 34.79752451850556 -2.9354867811991667, 34.802125942488004 -2.9332157850327962, 34.806726167679685 -2.930942361532061, 34.81132519555595 -2.928666516924541, 34.81592302760864 -2.926388257408255, 34.820519665336974 -2.9241075891680812, 34.82511511024022 -2.9218245183888376, 34.82970936381772 -2.9195390512551342, 34.83430242757771 -2.9172511939354058, 34.83889430304341 -2.9149609525705023, 34.84348499173955 -2.912668333298582, 34.84807449519084 -2.9103733422578077, 34.85266281492406 -2.9080759855825655, 34.85724995248145 -2.9057762693781948, 34.86183590941253 -2.9034741997365554, 34.86642068726682 -2.901169782749436, 34.87100428759394 -2.898863024508468, 34.87558671195145 -2.89655393109003, 34.88016796191136 -2.8942425085425727, 34.8847480390473 -2.8919287629115624, 34.88932694493285 -2.889612700242466, 34.893904681143255 -2.887294326577507, 34.89848124926807 -2.884973647930694, 34.90305665090422 -2.8826506703015045, 34.9076308876487 -2.8803253996893012, 34.91220396109851 -2.8779978420933565, 34.91677587285748 -2.8756680034992868, 34.92134662454348 -2.873335889864115, 34.92591621777625 -2.871001507141283, 34.93048465417546 -2.86866486128423, 34.935051935362004 -2.866325958243885, 34.93961806296972 -2.863984803944419, 34.94418303864027 -2.861641404293815, 34.9487468640154 -2.8592957651998274, 34.953309540736875 -2.8569478925701817, 34.9578710704519 -2.8545977923010883, 34.96243145482138 -2.852245470259361, 34.96699069550848 -2.849890932307201, 34.97154879417629 -2.847534184306806, 34.97610575248875 -2.8451752321186796, 34.980661572121136 -2.8428140815788754, 34.9852162547573 -2.8404507385050874, 34.989769802081284 -2.8380852087145656, 34.99432221577715 -2.8357174980245574, 34.99887349753285 -2.8333476122431485, 35.003423649049275 -2.830975557147873, 35.00797267203006 -2.8286013385099036, 35.0125205681788 -2.8262249621004085, 35.017067339199606 -2.8238464336896776, 35.02161298680706 -2.8214657590283347, 35.02615751272609 -2.819082943847681, 35.03070091868204 -2.816697993878204, 35.035243206400274 -2.814310914850392, 35.03978437760768 -2.8119217124862956, 35.04432443403828 -2.8095303924684307, 35.048863377428226 -2.8071369604677523, 35.05340120951362 -2.8047414221552107, 35.05793793203105 -2.802343783201867, 35.06247354673679 -2.799944049283591, 35.06700805541385 -2.797542226082784, 35.07154145984716 -2.795138319282313, 35.07607376182166 -2.792732334565045, 35.0806049631137 -2.790324277591189, 35.085135065438905 -2.7879141538603163, 35.08966407048668 -2.785501968802576, 35.094191979946224 -2.7830877278478443, 35.098718795507835 -2.780671436427649, 35.10324451899698 -2.7782531001995716, 35.107769152510635 -2.7758327252750408, 35.112292698178194 -2.773410317819752, 35.1168151581291 -2.770985883999405, 35.121336534418845 -2.768559429839928, 35.12585682821494 -2.7661309596886237, 35.13037604009821 -2.7637004767836935, 35.13489417063907 -2.761267984343647, 35.13941122040831 -2.7588334855876755, 35.143927191185256 -2.75639698594731, 35.14844208864421 -2.7539584979840463, 35.15295591924258 -2.751518035692974, 35.157468689437835 -2.7490756130691847, 35.161980405279564 -2.746631243354864, 35.16649106259194 -2.744184920914036, 35.17100064648047 -2.7417366203221167, 35.17550914154421 -2.7392863152194082, 35.180016532382155 -2.736833979246203, 35.1845228012117 -2.734379581771408, 35.18902791682295 -2.7319230680826827, 35.19353184330479 -2.729464375036172, 35.19803454474108 -2.7270034394790463, 35.20253598540142 -2.724540198599095, 35.20703614570658 -2.722074619204323, 35.21153503451586 -2.7196067202571697, 35.21603266358118 -2.717136526024879, 35.22052904465441 -2.71466406077469, 35.22502418884549 -2.7121893475900145, 35.229518100163965 -2.7097123964603815, 35.234010778204805 -2.707233209234447, 35.23850222249657 -2.7047517876383296, 35.242992432567995 -2.702268133398488, 35.24748140862064 -2.6997822494574013, 35.25196915303894 -2.6972941427027437, 35.25645566864926 -2.6948038208208547, 35.26094095827796 -2.6923112914980782, 35.26542502473795 -2.6898165623946477, 35.26990787045681 -2.687319640421143, 35.274389497428594 -2.6848205316448817, 35.27886990762429 -2.6823192420882664, 35.28334910301486 -2.6798157777737006, 35.28782708559602 -2.6773101447601015, 35.292303857527 -2.674802349347968, 35.296779421033506 -2.6722923979359208, 35.30125377834139 -2.669780296922859, 35.30572693167649 -2.6672660527074274, 35.31019888325216 -2.6647496716394943, 35.31466963525484 -2.6622311599631203, 35.31913918986742 -2.6597105239085055, 35.32360754927279 -2.657187769705846, 35.32807471565504 -2.6546629035846223, 35.33254069121713 -2.6521359317626163, 35.33700547817741 -2.649606860448141, 35.34146907875467 -2.6470756958492365, 35.345931495167676 -2.6445424441739394, 35.35039272963718 -2.6420071116217265, 35.354852784393245 -2.639469704351809, 35.359311661668606 -2.6369302285115666, 35.36376936369605 -2.6343886902483806, 35.36822589270842 -2.6318450957093913, 35.37268125094533 -2.629299451024219, 35.37713544065752 -2.6267517622933516, 35.381588464096886 -2.6242020356145264, 35.38604032351522 -2.6216502770854757, 35.390491021165204 -2.619096492801412, 35.39494055930919 -2.6165406888278504, 35.399388940215886 -2.613982871210983, 35.403836166154065 -2.611423045996674, 35.408282239392506 -2.608861219230786, 35.41272716220295 -2.606297396950368, 35.41717093686827 -2.6037315851587794, 35.421613565674065 -2.601163789851331, 35.42605505090588 -2.5985940170233377, 35.43049539484944 -2.5960222726697157, 35.434934599796705 -2.5934485627658224, 35.43937266804867 -2.5908728932589637, 35.44380960190702 -2.5882952700942794, 35.44824540367342 -2.5857156992169092, 35.45268007565048 -2.5831341865690978, 35.457113620150004 -2.5805507380637347, 35.46154603948921 -2.5779653595966354, 35.46597733598537 -2.575378057063402, 35.47040751195578 -2.5727888363596376, 35.4748365697205 -2.5701977033716723, 35.47926451160969 -2.5676046639532686, 35.483691339955655 -2.5650097239510417, 35.48811705709068 -2.5624128892116076, 35.49254166534722 -2.5598141655811473, 35.49696516706351 -2.5572135588865264, 35.501387564585826 -2.554611074927952, 35.50580886026103 -2.552006719503688, 35.51022905643594 -2.549400498411994, 35.514648155458254 -2.5467924174483225, 35.51906615968396 -2.5441824823797785, 35.52348307147389 -2.5415706989570306, 35.5278988931889 -2.5389570729305473, 35.532313627189865 -2.5363416100508003, 35.53672727584014 -2.533724316059622, 35.54113984151208 -2.5311051966674305, 35.54555132658007 -2.528484257577498, 35.54996173341854 -2.5258615044931, 35.55437106440198 -2.5232369431171655, 35.5587793219099 -2.5206105791347824, 35.56318650832917 -2.5179824182047295, 35.56759262604723 -2.5153524659836775, 35.571997677451535 -2.5127207281282966, 35.57640166493019 -2.5100872102929643, 35.580804590878515 -2.5074519181055996, 35.58520645769647 -2.504814857177144, 35.58960726778411 -2.5021760331182623, 35.59400702354149 -2.4995354515396206, 35.59840572737056 -2.4968931180447376, 35.60280338168136 -2.494249038206878, 35.607199988886094 -2.4916032175913005, 35.61159555139692 -2.4889556617632618, 35.61599007162608 -2.486306376287839, 35.62038355198978 -2.4836553667148342, 35.62477599491124 -2.4810026385673845, 35.62916740281429 -2.4783481973659365, 35.63355777812285 -2.4756920486309433, 35.63794712326119 -2.4730341978813195, 35.64233544065961 -2.470374650612342, 35.646722732753126 -2.467713412300749, 35.651109001976906 -2.465050488422787, 35.655494250766104 -2.462385884454699, 35.65987848155717 -2.4597196058675577, 35.66426169679365 -2.4570516581038424, 35.66864389892157 -2.4543820465962076, 35.67302509038695 -2.451710776777296, 35.677405273635806 -2.4490378540797026, 35.68178445111706 -2.4463632839241853, 35.68616262528626 -2.4436870717042196, 35.69053979859988 -2.441009222809454, 35.69491597351439 -2.4383297426295374, 35.699291152486474 -2.4356486365533354, 35.703665337977455 -2.4329659099499197, 35.70803853245369 -2.4302815681675347, 35.712410738381706 -2.4275956165534294, 35.71678195822804 -2.424908060454852, 35.72115219445997 -2.422218905215896, 35.72552144955079 -2.419528156154781, 35.72988972597671 -2.41683581857705, 35.734257026213946 -2.4141418977881623, 35.73862335273877 -2.4114463990935757, 35.74298870802921 -2.408749327790759, 35.747353094569526 -2.406050689149831, 35.75171651484526 -2.4033504884350636, 35.75607897134198 -2.4006487309107296, 35.7604404665453 -2.397945421840852, 35.76480100294416 -2.395240566474459, 35.76916058303265 -2.3925341700372567, 35.773519209305306 -2.389826237752935, 35.77787688425666 -2.387116774845183, 35.78223361038159 -2.384405786536193, 35.786589390179614 -2.381693278026437, 35.79094422615384 -2.378979254500027, 35.7952981208074 -2.3762637211406794, 35.799651076643485 -2.3735466831321075, 35.80400309616618 -2.37082814565354, 35.80835418188502 -2.368108113858489, 35.812704336311484 -2.3653865928913094, 35.817053561956996 -2.3626635878963436, 35.82140186133304 -2.359939104017913, 35.82574923695308 -2.357213146390613, 35.83009569133573 -2.3544857201239937, 35.834441227000426 -2.35175683032363, 35.8387858464666 -2.349026482095095, 35.84312955225376 -2.346294680543511, 35.8474723468847 -2.3435614307578145, 35.85181423288626 -2.3408267378067023, 35.856155212785545 -2.338090606757593, 35.86049528910964 -2.335353042677908, 35.864834464386036 -2.332614050633134, 35.86917274114647 -2.3298736356670315, 35.87351012192538 -2.327131802809688, 35.87784660925721 -2.3243885570909746, 35.88218220567645 -2.3216439035407634, 35.8865169137185 -2.318897847183912, 35.8908507359235 -2.316150393020784, 35.89518367483295 -2.3134015460442794, 35.89951573298839 -2.310651311247299, 35.90384691293134 -2.3078996936227, 35.908177217205214 -2.305146698153346, 35.91250664835772 -2.3023923297990287, 35.91683520893716 -2.2996365935162997, 35.92116290149188 -2.2968794942617086, 35.925489728570284 -2.294121036991302, 35.92981569272363 -2.291361226645393, 35.93414079650657 -2.2886000681458296, 35.93846504247394 -2.2858375664134094, 35.942788433180574 -2.283073726368928, 35.94711097118163 -2.2803085529312903, 35.951432659035945 -2.277542050998886, 35.95575349930455 -2.2747742254575396, 35.96007349454855 -2.2720050811928996, 35.96439264732903 -2.2692346230906084, 35.96871096020788 -2.2664628560316795, 35.973028435750955 -2.2636897848742525, 35.97734507652535 -2.26091541446942, 35.98166088509815 -2.258139749668275, 35.98597586403643 -2.2553627953218807, 35.990290015908826 -2.252584556272336, 35.994603343287636 -2.2498050373400047, 35.99891584874566 -2.247024243342027, 36.00322753485578 -2.2442421790955427, 36.00753840419086 -2.24145884941731, 36.01184845932617 -2.2386742591100828, 36.016157702839855 -2.235888412958789, 36.02046613731026 -2.2331013157472084, 36.024773765315764 -2.230312972259115, 36.02908058943493 -2.2275233872768405, 36.03338661224937 -2.224732565564332, 36.03769183634267 -2.221940511872867, 36.0419962642985 -2.2191472309534754, 36.04629989870052 -2.2163527275571875, 36.050602742132924 -2.213557006431464, 36.05490479718328 -2.2107600723028136, 36.05920606644032 -2.207961929890113, 36.06350655249273 -2.205162583912227, 36.06780625792929 -2.2023620390880154, 36.0721051853398 -2.1995603001293382, 36.07640333731723 -2.1967573717272937, 36.080700716455205 -2.193953258569148, 36.08499732534727 -2.1911479653421697, 36.08929316658703 -2.1883414967334476, 36.09358824276981 -2.185533857418763, 36.097882556493616 -2.1827250520559884, 36.10217611035668 -2.1799150853014106, 36.10646890695724 -2.177103961811317, 36.11076094889365 -2.1742916862411628, 36.11505223876655 -2.171478263230971, 36.11934277917857 -2.168663697407097, 36.12363257273241 -2.165847993395432, 36.12792162203077 -2.16303115582186, 36.13220992967667 -2.160213189310042, 36.136497498275766 -2.1573940984652125, 36.140784330435025 -2.1545738878835117, 36.14507042876143 -2.1517525621610183, 36.14935579586194 -2.1489301258938105, 36.153640434344176 -2.146106583673365, 36.15792434681849 -2.143281940071688, 36.16220753589593 -2.1404561996556324, 36.166490004187565 -2.137629366992048, 36.17077175430447 -2.1348014466477543, 36.17505278885881 -2.131972443181587, 36.1793331104652 -2.129142361134259, 36.18361272173866 -2.126311205043983, 36.18789162529413 -2.1234789794489712, 36.19216982374666 -2.1206456888871292, 36.19644731971284 -2.117811337884655, 36.20072411581124 -2.114975930952687, 36.20500021466061 -2.112139472601374, 36.20927561887968 -2.1093019673408597, 36.21355033108729 -2.106463419680249, 36.21782435390429 -2.1036238341136935, 36.22209768995297 -2.1007832151241552, 36.226370341855656 -2.0979415671943245, 36.23064231223469 -2.095098894806892, 36.23491360371274 -2.0922552024421224, 36.23918421891458 -2.089410494563164, 36.243454160465994 -2.08656477562582, 36.24772343099273 -2.083718050085863, 36.25199203312054 -2.0808703223990634, 36.256259969475764 -2.0780215970165825, 36.26052724268693 -2.0751718783720317, 36.26479385538306 -2.0723211708948472, 36.269059810193205 -2.0694694790144657, 36.273325109746395 -2.066616807160282, 36.27758975667262 -2.0637631597541533, 36.281853753603784 -2.060908541201833, 36.2861171031721 -2.0580529559070095, 36.290379808009746 -2.0551964082733685, 36.29464187074894 -2.0523389027043004, 36.29890329402319 -2.0494804435925555, 36.30316408046756 -2.0466210353174903, 36.30742423271728 -2.043760682257608, 36.311683753407536 -2.0408993887914098, 36.31594264517361 -2.038037159296486, 36.32020091065236 -2.0351739981370893, 36.324458552481865 -2.0323099096673594, 36.32871557330018 -2.0294448982411866, 36.33297197574539 -2.0265789682124606, 36.337227762455775 -2.023712123933039, 36.34148293607141 -2.0208443697396405, 36.34573749923311 -2.0179757099621427, 36.349991454581705 -2.01510614893039, 36.35424480475802 -2.0122356909742267, 36.3584975524033 -2.0093643404197428, 36.36274970016057 -2.0064921015773827, 36.36700125067329 -2.0036189787535084, 36.37125220658494 -2.000744976254484, 36.375502570538956 -1.997870098386653, 36.379752345179504 -1.9949943494502784, 36.384001533152315 -1.9921177337309677, 36.3882501371034 -1.9892402555121664, 36.39249815967871 -1.9863619190773192, 36.396745603524295 -1.9834827287097014, 36.40099247128705 -1.980602688683963, 36.405238765615316 -1.9777218032621984, 36.40948448915748 -1.9748400767055083, 36.413729644561954 -1.9719575132749958, 36.41797423447723 -1.9690741172311954, 36.422218261552906 -1.9661898928236659, 36.426461728439676 -1.963304844292046, 36.430704637788224 -1.9604189758756185, 36.434946992249266 -1.957532291813667, 36.43918879447366 -1.9546447963441604, 36.44343004711355 -1.9517564936923564, 36.44767075282186 -1.948867388076377, 36.45191091425149 -1.9459774837142636, 36.45615053405537 -1.9430867848240592, 36.46038961488667 -1.940195295621327, 36.46462815939995 -1.9373030203080503, 36.46886617025023 -1.9344099630815832, 36.47310365009256 -1.93151612813928, 36.477340601581965 -1.9286215196784922, 36.481577027373895 -1.925726141892449, 36.48581293012514 -1.922829998961056, 36.490048312492746 -1.9199330950615283, 36.49428317713379 -1.9170354343710805, 36.498517526705314 -1.9141370210668807, 36.502751363864974 -1.9112378593199941, 36.50698469127166 -1.9083379532894582, 36.51121751158434 -1.9054373071328983, 36.515449827462035 -1.9025359250079437, 36.51968164156374 -1.8996338110719937, 36.52391295654929 -1.8967309694743537, 36.52814377507945 -1.893827404354245, 36.53237409981507 -1.8909231198502532, 36.53660393341703 -1.8880181201009651, 36.54083327854622 -1.8851124092443505, 36.545062137864484 -1.8822059914085723, 36.54929051403446 -1.879298870713944, 36.55351840971877 -1.8763910512805544, 36.557745827580035 -1.8734825372284956, 36.56197277028102 -1.870573332676585, 36.56619924048553 -1.8676634417326368, 36.57042524085789 -1.8647528684988328, 36.57465077406242 -1.861841617077314, 36.578875842763466 -1.8589296915702154, 36.58310044962558 -1.8560170960774338, 36.587324597314364 -1.8531038346873618, 36.5915482884958 -1.8501899114847211, 36.595771525835836 -1.8472753305542287, 36.599994312000454 -1.8443600959806024, 36.60421664965594 -1.8414442118450094, 36.608438541469624 -1.8385276822174734, 36.61265999010903 -1.8356105111658378, 36.616880998241676 -1.8326927027579456, 36.621101568535124 -1.8297742610616032, 36.62532170365735 -1.826855190139536, 36.62954140627728 -1.8239354940444314, 36.63376067906394 -1.821015176827792, 36.637979524686386 -1.8180942425411228, 36.642197945813635 -1.8151726952357545, 36.64641594511535 -1.8122505389564312, 36.65063352526194 -1.80932777773941, 36.65485068892389 -1.8064044156203907, 36.65906743877166 -1.8034804566350717, 36.66328377747576 -1.8005559048187008, 36.6674997077074 -1.7976307641986324, 36.671715232138446 -1.794705038795508, 36.67593035344073 -1.7917787326297514, 36.6801450742861 -1.7888518497217865, 36.684359397346505 -1.7859243940911278, 36.688573325294655 -1.7829963697484619, 36.692786860803736 -1.7800677806995233, 36.697000006546915 -1.7771386309499921, 36.7012127651974 -1.7742089245055492, 36.70542513942846 -1.7712786653702934, 36.709637131914306 -1.768347857539056, 36.71384874532934 -1.7654165050033028, 36.71805998234804 -1.7624846117544961, 36.72227084564484 -1.7595521817840947, 36.72648133789444 -1.7566192190810859, 36.7306914617723 -1.7536857276253424, 36.734901219954125 -1.7507517113946371, 36.73911061511558 -1.747817174366744, 36.74331964993234 -1.7448821205194254, 36.74752832708039 -1.7419465538268808, 36.75173664923647 -1.7390104782548996, 36.75594461907743 -1.7360738977680577, 36.7601522392801 -1.7331368163309322, 36.76435951252129 -1.73019923790802, 36.768566441478306 -1.7272611664591642, 36.772773028829036 -1.7243226059369308, 36.776979277251456 -1.7213835602932555, 36.78118518942354 -1.7184440334800724, 36.78539076802328 -1.7155040294490949, 36.78959601572916 -1.7125635521463747, 36.79380093522024 -1.709622605512002, 36.798005529175576 -1.7066811934857866, 36.80220980027421 -1.7037393200075364, 36.80641375119525 -1.7007969890165766, 36.810617384618396 -1.6978542044457987, 36.814820703223724 -1.6949109702234915, 36.81902370969135 -1.6919672902778462, 36.82322640670137 -1.6890231685370518, 36.82742879693398 -1.686078608928437, 36.831630883069984 -1.6831336153724274, 36.83583266779046 -1.6801881917861292, 36.84003415377654 -1.6772423420866311, 36.844235343709336 -1.6742960701910214, 36.848436240270075 -1.6713493800150085, 36.852636846140626 -1.668402275467304, 36.85683716400306 -1.665454760454405, 36.86103719653944 -1.6625068388828088, 36.865236946431864 -1.6595585146590117, 36.869436416362575 -1.6566097916874785, 36.873635609014464 -1.6536606738659974, 36.87783452707052 -1.6507111650909811, 36.88203317321375 -1.647761269258847, 36.88623155012715 -1.6448109902659958, 36.890429660494 -1.6418603320060652, 36.8946275069981 -1.638909298366687, 36.89882509232335 -1.6359578932347003, 36.90302241915366 -1.6330061204969468, 36.907219490172906 -1.6300539840401995, 36.911416308065334 -1.6271014877477672, 36.91561287551565 -1.624148635497838, 36.91980919520862 -1.6211954311681862, 36.924005269829 -1.6182418786365853, 36.928201102061564 -1.6152879817806396, 36.93239669459144 -1.6123337444738561, 36.93659205010416 -1.6093791705855724, 36.94078717128527 -1.6064242639849364, 36.94498206082028 -1.6034690285410953, 36.94917672139478 -1.6005134681228592, 36.95337115569482 -1.5975575865945781, 36.95756536640672 -1.594601387817455, 36.9617593562169 -1.591644875652627, 36.965953127811694 -1.5886880539612307, 36.97014668387756 -1.585730926603823, 36.97434002710136 -1.5827734974362548, 36.97853316017025 -1.5798157703121039, 36.98272608577133 -1.5768577490849316, 36.986918806591724 -1.5738994376083006, 36.991111325318656 -1.5709408397348812, 36.99530364463982 -1.5679819593126871, 36.999495767243054 -1.5650228001882143, 37.003687695816254 -1.562063366207958, 37.00787943304724 -1.5591036612184115, 37.012070981624035 -1.556143689064807, 37.01626234423506 -1.5531834535880074, 37.02045352356888 -1.5502229586279288, 37.02464452231406 -1.5472622080244918, 37.028835343159145 -1.544301205617608, 37.03302598879287 -1.5413399552455245, 37.0372164619044 -1.5383784607426276, 37.04140676518296 -1.535416725942755, 37.045596901317786 -1.5324547546797442, 37.04978687299808 -1.5294925507874022, 37.053976682913316 -1.5265301180975062, 37.05816633375333 -1.5235674604385905, 37.06235582820797 -1.5206045816388973, 37.06654516896711 -1.517641485526671, 37.07073435872061 -1.5146781759300736, 37.07492340015862 -1.5117146566749609, 37.07911229597159 -1.5087509315846164, 37.08330104885003 -1.5057870044821888, 37.08748966148438 -1.5028228791908234, 37.09167813656516 -1.4998585595335074, 37.095866476783144 -1.4968940493307463, 37.10005468482937 -1.4939293524011, 37.10424276339487 -1.4909644725630729, 37.10843071517071 -1.4879994136351737, 37.112618542847926 -1.4850341794356399, 37.11680624911793 -1.4820687737801828, 37.120993836672234 -1.4791032004831304, 37.12518130820238 -1.4761374633587954, 37.12936866639993 -1.4731715662214901, 37.13355591395647 -1.4702055128851488, 37.13774305356401 -1.4672393071613923, 37.141930087914645 -1.4642729528609693, 37.1461170197005 -1.4613064537946259, 37.1503038516137 -1.4583398137731092, 37.154490586346455 -1.455373036606645, 37.15867722659125 -1.4524061261033288, 37.162863775040705 -1.4494390860707183, 37.16705023438742 -1.44647192031637, 37.17123660732396 -1.4435046326478398, 37.17542289654307 -1.4405372268720449, 37.17960910473772 -1.4375697067941535, 37.183795234600986 -1.4346020762190352, 37.1879812888259 -1.431634338951558, 37.19216727010553 -1.4286664987965858, 37.19635318113308 -1.4256985595582696, 37.20053902460197 -1.4227305250394116, 37.20472480320571 -1.419762399042665, 37.208910519637755 -1.4167941853706851, 37.21309617659159 -1.4138258878261072, 37.217281776760856 -1.4108575102108527, 37.221467322839416 -1.4078890563258997, 37.225652817521116 -1.4049205299721594, 37.22983826349986 -1.401951934950542, 37.234023663469486 -1.3989832750619295, 37.23820902012406 -1.396014554106574, 37.2423943361578 -1.3930457758841375, 37.24657961426494 -1.3900769441942598, 37.250764857139664 -1.3871080628365793, 37.25495006747625 -1.384139135610701, 37.25913524796909 -1.3811701663157763, 37.26332040131277 -1.3782011587506662, 37.26750553020181 -1.3752321167142225, 37.27169063733077 -1.3722630440052972, 37.275875725394236 -1.3692939444227126, 37.280060797086925 -1.3663248217650512, 37.28424585510363 -1.363355679830781, 37.28843090213917 -1.3603865224183733, 37.29261594088831 -1.3574173533262968, 37.29680097404591 -1.354448176353032, 37.30098600430692 -1.3514789952971071, 37.305171034366346 -1.348509813957067, 37.30935606691917 -1.3455406361314568, 37.31354110466043 -1.342571465618821, 37.31772615028515 -1.3396023062178406, 37.3219112064886 -1.336633161727667, 37.326096275966066 -1.333664035947549, 37.33028136141283 -1.330694932676739, 37.334466465524194 -1.3277258557144886, 37.33865159099546 -1.3247568088603294, 37.34283674052206 -1.321787795914448, 37.347021916799434 -1.3188188206771279, 37.351207122522986 -1.3158498869486515, 37.35539236038818 -1.3128809985293084, 37.35957763309048 -1.3099121592199316, 37.363762943325426 -1.306943372822247, 37.36794829378861 -1.3039746431380608, 37.37213368717555 -1.3010059739691802, 37.37631912618183 -1.2980373691174418, 37.380504613503035 -1.2950688323855555, 37.38469015183481 -1.2921003675772456, 37.38887574387278 -1.289131978496292, 37.393061392312575 -1.2861636689464788, 37.397247099849835 -1.2831954427316608, 37.40143286918022 -1.2802273036569727, 37.40561870299936 -1.2772592555285942, 37.409804604002936 -1.2742913021527367, 37.413990574886625 -1.271323447335616, 37.41817661834608 -1.2683556948836125, 37.42236273707694 -1.2653880486048121, 37.426548933774846 -1.2624205123082994, 37.43073521113545 -1.2594530898031675, 37.434921571854375 -1.2564857848985085, 37.439108018627266 -1.2535186014037445, 37.44329455414973 -1.2505515431304406, 37.44748118111732 -1.2475846138910267, 37.45166790222561 -1.24461781749794, 37.45585472017018 -1.2416511577636147, 37.46004163764656 -1.2386846385010515, 37.464228657350226 -1.2357182635257573, 37.4684157819766 -1.2327520366539224, 37.472603014221114 -1.229785961701741, 37.4767903567792 -1.226820042485405, 37.4809778123462 -1.223854282822011, 37.48516538361733 -1.220888686531353, 37.48935307328771 -1.2179232574337182, 37.49354088405252 -1.2149579993493946, 37.49772881860689 -1.211992916098683, 37.501916879645925 -1.2090280115033494, 37.50610506986468 -1.2060632893881567, 37.51029339195816 -1.2030987535782363, 37.514481848621394 -1.2001344078987162, 37.51867044254941 -1.1971702561747657, 37.52285917643709 -1.1942063022335423, 37.52704805297916 -1.1912425499050332, 37.53123707487028 -1.1882790030194414, 37.53542624480516 -1.1853156654069745, 37.53961556547849 -1.1823525408979514, 37.543805039584775 -1.1793896333253426, 37.54799466981833 -1.1764269465247994, 37.55218445887348 -1.1734644843320858, 37.55637440944456 -1.17050225058297, 37.56056452422585 -1.1675402491134665, 37.56475480591144 -1.1645784837629136, 37.56894525719518 -1.1616169583730167, 37.57313588077097 -1.1586556767855276, 37.57732667933269 -1.155694642842199, 37.58151765557415 -1.1527338603852622, 37.58570881218891 -1.1497733332609117, 37.58990015187031 -1.1468130653173065, 37.594091677311724 -1.143853060402625, 37.59828339120649 -1.1408933223650397, 37.602475296247924 -1.1379338550535516, 37.60666739512892 -1.1349746623216677, 37.61085969054224 -1.132015748024417, 37.615052185180666 -1.1290571160168301, 37.61924488173697 -1.1260987701539413, 37.6234377829038 -1.1231407142921124, 37.627630891373336 -1.1201829522925482, 37.63182420983768 -1.1172254880175507, 37.63601774098892 -1.1142683253294203, 37.640211487519146 -1.111311468090469, 37.64440545212024 -1.108354920165033, 37.64859963748367 -1.1053986854224218, 37.65279404630076 -1.1024427677326953, 37.65698868126292 -1.09948717096591, 37.66118354506149 -1.0965318989921575, 37.66537864038748 -1.0935769556843045, 37.66957396993133 -1.0906223449198755, 37.673769536383396 -1.0876680705768427, 37.677965342434064 -1.0847141365331807, 37.682161390773665 -1.0817605466669846, 37.68635768409222 -1.078807304860178, 37.690554225079275 -1.075854414999181, 37.69475101642437 -1.0729018809706652, 37.69894806081704 -1.069949706661303, 37.703145360946806 -1.0669978959580573, 37.70734291950262 -1.0640464527526052, 37.71154073917304 -1.0610953809405042, 37.71573882264658 -1.058144684417421, 37.71993717261176 -1.0551943670790236, 37.724135791757035 -1.0522444328215503, 37.72833468277019 -1.0492948855468278, 37.73253384833861 -1.0463457291598652, 37.73673329114969 -1.0433969675657133, 37.74093301389079 -1.0404486046694184, 37.745133019249195 -1.0375006443770354, 37.749333309911364 -1.0345530906009532, 37.75353388856343 -1.0316059472560113, 37.75773475789156 -1.0286592182570535, 37.76193592058189 -1.025712907518927, 37.76613737932037 -1.0227670189581288, 37.77033913679202 -1.0198215564979576, 37.774541195681635 -1.0168765240634665, 37.77874355867402 -1.0139319255797028, 37.78294622845398 -1.0109877649717238, 37.787149207705966 -1.0080440461671194, 37.79135249911347 -1.0051007731003858, 37.795556105359836 -1.002157949707187, 37.79976002912841 -0.9992155799231826, 37.803964273102515 -0.9962736676840686, 37.80816883996497 -0.9933322169291664, 37.812373732397646 -0.9903912316044388, 37.816578953082285 -0.987450715656559, 37.82078450470066 -0.9845106730322049, 37.824990389934484 -0.9815711076781829, 37.82919661146479 -0.9786320235461204, 37.833403171971675 -0.9756934245937111, 37.837610074135185 -0.9727553147790301, 37.84181732063537 -0.9698176980601528, 37.84602491415221 -0.9668805783954958, 37.850232857364794 -0.9639439597495417, 37.85444115295136 -0.9610078460920378, 37.858649803590154 -0.9580722413929106, 37.86285881195941 -0.9551371496220811, 37.86706818073724 -0.9522025747501508, 37.8712779126005 -0.9492685207547552, 37.875488010225276 -0.9463349916177055, 37.87969847628765 -0.9434019913208718, 37.88390931346373 -0.94046952384612, 37.888120524429404 -0.9375375931765908, 37.89233211185927 -0.934606203303672, 37.89654407842749 -0.9316753582220296, 37.90075642680817 -0.9287450619263384, 37.90496915967546 -0.9258153184112765, 37.90918227970311 -0.9228861316735961, 37.91339578956337 -0.9199575057186855, 37.91760969192812 -0.9170294445541831, 37.921823989469196 -0.914101952187722, 37.92603868485847 -0.911175032626941, 37.930253780767224 -0.9082486898827019, 37.934469279865155 -0.9053229279745436, 37.938685184821736 -0.9023977509234555, 37.942901498306384 -0.8994731627504301, 37.94711822298857 -0.8965491674765057, 37.95133536153684 -0.8936257691273257, 37.95555291661827 -0.8907029717367528, 37.95977089089971 -0.887780779339501, 37.96398928704805 -0.8848591959702882, 37.968208107730135 -0.881938225664014, 37.97242735561162 -0.8790178724616907, 37.976647033356734 -0.8760981404116976, 37.98086714362961 -0.8731790335628492, 37.9850876890944 -0.8702605559639589, 37.989308672415135 -0.8673427116643111, 37.99353009625436 -0.8644255047207976, 37.99775196327333 -0.8615089391965175, 38.00197427613327 -0.8585930191547559, 38.00619703749545 -0.8556777486587936, 38.01042025002087 -0.8527631317728669, 38.01464391636873 -0.8498491725701603, 38.018868039197194 -0.8469358751287361, 38.0230926211644 -0.8440232435267121, 38.0273176649285 -0.8411112818422017, 38.0315431731473 -0.8381999941550434, 38.03576914847641 -0.8352893845549919, 38.039995593570715 -0.8323794571353341, 38.04422251108511 -0.8294702159893614, 38.048449903674445 -0.8265616652103688, 38.05267777399297 -0.8236538088945097, 38.056906124692674 -0.8207466511483127, 38.06113495842498 -0.8178401960806603, 38.06536427784135 -0.8149344478004309, 38.0695940855932 -0.81202941041652, 38.07382438433096 -0.8091250880421402, 38.07805517670266 -0.8062214848004862, 38.08228646535594 -0.8033186048161618, 38.08651825293848 -0.8004164522137742, 38.09075054209797 -0.7975150311180362, 38.09498333548055 -0.7946143456597673, 38.09921663573027 -0.7917143999790428, 38.103450445490914 -0.7888151982167033, 38.1076847674063 -0.7859167445135946, 38.11191960412016 -0.7830190430109042, 38.116154958274365 -0.7801220978578204, 38.12039083250881 -0.7772259132115692, 38.12462722946336 -0.7743304932297245, 38.12886415177784 -0.7714358420698609, 38.13310160209194 -0.7685419638903509, 38.137339583042824 -0.7656488628591543, 38.14157809726604 -0.7627565431505982, 38.14581714739714 -0.7598650089391269, 38.15005673607161 -0.7569742643991816, 38.154296865924614 -0.7540843137067599, 38.15853753958837 -0.7511951610488268, 38.16277875969394 -0.7483068106170547, 38.16702052887231 -0.7454192666031337, 38.17126284975451 -0.7425325331987586, 38.175505724970826 -0.739646614598332, 38.17974915714836 -0.7367615150079547, 38.18399314891337 -0.7338772386368706, 38.188237702892124 -0.7309937896943239, 38.192482821710875 -0.7281111723895703, 38.196728507994656 -0.72522939093621, 38.20097476436529 -0.7223484495594499, 38.20522159344403 -0.7194683524864164, 38.20946899785215 -0.7165891039442328, 38.21371698021089 -0.7137107081601038, 38.21796554313966 -0.7108331693675665, 38.2222146892548 -0.7079564918108868, 38.22646442117232 -0.705080679735371, 38.230714741508216 -0.7022057373863295, 38.23496565287845 -0.699331669009377, 38.23921715789642 -0.6964584788585674, 38.24346925917279 -0.6935861711972277, 38.247721959318085 -0.6907147502891546, 38.25197526094281 -0.6878442203981456, 38.25622916665725 -0.6849745857887835, 38.26048367906849 -0.6821058507360702, 38.2647388007813 -0.6792380195224305, 38.26899453440044 -0.6763710964304445, 38.27325088253067 -0.6735050857426922, 38.277507847776214 -0.6706399917433675, 38.2817654327375 -0.6677758187286819, 38.28602364001327 -0.6649125710002828, 38.29028247220223 -0.6620502528598474, 38.2945419319031 -0.65918886860905, 38.29880202171363 -0.6563284225524572, 38.30306274422734 -0.6534689190074802, 38.307324102036596 -0.6506103622950882, 38.311586097733745 -0.6477527567362498, 38.31584873391109 -0.6448961066519456, 38.32011201315938 -0.6420404163678741, 38.32437593806497 -0.6391856902223951, 38.32864051121347 -0.6363319325559722, 38.33290573519053 -0.633479147709066, 38.33717161258174 -0.6306273400222333, 38.341438145970315 -0.6277765138431397, 38.34570533793551 -0.6249266735312741, 38.349973191056215 -0.6220778234472497, 38.354241707911285 -0.619229967951676, 38.35851089107951 -0.6163831114055324, 38.3627807431362 -0.6135372581791781, 38.36705126665317 -0.6106924126528612, 38.37132246420202 -0.6078485792073022, 38.37559433835437 -0.6050057622232251, 38.37986689168148 -0.6021639660823026, 38.38414012675036 -0.5993231951778059, 38.38841404612513 -0.5964834539107535, 38.39268865236987 -0.5936447466823017, 38.396963948048686 -0.5908070778936068, 38.401239935724874 -0.5879704519477952, 38.40551661795677 -0.5851348732612192, 38.40979399730059 -0.5823003462556842, 38.41407207631254 -0.5794668753530161, 38.41835085754886 -0.576634464975037, 38.422630343564336 -0.573803119547129, 38.42691053690835 -0.5709728435086059, 38.43119144012889 -0.5681436413021924, 38.43547305577398 -0.5653155173706176, 38.43975538639164 -0.5624884761566292, 38.44403843452749 -0.559662522108757, 38.44832220272181 -0.5568376596889643, 38.452606693514056 -0.554013893361112, 38.4568919094437 -0.5511912275890613, 38.46117785305012 -0.5483696668368514, 38.46546452686924 -0.5455492155768918, 38.469751933432015 -0.5427298782934884, 38.474040075268974 -0.5399116594718569, 38.47832895491071 -0.5370945635972101, 38.48261857488753 -0.5342785951553513, 38.48690893772505 -0.5314637586430531, 38.4912000459447 -0.528650058566759, 38.49549190206779 -0.5258374994332448, 38.49978450861562 -0.52302608574929, 38.50407786810889 -0.5202158220230882, 38.508371983062425 -0.5174067127759895, 38.51266685598795 -0.5145987625364664, 38.51696248939714 -0.5117919758330621, 38.521258885801636 -0.5089863571943234, 38.52555604771183 -0.5061819111516066, 38.529853977631504 -0.5033786422507526, 38.53415267806232 -0.5005765550422516, 38.53845215150591 -0.4977756540765924, 38.542752400463904 -0.4949759439042679, 38.54705342743569 -0.4921774290807153, 38.551355234913736 -0.4893801141759269, 38.5556578253893 -0.4865840037625644, 38.55996120135366 -0.4837891024132932, 38.564265365298034 -0.4809954147008653, 38.5685703197099 -0.4782029452055826, 38.572876067070176 -0.4754116985208674, 38.57718260985918 -0.4726216792414494, 38.58148995055721 -0.4698328919620623, 38.58579809164435 -0.4670453412778561, 38.59010703559554 -0.4642590317945782, 38.594416784880245 -0.4614739681291293, 38.5987273419677 -0.458690154898937, 38.603038709327144 -0.4559075967214286, 38.607350889427195 -0.4531262982151768, 38.611663884729786 -0.4503462640117838, 38.61597769769256 -0.4475674987511472, 38.62029233077309 -0.4447900070733016, 38.62460778642893 -0.4420137936182776, 38.6289240671164 -0.4392388630285572, 38.6332411752839 -0.4364652199614105, 38.63755911337696 -0.4336928690796202, 38.64187788384107 -0.4309218150459787, 38.64619748912176 -0.4281520625232828, 38.65051793166203 -0.42538361617885, 38.654839213896636 -0.4226164806951782, 38.65916133825858 -0.4198506607579482, 38.663484307180845 -0.4170861610528364, 38.66780812309638 -0.4143229862655868, 38.67213278843404 -0.4115611410892599, 38.67645830561472 -0.4088006302309463, 38.6807846770585 -0.4060414583993271, 38.68511190518539 -0.4032836303030796, 38.689439992415195 -0.4005271506512372, 38.69376894116174 -0.3977720241632066, 38.698098753832014 -0.3950182555701354, 38.702429432832595 -0.392265849603804, 38.706760980570124 -0.3895148109959964, 38.711093399450554 -0.3867651444795613, 38.71542669187199 -0.3840168548004838, 38.719760860227254 -0.3812699467135802, 38.72409590690905 -0.3785244249738266, 38.72843183431012 -0.3757802943361998, 38.73276864482168 -0.3730375595580786, 38.7371063408257 -0.37029622541188, 38.74144492470051 -0.3675562966758383, 38.74578439882446 -0.3648177781282035, 38.750124765575904 -0.3620806745472219, 38.75446602733027 -0.3593449907157, 38.75880818645315 -0.3566107314319328, 38.76315124530803 -0.3538779014975059, 38.767495206258374 -0.3511465057140081, 38.77184007166763 -0.348416548883092, 38.776185843894304 -0.3456880358139034, 38.78053252528757 -0.3429609713298265, 38.78488011819554 -0.340235360255834, 38.78922862496633 -0.3375112074168982, 38.79357804794778 -0.334788517638384, 38.79792838948053 -0.3320672957563374, 38.802279651897244 -0.329347546618558, 38.80663183753013 -0.3266292750734525, 38.81098494871146 -0.3239124859694237, 38.81533898777263 -0.3211971841560514, 38.81969395703565 -0.3184833744964188, 38.82404985881642 -0.3157710618622263, 38.82840669543082 -0.3130602511253195, 38.83276446919467 -0.3103509471575401, 38.83712318242191 -0.3076431548333888, 38.841482837415434 -0.3049368790427115, 38.845843436474176 -0.302232124680841, 38.8502049818971 -0.2995288966431172, 38.85456747598313 -0.2968271998248861, 38.858930921027444 -0.2941270391264918, 38.8632953193136 -0.2914284194636295, 38.86766067312301 -0.2887313457549331, 38.87202698473702 -0.2860358229190327, 38.876394256436946 -0.2833418558746653, 38.8807624904978 -0.2806494495487777, 38.88513168918406 -0.2779586088822032, 38.889501854759125 -0.2752693388171172, 38.89387298948644 -0.2725816442956995, 38.898245095629015 -0.269895530260655, 38.90261817544081 -0.267211001666117, 38.906992231167045 -0.2645280634772488, 38.91136726505258 -0.261846720659658, 38.91574327934232 -0.2591669781789572, 38.92012027627989 -0.2564888410022582, 38.92449825809739 -0.2538123141107423, 38.928877227020585 -0.2511374024932802, 38.93325718527521 -0.248464111138817, 38.93763813508697 -0.2457924450362977, 38.94202007867884 -0.2431224091779408, 38.94640301826065 -0.2404540085714113, 38.950786956038414 -0.2377872482289333, 38.95517189421812 -0.2351221331627352, 38.95955783500576 -0.2324586683850585, 38.96394478060205 -0.2297968589141472, 38.96833273319465 -0.2271367097831497, 38.97272169496926 -0.224478226027484, 38.97711166811155 -0.2218214126825675, 38.981502654807 -0.2191662747840352, 38.98589465723269 -0.2165128173768079, 38.990287677554186 -0.2138610455184848, 38.99468171793629 -0.2112109642675728, 38.99907678054373 -0.2085625786825784, 39.00347286754051 -0.2059158938228477, 39.00786998107898 -0.2032709147601257, 39.012268123302626 -0.2006276465756521, 39.01666729635467 -0.1979860943509111, 39.021067502378365 -0.1953462631673835, 39.02546874351486 -0.1927081581086811, 39.029871021891225 -0.1900717842729992, 39.03427433962856 -0.1874371467646318, 39.038678698847974 -0.1848042506878941, 39.043084101670566 -0.1821731011471048, 39.04749055021307 -0.179543703250927, 39.0518980465771 -0.1769160621230943, 39.05630659286099 -0.174290182890607, 39.06071619116307 -0.1716660706804617, 39.065126843581574 -0.1690437306197314, 39.06953855220705 -0.1664231678429245, 39.07395131911593 -0.1638043874981024, 39.07836514638312 -0.1611873947347734, 39.08278003608358 -0.1585721947024426, 39.08719599029172 -0.1559587925510776, 39.09161301107047 -0.1533471934413344, 39.096031100471215 -0.1507374025445679, 39.10045026054483 -0.1481294250325998, 39.1048704933422 -0.1455232660772553, 39.109291800912615 -0.142918930851773, 39.11371418529051 -0.140316424542709, 39.118137648502135 -0.1377157523439207, 39.12256219257367 -0.1351169194493368, 39.12698781953132 -0.1325199310528858, 39.13141453139753 -0.1299247923516905, 39.13584233017796 -0.1273315085574134, 39.1402712178734 -0.1247400848858594, 39.14470119648467 -0.122150526552837, 39.14913226801258 -0.1195628387741748, 39.15356443445077 -0.116977026771637, 39.15799769777636 -0.1143930957807236, 39.162432059964125 -0.1118110510388661, 39.16686752298886 -0.1092308977835007, 39.17130408882501 -0.1066526412523221, 39.175741759435645 -0.1040762866921497, 39.180180536769704 -0.1015018393610806, 39.18462042277526 -0.098929304517906, 39.189061419400396 -0.0963586874214174, 39.193503528591926 -0.0937899933313844, 39.19794675228114 -0.0912232275195133, 39.20239109238888 -0.088658395265513, 39.206836550835845 -0.0860955018492432, 39.21128312954271 -0.0835345525505604, 39.2157308304269 -0.0809755526517368, 39.220179655387426 -0.0784185074486457, 39.22462960631691 -0.0758634222419102, 39.22908068510797 -0.0733103023321588, 39.23353289365316 -0.0707591530200293, 39.237986233838335 -0.0682099796109327, 39.24244070753049 -0.0656627874235649, 39.24689631659341 -0.0631175817789074, 39.25135306289086 -0.0605743679979418, 39.25581094828637 -0.0580331514018098, 39.26026997463205 -0.0554939373194679, 39.26473014376352 -0.0529567310911598, 39.26919145751506 -0.0504215380580124, 39.27365391772101 -0.0478883635611492, 39.27811752621462 -0.0453572129423975, 39.28258228481285 -0.0428280915541835, 39.287048195320146 -0.0403010047571204, 39.29151525954062 -0.0377759579120338, 39.29598347927837 -0.035252956379753, 39.300452856334466 -0.0327320055229971, 39.30492339249013 -0.0302131107168887, 39.309395089518546 -0.0276962773415461, 39.31386794919288 -0.025181510777098, 39.31834197328633 -0.0226688164036747, 39.322817163565446 -0.0201581996053554, 39.32729352177587 -0.0176496657786913, 39.331771049659125 -0.0151432203226982, 39.33624974895676 -0.0126388686363888, 39.3407296214101 -0.0101366161188768, 39.34521066874878 -0.0076364681759564, 39.3496928926836 -0.0051384302241211, 39.35417629492372 -0.0026425076808274, 39.35866087717827 -0.0001487059635352, 39.3631466411554 0.0023429695097617, 39.36763358854612 0.004832513311757, 39.372121721026865 0.0073199200072594, 39.37661104027367 0.0098051841608326, 39.38110154796255 0.01228830033704, 39.38559324576655 0.0147692630989037, 39.39008613533725 0.0172480669983709, 39.39458021831683 0.0197247065825349, 39.399075496347486 0.0221991763984648, 39.40357197107131 0.0246714709932337, 39.40806964412374 0.0271415849106036, 39.412568517117215 0.0296095126830623, 39.417068591659266 0.0320752488406957, 39.421569869357455 0.0345387879135862, 39.42607235181913 0.0370001244317461, 39.43057604063939 0.0394592529194662, 39.43508093739244 0.0419161678913265, 39.43958704365046 0.044370863860969, 39.44409436098563 0.0468233353420353, 39.448602890969134 0.0492735768477304, 39.45311263515385 0.0517215828831886, 39.457623595076406 0.054167347946401, 39.462135772272845 0.0566108665351092, 39.46664916827925 0.0590521331470581, 39.4711637846286 0.0614911422787096, 39.47567962283069 0.063927888416894, 39.48019668438476 0.0663623660440723, 39.48471497079001 0.068794569642683, 39.48923448354561 0.0712244936951615, 39.493755224143655 0.0736521326811545, 39.498277194051155 0.0760774810705268, 39.5028003947297 0.0785005333310076, 39.50732482764084 0.0809212839303261, 39.51185049424602 0.0833397273361483, 39.51637739599339 0.0857558580112943, 39.52090553430838 0.0881696704102453, 39.52543491061418 0.0905811589866565, 39.52996552633395 0.0929903181941862, 39.53449738288983 0.095397142486129, 39.539030481684065 0.0978016263089673, 39.54356482410129 0.1002037641031434, 39.54810041152556 0.1026035503088902, 39.55263724534088 0.105000979366437, 39.557175326927926 0.1073960457149391, 39.56171465764217 0.1097887437855285, 39.56625523882782 0.1121790680057139, 39.57079707182899 0.1145670128029894, 39.575340157989764 0.1169525726048492, 39.57988449864642 0.1193357418364596, 39.584430095108196 0.121716514914993, 39.58897694867851 0.124094886255899, 39.59352506066081 0.1264708502746303, 39.59807443235833 0.1288444013865866, 39.60262506505977 0.1312155340031988, 39.60717696002948 0.1335842425292473, 39.61173011852941 0.1359505213688767, 39.61628454182156 0.1383143649262284, 39.6208402311667 0.1406757676051412, 39.62539718780389 0.1430347238040214, 39.62995541295351 0.145391227916604, 39.63451490783533 0.1477452743364752, 39.639075673669154 0.1500968574572212, 39.64363771167089 0.1524459716715495, 39.648201023029216 0.154792611365963, 39.65276560892097 0.1571367709242818, 39.65733147052296 0.1594784447303126, 39.661898609012034 0.1618176271678657, 39.66646702555608 0.1641543126189235, 39.67103672129408 0.1664884954595286, 39.67560769735911 0.1688201700645152, 39.680179954884295 0.171149330808714, 39.684753495002404 0.1734759720669124, 39.68932831883008 0.1758000882109277, 39.69390442745818 0.178121673607864, 39.698481821975314 0.1804407226244109, 39.70306050347007 0.1827572296272579, 39.70764047302956 0.1850711889828524, 39.712221731716994 0.1873825950537921, 39.716804280576284 0.1896914421995627, 39.72138812065078 0.1919977247795577, 39.72597325298383 0.1943014371531737, 39.730559678614284 0.1966025736791762, 39.735147398551376 0.1989011287122058, 39.73973641379251 0.2011970966052516, 39.744326725335064 0.2034904717112985, 39.748918334176366 0.2057812483833272, 39.75351124130353 0.2080694209731141, 39.758105447672925 0.2103549838288087, 39.76270095423515 0.2126379312978865, 39.76729776194085 0.2149182577278236, 39.77189587174029 0.2171959574660582, 39.776495284565456 0.2194710248582695, 39.78109600132161 0.2217434542475582, 39.785698022911895 0.2240132399768179, 39.79030135023945 0.2262803763889449, 39.794905984205585 0.2285448578266958, 39.799511925685195 0.2308066786308437, 39.804119175533714 0.2330658331406957, 39.808727734606045 0.2353223156955236, 39.81333760375713 0.2375761206345966, 39.81794878383645 0.2398272422968928, 39.822561275661634 0.2420756750196648, 39.82717508003867 0.2443214131395344, 39.83179019777356 0.246564450993126, 39.83640662967224 0.2488047829170596, 39.84102437652874 0.2510424032475636, 39.84564343910481 0.2532773063197996, 39.85026381815674 0.2555094864687475, 39.85488551444087 0.2577389380293904, 39.85950852871301 0.2599656553367052, 39.86413286170833 0.2621896327254134, 39.868758514134655 0.2644108645299053, 39.87338548669797 0.2666293450845482, 39.87801378010416 0.2688450687237063, 39.882643395056846 0.2710580297817671, 39.88727433223064 0.2732682225933658, 39.89190659228077 0.2754756414933011, 39.89654017586208 0.2776802808163772, 39.90117508362945 0.2798821348973989, 39.90581131623118 0.2820811980713596, 39.91044887428145 0.2842774646742556, 39.91508775838334 0.2864709290424069, 39.91972796913994 0.2886615855121314, 39.924369507154296 0.2908494284197528, 39.92901237301552 0.293034452102284, 39.93365656727918 0.2952166508984108, 39.93830209049591 0.2973960191470646, 39.94294894321635 0.2995725511871745, 39.94759712599038 0.3017462413577226, 39.952246639344736 0.3039170839993219, 39.95689748377851 0.3060850734545222, 39.96154965978921 0.3082502040659897, 39.96620316787434 0.3104124701763904, 39.9708580085284 0.3125718661286602, 39.97551418221429 0.3147283862686117, 39.98017168937598 0.3168820249437815, 39.98483053045715 0.3190327765017257, 39.989490705901524 0.3211806352900043, 39.994152216144904 0.323325595657054, 39.99881506158692 0.3254676519553321, 40.00347924261683 0.3276067985384503, 40.00814475962388 0.3297430297600208, 40.01281161299727 0.3318763399736652, 40.01747980311005 0.3340067235351279, 40.02214933030087 0.336134174804684, 40.026820194903884 0.3382586881431949, 40.03149239725329 0.3403802579115223, 40.03616593768229 0.3424988784706766, 40.04084081649822 0.3446145441855963, 40.04551703398092 0.346727249425402, 40.05019459040887 0.3488369885594147, 40.054873486060586 0.3509437559569588, 40.0595537212108 0.3530475459880022, 40.06423529610016 0.3551483530283896, 40.068918210951 0.3572461714571122, 40.07360246598552 0.3593409956531916, 40.07828806142595 0.3614328199956464, 40.082974997485074 0.363521638865304, 40.08766327433778 0.3656074466502964, 40.09235289214939 0.3676902377406002, 40.09704385108521 0.3697700065261956, 40.101736151310355 0.3718467473970931, 40.10642979297167 0.3739204547472108, 40.111124776180894 0.3759911229779204, 40.1158211010459 0.3780587464914297, 40.12051876767455 0.3801233196899491, 40.12521777617335 0.382184836975999, 40.12991812662042 0.3842432927587164, 40.13461981906673 0.3862986814535903, 40.13932285356209 0.3883509974763646, 40.144027230156325 0.3904002352427809, 40.14873294889473 0.3924463891697374, 40.15344000978617 0.394489453683367, 40.15814841282206 0.3965294232142311, 40.16285815799367 0.3985662921929224, 40.16756924529228 0.4006000550500332, 40.172281674698255 0.40263070621914, 40.17699544615272 0.4046582401445932, 40.18171055958786 0.4066826512731703, 40.18642701493593 0.4087039340516465, 40.1911448121289 0.4107220829268737, 40.19586395107824 0.4127370923517292, 40.20058443166012 0.4147489567894991, 40.20530625374724 0.4167576707045014, 40.210029417212226 0.4187632285610514, 40.214753921926075 0.4207656248239958, 40.219479767729126 0.4227648539678388, 40.22420695443489 0.4247609104755244, 40.22893548185601 0.4267537888302834, 40.23366534980511 0.4287434835153466, 40.23839655808946 0.4307299890157353, 40.24312910647806 0.4327132998293398, 40.247862994723064 0.4346934104596681, 40.252598222576644 0.4366703154102495, 40.25733478979093 0.4386440091846172, 40.26207269610577 0.4406144862906874, 40.26681194122064 0.4425817412507524, 40.27155252482677 0.444545768590051, 40.276294446615395 0.4465065628338185, 40.28103770627739 0.4484641185074225, 40.285782303481334 0.4504184301446386, 40.29052823786033 0.4523694922926344, 40.29527550904424 0.4543172994997758, 40.300024116663 0.456261846314429, 40.30477406034451 0.458203127285752, 40.30952533968418 0.4601411369758434, 40.31427795425094 0.4620758699573258, 40.319031903613016 0.4640073208031249, 40.32378718733862 0.4659354840861689, 40.32854380498992 0.467860354381903, 40.333301756089284 0.469781926282455, 40.33806104014293 0.471700194386743, 40.34282165665698 0.4736151532937047, 40.34758360513756 0.4755267976022786, 40.35234688507741 0.4774351219173036, 40.35711149592813 0.4793401208617274, 40.361877437133465 0.4812417890619594, 40.36664470813719 0.4831401211444125, 40.37141330838255 0.4850351117356898, 40.37618323728935 0.4869267554732955, 40.38095449424152 0.4888150470112149, 40.38572707862017 0.4906999810048029, 40.39050098980632 0.4925815521094162, 40.39527622717878 0.4944597549814823, 40.400052790082654 0.4963345842937402, 40.404830677836685 0.4982060347316414, 40.409609889758926 0.500074100980973, 40.41439042516747 0.5019387777275204, 40.41917228337396 0.5038000596603088, 40.42395546364923 0.5056579414889604, 40.42873996524819 0.5075124179311656, 40.43352578742569 0.5093634837046364, 40.43831292943654 0.5112111335270897, 40.44310139052162 0.5130553621236046, 40.44789116988003 0.5148961642412399, 40.4526822667032 0.5167335346311358, 40.457474680182514 0.5185674680444305, 40.46226840950894 0.5203979592325122, 40.46706345384914 0.522225002960061, 40.471859812333875 0.5240485940115467, 40.47665748409085 0.5258687271730474, 40.481456468247856 0.5276853972306398, 40.48625676393035 0.5294985989716993, 40.49105837022957 0.5313083272031939, 40.49586128621011 0.5331145767472618, 40.500665510935974 0.5349173424264404, 40.50547104347111 0.5367166190632664, 40.51027788287302 0.5385124014841027, 40.51508602815799 0.540304684539801, 40.51989547832611 0.5420934630908564, 40.52470623237739 0.5438787319977846, 40.52951828931185 0.5456604861211096, 40.53433164811562 0.5474387203299206, 40.53914630773267 0.5492134295193184, 40.543962267099 0.5509846085893276, 40.54877952515061 0.5527522524399701, 40.55359808082306 0.554516355971534, 40.55841793302801 0.5562769140996573, 40.56323908064041 0.5580339217634556, 40.56806152253217 0.5597873739040321, 40.57288525757517 0.5615372654624895, 40.577710284639174 0.5632835913813319, 40.58253660256005 0.565026346625569, 40.58736421014631 0.5667655261783403, 40.59219310620571 0.568501125023298, 40.597023289546044 0.5702331381440968, 40.60185475896903 0.5719615605285334, 40.6066875132354 0.573686387192592, 40.61152155108887 0.5754076131640037, 40.61635687127304 0.5771252334705371, 40.62119347253153 0.5788392431399622, 40.62603135359499 0.5805496372093051, 40.63087051315156 0.5822564107458217, 40.635710949880774 0.5839595588229283, 40.640552662462134 0.5856590765140443, 40.645395649574844 0.5873549588928165, 40.65023990987546 0.589047201049586, 40.655085441982976 0.5907357981023543, 40.65993224451289 0.5924207451717227, 40.66478031608064 0.594102037378294, 40.66962965529999 0.595779669844005, 40.67448026075216 0.5974536377155495, 40.67933213098965 0.5991239361614937, 40.68418526456402 0.6007905603511562, 40.68903966002678 0.6024535054538526, 40.69389531592432 0.6041127666429563, 40.69875223076311 0.6057683391232705, 40.70361040303098 0.6074202181142744, 40.70846983121566 0.6090683988355325, 40.713330513804884 0.6107128765066093, 40.718192449275044 0.6123536463562631, 40.723055636060174 0.6139907036477421, 40.72792007258436 0.6156240436523744, 40.732785757271685 0.6172536616414906, 40.73765268854607 0.6188795528865704, 40.742520864811155 0.6205017126760993, 40.747390284431944 0.62212013633104, 40.75226094576911 0.6237348191760086, 40.757132847183264 0.6253457565356191, 40.762005987033845 0.6269529437355584, 40.76688036365042 0.6285563761274024, 40.77175597533182 0.630156049089343, 40.776632820375504 0.63175195800079, 40.78151089707893 0.6333440982411539, 40.78639020373564 0.6349324651933578, 40.791270738601405 0.6365170542740829, 40.796152499910995 0.6380978609188306, 40.801035485898936 0.6396748805633037, 40.8059196947998 0.6412481086432081, 40.810805124839085 0.6428175406025254, 40.81569177420083 0.6443831719236218, 40.82057964105693 0.6459449980999861, 40.825468723579306 0.6475030146251047, 40.830359019939856 0.6490572169925236, 40.83525052829364 0.6506076007117474, 40.8401432467561 0.6521541613300612, 40.845037173436886 0.6536968944002188, 40.849932306445666 0.6552357954749741, 40.854828643891416 0.6567708601077537, 40.85972618385723 0.6583020838773833, 40.86462492439308 0.6598294623952162, 40.86952486354674 0.6613529912747308, 40.874425999366 0.6628726661294074, 40.8793283298961 0.6643884825753197, 40.884231853148144 0.665900436263059, 40.88913656710899 0.6674085228677649, 40.894042469764976 0.6689127380651013, 40.89894955910242 0.6704130775307298, 40.903857833101355 0.6719095369468945, 40.908767289702375 0.6734021120369743, 40.91367792683083 0.6748907985402123, 40.91858974241207 0.6763755921958869, 40.92350273437142 0.6778564887432799, 40.92841690062173 0.6793334839350836, 40.933332239035856 0.6808065735670057, 40.93824874747863 0.6822757534433569, 40.94316642381487 0.683741019368451, 40.948085265909164 0.6852023671468798, 40.95300527160549 0.686659792606063, 40.95792643871223 0.688113291612841, 40.96284876503425 0.6895628600379649, 40.967772248376406 0.6910084937521835, 40.97269688654224 0.6924501886277509, 40.977622677306435 0.6938879405698534, 40.98254961841561 0.6953217455157286, 40.98747770761522 0.6967515994039424, 40.99240694265071 0.6981774981730605, 40.99733732126379 0.6995994377660527, 41.002268841160785 0.701017414167519, 41.00720150002852 0.7024314233849642, 41.01213529555367 0.7038414614261335, 41.01707022542288 0.7052475242987716, 41.022006287314724 0.7066496080203504, 41.02694347886932 0.7080477086550983, 41.031881797715116 0.7094418222812701, 41.036821241480595 0.7108319449771219, 41.0417618077942 0.7122180728209518, 41.046703494269934 0.7136002019091159, 41.05164629848467 0.7149783283843573, 41.05659021800937 0.7163524483967667, 41.06153525041504 0.7177225580964351, 41.06648139327221 0.7190886536340177, 41.071428644129426 0.7204507311885249, 41.076377000503356 0.7218087869799599, 41.08132645990823 0.7231628172315269, 41.08627701985823 0.724512818166432, 41.091228677865864 0.7258587860101363, 41.09618143141454 0.7272007170267478, 41.10113527796316 0.7285386075128509, 41.106090214969896 0.7298724537660379, 41.11104623989291 0.7312022520839024, 41.11600335018614 0.7325279987698287, 41.12096154326924 0.733849690174118, 41.12592081654521 0.7351673226698302, 41.130881167416966 0.7364808926301752, 41.1358425932874 0.737790396428361, 41.14080509155102 0.7390958304494498, 41.145768659566066 0.7403971911296753, 41.150733294681004 0.7416944749190754, 41.155698994244304 0.7429876782676904, 41.16066575560435 0.7442767976256305, 41.16563357609526 0.7455618294638297, 41.17060245301692 0.7468427703030399, 41.175572383664154 0.7481196166713057, 41.18054336533184 0.7493923650966696, 41.185515395314376 0.750661012107866, 41.190488470885235 0.7519255542650776, 41.19546258928867 0.753185988172265, 41.200437747766856 0.7544423104366288, 41.20541394356192 0.7556945176653673, 41.21039117391439 0.7569426064681601, 41.215369436037825 0.7581865734965543, 41.2203487271232 0.7594264154369531, 41.22532904436088 0.7606621289768248, 41.23031038494119 0.7618937108036374, 41.23529274605067 0.7631211576109082, 41.24027612484447 0.7643444661424023, 41.245260518462175 0.7655636331667631, 41.250245924043256 0.7667786554528108, 41.25523233872716 0.7679895297693666, 41.260219759646134 0.7691962528972514, 41.26520818389919 0.7703988216720608, 41.27019760857594 0.7715972329450153, 41.27518803076597 0.7727914835673365, 41.28017944755884 0.7739815703902873, 41.285171856031944 0.7751674902858572, 41.29016525323109 0.7763492401800053, 41.295159636197 0.7775268170073669, 41.30015500197037 0.778700217702577, 41.3051513475916 0.7798694392007862, 41.31014867008342 0.7810344784683687, 41.31514696644108 0.7821953325201737, 41.32014623365743 0.7833519983752287, 41.32514646872533 0.7845044730525628, 41.33014766863659 0.7856527535731765, 41.335149830360045 0.7867968369998798, 41.340152950842686 0.787936720435426, 41.34515702703059 0.7890724009841645, 41.350162055869845 0.790203875750444, 41.355168034303965 0.7913311418435472, 41.360174959249406 0.7924541964236728, 41.36518282760682 0.7935730366810537, 41.3701916362766 0.7946876598063115, 41.37520138215913 0.7957980629900677, 41.380212062149766 0.796904243432825, 41.385223673114744 0.7980061983918808, 41.390236211909986 0.7991039251447835, 41.39524967539132 0.8001974209691062, 41.40026406041464 0.8012866831424259, 41.405279363827226 0.802371708959768, 41.410295582447496 0.8034524957748631, 41.41531271308775 0.8045290409537731, 41.42033075256036 0.8056013418625582, 41.42534969767756 0.8066693958674678, 41.430369545238776 0.8077332003616582, 41.43539029201731 0.8087927527930113, 41.44041193478333 0.8098480506160578, 41.44543447030698 0.8108990912853277, 41.45045789535796 0.8119458722563465, 41.45548220668878 0.8129883910219959, 41.46050740103006 0.8140266451229061, 41.46553347511094 0.8150606321028183, 41.470560425660594 0.8160903495054765, 41.47558824940689 0.8171157948775051, 41.4806169430568 0.8181369658129207, 41.485646503300146 0.8191538599445307, 41.49067692682626 0.8201664749062819, 41.49570821032446 0.8211748083321223, 41.50074035048143 0.8221788578622483, 41.505773343960286 0.823178621192214, 41.51080718741191 0.824174096046499, 41.51584187748708 0.8251652801498358, 41.52087741083652 0.8261521712269552, 41.525913784106294 0.827134767014079, 41.530950993917884 0.8281130653076725, 41.53598903688475 0.829087063923874, 41.541027909620304 0.8300567606788334, 41.54606760873799 0.8310221533887074, 41.55110813084386 0.8319832398885839, 41.55614947252007 0.8329400180743964, 41.56119163034407 0.8338924858542771, 41.566234600893246 0.8348406411363569, 41.57127838074494 0.8357844818289657, 41.57632296646595 0.8367240058686127, 41.58136835460156 0.8376592112490109, 41.586414541694445 0.8385900959708044, 41.59146152428733 0.8395166580346355, 41.59650929892255 0.8404388954420824, 41.6015578621288 0.8413568062327983, 41.60660721041663 0.842270388496934, 41.61165734029532 0.8431796403281234, 41.616708248274186 0.84408455982, 41.621759930861636 0.8449851450687554, 41.6268123845498 0.8458813942180804, 41.631865605816415 0.8467733054535962, 41.63691959113872 0.8476608769623636, 41.641974336993925 0.8485441069314437, 41.647029839857545 0.8494229935532831, 41.652086096186906 0.8502975350757335, 41.65714310242869 0.8511677297792569, 41.662200855029425 0.8520335759447324, 41.66725935043564 0.8528950718530398, 41.67231858509088 0.8537522157947497, 41.677378555419665 0.8546050061212873, 41.68243925783924 0.8554534412076458, 41.68750068876683 0.8562975194288699, 41.6925628446196 0.8571372391600035, 41.69762572181013 0.8579725987918198, 41.702689316732304 0.8588035967780668, 41.70775362577539 0.8596302315882516, 41.712818645328646 0.8604525016918816, 41.717884371781295 0.861270405558513, 41.72295080151599 0.8620839416812228, 41.72801793089819 0.8628931086143811, 41.73308575629059 0.8636979049222139, 41.7381542740559 0.8644983291689472, 41.7432234805567 0.865294379919187, 41.748293372147046 0.866086055769858, 41.75336394516597 0.86687335537441, 41.75843519595104 0.867656277391996, 41.763507120839805 0.8684348204817665, 41.76857971616948 0.8692089833041249, 41.77365297826703 0.8699787645607153, 41.778726903446994 0.8707441630028262, 41.78380148802318 0.8715051773846975, 41.78887672830942 0.8722618064605692, 41.79395262061881 0.8730140489875736, 41.79902916125292 0.8737619037723336, 41.804106346503545 0.8745053696630061, 41.80918417266219 0.8752444455090339, 41.81426263602036 0.875979130159861, 41.81934173286834 0.8767094224704407, 41.82442145948407 0.8774353213520696, 41.829501812138304 0.8781568257490495, 41.83458278710164 0.8788739346060983, 41.83966438064466 0.879586646867933, 41.84474658903616 0.8802949614885436, 41.849829408532344 0.880998877483091, 41.85491283538441 0.8816983938915218, 41.85999686584355 0.8823935097538533, 41.865081496160926 0.8830842241101019, 41.870166722585004 0.8837705360146119, 41.87525254135229 0.8844524445851392, 41.88033894869594 0.8851299489569768, 41.88542594084916 0.8858030482654197, 41.89051351404506 0.8864717416457754, 41.89560166451326 0.8871360282540955, 41.90069038847239 0.8877959073091006, 41.90577968213907 0.8884513780412993, 41.91086954172993 0.8891024396811995, 41.91595996346151 0.8897490914594781, 41.92105094354598 0.8903913326349111, 41.92614247818599 0.8910291625255742, 41.93123456358306 0.8916625804570684, 41.936327195938695 0.8922915857549949, 41.941420371454285 0.8929161777455921, 41.94651408632608 0.8935363557908872, 41.95160833674258 0.8941521193069673, 41.95670311889159 0.8947634677144085, 41.96179842896093 0.8953704004337888, 41.96689426313824 0.895972916887255, 41.971990617605556 0.8965710165401152, 41.97708748853882 0.8971646989051411, 41.98218487211363 0.8977539634975376, 41.987282764505615 0.8983388098325105, 41.99238116189003 0.8989192374283994, 41.997480060436374 0.8994952458540074, 42.00257945630949 0.9000668347188984, 42.00767934567412 0.9006340036338025, 42.01277972469498 0.9011967522094488, 42.01788058953628 0.9017550800618346, 42.0229819363568 0.9023089868618458, 42.02808376131208 0.9028584723129796, 42.033186060557604 0.9034035361191649, 42.038288830248895 0.9039441779843309, 42.04339206654075 0.9044803976207484, 42.04849576558295 0.9050121948002999, 42.05359992352308 0.9055395693208033, 42.058704536508735 0.9060625209801845, 42.06380960068751 0.9065810495763686, 42.06891511220612 0.9070951549194647, 42.074021067207056 0.9076048368813465, 42.07912746183144 0.9081100953534128, 42.084234292220394 0.9086109302270688, 42.08934155451501 0.9091073413937208, 42.09444924485552 0.9095993287617128, 42.09955735937874 0.9100868923013788, 42.10466589422077 0.9105700319972324, 42.109774845517656 0.9110487478337863, 42.11488420940547 0.9115230397955922, 42.119993982019395 0.9119929078896567, 42.125104159492274 0.9124583521831613, 42.13021473795656 0.9129193727532622, 42.13532571354467 0.9133759696771155, 42.140437082389056 0.9138281430320871, 42.14554884062146 0.9142758929239198, 42.150660984372266 0.9147192195151568, 42.1557735097717 0.9151581229751073, 42.16088641294996 0.9155926034730824, 42.16599969003727 0.9160226611789927, 42.171113337163504 0.9164482962970993, 42.17622735045812 0.9168695090839457, 42.181341726050526 0.9172862998004622, 42.18645646007008 0.9176986687075788, 42.19157154864621 0.9181066160675089, 42.19668698790856 0.918510142182542, 42.20180277398706 0.9189092474019783, 42.20691890301166 0.9193039320777995, 42.212035371112314 0.9196941965619879, 42.21715217441903 0.9200800412088361, 42.22226930906278 0.9204614664179368, 42.227386771175404 0.9208384726302018, 42.2325045568888 0.9212110602880559, 42.23762266233489 0.9215792298339247, 42.24274108364566 0.9219429817139615, 42.24785981695498 0.9223023164241321, 42.25297885839801 0.9226572344958986, 42.258098204109935 0.9230077364614857, 42.26321785022594 0.9233538228531178, 42.26833779288152 0.9236954942085858, 42.27345802821491 0.924032751119121, 42.27857855236594 0.9243655942057463, 42.28369936147445 0.9246940240898066, 42.28882045168025 0.9250180413926465, 42.293941819123724 0.9253376467434506, 42.29906345994902 0.9256528408274616, 42.30418537030192 0.9259636243543296, 42.30930754632826 0.9262699980338059, 42.31442998417384 0.9265719625756424, 42.319552679985335 0.9268695187001476, 42.32467562991425 0.9271626671851944, 42.329798830113674 0.9274514088281774, 42.3349222767367 0.927735744426507, 42.34004596593645 0.9280156747775944, 42.34516989386736 0.9282912006925677, 42.35029405668964 0.92856232304045, 42.35541845056498 0.9288290427055302, 42.36054307165508 0.9290913605720973, 42.365667916121616 0.9293492775244452, 42.370792980128314 0.9296027944641646, 42.375918259845356 0.9298519123498763, 42.38104375144436 0.9300966321519379, 42.38616945109684 0.9303369548407062, 42.39129535497443 0.9305728813865821, 42.39642145925145 0.9308044127811145, 42.40154776010945 0.9310315500710085, 42.40667425373115 0.931254294311847, 42.41180093629923 0.9314726465592125, 42.4169278039965 0.9316866078688455, 42.4220548530093 0.9318961793215812, 42.427182079531796 0.9321013620507661, 42.43230947975909 0.9323021571963384, 42.43743704988627 0.9324985658982373, 42.44256478610847 0.9326905892967726, 42.44769268462561 0.9328782285612518, 42.45282074164559 0.9330614849102743, 42.45794895337711 0.9332403595672333, 42.4630773160289 0.9334148537555218, 42.46820582580977 0.9335849686992438, 42.47333447893444 0.9337507056552299, 42.4784632716258 0.9339120659260073, 42.483592200107395 0.9340690508175004, 42.4887212606027 0.9342216616356331, 42.493850449335504 0.934369899687521, 42.49897976253663 0.934513766316462, 42.50410919644513 0.9346532629076182, 42.50923874730052 0.9347883908484881, 42.5143684113423 0.9349191515265689, 42.519498184810395 0.9350455463311778, 42.52462806395304 0.9351675766909338, 42.529758045026576 0.9352852440723963, 42.53488812428767 0.935398549943672, 42.54001829799298 0.935507495772867, 42.54514856239979 0.9356120830306861, 42.55027891377499 0.9357123132298265, 42.555409348393326 0.9358081879169878, 42.560539862529765 0.9358997086398468, 42.56567045245926 0.9359868769460803, 42.57080111445762 0.9360696943868986, 42.575931844811635 0.9361481625578478, 42.58106263981552 0.9362222830847027, 42.586193495763624 0.9362920575938194, 42.591324408950335 0.936357487711555, 42.59645537567122 0.9364185750689002, 42.60158639223403 0.9364753213432138, 42.606717454953554 0.9365277282385528, 42.61184856014468 0.936575797459294, 42.61697970412221 0.9366195307098137, 42.62211088320269 0.9366589297002521, 42.62724209371598 0.9366939961876946, 42.63237333199847 0.9367247319520987, 42.63750459438663 0.9367511387735766, 42.64263587721685 0.9367732184322395, 42.64776717682775 0.9367909727153728, 42.652898489572344 0.9368044034586028, 42.658029811809705 0.9368135125175213, 42.66316113989882 0.9368183017477814, 42.668292470198764 0.936818773005037, 42.6734237990713 0.9368149281535477, 42.67855512289367 0.9368067691061547, 42.683686438048554 0.9367942977927319, 42.688817740918616 0.9367775161431715, 42.693949027886504 0.9367564260873652, 42.69908029533834 0.9367310295653668, 42.704211539676514 0.9367013285657639, 42.70934275730832 0.9366673250916192, 42.71447394464106 0.9366290211459979, 42.719605098082 0.9365864187319646, 42.724736214042615 0.9365395198643742, 42.729867288951446 0.9364883266060948, 42.73499831924136 0.9364328410322154, 42.74012930134525 0.9363730652178248, 42.74526023169595 0.936309001238013, 42.7503911067314 0.936240651181351, 42.755521922907185 0.9361680171835247, 42.76065267668265 0.9360911013905054, 42.765783364517226 0.9360099059482658, 42.7709139828703 0.9359244330027873, 42.776044528207265 0.9358346847152375, 42.78117499701157 0.9357406632926701, 42.78630538577002 0.9356423709507745, 42.79143569096951 0.9355398099052387, 42.79656590909686 0.9354329823717842, 42.801696036645914 0.9353218905829948, 42.80682607012886 0.9352065368158768, 42.81195600606084 0.9350869233546656, 42.81708584095705 0.9349630524835959, 42.822215571332706 0.9348349264869761, 42.82734519371102 0.9347025476675924, 42.83247470463372 0.9345659183710053, 42.837604100645194 0.9344250409488117, 42.8427333782898 0.9342799177526085, 42.847862534112 0.9341305511341274, 42.85299156466525 0.9339769434651002, 42.858120466521704 0.9338190971582625, 42.86324923625574 0.9336570146313748, 42.86837787044175 0.9334906983021984, 42.87350636565426 0.933320150588713, 42.878634718477905 0.9331453739303136, 42.88376292551598 0.9329663708055511, 42.8888909833737 0.9327831436971523, 42.8940188886563 0.932595695087843, 42.89914663796918 0.9324040274606726, 42.90427422792902 0.9322081433213949, 42.90940165517094 0.9320080452130246, 42.91452891633178 0.9318037356820398, 42.91965600804844 0.9315952172749171, 42.92478292695799 0.9313824925385806, 42.92990966970987 0.9311655640438132, 42.93503623297185 0.9309444343967654, 42.94016261341315 0.9307191062064499, 42.94528880770304 0.9304895820818789, 42.95041481251103 0.9302558646326543, 42.95554062452013 0.9300179564932496, 42.96066624043142 0.929775860331627, 42.965791656947246 0.9295295788181097, 42.970916870769926 0.9292791146230205, 42.976041878602246 0.9290244704174295, 42.98116667716146 0.92876564889815, 42.986291263182615 0.9285026527936425, 42.991415633401886 0.928235484834313, 42.9965397845554 0.9279641477505657, 43.00166371337989 0.9276886442737234, 43.006787416627496 0.9274089771615802, 43.01191089106799 0.927125149201796, 43.017034133471974 0.9268371631836277, 43.022157140610105 0.9265450218963316, 43.02727990925368 0.9262487281302603, 43.03240243619051 0.9259482847028293, 43.03752471822556 0.9256436944595977, 43.04264675216466 0.9253349602474367, 43.04776853481352 0.9250220849132171, 43.05289006297876 0.9247050713050898, 43.058011333484416 0.9243839222987285, 43.063132343171326 0.9240586407963114, 43.068253088881065 0.923729229701093, 43.073373567455114 0.9233956919163259, 43.07849377573601 0.92305803034673, 43.083613710584586 0.9227162479248754, 43.08873336887818 0.9223703476082724, 43.09385274749465 0.9220203323553131, 43.0989718433119 0.921666205124389, 43.10409065320895 0.9213079688755424, 43.10920917408401 0.9209456265968816, 43.11432740285145 0.9205791812999836, 43.11944533642604 0.9202086359971475, 43.12456297172258 0.9198339937006716, 43.12968030565725 0.9194552574246868, 43.134797335166155 0.9190724302114865, 43.139914057201146 0.9186855151254457, 43.14503046871454 0.918294515231531, 43.15014656665858 0.9178994335947087, 43.155262347987026 0.9175002732819489, 43.16037780967447 0.9170970373883828, 43.16549294871081 0.9166897290299227, 43.170607762086306 0.9162783513229665, 43.175722246791224 0.9158629073839116, 43.180836399817494 0.9154434003313228, 43.185950218178554 0.91501983331183, 43.19106369890285 0.9145922094916336, 43.19617683901914 0.9141605320373337, 43.20128963555615 0.9137248041155293, 43.20640208554448 0.9132850288951377, 43.21151418603691 0.9128412095729571, 43.21662593410085 0.9123933493642287, 43.22173732680402 0.9119414514845233, 43.226848361214095 0.9114855191494106, 43.231959034400795 0.9110255555769142, 43.23706934345664 0.9105615640126792, 43.24217928548849 0.9100935477197493, 43.247288857603436 0.9096215099614392, 43.25239805690855 0.9091454540010645, 43.25750688051312 0.9086653831045146, 43.2626153255498 0.908181300564971, 43.26772338916528 0.9076932096920501, 43.27283106850648 0.9072011137955932, 43.27793836072024 0.9067050161854415, 43.28304526295589 0.9062049201741142, 43.28815177238653 0.9057008291010292, 43.29325788619909 0.9051927463211487, 43.298363601580675 0.9046806751896221, 43.303468915718376 0.9041646190616, 43.30857382580184 0.9036445812949933, 43.31367832904503 0.9031205652741721, 43.318782422675476 0.902592574398231, 43.323886103920835 0.9020606120664242, 43.328989370008784 0.9015246816780043, 43.33409221816969 0.9009847866350513, 43.33919464565867 0.9004409303656105, 43.3442966497442 0.8998931163116974, 43.34939822769484 0.8993413479154624, 43.35449937677918 0.8987856286190562, 43.35960009426865 0.8982259618675019, 43.36470037745981 0.8976623511312574, 43.36980022366238 0.8970947998940628, 43.37489963018618 0.8965233116397738, 43.37999859434105 0.8959478898522455, 43.38509711343977 0.8953685380182334, 43.390195184820634 0.8947852596493587, 43.39529280583489 0.894198058269895, 43.40038997383391 0.893606937404215, 43.40548668616905 0.8930119005766912, 43.41058294019474 0.8924129513146036, 43.41567873329127 0.8918100931695019, 43.42077406285168 0.891203329705008, 43.42586892626915 0.8905926644848344, 43.43096332093688 0.8899781010726913, 43.436057244251224 0.8893596430351849, 43.44115069363461 0.8887372939625731, 43.44624366652219 0.8881110574566592, 43.451336160349214 0.8874809371193257, 43.45642817255092 0.8868469365524558, 43.46151970056585 0.8862090593607985, 43.46661074185878 0.8855673091721064, 43.471701293907216 0.8849216896252007, 43.47679135418865 0.8842722043589704, 43.481880920180664 0.8836188570123065, 43.48696998936413 0.8829616512269212, 43.492058559246416 0.8823005906668704, 43.49714662734752 0.8816356790068418, 43.50223419118749 0.8809669199215867, 43.507321248286374 0.880294317085856, 43.51240779616761 0.8796178741771626, 43.51749383238134 0.878937594894688, 43.52257935449018 0.8782534829478442, 43.52766436005693 0.8775655420461065, 43.532748846644346 0.8768737758989478, 43.53783281181859 0.8761781882185266, 43.5429162531726 0.8754787827379811, 43.54799916831197 0.8747755632003186, 43.553081554842294 0.8740685333486025, 43.55816341036922 0.8733576969258978, 43.56324473250175 0.8726430576778649, 43.56832551887591 0.8719246193704555, 43.573405767140216 0.8712023857791632, 43.57848547494329 0.8704763606795356, 43.58356463993382 0.8697465478471225, 43.58864325976385 0.8690129510599681, 43.593721332112395 0.8682755741157014, 43.59879885467117 0.8675344208211914, 43.603875825131986 0.8667894949833611, 43.608952241186586 0.8660408004091328, 43.61402810053021 0.8652883409078161, 43.619103400885 0.8645321203075785, 43.62417813998591 0.8637721424455475, 43.629252315567996 0.8630084111589065, 43.6343259253663 0.8622409302848372, 43.63939896711923 0.861469703662791, 43.64447143859214 0.8606947351503812, 43.64954333756335 0.8599160286139376, 43.65461466181125 0.8591335879198456, 43.659685409114225 0.8583474169344912, 43.66475557725398 0.8575575195264039, 43.66982516403911 0.8567638995815531, 43.67489416729136 0.8559665609943982, 43.679962584832545 0.8551655076594535, 43.68503041448444 0.8543607434712344, 43.690097654072076 0.85355227232627, 43.69516430144738 0.8527400981378128, 43.70023035447551 0.8519242248273956, 43.70529581102176 0.8511046563166091, 43.71036066895141 0.8502813965270442, 43.715424926132854 0.8494544493821733, 43.720488580461286 0.8486238188214733, 43.7255516298454 0.8477895087925067, 43.73061407219393 0.8469515232428987, 43.7356759054157 0.8461098661202744, 43.740737127422534 0.8452645413740048, 43.74579773615285 0.8444155529687477, 43.750857729558845 0.8435629048770676, 43.75591710559284 0.8427066010715956, 43.76097586220712 0.8418466455249631, 43.76603399735697 0.8409830422114117, 43.771091509024004 0.8401157951197528, 43.77614839520396 0.8392449082465369, 43.781204653892665 0.8383703855883861, 43.78626028308595 0.8374922311419236, 43.79131528078247 0.8366104489052482, 43.79636964500706 0.8357250428903112, 43.80142337379893 0.8348360171166498, 43.80647646519745 0.8339433756038768, 43.81152891724194 0.8330471223716049, 43.81658072797444 0.8321472614407925, 43.82163189546291 0.8312437968455404, 43.826682417790025 0.8303367326273837, 43.831732293038634 0.8294260728279442, 43.83678151929156 0.8285118214888421, 43.84183009463413 0.8275939826529108, 43.84687801717741 0.8266725603754219, 43.85192528504746 0.8257475587189335, 43.85697189637055 0.8248189817460961, 43.86201784927296 0.8238868335195622, 43.86706314188332 0.8229511181030722, 43.872107772355605 0.8220118395721022, 43.87715173885927 0.8210690020092778, 43.88219503956394 0.8201226094973253, 43.88723767263928 0.8191726661189729, 43.89227963625712 0.8182191759579173, 43.89732092861433 0.8172621431088969, 43.902361547923576 0.8163015716736624, 43.90740149239782 0.815337465754075, 43.91244076025002 0.814369829451997, 43.917479349695164 0.8133986668701476, 43.92251725897279 0.8124239821215968, 43.927554486338806 0.8114457793262861, 43.93259103004932 0.8104640626042812, 43.93762688836057 0.8094788360756472, 43.94266205953055 0.8084901038611984, 43.947696541841424 0.807497870091426, 43.952730333592115 0.8065021389035502, 43.95776343308193 0.805502914434927, 43.9627958386101 0.8045002008229145, 43.96782754847765 0.8034940022055188, 43.972858561009154 0.802484322729756, 43.97788887454649 0.8014711665492257, 43.982918487431945 0.8004545378176778, 43.987947398007776 0.7994344406888634, 43.992975604617776 0.7984108793170903, 43.99800310562887 0.79738385786502, 44.00302989942573 0.7963533805017472, 44.00805598439345 0.7953194513965309, 44.013081358917205 0.79428207471863, 44.018106021383474 0.7932412546377785, 44.02312997020132 0.7921969953314226, 44.02815320379803 0.7911493009832807, 44.03317572060146 0.7900981757772546, 44.03819751903947 0.7890436238972448, 44.04321859754116 0.78798564952755, 44.048238954557455 0.7869242568595559, 44.0532585885582 0.785859450090751, 44.058277498013794 0.7847912334188246, 44.06329568139466 0.783719611041464, 44.068313137172304 0.7826445871566869, 44.07332986383945 0.7815661659689908, 44.07834585990819 0.7804843516887953, 44.08336112389136 0.7793991485267384, 44.08837565430178 0.778310560693459, 44.0933894496532 0.7772185923998638, 44.09840250847991 0.7761232478627442, 44.103414829336124 0.7750245313046211, 44.10842641077688 0.7739224469482499, 44.113437251357254 0.7728169990163869, 44.11844734963307 0.7717081917320054, 44.12345670417996 0.7705960293234022, 44.12846531359407 0.7694805160244034, 44.133473176472464 0.7683616560690937, 44.13848029141224 0.7672394536915557, 44.143486657011195 0.7661139131260438, 44.148492271886035 0.7649850386115863, 44.15349713467458 0.7638528343925138, 44.15850124401582 0.762717304713437, 44.16350459854864 0.7615784538189643, 44.16850719691255 0.7604362859538353, 44.173509037765214 0.7592908053670432, 44.17851011978591 0.7581420163126479, 44.18351044165523 0.7569899230450055, 44.188510002053704 0.7558345298184738, 44.193508799662375 0.7546758408875086, 44.19850683317958 0.7535138605103205, 44.203504101325834 0.7523485929499376, 44.208500602823115 0.7511800424697019, 44.21349633639341 0.7500082133329559, 44.218491300759084 0.7488331098031161, 44.22348549465889 0.7476547361468835, 44.22847891685435 0.7464730966355051, 44.233471566108626 0.7452881955405634, 44.23846344118487 0.7441000371336378, 44.24345454084657 0.7429086256863634, 44.2484448638727 0.7417139654732166, 44.25343440906545 0.7405160607729327, 44.258423175228984 0.7393149158645991, 44.26341116116738 0.7381105350273001, 44.268398365685016 0.7369029225401564, 44.273384787600804 0.7356920826847241, 44.27837042575744 0.7344780197465132, 44.28335527899972 0.7332607380113955, 44.288339346172485 0.7320402417652455, 44.29332262612076 0.7308165352939593, 44.29830511770316 0.7295896228854863, 44.303286819802494 0.7283595088314161, 44.30826773130408 0.7271261974237082, 44.313247851093216 0.7258896929543226, 44.31822717805527 0.7246499997152346, 44.32320571108834 0.7234071220001232, 44.32818344911515 0.722161064105966, 44.33316039106117 0.7209118303301189, 44.33813653585189 0.7196594249699357, 44.343111882412884 0.7184038523227811, 44.348086429681445 0.7171451166874073, 44.35306017661982 0.7158832223655163, 44.358033122193405 0.7146181736591886, 44.36300526536766 0.7133499748705032, 44.36797660510801 0.7120786303015425, 44.372947140390735 0.7108041442554985, 44.3779168702173 0.7095265210381477, 44.38288579359279 0.7082457649556355, 44.3878539095223 0.7069618803141093, 44.39282121701091 0.7056748714197161, 44.39778771507357 0.7043847425794587, 44.40275340275069 0.7030914981025527, 44.407718279086716 0.7017951422985631, 44.412682343126086 0.7004956794770555, 44.41764559391328 0.6991931139475974, 44.42260803050167 0.6978874500203933, 44.427569651970224 0.6965786920074768, 44.432530457402514 0.69526684422121, 44.43749044588204 0.6939519109739516, 44.442449616492375 0.692633896578064, 44.44740796832507 0.6913128053463563, 44.45236550049734 0.6899886415930757, 44.45732221213154 0.6886614096327572, 44.462278102349956 0.687331113779934, 44.467233170274945 0.6859977583491398, 44.47218741503599 0.6846613476552037, 44.47714083578819 0.6833218860140057, 44.48209343169238 0.6819793777416611, 44.487045201909346 0.6806338271542864, 44.49199614559997 0.6792852385679974, 44.49694626193137 0.6779336162990721, 44.501895550096194 0.676578964664447, 44.50684400929343 0.6752212879812212, 44.5117916387221 0.673860590566494, 44.516738437581225 0.6724968767373668, 44.521684405075355 0.6711301508109998, 44.526629540434264 0.6697604171048398, 44.53157384289486 0.6683876799364108, 44.53651731169402 0.6670119436232373, 44.54145994606863 0.6656332124828453, 44.54640174526044 0.6642514908327397, 44.551342708535984 0.6628667829903279, 44.55628283516971 0.6614790932729879, 44.56122212443608 0.6600884259980957, 44.56616057560953 0.6586947854830274, 44.57109818796869 0.6572981760450846, 44.57603496081653 0.6558986020011242, 44.58097089346473 0.6544960676678444, 44.58590598522497 0.6530905773619451, 44.59084023540892 0.6516821354001237, 44.5957736433319 0.6502707460989599, 44.60070620833287 0.6488564137742516, 44.605637929760405 0.6474391427414782, 44.61056880696312 0.646018937316118, 44.61549883928962 0.6445958018136511, 44.62042802609155 0.6431697405494113, 44.62535636674355 0.6417407578376467, 44.63028386063074 0.6403088579921064, 44.63521050713834 0.6388740453265368, 44.64013630565153 0.6374363241546867, 44.64506125555806 0.6359956987901455, 44.64998535626785 0.6345521735451366, 44.65490860720225 0.6331057527311803, 44.65983100778272 0.6316564406597897, 44.6647525574307 0.6302042416424775, 44.66967325556974 0.6287491599905988, 44.674593101644696 0.6272912000138873, 44.679512095112784 0.6258303660211354, 44.68443023543136 0.6243666623211254, 44.689347522057794 0.6229000932226381, 44.69426395445118 0.6214306630343006, 44.6991795320909 0.6199583760629181, 44.70409425446969 0.6184832366140965, 44.70900812108049 0.6170052489934232, 44.71392113141624 0.615524417506484, 44.718833284971296 0.614040746458722, 44.72374458125921 0.6125542401535741, 44.72865501980785 0.6110649028929871, 44.733564600145414 0.6095727389788731, 44.738473321800086 0.608077752713146, 44.74338118430114 0.6065799483975922, 44.748288187195996 0.6050793303318562, 44.75319433004726 0.6035759028137933, 44.758099612418015 0.6020696701412013, 44.76300403387136 0.6005606366118779, 44.76790759397121 0.5990488065235154, 44.77281029229845 0.5975341841715615, 44.777712128450105 0.5960167738493395, 44.7826131020238 0.5944965798500922, 44.78751321261715 0.5929736064670599, 44.79241245982844 0.591447857993395, 44.79731084327168 0.5899193387199516, 44.8022083625779 0.588388052935112, 44.80710501737893 0.5868540049271411, 44.812000807306575 0.5853171989843008, 44.81689573199315 0.583777639394785, 44.82178979108547 0.582235330444464, 44.82668298424815 0.5806902764163752, 44.831575311146885 0.5791424815933848, 44.836466771447355 0.5775919502583606, 44.84135736481552 0.5760386866941176, 44.84624709093072 0.5744826951811635, 44.85113594949077 0.5729239799968092, 44.85602394019484 0.5713625454181283, 44.860911062742105 0.5697983957221944, 44.86579731683192 0.5682315351860472, 44.870682702175785 0.5666619680844698, 44.875567218504294 0.5650896986886731, 44.880450865549776 0.5635147312695548, 44.885333643044554 0.5619370700980104, 44.89021555072105 0.560356719444912, 44.89509658832259 0.5587736835789597, 44.89997675561215 0.5571879667649027, 44.90485605235483 0.555599573267076, 44.909734478315784 0.554008507349813, 44.91461203326012 0.5524147732774339, 44.91948871696269 0.550818375312201, 44.92436452921846 0.5492193177120722, 44.929239469824985 0.5476176047344666, 44.93411353857978 0.5460132406368049, 44.9389867352804 0.5444062296764997, 44.9438590597329 0.5427965761090344, 44.948730511763834 0.5411842841852347, 44.95360109120281 0.5395693581552338, 44.958470797879386 0.5379518022691654, 44.9633396316232 0.5363316207771636, 44.968207592271206 0.5347088179276213, 44.973074679681176 0.5330833979640515, 44.97794089371442 0.5314553651291192, 44.98280623423233 0.5298247236654868, 44.987670701096214 0.5281914778158184, 44.992534294173765 0.5265556318211475, 44.99739701335339 0.524917189917164, 45.00225885852775 0.5232761563384661, 45.007119829589506 0.5216325353196498, 45.01197992643131 0.5199863310953107, 45.01683914895119 0.5183375478986201, 45.02169749706782 0.5166861899572548, 45.02655497070486 0.5150322614975704, 45.03141156978595 0.5133757667459251, 45.036267294234776 0.5117167099286746, 45.04112214397946 0.5100550952709165, 45.045976118968525 0.5083909269920555, 45.05082921915625 0.5067242093098827, 45.05568144449692 0.5050549464421887, 45.06053279494483 0.5033831426067668, 45.065383270457964 0.5017088020203164, 45.0702328710143 0.500031928893709, 45.0750815965983 0.4983525274358774, 45.07992944719458 0.4966706018557518, 45.084776422787684 0.4949861563622646, 45.089622523365186 0.4932991951634147, 45.09446774893402 0.4916097224613027, 45.09931209950861 0.4899177424557291, 45.104155575103434 0.4882232593464865, 45.10899817573294 0.486526277333368, 45.11383990141405 0.4848268006153855, 45.118680752182264 0.4831248333856349, 45.123520728081544 0.4814203798345078, 45.12835982915588 0.4797134441523845, 45.13319805544933 0.4780040305296434, 45.13803540700782 0.4762921431560173, 45.14287188389503 0.4745777862153749, 45.14770748618407 0.4728609638884497, 45.15254221394814 0.4711416803559462, 45.15737606726044 0.4694199397985712, 45.162209046195706 0.4676957463965082, 45.16704115084538 0.4659691043241784, 45.17187238131134 0.4642400177524128, 45.17670273769563 0.4625084908519888, 45.1815322201003 0.4607745277936859, 45.186360828628516 0.4590381327478714, 45.191188563399194 0.457299309879308, 45.19601542454255 0.4555580633486994, 45.20084141218913 0.4538143973166565, 45.20566652646943 0.4520683159437895, 45.210490767514834 0.4503198233903988, 45.21531413547126 0.4485689238113894, 45.22013663049698 0.4468156213571204, 45.22495825275061 0.4450599201778115, 45.229779002390785 0.4433018244236796, 45.23459887957677 0.4415413382447105, 45.2394178844812 0.4397784657857545, 45.244236017289914 0.4380132111866192, 45.24905327818934 0.4362455785869005, 45.25386966736586 0.4344755721261967, 45.25868518500628 0.4327031959439396, 45.26349983130966 0.4309284541747295, 45.268313606489045 0.4291513509476396, 45.27312651075824 0.4273718903914412, 45.27793854433103 0.4255900766349077, 45.28274970742149 0.4238059138067014, 45.28756000025477 0.4220194060309845, 45.29236942307068 0.4202305574259208, 45.2971779761101 0.4184393721092554, 45.30198565961388 0.4166458541987326, 45.30679247382306 0.4148500078120322, 45.31159841898849 0.4130518370626947, 45.31640349537643 0.4112513460578082, 45.32120770325443 0.4094485389039028, 45.32601104289007 0.4076434197075066, 45.330813514551025 0.4058359925751092, 45.33561511851358 0.4040262616094493, 45.340415855070006 0.4022142309063874, 45.3452157245142 0.400399904561048, 45.3500147271401 0.3985832866685588, 45.35481286324165 0.3967643813240252, 45.35961013312037 0.3949431926192064, 45.36440653709408 0.3931197246386193, 45.3692020754827 0.3912939814658373, 45.37399674860617 0.3894659671844364, 45.37879055678446 0.3876356858779832, 45.38358350034397 0.3858031416270715, 45.38837557962766 0.383968338504685, 45.39316679498113 0.3821312805826036, 45.39795714674993 0.380291971932607, 45.40274663527966 0.3784504166264756, 45.407535260921385 0.3766066187335029, 45.41232302404296 0.3747605823153979, 45.4171099250154 0.3729123114324304, 45.42189596420977 0.3710618101448678, 45.42668114199709 0.3692090825129775, 45.4314654587529 0.3673541325947817, 45.43624891486937 0.3654969644400878, 45.44103151074236 0.3636375820968306, 45.44581324676779 0.3617759896129424, 45.45059412334154 0.3599121910363562, 45.45537414086324 0.3580461904131622, 45.46015329974894 0.3561779917813567, 45.46493160041918 0.3543075991767174, 45.46970904329448 0.3524350166350244, 45.474485628795385 0.3505602481920551, 45.47926135734544 0.3486832978820534, 45.484036229384245 0.3468041697311704, 45.4888102453566 0.3449228677628936, 45.493583405707355 0.3430393960007091, 45.498355710881334 0.3411537584681053, 45.503127161325786 0.3392659591873136, 45.50789775750346 0.3373760021725653, 45.51266749988309 0.3354838914349519, 45.51743638893348 0.3335896309855559, 45.522204425123455 0.3316932248354592, 45.52697160892371 0.3297946769947368, 45.53173794081972 0.3278939914656341, 45.53650342130386 0.3259911722467428, 45.54126805086857 0.3240862233366317, 45.5460318300063 0.3221791487338698, 45.5507947592109 0.3202699524362319, 45.555556838990285 0.3183586384339138, 45.560318069860124 0.3164452107129162, 45.56507845233612 0.3145296732591977, 45.56983798693403 0.3126120300587148, 45.57459667417068 0.31069228509681, 45.57935451457602 0.3087704423515665, 45.584111508688636 0.306846505796317, 45.58886765704721 0.3049204794043114, 45.593622960190444 0.3029923671488028, 45.59837741865787 0.3010621730025819, 45.6031310330012 0.2991299009315515, 45.60788380378153 0.2971955548963116, 45.61263573156024 0.2952591388573222, 45.61738681689865 0.2933206567750466, 45.622137060358725 0.2913801126096124, 45.626886462513596 0.289437510314686, 45.63163502394657 0.2874928538380819, 45.636382745241356 0.2855461471274004, 45.6411296269816 0.283597394130242, 45.64587566975141 0.2816465987939773, 45.65062087414506 0.2796937650599752, 45.655365240767715 0.2777388968632131, 45.66010877022506 0.2757819981383604, 45.6648514631228 0.2738230728200839, 45.66959332006689 0.2718621248428972, 45.674334341672434 0.2698991581358103, 45.67907452856613 0.2679341766209312, 45.683813881375315 0.2659671842199313, 45.68855240072742 0.263998184854485, 45.69329008724994 0.2620271824461693, 45.69802694157863 0.2600541809115808, 45.70276296436126 0.2580791841599676, 45.707498156246665 0.2561021960999826, 45.71223251788355 0.2541232206402821, 45.71696604992085 0.2521422616894669, 45.72169875301456 0.2501593231516362, 45.72643062783322 0.2481744089230464, 45.73116167504666 0.2461875228991632, 45.735891895324684 0.2441986689754524, 45.74062128933711 0.2422078510473574, 45.745349857760104 0.2402150730064906, 45.750077601282776 0.2382203387365575, 45.75480452059588 0.2362236521202886, 45.75953061639014 0.2342250170404114, 45.76425588935631 0.2322244373796439, 45.76898034019049 0.2302219170172469, 45.77370396960182 0.2282174598239793, 45.778426778301515 0.2262110696693189, 45.78314876700068 0.2242027504227453, 45.78786993641052 0.2221925059537339, 45.79259028724667 0.2201803401287561, 45.79730982023792 0.2181662568054708, 45.802028536115486 0.2161502598399236, 45.80674643561063 0.214132353088164, 45.81146351945453 0.2121125404062383, 45.81617978838215 0.2100908256477146, 45.820895243141706 0.2080672126574358, 45.825609884484315 0.2060417052783222, 45.83032371316107 0.204014307353294, 45.835036729923075 0.2019850227252739, 45.83974893552453 0.1999538552351016, 45.84446033073269 0.1979208087148097, 45.84917091631819 0.1958858869941037, 45.853880693051714 0.1938490939026863, 45.858589661703945 0.1918104332702606, 45.86329782304807 0.1897699089248186, 45.86800517786998 0.1877275246856293, 45.872711726959665 0.1856832843691938, 45.877417471107066 0.1836371917920147, 45.882122411102145 0.1815892507705913, 45.88682654773689 0.1795394651200322, 45.89152988181554 0.1774878386468905, 45.8962324141471 0.1754343751544775, 45.900934145540496 0.1733790784461008, 45.905635076804685 0.1713219523250652, 45.910335208750226 0.1692630005935576, 45.915034542199464 0.167202227045458, 45.91973307798003 0.1651396354709021, 45.924430816919596 0.1630752296600075, 45.929127759845855 0.1610090134028945, 45.93382390758773 0.1589409904887986, 45.93851926098529 0.1568711646989607, 45.94321382088462 0.1547995398103694, 45.94790758813179 0.1527261195999714, 45.95260056357294 0.1506509078447134, 45.957292748055124 0.1485739083208622, 45.961984142435895 0.1464951247970668, 45.966674747579454 0.1444145610372079, 45.97136456435006 0.1423322208050958, 45.976053593612 0.1402481078645371, 45.98074183623025 0.1381622259788259, 45.985429293079584 0.1360745789040578, 45.990115965042015 0.1339851703910489, 45.99480185299971 0.1318940041904967, 45.99948695783483 0.1298010840530956, 46.004171280430036 0.1277064137291595, 46.00885482167711 0.1256099969622685, 46.01353758247556 0.1235118374902242, 46.01821956372517 0.1214119390506411, 46.02290076632574 0.1193103053811364, 46.0275811911774 0.1172069402190536, 46.032260839188616 0.115101847295499, 46.03693971127617 0.1129950303353469, 46.04161780835724 0.1108864930631979, 46.04629513134892 0.1087762392036523, 46.05097168116866 0.1066642724811344, 46.05564745874151 0.10455059661456, 46.06032246500145 0.1024352153164384, 46.06499670088294 0.1003181322989152, 46.0696701673205 0.0981993512741357, 46.074342865248774 0.0960788759541205, 46.07901479560906 0.0939567100454073, 46.083685959351776 0.0918328572471059, 46.08835635742796 0.0897073212578004, 46.09302599078864 0.0875801057760717, 46.09769486038496 0.085451214500427, 46.10236296717416 0.083320651124713, 46.107030312123044 0.0811884193354126, 46.11169689619932 0.07905452281836, 46.11636272037063 0.076918965259392, 46.12102778560475 0.0747817503443008, 46.12569209287476 0.0726428817546672, 46.1303556431636 0.0705023631643274, 46.135018437455265 0.0683601982462821, 46.13968047673378 0.0662163906735317, 46.144341761983156 0.0640709441190589, 46.14900229419212 0.0619238622521357, 46.15366207435948 0.0597751487340772, 46.1583211034853 0.0576248072251648, 46.162979382569745 0.0554728413856798, 46.16763691261287 0.0533192548758981, 46.172293694618865 0.0511640513528496, 46.17694972960212 0.0490072344654186, 46.18160501857858 0.0468488078612339, 46.18625956256418 0.0446887751879216, 46.19091336257489 0.0425271400931055, 46.19556641963013 0.0403639062216084, 46.200218734759616 0.0381990772100015, 46.204870308994884 0.0360326566933467, 46.209521143367525 0.0338646483067085, 46.21417123890906 0.0316950556851483, 46.21882059665406 0.0295238824613252, 46.22346921764725 0.0273511322596095, 46.22811710293557 0.0251768087025807, 46.23276425356598 0.0230009154128185, 46.23741067058541 0.0208234560129055, 46.24205635504329 0.0186444341233801, 46.246701307999174 0.0164638533565245, 46.251345530515145 0.014281717322528, 46.255989023653306 0.0120980296315799, 46.26063178847572 0.0099127938938722, 46.26527382604659 0.0077260137178786, 46.269915137439995 0.0055376927039382, 46.274555723732966 0.0033478344499855, 46.27919558600255 0.0011564425539516, 46.28383472532576 -0.0010364793862324, 46.288473142781356 -0.0032309277740862, 46.2931108394577 -0.0054268990211941, 46.29774781644646 -0.0076243895419191, 46.302384074839324 -0.0098233957506237, 46.30701961572796 -0.0120239140616736, 46.31165444020551 -0.0142259408905647, 46.31628854937463 -0.0164294726601258, 46.32092194434181 -0.0186345057961169, 46.325554626213524 -0.0208410367243018, 46.33018659609624 -0.0230490618704471, 46.334817855097604 -0.025258577661357, 46.339448404334014 -0.0274695805317208, 46.344078244925925 -0.0296820669198542, 46.348707377993776 -0.031896033264092, 46.35333580465802 -0.0341114760027664, 46.357963526040095 -0.0363283915750181, 46.36259054326998 -0.0385467764271879, 46.367216857482155 -0.0407666270093994, 46.37184246981115 -0.0429879397718129, 46.37646738139148 -0.0452107111645889, 46.38109159335845 -0.0474349376385391, 46.38571510685549 -0.0496606156513676, 46.39033792303093 -0.0518877416649041, 46.394960043033095 -0.0541163121410314, 46.39958146801041 -0.056346323541635, 46.40420219911181 -0.0585777723291253, 46.408822237494014 -0.0608106549724527, 46.41344158431895 -0.0630449679450129, 46.418060240748616 -0.0652807077202822, 46.42267820794504 -0.0675178707717398, 46.42729548707072 -0.0697564535732815, 46.43191207929545 -0.0719964526049835, 46.43652798579452 -0.0742378643516626, 46.44114320774344 -0.0764806852982561, 46.445757746317625 -0.078724911929698, 46.45037160269297 -0.0809705407312523, 46.454984778052115 -0.0832175681940045, 46.45959727358359 -0.0854659908140508, 46.4642090904761 -0.0877158050876541, 46.46882022991839 -0.0899670075110776, 46.473430693099466 -0.092219594580834, 46.4780404812147 -0.0944735627988942, 46.482649595465624 -0.0967289086724909, 46.48725803705401 -0.0989856287090684, 46.49186580718167 -0.1012437194160747, 46.49647290705056 -0.1035031773011466, 46.50107933786867 -0.105763998877005, 46.50568510085032 -0.1080261806618434, 46.51029019721016 -0.110289719174123, 46.51489462816289 -0.1125546109323082, 46.519498394923296 -0.1148208524550095, 46.52410149871173 -0.1170884402656064, 46.528703940755086 -0.1193573708932019, 46.533305722280694 -0.1216276408672365, 46.53790684451586 -0.1238992467171478, 46.54250730868801 -0.1261721849724799, 46.54710711602978 -0.1284464521670241, 46.55170626778065 -0.1307220448402181, 46.55630476518061 -0.132998959531894, 46.56090260946966 -0.1352771927818837, 46.56549980188784 -0.137556741130093, 46.57009634368001 -0.1398376011204555, 46.574692236097924 -0.142119769302829, 46.57928748039399 -0.1444032422275432, 46.5838820778205 -0.1466880164449315, 46.588476029629916 -0.1489740885053805, 46.59306933707895 -0.1512614549631803, 46.597662001431225 -0.1535501123789566, 46.60225402395102 -0.1558400573139123, 46.60684540590266 -0.1581312863292535, 46.61143614855044 -0.1604237959862233, 46.61602625316275 -0.1627175828494556, 46.62061572101518 -0.1650126434896526, 46.62520455338405 -0.1673089744781455, 46.62979275154573 -0.1696065723862624, 46.63438031677655 -0.1719054337853595, 46.638967250356615 -0.1742055552499559, 46.6435535535732 -0.1765069333607693, 46.64813922771447 -0.1788095646992416, 46.65272427406855 -0.1811134458468146, 46.657308693923646 -0.1834185733849432, 46.66189248857129 -0.1857249438979724, 46.6664756593104 -0.1880325539764404, 46.67105820744074 -0.1903414002116823, 46.67564013426214 -0.1926514791950379, 46.68022144107444 -0.1949627875178528, 46.684802129180575 -0.197275321774121, 46.689382199890844 -0.1995890785640244, 46.69396165451655 -0.2019040544886242, 46.69854049436903 -0.2042202461489854, 46.70311872075959 -0.206537650146178, 46.707696335002474 -0.2088562630836936, 46.71227333841919 -0.2111760815711849, 46.7168497323324 -0.2134971022192677, 46.721425518064756 -0.2158193216385553, 46.72600069693893 -0.2181427364396667, 46.73057527028028 -0.2204673432354343, 46.73514923942143 -0.2227931386447713, 46.73972260569627 -0.225120119287631, 46.74429537043873 -0.2274482817839667, 46.74886753498268 -0.22977762275373, 46.75343910066446 -0.2321081388189276, 46.75801006882757 -0.2344398266076406, 46.76258044081686 -0.2367726827490735, 46.76715021797716 -0.2391067038724307, 46.771719401653286 -0.2414418866069146, 46.77628799319246 -0.2437782275835342, 46.78085599394936 -0.2461157234390348, 46.78542340528018 -0.2484543708112958, 46.78999022854108 -0.2507941663382, 46.79455646508825 -0.2531351066576301, 46.79912211627984 -0.2554771884090996, 46.80368718348054 -0.2578204082376709, 46.80825166805648 -0.2601647627895825, 46.81281557137377 -0.2625102487110694, 46.817378894798495 -0.26485686264837, 46.821941639699276 -0.2672046012497692, 46.82650380745349 -0.2695534611709277, 46.8310653994406 -0.2719034390691722, 46.83562641704001 -0.2742545316018296, 46.840186861631146 -0.2766067354262233, 46.84474673459346 -0.2789600471996813, 46.849306037306334 -0.2813144635795272, 46.85386477114922 -0.2836699812230876, 46.858422937501544 -0.2860265967876893, 46.8629805377427 -0.2883843069306549, 45.41495127041441 -2.6541954669639827, 45.41099509323208 -2.651375965744869, 45.40703877934382 -2.6485566563412077, 45.40308232627859 -2.6457375422459872, 45.399125731565334 -2.6429186269521887, 45.39516899273299 -2.6400999139527963, 45.39121210731051 -2.637281406740794, 45.38725507282683 -2.6344631088091637, 45.383297886810915 -2.6316450236508926, 45.37934054679168 -2.628827154758961, 45.37538305029802 -2.6260095056265227, 45.37142539485398 -2.6231920797562838, 45.367467577976356 -2.6203748806654152, 45.36350959718138 -2.6175579118722934, 45.35955144998523 -2.6147411768952966, 45.355593133903916 -2.6119246792532413, 45.35163464644909 -2.60910842247401, 45.347675985128426 -2.606292410094026, 45.34371714744935 -2.60347664565004, 45.33975813091932 -2.600661132678801, 45.33579893304522 -2.597845874718352, 45.331839551327825 -2.595030875319504, 45.32787998326439 -2.592216138040374, 45.323920226352186 -2.5894016664391706, 45.31996027808847 -2.586587464074098, 45.316000135969254 -2.5837735345060016, 45.31203979748412 -2.5809598813097505, 45.30807926012048 -2.578146508064835, 45.30411852136575 -2.5753334183507532, 45.30015757870734 -2.572520615747005, 45.29619642963043 -2.569708103838067, 45.292235071613646 -2.56689588622285, 45.28827350213446 -2.5640839665028565, 45.28431171867032 -2.5612723482795894, 45.28034971869867 -2.5584610351546773, 45.27638749969332 -2.5556500307378394, 45.27242505912234 -2.5528393386518826, 45.26846239445323 -2.550028962520806, 45.26449950315357 -2.54721890596861, 45.260536382690596 -2.5444091726198725, 45.25657303052664 -2.5415997661106995, 45.25260944411945 -2.5387906900877346, 45.2486456209266 -2.5359819481980086, 45.244681558405716 -2.533173544088558, 45.24071725401365 -2.530365481408124, 45.23675270520111 -2.527557763819983, 45.232787909415734 -2.5247503949947387, 45.22882286410512 -2.5219433786030554, 45.224857566716885 -2.5191367183155955, 45.22089201469706 -2.5163304178068735, 45.21692620548509 -2.5135244807673778, 45.21296013651874 -2.5107189108917396, 45.208993805235814 -2.507913711874589, 45.20502720907402 -2.5051088874106027, 45.201060345468036 -2.50230444120204, 45.197093211846 -2.4995003769668838, 45.193125805635326 -2.496696698425075, 45.189158124263336 -2.4938934092965575, 45.185190165157266 -2.4910905133017125, 45.18122192573975 -2.4882880141725057, 45.17725340342852 -2.4854859156534097, 45.173284595641064 -2.4826842214895093, 45.169315499794884 -2.4798829354258936, 45.16534611330685 -2.4770820612092512, 45.161376433588075 -2.4742816026014944, 45.15740645804647 -2.471481563372961, 45.15343618408991 -2.4686819472940753, 45.14946560912628 -2.4658827581352623, 45.14549473056188 -2.4630839996711527, 45.141523545796275 -2.4602856756940263, 45.13755205222736 -2.457487790000801, 45.13358024725298 -2.4546903463883964, 45.129608128270974 -2.4518933486538, 45.12563569267603 -2.4490968006025002, 45.12166293785679 -2.4463007060564474, 45.11768986120123 -2.4435050688394724, 45.11371646009729 -2.4407098927754056, 45.10974273193267 -2.4379151816887488, 45.10576867409022 -2.4351209394176334, 45.10179428394812 -2.432327169812918, 45.09781955888444 -2.429533876725954, 45.09384449627722 -2.42674106400809, 45.08986909350364 -2.423948735513152, 45.085893347934615 -2.421156895112773, 45.08191725693832 -2.418365546686365, 45.077940817882904 -2.415574694113378, 45.07396402813654 -2.4127843412732615, 45.0699868850652 -2.4099944920517933, 45.0660093860284 -2.4072051503536036, 45.06203152838446 -2.4044163200868125, 45.05805330949164 -2.401628005159539, 45.054074726708194 -2.398840209480215, 45.05009577738824 -2.3960529369693426, 45.046116458880604 -2.393266191563242, 45.042136768533794 -2.3904799771993046, 45.03815670369624 -2.387694297814919, 45.03417626171587 -2.3849091573492007, 45.03019543993479 -2.38212455975893, 45.02621423569171 -2.3793405090112287, 45.0222326463253 -2.3765570090733505, 45.01825066917424 -2.373774063912551, 45.0142683015755 -2.3709916775014026, 45.01028554085953 -2.368209853832759, 45.00630238435529 -2.3654285969043016, 45.0023188293917 -2.36264791071371, 44.9983348732976 -2.3598677992588732, 44.994350513398025 -2.357088266549589, 44.99036574701208 -2.354309316613921, 44.98638057145836 -2.3515309534814843, 44.98239498405544 -2.34875318118189, 44.9784089821215 -2.3459760037462623, 44.97442256296955 -2.3431994252233492, 44.97043572390922 -2.3404234496732568, 44.96644846225016 -2.3376480811562845, 44.96246077530197 -2.3348733237327344, 44.95847266037261 -2.332099181468368, 44.95448411476357 -2.3293256584505677, 44.950495135774716 -2.3265527587720642, 44.94650572070595 -2.323780486525588, 44.94251586685706 -2.3210088458040974, 44.93852557152424 -2.3182378407130533, 44.934534831998285 -2.3154674753765048, 44.930543645569536 -2.312697753920019, 44.926552009528365 -2.3099286804691577, 44.922559921164556 -2.3071602591514138, 44.91856737776231 -2.3043924941140803, 44.914574376602516 -2.301625389516074, 44.91058091496603 -2.298858949516457, 44.90658699013373 -2.2960931782742993, 44.90259259938453 -2.2933280799554865, 44.89859773999119 -2.29056365874852, 44.894602409225115 -2.287799918846582, 44.89060660435775 -2.2850368644428545, 44.88661032266036 -2.2822744997309825, 44.88261356140022 -2.279512828919753, 44.878616317839665 -2.2767518562360163, 44.87461858924079 -2.2739915859076825, 44.87062037286568 -2.271232022162668, 44.866621665975586 -2.2684731692320095, 44.86262246582589 -2.265715031369168, 44.858622769669445 -2.2629576128373845, 44.85462257475902 -2.260200917899938, 44.850621878347454 -2.25744495082016, 44.84662067768497 -2.2546897158714327, 44.842618970016 -2.2519352173498906, 44.838616752584194 -2.2491814595547974, 44.83461402263321 -2.2464284467854116, 44.830610777406335 -2.243676183342243, 44.8266070141421 -2.240924673545334, 44.82260273007511 -2.2381739217301972, 44.81859792243991 -2.2354239322327696, 44.81459258847103 -2.23267470938899, 44.81058672540156 -2.229926257540815, 44.806580330458694 -2.2271785810549156, 44.802573400868084 -2.2244316843043106, 44.79856593385544 -2.2216855716620185, 44.79455792664632 -2.2189402475014743, 44.79054937646234 -2.2161957162122814, 44.78654028051995 -2.2134519822049428, 44.78253063603535 -2.2107090498913538, 44.778520440224646 -2.2079669236834074, 44.77450969030322 -2.205225607996469, 44.77049838348126 -2.2024851072699643, 44.76648651696671 -2.1997454259534908, 44.76247408796751 -2.197006568496683, 44.75846109369161 -2.194268539349277, 44.75444753134421 -2.1915313429732897, 44.75043339812525 -2.1887949838547396, 44.7464186912341 -2.1860594664824258, 44.74240340787007 -2.183324795345147, 44.73838754523207 -2.18059097493382, 44.73437110051402 -2.1778580097625695, 44.73035407090682 -2.1751259043598297, 44.7263364536013 -2.1723946632542415, 44.72231824578832 -2.1696642909744686, 44.71829944465672 -2.166934792058788, 44.714280047389934 -2.164206171071856, 44.710260051170444 -2.161478432582807, 44.70623945318076 -2.1587515811607747, 44.70221825060308 -2.156025621376235, 44.69819644061535 -2.1533005578213658, 44.694174020391934 -2.15057639510593, 44.69015098710717 -2.147853137840199, 44.68612733793532 -2.1451307906344423, 44.682103070049166 -2.1424093581068058, 44.67807818061618 -2.1396888449032336, 44.67405266680261 -2.1369692556757958, 44.67002652577471 -2.134250595076562, 44.66599975469856 -2.1315328677585543, 44.661972350736434 -2.128816078395445, 44.65794431104686 -2.126100231680936, 44.653915632788234 -2.1233853323095575, 44.649886313118934 -2.1206713849758354, 44.6458563491961 -2.1179583943812736, 44.641825738171775 -2.1152463652561155, 44.63779447719662 -2.1125353023379896, 44.633762563421364 -2.109825210364534, 44.62972999399656 -2.107116094074176, 44.6256967660693 -2.1044079582257, 44.62166287678291 -2.1017008075994736, 44.61762832328066 -2.098994646976903, 44.6135931027057 -2.0962894811393924, 44.60955721220012 -2.093585314875189, 44.605520648901106 -2.0908821530021457, 44.601483409944535 -2.088180000346124, 44.597445492466285 -2.085478861732991, 44.59340689360209 -2.0827787419894306, 44.58936761048445 -2.0800796459630697, 44.58532764024235 -2.0773815785236986, 44.58128698000465 -2.0746845445421687, 44.57724562690022 -2.071988548889331, 44.57320357805671 -2.0692935964435484, 44.569160830597085 -2.0665996921139587, 44.56511738164302 -2.063906840817581, 44.56107322831621 -2.061215047471438, 44.5570283677382 -2.0585243169936063, 44.55298279702724 -2.055834654324895, 44.54893651329842 -2.0531460644280157, 44.544889513666675 -2.050458552266569, 44.540841795246955 -2.047772122804158, 44.53679335515308 -2.045086781013229, 44.53274419049486 -2.042402531897102, 44.52869429838128 -2.039719380465833, 44.52464367592128 -2.0370373317294765, 44.52059232022362 -2.034356390699689, 44.51654022839372 -2.031676562413547, 44.51248739753438 -2.028997851928445, 44.50843382474827 -2.0263202643023495, 44.50437950713812 -2.0236438045932474, 44.50032444180517 -2.0209684778708166, 44.496268625846945 -2.018294289236165, 44.492212056360245 -2.0156212437956285, 44.48815473044191 -2.0129493466555393, 44.48409664518851 -2.0102786029249513, 44.480037797693214 -2.0076090177417028, 44.47597818504732 -2.0049405962609703, 44.47191780434203 -2.0022733436381666, 44.46785665266858 -1.9996072650288497, 44.46379472711645 -1.9969423656045553, 44.45973202477192 -1.9942786505670689, 44.455668542720865 -1.991616125121538, 44.45160427804921 -1.9889547944731114, 44.44753922784235 -1.9862946638318355, 44.443473389182486 -1.9836357384400927, 44.43940675915051 -1.98097802355338, 44.43533933482732 -1.9783215244272374, 44.43127111329373 -1.975666246317831, 44.42720209162857 -1.97301219450318, 44.42313226690816 -1.9703593742882177, 44.419061636208696 -1.9677077909795326, 44.41499019660634 -1.965057449883713, 44.41091794517653 -1.9624083563163432, 44.40684487899177 -1.9597605156274638, 44.40277099512386 -1.9571139331753755, 44.398696290644615 -1.9544686143183745, 44.39462076262568 -1.9518245644168095, 44.390544408136506 -1.949181788859742, 44.386467224244896 -1.9465402930573372, 44.38238920801862 -1.9439000824202497, 44.378310356525475 -1.9412611623592448, 44.37423066683209 -1.9386235383010795, 44.37015013600286 -1.9359872157053788, 44.36606876110191 -1.9333522000358108, 44.36198653919332 -1.9307184967560393, 44.357903467340876 -1.9280861113352392, 44.35381954260619 -1.925455049277252, 44.34973476205006 -1.9228253160993691, 44.34564912273331 -1.9201969173189108, 44.34156262171667 -1.9175698584542078, 44.337475256059534 -1.9149441450489746, 44.33338702281984 -1.9123197826735756, 44.329297919055485 -1.9096967768996398, 44.325207941824345 -1.907075133298808, 44.321117088183726 -1.9044548574555575, 44.317025355189266 -1.901835954990221, 44.31293273989637 -1.8992184315293519, 44.30883923936042 -1.8966022926995039, 44.30474485063657 -1.8939875441314948, 44.30064957077849 -1.8913741914909212, 44.29655339683916 -1.8887622404603397, 44.292456325871484 -1.8861516967224154, 44.2883583549284 -1.8835425659605405, 44.2842594810623 -1.8809348538821586, 44.28015970132488 -1.8783285662237497, 44.27605901276784 -1.8757237087235263, 44.271957412442895 -1.873120287119715, 44.2678548974014 -1.8705183071629643, 44.26375146469397 -1.8679177746413909, 44.25964711137097 -1.865318695350143, 44.25554183448283 -1.8627210750843672, 44.25143563107988 -1.8601249196436072, 44.24732849821201 -1.8575302348630236, 44.24322043292893 -1.854937026595057, 44.239111432280296 -1.8523453006922659, 44.23500149331577 -1.84975506300813, 44.23089061308492 -1.8471663194223769, 44.226778788637134 -1.8445790758440745, 44.222666017021844 -1.8419933381838358, 44.21855229528845 -1.839409112352308, 44.21443762048637 -1.8368264042749594, 44.21032198966529 -1.8342452199151007, 44.20620539987479 -1.8316655652419933, 44.20208784816453 -1.8290874462249034, 44.19796933158423 -1.8265108688393015, 44.19384984718409 -1.8239358390990232, 44.1897293920145 -1.821362363032551, 44.18560796312585 -1.8187904466683915, 44.18148555756855 -1.816220096036902, 44.177362172393735 -1.8136513171996518, 44.17323780465304 -1.8110841162441829, 44.16911245139816 -1.808518499258833, 44.164986109680775 -1.805954472332191, 44.1608587765532 -1.8033920415736042, 44.15673044906883 -1.8008312131282693, 44.15260112428119 -1.798271993144937, 44.148470799243796 -1.7957143877723571, 44.14433947101057 -1.7931584031702366, 44.14020713663707 -1.7906040455388865, 44.136073793179264 -1.7880513210880258, 44.13193943769303 -1.7855002360273755, 44.12780406723456 -1.7829507965712796, 44.12366767886182 -1.7804030089721503, 44.119530269633785 -1.7778568795011087, 44.11539183660935 -1.7753124144294035, 44.11125237684752 -1.772769620029719, 44.107111887409104 -1.7702285026051756, 44.10297036535655 -1.767689068487937, 44.0988278077524 -1.765151324011331, 44.094684211659214 -1.7626152755089082, 44.090539574140955 -1.7600809293351025, 44.08639389226415 -1.7575482918819225, 44.082247163095566 -1.7550173695452984, 44.07809938370198 -1.7524881687211633, 44.07395055115113 -1.7499606958175444, 44.06980066251396 -1.7474349572844146, 44.06564971486214 -1.7449109595808323, 44.06149770526735 -1.7423887091658639, 44.057344630801765 -1.7398682125045566, 44.05319048854115 -1.7373494761026287, 44.049035275562716 -1.7348325064827175, 44.04487898894368 -1.7323173101675116, 44.04072162576153 -1.729803893682184, 44.03656318309717 -1.7272922635869827, 44.03240365803398 -1.7247824264681166, 44.02824304765547 -1.72227438891241, 44.02408134904518 -1.7197681575074424, 44.019918559289614 -1.7172637388681065, 44.01575467547895 -1.7147611396436508, 44.01158969470366 -1.7122603664855047, 44.00742361405412 -1.7097614260452108, 44.0032564306231 -1.7072643249935089, 43.99908814150811 -1.7047690700417024, 43.99491874380728 -1.7022756679062518, 43.9907482346188 -1.6997841253036226, 43.986576611042295 -1.6972944489624473, 43.982403870182985 -1.6948066456551165, 43.97823000914729 -1.6923207221638534, 43.97405502504164 -1.6898366852708777, 43.9698789149735 -1.6873545417654012, 43.965701676056355 -1.6848742984792369, 43.961523305406025 -1.6823959622602351, 43.95734380013832 -1.6799195399562763, 43.95316315736962 -1.6774450384189779, 43.9489813742222 -1.6749724645390087, 43.94479844782181 -1.6725018252303103, 43.940614375294274 -1.6700331274071378, 43.93642915376567 -1.667566377985498, 43.93224278036757 -1.6651015839150372, 43.92805525223644 -1.6626387521756525, 43.92386656650892 -1.6601778897483177, 43.9196767203218 -1.6577190036146963, 43.915485710816625 -1.6552621007840234, 43.91129353514127 -1.6528071883019027, 43.90710019044404 -1.650354273216427, 43.902905673873285 -1.647903362575877, 43.89870998258135 -1.6454544634501065, 43.89451311372824 -1.643007582950048, 43.89031506447478 -1.6405627281912365, 43.88611583198184 -1.638119906289235, 43.88191541341346 -1.6356791243757847, 43.87771380594243 -1.6332403896267458, 43.87351100674301 -1.6308037092254308, 43.869307012989466 -1.6283690903551549, 43.86510182185852 -1.6259365402109576, 43.86089543053644 -1.6235060660332645, 43.85668783621182 -1.6210776750734757, 43.85247903607324 -1.61865137458299, 43.84826902731116 -1.616227171821568, 43.84405780712605 -1.6138050740939083, 43.83984537272173 -1.6113850887197547, 43.83563172130207 -1.6089672230188625, 43.83141685007227 -1.6065514843168849, 43.82720075624784 -1.604137879982793, 43.822983437048784 -1.6017264174048695, 43.81876488969516 -1.5993171039714829, 43.81454511140804 -1.5969099470751296, 43.81032409941873 -1.594504954149292, 43.80610185096444 -1.5921021326508946, 43.80187836328237 -1.5897014900371382, 43.79765363361053 -1.5873030337681033, 43.79342765919703 -1.5849067713421938, 43.78920043729711 -1.5825127102850778, 43.784971965166214 -1.5801208581230093, 43.78074224006031 -1.5777312223842392, 43.77651125924527 -1.5753438106326083, 43.772279019995466 -1.572958630462563, 43.76804551958551 -1.5705756894695455, 43.76381075529052 -1.568194995250402, 43.759574724395144 -1.5658165554349799, 43.75533742419387 -1.563440377686593, 43.75109885198158 -1.5610664696700474, 43.7468590050535 -1.5586948390511395, 43.742617880714256 -1.556325493526324, 43.73837547627947 -1.5539584408278384, 43.734131789065394 -1.55159368868994, 43.729886816388486 -1.5492312448476087, 43.72564055557447 -1.5468711170644804, 43.72139300396121 -1.544513313141796, 43.717144158887386 -1.5421578408833487, 43.712894017691845 -1.5398047080934758, 43.7086425777226 -1.5374539226035484, 43.70438983634089 -1.5351054922839193, 43.70013579090888 -1.5327594250079697, 43.69588043878899 -1.5304157286495141, 43.69162377735277 -1.5280744111081717, 43.68736580398592 -1.525735480323474, 43.68310651607539 -1.5233989442383793, 43.67884591100824 -1.5210648107962161, 43.674583986180835 -1.518733087965305, 43.67032073900459 -1.516403783754483, 43.666056166892325 -1.5140769061762924, 43.66179026725695 -1.5117524632436117, 43.65752303752097 -1.509430462993889, 43.653254475122765 -1.5071109135053182, 43.648984577502176 -1.5047938228599227, 43.64471334209923 -1.5024791991400681, 43.64044076636394 -1.500167050452694, 43.63616684776288 -1.4978573849454175, 43.63189158376418 -1.495550210769676, 43.62761497183616 -1.493245536077283, 43.62333700945774 -1.4909433690449996, 43.61905769412505 -1.488643717889858, 43.61477702333574 -1.4863465908325428, 43.61049499458767 -1.484051996094178, 43.60621160539018 -1.481759941921636, 43.60192685327021 -1.479470436601326, 43.597640735756215 -1.4771834884230182, 43.593353250376886 -1.474899105677038, 43.589064394673485 -1.4726172966806175, 43.584774166205165 -1.4703380697894224, 43.58048256253244 -1.4680614333620698, 43.57618958121619 -1.4657873957579084, 43.57189521983116 -1.4635159653647398, 43.56759947597005 -1.4612471506073033, 43.56330234722677 -1.4589809599127994, 43.55900383119574 -1.456717401709435, 43.55470392548681 -1.4544564844557486, 43.55040262772763 -1.452198216645266, 43.54609993554683 -1.4499426067734538, 43.5417958465738 -1.447689663337189, 43.53749035845518 -1.4454393948658408, 43.53318346885493 -1.4431918099213636, 43.528875175437776 -1.4409469170671312, 43.52456547586953 -1.4387047248685076, 43.520254367835356 -1.4364652419257316, 43.51594184903692 -1.434228476868733, 43.5116279171764 -1.4319944383283914, 43.50731256995763 -1.4297631349384168, 43.50299580510604 -1.4275345753698219, 43.498677620362336 -1.4253087683199661, 43.49435801346761 -1.423085722486765, 43.49003698216529 -1.420865446572141, 43.4857145242229 -1.4186479493176607, 43.48139063742161 -1.416433239487507, 43.47706531954276 -1.4142213258461265, 43.47273856837127 -1.4120122171636094, 43.46841038171841 -1.409805922251672, 43.464080757407174 -1.4076024499406412, 43.459749693260655 -1.405401809060937, 43.45541718710716 -1.4032040084508521, 43.45108323680335 -1.4010090569915963, 43.44674784021552 -1.39881696357893, 43.44241099520998 -1.3966277371086204, 43.43807269966054 -1.3944413864873104, 43.4337329514708 -1.3922579206647627, 43.42939174855181 -1.3900773486014273, 43.425049088814546 -1.3878996792577682, 43.42070497018073 -1.3857249216090253, 43.41635939060225 -1.3835530846722512, 43.41201234803634 -1.3813841774718476, 43.40766384044032 -1.3792182090323615, 43.40331386578624 -1.3770551883977729, 43.39896242207554 -1.3748951246510035, 43.39460950731317 -1.3727380268796243, 43.39025511950456 -1.3705839041717254, 43.385899256674506 -1.3684327656399489, 43.38154191687523 -1.366284620431551, 43.377183098161005 -1.3641394776963955, 43.37282279858725 -1.3619973465856863, 43.36846101623394 -1.3598582362803495, 43.36409774920522 -1.3577221559904558, 43.35973299560623 -1.3555891149272992, 43.3553667535446 -1.353459122304994, 43.350999021157655 -1.3513321873719686, 43.346629796602684 -1.3492083193995357, 43.34225907803728 -1.3470875276594214, 43.33788686362382 -1.3449698214285948, 43.33351315155896 -1.3428552100216709, 43.32913794005431 -1.3407437027697038, 43.32476122732154 -1.3386353090038172, 43.32038301158086 -1.3365300380640588, 43.31600329108954 -1.3344278993292888, 43.31162206411496 -1.3323289021889222, 43.30723932892452 -1.3302330560324045, 43.30285508379974 -1.3281403702632741, 43.29846932705933 -1.3260508543220735, 43.29408205702797 -1.3239645176553374, 43.28969327203069 -1.3218813697099108, 43.28530297041389 -1.3198014199528945, 43.280911150558204 -1.31772467788379, 43.2765178108473 -1.3156511530050083, 43.27212294966621 -1.3135808548201555, 43.26772656542931 -1.3115137928592506, 43.263328656579716 -1.3094499766781849, 43.2589292215618 -1.3073894158339356, 43.25452825882348 -1.3053321198865468, 43.25012576684958 -1.3032780984275028, 43.245721744146486 -1.3012273610667262, 43.24131618922089 -1.2991799174143728, 43.23690910058735 -1.2971357770869663, 43.23250047680257 -1.2950949497350577, 43.22809031643727 -1.293057445020506, 43.223678618062166 -1.2910232726051898, 43.21926538026307 -1.2889924421624916, 43.21485060166881 -1.2869649633986326, 43.21043428091586 -1.2849408460256606, 43.20601641664106 -1.282920099755913, 43.201597007506145 -1.280902734319629, 43.19717605221165 -1.2788887594750016, 43.192753549461514 -1.27687818498265, 43.1883294979616 -1.2748710206045273, 43.18390389645327 -1.2728672761266184, 43.179476743708605 -1.27086696135572, 43.175048038500705 -1.2688700860993176, 43.170617779608435 -1.2668766601685588, 43.16618596585502 -1.264886693402824, 43.16175259608439 -1.2629001956546286, 43.15731766914055 -1.2609171767765626, 43.15288118388058 -1.2589376466289905, 43.148443139209945 -1.2569616151010798, 43.14400353404532 -1.254989092088667, 43.13956236730364 -1.2530200874877246, 43.13511963792631 -1.2510546112078336, 43.13067534489964 -1.2490926731834806, 43.1262294872147 -1.2471342833518066, 43.121782063864366 -1.2451794516509038, 43.11733307387924 -1.243228188038293, 43.11288251632518 -1.2412805024897005, 43.10843039026939 -1.2393364049815572, 43.103976694785395 -1.2373959054932904, 43.09952142899541 -1.23545901402758, 43.09506459204444 -1.2335257405979732, 43.09060618307758 -1.2315960952180776, 43.086146201255424 -1.2296700879082887, 43.081684645791434 -1.2277477287122365, 43.07722151591038 -1.2258290276785146, 43.07275681083751 -1.223913994855905, 43.06829052982779 -1.2220026403051372, 43.06382267218324 -1.2200949741058253, 43.05935323721004 -1.2181910063392518, 43.05488222421745 -1.2162907470878304, 43.050409632559784 -1.2143942064504487, 43.04593546162553 -1.2125013945384706, 43.041459710803956 -1.2106123214635667, 43.03698237949443 -1.2087269973407182, 43.03250346715203 -1.2068454323031843, 43.02802297325095 -1.2049676364904933, 43.02354089726542 -1.2030936200422042, 43.01905723869351 -1.20122339310482, 43.01457199708829 -1.1993569658409018, 43.01008517201053 -1.1974943484152778, 43.005596763022766 -1.1956355509932148, 43.00110676972911 -1.1937805837506568, 42.99661519177672 -1.191929456874603, 42.992122028814734 -1.190082180552566, 42.98762728049983 -1.1882387649737132, 42.9831309465452 -1.1863992203397333, 42.97863302668995 -1.1845635568580444, 42.97413352067329 -1.1827317847360936, 42.96963242825505 -1.1809039141851638, 42.96512974925527 -1.1790799554277644, 42.96062548350489 -1.1772599186884423, 42.95611963083613 -1.1754438141919281, 42.95161219112131 -1.1736316521690522, 42.947103164281906 -1.1718234428580976, 42.94259255024235 -1.1700191964978015, 42.93808034893369 -1.1682189233276774, 42.933566560345106 -1.1664226335940562, 42.92905118449591 -1.1646303375468021, 42.924534221405686 -1.162842045435809, 42.920015671114136 -1.1610577675126474, 42.91549553372495 -1.1592775140342109, 42.91097380935448 -1.1575012952584434, 42.90645049812018 -1.1557291214433452, 42.90192560018125 -1.153961002848969, 42.8973991157491 -1.1521969497379354, 42.89287104503847 -1.1504369723730263, 42.88834138827124 -1.1486810810171362, 42.88381014573074 -1.1469292859340994, 42.87927731773143 -1.145181597388229, 42.87474290458809 -1.1434380256438421, 42.87020690663804 -1.1416985809648412, 42.865669324285314 -1.1399632736139123, 42.86113015794624 -1.1382321138535143, 42.85658940803874 -1.1365051119460228, 42.85204707502711 -1.134782278151403, 42.84750315942806 -1.1330636227268986, 42.84295766176097 -1.131349155929606, 42.838410582554644 -1.1296388880158297, 42.83386192240421 -1.127932829236202, 42.829311681933646 -1.1262309898388934, 42.82475986176715 -1.124533380072055, 42.82020646255711 -1.1228400101804785, 42.815651485023785 -1.1211508904008856, 42.81109492989738 -1.1194660309688134, 42.80653679791096 -1.1177854421193634, 42.801977089851825 -1.1161091340793703, 42.79741580655605 -1.1144371170682417, 42.79285294886141 -1.1127694013051193, 42.78828851761952 -1.1111059970065749, 42.78372251375388 -1.1094469143758205, 42.77915493821121 -1.1077921636117423, 42.77458579193872 -1.1061417549131285, 42.770015075921314 -1.1044956984704914, 42.76544279120949 -1.1028540044599415, 42.760868938860334 -1.101216683056148, 42.75629351993657 -1.099583744432352, 42.75171653556527 -1.0979551987455043, 42.747137986914495 -1.096331056142191, 42.74255787515298 -1.0947113267688287, 42.737976201471675 -1.0930960207654512, 42.733392967136446 -1.0914851482506123, 42.72880817342889 -1.0898787193383455, 42.72422182163235 -1.0882767441421368, 42.719633913081026 -1.0866792327591475, 42.71504444916742 -1.0850861952678301, 42.71045343128729 -1.0834976417456113, 42.705860860847814 -1.0819135822658468, 42.70126673933036 -1.0803340268755715, 42.69667106824584 -1.0787589856113582, 42.69207384910549 -1.0771884685096447, 42.6874750834565 -1.0756224855928755, 42.68287477291768 -1.0740610468556144, 42.67827291911638 -1.0725041622891218, 42.6736695236851 -1.0709518418824528, 42.669064588322335 -1.0694040955967226, 42.6644581147719 -1.0678609333738456, 42.659850104778464 -1.0663223651553595, 42.65524056010949 -1.0647884008723634, 42.650629482611045 -1.06325905041991, 42.64601687414619 -1.0617343236852765, 42.641402736579856 -1.060214230554794, 42.636787071831016 -1.0586987808881287, 42.63216988187878 -1.0571879845152559, 42.62755116870543 -1.0556818512645998, 42.622930934306446 -1.0541803909575609, 42.61830918075562 -1.0526836133741684, 42.61368591015519 -1.0511915282793394, 42.60906112460796 -1.0497041454376963, 42.604434826257894 -1.048221474590622, 42.599807017320856 -1.0467435254388489, 42.59517770001994 -1.0452703076790102, 42.59054687658548 -1.0438018310034196, 42.5859145493199 -1.0423381050610094, 42.58128072056732 -1.0408791394756707, 42.576645392672376 -1.0394249438709648, 42.57200856800893 -1.0379755278517973, 42.567370249030276 -1.0365309009723789, 42.56273043820307 -1.0350910727783946, 42.558089137997456 -1.033656052813151, 42.55344635094657 -1.0322258505774489, 42.5488020796378 -1.030800475535388, 42.54415632666037 -1.0293799371498609, 42.53950909462306 -1.0279642448698065, 42.534860386216565 -1.0265534080856882, 42.530210204153086 -1.0251474361726538, 42.525558551146275 -1.0237463385047463, 42.520905429962156 -1.022350124416617, 42.51625084343211 -1.0209588031937746, 42.51159479439162 -1.01957238411864, 42.50693728568872 -1.018190876463677, 42.50227832025123 -1.016814289438261, 42.49761790103805 -1.015442632227132, 42.49295603100868 -1.0140759140145779, 42.4882927131643 -1.012714143950173, 42.483627950580036 -1.0113573311220816, 42.478961746338506 -1.0100054846121778, 42.474294103530156 -1.0086586134955775, 42.46962502531957 -1.0073167267826801, 42.46495451491266 -1.0059798334478949, 42.460282575515855 -1.0046479424651655, 42.45560921036749 -1.0033210627792466, 42.450934422785366 -1.001999203262267, 42.446258216099466 -1.0006823727752534, 42.44158059364423 -0.9993705801749244, 42.43690155882077 -0.9980638342542946, 42.43222111508118 -0.9967621437577143, 42.427539265878785 -0.9954655174282985, 42.422856014690474 -0.9941739639855703, 42.41817136507505 -0.9928874920668166, 42.41348532060918 -0.9916061102914165, 42.40879788487191 -0.9903298272762757, 42.40410906150006 -0.9890586515788422, 42.39941885418967 -0.9877925916956208, 42.39472726663944 -0.9865316561203485, 42.390034302564885 -0.9852758533282697, 42.38533996576289 -0.9840251917050947, 42.38064426005487 -0.9827796796094719, 42.37594718926346 -0.9815393253987413, 42.37124875726035 -0.9803041373741874, 42.36654896798406 -0.9790741237610692, 42.3618478253777 -0.9778492927792278, 42.35714533339611 -0.976629652634754, 42.35244149607149 -0.9754152114418757, 42.347736317467806 -0.9742059772771746, 42.34302980164955 -0.9730019582165711, 42.338321952721515 -0.9718031622861747, 42.33361277486036 -0.970609597423143, 42.328902272250204 -0.9694212715554223, 42.3241904490829 -0.968238192600994, 42.31947730962221 -0.9670603683851824, 42.314762858170916 -0.9658878066829858, 42.310047099032325 -0.9647205152687468, 42.30533003654168 -0.9635585018739776, 42.30061167510934 -0.9624017741293003, 42.295892019156476 -0.9612503396508214, 42.29117107310916 -0.9601042060477987, 42.286448841458395 -0.9589633808387559, 42.28172532874116 -0.9578278714779175, 42.277000539495425 -0.9566976854181288, 42.27227447828349 -0.9555728300767946, 42.267547149743905 -0.9544533127603759, 42.26281855853008 -0.9533391407536805, 42.25808870929826 -0.9522303213371521, 42.2533576067617 -0.9511268617049154, 42.24862525568587 -0.950028768971933, 42.24389166083813 -0.9489360502502386, 42.23915682700375 -0.9478487126236915, 42.23442075904286 -0.9467667630579161, 42.2296834618353 -0.9456902084875289, 42.22494494026235 -0.9446190558446546, 42.220205199253776 -0.9435533119818301, 42.21546424379679 -0.9424929836571818, 42.21072207888187 -0.9414380776233517, 42.205978709512124 -0.9403886006114621, 42.201234140761876 -0.9393445592306837, 42.19648837773051 -0.938305960047281, 42.19174142551813 -0.9372728096262819, 42.18699328926449 -0.9362451144619255, 42.182243974170724 -0.9352228809390319, 42.17749348544319 -0.9342061154330475, 42.17274182829667 -0.9331948243037992, 42.167989008011475 -0.9321890137892794, 42.16323502989868 -0.9311886900702598, 42.15847989926979 -0.9301938593267709, 42.15372362146739 -0.9292045276785431, 42.148966201897686 -0.928220701121982, 42.144207645974674 -0.9272423856384128, 42.13944795911753 -0.9262695871986049, 42.13468714680373 -0.9253023116555881, 42.129925214547086 -0.9243405647887265, 42.125162167862044 -0.9233843523761895, 42.12039801228616 -0.9224336801474552, 42.115632753420805 -0.9214885536970209, 42.110866396878436 -0.9205489785961891, 42.1060989482744 -0.9196149604098245, 42.10133041327373 -0.9186865045931698, 42.09656079758303 -0.917763616509733, 42.09179010691024 -0.9168463015201972, 42.08701834697927 -0.9159345649483596, 42.08224552357591 -0.9150284119752644, 42.07747164250093 -0.9141278477474255, 42.07269670955647 -0.913232877408005, 42.067920730585136 -0.9123435060025565, 42.06314371147532 -0.9114597384660237, 42.058365658117914 -0.9105815797273864, 42.053586576414105 -0.909709034689564, 42.048806472322276 -0.9088421081107472, 42.04402535182053 -0.9079808046991757, 42.039243220887556 -0.9071251291617204, 42.03446008553294 -0.9062750861231059, 42.029675951814895 -0.9054306800791248, 42.02489082579586 -0.9045919155142894, 42.02010471354429 -0.9037587968962507, 42.01531762117894 -0.9029313285524546, 42.01052955484339 -0.9021095147408372, 42.00574052068155 -0.9012933597185491, 42.000950524859036 -0.9004828676794718, 41.99615957359047 -0.8996780426749421, 41.99136767309712 -0.8988788887367934, 41.986574829603434 -0.8980854098871898, 41.9817810493756 -0.8972976100179242, 41.976986338709814 -0.8965154929272962, 41.97219070390296 -0.8957390624115593, 41.967394151265864 -0.8949683222213154, 41.96259668715681 -0.8942032759520498, 41.95779831794414 -0.8934439271663352, 41.95299904999751 -0.892690279422401, 41.94819888971828 -0.8919423361682971, 41.94339784354144 -0.8912001007358359, 41.93859591790359 -0.8904635764512744, 41.93379311924915 -0.889732766611803, 41.92898945406519 -0.8890076743581091, 41.924184928852924 -0.8882883027784324, 41.91937955011398 -0.8875746549596619, 41.91457332437209 -0.8868667339019534, 41.90976625818651 -0.8861645424662838, 41.90495835811966 -0.8854680835010891, 41.9001496307378 -0.8847773598387697, 41.895340082642115 -0.8840923741654965, 41.89052972045241 -0.8834131290892218, 41.885718550788695 -0.8827396272170247, 41.880906580284496 -0.8820718710953097, 41.87609381560812 -0.8814098631137731, 41.87128026343347 -0.8807536056371507, 41.86646593043584 -0.880103101023158, 41.86165082331632 -0.8794583515043491, 41.85683494879822 -0.8788193592054737, 41.852018313605555 -0.878186126247756, 41.84720092446923 -0.8775586547161355, 41.84238278815101 -0.8769369465330058, 41.837563911421285 -0.8763210035752643, 41.832744301050795 -0.8757108277178459, 41.82792396382688 -0.8751064207400325, 41.823102906560656 -0.874507784284314, 41.818281136065075 -0.8739149199826594, 41.8134586591559 -0.8733278294490223, 41.80863548267276 -0.8727465141461657, 41.803811613467225 -0.8721709754613108, 41.79898705839092 -0.8716012147809697, 41.79416182430433 -0.871037233429354, 41.78933591809038 -0.8704790325724128, 41.784509346635474 -0.8699266133513378, 41.779682116826876 -0.8693799769007675, 41.77485423556742 -0.8688391242312523, 41.770025709773925 -0.8683040562424805, 41.76519654636368 -0.8677747738302405, 41.760366752257596 -0.8672512778576931, 41.75553633439436 -0.8667335690258083, 41.750705299718184 -0.8662216479852595, 41.74587365517345 -0.8657155153855138, 41.741041407712586 -0.8652151717895805, 41.736208564301556 -0.8647206176170017, 41.731375131907576 -0.8642318532738015, 41.726541117498876 -0.8637488791530323, 41.721706528054746 -0.8632716955057167, 41.716871370561336 -0.8628003024952453, 41.712035652004865 -0.8623347002837118, 41.70719937937453 -0.8618748889858152, 41.70236255966946 -0.8614208685549465, 41.69752519989096 -0.8609726389102121, 41.69268730704048 -0.8605301999677362, 41.68784888812419 -0.8600935515402087, 41.68300995015412 -0.8596626933127409, 41.67817050014267 -0.8592376249625677, 41.673330545102786 -0.858818346147871, 41.66849009205189 -0.8584048563768139, 41.66364914800952 -0.8579971550865418, 41.658807719995195 -0.8575952417136747, 41.653965815029295 -0.8571991156368541, 41.649123440134176 -0.8568087760795059, 41.64428060233264 -0.8564242222393592, 41.63943730864745 -0.8560454533096021, 41.634593566100996 -0.8556724683718477, 41.62974938171538 -0.8553052663920162, 41.62490476251268 -0.854943846330662, 41.62005971551451 -0.8545882071258272, 41.615214247739594 -0.8542383475647211, 41.610368366205456 -0.8538942663725857, 41.60552207792959 -0.8535559622742824, 41.600675389927275 -0.8532234339334014, 41.59582830920835 -0.8528966798647704, 41.59098084278185 -0.8525756985610771, 41.58613299765656 -0.8522604885101134, 41.58128478083535 -0.851951048088928, 41.57643619931522 -0.8516473755648489, 41.57158726009296 -0.851349469200514, 41.56673797016384 -0.8510573272365141, 41.56188833651293 -0.8507709477659198, 41.55703836612113 -0.8504903288212667, 41.55218806596936 -0.8502154684347724, 41.54733744303346 -0.849946364581657, 41.54248650427664 -0.8496830150918918, 41.537635256660025 -0.8494254177726466, 41.53278370714437 -0.8491735704272624, 41.52793186267969 -0.848927470756642, 41.523079730204365 -0.8486871163505619, 41.518227316656215 -0.848452504793228, 41.51337462897087 -0.8482236336515688, 41.50852167406721 -0.8480005003555798, 41.50366845885609 -0.847783102270069, 41.498814990248334 -0.8475714367594258, 41.49396127514829 -0.847365501142406, 41.48910732044021 -0.8471652925946985, 41.4842531330044 -0.8469708082640268, 41.479398719720834 -0.8467820452961844, 41.474544087455925 -0.8465990007514986, 41.469689243057296 -0.8464216715728541, 41.46483419337129 -0.8462500546946065, 41.45997894524236 -0.8460841470406292, 41.45512350549343 -0.8459239454140226, 41.45026788093366 -0.8457694465404881, 41.44541207837198 -0.8456206471444594, 41.440556104611446 -0.8454775439206, 41.43569996642808 -0.8453401334264524, 41.4308436705901 -0.8452084121801041, 41.42598722386564 -0.8450823766992275, 41.42113063300958 -0.8449620234402646, 41.416273904749524 -0.8448473487340732, 41.411417045809756 -0.8447383488961063, 41.40656006291361 -0.8446350202376601, 41.40170296276175 -0.8445373589746875, 41.39684575203236 -0.8444453612279504, 41.39198843740261 -0.8443590231140841, 41.38713102554594 -0.8442783407352346, 41.38227352310483 -0.8442033100732017, 41.377415936706356 -0.8441339270501809, 41.37255827297758 -0.8440701875879404, 41.36770053853606 -0.8440120875744371, 41.36284273996398 -0.8439596227704816, 41.357984883835165 -0.8439127889070027, 41.35312697672329 -0.8438715817143169, 41.34826902518364 -0.8438359968614587, 41.34341103573762 -0.8438060299047783, 41.33855301490305 -0.8437816763885239, 41.3336949691964 -0.8437629318528552, 41.32883690510552 -0.8437497917491092, 41.32397882909049 -0.8437422514425841, 41.319120747610285 -0.8437403062950488, 41.31426266711959 -0.843743951655888, 41.30940459403548 -0.843753182765674, 41.30454653475554 -0.8437679948085128, 41.299688495677174 -0.8437883829680304, 41.29483048318794 -0.8438143424010301, 41.28997250363258 -0.8438458681485687, 41.2851145633444 -0.8438829552204895, 41.28025666865658 -0.8439255986264261, 41.275398825883684 -0.8439737933287101, 41.27054104129813 -0.8440275341825949, 41.26568332116659 -0.8440868160286051, 41.26082567175489 -0.8441516337054069, 41.255968099299935 -0.8442219819825141, 41.251110610001675 -0.8442978555413441, 41.24625321005773 -0.8443792490575989, 41.24139590566293 -0.8444661572008458, 41.23653870297322 -0.8445585745532302, 41.23168160811558 -0.8446564956317563, 41.226824627216224 -0.8447599149518726, 41.22196776639491 -0.8448688270152593, 41.217111031724784 -0.844983226224927, 41.212254429258635 -0.8451031069408409, 41.2073979650492 -0.8452284635227877, 41.20254164513663 -0.8453592903054532, 41.19768547551065 -0.8454955815228464, 41.1928294621484 -0.8456373313837374, 41.18797361102687 -0.8457845340967527, 41.18311792810212 -0.8459371838309486, 41.178262419280756 -0.8460952746621665, 41.17340709046229 -0.8462588006528321, 41.16855194754562 -0.8464277558643211, 41.16369699639914 -0.8466021343035564, 41.15884224284642 -0.8467819298976521, 41.15398769270746 -0.8469671365673683, 41.14913335180042 -0.8471577482302566, 41.14427922590344 -0.8473537587365498, 41.139425320756814 -0.8475551618725895, 41.134571642099296 -0.8477619514221928, 41.129718195665376 -0.8479741211623202, 41.124864987141464 -0.8481916647933032, 41.12001202218386 -0.8484145759674591, 41.11515930644842 -0.8486428483363667, 41.11030684558303 -0.8488764755395833, 41.10545464518157 -0.8491154511351449, 41.10060271081546 -0.8493597686472291, 41.09575104805605 -0.8496094215999036, 41.09089966246173 -0.8498644034986589, 41.086048559533644 -0.8501247077672412, 41.08119774475721 -0.8503903278069207, 41.0763472236178 -0.8506612570189453, 41.071497001581506 -0.8509374887783657, 41.06664708405696 -0.8512190163826537, 41.061797476442294 -0.8515058331149901, 41.05694818413545 -0.8517979322583378, 41.05209921250786 -0.8520953070617203, 41.04725056687595 -0.8523979507036885, 41.04240225254926 -0.8527058563540221, 41.037554274836744 -0.8530190171817762, 41.032706639013625 -0.8533374263151121, 41.027859350304 -0.8536610768202524, 41.02301241392771 -0.8539899617582568, 41.01816583510325 -0.854324074188607, 41.01331961900847 -0.8546634071242413, 41.00847377077498 -0.8550079535250265, 41.003628295531826 -0.8553577063479384, 40.99878319840557 -0.8557126585472116, 40.99393848447607 -0.8560728030264444, 40.989094158782066 -0.8564381326446737, 40.98425022636091 -0.8568086402594157, 40.97940669224593 -0.8571843187240479, 40.974563561418556 -0.8575651608387946, 40.969720838824266 -0.8579511593670273, 40.964878529407834 -0.8583423070713763, 40.96003663810819 -0.8587385967088143, 40.95519516980821 -0.8591400209821094, 40.95035412935969 -0.8595465725638739, 40.945513521614004 -0.8599582441263955, 40.940673351414695 -0.8603750283347712, 40.93583362354619 -0.8607969178001015, 40.93099434276599 -0.8612239051089446, 40.926155513831496 -0.8616559828477365, 40.92131714149009 -0.8620931435943, 40.91647923042781 -0.8625353798737246, 40.911641785307474 -0.8629826841911489, 40.90680481079189 -0.8634350490516748, 40.901968311531675 -0.8638924669505408, 40.8971322921147 -0.864354930332109, 40.89229675710867 -0.8648224316243842, 40.88746171108127 -0.865294963255364, 40.88262715858602 -0.8657725176422423, 40.87779310411282 -0.8662550871538749, 40.87295955213387 -0.8667426641456025, 40.86812650712138 -0.8672352409727648, 40.86329397353151 -0.8677328099792727, 40.85846195575656 -0.8682353634634421, 40.85363045817289 -0.8687428937122199, 40.84879948515685 -0.8692553930125526, 40.84396904106732 -0.8697728536396924, 40.83913913019919 -0.8702952678261617, 40.83430975683279 -0.870822627794728, 40.8294809252484 -0.8713549257681573, 40.824652639707736 -0.8718921539576177, 40.81982490440861 -0.8724343045344098, 40.814997723535114 -0.8729813696612734, 40.81017110127134 -0.8735333415009469, 40.80534504178215 -0.8740902122050047, 40.80051954916854 -0.8746519738879281, 40.79569462751835 -0.8752186186565072, 40.79087028091934 -0.8757901386175277, 40.78604651343998 -0.8763665258673417, 40.78122332908483 -0.8769477724678838, 40.776400731845456 -0.8775338704740041, 40.7715787257133 -0.8781248119405495, 40.76675731466088 -0.878720588912899, 40.76193650259683 -0.8793211934045838, 40.757116293416445 -0.879926617422447, 40.75229669101495 -0.8805368529733315, 40.747477699269474 -0.8811518920557502, 40.74265932199323 -0.8817717266388638, 40.7378415629854 -0.8823963486853734, 40.73302442604511 -0.8830257501579795, 40.72820791495472 -0.883659923012292, 40.72339203343262 -0.8842988591770241, 40.7185767851821 -0.8849425505745109, 40.71376217390642 -0.885590989127087, 40.70894820329367 -0.886244166751271, 40.70413487696824 -0.8869020753391524, 40.69932219853778 -0.8875647067764112, 40.69451017160995 -0.8882320529487269, 40.68969879977918 -0.8889041057371938, 40.68488808657669 -0.8895808570009957, 40.68007803551486 -0.8902622985927791, 40.67526865010607 -0.8909484223651891, 40.670459933851596 -0.8916392201674205, 40.66565189019055 -0.8923346838293517, 40.66084452254045 -0.8930348051741398, 40.65603783431879 -0.8937395760249358, 40.6512318289341 -0.8944489882024349, 40.64642650973462 -0.8951630335106843, 40.641621880043466 -0.8958817037468281, 40.63681794318368 -0.8966049907079846, 40.63201470247152 -0.8973328861896375, 40.62721216116552 -0.8980653819733431, 40.62241032249504 -0.8988024698336194, 40.61760918968921 -0.8995441415449312, 40.612808765972304 -0.900290388880741, 40.60800905451454 -0.9010412036032934, 40.60321005845222 -0.9017965774677966, 40.59841178092109 -0.9025565022293496, 40.59361422505377 -0.9033209696425022, 40.58881739393351 -0.9040899714532105, 40.584021290604426 -0.9048634994006031, 40.5792259181095 -0.9056415452236188, 40.57443127948994 -0.9064241006609431, 40.569637377743405 -0.9072111574450982, 40.56484421582283 -0.9080027073022773, 40.56005179667913 -0.9087987419583868, 40.55526012326234 -0.9095992531392387, 40.55046919848571 -0.9104042325666164, 40.545679025212316 -0.9112136719568206, 40.5408896063017 -0.9120275630257582, 40.53610094461307 -0.9128458974893146, 40.53131304297616 -0.9136686670610811, 40.52652590416584 -0.9144958634503778, 40.52173953095095 -0.9153274783660597, 40.51695392610033 -0.9161635035169802, 40.51216909236079 -0.9170039306109684, 40.50738503242088 -0.9178487513531448, 40.50260174895963 -0.9186979574481873, 40.49781924465599 -0.9195515406007708, 40.49303752217399 -0.9204094925153352, 40.48825658411823 -0.9212718048953816, 40.48347643307868 -0.9221384694441783, 40.47869707164528 -0.9230094778649949, 40.47391850239869 -0.9238848218612379, 40.469140727862374 -0.9247644931371517, 40.464363750538176 -0.9256484833973005, 40.45958757292787 -0.9265367843462475, 40.45481219752815 -0.9274293876887847, 40.450037626783946 -0.9283262851320171, 40.445263863110156 -0.9292274683843935, 40.44049090892127 -0.9301329291543803, 40.435718766629506 -0.931042659150614, 40.430947438603454 -0.9319566500849754, 40.42617692717266 -0.932874893672253, 40.42140723466526 -0.9337973816273387, 40.41663836340867 -0.9347241056651983, 40.41187031569664 -0.9356550575042981, 40.40710309377549 -0.9365902288680377, 40.40233669988796 -0.9375296114801844, 40.397571136276696 -0.9384731970645207, 40.39280640516115 -0.9394209773479079, 40.38804250870721 -0.9403729440643261, 40.383279449073164 -0.9413290889487599, 40.37851722841733 -0.9422894037361932, 40.37375584888429 -0.9432538801638362, 40.368995312562994 -0.9442225099779123, 40.36423562152835 -0.9451952849269228, 40.35947677785526 -0.9461721967593705, 40.354718783611695 -0.9471532372250762, 40.349961640813824 -0.9481383980837444, 40.34520535145425 -0.9491276710995679, 40.34044991752553 -0.9501210480367626, 40.33569534101742 -0.9511185206601381, 40.330941623876576 -0.9521200807439598, 40.3261887680151 -0.9531257200700508, 40.321436775344196 -0.9541354304204441, 40.31668564777439 -0.9551492035773378, 40.31193538718466 -0.9561670313307212, 40.30718599540936 -0.9571889054816468, 40.30243747427935 -0.9582148178320092, 40.297689825625525 -0.9592447601837135, 40.292943051259456 -0.9602787243439826, 40.2881971529413 -0.9613167021342018, 40.28345213242279 -0.9623586853780877, 40.27870799145567 -0.9634046658993554, 40.27396473178214 -0.9644546355246005, 40.26922235509315 -0.9655085860959913, 40.26448086306234 -0.966566509460937, 40.259740257363354 -0.9676283974668509, 40.25500053966628 -0.968694241962329, 40.25026171159752 -0.9697640348104359, 40.24552377475428 -0.9708377678839186, 40.24078673073327 -0.9719154330557007, 40.23605058113034 -0.9729970221989901, 40.23131532751015 -0.9740825271982274, 40.2265809713963 -0.975171939952576, 40.221847514309644 -0.9762652523621982, 40.217114957770974 -0.9773624563272674, 40.212383303283225 -0.9784635437548779, 40.207652552300715 -0.9795685065709292, 40.20292270626959 -0.980677336704482, 40.19819376663599 -0.9817900260845953, 40.19346573483837 -0.9829065666435173, 40.18873861226758 -0.9840269503332312, 40.18401240029622 -0.9851511691132676, 40.179287100296925 -0.986279214943173, 40.174562713640015 -0.9874110797834887, 40.16983924165801 -0.9885467556114821, 40.16511668565204 -0.9896862344182793, 40.16039504692232 -0.9908295081954244, 40.1556743267688 -0.9919765689345827, 40.15095452646763 -0.9931274086385894, 40.14623564725224 -0.9942820193303448, 40.1415176903516 -0.9954403930348442, 40.1368006569947 -0.9966025217770834, 40.13208454839962 -0.9977683975874514, 40.12736936573783 -0.9989380125195352, 40.122655110168225 -1.0001113586331556, 40.11794178284972 -1.0012884279881304, 40.113229384937824 -1.0024692126460444, 40.10851791754863 -1.003653704689186, 40.10380738177259 -1.0048418962132881, 40.09909777869971 -1.0060337793143135, 40.09438910941954 -1.0072293460884745, 40.089681374996076 -1.008428588646078, 40.084974576454826 -1.0096314991187076, 40.08026871481807 -1.0108380696397077, 40.075563791108074 -1.0120482923424257, 40.07085980633562 -1.0132621593668958, 40.06615676146707 -1.01447966287886, 40.06145465745818 -1.0157007950502412, 40.05675349526465 -1.0169255480529629, 40.05205327583893 -1.0181539140609714, 40.0473540000956 -1.0193858852711428, 40.04265566892543 -1.0206214538948628, 40.03795828321874 -1.021860612143743, 40.03326184386556 -1.0231033522296316, 40.02856635173239 -1.0243496663792648, 40.02387180764867 -1.025599546842934, 40.01917821244055 -1.0268529858730162, 40.014485566934184 -1.028109975721886, 40.0097938719462 -1.0293705086482359, 40.00510312825124 -1.0306345769385528, 40.00041333661242 -1.0319021728869642, 39.99572449779286 -1.0331732887876008, 39.991036612553415 -1.0344479169361427, 39.986349681621576 -1.0357260496513194, 39.98166370569924 -1.037007679269525, 39.97697868548765 -1.0382927981276031, 39.972294621687944 -1.0395813985624796, 39.96761151498307 -1.0408734729241405, 39.96292936601823 -1.0421690135896515, 39.95824817543398 -1.0434680129394431, 39.953567943870844 -1.0447704633539467, 39.94888867196347 -1.046076357218011, 39.94421036030814 -1.0473856869450815, 39.939533009485885 -1.0486984449599999, 39.9348566200777 -1.0500146236876362, 39.93018119266371 -1.051334215553537, 39.92550672779795 -1.0526572130034209, 39.920833226004675 -1.0539836085060965, 39.91616068780647 -1.0553133945316386, 39.91148911372593 -1.0566465635501248, 39.906818504274746 -1.0579831080403839, 39.90214885992654 -1.0593230205117887, 39.89748018114666 -1.060666293480368, 39.89281246840046 -1.0620129194621477, 39.88814572215089 -1.0633628909751396, 39.883479942829645 -1.064716200563338, 39.8788151308464 -1.0660728407890043, 39.87415128661037 -1.0674328042147823, 39.86948841053072 -1.0687960834033932, 39.86482650300056 -1.0701626709313417, 39.86016556437856 -1.0715325594047098, 39.85550559501899 -1.0729057414334044, 39.85084659527609 -1.0742822096273315, 39.84618856549976 -1.075661956600252, 39.84153150600623 -1.077044974995843, 39.83687541709598 -1.0784312574717678, 39.8322202990694 -1.0798207966857707, 39.8275661522265 -1.0812135852959304, 39.822912976847306 -1.0826096159786824, 39.81826077318188 -1.0840088814379045, 39.81360954147787 -1.0854113743797205, 39.808959281982915 -1.0868170875102559, 39.80430999493837 -1.0882260135415749, 39.79966168055166 -1.0896381452178583, 39.79501433901877 -1.091053475294098, 39.79036797053571 -1.092471996525293, 39.785722575297726 -1.0938937016671626, 39.78107815347761 -1.0953185834973171, 39.77643470522226 -1.0967466348186725, 39.77179223067712 -1.0981778484355513, 39.767150729987605 -1.0996122171522793, 39.762510203291384 -1.101049733780986, 39.757870650693185 -1.1024903911669364, 39.753232072288945 -1.103934182164191, 39.748594468174645 -1.1053810996268065, 39.74395783844518 -1.1068311364099321, 39.73932218317204 -1.1082842853929502, 39.73468750240377 -1.1097405394790296, 39.73005379618792 -1.111199891572339, 39.725421064572046 -1.112662334577048, 39.720789307595176 -1.1141278614064078, 39.7161585252649 -1.1155964650073302, 39.711528717581444 -1.117068138334523, 39.70689988454503 -1.1185428743426904, 39.70227202615475 -1.120020665987834, 39.69764514238644 -1.1215015062513038, 39.693019233194796 -1.1229853881375733, 39.68839429853371 -1.1244723046519651, 39.68377033835712 -1.125962248799804, 39.67914735261051 -1.1274552135958689, 39.67452534120931 -1.1289511920888806, 39.66990430406214 -1.130450177335166, 39.66528424107766 -1.1319521623910511, 39.66066515216343 -1.133457140314127, 39.65604703720503 -1.134965104187428, 39.651429896067604 -1.1364760471175883, 39.646813728615555 -1.1379899622121363, 39.64219853471331 -1.1395068425785975, 39.637584314217776 -1.141026681333402, 39.63297106695703 -1.1425494716272329, 39.628358792752245 -1.1440752066190096, 39.62374749142459 -1.1456038794676535, 39.619137162794395 -1.147135483333088, 39.61452780666207 -1.1486700113995607, 39.60991942280747 -1.150207456876391, 39.60531201100953 -1.1517478129740466, 39.60070557104715 -1.1532910729029933, 39.59610010269326 -1.154837229881215, 39.591495605693346 -1.156386277161044, 39.58689207978505 -1.1579382080046143, 39.582289524706034 -1.1594930156740633, 39.577687940193485 -1.1610506934321412, 39.57308732596747 -1.1626112345635553, 39.5684876817267 -1.1641746323804747, 39.56388900716854 -1.165740880196797, 39.55929130199035 -1.1673099713264234, 39.554694565885235 -1.1688818990888419, 39.550098798520764 -1.1704566568372066, 39.545503999554946 -1.1720342379372224, 39.540910168645816 -1.1736146357546153, 39.5363173054512 -1.1751978436553594, 39.531725409615376 -1.1767838550237282, 39.52713448076006 -1.1783726632744325, 39.5225445185049 -1.1799642618250572, 39.51795552246948 -1.181558644093189, 39.51336749227087 -1.1831558034999305, 39.508780427503346 -1.184755733497931, 39.50419432774914 -1.1863584275564978, 39.49960919259038 -1.1879638791450866, 39.49502502160916 -1.1895720817331934, 39.490441814378045 -1.1911830288038745, 39.48585957044608 -1.1927967138734314, 39.48127828935885 -1.1944131304631718, 39.47669797066188 -1.1960322720944017, 39.47211861389957 -1.1976541322901477, 39.467540218597385 -1.1992787046008788, 39.46296278426565 -1.2009059825990913, 39.45838631041421 -1.2025359598579026, 39.45381079655299 -1.204168629950432, 39.449236242186174 -1.2058039864582517, 39.44466264679473 -1.207442022997424, 39.440090009853776 -1.2090827331928078, 39.4355183308384 -1.2107261106692613, 39.43094760922331 -1.21237214905217, 39.426377844469314 -1.2140208419881613, 39.42180903601882 -1.2156721831518387, 39.41724118331298 -1.2173261662197108, 39.41267428579296 -1.2189827848682895, 39.40810834289719 -1.22064203277829, 39.40354335404345 -1.2223039036627188, 39.39897931863983 -1.2239683912495491, 39.394416236094436 -1.2256354892668357, 39.389854105815324 -1.227305191442679, 39.38529292720196 -1.2289774915188376, 39.380732699633235 -1.2306523832699219, 39.37617342248496 -1.2323298604753832, 39.37161509513298 -1.234009916914673, 39.36705771695227 -1.235692546368669, 39.36250128730177 -1.2373777426444237, 39.357945805526356 -1.2390654995719155, 39.35339127097049 -1.2407558109818968, 39.348837682978605 -1.2424486707051239, 39.34428504089116 -1.2441440725790025, 39.33973334402843 -1.2458420104747778, 39.33518259170432 -1.2475424782744278, 39.33063278323266 -1.2492454698599333, 39.326083917927264 -1.250950979113465, 39.3215359950918 -1.2526589999342277, 39.316989014012144 -1.2543695262517498, 39.31244297397226 -1.2560825519986887, 39.30789787425609 -1.2577980711077015, 39.3033537141464 -1.2595160775136167, 39.29881049290971 -1.261236565179582, 39.29426820980122 -1.2629595280885806, 39.28972686407588 -1.2646849602240011, 39.28518645498865 -1.2664128555692349, 39.28064698179001 -1.2681432081156319, 39.2761084437116 -1.2698760118881545, 39.27157083998012 -1.271611260920636, 39.267034169822224 -1.273348949246911, 39.26249843246443 -1.2750890709010865, 39.2579636271233 -1.276831619935441, 39.25342975299941 -1.278576590431403, 39.248896809291914 -1.2803239764730265, 39.24436479519995 -1.282073772144366, 39.23983370992143 -1.2838259715317784, 39.23530355263908 -1.2855805687499076, 39.230774322525434 -1.2873375579324136, 39.22624601875287 -1.2890969332133086, 39.2217186404937 -1.2908586887266065, 39.21719218691626 -1.2926228186139863, 39.2126666571715 -1.2943893170502212, 39.20814205040571 -1.2961581782190155, 39.203618365765166 -1.2979293963040728, 39.199095602396 -1.2997029654892955, 39.19457375943572 -1.3014788799754735, 39.19005283600674 -1.303257133992771, 39.18553283122998 -1.3050377217742901, 39.18101374422632 -1.3068206375531375, 39.17649557411577 -1.3086058755641745, 39.17197832000509 -1.3103934300686784, 39.16746198099076 -1.3121832953483326, 39.16294655616899 -1.3139754656853493, 39.15843204463604 -1.3157699353619405, 39.153918445485154 -1.3175666986662393, 39.14940575779392 -1.319365749918442, 39.14489398063455 -1.321167083449547, 39.140383113079245 -1.3229706935905627, 39.135873154200226 -1.3247765746725526, 39.131364103063135 -1.3265847210400723, 39.12685595871894 -1.3283951270683598, 39.12234872021651 -1.3302077871368923, 39.11784238660471 -1.3320226956251482, 39.11333695693202 -1.3338398469134922, 39.108832430236305 -1.33565923540473, 39.1043288055443 -1.3374808555253472, 39.09982608188219 -1.3393047017029638, 39.09532425827616 -1.3411307683651938, 39.09082333375079 -1.3429590499431328, 39.08632330731711 -1.3447895408972907, 39.08182417797929 -1.3466222357029691, 39.07732594474147 -1.348457128835585, 39.072828606607764 -1.3502942147705557, 39.06833216257844 -1.3521334879919409, 39.063836611639424 -1.3539749430153738, 39.059341952773416 -1.355818574363691, 39.0548481849631 -1.3576643765597312, 39.0503553071911 -1.3595123441265353, 39.04586331843287 -1.361362471603471, 39.04137221765157 -1.3632147535579557, 39.03688200380921 -1.3650691845601715, 39.03239267586776 -1.366925759180298, 39.02790423278862 -1.368784471989823, 39.0234166735228 -1.3706453175839712, 39.01892999701223 -1.3725082905786468, 39.01444420219853 -1.374373385590449, 39.00995928802337 -1.3762405972359777, 39.00547525342664 -1.3781099201358358, 39.000992097335896 -1.3799813489399224, 38.99650981867316 -1.381854878311142, 38.99202841636043 -1.3837305029124543, 38.98754788931968 -1.3856082174068227, 38.98306823646929 -1.3874880164659944, 38.978589456714914 -1.3893698947922277, 38.97411154895948 -1.3912538470944074, 38.96963451210588 -1.3931398680814133, 38.96515834505697 -1.3950279524623042, 38.96068304670934 -1.3969180949615048, 38.95620861594851 -1.3988102903306465, 38.951735051658886 -1.4007045333241543, 38.94726235272485 -1.4026008186964494, 38.942790518030364 -1.404499141202972, 38.93831954645067 -1.4063994956211812, 38.933849436852505 -1.4083018767497673, 38.929380188102286 -1.410206279388284, 38.924911799066415 -1.4121126983362857, 38.920444268610126 -1.4140211283963129, 38.91597759558811 -1.4159315643980315, 38.911511778849345 -1.4178440011855813, 38.90704681724279 -1.4197584336032385, 38.90258270961742 -1.4216748564952766, 38.89811945481972 -1.423593264712375, 38.89365705168498 -1.4255136531346577, 38.889195499045194 -1.4274360166507085, 38.88473479573242 -1.4293603501491132, 38.88027494057864 -1.4312866485184872, 38.875815932411605 -1.4332149066588362, 38.871357770048526 -1.4351451194983462, 38.866900452305 -1.4370772819694833, 38.86244397799663 -1.4390113890047151, 38.857988345938864 -1.4409474355368668, 38.85353355494093 -1.4428854165158214, 38.84907960380315 -1.444825326915662, 38.8446264913252 -1.446767161712315, 38.84017421630672 -1.4487109158817026, 38.83572277754694 -1.4506565844010324, 38.83127217383706 -1.4526041622697925, 38.82682240396149 -1.4545536445063487, 38.82237346670448 -1.4565050261296673, 38.817925360850225 -1.4584583021587147, 38.81347808518188 -1.4604134676154885, 38.80903163847339 -1.4623705175480781, 38.804586019494 -1.4643294470178687, 38.800141227012915 -1.4662902510863547, 38.795697259799354 -1.4682529248150298, 38.79125411662053 -1.47021746327121, 38.78681179623413 -1.4721838615503278, 38.782370297394976 -1.474152114756289, 38.77792961885786 -1.4761222179929978, 38.77348975937758 -1.4780941663643719, 38.76905071770568 -1.480067954983884, 38.76461249258447 -1.482043578992184, 38.760175082754586 -1.4840210335347217, 38.755738486956695 -1.4860003137569482, 38.75130270393142 -1.4879814148044719, 38.7468677324147 -1.4899643318368676, 38.74243357113437 -1.4919490600382777, 38.738000218817426 -1.493935594595336, 38.73356767419083 -1.4959239306946808, 38.729135935981404 -1.497914063523573, 38.724705002909985 -1.4999059882875705, 38.72027487369074 -1.5018997002130132, 38.71584554703743 -1.50389519452736, 38.711417021663884 -1.5058924664580753, 38.706989296283346 -1.5078915112341482, 38.70256236960218 -1.5098923241065294, 38.69813624032147 -1.511894900342632, 38.69371090714222 -1.5138992352102687, 38.68928636876541 -1.5159053239772489, 38.684862623891114 -1.5179131619143376, 38.68043967121176 -1.519922744316925, 38.67601750941593 -1.52193406649263, 38.67159613719224 -1.5239471237491655, 38.667175553229264 -1.5259619113942433, 38.662755756214096 -1.5279784247405213, 38.658336744825924 -1.5299966591266443, 38.65391851774131 -1.5320166098997572, 38.649501073636856 -1.5340382724070052, 38.645084411189174 -1.536061641995542, 38.64066852907258 -1.5380867140200423, 38.636253425953704 -1.540113483861078, 38.63183910049753 -1.5421419469047808, 38.62742555136904 -1.5441720985372813, 38.623012777233164 -1.5462039341447515, 38.61860077675181 -1.5482374491238953, 38.61418954857973 -1.5502726388958858, 38.609779091370626 -1.5523094988853672, 38.60536940377822 -1.5543480245169838, 38.60096048445624 -1.5563882112155765, 38.59655233205441 -1.558430054419609, 38.59214494521618 -1.5604735495897497, 38.587738322584414 -1.5625186921887078, 38.58333246280198 -1.5645654776791953, 38.57892736451154 -1.5666139015244485, 38.57452302635118 -1.5686639592042042, 38.570119446953534 -1.5707156462176095, 38.56571662495089 -1.5727689580649227, 38.56131455897558 -1.5748238902463996, 38.55691324765961 -1.5768804382633643, 38.5525126896298 -1.5789385976362655, 38.54811288350852 -1.5809983639020992, 38.54371382791796 -1.583059732598406, 38.53931552148031 -1.5851226992627234, 38.53491796281732 -1.5871872594344114, 38.53052115054499 -1.5892534086738888, 38.52612508327577 -1.5913211425551261, 38.52172975962202 -1.5933904566523216, 38.51733517819606 -1.5954613465396725, 38.51294133760955 -1.5975338077941588, 38.508548236468094 -1.5996078360151451, 38.50415587337449 -1.6016834268127802, 38.49976424693149 -1.6037605757972795, 38.49537335574183 -1.605839278578861, 38.490983198407264 -1.607919530771737, 38.4865937735235 -1.6100013280134393, 38.48220507968414 -1.6120846659499437, 38.47781711548275 -1.614169540227233, 38.473429879512885 -1.6162559464912925, 38.469043370366784 -1.6183438803934804, 38.46465758663073 -1.6204333376086164, 38.46027252688939 -1.6225243138179286, 38.45588818972742 -1.6246168047026452, 38.451504573729515 -1.6267108059439945, 38.44712167747862 -1.6288063132301225, 38.44273949955201 -1.6309033222722449, 38.43835803852575 -1.633001828786376, 38.43397729297591 -1.6351018284885346, 38.42959726147858 -1.637203317094757, 38.42521794260776 -1.6393062903296078, 38.42083933493206 -1.6414107439398586, 38.41646143701928 -1.6435166736758464, 38.41208424743718 -1.6456240752879063, 38.40770776475352 -1.6477329445264395, 38.40333198753364 -1.6498432771519722, 38.39895691433793 -1.651955068946069, 38.39458254372612 -1.654068315692919, 38.39020887425799 -1.6561830131767095, 38.38583590449323 -1.6582991571817782, 38.381463632988854 -1.6604167435040877, 38.37709205829732 -1.6625357679592996, 38.37272117897062 -1.6646562263649856, 38.36835099356075 -1.6667781145387177, 38.363981500619666 -1.6689014282983432, 38.35961269869633 -1.671026163474695, 38.3552445863356 -1.6731523159168935, 38.35087716208198 -1.6752798814754277, 38.34651042448001 -1.6774088560007934, 38.342144372074095 -1.6795392353439254, 38.337779003405515 -1.6816710153699312, 38.333414317011794 -1.6838041919607658, 38.32905031143021 -1.6859387609993646, 38.32468698519805 -1.6880747183686602, 38.3203243368525 -1.690212059952234, 38.31596236492745 -1.69235078164896, 38.31160106795346 -1.6944908793732738, 38.30724044446099 -1.6966323490403104, 38.30288049298043 -1.6987751865652005, 38.298521212042054 -1.7009193878639368, 38.29416260017261 -1.703064948868419, 38.289804655895786 -1.7052118655245758, 38.28544737773518 -1.7073601337788205, 38.28109076421436 -1.709509749577565, 38.276734813856706 -1.7116607088683278, 38.27237952518209 -1.713813007615345, 38.268024896707665 -1.715966641795789, 38.26367092695058 -1.7181216073871706, 38.259317614427914 -1.7202779003669988, 38.25496495765654 -1.7224355167141423, 38.250612955149755 -1.7245944524246533, 38.246261605418454 -1.7267547035064015, 38.2419109069735 -1.728916265967486, 38.23756085832573 -1.7310791358160047, 38.23321145798568 -1.7332433090616628, 38.228862704460376 -1.7354087817317112, 38.22451459625465 -1.7375755498642298, 38.22016713187331 -1.7397436094974572, 38.21582030982119 -1.7419129566696308, 38.21147412860274 -1.7440835874208303, 38.207128586718916 -1.7462554978089107, 38.20278368266874 -1.7484286839016774, 38.19843941495121 -1.7506031417670496, 38.19409578206531 -1.7527788674729445, 38.18975278250964 -1.754955857089337, 38.18541041477938 -1.7571341067040944, 38.18106867736791 -1.7593136124142787, 38.17672756876861 -1.761494370317025, 38.17238708747487 -1.763676376509472, 38.168047231979635 -1.7658596270910112, 38.163708000772516 -1.7680441181789421, 38.15936939234149 -1.7702298458991153, 38.155031405174526 -1.7724168063774344, 38.15069403775961 -1.7746049957398005, 38.14635728858426 -1.7767944101145332, 38.142021156132735 -1.7789850456477987, 38.137685638887774 -1.7811768984937655, 38.133350735332144 -1.7833699648066426, 38.12901644394863 -1.7855642407406338, 38.124682763219504 -1.7877597224524922, 38.12034969162388 -1.789956406116717, 38.11601722763953 -1.7921542879153662, 38.11168536974419 -1.7943533640305267, 38.107354116415614 -1.7965536306442866, 38.103023466131084 -1.7987550839413748, 38.09869341736486 -1.8009577201241724, 38.0943639685899 -1.8031615354022843, 38.090035118279204 -1.805366525985336, 38.085706864905724 -1.8075726880829552, 38.081379206942 -1.8097800179074306, 38.077052142857454 -1.8119885116882684, 38.07272567112031 -1.8141981656618382, 38.0683997901988 -1.8164089760645223, 38.06407449856114 -1.8186209391327062, 38.059749794675085 -1.8208340511054688, 38.05542567700554 -1.8230483082390165, 38.05110214401627 -1.8252637067962703, 38.046779194171 -1.827480243040167, 38.0424568259335 -1.8296979132336397, 38.038135037767084 -1.8319167136422836, 38.03381382813228 -1.834136640548514, 38.029493195488506 -1.836357690241301, 38.02517313829521 -1.8385798590096336, 38.0208536550118 -1.8408031431424985, 38.01653474409729 -1.8430275389314763, 38.012216404008036 -1.8452530426846752, 38.00789863319929 -1.8474796507166882, 38.00358143012631 -1.8497073593421252, 37.99926479324439 -1.8519361648755948, 37.9949487210084 -1.8541660636342001, 37.99063321187063 -1.8563970519512378, 37.98631826428237 -1.8586291261664807, 37.98200387669488 -1.860862282619711, 37.97769004755944 -1.8630965176507182, 37.97337677532695 -1.8653318276016506, 37.96906405844584 -1.8675682088304992, 37.964751895363534 -1.8698056577017668, 37.96044028452745 -1.8720441705799784, 37.95612922438501 -1.8742837438296547, 37.9518187133833 -1.8765243738175295, 37.94750874996704 -1.8787660569258007, 37.94319933257995 -1.881008789543272, 37.93889045966576 -1.883252568058778, 37.934582129668165 -1.8854973888611497, 37.93027434103058 -1.8877432483412475, 37.92596709219418 -1.88999014290496, 37.92166038159907 -1.8922380689649194, 37.91735420768542 -1.8944870229337878, 37.913048568893345 -1.8967370012242306, 37.90874346366274 -1.8989880002507649, 37.90443889043136 -1.901240016442601, 37.90013484763601 -1.903493046235944, 37.89583133371348 -1.9057470860670367, 37.89152834710055 -1.9080021323721263, 37.887225886233765 -1.9102581815890942, 37.88292394954762 -1.91251523016986, 37.87862253547553 -1.9147732745734964, 37.874321642450944 -1.917032311259135, 37.87002126890727 -1.9192923366859025, 37.865721413277754 -1.9215533473143682, 37.86142207399369 -1.9238153396186735, 37.857123249485326 -1.926078310080419, 37.85282493818293 -1.9283422551812872, 37.84852713851675 -1.9306071714029596, 37.84422984891684 -1.9328730552283504, 37.8399330678115 -1.9351399031533991, 37.83563679362794 -1.937407711681833, 37.831341024793375 -1.9396764773174826, 37.827045759735 -1.9419461965641833, 37.82275099687986 -1.9442168659268049, 37.81845673465335 -1.946488481922619, 37.814162971479774 -1.9487610410770364, 37.809869705783385 -1.9510345399156082, 37.80557693598847 -1.9533089749638877, 37.801284660519194 -1.9555843427482837, 37.79699287779815 -1.9578606398069356, 37.79270158624683 -1.9601378626865065, 37.78841078428667 -1.9624160079338513, 37.78412047033914 -1.9646950720958214, 37.7798306428256 -1.966975051719955, 37.77554130016601 -1.9692559433648118, 37.771252440779136 -1.9715377435978678, 37.76696406308372 -1.9738204489868547, 37.76267616549854 -1.9761040560995076, 37.75838874644225 -1.9783885615040833, 37.75410180433222 -1.9806739617791183, 37.74981533758469 -1.9829602535124784, 37.74552934461579 -1.9852474332923622, 37.74124382384166 -1.987535497706973, 37.73695877367843 -1.9898244433449053, 37.73267419254099 -1.99211426680422, 37.72839007884306 -1.9944049646927018, 37.72410643099828 -1.9966965336185742, 37.71982324742029 -1.9989889701900654, 37.71554052652267 -2.001282271015681, 37.71125826671805 -2.003576432712621, 37.706976466417764 -2.0058714519082663, 37.70269512403311 -2.008167325230573, 37.69841423797537 -2.010464049307497, 37.69413380665584 -2.01276162076718, 37.689853828484836 -2.01506003624555, 37.685574301871405 -2.0173592923889996, 37.68129522522451 -2.019659385844659, 37.677016596953116 -2.021960313259662, 37.67273841546616 -2.0242620712812505, 37.66846067917179 -2.026564656563597, 37.664183386476815 -2.0288680657716665, 37.65990653578799 -2.0311722955713662, 37.65563012551202 -2.033477342628602, 37.65135415405562 -2.0357832036093373, 37.64707861982484 -2.038089875185622, 37.6428035212244 -2.0403973540406035, 37.63852885665891 -2.0427056368586074, 37.63425462453299 -2.0450147203239637, 37.62998082325121 -2.047324601121029, 37.62570745121761 -2.0496352759393823, 37.62143450683491 -2.05194674147989, 37.61716198850567 -2.0542589944448872, 37.61288989463246 -2.056572031536708, 37.60861822361786 -2.058885849457699, 37.604346973863905 -2.0612004449146055, 37.60007614377143 -2.063515814625554, 37.595805731741045 -2.065831955310489, 37.591535736173334 -2.068148863689354, 37.58726615546891 -2.0704665364820922, 37.58299698802799 -2.0727849704122745, 37.57872823224953 -2.07510416221483, 37.57445988653225 -2.077424108626914, 37.57019194927489 -2.07974480638568, 37.56592441887615 -2.0820662522282785, 37.56165729373448 -2.08438844289478, 37.55739057224705 -2.08671137513646, 37.553124252810804 -2.0890350457072886, 37.54885833382265 -2.091359451361238, 37.54459281367949 -2.093684588852279, 37.540327690778035 -2.0960104549366676, 37.53606296351378 -2.0983370463815434, 37.53179863028191 -2.10066435995728, 37.52753468947761 -2.102992392434249, 37.523271139496046 -2.1053211405828236, 37.519007978732226 -2.10765060117514, 37.514745205580084 -2.109980770993804, 37.51048281843318 -2.1123116468252876, 37.50622081568506 -2.114643225456064, 37.501959195729285 -2.116975503672608, 37.497697956959286 -2.1193084782626954, 37.493437097767405 -2.1216421460238895, 37.48917661654563 -2.1239765037582314, 37.48491651168586 -2.1263115482677852, 37.48065678158002 -2.1286472763546085, 37.476397424619954 -2.130983684821698, 37.47213843919657 -2.133320770481147, 37.46787982370023 -2.135658530150188, 37.46362157652137 -2.1379969606461193, 37.45936369605034 -2.1403360587862346, 37.455106180677454 -2.142675821388465, 37.45084902879225 -2.14501624527905, 37.44659223878362 -2.14735732729004, 37.4423358090405 -2.149699064253603, 37.4380797379518 -2.152041453001909, 37.433824023906375 -2.1543844903675393, 37.429568665292415 -2.1567281731904946, 37.42531366049742 -2.159072498317218, 37.42105900790889 -2.1614174625943576, 37.41680470591434 -2.16376306286857, 37.41255075290124 -2.166109295986753, 37.40829714725645 -2.1684561588023055, 37.40404388736617 -2.170803648175642, 37.399790971616525 -2.1731517609675235, 37.39553839839368 -2.175500494038712, 37.39128616608379 -2.1778498442501, 37.38703427307242 -2.1801998084681418, 37.38278271774453 -2.182550383566794, 37.378531498484925 -2.184901566420546, 37.374280613678465 -2.187253353903889, 37.37003006171001 -2.1896057428913687, 37.36577984096395 -2.1919587302621695, 37.36152994982399 -2.194312312903368, 37.35728038667371 -2.1966664877028084, 37.35303114989672 -2.199021251548337, 37.34878223787664 -2.2013766013278193, 37.34453364899673 -2.2037325339328646, 37.34028538163947 -2.2060890462632248, 37.33603743418729 -2.2084461352197153, 37.33178980502258 -2.2108037977031576, 37.327542492527755 -2.2131620306143747, 37.32329549508496 -2.215520830857127, 37.31904881107561 -2.2178801953434473, 37.31480243888098 -2.2202401209868143, 37.310556376882374 -2.2226006047007028, 37.306310623461066 -2.224961643398588, 37.30206517699813 -2.227323233996148, 37.297820035873904 -2.229685373417172, 37.29357519846857 -2.2320480585873272, 37.28933066316224 -2.2344112864322807, 37.28508642833512 -2.2367750538776954, 37.28084249236719 -2.2391393578508465, 37.276598853637786 -2.2415041952868764, 37.27235551052601 -2.2438695631233285, 37.268112461410965 -2.2462354582977477, 37.26386970467177 -2.248601877747678, 37.259627238687386 -2.250968818411793, 37.25538506183622 -2.2533362772361643, 37.25114317249635 -2.2557042511698375, 37.24690156904587 -2.2580727371618683, 37.24266024986286 -2.2604417321613126, 37.23841921332536 -2.262811233117982, 37.23417845781083 -2.265181236988477, 37.22993798169637 -2.2675517407329697, 37.22569778335911 -2.2699227413116643, 37.221457861176184 -2.2722942356847664, 37.217218213524674 -2.274666220812963, 37.21297883878115 -2.2770386936630063, 37.208739735321814 -2.2794116512058125, 37.204500901522835 -2.2817850904123764, 37.20026233576045 -2.284159008253691, 37.196024036410826 -2.2865334017010364, 37.19178600184965 -2.2889082677309758, 37.1875482304523 -2.291283603324773, 37.18331072059403 -2.2936594054638566, 37.179073470650195 -2.296035671129654, 37.174836478996085 -2.29841239730374, 37.17059974400659 -2.300789580972169, 37.16636326405621 -2.303167219126155, 37.162127037519404 -2.3055453087572033, 37.15789106277062 -2.3079238468568173, 37.153655338184315 -2.3103028304165654, 37.149419862134636 -2.312682256431692, 37.14518463299524 -2.3150621219029714, 37.140949649139806 -2.3174424238316353, 37.13671490894197 -2.3198231592189167, 37.132480410775365 -2.32220432506607, 37.12824615301341 -2.3245859183772573, 37.12401213402901 -2.3269679361624114, 37.119778352195056 -2.3293503754321483, 37.11554480588441 -2.3317332331970797, 37.11131149346991 -2.334116506467824, 37.10707841332429 -2.3365001922571995, 37.10284556381971 -2.3388842875838645, 37.0986129433283 -2.341268789467432, 37.09438055022216 -2.3436536949275135, 37.09014838287341 -2.346039000983723, 37.08591643965401 -2.348424704657281, 37.08168471893549 -2.3508108029751837, 37.07745321908923 -2.3531972929657257, 37.07322193848665 -2.3555841716572057, 37.068990875499146 -2.3579714360779165, 37.06476002849802 -2.3603590832572756, 37.06052939585411 -2.3627471102302136, 37.056298975938184 -2.3651355140333563, 37.05206876712094 -2.3675242917033312, 37.0478387677731 -2.3699134402767656, 37.043608976265325 -2.3723029567910325, 37.03937939096786 -2.374692838288615, 37.03515001025077 -2.3770830818141215, 37.03092083248413 -2.379473684412167, 37.026691856038006 -2.38186464312737, 37.02246307928244 -2.384255955004819, 37.018234500587084 -2.386647617094189, 37.014006118321404 -2.389039626447718, 37.00977793085484 -2.3914319801176687, 37.00554993655687 -2.3938246751563073, 37.00132213379689 -2.39621770861618, 36.99709452094404 -2.3986110775538227, 36.99286709636716 -2.4010047790287388, 36.98863985843515 -2.4033988101005064, 36.984412805516854 -2.4057931678286972, 36.980185935981126 -2.4081878492730384, 36.97595924819653 -2.4105828514966245, 36.9717327405314 -2.412978171565861, 36.967506411354044 -2.4153738065472985, 36.96328025903274 -2.417769753507485, 36.95905428193583 -2.420166009513039, 36.954828478431345 -2.422562571633325, 36.95060284688711 -2.424959436941291, 36.946377385670885 -2.427356602510121, 36.942152093150455 -2.4297540654130056, 36.93792696769358 -2.432151822723153, 36.93370200766784 -2.4345498715159324, 36.92947721144057 -2.4369482088704593, 36.925252577379 -2.439346831866216, 36.92102810385042 -2.441745737582692, 36.91680378922207 -2.4441449230993784, 36.91257963186112 -2.4465443854973925, 36.90835563013438 -2.4489441218616532, 36.90413178240865 -2.451344129277625, 36.899908087050704 -2.4537444048307666, 36.89568454242737 -2.4561449456065447, 36.8914611469053 -2.458545748691587, 36.88723789885092 -2.460946811176256, 36.883014796630576 -2.4633481301516627, 36.8787918386106 -2.465749702708919, 36.87456902315735 -2.4681515259391302, 36.87034634863708 -2.4705535969342094, 36.866123813415825 -2.4729559127896046, 36.861901415859464 -2.4753584706017455, 36.857679154333944 -2.477761267467064, 36.853457027205174 -2.480164300481988, 36.84923503283904 -2.482567566743473, 36.84501316960116 -2.4849710633517113, 36.84079143585706 -2.487374787408124, 36.83656982997227 -2.4897787360141383, 36.832348350312316 -2.49218290627118, 36.82812699524272 -2.4945872952809998, 36.823905763128735 -2.4969919001482106, 36.819684652335525 -2.4993967179788985, 36.815463661228236 -2.50180174587916, 36.81124278817205 -2.5042069809550975, 36.807022031532085 -2.5066124203129982, 36.80280138967331 -2.5090180610615906, 36.79858086096055 -2.5114239003112906, 36.79436044375859 -2.5138299351725486, 36.790140136432285 -2.516236162755814, 36.78591993734643 -2.5186425801716377, 36.78169984486566 -2.5210491845325835, 36.777479857354514 -2.52345597295307, 36.77325997317747 -2.5258629425475827, 36.76904019069904 -2.528270090430607, 36.76482050828373 -2.5306774137166768, 36.76060092429591 -2.5330849095219157, 36.75638143709979 -2.535492574964384, 36.75216204505958 -2.5379004071622644, 36.74794274653947 -2.5403084032337375, 36.74372353990366 -2.5427165602970003, 36.73950442351629 -2.545124875471478, 36.735285395741286 -2.5475333458785854, 36.7310664549426 -2.549941968639918, 36.72684759948423 -2.5523507408770763, 36.72262882773008 -2.554759659711661, 36.71841013804404 -2.5571687222661623, 36.71419152878987 -2.5595779256650095, 36.70997299833126 -2.5619872670328863, 36.705754545031944 -2.5643967434944783, 36.70153616725563 -2.5668063521744733, 36.69731786336597 -2.5692160901981653, 36.69309963172652 -2.571625954692685, 36.688881470700785 -2.5740359427854926, 36.68466337865227 -2.5764460516040497, 36.6804453539445 -2.57885627827582, 36.67622739494092 -2.581266619928668, 36.67200950000492 -2.5836770736921038, 36.66779166749983 -2.58608763669606, 36.663573895788964 -2.5884983060704676, 36.659356183235666 -2.5909090789452542, 36.65513852820325 -2.5933199524506043, 36.65092092905493 -2.595730923718115, 36.64670338415387 -2.5981419898798737, 36.64248589186325 -2.6005531480679744, 36.638268450546285 -2.6029643954145083, 36.63405105856608 -2.605375729051712, 36.629833714285795 -2.607787146112985, 36.625616416068446 -2.6101986437322675, 36.621399162277115 -2.612610219043508, 36.61718195127482 -2.6150218691806515, 36.61296478142465 -2.617433591277723, 36.608747651089594 -2.6198453824696513, 36.604530558632625 -2.6222572398919275, 36.600313502416675 -2.624669160680051, 36.59609648080474 -2.6270811419695224, 36.5918794921598 -2.6294931808958855, 36.58766253484475 -2.631905274595323, 36.58344560722249 -2.6343174202045625, 36.57922870765593 -2.6367296148603496, 36.57501183450797 -2.639141855699423, 36.57079498614148 -2.641554139858541, 36.566578160919356 -2.643966464474892, 36.56236135720446 -2.6463788266861235, 36.55814457335963 -2.648791223629908, 36.55392780774772 -2.6512036524439173, 36.54971105873159 -2.6536161102658316, 36.54549432467409 -2.656028594233596, 36.54127760393809 -2.6584411014855367, 36.53706089488647 -2.6608536291600116, 36.53284419588209 -2.663266174395375, 36.5286275052878 -2.6656787343299837, 36.52441082146652 -2.668091306102311, 36.52019414278111 -2.670503886851037, 36.51597746759449 -2.672916473714873, 36.51176079426952 -2.6753290638325224, 36.50754412116914 -2.677741654342695, 36.503327446656236 -2.6801542423841136, 36.49911076909377 -2.6825668250955457, 36.4948940868447 -2.6849793996157643, 36.490677398272 -2.687391963083543, 36.48646070173861 -2.6898045126376537, 36.48224399560752 -2.6922170454168257, 36.47802727824178 -2.694629558559635, 36.47381054800445 -2.697042049204629, 36.46959380325858 -2.699454514490352, 36.465377042367265 -2.70186695155535, 36.461160263693536 -2.7042793575380935, 36.45694346560059 -2.706691729576707, 36.45272664645163 -2.7091040648092197, 36.44850980460982 -2.711516360373661, 36.44429293843839 -2.7139286134080627, 36.440076046300526 -2.7163408210503657, 36.43585912655956 -2.7187529804379875, 36.43164217757887 -2.7211650887081547, 36.42742519772178 -2.723577142998086, 36.4232081853517 -2.7259891404450056, 36.41899113883197 -2.728401078186055, 36.41477405652614 -2.730812953357706, 36.41055693679774 -2.733224763096101, 36.406339778010384 -2.735636504537381, 36.40212257852763 -2.7380481748176906, 36.39790533671307 -2.7404597710730987, 36.393688050930436 -2.7428712904388624, 36.389470719543525 -2.745282730049727, 36.38525334091614 -2.747694087040427, 36.38103591341207 -2.7501053585456967, 36.376818435395165 -2.752516541700221, 36.37260090522936 -2.7549276336378106, 36.36838332127876 -2.7573386314915704, 36.36416568190745 -2.7597495323945855, 36.35994798547955 -2.7621603334799434, 36.355730230359114 -2.7645710318806875, 36.35151241491046 -2.7669816247289702, 36.34729453749799 -2.769392109156008, 36.34307659648612 -2.7718024822929723, 36.33885859023933 -2.774212741271039, 36.33464051712203 -2.7766228832213566, 36.33042237549883 -2.7790329052741645, 36.326204163734516 -2.781442804558501, 36.32198588019389 -2.78385257820332, 36.31776752324175 -2.7862622233375776, 36.31354909124291 -2.7886717370902168, 36.30933058256234 -2.7910811165893086, 36.3051119955652 -2.7934903589614617, 36.300893328616766 -2.7958994613331476, 36.29667458008222 -2.798308420830835, 36.29245574832681 -2.8007172345809908, 36.28823683171587 -2.80312589970927, 36.28401782861508 -2.8055344133396036, 36.27979873739011 -2.807942772595701, 36.27557955640665 -2.8103509746012727, 36.271360284030365 -2.8127590164800256, 36.2671409186271 -2.8151668953549454, 36.26292145856297 -2.8175746083470448, 36.25870190220417 -2.819982152577002, 36.254482247916926 -2.822389525165499, 36.250262494067414 -2.8247967232332147, 36.24604263902194 -2.8272037439002, 36.24182268114718 -2.829610584284314, 36.2376026188099 -2.832017241502932, 36.233382450376844 -2.8344237126734324, 36.22916217421479 -2.836829994913194, 36.224941788690565 -2.8392360853390644, 36.22072129217142 -2.8416419810655325, 36.21650068302477 -2.8440476792064207, 36.21227995961795 -2.846453176875552, 36.20805912031837 -2.84885847118675, 36.20383816349346 -2.8512635592533986, 36.19961708751109 -2.853668438186349, 36.19539589073928 -2.8560731050955512, 36.191174571546036 -2.8584775570909553, 36.1869531282994 -2.860881791282509, 36.182731559367426 -2.8632858047798138, 36.17850986311866 -2.8656895946899006, 36.17428803792186 -2.8680931581186524, 36.17006608214577 -2.8704964921719447, 36.16584399415914 -2.8728995939556516, 36.16162177233077 -2.87530246057538, 36.15739941502992 -2.8777050891341327, 36.15317692062616 -2.880107476733468, 36.148954287489 -2.882509620474932, 36.144731513987985 -2.884911517460069, 36.140508598492694 -2.887313164790214, 36.13628553937316 -2.8897145595641036, 36.1320623349998 -2.892115698878705, 36.12783898374293 -2.8945165798309493, 36.12361548397296 -2.896917199517768, 36.119391834060295 -2.89931755503594, 36.11516803237579 -2.9017176434797047, 36.110944077290725 -2.904117461941195, 36.106719967176375 -2.906517007512483, 36.10249570040403 -2.9089162772856407, 36.098271275344956 -2.911315268352631, 36.09404669037096 -2.9137139778029666, 36.08982194385422 -2.916112402723709, 36.085597034167 -2.9185105402018174, 36.08137195968153 -2.9209083873242467, 36.07714671877009 -2.923305941177884, 36.07292130980535 -2.9257031988472813, 36.06869573116058 -2.928100157414197, 36.064469981209044 -2.930496813960227, 36.060244058323995 -2.9328931655669637, 36.05601796087876 -2.9352892093159575, 36.05179168724701 -2.9376849422865665, 36.047565235803106 -2.940080361555016, 36.0433386049214 -2.9424754641972863, 36.039111792976264 -2.944870247289359, 36.03488479834209 -2.947264707907192, 36.03065761939364 -2.9496588431247135, 36.02643025450641 -2.952052650012398, 36.022202702055964 -2.954446125640383, 36.01797496041784 -2.956839267078804, 36.013747027967575 -2.9592320713977838, 36.00951890308112 -2.9616245356655786, 36.00529058413515 -2.9640166569466526, 36.00106206950646 -2.966408432305014, 35.99683335757178 -2.9687998588046676, 35.992604446707944 -2.971190933509619, 35.98837533529204 -2.973581653482182, 35.984146021702045 -2.975972015780624, 35.97991650431608 -2.9783620174626164, 35.975686781512216 -2.9807516555858276, 35.97145685166856 -2.983140927207928, 35.96722671316354 -2.9855298293850825, 35.962996364376494 -2.987918359169183, 35.958765803686944 -2.9903065136113645, 35.95453502947445 -2.9926942897627664, 35.950304040118475 -2.9950816846745214, 35.94607283399887 -2.9974686953964214, 35.94184140949639 -2.9998553189737365, 35.937609764992075 -3.002241552450791, 35.93337789886689 -3.004627392871908, 35.92914580950184 -3.007012837281413, 35.924913495278176 -3.009397882722439, 35.92068095457823 -3.011782526233437, 35.91644818578454 -3.0141667648517, 35.91221518727969 -3.0165505956145218, 35.907981957446246 -3.018934015559197, 35.90374849466699 -3.02131702172197, 35.89951479732586 -3.0236996111342616, 35.895280863807045 -3.026081780826105, 35.89104669249478 -3.028463527827536, 35.88681228177331 -3.0308448491685875, 35.88257763002703 -3.033225741878368, 35.87834273564155 -3.035606202981067, 35.874107597002826 -3.037986229499234, 35.869872212496844 -3.0403658184554216, 35.865636580509545 -3.0427449668721787, 35.86140069942711 -3.045123671771247, 35.857164567636865 -3.0475019301693687, 35.85292818352666 -3.0498797390813985, 35.84869154548425 -3.052257095522182, 35.84445465189749 -3.054633996506568, 35.84021750115433 -3.0570104390486876, 35.83598009164399 -3.059386420157641, 35.8317424217562 -3.061761936840362, 35.82750448988074 -3.0641369861037755, 35.823266294407304 -3.0665115649548045, 35.81902783372581 -3.0688856703997494, 35.81478910622743 -3.0712592994398547, 35.81055011030395 -3.073632449073931, 35.806310844347124 -3.0760051163007724, 35.802071306748765 -3.078377298119176, 35.797831495900766 -3.0807489915273774, 35.79359141019633 -3.0831201935185235, 35.78935104802936 -3.0854909010830336, 35.785110407793724 -3.0878611112113012, 35.780869487883315 -3.0902308208937193, 35.77662828669216 -3.092600027120195, 35.772386802615586 -3.0949687268756256, 35.7681450340498 -3.097336917141951, 35.76390297939095 -3.0997045949010746, 35.75966063703519 -3.1020717571348966, 35.75541800537883 -3.104438400824886, 35.751175082819486 -3.1068045229474732, 35.74693186775567 -3.109170120475838, 35.74268835858588 -3.1115351903831114, 35.73844455370864 -3.113899729642422, 35.73420045152257 -3.1162637352265135, 35.729956050427674 -3.1186272041031455, 35.72571134882494 -3.120990133236596, 35.72146634511537 -3.123352519591077, 35.71722103769996 -3.125714360130798, 35.7129754249798 -3.1280756518196156, 35.70872950535738 -3.1304363916163402, 35.704483277236164 -3.1327965764759953, 35.7002367390197 -3.135156203353517, 35.69598988911147 -3.137515269203837, 35.69174272591514 -3.139873770981593, 35.68749524783585 -3.142231705636707, 35.683247453280075 -3.1445890701153387, 35.67899934065427 -3.146945861363544, 35.67475090836491 -3.1493020763273787, 35.67050215481856 -3.151657711952558, 35.666253078422685 -3.1540127651789573, 35.662003677585645 -3.1563672329415247, 35.65775395071579 -3.1587211121750487, 35.65350389622149 -3.161074399814322, 35.64925351251125 -3.1634270927940475, 35.645002797996945 -3.1657791880472828, 35.640751751093305 -3.168130682505627, 35.63650037021516 -3.17048157310063, 35.632248653777374 -3.1728318567638447, 35.627996600194535 -3.1751815304259647, 35.62374420787621 -3.177530591000698, 35.619491475227285 -3.179879035386104, 35.61523840065252 -3.1822268604796586, 35.61098498255667 -3.184574063178838, 35.60673121934569 -3.1869206403829926, 35.60247710945135 -3.1892665890308964, 35.5982226513299 -3.191611906098794, 35.5939678434386 -3.1939565885644163, 35.5897126842347 -3.196300633405492, 35.58545717217141 -3.1986440375920453, 35.58120130561421 -3.2009867979252364, 35.5769450828431 -3.2033289110418854, 35.57268850213458 -3.205670373572011, 35.568431561765145 -3.2080111821456323, 35.56417426002605 -3.210351333419525, 35.55991659554175 -3.212690824653004, 35.555658567265965 -3.2150296537008787, 35.55140017416639 -3.2173678184433108, 35.54714141521076 -3.2197053167604612, 35.542882289312814 -3.2220421464331315, 35.538622794154186 -3.2243783029756115, 35.53436292619015 -3.226713779646055, 35.53010268182305 -3.229048569605327, 35.52584205745529 -3.2313826660142952, 35.521581049691896 -3.233716062404929, 35.51731965975147 -3.2360487607568738, 35.513057893439665 -3.2383807714489903, 35.50879575675958 -3.2407121052215575, 35.50453325571426 -3.2430427728148494, 35.500270395501744 -3.245372783493265, 35.49600716330578 -3.247702113495093, 35.491743528569984 -3.250030706535172, 35.48747945998779 -3.2523585049530053, 35.483214926252636 -3.254685451088097, 35.478949896417056 -3.2570114879295717, 35.47468434731629 -3.259336572546037, 35.47041826331252 -3.2616606756228035, 35.46615162907582 -3.263983768402221, 35.461884429276246 -3.2663058221266335, 35.45761664899261 -3.268626808788012, 35.45334828176124 -3.270946715890944, 35.44907932908338 -3.273265545549024, 35.44480979277034 -3.2755833004445325, 35.44053967463345 -3.2778999832597537, 35.43626897636596 -3.280215596459367, 35.43199769736037 -3.2825301382662424, 35.42772583491724 -3.2848436030465225, 35.42345338626098 -3.2871559850259797, 35.419180348616024 -3.2894672784303873, 35.41490671924183 -3.291777477548844, 35.41063249603293 -3.2940865778186312, 35.40635767743661 -3.2963945756762145, 35.40208226191854 -3.298701467591407, 35.39780624794441 -3.301007250034025, 35.393529633969834 -3.303311919454213, 35.38925241828208 -3.3056154719742987, 35.38497459902945 -3.307917903445956, 35.38069617435609 -3.3102192097127534, 35.37641714240613 -3.312519386618257, 35.372137501327195 -3.314818430011113, 35.3678572493195 -3.3171163358169196, 35.363576384624075 -3.3194131000210123, 35.35929490548306 -3.321708718610291, 35.35501281013857 -3.324003187571657, 35.350730096832145 -3.3262965028894578, 35.346446763797566 -3.3285886605131583, 35.342162809262945 -3.3308796563670016, 35.33787823145628 -3.333169486374668, 35.333593028605605 -3.33545814645984, 35.32930719893966 -3.3377456325458215, 35.3250207406965 -3.3400319405513614, 35.32073365212037 -3.3423170663921633, 35.316445931455625 -3.344601005983876, 35.31215757694663 -3.3468837552421467, 35.30786858683818 -3.3491653100813754, 35.303578959380125 -3.351445666402495, 35.299288692825364 -3.353724820098229, 35.29499778542682 -3.356002767061179, 35.290706235437426 -3.3582795031839514, 35.28641404111083 -3.3605550243579305, 35.28212120070732 -3.362829326462954, 35.27782771249089 -3.3651024053724945, 35.27353357472557 -3.3673742569599545, 35.269238785675356 -3.3696448770987373, 35.26494334360511 -3.371914261660723, 35.260647246786334 -3.3741824065051755, 35.2563504934939 -3.376449307485141, 35.25205308200265 -3.3787149604536197, 35.24775501058744 -3.3809793612636145, 35.243456277524174 -3.3832425057663342, 35.23915688109587 -3.3855043898001584, 35.23485681958875 -3.387765009197869, 35.23055609128901 -3.390024359792229, 35.226254694482876 -3.392282437415996, 35.22195262745777 -3.3945392378997847, 35.21764988850869 -3.3967947570609733, 35.21334647593349 -3.3990489907118993, 35.209042388030056 -3.401301934664891, 35.20473762309624 -3.4035535847322786, 35.20043217943143 -3.4058039367238244, 35.19612605534294 -3.4080529864357727, 35.19181924914062 -3.4103007296599404, 35.18751175913443 -3.41254716218814, 35.183203583634246 -3.4147922798121813, 35.1788947209518 -3.417036078320802, 35.17458516940714 -3.4192785534890175, 35.170274927322524 -3.4215197010880196, 35.16596399302028 -3.423759516889, 35.16165236482269 -3.425997996663152, 35.157340041054354 -3.428235136177984, 35.153027020048334 -3.430470931187218, 35.14871330013974 -3.4327053774413607, 35.14439887966362 -3.4349384706909087, 35.14008375695508 -3.4371702066863645, 35.13576793035198 -3.4394005811738095, 35.13145139820086 -3.4416295898855864, 35.12713415884995 -3.443857228551375, 35.12281621064744 -3.4460834929008515, 35.11849755194158 -3.448308378663686, 35.11417818108399 -3.45053188156431, 35.10985809643508 -3.4527539973137134, 35.1055372963566 -3.4549747216207547, 35.10121577921036 -3.457194050194294, 35.09689354335814 -3.4594119787431516, 35.09257058716588 -3.4616285029699867, 35.0882469090082 -3.463843618564435, 35.08392250726084 -3.466057321214482, 35.07959738029953 -3.4682696066081085, 35.0752715265001 -3.4704804704332153, 35.07094494424324 -3.4726899083705045, 35.06661763191821 -3.4748979160882527, 35.06228958791509 -3.4771044892535037, 35.05796081062397 -3.479309623533298, 35.053631298435064 -3.4815133145945025, 35.04930104974442 -3.48371555809571, 35.044970062956274 -3.4859163496838725, 35.040638336475475 -3.488115685005067, 35.0363058687069 -3.490313559705369, 35.0319726580556 -3.4925099694305373, 35.02763870293349 -3.494704909816936, 35.023304001760174 -3.496898376490237, 35.018968552955705 -3.4990903650755323, 35.01463235494012 -3.501280871197908, 35.01029540613386 -3.503469890481923, 35.00595770496516 -3.505657418541624, 35.00161924986946 -3.507843450981465, 34.99728003928237 -3.5100279834055397, 34.99294007163958 -3.5122110114179472, 34.98859934537736 -3.5143925306219392, 34.984257858940865 -3.5165725366092033, 34.979915610781674 -3.518751024963037, 34.975572599351466 -3.52092799126655, 34.97122882310197 -3.5231034311028515, 34.966884280485864 -3.5252773400537776, 34.9625389699657 -3.5274497136886485, 34.95819289000963 -3.529620547569689, 34.95384603908582 -3.5317898372590393, 34.94949841566248 -3.5339575783188364, 34.94515001820929 -3.536123766309368, 34.94080084520668 -3.538288396777647, 34.93645089513977 -3.540451465264898, 34.93210016649369 -3.542612967312323, 34.92774865775357 -3.544772898461123, 34.92339636740671 -3.5469312542498836, 34.91904329395188 -3.5490880302034205, 34.91468943589161 -3.5512432218420447, 34.910334791728424 -3.553396824686062, 34.90597935996483 -3.555548834255778, 34.90162313910645 -3.557699246067897, 34.89726612767079 -3.559848055625239, 34.892908324178244 -3.561995258427278, 34.888549727149176 -3.5641408499734855, 34.884190335103966 -3.56628482576333, 34.87983014656727 -3.5684271812914483, 34.8754691600757 -3.5705679120389004, 34.871107374167934 -3.5727070134843806, 34.86674478738271 -3.574844481106585, 34.862381398258734 -3.5769803103841635, 34.85801720534039 -3.579114496789516, 34.85365220718377 -3.581247035782211, 34.84928640234636 -3.583377922820235, 34.844919789385614 -3.5855071533615788, 34.840552366859185 -3.587634722864096, 34.83618413333196 -3.5897606267778754, 34.831815087379844 -3.591884860541337, 34.827445227579595 -3.594007419591938, 34.82307455250801 -3.596128299367133, 34.818703060742216 -3.598247495304039, 34.81433075086832 -3.600365002830445, 34.809957621482376 -3.6024808173638583, 34.80558367118093 -3.60459493432126, 34.801208898560546 -3.6067073491196306, 34.79683330221846 -3.6088180571752724, 34.79245688076264 -3.610927053893706, 34.78807963280968 -3.6130343346718226, 34.783701556976396 -3.615139894906268, 34.779322651879596 -3.617243729993694, 34.77494291613737 -3.6193458353295376, 34.77056234838013 -3.6214462062972177, 34.766180947245395 -3.623544838273274, 34.761798711370744 -3.6256417266341625, 34.75741563939378 -3.627736866756342, 34.75303172995418 -3.6298302540142835, 34.74864698170536 -3.6319218837695737, 34.744261393306154 -3.6340117513786523, 34.73987496341543 -3.6360998521979484, 34.735487690692075 -3.638186181583893, 34.731099573798296 -3.6402707348898464, 34.72671061141085 -3.642353507455953, 34.72232080221038 -3.644434494618787, 34.71793014487755 -3.646513691714925, 34.71353863809302 -3.6485910940809383, 34.709146280542534 -3.6506666970489063, 34.70475307092647 -3.652740495938037, 34.70035900794781 -3.654812486065244, 34.69596409030948 -3.6568826627474422, 34.691568316714545 -3.658951021301493, 34.68717168587326 -3.6610175570380825, 34.68277419650987 -3.663082265256024, 34.67837584735014 -3.6651451412527787, 34.67397663711989 -3.667206180325811, 34.669576564545174 -3.6692653777723825, 34.66517562836169 -3.6713227288817936, 34.66077382731779 -3.67337822893298, 34.65637116016261 -3.6754318732041775, 34.65196762564533 -3.677483656973622, 34.647563222515764 -3.6795335755190317, 34.643157949535905 -3.6815816241084716, 34.63875180547845 -3.6836277980014875, 34.63434478911644 -3.6856720924573336, 34.629936899223 -3.6877145027352674, 34.62552813457254 -3.6897550240934645, 34.62111849395399 -3.6917936517790517, 34.616707976164754 -3.6938303810326447, 34.61229658000235 -3.6958652070947715, 34.60788430426428 -3.6978981252059646, 34.60347114775069 -3.699929130604817, 34.599057109277894 -3.7019582185179716, 34.594642187668406 -3.7039853841675243, 34.59022638174469 -3.706010622775559, 34.58580969032929 -3.7080339295641647, 34.58139211224917 -3.7100552997522307, 34.57697364634836 -3.7120747285465603, 34.57255429147487 -3.714092211151084, 34.568134046476786 -3.7161077427697378, 34.56371291020215 -3.7181213186064372, 34.55929088150612 -3.720132933860248, 34.55486795926042 -3.722142583718862, 34.55044414233921 -3.7241502633683488, 34.54601942961659 -3.7261559679947744, 34.541593819966884 -3.728159692784081, 34.5371673122746 -3.73016143291554, 34.53273990543931 -3.7321611835585498, 34.52831159836179 -3.7341589398817128, 34.52388238994287 -3.73615469705363, 34.51945227908398 -3.7381484502424938, 34.515021264699996 -3.7401401946080375, 34.510589345718415 -3.7421299253020104, 34.506156521067275 -3.7441176374758527, 34.50172278967459 -3.746103326281006, 34.49728815046991 -3.7480869868679543, 34.49285260239927 -3.7500686143772963, 34.48841614441828 -3.7520482039437644, 34.48397877548277 -3.7540257507020156, 34.479540494548544 -3.7560012497867072, 34.47510130057459 -3.757974696330646, 34.47066119253843 -3.759946085455939, 34.466220169424176 -3.7619154122808496, 34.46177823021603 -3.7638826719236413, 34.45733537389812 -3.7658478595025717, 34.452891599460365 -3.7678109701327185, 34.44844690591188 -3.769771998918557, 34.444001292265746 -3.771730940962361, 34.43955475753505 -3.773687791366402, 34.43510730073294 -3.7756425452329125, 34.430658920881875 -3.7775951976592363, 34.42620961702235 -3.779545743733187, 34.421759388196946 -3.781494178541473, 34.417308233448274 -3.7834404971708064, 34.41285615181935 -3.785384694707684, 34.40840314236644 -3.7873267662319456, 34.40394920416136 -3.789266706815634, 34.39949433627676 -3.7912045115303448, 34.395038537785325 -3.7931401754476757, 34.39058180776106 -3.7950736936386025, 34.38612414529502 -3.7970050611659376, 34.38166554949031 -3.798934273086752, 34.37720601945026 -3.8008613244579954, 34.372745554278254 -3.802786210336617, 34.368284153080616 -3.8047089257782076, 34.36382181498372 -3.8066294658292796, 34.35935853912216 -3.808547825532638, 34.35489432463052 -3.8104639999310703, 34.35042917064341 -3.8123779840673713, 34.345963076301274 -3.8142897729818097, 34.34149604076578 -3.8161993617055745, 34.33702806320337 -3.818106745267805, 34.332559142780475 -3.8200119186976402, 34.3280892786636 -3.8219148770241884, 34.32361847002923 -3.8238156152725065, 34.319146716073895 -3.8257141284595706, 34.31467401599641 -3.8276104116013943, 34.31020036899565 -3.8295044597139936, 34.305725774270954 -3.8313962678131945, 34.30125023103642 -3.833285830909196, 34.29677373852302 -3.835173144005791, 34.292296295962586 -3.837058202106421, 34.28781790258698 -3.8389410002145232, 34.28333855762969 -3.84082153333296, 34.27885826034342 -3.8426997964577194, 34.27437700999341 -3.844575784580314, 34.26989480584511 -3.846449492692181, 34.26541164716396 -3.8483209157847558, 34.26092753321929 -3.85019004884818, 34.25644246330275 -3.8520568868651406, 34.251956436713954 -3.8539214248156637, 34.247469452752526 -3.855783657679773, 34.24298151071811 -3.8576435804374865, 34.23849260991801 -3.859501188066435, 34.2340027496824 -3.8613564755371517, 34.229511929345676 -3.863209437818856, 34.22502014824223 -3.8650600698807667, 34.22052740570664 -3.8669083666920465, 34.21603370108637 -3.868754323218153, 34.21153903374936 -3.870597934418665, 34.20704340306532 -3.8724391952526336, 34.202546808404016 -3.8742781006791134, 34.19804924913619 -3.8761146456568913, 34.193550724650926 -3.8779488251398893, 34.18905123435336 -3.8797806340777803, 34.18455077764915 -3.8816100674200937, 34.18004935394397 -3.883437120116358, 34.17554696264641 -3.885261787115398, 34.171043603187854 -3.887084063360515, 34.16653927501043 -3.8889039437924127, 34.16203397755631 -3.8907214233517804, 34.15752771026767 -3.892536496979308, 34.15302047259322 -3.89434915961426, 34.148512264006364 -3.896159406190481, 34.144003083986384 -3.897967231640534, 34.13949293201256 -3.8997726308969796, 34.13498180756425 -3.9015755988923586, 34.13046971013289 -3.9033761305568446, 34.125956639232804 -3.9051742208160847, 34.121442594380945 -3.9069698645952133, 34.11692757509426 -3.9087630568193674, 34.11241158089048 -3.9105537924135465, 34.10789461130559 -3.9123420662995585, 34.103376665893975 -3.914127873396, 34.098857744210804 -3.915911208621326, 34.09433784581129 -3.9176920668939914, 34.089816970253246 -3.919470443132049, 34.08529511711816 -3.9212463322499422, 34.080772285999885 -3.923019729160224, 34.07624847649245 -3.9247906287754306, 34.07172368818984 -3.9265590260080945, 34.06719792069244 -3.92832491576992, 34.06267117362688 -3.9300882929691823, 34.05814344662656 -3.9318491525132835, 34.0536147393248 -3.9336074893096176, 34.04908505135511 -3.935363298265578, 34.044554382363344 -3.937116574287206, 34.040022732019935 -3.938867312277881, 34.03549009999817 -3.9406155071406728, 34.03095648597138 -3.942361153778647, 34.026421889613694 -3.9441042470948013, 34.02188631061862 -3.9458447819904534, 34.01734974869909 -3.9475827533652392, 34.012812203568934 -3.949318156118724, 34.00827367494191 -3.9510509851504683, 34.00373416253482 -3.9527812353598435, 33.99919366608963 -3.954508901644588, 33.994652185361105 -3.956233978901615, 33.99010972010408 -3.957956462027831, 33.98556627007336 -3.959676345920142, 33.98102183503116 -3.9613936254751407, 33.97647641476732 -3.9631082955882277, 33.971930009078285 -3.964820351154522, 33.96738261776045 -3.966529787069141, 33.96283424061042 -3.968236598227203, 33.958284877438956 -3.9699407795235198, 33.953734528082066 -3.9716423258523688, 33.94918319237825 -3.973341232107974, 33.94463087016605 -3.9750374931845593, 33.94007756128521 -3.9767311039763467, 33.935523265597254 -3.9784220593775683, 33.93096798298274 -3.980110354282462, 33.92641171332286 -3.981795983585266, 33.921854456498764 -3.9834789421802204, 33.91729621239567 -3.9851592249616496, 33.91273698092636 -3.9868368268244905, 33.90817676201514 -3.988511742663923, 33.90361555558635 -3.9901839673751387, 33.89905336156431 -3.991853495853321, 33.89449017988305 -3.9935203229940806, 33.88992601050524 -3.99518444369427, 33.88536085339893 -3.9968458528509805, 33.88079470853209 -3.9985045453612997, 33.87622757587316 -4.000160516122341, 33.87165945540821 -4.00181376003237, 33.86709034714766 -4.003464271991234, 33.86252025110368 -4.0051120468988985, 33.85794916728848 -4.006757079655326, 33.85337709571637 -4.008399365160667, 33.84880403642714 -4.010038898317278, 33.84422998947735 -4.011675674028967, 33.83965495492384 -4.013309687199567, 33.835078932823485 -4.014940932732917, 33.83050192323944 -4.016569405533533, 33.825923926264835 -4.018195100509174, 33.82134494200167 -4.01981801256856, 33.81676497055196 -4.0214381366204135, 33.81218401201778 -4.023055467573463, 33.80760206651504 -4.024670000338233, 33.80301913418789 -4.026281729828915, 33.79843521518394 -4.0278906509601455, 33.79385030965083 -4.0294967586465695, 33.78926441773726 -4.031100047802992, 33.7846775396146 -4.032700513347647, 33.78008967547569 -4.03429815020202, 33.77550082551425 -4.035892953287728, 33.770910989923955 -4.0374849175263865, 33.766320168902716 -4.039074037840333, 33.76172836267793 -4.040660309157016, 33.75713557148978 -4.0422437264060935, 33.75254179557851 -4.043824284517228, 33.747947035184325 -4.045401978420085, 33.743351290558124 -4.046976803046405, 33.73875456198156 -4.048548753333918, 33.73415684974182 -4.050117824221428, 33.72955815412607 -4.051684010647742, 33.72495847542202 -4.053247307551779, 33.72035781393732 -4.054807709876772, 33.71575617000488 -4.056365212571423, 33.71115354395926 -4.057919810584792, 33.706549936135026 -4.059471498865937, 33.70194534686958 -4.061020272364594, 33.69733977652874 -4.062566126037274, 33.69273322549469 -4.06410905484437, 33.68812569414973 -4.0656490537463235, 33.68351718287621 -4.0671861177035735, 33.67890769206485 -4.068720241678744, 33.67429722213848 -4.070251420642806, 33.6696857735276 -4.07177964956873, 33.66507334666274 -4.073304923429486, 33.66045994197467 -4.074827237198123, 33.65584555991179 -4.076346585852652, 33.651230200950614 -4.077862964379028, 33.64661386557021 -4.079376367763917, 33.64199655424963 -4.0808867909939845, 33.63737826747 -4.082394229056523, 33.632759005739615 -4.0838986769470935, 33.62813876958603 -4.085400129667116, 33.62351755953723 -4.086898582218134, 33.61889537612114 -4.0883940296016865, 33.61427221987268 -4.089886466821577, 33.60964809135939 -4.091375888892269, 33.60502299115849 -4.092862290831385, 33.60039691984717 -4.094345667656538, 33.59576987800281 -4.095826014385396, 33.59114186621869 -4.097303326041187, 33.58651288511826 -4.098777597657648, 33.581882935328274 -4.100248824269687, 33.577252017475544 -4.1017170009122115, 33.57262013218846 -4.103182122620724, 33.56798728012164 -4.104644184440464, 33.563353461951095 -4.106103181424621, 33.558718678353515 -4.107559108626629, 33.55408293000557 -4.109011961099914, 33.549446217589974 -4.110461733900282, 33.544808541822384 -4.111908422096524, 33.54016990342965 -4.113352020761828, 33.535530303138586 -4.114792524969386, 33.53088974167616 -4.11622992979243, 33.5262482197842 -4.117664230310405, 33.521605738236 -4.1190954216158655, 33.516962297808846 -4.120523498803029, 33.512317899280035 -4.1219484569661144, 33.5076725434282 -4.123370291199941, 33.50302623105771 -4.124788996610628, 33.498378962995744 -4.1262045683143445, 33.49373074007028 -4.127617001427604, 33.489081563109295 -4.129026291066921, 33.4844314329464 -4.130432432351426, 33.479780350448415 -4.131835420415606, 33.4751283164942 -4.133235250399549, 33.47047533196267 -4.134631917443355, 33.4658213977328 -4.136025416687157, 33.461166514698085 -4.137415743278153, 33.456510683784245 -4.138802892379217, 33.45185390592131 -4.14018685915533, 33.44719618203933 -4.141567638771473, 33.442537513069645 -4.1429452263932935, 33.437877899969266 -4.144319617199534, 33.433217343718695 -4.145690806380925, 33.428555845299286 -4.14705878912864, 33.42389340569241 -4.148423560633853, 33.41923002588505 -4.1497851160907375, 33.41456570689767 -4.151143450711362, 33.409900449763114 -4.152498559714402, 33.40523425551422 -4.153850438318548, 33.40056712518394 -4.15519908174253, 33.39589905981993 -4.156544485213306, 33.39123006050235 -4.157886643975991, 33.38656012831569 -4.159225553278118, 33.38188926434446 -4.160561208367223, 33.377217469674505 -4.1618936044916435, 33.372544745417855 -4.163222736914969, 33.367871092709954 -4.164548600914442, 33.36319651268703 -4.165871191767784, 33.358521006485354 -4.167190504752721, 33.353844575247116 -4.168506535150591, 33.34916722014842 -4.169819278263351, 33.34448894237737 -4.171128729400257, 33.33980974312204 -4.172434883870567, 33.33512962357068 -4.173737736983609, 33.330448584927 -4.175037284058537, 33.32576662842701 -4.17633352043496, 33.321083755310774 -4.177626441455036, 33.31639996681832 -4.178916042460931, 33.311715264191285 -4.180202318795853, 33.30702964869841 -4.181485265820871, 33.30234312163102 -4.182764878911951, 33.29765568428114 -4.184041153445519, 33.2929673379408 -4.185314084797999, 33.28827808390867 -4.186583668350367, 33.28358792351774 -4.187849899507112, 33.278896858112034 -4.189112773680293, 33.2742048890356 -4.1903722862819714, 33.269512017632636 -4.191628432724324, 33.26481824526416 -4.1928812084315, 33.26012357332274 -4.194130608850108, 33.25542800320444 -4.1953766294292265, 33.2507315363053 -4.196619265617929, 33.246034174023364 -4.197858512866763, 33.24133591778503 -4.19909436664723, 33.23663676903783 -4.200326822446428, 33.231936729229794 -4.201555875751836, 33.227235799808945 -4.202781522050924, 33.22253398223108 -4.204003756837107, 33.21783127798652 -4.205222575630264, 33.213127688575256 -4.20643797395766, 33.20842321549725 -4.207649947346552, 33.203717860252716 -4.208858491324418, 33.199011624360566 -4.2100636014335295, 33.19430450936986 -4.2112652732401346, 33.189596516832395 -4.212463502312663, 33.18488764830001 -4.213658284219555, 33.18017790532715 -4.2148496145313885, 33.17546728949806 -4.216037488843276, 33.170755802416 -4.217221902765964, 33.166043445684565 -4.218402851910458, 33.16133022090733 -4.219580331887761, 33.156616129697184 -4.220754338316812, 33.15190117370141 -4.221924866845828, 33.14718535457521 -4.223091913129769, 33.14246867397378 -4.224255472823605, 33.13775113355282 -4.225415541582728, 33.13303273498882 -4.22657211508087, 33.12831347998643 -4.227725189016589, 33.12359337025233 -4.228874759090201, 33.11887240749318 -4.230020821002028, 33.11415059341916 -4.231163370455587, 33.10942792977167 -4.232302403182872, 33.104704418308515 -4.23343791493082, 33.09998006078761 -4.234569901446496, 33.095254858966946 -4.235698358476977, 33.09052881461585 -4.2368232817800795, 33.085801929537176 -4.237944667145222, 33.08107420553995 -4.239062510367613, 33.07634564443318 -4.2401768072424595, 33.0716162480267 -4.241287553565795, 33.06688601815359 -4.242394745156277, 33.06215495667237 -4.243498377857373, 33.05742306544288 -4.244598447513818, 33.05269034632494 -4.245694949970349, 33.04795680118314 -4.246787881076502, 33.043222431914394 -4.2478772367143645, 33.03848724042904 -4.248963012779544, 33.03375122863747 -4.25004520516769, 33.02901439845008 -4.25112380977451, 33.02427675179125 -4.25219882251019, 33.019538290617156 -4.253270239318052, 33.014799016888425 -4.254338056146042, 33.0100589325657 -4.2554022689421025, 33.00531803961101 -4.256462873655711, 33.000576340012046 -4.257519866263876, 32.99583383577861 -4.258573242767424, 32.99109052892126 -4.25962299916797, 32.986346421450556 -4.260669131467124, 32.981601515383495 -4.261711635673673, 32.97685581276985 -4.262750507832765, 32.9721093156697 -4.263785744001044, 32.9673620261432 -4.264817340235166, 32.962613946250634 -4.265845292592002, 32.957865078069055 -4.266869597147614, 32.95311542370481 -4.267890250011656, 32.94836498526716 -4.268907247297177, 32.94361376486545 -4.269920585117227, 32.938861764611204 -4.270930259587561, 32.93410898664378 -4.271936266856773, 32.929355433120875 -4.272938603095267, 32.92460110620056 -4.273937264473844, 32.91984600804089 -4.274932247163298, 32.91509014080857 -4.275923547345007, 32.9103335067025 -4.2769111612397035, 32.90557610792905 -4.277895085077281, 32.90081794669459 -4.278875315087627, 32.896059025205986 -4.279851847501247, 32.891299345689724 -4.280824678573427, 32.88653891039822 -4.281793804592228, 32.881777721585735 -4.282759221847971, 32.87701578150647 -4.283720926630966, 32.87225309241816 -4.284678915236107, 32.86748965660776 -4.285633183996381, 32.8627254763767 -4.286583729263711, 32.857960554026555 -4.287530547390155, 32.85319489185893 -4.288473634727798, 32.848428492186656 -4.289412987643927, 32.843661357353064 -4.290348602546821, 32.838893489706514 -4.291280475851589, 32.83412489159539 -4.292208603973343, 32.829355565369035 -4.293132983328572, 32.82458551339913 -4.294053610364777, 32.819814738079344 -4.294970481560101, 32.81504324180431 -4.295883593393982, 32.810271026968614 -4.296792942345862, 32.805498095972034 -4.297698524902546, 32.80072445124406 -4.298600337593642, 32.79595009522497 -4.2994983769642, 32.791175030355035 -4.300392639559289, 32.78639925907466 -4.301283121924148, 32.781622783838365 -4.3021698206250205, 32.776845607128294 -4.303052732269126, 32.77206773142974 -4.303931853468419, 32.76728915922805 -4.304807180834852, 32.76250989301028 -4.305678710983094, 32.75772993528795 -4.306546440565294, 32.752949288590365 -4.307410366260916, 32.748167955447215 -4.308270484750037, 32.743385938388215 -4.309126792712742, 32.73860323995021 -4.309979286840446, 32.73381986269921 -4.310827963870798, 32.729035809208604 -4.311672820553236, 32.72425108205184 -4.3125138536371965, 32.71946568380267 -4.313351059872693, 32.71467961705174 -4.314184436037434, 32.709892884413684 -4.315013978948429, 32.7051054885049 -4.315839685425673, 32.700317431941826 -4.316661552289172, 32.69552871734374 -4.317479576363759, 32.69073934735563 -4.3182937545178754, 32.68594932463605 -4.319104083643062, 32.681158651843724 -4.319910560631071, 32.67636733163736 -4.320713182373666, 32.67157536668516 -4.321511945779301, 32.666782759682526 -4.322306847804157, 32.66198951332969 -4.3230978854129045, 32.657195630326825 -4.323885055570209, 32.652401113374985 -4.324668355242161, 32.647605965194295 -4.325447781429691, 32.642810188524784 -4.326223331169857, 32.63801378610743 -4.326995001501392, 32.633216760683155 -4.327762789463025, 32.62841911499714 -4.328526692101443, 32.62362085182043 -4.329286706512081, 32.61882197393386 -4.330042829808818, 32.61402248411829 -4.330795059105566, 32.60922238515466 -4.331543391516403, 32.604421679835795 -4.332287824178582, 32.59962037097868 -4.33302835427656, 32.59481846140324 -4.333764979000531, 32.59001595392941 -4.33449769554069, 32.585212851378536 -4.335226501090102, 32.580409156592665 -4.335951392883755, 32.57560487242955 -4.336672368188412, 32.570800001747315 -4.337389424271622, 32.56599454740409 -4.338102558400933, 32.56118851226385 -4.338811767856152, 32.5563818992154 -4.3395170499693165, 32.5515747111542 -4.340218402086378, 32.54676695097567 -4.340915821553281, 32.54195862157554 -4.341609305716556, 32.53714972586341 -4.342298851953103, 32.53234026676946 -4.3429844576846826, 32.52753024722553 -4.343666120336666, 32.52271967016345 -4.3443438373344225, 32.51790853851726 -4.345017606108401, 32.51309685524239 -4.345687424137387, 32.50828462330593 -4.3463532889268714, 32.50347184567521 -4.34701519798264, 32.498658525317474 -4.347673148810481, 32.493844665207554 -4.348327138933991, 32.48903026834297 -4.348977165930301, 32.48421533772546 -4.349623227386563, 32.479399876356766 -4.350265320889934, 32.474583887239234 -4.350903444028968, 32.46976737339052 -4.351537594429959, 32.46495033784503 -4.352167769760299, 32.460132783637995 -4.352793967689448, 32.455314713804654 -4.353416185886867, 32.450496131383446 -4.3540344220301925, 32.44567703943364 -4.354648673850532, 32.44085744102293 -4.3552589391005005, 32.436037339219034 -4.355865215532767, 32.431216737089706 -4.356467500900136, 32.42639563771175 -4.357065792979646, 32.42157404418171 -4.357660089601107, 32.41675195959874 -4.358250388601276, 32.41192938706198 -4.358836687816904, 32.407106329671535 -4.359418985087488, 32.40228279054352 -4.359997278297226, 32.39745877280707 -4.360571565366737, 32.3926342795917 -4.361141844217694, 32.387809314026924 -4.361708112771771, 32.38298387924641 -4.362270368962799, 32.37815797840327 -4.362828610781535, 32.373331614656315 -4.363382836235378, 32.368504791164355 -4.363933043331726, 32.36367751108632 -4.364479230078436, 32.35884977759131 -4.3650213945143985, 32.3540215938648 -4.365559534728899, 32.34919296309378 -4.366093648815833, 32.34436388846527 -4.366623734869102, 32.339534373167666 -4.367149790987244, 32.3347044204052 -4.367671815319602, 32.3298740333918 -4.3681898060468525, 32.32504321534152 -4.36870376135013, 32.320211969468446 -4.36921367941057, 32.31538029899163 -4.369719558426276, 32.31054820714736 -4.37022139665376, 32.305715697175664 -4.3707191923620945, 32.30088277231652 -4.371212943820354, 32.296049435810225 -4.371702649298671, 32.29121569090761 -4.372188307104846, 32.286381540872625 -4.372669915593611, 32.281546988970035 -4.373147473122647, 32.27671203846463 -4.373620978049636, 32.27187669262303 -4.374090428739325, 32.26704095472661 -4.374555823612127, 32.2622048280637 -4.375017161114798, 32.25736831592269 -4.375474439694253, 32.25253142159194 -4.375927657797446, 32.247694148365376 -4.376376813893578, 32.24285649955146 -4.37682190651001, 32.23801847846096 -4.3772629341834755, 32.233180088404644 -4.3776998954507205, 32.22834133269377 -4.378132788850445, 32.22350221464983 -4.378561612965031, 32.21866273760435 -4.378986366419792, 32.21382290488933 -4.379407047841848, 32.20898271983675 -4.379823655858325, 32.20414218578077 -4.3802361891062525, 32.199301306068534 -4.380644646281775, 32.194460084052004 -4.381049026102883, 32.189618523083126 -4.381449327287596, 32.18477662651392 -4.381845548554115, 32.17993439770202 -4.382237688648129, 32.17509184001667 -4.382625746372025, 32.1702489568286 -4.3830097205352, 32.165405751508494 -4.383389609947051, 32.16056222742766 -4.383765413420068, 32.15571838796667 -4.384137129815514, 32.150874236513545 -4.384504758033521, 32.14602977645647 -4.384868296975297, 32.14118501118364 -4.385227745542052, 32.13633994408555 -4.385583102647936, 32.13149457856344 -4.385934367268296, 32.12664891802176 -4.386281538396549, 32.12180296586493 -4.386624615026114, 32.11695672549748 -4.386963596150827, 32.11211020032911 -4.3872984807967805, 32.107263393778375 -4.387629268044677, 32.10241630926467 -4.387955956980508, 32.09756895020741 -4.388278546690259, 32.09272132002663 -4.388597036264271, 32.08787342215015 -4.388911424845648, 32.08302526001097 -4.389221711612619, 32.07817683704218 -4.389527895744048, 32.073328156676844 -4.3898299764188, 32.06847922235018 -4.390127952831646, 32.063630037505646 -4.390421824239484, 32.05878060558874 -4.3907115899143605, 32.05393093004492 -4.390997249128327, 32.049081014319775 -4.39127880115416, 32.044230861863184 -4.3915562453008, 32.03938047613121 -4.3918295809294685, 32.034529860580435 -4.392098807405473, 32.02967901866743 -4.392363924094114, 32.024827953849346 -4.392624930366273, 32.01997666958918 -4.392881825648532, 32.01512516935325 -4.393134609399496, 32.01027345660792 -4.393383281078159, 32.00542153481959 -4.393627840143517, 32.00056940745627 -4.393868286073037, 31.995717077991653 -4.394104618406383, 31.9908645499006 -4.394336836696288, 31.986011826657933 -4.394564940495486, 31.9811589117386 -4.394788929357746, 31.97630580862053 -4.395008802876003, 31.971452520785473 -4.39522456069352, 31.96659905171547 -4.395436202456873, 31.96174540489254 -4.395643727812634, 31.95689158379909 -4.3958471364139475, 31.952037591921144 -4.396046427971382, 31.947183432746538 -4.396241602225172, 31.942329109763154 -4.396432658915794, 31.937474626458844 -4.3966195977837375, 31.93261998632247 -4.396802418589817, 31.92776519284586 -4.396981121156708, 31.92291024952139 -4.397155705318816, 31.91805515984145 -4.397326170910543, 31.913199927298503 -4.397492517767567, 31.908344555386357 -4.397654745766515, 31.903489047600516 -4.397812854832845, 31.898633407436574 -4.397966844894865, 31.89377763839013 -4.39811671588089, 31.888921743956907 -4.39826246772642, 31.88406572763383 -4.398404100425192, 31.87920959291834 -4.39854161399917, 31.874353343307934 -4.398675008470516, 31.869496982300063 -4.3988042838614, 31.864640513392327 -4.398929440215219, 31.85978394008269 -4.3990504776368065, 31.85492726586918 -4.399167396242055, 31.850070494249813 -4.39928019614686, 31.845213628722615 -4.399388877468475, 31.84035667278525 -4.399493440365653, 31.835499629935 -4.399593885045195, 31.830642503669132 -4.399690211716577, 31.825785297484877 -4.399782420589283, 31.82092801487935 -4.399870511880089, 31.81607065934834 -4.3999544858639075, 31.81121323438701 -4.4000343428434405, 31.806355743490535 -4.400110083121568, 31.801498190154085 -4.400181707001183, 31.796640577872054 -4.400249214806211, 31.791782910136615 -4.4003126069216565, 31.78692519043952 -4.400371883743563, 31.78206742227255 -4.40042704566797, 31.777209609127404 -4.400478093092206, 31.77235175449369 -4.400525026454322, 31.767493861858625 -4.400567846240478, 31.762635934709248 -4.4006065529396, 31.7577779765326 -4.400641147040612, 31.752919990815286 -4.400671629039291, 31.74806198104021 -4.400697999488532, 31.743203950688393 -4.400720258969623, 31.73834590324087 -4.400738408064063, 31.733487842178672 -4.400752447353356, 31.72862977098127 -4.400762377438704, 31.72377169312329 -4.400768198982113, 31.718913612078435 -4.400769912657286, 31.714055531320426 -4.40076751913793, 31.70919745432286 -4.400761019098791, 31.704339384555738 -4.400750413253223, 31.69948132548446 -4.40073570236358, 31.69462328057412 -4.40071688719537, 31.6897652532898 -4.400693968514103, 31.68490724709598 -4.40066694709118, 31.680049265451164 -4.400635823753074, 31.675191311810558 -4.400600599356355, 31.670333389629405 -4.4005612747579, 31.66547550236288 -4.400517850814583, 31.660617653464083 -4.400470328400585, 31.655759846378675 -4.400418708450492, 31.65090208455069 -4.400362991912057, 31.64604437142417 -4.40030317973304, 31.64118671044306 -4.400239272861898, 31.636329105046496 -4.4001712722821775, 31.63147155866663 -4.400099179028043, 31.62661407473508 -4.400022994137609, 31.62175665668345 -4.399942718648987, 31.61689930794267 -4.3998583536048415, 31.61204203193578 -4.399769900099637, 31.607184832080797 -4.399677359260756, 31.60232771179567 -4.399580732216104, 31.597470674498336 -4.399480020093592, 31.592613723604394 -4.3993752240352055, 31.587756862519495 -4.399266345242363, 31.582900094646675 -4.399153384932165, 31.57804342338895 -4.399036344321709, 31.5731868521493 -4.3989152246284515, 31.568330384325193 -4.398790027100042, 31.563474023304483 -4.3986607530368245, 31.558617772474076 -4.398527403744447, 31.553761635220873 -4.398389980528555, 31.548905614931172 -4.398248484697864, 31.54404971498198 -4.398102917608106, 31.539193938743058 -4.397953280651827, 31.534338289583964 -4.397799575222554, 31.529482770874246 -4.39764180271381, 31.52462738598127 -4.397479964529551, 31.519772138260194 -4.3973140621309135, 31.514917031062048 -4.397144096998526, 31.510062067737866 -4.396970070613036, 31.50520725163865 -4.396791984455195, 31.50035258610989 -4.396609840029865, 31.495498074484647 -4.396423638896492, 31.49064372009423 -4.396233382622028, 31.48578952626996 -4.396039072773424, 31.480935496342767 -4.39584071091933, 31.476081633633658 -4.395638298669021, 31.47122794145355 -4.395431837673326, 31.46637442311289 -4.395221329584958, 31.461521081922143 -4.395006776056631, 31.456667921189982 -4.39478817874789, 31.451814944211343 -4.394565539371293, 31.446962154274672 -4.394338859664155, 31.442109554668455 -4.394108141363944, 31.437257148681123 -4.393873386208123, 31.432404939596335 -4.3936345959515695, 31.42755293068245 -4.3933917724046445, 31.422701125204792 -4.393144917388746, 31.41784952642869 -4.39289403272527, 31.41299813761927 -4.392639120236281, 31.408146962032188 -4.392380181776305, 31.40329600290958 -4.392117219246214, 31.39844526349255 -4.39185023455043, 31.393594747022192 -4.3915792295933835, 31.388744456738436 -4.391304206283247, 31.38389439586694 -4.391025166574619, 31.379044567623662 -4.390742112453441, 31.374194975224402 -4.390455045906248, 31.369345621884943 -4.390163968919572, 31.364496510817524 -4.389868883490894, 31.359647645216924 -4.389569791671428, 31.35479902827258 -4.389266695528853, 31.349950663173907 -4.3889595971308495, 31.345102553110287 -4.388648498545224, 31.340254701263174 -4.388333401863032, 31.335407110796826 -4.3880143092255635, 31.33055978487327 -4.387691222780659, 31.325712726654526 -4.38736414467616, 31.320865939302085 -4.3870330770614405, 31.31601942596401 -4.3866980221231975, 31.311173189774554 -4.386358982086641, 31.30632723386734 -4.386015959178757, 31.30148156137596 -4.385668955626527, 31.29663617543188 -4.38531797366268, 31.291791079148428 -4.384963015568099, 31.286946275629838 -4.384604083647679, 31.282101767980365 -4.384241180206502, 31.277257559304186 -4.38387430754964, 31.272413652699964 -4.383503467996279, 31.267570051246114 -4.383128663916875, 31.262726758016473 -4.382749897693517, 31.25788377608489 -4.382367171708304, 31.253041108525057 -4.381980488343666, 31.24819875839978 -4.381589850008449, 31.24335672875338 -4.381195259156316, 31.23851502262838 -4.380796718245273, 31.233673643067306 -4.380394229733332, 31.22883259311173 -4.379987796080736, 31.223991875786506 -4.379577419786474, 31.219151494102395 -4.37916310338231, 31.214311451069676 -4.378744849401038, 31.20947174969865 -4.378322660375456, 31.20463239299652 -4.3778965388452615, 31.19979338394932 -4.377466487397186, 31.194954725534256 -4.377032508637599, 31.190116420728504 -4.37659460517293, 31.185278472509264 -4.376152779609617, 31.180440883846504 -4.375707034569432, 31.175603657687773 -4.375257372721968, 31.170766796976277 -4.374803796746115, 31.165930304655213 -4.37434630932076, 31.16109418366753 -4.373884913125252, 31.156258436943208 -4.373419610865584, 31.15142306739228 -4.372950405288466, 31.146588077923127 -4.372477299144044, 31.14175347144413 -4.372000295182465, 31.136919250862437 -4.37151939615628, 31.132085419066197 -4.37103460485539, 31.12725197892857 -4.370545924099176, 31.122418933322287 -4.370053356707824, 31.117586285120087 -4.369556905501517, 31.11275403719114 -4.369056573307217, 31.10792219238118 -4.368552362996111, 31.103090753526573 -4.36804427745713, 31.09825972346363 -4.36753231957926, 31.093429105028676 -4.367016492251486, 31.088598901050155 -4.366496798377134, 31.083769114331954 -4.365973240904083, 31.07893974767324 -4.365445822788853, 31.07411080387317 -4.364914546987967, 31.06928228573068 -4.364379416458326, 31.064454196030834 -4.3638404341810855, 31.059626537536793 -4.363297603175652, 31.054799313009838 -4.3627509264648054, 31.049972525211206 -4.362200407071325, 31.045146176900978 -4.361646048019947, 31.04032027081924 -4.361087852369125, 31.035494809689148 -4.360525823205719, 31.030669796233376 -4.35995996361747, 31.025845233174554 -4.3593902766921255, 31.021021123231986 -4.358816765522885, 31.016197469100174 -4.358239433243121, 31.01137427346254 -4.357658283004145, 31.006551539002473 -4.357073317957359, 31.00172926840336 -4.35648454125416, 30.996907464341227 -4.355891956057412, 30.992086129465555 -4.355295565571471, 30.98726526641979 -4.354695373010072, 30.982444877847435 -4.354091381586958, 30.9776249663918 -4.353483594516042, 30.972805534683154 -4.352872015030959, 30.967986585327118 -4.352256646402328, 30.963168120926657 -4.351637491904851, 30.9583501440847 -4.35101455481323, 30.95353265740339 -4.35038783840332, 30.94871566346548 -4.349757345979099, 30.943899164833724 -4.34912308087356, 30.939083164069938 -4.348485046421034, 30.93426766373596 -4.347843245955851, 30.929452666391118 -4.347197682815823, 30.924638174569978 -4.346548360373463, 30.919824190792834 -4.345895282021204, 30.915010717579854 -4.345238451151719, 30.910197757451176 -4.344577871157679, 30.90538531292132 -4.343913545439356, 30.900573386476857 -4.3432454774346745, 30.895761980595747 -4.342573670593202, 30.89095109775594 -4.3418981283645115, 30.886140740435362 -4.3412188541982015, 30.881330911101372 -4.3405358515576244, 30.87652161219366 -4.339849123942089, 30.871712846147496 -4.339158674856707, 30.86690461539813 -4.338464507806592, 30.862096922380484 -4.337766626297261, 30.857289769512846 -4.337065033855109, 30.85248315918922 -4.336359734036988, 30.847677093801675 -4.33565073040216, 30.842871575742308 -4.334938026509887, 30.838066607401874 -4.33422162592101, 30.833262191148563 -4.3335015322237185, 30.828458329331436 -4.332777749029308, 30.823655024298976 -4.332050279949802, 30.81885227839964 -4.33131912859722, 30.814050093978565 -4.330584298587485, 30.809248473353612 -4.329845793568344, 30.804447418829305 -4.329103617203078, 30.799646932710097 -4.328357773155071, 30.794847017300444 -4.3276082650877115, 30.79004767489801 -4.326855096672002, 30.78524890777092 -4.32609827161222, 30.780450718179193 -4.32533779362171, 30.775653108382897 -4.324573666413825, 30.770856080642016 -4.323805893701953, 30.766059637204798 -4.323034479212247, 30.761263780290808 -4.322259426701968, 30.756468512115333 -4.321480739933032, 30.751673834893637 -4.320698422667348, 30.746879750840648 -4.319912478667204, 30.742086262153688 -4.319122911713288, 30.737293371004892 -4.31832972561264, 30.732501079564443 -4.317532924174328, 30.727709390002538 -4.31673251120742, 30.72291830448808 -4.315928490522286, 30.718127825166718 -4.315120865952714, 30.713337954163933 -4.314309641352852, 30.70854869360452 -4.313494820577521, 30.703760045613283 -4.312676407481544, 30.69897201231192 -4.3118544059227535, 30.69418459579435 -4.311028819785961, 30.689397798139844 -4.3101996529702085, 30.684611621427543 -4.3093669093746705, 30.679826067736588 -4.308530592898516, 30.67504113914005 -4.3076907074465804, 30.67025683768068 -4.306847256952097, 30.66547316539169 -4.306000245357181, 30.660690124306335 -4.305149676603953, 30.655907716457815 -4.304295554634536, 30.651125943869026 -4.30343788340037, 30.646344808532607 -4.302576666880159, 30.64156431243564 -4.301711909057566, 30.636784457565245 -4.300843613916261, 30.632005245908367 -4.299971785440061, 30.62722667943637 -4.299096427626265, 30.62244876009294 -4.298217544496213, 30.617671489818843 -4.297335140073722, 30.61289487055489 -4.296449218382614, 30.60811890424113 -4.295559783447311, 30.603343592796737 -4.294666839309691, 30.598568938117264 -4.293770390031285, 30.593794942097038 -4.292870439674675, 30.58902160663039 -4.291966992302442, 30.58424893360973 -4.291060051978679, 30.579476924901783 -4.290149622788095, 30.574705582354664 -4.2892357088303195, 30.56993490781608 -4.288318314205309, 30.56516490313374 -4.287397443013021, 30.5603955701515 -4.286473099356364, 30.555626910683948 -4.285545287360816, 30.550858926532136 -4.284614011162275, 30.546091619497027 -4.2836792748966985, 30.541324991379597 -4.282741082700043, 30.536559043974115 -4.281799438713233, 30.531793779043717 -4.280854347100196, 30.52702919834258 -4.279905812031517, 30.52226530362486 -4.27895383767778, 30.517502096644687 -4.277998428209574, 30.5127395791456 -4.277039587805038, 30.5079777528404 -4.276077320664106, 30.50321661943635 -4.275111630990628, 30.49845618064075 -4.274142522988453, 30.493696438160732 -4.273170000861531, 30.48893739368821 -4.272194068824161, 30.484179048886656 -4.271214731109987, 30.479421405416456 -4.270231991954771, 30.474664464937955 -4.269245855594276, 30.469908229110974 -4.268256326264628, 30.46515269957537 -4.267263408214934, 30.460397877946164 -4.266267105710506, 30.455643765836783 -4.265267423017679, 30.45089036486067 -4.264264364402784, 30.44613767662986 -4.26325793413302, 30.441385702732155 -4.262248136490704, 30.436634444734718 -4.261234975770998, 30.431883904204057 -4.260218456269471, 30.42713408270669 -4.259198582281694, 30.42238498180638 -4.258175358104872, 30.417636603039096 -4.257148788052765, 30.412888947924646 -4.256118876448744, 30.408142017982687 -4.255085627616297, 30.40339581473282 -4.25404904587891, 30.39865033968997 -4.253009135562756, 30.39390559433883 -4.251965901011165, 30.38916158015222 -4.250919346574214, 30.384418298602945 -4.249869476602004, 30.379675751163788 -4.248816295444635, 30.374933939300156 -4.247759807456195, 30.37019286444632 -4.246700017007647, 30.365452528028303 -4.245636928474409, 30.360712931472147 -4.24457054623189, 30.355974076203864 -4.243500874655513, 30.351235963638768 -4.242427918126215, 30.346498595161634 -4.241351681040665, 30.34176197215183 -4.2402721677983095, 30.337026095988744 -4.2391893827986, 30.33229096805161 -4.238103330441037, 30.32755658970525 -4.237014015132195, 30.32282296228587 -4.235921441292651, 30.318090087126272 -4.234825613344617, 30.313357965559316 -4.233726535710316, 30.308626598917424 -4.232624212812141, 30.303895988514785 -4.231518649080956, 30.299166135639783 -4.230409848959594, 30.29443704157884 -4.229297816891791, 30.28970870761838 -4.228182557321282, 30.284981135043925 -4.2270640746921995, 30.28025432511916 -4.225942373458259, 30.27552827908528 -4.224817458083028, 30.27080299818246 -4.223689333030525, 30.26607848365088 -4.22255800276477, 30.26135473672901 -4.221423471750492, 30.25663175863031 -4.220285744462759, 30.251909550549364 -4.21914482538446, 30.247188113680277 -4.218000718998681, 30.242467449217155 -4.216853429788502, 30.237747558351245 -4.215702962238121, 30.23302844224631 -4.214549320842443, 30.228310102050735 -4.213392510102346, 30.22359253891275 -4.212232534518774, 30.218875753980594 -4.211069398592674, 30.214159748398128 -4.209903106826579, 30.209444523280002 -4.208733663733711, 30.204730079728815 -4.207561073831673, 30.20001641884713 -4.2063853416380885, 30.195303541737523 -4.205206471670579, 30.190591449496345 -4.204024468448891, 30.185880143189824 -4.202839336503051, 30.181169623875093 -4.201651080366189, 30.176459892609294 -4.200459704571436, 30.171750950449564 -4.199265213651925, 30.167042798444594 -4.198067612143474, 30.162335437613017 -4.1968669045914515, 30.15762886896677 -4.195663095543351, 30.152923093517817 -4.1944561895466626, 30.148218112278087 -4.193246191148887, 30.14351392624856 -4.19203310490075, 30.138810536401046 -4.190816935361558, 30.13410794370259 -4.189597687092038, 30.129406149120207 -4.18837536465291, 30.124705153620845 -4.187149972604925, 30.120004958157864 -4.185921515512514, 30.11530556365699 -4.184689997947608, 30.11060697104063 -4.18345542448305, 30.10590918123115 -4.182217799691684, 30.101212195150683 -4.180977128146412, 30.09651601370522 -4.17973341442416, 30.091820637775058 -4.178486663108227, 30.08712606823823 -4.177236878782486, 30.082432305972784 -4.175984066030806, 30.077739351856202 -4.174728229437172, 30.073047206747436 -4.173469373589775, 30.06835587148195 -4.172207503082101, 30.063665346893735 -4.170942622507976, 30.05897563381678 -4.169674736461225, 30.054286733084172 -4.168403849535855, 30.049598645508212 -4.1671299663301085, 30.044911371880076 -4.165853091446526, 30.04022491299003 -4.164573229487832, 30.03553926962833 -4.163290385056758, 30.030854442583873 -4.1620045627562785, 30.026170432622774 -4.160715767193501, 30.021487240492462 -4.159424002978925, 30.016804866939804 -4.158129274723149, 30.01212331271167 -4.15683158703677, 30.00744257855295 -4.155530944530705, 30.00276266518414 -4.154227351819749, 29.998083573309387 -4.152920813521313, 29.993405303632517 -4.151611334252857, 29.98872785685734 -4.150298918631837, 29.984051233684998 -4.148983571276081, 29.979375434790946 -4.147665296806939, 29.974700460836505 -4.146344099847724, 29.970026312482783 -4.1450199850217535, 29.965352990390926 -4.143692956952358, 29.960680495218565 -4.142363020263268, 29.956008827596737 -4.141030179581288, 29.951337988144356 -4.139694439534637, 29.946667977480224 -4.138355804751537, 29.941998796223146 -4.137014279860209, 29.93733044498757 -4.135669869489295, 29.932662924360727 -4.134322578269985, 29.92799623491953 -4.13297241083445, 29.92333037724084 -4.131619371814861, 29.918665351901577 -4.13026346584339, 29.914001159473212 -4.1289046975525965, 29.909337800499863 -4.127543071577034, 29.904675275516865 -4.126178592551898, 29.90001358505954 -4.124811265112375, 29.895352729663227 -4.123441093893657, 29.890692709856896 -4.122068083531263, 29.88603352614209 -4.120692238662117, 29.88137517901301 -4.119313563923523, 29.876717668963835 -4.117932063952787, 29.872060996488734 -4.116547743387211, 29.86740516207451 -4.115160606864322, 29.8627501661808 -4.113770659022463, 29.85809600926107 -4.1123779045001685, 29.853442691768755 -4.110982347935967, 29.848790214157297 -4.109583993968391, 29.844138576871703 -4.108182847236045, 29.839487780330362 -4.106778912377781, 29.834837824946376 -4.105372194032488, 29.830188711132877 -4.103962696839061, 29.825540439302955 -4.1025504254363945, 29.820893009860324 -4.1011353844632685, 29.81624642318264 -4.099717578558151, 29.811600679643153 -4.098297012359454, 29.806955779615055 -4.096873690505593, 29.802311723471565 -4.09544761763498, 29.79766851157552 -4.094018798385687, 29.793026144264477 -4.092587237394952, 29.788384621872204 -4.091152939299887, 29.783743944732432 -4.0897159087376025, 29.77910411317889 -4.0882761503452105, 29.774465127534075 -4.086833668759214, 29.76982698809599 -4.085388468614802, 29.765189695159343 -4.083940554546982, 29.76055324901889 -4.082489931190765, 29.755917649969266 -4.081036603181157, 29.751282898293187 -4.079580575152268, 29.746648994249618 -4.078121851736439, 29.742015938094703 -4.076660437565799, 29.737383730084588 -4.075196337272478, 29.732752370475296 -4.073729555488593, 29.72812185951029 -4.072260096845063, 29.723492197410025 -4.070787965970611, 29.718863384392538 -4.069313167493732, 29.714235420675852 -4.067835706042919, 29.709608306477808 -4.066355586246637, 29.704982042003163 -4.064872812731842, 29.70035662743443 -4.063387390122902, 29.69573206295194 -4.061899323043932, 29.69110834873605 -4.06040861611905, 29.68648548496689 -4.058915273972343, 29.681863471811084 -4.057419301226053, 29.677242309413693 -4.05592070249947, 29.672621997917833 -4.054419482411619, 29.668002537466656 -4.052915645581531, 29.663383928203054 -4.051409196628196, 29.658766170256058 -4.049900140168422, 29.65414926373381 -4.048388480815728, 29.64953320874268 -4.046874223183358, 29.644918005389084 -4.045357371884559, 29.640303653779114 -4.043837931532521, 29.63569015400482 -4.042315906737942, 29.631077506137917 -4.04079130210789, 29.62646571024852 -4.039264122249158, 29.621854766406734 -4.03773437176853, 29.617244674682386 -4.03620205527274, 29.612635435131104 -4.034667177365697, 29.608027047788667 -4.033129742647378, 29.6034195126894 -4.031589755717464, 29.59881282986761 -4.030047221175636, 29.594206999357297 -4.028502143621503, 29.589602021178237 -4.026954527651563, 29.584997895330837 -4.025404377858068, 29.580394621814065 -4.023851698832959, 29.57579220062694 -4.022296495168178, 29.57119063176809 -4.020738771455586, 29.56658991522207 -4.019178532283661, 29.56199005095436 -4.017615782236319, 29.5573910389291 -4.016050525897151, 29.552792879110434 -4.014482767849748, 29.548195571462173 -4.012912512677621, 29.54359911593417 -4.011339764960637, 29.539003512457516 -4.0097645292737925, 29.534408760961988 -4.008186810191741, 29.529814861377385 -4.0066066122891355, 29.52522181363315 -4.005023940140537, 29.520629617645007 -4.003438798316655, 29.516038273310194 -4.001851191383, 29.511447780524602 -4.000261123904717, 29.50685813918413 -3.998668600446947, 29.50226934918437 -3.997073625574742, 29.497681410407534 -3.995476203849118, 29.493094322717432 -3.9938763398255537, 29.488508085976587 -3.9922740380591364, 29.483922700047497 -3.9906693031049483, 29.479338164792402 -3.9890621395179826, 29.47475448006052 -3.9874525518490493, 29.470171645682807 -3.985840544643082, 29.465589661488867 -3.9842261224445727, 29.46100852730831 -3.9826092897980203, 29.456428242970482 -3.9809900512478325, 29.451848808292198 -3.9793684113341263, 29.44727022307206 -3.9777443745907863, 29.442692487107266 -3.976117945551208, 29.438115600194973 -3.9744891287487842, 29.433539562132147 -3.9728579287168335, 29.428964372703753 -3.971224349984318, 29.424390031676566 -3.969588397073594, 29.419816538815827 -3.9679500745064646, 29.415243893886778 -3.966309386804735, 29.410672096654483 -3.9646663384901433, 29.406101146872622 -3.9630209340800535, 29.40153104427663 -3.961373178084838, 29.396961788600297 -3.9597230750142356, 29.392393379577424 -3.958070629377992, 29.387825816941668 -3.9564158456857905, 29.38325910041596 -3.9547587284429815, 29.378693229704922 -3.9530992821475137, 29.37412820451138 -3.951437511296612, 29.369564024538178 -3.9497734203875052, 29.365000689488063 -3.9481070139173777, 29.360438199053725 -3.9464382963791533, 29.35587655290952 -3.9447672722579523, 29.351315750727807 -3.9430939460380503, 29.346755792180936 -3.941418322203725, 29.342196676941203 -3.9397404052392226, 29.337638404671637 -3.938060199624668, 29.333080975016838 -3.936377709831955, 29.32852438761915 -3.934692940331996, 29.32396864212096 -3.933005895595702, 29.319413738164585 -3.9313165800939682, 29.314859675383925 -3.9296249982937486, 29.3103064533943 -3.927931154653345, 29.305754071808582 -3.926235053629909, 29.301202530239642 -3.9245366996805906, 29.296651828300302 -3.9228360972625276, 29.292101965595826 -3.9211332508291568, 29.287552941712832 -3.919428164824844, 29.28300475623516 -3.9177208436926003, 29.278457408746657 -3.9160112918754346, 29.273910898831147 -3.9142995138163514, 29.26936522606572 -3.9125855139549226, 29.264820390008836 -3.910869296721266, 29.260276390215807 -3.90915086654389, 29.255733226241926 -3.9074302278513, 29.251190897642516 -3.9057073850720037, 29.246649403966938 -3.9039823426313793, 29.242108744746066 -3.9022551049450045, 29.237568919507137 -3.9005256764265397, 29.233029927777388 -3.898794061489645, 29.228491769084062 -3.897060264547981, 29.223954442949328 -3.8953242900124176, 29.21941794887697 -3.8935861422837226, 29.214882286366656 -3.8918458257603854, 29.210347454918043 -3.8901033448408917, 29.205813454030764 -3.8883587039237257, 29.201280283200227 -3.8866119074049363, 29.196747941903716 -3.8848629596702464, 29.192216429613772 -3.8831118651026597, 29.187685745802945 -3.881358628085179, 29.18315588994375 -3.879603253000804, 29.178626861505226 -3.8778457442304495, 29.17409865993873 -3.876086106144584, 29.16957128469016 -3.8743243431104357, 29.165044735205445 -3.8725604594952303, 29.160519010930447 -3.8707944596661905, 29.155994111308235 -3.8690263479887923, 29.15147003576481 -3.8672561288180654, 29.146946783719915 -3.8654838065051877, 29.142424354593267 -3.8637093854013274, 29.137902747804596 -3.861932869857655, 29.133381962771374 -3.860154264223916, 29.128861998894813 -3.8583735728395303, 29.124342855568955 -3.85659080003937, 29.119824532187828 -3.8548059501582927, 29.11530702814544 -3.8530190275311504, 29.110790342834083 -3.851230036491674, 29.106274475630723 -3.8494389813635204, 29.10175942590418 -3.847645866465029, 29.097245193023237 -3.845850696114494, 29.09273177635665 -3.844053474630209, 29.088219175271945 -3.842254206329614, 29.083707389122317 -3.8404528955204627, 29.07919641725188 -3.838649546504353, 29.074686259004636 -3.8368441635827906, 29.070176913724556 -3.8350367510572734, 29.065668380754744 -3.8332273132286914, 29.061160659425163 -3.831415854388763, 29.056653749055734 -3.8296023788221643, 29.052147648966102 -3.827786890813393, 29.047642358475905 -3.8259693946469437, 29.043137876904197 -3.8241498946068955, 29.03863420355825 -3.822328394968812, 29.03413133773423 -3.8205049000002886, 29.029629278727896 -3.818679413968615, 29.025128025835013 -3.8168519411410813, 29.02062757835099 -3.815022485784718, 29.01612793556078 -3.813191052158806, 29.01162909673739 -3.8113576445137367, 29.00713106115312 -3.8095222670994064, 29.00263382808031 -3.8076849241657147, 28.998137396791083 -3.8058456199624167, 28.99364176654856 -3.804004358732388, 28.98914693660305 -3.8021611447087134, 28.984652906203877 -3.8003159821237267, 28.98015967460037 -3.7984688752097653, 28.975667241041748 -3.796619828199098, 28.971175604769712 -3.794768845318057, 28.966684765012417 -3.7929159307823577, 28.962194720996628 -3.7910610888066176, 28.95770547194911 -3.7892043236054533, 28.953217017096605 -3.7873456393934597, 28.948729355659715 -3.7854850403802707, 28.94424248684499 -3.7836225307642057, 28.9397564098571 -3.7817581147420203, 28.935271123900662 -3.7798917965104666, 28.930786628180325 -3.7780235802662965, 28.9263029218959 -3.776153470202267, 28.921820004232956 -3.774281470499319, 28.917337874374436 -3.772407585336213, 28.91285653150328 -3.770531818891711, 28.908375974802425 -3.768654175344571, 28.903896203451204 -3.766774658870479, 28.899417216614744 -3.7648932736330423, 28.89493901345472 -3.763010023792912, 28.8904615931328 -3.761124913510741, 28.885984954810645 -3.7592379469471773, 28.881509097647307 -3.7573491282605938, 28.877034020788116 -3.7554584615973643, 28.87255972337386 -3.7535659510999264, 28.86808620454537 -3.7516716009107207, 28.863613463443436 -3.7497754151721834, 28.859141499207084 -3.7478773980251416, 28.85467031096237 -3.7459775535988267, 28.85019989782968 -3.7440758860173897, 28.845730258929393 -3.7421723994049634, 28.841261393381867 -3.7402670978856785, 28.83679330030631 -3.738359985582596, 28.832325978810058 -3.7364510666078914, 28.82785942799352 -3.734540345067397, 28.82339364695703 -3.732627825066868, 28.818928634800915 -3.730713510712059, 28.81446439062481 -3.7287974061080678, 28.8100009135178 -3.726879515350073, 28.805538202560804 -3.724959842525578, 28.801076256834513 -3.7230383917218832, 28.796615075419627 -3.721115167026289, 28.7921546573965 -3.719190172525743, 28.787695001836365 -3.7172634122984536, 28.783236107801144 -3.7153348904136316, 28.7787779743523 -3.713404610940069, 28.77432060055129 -3.7114725779465587, 28.769863985459445 -3.7095387955017287, 28.765408128130552 -3.707603267666826, 28.76095302760801 -3.705665998492844, 28.75649868293447 -3.7037269920300306, 28.752045093152535 -3.7017862523286253, 28.74759225730479 -3.69984378343882, 28.743140174427893 -3.6978995894048334, 28.73868884354727 -3.6959536742595844, 28.7342382636871 -3.694006042034734, 28.729788433871565 -3.6920566967619437, 28.72533935312483 -3.6901056424728633, 28.72089102046664 -3.68815288319458, 28.71644343490501 -3.6861984229421147, 28.71199659544605 -3.684242265728526, 28.70755050109587 -3.6822844155668686, 28.703105150860587 -3.680324876470202, 28.69866054374318 -3.678363652448295, 28.694216678734865 -3.676400747498519, 28.689773554824036 -3.6744361656153135, 28.68533117099913 -3.6724699107931227, 28.68088952624856 -3.670501987026384, 28.676448619558684 -3.6685323983073217, 28.67200844990446 -3.6665611486159344, 28.66756901625702 -3.6645882419280524, 28.663130317587434 -3.6626136822195026, 28.65869235286681 -3.660637473466107, 28.654255121064967 -3.658659619642292, 28.649818621141225 -3.656680124710962, 28.64538285204976 -3.6546989926293785, 28.640947812744702 -3.652716227354759, 28.63651350218021 -3.6507318328443206, 28.632079919309703 -3.6487458130544836, 28.62764706307732 -3.646758171931271, 28.623214932420726 -3.644768913413464, 28.61878352627748 -3.642778041439693, 28.61435284358511 -3.6407855599485877, 28.609922883280827 -3.6387914728783852, 28.605493644293983 -3.636795784158373, 28.601065125546224 -3.6347984977090024, 28.59663732595883 -3.6327996174503445, 28.592210244453128 -3.630799147302475, 28.587783879950262 -3.628797091185309, 28.583358231365143 -3.62679345301147, 28.578933297603854 -3.6247882366832846, 28.574509077571786 -3.622781446102308, 28.570085570174353 -3.620773085170091, 28.565662774316923 -3.6187631577881527, 28.56124068890018 -3.6167516678524207, 28.556819312815147 -3.6147386192473774, 28.55239864495169 -3.612724015856106, 28.547978684199666 -3.6107078615616857, 28.543559429448912 -3.6086901602471957, 28.53914087958603 -3.6066709157917534, 28.534723033487555 -3.604650132062338, 28.530305890028142 -3.602627812923617, 28.525889448082438 -3.6006039622402555, 28.521473706525075 -3.598578583876918, 28.517058664228596 -3.5965516816956815, 28.51264432005566 -3.594523259546438, 28.508230672866034 -3.592493321275504, 28.503817721519475 -3.590461870729194, 28.49940546487575 -3.5884289117538244, 28.494993901793354 -3.586394448194149, 28.490583031121652 -3.584358483883399, 28.48617285170586 -3.5823210226496376, 28.481763362391156 -3.5802820683208987, 28.477354562022775 -3.578241624725223, 28.47294644944525 -3.5761996956898114, 28.46853902349508 -3.5741562850315622, 28.464132283003327 -3.5721113965604467, 28.459726226800953 -3.570065034086309, 28.455320853718924 -3.5680172014189915, 28.45091616258792 -3.565967902367962, 28.446512152231954 -3.5639171407340102, 28.442108821468352 -3.561864920309249, 28.43770616911416 -3.559811244885414, 28.433304193986427 -3.5577561182542414, 28.42890289490212 -3.5556995442073425, 28.424502270673 -3.5536415265295065, 28.420102320103148 -3.551582068995311, 28.415703041995986 -3.5495211753784943, 28.41130443515495 -3.5474588494527945, 28.40690649838345 -3.545395094991928, 28.402509230481215 -3.54332991576467, 28.398112630239535 -3.5412633155284574, 28.39371669644853 -3.5391952980391417, 28.389321427898288 -3.537125867052573, 28.38492682337893 -3.5350550263246037, 28.380532881678192 -3.5329827796078273, 28.37613960157515 -3.5309091306429785, 28.37174698184691 -3.5288340831680927, 28.367355021270576 -3.526757640921206, 28.362963718623273 -3.5246798076403536, 28.358573072680702 -3.522600587061632, 28.354183082210284 -3.520519982909635, 28.349793745976413 -3.518437998904742, 28.345405062743463 -3.516354638767325, 28.34101703127585 -3.514269906217758, 28.336629650337176 -3.512183804975377, 28.332242918683765 -3.510096338749111, 28.327856835067575 -3.5080075112418583, 28.32347139824057 -3.5059173261564456, 28.31908660695471 -3.5038257871957033, 28.314702459961612 -3.5017328980619955, 28.310318956006764 -3.499638662448901, 28.30593609383017 -3.4975430840421207, 28.301553872171613 -3.4954461665270697, 28.29717228977089 -3.493347913589167, 28.292791345367693 -3.491248328913681, 28.28841103769699 -3.489147416179016, 28.28403136548718 -3.487045179054029, 28.27965232746618 -3.484941621206867, 28.275273922361905 -3.4828367463056784, 28.27089614890224 -3.480730558018587, 28.266519005811787 -3.4786230600088364, 28.262142491807825 -3.4765142559288917, 28.25776660560663 -3.4744041494297764, 28.253391345924545 -3.472292744162517, 28.249016711477843 -3.4701800437781345, 28.24464270098077 -3.4680660519245534, 28.240269313139986 -3.465950772238394, 28.235896546660445 -3.4638342083537106, 28.23152440024711 -3.461716363904558, 28.227152872604936 -3.459597242524991, 28.222781962437704 -3.457476847847296, 28.218411668442034 -3.4553551834928746, 28.21404198931179 -3.4532322530789754, 28.209672923740847 -3.4511080602228406, 28.205304470423048 -3.448982608541709, 28.200936628051714 -3.4468559016519493, 28.19656939531384 -3.444727943160255, 28.192202770892504 -3.4425987366673088, 28.18783675347075 -3.4404682857737074, 28.183471341731586 -3.438336594080042, 28.179106534357842 -3.43620366518656, 28.17474233002722 -3.4340695026855887, 28.170378727412388 -3.4319341101615835, 28.16601572518577 -3.4297974911986593, 28.161653322019824 -3.4276596493809333, 28.157291516586923 -3.4255205882924327, 28.152930307555703 -3.423380311511268, 28.148569693588797 -3.4212388226061035, 28.14420967334829 -3.4190961251447516, 28.139850245496294 -3.4169522226950275, 28.13549140869487 -3.414807118824737, 28.131133161603678 -3.4126608170977444, 28.12677550287573 -3.410513321067455, 28.122418431163023 -3.408364634285567, 28.118061945117557 -3.406214760303776, 28.11370604339129 -3.404063702673777, 28.10935072463478 -3.401911464944952, 28.10499598749202 -3.399758050656083, 28.100641830605117 -3.3976034633429237, 28.096288252616176 -3.3954477065412245, 28.091935252167296 -3.393290783786738, 28.087582827899876 -3.3911326986140296, 28.083230978449272 -3.3889734545479473, 28.078879702447953 -3.386813055108597, 28.074528998528326 -3.3846515038160496, 28.07017886532282 -3.3824888041903747, 28.065829301463555 -3.380324959751136, 28.061480305577692 -3.3781599740096597, 28.057131876288363 -3.3759938504706097, 28.05278401221859 -3.373826592638456, 28.048436711991386 -3.3716582040176695, 28.044089974229692 -3.369488688112569, 28.039743797552656 -3.367318048421201, 28.035398180574443 -3.36514628843327, 28.031053121908847 -3.362973411637904, 28.026708620169693 -3.3607994215242343, 28.02236467397076 -3.3586243215813667, 28.018021281923286 -3.356448115294133, 28.013678442632855 -3.3542708061378144, 28.009336154704275 -3.3520923975863997, 28.004994416742335 -3.3499128931138773, 28.00065322735184 -3.347732296194233, 27.996312585136092 -3.345550610298918, 27.99197248869254 -3.34336783888943, 27.987632936617185 -3.3411839854248266, 27.98329392750602 -3.3389990533641654, 27.978955459955063 -3.3368130461665038, 27.974617532559538 -3.334625967289587, 27.970280143909235 -3.3324378201818243, 27.965943292591575 -3.3302486082875733, 27.961606977193963 -3.328058335051177, 27.957271196303793 -3.325867003916977, 27.952935948508145 -3.323674618328754, 27.948601232389525 -3.321481181722354, 27.944267046526996 -3.319286697527758, 27.939933389499565 -3.3170911691748133, 27.93560025988626 -3.3148946000933663, 27.93126765626596 -3.3126969937130877, 27.92693557721408 -3.310498353457567, 27.9226040213017 -3.308298682742846, 27.918272987099606 -3.306097984984495, 27.91394247317859 -3.3038962635980873, 27.909612478109445 -3.30169352199917, 27.90528300046059 -3.299489763599154, 27.900954038795444 -3.2972849918006837, 27.896625591676766 -3.2950792100052837, 27.892297657667346 -3.2928724216144785, 27.88797023532994 -3.2906646300297915, 27.883643323225957 -3.2884558386503238, 27.879316919911567 -3.2862460508659668, 27.87499102394171 -3.2840352700644284, 27.870665633871308 -3.2818234996334152, 27.866340748255315 -3.2796107429606365, 27.86201636564796 -3.2773970034325726, 27.8576924845986 -3.2751822844270713, 27.85336910365454 -3.272966589318279, 27.84904622136303 -3.270749921480321, 27.84472383627134 -3.2685322842873292, 27.840401946926455 -3.266313681112922, 27.836080551871287 -3.2640941153234353, 27.831759649645683 -3.2618735902797713, 27.82743923878943 -3.259652109342703, 27.823119317842316 -3.2574296758730013, 27.818799885344042 -3.2552062932312933, 27.814480939831228 -3.252981964772729, 27.81016247983657 -3.2507566938454833, 27.80584450389251 -3.248530483797273, 27.801527010531473 -3.246303337975819, 27.79720999828591 -3.2440752597288234, 27.79289346568619 -3.2418462524003457, 27.78857741125823 -3.2396163193263523, 27.784261833527268 -3.2373854638417163, 27.779946731018594 -3.23515368928131, 27.77563210225749 -3.232920998980008, 27.771317945768075 -3.2306873962706097, 27.767004260069832 -3.2284528844774716, 27.76269104368109 -3.2262174669227988, 27.758378295120128 -3.223981146928798, 27.75406601290527 -3.2217439278176734, 27.749754195554257 -3.2195058129106355, 27.745442841580548 -3.2172668055211715, 27.741131949495628 -3.2150269089591674, 27.736821517810935 -3.2127861265344864, 27.732511545037926 -3.2105444615569936, 27.728202029687836 -3.2083019173361667, 27.7238929702684 -3.2060584971751287, 27.719584365284458 -3.20381420437179, 27.715276213240777 -3.20156904222391, 27.710968512642125 -3.199323014029245, 27.70666126199322 -3.1970761230854574, 27.70235445979618 -3.194828372685565, 27.698048104549514 -3.192579766115988, 27.693742194751444 -3.1903303066626405, 27.689436728900173 -3.1880799976114376, 27.685131705493916 -3.185828842248288, 27.680827123029268 -3.183576843856158, 27.676522979998683 -3.1813240057105454, 27.67221927489398 -3.179070331085784, 27.66791600620695 -3.1768158232562027, 27.663613172429443 -3.1745604854961362, 27.659310772052375 -3.172304321078338, 27.65500880356253 -3.170047333268051, 27.65070726544546 -3.1677895253282884, 27.646406156186725 -3.1655309005220635, 27.642105474271876 -3.16327146211239, 27.637805218186056 -3.1610112133615638, 27.633505386410732 -3.1587501575252186, 27.62920597742533 -3.1564882978553492, 27.624906989709284 -3.1542256376039153, 27.620608421741995 -3.1519621800228763, 27.616310272002757 -3.149697928363946, 27.612012538967928 -3.147432885873572, 27.607715221111036 -3.14516705579314, 27.603418316905504 -3.14290044136383, 27.599121824824756 -3.140633045826822, 27.594825743342195 -3.138364872423249, 27.590530070929162 -3.136095924390577, 27.58623480605354 -3.1338262049600587, 27.581939947182885 -3.13155571736235, 27.577645492784722 -3.1292844648281033, 27.57335144132662 -3.1270124505879733, 27.56905779127489 -3.1247396778704486, 27.564764541092078 -3.122466149897305, 27.560471689240014 -3.1201918698890183, 27.556179234180515 -3.1179168410660676, 27.5518871743754 -3.115641066648928, 27.547595508285838 -3.113364549856975, 27.543304234369284 -3.111087293903053, 27.53901335108177 -3.1088093019975958, 27.534722856879338 -3.106530577351033, 27.53043275021803 -3.104251123173796, 27.52614302955364 -3.1019709426758926, 27.521853693339132 -3.099690039062151, 27.517564740025477 -3.0974084155339288, 27.51327616806367 -3.0951260752925216, 27.508987975904674 -3.092843021539223, 27.50470016199934 -3.0905592574751632, 27.500412724795588 -3.088274786296302, 27.496125662737736 -3.0859896111924705, 27.49183897426995 -3.083703735353149, 27.487552657836357 -3.081417161967816, 27.48326671188109 -3.0791298942259506, 27.4789811348483 -3.0768419353170313, 27.474695925182125 -3.0745532884305375, 27.4704110813267 -3.072263956755947, 27.46612660172618 -3.069973943482741, 27.46184248482469 -3.0676832518003962, 28.11805248891876 -1.9250305154404999))