12.96,0.90,0.00
12.97,0.90,0.00
12.97,0.90,0.00
12.98,0.90,0.00
12.98,0.90,0.00
12.99,0.90,0.00
12.99,0.90,0.00
13.00,0.90,0.00
13.00,0.90,0.00
13.01,0.90,0.00
13.01,0.90,0.00
13.02,0.90,0.00
13.02,0.90,0.00
13.03,0.90,0.00
13.03,0.90,0.00
13.04,0.90,0.00
13.04,0.90,0.00
13.05,0.90,0.00
13.05,0.90,0.00
13.06,0.90,0.00
13.06,0.90,0.00
13.07,0.90,0.00
13.07,0.90,0.00
13.08,0.90,0.00
13.08,0.90,0.00
13.09,0.90,0.00
13.09,0.90,0.00
13.10,0.90,0.00
13.10,0.90,0.00
13.11,0.90,0.00
13.11,0.90,0.00
13.12,0.90,0.00
13.12,0.90,0.00
13.13,0.90,0.00
13.13,0.90,0.00
13.14,0.90,0.00
13.14,0.90,0.00
13.15,0.90,0.00
13.15,0.90,0.00
13.16,0.90,0.00
13.16,0.90,0.00
13.17,0.90,0.00
13.17,0.90,0.00
13.18,0.90,0.00
13.18,0.90,0.00
13.19,0.90,0.00
13.19,0.90,0.00
13.20,0.90,0.00
13.20,0.90,0.00
13.21,0.90,0.00
13.21,0.90,0.00
13.22,0.90,0.00
13.22,0.90,0.00
13.23,0.90,0.00
13.23,0.90,0.00
13.24,0.90,0.00
13.24,0.90,0.00
13.25,0.90,0.00
13.25,0.90,0.00
13.26,0.90,0.00
13.26,0.90,0.00
13.27,0.90,0.00
13.27,0.90,0.00
13.28,0.90,0.00
13.28,0.90,0.00
13.29,0.90,0.00
13.29,0.90,0.00
13.30,0.90,0.00
13.30,0.90,0.00
13.31,0.90,0.00
13.31,0.90,0.00
13.32,0.90,0.00
13.32,0.90,0.00
13.33,0.90,0.00
13.33,0.90,0.00
13.34,0.90,0.00
13.34,0.90,0.00
13.35,0.90,0.00
13.35,0.90,0.00
13.36,0.90,0.00
13.36,0.90,0.00
13.37,0.90,0.00
13.37,0.90,0.00
13.38,0.90,0.00
13.38,0.90,0.00
13.39,0.90,0.00
13.39,0.90,0.00
13.40,0.90,0.00
13.41,0.90,0.00
13.41,0.90,0.00
13.42,0.90,0.00
13.42,0.90,0.00
13.43,0.90,0.00
13.43,0.90,0.00
13.44,0.90,0.00
13.44,0.90,0.00
13.45,0.90,0.00
13.45,0.90,0.00
13.46,0.90,0.00
13.46,0.90,0.00
13.47,0.90,0.00
13.47,0.90,0.00
13.48,0.90,0.00
13.48,0.90,0.00
13.49,0.90,0.00
13.49,0.90,0.00
13.50,0.90,0.00
13.50,0.90,0.00
13.51,0.90,0.00
13.51,0.90,0.00
13.52,0.90,0.00
13.52,0.90,0.00
13.53,0.90,0.00
13.53,0.90,0.00
13.54,0.90,0.00
13.54,0.90,0.00
13.55,0.90,0.00
13.55,0.90,0.00
13.56,0.90,0.00
13.56,0.90,0.00
13.57,0.90,0.00
13.57,0.90,0.00
13.58,0.90,0.00
13.58,0.90,0.00
13.59,0.90,0.00
13.59,0.90,0.00
13.60,0.90,0.00
13.60,0.90,0.00
13.61,0.90,0.00
13.61,0.90,0.00
13.62,0.90,0.00
13.62,0.90,0.00
13.63,0.90,0.00
13.63,0.90,0.00
13.64,0.90,0.00
13.64,0.90,0.00
13.65,0.90,0.00
13.65,0.90,0.00
13.66,0.90,0.00
13.66,0.90,0.00
13.67,0.90,0.00
13.67,0.90,0.00
13.68,0.90,0.00
13.68,0.90,0.00
13.69,0.90,0.00
13.69,0.90,0.00
13.70,0.90,0.00
13.70,0.90,0.00
13.71,0.90,0.00
13.71,0.90,0.00
13.72,0.90,0.00
13.72,0.90,0.00
13.73,0.90,0.00
13.73,0.90,0.00
13.74,0.90,0.00
13.74,0.90,0.00
13.75,0.90,0.00
13.75,0.90,0.00
13.76,0.90,0.00
13.76,0.90,0.00
13.77,0.90,0.00
13.77,0.90,0.00
13.78,0.90,0.00
13.78,0.90,0.00
13.79,0.90,0.00
13.79,0.90,0.00
13.80,0.90,0.00
13.80,0.90,0.00
13.81,0.90,0.00
13.81,0.90,0.00
13.82,0.90,0.00
13.82,0.90,0.00
13.83,0.90,0.00
13.83,0.90,0.00
13.84,0.90,0.00
13.84,0.90,0.00
13.85,0.90,0.00
13.85,0.90,0.00
13.86,0.90,0.00
13.87,0.90,0.00
13.87,0.90,0.00
13.88,0.90,0.00
13.88,0.90,0.00
13.89,0.90,0.00
13.89,0.90,0.00
13.90,0.90,0.00
13.90,0.90,0.00
13.91,0.90,0.00
13.91,0.90,0.00
13.92,0.90,0.00
13.92,0.90,0.00
13.93,0.90,0.00
13.93,0.90,0.00
13.94,0.90,0.00
13.94,0.90,0.00
13.95,0.90,0.00
13.95,0.90,0.00
13.96,0.90,0.00
13.96,0.90,0.00
13.97,0.90,0.00
13.97,0.90,0.00
13.98,0.90,0.00
13.98,0.90,0.00
13.99,0.90,0.00
13.99,0.90,0.00
14.00,0.90,0.00
14.00,0.90,0.00
14.01,0.90,0.00
14.01,0.90,0.00
14.02,0.90,0.00
14.02,0.90,0.00
14.03,0.90,0.00
14.03,0.90,0.00
14.04,0.90,0.00
14.04,0.90,0.00
14.05,0.90,0.00
14.05,0.90,0.00
14.06,0.90,0.00
14.06,0.90,0.00
14.07,0.90,0.00
14.07,0.90,0.00
14.08,0.90,0.00
14.08,0.90,0.00
14.09,0.90,0.00
14.09,0.90,0.00
14.10,0.90,0.00
14.10,0.90,0.00
14.11,0.90,0.00
14.11,0.90,0.00
14.12,0.90,0.00
14.12,0.90,0.00
14.13,0.90,0.00
14.13,0.90,0.00
14.14,0.90,0.00
14.14,0.90,0.00
14.15,0.90,0.00
14.15,0.90,0.00
14.16,0.90,0.00
14.16,0.90,0.00
14.17,0.90,0.00
14.17,0.90,0.00
14.18,0.90,0.00
14.18,0.90,0.00
14.19,0.90,0.00
14.19,0.90,0.00
14.20,0.90,0.00
14.20,0.90,0.00
14.21,0.90,0.00
14.21,0.90,0.00
14.22,0.90,0.00
14.22,0.90,0.00
14.23,0.90,0.00
14.23,0.90,0.00
14.24,0.90,0.00
14.24,0.90,0.00
14.25,0.90,0.00
14.25,0.90,0.00
14.26,0.90,0.00
14.26,0.90,0.00
14.27,0.90,0.00
14.27,0.90,0.00
14.28,0.90,0.00
14.28,0.90,0.00
14.29,0.90,0.00
14.29,0.90,0.00
14.30,0.90,0.00
14.30,0.90,0.00
14.31,0.90,0.00
14.31,0.90,0.00
14.32,0.90,0.00
14.33,0.90,0.00
14.33,0.90,0.00
14.34,0.90,0.00
14.34,0.90,0.00
14.35,0.90,0.00
14.35,0.90,0.00
14.36,0.90,0.00
14.36,0.90,0.00
14.37,0.90,0.00
14.37,0.90,0.00
14.38,0.90,0.00
14.38,0.90,0.00
14.39,0.90,0.00
14.39,0.90,0.00
14.40,0.90,0.00
14.40,0.90,0.00
14.41,0.90,0.00
14.41,0.90,0.00
14.42,0.90,0.00
14.42,0.90,0.00
14.43,0.90,0.00
14.43,0.90,0.00
14.44,0.90,0.00
14.44,0.90,0.00
14.45,0.90,0.00
14.45,0.90,0.00
14.46,0.90,0.00
14.46,0.90,0.00
14.47,0.90,0.00
14.47,0.90,0.00
14.48,0.90,0.00
14.48,0.90,0.00
14.49,0.90,0.00
14.49,0.90,0.00
14.50,0.90,0.00
14.50,0.90,0.00
14.51,0.90,0.00
14.51,0.90,0.00
14.52,0.90,0.00
14.52,0.90,0.00
14.53,0.90,0.00
14.53,0.90,0.00
14.54,0.90,0.00
14.54,0.90,0.00
14.55,0.90,0.00
14.55,0.90,0.00
14.56,0.90,0.00
14.56,0.90,0.00
14.57,0.90,0.00
14.57,0.90,0.00
14.58,0.90,0.00
14.58,0.90,0.00
14.59,0.90,0.00
14.59,0.90,0.00
14.60,0.90,0.00
14.60,0.90,0.00
14.61,0.90,0.00
14.61,0.90,0.00
14.62,0.90,0.00
14.62,0.90,0.00
14.63,0.90,0.00
14.63,0.90,0.00
14.64,0.90,0.00
14.64,0.90,0.00
14.65,0.90,0.00
14.65,0.90,0.00
14.66,0.90,0.00
14.66,0.90,0.00
14.67,0.90,0.00
14.67,0.90,0.00
14.68,0.90,0.00
14.68,0.90,0.00
14.69,0.90,0.00
14.69,0.90,0.00
14.70,0.90,0.00
14.70,0.90,0.00
14.71,0.90,0.00
14.71,0.90,0.00
14.72,0.90,0.00
14.72,0.90,0.00
14.73,0.90,0.00
14.73,0.90,0.00
14.74,0.90,0.00
14.74,0.90,0.00
14.75,0.90,0.00
14.75,0.90,0.00
14.76,0.90,0.00
14.76,0.90,0.00
14.77,0.90,0.00
14.77,0.90,0.00
14.78,0.90,0.00
14.79,0.90,0.00
14.79,0.90,0.00
14.80,0.90,0.00
14.80,0.90,0.00
14.81,0.90,0.00
14.81,0.90,0.00
14.82,0.90,0.00
14.82,0.90,0.00
14.83,0.90,0.00
14.83,0.90,0.00
14.84,0.90,0.00
14.84,0.90,0.00
14.85,0.90,0.00
14.85,0.90,0.00
14.86,0.90,0.00
14.86,0.90,0.00
14.87,0.90,0.00
14.87,0.90,0.00
14.88,0.90,0.00
14.88,0.90,0.00
14.89,0.90,0.00
14.89,0.90,0.00
14.90,0.90,0.00
14.90,0.90,0.00
14.91,0.90,0.00
14.91,0.90,0.00
14.92,0.90,0.00
14.92,0.90,0.00
14.93,0.90,0.00
14.93,0.90,0.00
14.94,0.90,0.00
14.94,0.90,0.00
14.95,0.90,0.00
14.95,0.90,0.00
14.96,0.90,0.00
14.96,0.90,0.00
14.97,0.90,0.00
14.97,0.90,0.00
14.98,0.90,0.00
14.98,0.90,0.00
14.99,0.90,0.00
14.99,0.90,0.00
15.00,0.90,0.00
15.00,0.90,0.00
15.01,0.90,0.00
15.01,0.90,0.00
15.02,0.90,0.00
15.02,0.90,0.00
15.03,0.90,0.00
15.03,0.90,0.00
15.04,0.90,0.00
15.04,0.90,0.00
15.05,0.90,0.00
15.05,0.90,0.00
15.06,0.90,0.00
15.06,0.90,0.00
15.07,0.90,0.00
15.07,0.90,0.00
15.08,0.90,0.00
15.08,0.90,0.00
15.09,0.90,0.00
15.09,0.90,0.00
15.10,0.90,0.00
15.10,0.90,0.00
15.11,0.90,0.00
15.11,0.90,0.00
15.12,0.90,0.00
15.12,0.90,0.00
15.13,0.90,0.00
15.13,0.90,0.00
15.14,0.90,0.00
15.14,0.90,0.00
15.15,0.90,0.00
15.15,0.90,0.00
15.16,0.90,0.00
15.16,0.90,0.00
15.17,0.90,0.00
15.17,0.90,0.00
15.18,0.90,0.00
15.18,0.90,0.00
15.19,0.90,0.00
15.19,0.90,0.00
15.20,0.90,0.00
15.20,0.90,0.00
15.21,0.90,0.00
15.21,0.90,0.00
15.22,0.90,0.00
15.22,0.90,0.00
15.23,0.90,0.00
15.23,0.90,0.00
15.24,0.90,0.00
15.25,0.90,0.00
15.25,0.90,0.00
15.26,0.90,0.00
15.26,0.90,0.00
15.27,0.90,0.00
15.27,0.90,0.00
15.28,0.90,0.00
15.28,0.90,0.00
15.29,0.90,0.00
15.29,0.90,0.00
15.30,0.90,0.00
15.30,0.90,0.00
15.31,0.90,0.00
15.31,0.90,0.00
15.32,0.90,0.00
15.32,0.90,0.00
15.33,0.90,0.00
15.33,0.90,0.00
15.34,0.90,0.00
15.34,0.90,0.00
15.35,0.90,0.00
15.35,0.90,0.00
15.36,0.90,0.00
15.36,0.90,0.00
15.37,0.90,0.00
15.37,0.90,0.00
15.38,0.90,0.00
15.38,0.90,0.00
15.39,0.90,0.00
15.39,0.90,0.00
15.40,0.90,0.00
15.40,0.90,0.00
15.41,0.90,0.00
15.41,0.90,0.00
15.42,0.90,0.00
15.42,0.90,0.00
15.43,0.90,0.00
15.43,0.90,0.00
15.44,0.90,0.00
15.44,0.90,0.00
15.45,0.90,0.00
15.45,0.90,0.00
15.46,0.90,0.00
15.46,0.90,0.00
15.47,0.90,0.00
15.47,0.90,0.00
15.48,0.90,0.00
15.48,0.90,0.00
15.49,0.90,0.00
15.49,0.90,0.00
15.50,0.90,0.00
15.50,0.90,0.00
15.51,0.90,0.00
15.51,0.90,0.00
15.52,0.90,0.00
15.52,0.90,0.00
15.53,0.90,0.00
15.53,0.90,0.00
15.54,0.90,0.00
15.54,0.90,0.00
15.55,0.90,0.00
15.55,0.90,0.00
15.56,0.90,0.00
15.56,0.90,0.00
15.57,0.90,0.00
15.57,0.90,0.00
15.58,0.90,0.00
15.58,0.90,0.00
15.59,0.90,0.00
15.59,0.90,0.00
15.60,0.90,0.00
15.60,0.90,0.00
15.61,0.90,0.00
15.61,0.90,0.00
15.62,0.90,0.00
15.62,0.90,0.00
15.63,0.90,0.00
15.63,0.90,0.00
15.64,0.90,0.00
15.64,0.90,0.00
15.65,0.90,0.00
15.65,0.90,0.00
15.66,0.90,0.00
15.66,0.90,0.00
15.67,0.90,0.00
15.67,0.90,0.00
15.68,0.90,0.00
15.68,0.90,0.00
15.69,0.90,0.00
15.69,0.90,0.00
15.70,0.90,0.00
15.71,0.90,0.00
15.71,0.90,0.00
15.72,0.90,0.00
15.72,0.90,0.00
15.73,0.90,0.00
15.73,0.90,0.00
15.74,0.90,0.00
15.74,0.90,0.00
15.75,0.90,0.00
15.75,0.90,0.00
15.76,0.90,0.00
15.76,0.90,0.00
15.77,0.90,0.00
15.77,0.90,0.00
15.78,0.90,0.00
15.78,0.90,0.00
15.79,0.90,0.00
15.79,0.90,0.00
15.80,0.90,0.00
15.80,0.90,0.00
15.81,0.90,0.00
15.81,0.90,0.00
15.82,0.90,0.00
15.82,0.90,0.00
15.83,0.90,0.00
15.83,0.90,0.00
15.84,0.90,0.00
15.84,0.90,0.00
15.85,0.90,0.00
15.85,0.90,0.00
15.86,0.90,0.00
15.86,0.90,0.00
15.87,0.90,0.00
15.87,0.90,0.00
15.88,0.90,0.00
15.88,0.90,0.00
15.89,0.90,0.00
15.89,0.90,0.00
15.90,0.90,0.00
15.90,0.90,0.00
15.91,0.90,0.00
15.91,0.90,0.00
15.92,0.90,0.00
15.92,0.90,0.00
15.93,0.90,0.00
15.93,0.90,0.00
15.94,0.90,0.00
15.94,0.90,0.00
15.95,0.90,0.00
15.95,0.90,0.00
15.96,0.90,0.00
15.96,0.90,0.00
15.97,0.90,0.00
15.97,0.90,0.00
15.98,0.90,0.00
15.98,0.90,0.00
15.99,0.90,0.00
15.99,0.90,0.00
16.00,0.90,0.00
16.00,0.90,0.00
16.01,0.90,0.00
16.01,0.90,0.00
16.02,0.90,0.00
16.02,0.90,0.00
16.03,0.90,0.00
16.03,0.90,0.00
16.04,0.90,0.00
16.04,0.90,0.00
16.05,0.90,0.00
16.05,0.90,0.00
16.06,0.90,0.00
16.06,0.90,0.00
16.07,0.90,0.00
16.07,0.90,0.00
16.08,0.90,0.00
16.08,0.90,0.00
16.09,0.90,0.00
16.09,0.90,0.00
16.10,0.90,0.00
16.10,0.90,0.00
16.11,0.90,0.00
16.11,0.90,0.00
16.12,0.90,0.00
16.12,0.90,0.00
16.13,0.90,0.00
16.13,0.90,0.00
16.14,0.90,0.00
16.14,0.90,0.00
16.15,0.90,0.00
16.15,0.90,0.00
16.16,0.90,0.00
16.17,0.90,0.00
16.17,0.90,0.00
16.18,0.90,0.00
16.18,0.90,0.00
16.19,0.90,0.00
16.19,0.90,0.00
16.20,0.90,0.00
16.20,0.90,0.00
16.21,0.90,0.00
16.21,0.90,0.00
16.22,0.90,0.00
16.22,0.90,0.00
16.23,0.90,0.00
16.23,0.90,0.00
16.24,0.90,0.00
16.24,0.90,0.00
16.25,0.90,0.00
16.25,0.90,0.00
16.26,0.90,0.00
16.26,0.90,0.00
16.27,0.90,0.00
16.27,0.90,0.00
16.28,0.90,0.00
16.28,0.90,0.00
16.29,0.90,0.00
16.29,0.90,0.00
16.30,0.90,0.00
16.30,0.90,0.00
16.31,0.90,0.00
16.31,0.90,0.00
16.32,0.90,0.00
16.32,0.90,0.00
16.33,0.90,0.00
16.33,0.90,0.00
16.34,0.90,0.00
16.34,0.90,0.00
16.35,0.90,0.00
16.35,0.90,0.00
16.36,0.90,0.00
16.36,0.90,0.00
16.37,0.90,0.00
16.37,0.90,0.00
16.38,0.90,0.00
16.38,0.90,0.00
16.39,0.90,0.00
16.39,0.90,0.00
16.40,0.90,0.00
16.40,0.90,0.00
16.41,0.90,0.00
16.41,0.90,0.00
16.42,0.90,0.00
16.42,0.90,0.00
16.43,0.90,0.00
16.43,0.90,0.00
16.44,0.90,0.00
16.44,0.90,0.00
16.45,0.90,0.00
16.45,0.90,0.00
16.46,0.90,0.00
16.46,0.90,0.00
16.47,0.90,0.00
16.47,0.90,0.00
16.48,0.90,0.00
16.48,0.90,0.00
16.49,0.90,0.00
16.49,0.90,0.00
16.50,0.90,0.00
16.50,0.90,0.00
16.51,0.90,0.00
16.51,0.90,0.00
16.52,0.90,0.00
16.52,0.90,0.00
16.53,0.90,0.00
16.53,0.90,0.00
16.54,0.90,0.00
16.54,0.90,0.00
16.55,0.90,0.00
16.55,0.90,0.00
16.56,0.90,0.00
16.56,0.90,0.00
16.57,0.90,0.00
16.57,0.90,0.00
16.58,0.90,0.00
16.58,0.90,0.00
16.59,0.90,0.00
16.59,0.90,0.00
16.60,0.90,0.00
16.60,0.90,0.00
16.61,0.90,0.00
16.61,0.90,0.00
16.62,0.90,0.00
16.63,0.90,0.00
16.63,0.90,0.00
16.64,0.90,0.00
16.64,0.90,0.00
16.65,0.90,0.00
16.65,0.90,0.00
16.66,0.90,0.00
16.66,0.90,0.00
16.67,0.90,0.00
16.67,0.90,0.00
16.68,0.90,0.00
16.68,0.90,0.00
16.69,0.90,0.00
16.69,0.90,0.00
16.70,0.90,0.00
16.70,0.90,0.00
16.71,0.90,0.00
16.71,0.90,0.00
16.72,0.90,0.00
16.72,0.90,0.00
16.73,0.90,0.00
16.73,0.90,0.00
16.74,0.90,0.00
16.74,0.90,0.00
16.75,0.90,0.00
16.75,0.90,0.00
16.76,0.90,0.00
16.76,0.90,0.00
16.77,0.90,0.00
16.77,0.90,0.00
16.78,0.90,0.00
16.78,0.90,0.00
16.79,0.90,0.00
16.79,0.90,0.00
16.80,0.90,0.00
16.80,0.90,0.00
16.81,0.90,0.00
16.81,0.90,0.00
16.82,0.90,0.00
16.82,0.90,0.00
16.83,0.90,0.00
16.83,0.90,0.00
16.84,0.90,0.00
16.84,0.90,0.00
16.85,0.90,0.00
16.85,0.90,0.00
16.86,0.90,0.00
16.86,0.90,0.00
16.87,0.90,0.00
16.87,0.90,0.00
16.88,0.90,0.00
16.88,0.90,0.00
16.89,0.90,0.00
16.89,0.90,0.00
16.90,0.90,0.00
16.90,0.90,0.00
16.91,0.90,0.00
16.91,0.90,0.00
16.92,0.90,0.00
16.92,0.90,0.00
16.93,0.90,0.00
16.93,0.90,0.00
16.94,0.90,0.00
16.94,0.90,0.00
16.95,0.90,0.00
16.95,0.90,0.00
16.96,0.90,0.00
16.96,0.90,0.00
16.97,0.90,0.00
16.97,0.90,0.00
16.98,0.90,0.00
16.98,0.90,0.00
16.99,0.90,0.00
16.99,0.90,0.00
17.00,0.90,0.00
17.00,0.90,0.00
17.01,0.90,0.00
17.01,0.90,0.00
17.02,0.90,0.00
17.02,0.90,0.00
17.03,0.90,0.00
17.03,0.90,0.00
17.04,0.90,0.00
17.04,0.90,0.00
17.05,0.90,0.00
17.05,0.90,0.00
17.06,0.90,0.00
17.06,0.90,0.00
17.07,0.90,0.00
17.07,0.90,0.00
17.08,0.90,0.00
17.09,0.90,0.00
17.09,0.90,0.00
17.10,0.90,0.00
17.10,0.90,0.00
17.11,0.90,0.00
17.11,0.90,0.00
17.12,0.90,0.00
17.12,0.90,0.00
17.13,0.90,0.00
17.13,0.90,0.00
17.14,0.90,0.00
17.14,0.90,0.00
17.15,0.90,0.00
17.15,0.90,0.00
17.16,0.90,0.00
17.16,0.90,0.00
17.17,0.90,0.00
17.17,0.90,0.00
17.18,0.90,0.00
17.18,0.90,0.00
17.19,0.90,0.00
17.19,0.90,0.00
17.20,0.90,0.00
17.20,0.90,0.00
17.21,0.90,0.00
17.21,0.90,0.00
17.22,0.90,0.00
17.22,0.90,0.00
17.23,0.90,0.00
17.23,0.90,0.00
17.24,0.90,0.00
17.24,0.90,0.00
17.25,0.90,0.00
17.25,0.90,0.00
17.26,0.90,0.00
17.26,0.90,0.00
17.27,0.90,0.00
17.27,0.90,0.00
17.28,0.90,0.00
17.28,0.90,0.00
17.29,0.90,0.00
17.29,0.90,0.00
17.30,0.90,0.00
17.30,0.90,0.00
17.31,0.90,0.00
17.31,0.90,0.00
17.32,0.90,0.00
17.32,0.90,0.00
17.33,0.90,0.00
17.33,0.90,0.00
17.34,0.90,0.00
17.34,0.90,0.00
17.35,0.90,0.00
17.35,0.90,0.00
17.36,0.90,0.00
17.36,0.90,0.00
17.37,0.90,0.00
17.37,0.90,0.00
17.38,0.90,0.00
17.38,0.90,0.00
17.39,0.90,0.00
17.39,0.90,0.00
17.40,0.90,0.00
17.40,0.90,0.00
17.41,0.90,0.00
17.41,0.90,0.00
17.42,0.90,0.00
17.42,0.90,0.00
17.43,0.90,0.00
17.43,0.90,0.00
17.44,0.90,0.00
17.44,0.90,0.00
17.45,0.90,0.00
17.45,0.90,0.00
17.46,0.90,0.00
17.46,0.90,0.00
17.47,0.90,0.00
17.47,0.90,0.00
17.48,0.90,0.00
17.48,0.90,0.00
17.49,0.90,0.00
17.49,0.90,0.00
17.50,0.90,0.00
17.50,0.90,0.00
17.51,0.90,0.00
17.51,0.90,0.00
17.52,0.90,0.00
17.52,0.90,0.00
17.53,0.90,0.00
17.53,0.90,0.00
17.54,0.90,0.00
17.55,0.90,0.00
17.55,0.90,0.00
17.56,0.90,0.00
17.56,0.90,0.00
17.57,0.90,0.00
17.57,0.90,0.00
17.58,0.90,0.00
17.58,0.90,0.00
17.59,0.90,0.00
17.59,0.90,0.00
17.60,0.90,0.00
17.60,0.90,0.00
17.61,0.90,0.00
17.61,0.90,0.00
17.62,0.90,0.00
17.62,0.90,0.00
17.63,0.90,0.00
17.63,0.90,0.00
17.64,0.90,0.00
17.64,0.90,0.00
17.65,0.90,0.00
17.65,0.90,0.00
17.66,0.90,0.00
17.66,0.90,0.00
17.67,0.90,0.00
17.67,0.90,0.00
17.68,0.90,0.00
17.68,0.90,0.00
17.69,0.90,0.00
17.69,0.90,0.00
17.70,0.90,0.00
17.70,0.90,0.00
17.71,0.90,0.00
17.71,0.90,0.00
17.72,0.90,0.00
17.72,0.90,0.00
17.73,0.90,0.00
17.73,0.90,0.00
17.74,0.90,0.00
17.74,0.90,0.00
17.75,0.90,0.00
17.75,0.90,0.00
17.76,0.90,0.00
17.76,0.90,0.00
17.77,0.90,0.00
17.77,0.90,0.00
17.78,0.90,0.00
17.78,0.90,0.00
17.79,0.90,0.00
17.79,0.90,0.00
17.80,0.90,0.00
17.80,0.90,0.00
17.81,0.90,0.00
17.81,0.90,0.00
17.82,0.90,0.00
17.82,0.90,0.00
17.83,0.90,0.00
17.83,0.90,0.00
17.84,0.90,0.00
17.84,0.90,0.00
17.85,0.90,0.00
17.85,0.90,0.00
17.86,0.90,0.00
17.86,0.90,0.00
17.87,0.90,0.00
17.87,0.90,0.00
17.88,0.90,0.00
17.88,0.90,0.00
17.89,0.90,0.00
17.89,0.90,0.00
17.90,0.90,0.00
17.90,0.90,0.00
17.91,0.90,0.00
17.91,0.90,0.00
17.92,0.90,0.00
17.92,0.90,0.00
17.93,0.90,0.00
17.93,0.90,0.00
17.94,0.90,0.00
17.94,0.90,0.00
17.95,0.90,0.00
17.95,0.90,0.00
17.96,0.90,0.00
17.96,0.90,0.00
17.97,0.90,0.00
17.97,0.90,0.00
17.98,0.90,0.00
17.98,0.90,0.00
17.99,0.90,0.00
17.99,0.90,0.00
18.00,0.90,0.00
18.01,0.90,0.00
18.01,0.90,0.00
18.02,0.90,0.00
18.02,0.90,0.00
18.03,0.90,0.00
18.03,0.90,0.00
18.04,0.90,0.00
18.04,0.90,0.00
18.05,0.90,0.00
18.05,0.90,0.00
18.06,0.90,0.00
18.06,0.90,0.00
18.07,0.90,0.00
18.07,0.90,0.00
18.08,0.90,0.00
18.08,0.90,0.00
18.09,0.90,0.00
18.09,0.90,0.00
18.10,0.90,0.00
18.10,0.90,0.00
18.11,0.90,0.00
18.11,0.90,0.00
18.12,0.90,0.00
18.12,0.90,0.00
18.13,0.90,0.00
18.13,0.90,0.00
18.14,0.90,0.00
18.14,0.90,0.00
18.15,0.90,0.00
18.15,0.90,0.00
18.16,0.90,0.00
18.16,0.90,0.00
18.17,0.90,0.00
18.17,0.90,0.00
18.18,0.90,0.00
18.18,0.90,0.00
18.19,0.90,0.00
18.19,0.90,0.00
18.20,0.90,0.00
18.20,0.90,0.00
18.21,0.90,0.00
18.21,0.90,0.00
18.22,0.90,0.00
18.22,0.90,0.00
18.23,0.90,0.00
18.23,0.90,0.00
18.24,0.90,0.00
18.24,0.90,0.00
18.25,0.90,0.00
18.25,0.90,0.00
18.26,0.90,0.00
18.26,0.90,0.00
18.27,0.90,0.00
18.27,0.90,0.00
18.28,0.90,0.00
18.28,0.90,0.00
18.29,0.90,0.00
18.29,0.90,0.00
18.30,0.90,0.00
18.30,0.90,0.00
18.31,0.90,0.00
18.31,0.90,0.00
18.32,0.90,0.00
18.32,0.90,0.00
18.33,0.90,0.00
18.33,0.90,0.00
18.34,0.90,0.00
18.34,0.90,0.00
18.35,0.90,0.00
18.35,0.90,0.00
18.36,0.90,0.00
18.36,0.90,0.00
18.37,0.90,0.00
18.37,0.90,0.00
18.38,0.90,0.00
18.38,0.90,0.00
18.39,0.90,0.00
18.39,0.90,0.00
18.40,0.90,0.00
18.40,0.90,0.00
18.41,0.90,0.00
18.41,0.90,0.00
18.42,0.90,0.00
18.42,0.90,0.00
18.43,0.90,0.00
18.43,0.90,0.00
18.44,0.90,0.00
18.44,0.90,0.00
18.45,0.90,0.00
18.45,0.90,0.00
18.46,0.90,0.00
18.46,0.90,0.00
18.47,0.90,0.00
18.48,0.90,0.00
18.48,0.90,0.00
18.49,0.90,0.00
18.49,0.90,0.00
18.50,0.90,0.00
18.50,0.90,0.00
18.51,0.90,0.00
18.51,0.90,0.00
18.52,0.90,0.00
18.52,0.90,0.00
18.53,0.90,0.00
18.53,0.90,0.00
18.54,0.90,0.00
18.54,0.90,0.00
18.55,0.90,0.00
18.55,0.90,0.00
18.56,0.90,0.00
18.56,0.90,0.00
18.57,0.90,0.00
18.57,0.90,0.00
18.58,0.90,0.00
18.58,0.90,0.00
18.59,0.90,0.00
18.59,0.90,0.00
18.60,0.90,0.00
18.60,0.90,0.00
18.61,0.90,0.00
18.61,0.90,0.00
18.62,0.90,0.00
18.62,0.90,0.00
18.63,0.90,0.00
18.63,0.90,0.00
18.64,0.90,0.00
18.64,0.90,0.00
18.65,0.90,0.00
18.65,0.90,0.00
18.66,0.90,0.00
18.66,0.90,0.00
18.67,0.90,0.00
18.67,0.90,0.00
18.68,0.90,0.00
18.68,0.90,0.00
18.69,0.90,0.00
18.69,0.90,0.00
18.70,0.90,0.00
18.70,0.90,0.00
18.71,0.90,0.00
18.71,0.90,0.00
18.72,0.90,0.00
18.72,0.90,0.00
18.73,0.90,0.00
18.73,0.90,0.00
18.74,0.90,0.00
18.74,0.90,0.00
18.75,0.90,0.00
18.75,0.90,0.00
18.76,0.90,0.00
18.76,0.90,0.00
18.77,0.90,0.00
18.77,0.90,0.00
18.78,0.90,0.00
18.78,0.90,0.00
18.79,0.90,0.00
18.79,0.90,0.00
18.80,0.90,0.00
18.80,0.90,0.00
18.81,0.90,0.00
18.81,0.90,0.00
18.82,0.90,0.00
18.82,0.90,0.00
18.83,0.90,0.00
18.83,0.90,0.00
18.84,0.90,0.00
18.84,0.90,0.00
18.85,0.90,0.00
18.85,0.90,0.00
18.86,0.90,0.00
18.86,0.90,0.00
18.87,0.90,0.00
18.87,0.90,0.00
18.88,0.90,0.00
18.88,0.90,0.00
18.89,0.90,0.00
18.89,0.90,0.00
18.90,0.90,0.00
18.90,0.90,0.00
18.91,0.90,0.00
18.91,0.90,0.00
18.92,0.90,0.00
18.92,0.90,0.00
18.93,0.90,0.00
18.94,0.90,0.00
18.94,0.90,0.00
18.95,0.90,0.00
18.95,0.90,0.00
18.96,0.90,0.00
18.96,0.90,0.00
18.97,0.90,0.00
18.97,0.90,0.00
18.98,0.90,0.00
18.98,0.90,0.00
18.99,0.90,0.00
18.99,0.90,0.00
19.00,0.90,0.00
19.00,0.90,0.00
19.01,0.90,0.00
19.01,0.90,0.00
19.02,0.90,0.00
19.02,0.90,0.00
19.03,0.90,0.00
19.03,0.90,0.00
19.04,0.90,0.00
19.04,0.90,0.00
19.05,0.90,0.00
19.05,0.90,0.00
19.06,0.90,0.00
19.06,0.90,0.00
19.07,0.90,0.00
19.07,0.90,0.00
19.08,0.90,0.00
19.08,0.90,0.00
19.09,0.90,0.00
19.09,0.90,0.00
19.10,0.90,0.00
19.10,0.90,0.00
19.11,0.90,0.00
19.11,0.90,0.00
19.12,0.90,0.00
19.12,0.90,0.00
19.13,0.90,0.00
19.13,0.90,0.00
19.14,0.90,0.00
19.14,0.90,0.00
19.15,0.90,0.00
19.15,0.90,0.00
19.16,0.90,0.00
19.16,0.90,0.00
19.17,0.90,0.00
19.17,0.90,0.00
19.18,0.90,0.00
19.18,0.90,0.00
19.19,0.90,0.00
19.19,0.90,0.00
19.20,0.90,0.00
19.20,0.90,0.00
19.21,0.90,0.00
19.21,0.90,0.00
19.22,0.90,0.00
19.22,0.90,0.00
19.23,0.90,0.00
19.23,0.90,0.00
19.24,0.90,0.00
19.24,0.90,0.00
19.25,0.90,0.00
19.25,0.90,0.00
19.26,0.90,0.00
19.26,0.90,0.00
19.27,0.90,0.00
19.27,0.90,0.00
19.28,0.90,0.00
19.28,0.90,0.00
19.29,0.90,0.00
19.29,0.90,0.00
19.30,0.90,0.00
19.30,0.90,0.00
19.31,0.90,0.00
19.31,0.90,0.00
19.32,0.90,0.00
19.32,0.90,0.00
19.33,0.90,0.00
19.33,0.90,0.00
19.34,0.90,0.00
19.34,0.90,0.00
19.35,0.90,0.00
19.35,0.90,0.00
19.36,0.90,0.00
19.36,0.90,0.00
19.37,0.90,0.00
19.37,0.90,0.00
19.38,0.90,0.00
19.38,0.90,0.00
19.39,0.90,0.00
19.40,0.90,0.00
19.40,0.90,0.00
19.41,0.90,0.00
19.41,0.90,0.00
19.42,0.90,0.00
19.42,0.90,0.00
19.43,0.90,0.00
19.43,0.90,0.00
19.44,0.90,0.00
19.44,0.90,0.00
19.45,0.90,0.00
19.45,0.90,0.00
19.46,0.90,0.00
19.46,0.90,0.00
19.47,0.90,0.00
19.47,0.90,0.00
19.48,0.90,0.00
19.48,0.90,0.00
19.49,0.90,0.00
19.49,0.90,0.00
19.50,0.90,0.00
19.50,0.90,0.00
19.51,0.90,0.00
19.51,0.90,0.00
19.52,0.90,0.00
19.52,0.90,0.00
19.53,0.90,0.00
19.53,0.90,0.00
19.54,0.90,0.00
19.54,0.90,0.00
19.55,0.90,0.00
19.55,0.90,0.00
19.56,0.90,0.00
19.56,0.90,0.00
19.57,0.90,0.00
19.57,0.90,0.00
19.58,0.90,0.00
19.58,0.90,0.00
19.59,0.90,0.00
19.59,0.90,0.00
19.60,0.90,0.00
19.60,0.90,0.00
19.61,0.90,0.00
19.61,0.90,0.00
19.62,0.90,0.00
19.62,0.90,0.00
19.63,0.90,0.00
19.63,0.90,0.00
19.64,0.90,0.00
19.64,0.90,0.00
19.65,0.90,0.00
19.65,0.90,0.00
19.66,0.90,0.00
19.66,0.90,0.00
19.67,0.90,0.00
19.67,0.90,0.00
19.68,0.90,0.00
19.68,0.90,0.00
19.69,0.90,0.00
19.69,0.90,0.00
19.70,0.90,0.00
19.70,0.90,0.00
19.71,0.90,0.00
19.71,0.90,0.00
19.72,0.90,0.00
19.72,0.90,0.00
19.73,0.90,0.00
19.73,0.90,0.00
19.74,0.90,0.00
19.74,0.90,0.00
19.75,0.90,0.00
19.75,0.90,0.00
19.76,0.90,0.00
19.76,0.90,0.00
19.77,0.90,0.00
19.77,0.90,0.00
19.78,0.90,0.00
19.78,0.90,0.00
19.79,0.90,0.00
19.79,0.90,0.00
19.80,0.90,0.00
19.80,0.90,0.00
19.81,0.90,0.00
19.81,0.90,0.00
19.82,0.90,0.00
19.82,0.90,0.00
19.83,0.90,0.00
19.83,0.90,0.00
19.84,0.90,0.00
19.84,0.90,0.00
19.85,0.90,0.00
19.86,0.90,0.00
19.86,0.90,0.00
19.87,0.90,0.00
19.87,0.90,0.00
19.88,0.90,0.00
19.88,0.90,0.00
19.89,0.90,0.00
19.89,0.90,0.00
19.90,0.90,0.00
19.90,0.90,0.00
19.91,0.90,0.00
19.91,0.90,0.00
19.92,0.90,0.00
19.92,0.90,0.00
19.93,0.90,0.00
19.93,0.90,0.00
19.94,0.90,0.00
19.94,0.90,0.00
19.95,0.90,0.00
19.95,0.90,0.00
19.96,0.90,0.00
19.96,0.90,0.00
19.97,0.90,0.00
19.97,0.90,0.00
19.98,0.90,0.00
19.98,0.90,0.00
19.99,0.90,0.00
19.99,0.90,0.00
20.00,0.90,0.00
20.00,0.90,0.00
20.01,0.90,0.00
20.01,0.90,0.00
20.02,0.90,0.00
20.02,0.90,0.00
20.03,0.90,0.00
20.03,0.90,0.00
20.04,0.90,0.00
20.04,0.90,0.00
20.05,0.90,0.00
20.05,0.90,0.00
20.06,0.90,0.00
20.06,0.90,0.00
20.07,0.90,0.00
20.07,0.90,0.00
20.08,0.90,0.00
20.08,0.90,0.00
20.09,0.90,0.00
20.09,0.90,0.00
20.10,0.90,0.00
20.10,0.90,0.00
20.11,0.90,0.00
20.11,0.90,0.00
20.12,0.90,0.00
20.12,0.90,0.00
20.13,0.90,0.00
20.13,0.90,0.00
20.14,0.90,0.00
20.14,0.90,0.00
20.15,0.90,0.00
20.15,0.90,0.00
20.16,0.90,0.00
20.16,0.90,0.00
20.17,0.90,0.00
20.17,0.90,0.00
20.18,0.90,0.00
20.18,0.90,0.00
20.19,0.90,0.00
20.19,0.90,0.00
20.20,0.90,0.00
20.20,0.90,0.00
20.21,0.90,0.00
20.21,0.90,0.00
20.22,0.90,0.00
20.22,0.90,0.00
20.23,0.90,0.00
20.23,0.90,0.00
20.24,0.90,0.00
20.24,0.90,0.00
20.25,0.90,0.00
20.25,0.90,0.00
20.26,0.90,0.00
20.26,0.90,0.00
20.27,0.90,0.00
20.27,0.90,0.00
20.28,0.90,0.00
20.28,0.90,0.00
20.29,0.90,0.00
20.29,0.90,0.00
20.30,0.90,0.00
20.30,0.90,0.00
20.31,0.90,0.00
20.32,0.90,0.00
20.32,0.90,0.00
20.33,0.90,0.00
20.33,0.90,0.00
20.34,0.90,0.00
20.34,0.90,0.00
20.35,0.90,0.00
20.35,0.90,0.00
20.36,0.90,0.00
20.36,0.90,0.00
20.37,0.90,0.00
20.37,0.90,0.00
20.38,0.90,0.00
20.38,0.90,0.00
20.39,0.90,0.00
20.39,0.90,0.00
20.40,0.90,0.00
20.40,0.90,0.00
20.41,0.90,0.00
20.41,0.90,0.00
20.42,0.90,0.00
20.42,0.90,0.00
20.43,0.90,0.00
20.43,0.90,0.00
20.44,0.90,0.00
20.44,0.90,0.00
20.45,0.90,0.00
20.45,0.90,0.00
20.46,0.90,0.00
20.46,0.90,0.00
20.47,0.90,0.00
20.47,0.90,0.00
20.48,0.90,0.00
20.48,0.90,0.00
20.49,0.90,0.00
20.49,0.90,0.00
20.50,0.90,0.00
20.50,0.90,0.00
20.51,0.90,0.00
20.51,0.90,0.00
20.52,0.90,0.00
20.52,0.90,0.00
20.53,0.90,0.00
20.53,0.90,0.00
20.54,0.90,0.00
20.54,0.90,0.00
20.55,0.90,0.00
20.55,0.90,0.00
20.56,0.90,0.00
20.56,0.90,0.00
20.57,0.90,0.00
20.57,0.90,0.00
20.58,0.90,0.00
20.58,0.90,0.00
20.59,0.90,0.00
20.59,0.90,0.00
20.60,0.90,0.00
20.60,0.90,0.00
20.61,0.90,0.00
20.61,0.90,0.00
20.62,0.90,0.00
20.62,0.90,0.00
20.63,0.90,0.00
20.63,0.90,0.00
20.64,0.90,0.00
20.64,0.90,0.00
20.65,0.90,0.00
20.65,0.90,0.00
20.66,0.90,0.00
20.66,0.90,0.00
20.67,0.90,0.00
20.67,0.90,0.00
20.68,0.90,0.00
20.68,0.90,0.00
20.69,0.90,0.00
20.69,0.90,0.00
20.70,0.90,0.00
20.70,0.90,0.00
20.71,0.90,0.00
20.71,0.90,0.00
20.72,0.90,0.00
20.72,0.90,0.00
20.73,0.90,0.00
20.73,0.90,0.00
20.74,0.90,0.00
20.74,0.90,0.00
20.75,0.90,0.00
20.75,0.90,0.00
20.76,0.90,0.00
20.76,0.90,0.00
20.77,0.90,0.00
20.78,0.90,0.00
20.78,0.90,0.00
20.79,0.90,0.00
20.79,0.90,0.00
20.80,0.90,0.00
20.80,0.90,0.00
20.81,0.90,0.00
20.81,0.90,0.00
20.82,0.90,0.00
20.82,0.90,0.00
20.83,0.90,0.00
20.83,0.90,0.00
20.84,0.90,0.00
20.84,0.90,0.00
20.85,0.90,0.00
20.85,0.90,0.00
20.86,0.90,0.00
20.86,0.90,0.00
20.87,0.90,0.00
20.87,0.90,0.00
20.88,0.90,0.00
20.88,0.90,0.00
20.89,0.90,0.00
20.89,0.90,0.00
20.90,0.90,0.00
20.90,0.90,0.00
20.91,0.90,0.00
20.91,0.90,0.00
20.92,0.90,0.00
20.92,0.90,0.00
20.93,0.90,0.00
20.93,0.90,0.00
20.94,0.90,0.00
20.94,0.90,0.00
20.95,0.90,0.00
20.95,0.90,0.00
20.96,0.90,0.00
20.96,0.90,0.00
20.97,0.90,0.00
20.97,0.90,0.00
20.98,0.90,0.00
20.98,0.90,0.00
20.99,0.90,0.00
20.99,0.90,0.00
21.00,0.90,0.00
21.00,0.90,0.00
21.01,0.90,0.00
21.01,0.90,0.00
21.02,0.90,0.00
21.02,0.90,0.00
21.03,0.90,0.00
21.03,0.90,0.00
21.04,0.90,0.00
21.04,0.90,0.00
21.05,0.90,0.00
21.05,0.90,0.00
21.06,0.90,0.00
21.06,0.90,0.00
21.07,0.90,0.00
21.07,0.90,0.00
21.08,0.90,0.00
21.08,0.90,0.00
21.09,0.90,0.00
21.09,0.90,0.00
21.10,0.90,0.00
21.10,0.90,0.00
21.11,0.90,0.00
21.11,0.90,0.00
21.12,0.90,0.00
21.12,0.90,0.00
21.13,0.90,0.00
21.13,0.90,0.00
21.14,0.90,0.00
21.14,0.90,0.00
21.15,0.90,0.00
21.15,0.90,0.00
21.16,0.90,0.00
21.16,0.90,0.00
21.17,0.90,0.00
21.17,0.90,0.00
21.18,0.90,0.00
21.18,0.90,0.00
21.19,0.90,0.00
21.19,0.90,0.00
21.20,0.90,0.00
21.20,0.90,0.00
21.21,0.90,0.00
21.21,0.90,0.00
21.22,0.90,0.00
21.22,0.90,0.00
21.23,0.90,0.00
21.24,0.90,0.00
21.24,0.90,0.00
21.25,0.90,0.00
21.25,0.90,0.00
21.26,0.90,0.00
21.26,0.90,0.00
21.27,0.90,0.00
21.27,0.90,0.00
21.28,0.90,0.00
21.28,0.90,0.00
21.29,0.90,0.00
21.29,0.90,0.00
21.30,0.90,0.00
21.30,0.90,0.00
21.31,0.90,0.00
21.31,0.90,0.00
21.32,0.90,0.00
21.32,0.90,0.00
21.33,0.90,0.00
21.33,0.90,0.00
21.34,0.90,0.00
21.34,0.90,0.00
21.35,0.90,0.00
21.35,0.90,0.00
21.36,0.90,0.00
21.36,0.90,0.00
21.37,0.90,0.00
21.37,0.90,0.00
21.38,0.90,0.00
21.38,0.90,0.00
21.39,0.90,0.00
21.39,0.90,0.00
21.40,0.90,0.00
21.40,0.90,0.00
21.41,0.90,0.00
21.41,0.90,0.00
21.42,0.90,0.00
21.42,0.90,0.00
21.43,0.90,0.00
21.43,0.90,0.00
21.44,0.90,0.00
21.44,0.90,0.00
21.45,0.90,0.00
21.45,0.90,0.00
21.46,0.90,0.00
21.46,0.90,0.00
21.47,0.90,0.00
21.47,0.90,0.00
21.48,0.90,0.00
21.48,0.90,0.00
21.49,0.90,0.00
21.49,0.90,0.00
21.50,0.90,0.00
21.50,0.90,0.00
21.51,0.90,0.00
21.51,0.90,0.00
21.52,0.90,0.00
21.52,0.90,0.00
21.53,0.90,0.00
21.53,0.90,0.00
21.54,0.90,0.00
21.54,0.90,0.00
21.55,0.90,0.00
21.55,0.90,0.00
21.56,0.90,0.00
21.56,0.90,0.00
21.57,0.90,0.00
21.57,0.90,0.00
21.58,0.90,0.00
21.58,0.90,0.00
21.59,0.90,0.00
21.59,0.90,0.00
21.60,0.90,0.00
21.60,0.90,0.00
21.61,0.90,0.00
21.61,0.90,0.00
21.62,0.90,0.00
21.62,0.90,0.00
21.63,0.90,0.00
21.63,0.90,0.00
21.64,0.90,0.00
21.64,0.90,0.00
21.65,0.90,0.00
21.65,0.90,0.00
21.66,0.90,0.00
21.66,0.90,0.00
21.67,0.90,0.00
21.67,0.90,0.00
21.68,0.89,0.00
21.68,0.89,0.00
21.69,0.89,0.00
21.70,0.89,0.00
21.70,0.89,0.00
21.71,0.89,0.00
21.71,0.89,0.00
21.72,0.89,0.00
21.72,0.89,0.00
21.73,0.89,0.00
21.73,0.89,0.00
21.74,0.89,0.00
21.74,0.89,0.00
21.75,0.89,0.00
21.75,0.89,0.00
21.76,0.89,0.00
21.76,0.89,0.00
21.77,0.89,0.00
21.77,0.89,0.00
21.78,0.89,0.00
21.78,0.89,0.00
21.79,0.89,0.00
21.79,0.89,0.00
21.80,0.89,0.00
21.80,0.89,0.00
21.81,0.89,0.00
21.81,0.89,0.00
21.82,0.89,0.00
21.82,0.89,0.00
21.83,0.89,0.00
21.83,0.89,0.00
21.84,0.89,0.00
21.84,0.89,0.00
21.85,0.89,0.00
21.85,0.89,0.00
21.86,0.89,0.00
21.86,0.89,0.00
21.87,0.89,0.00
21.87,0.89,0.00
21.88,0.89,0.00
21.88,0.89,0.00
21.89,0.89,0.00
21.89,0.89,0.00
21.90,0.89,0.00
21.90,0.89,0.00
21.91,0.89,0.00
21.91,0.89,0.00
21.92,0.89,0.00
21.92,0.89,0.00
21.93,0.89,0.00
21.93,0.89,0.00
21.94,0.89,0.00
21.94,0.89,0.00
21.95,0.89,0.00
21.95,0.89,0.00
21.96,0.89,0.00
21.96,0.89,0.00
21.97,0.89,0.00
21.97,0.89,0.00
21.98,0.89,0.00
21.98,0.89,0.00
21.99,0.89,0.00
21.99,0.89,0.00
22.00,0.89,0.00
22.00,0.89,0.00
22.01,0.89,0.00
22.01,0.89,0.00
22.02,0.89,0.00
22.02,0.89,0.00
22.03,0.89,0.00
22.03,0.89,0.00
22.04,0.89,0.00
22.04,0.89,0.00
22.05,0.89,0.00
22.05,0.89,0.00
22.06,0.89,0.00
22.06,0.89,0.00
22.07,0.89,0.00
22.07,0.89,0.00
22.08,0.89,0.00
22.08,0.89,0.00
22.09,0.89,0.00
22.09,0.89,0.00
22.10,0.89,0.00
22.10,0.89,0.00
22.11,0.89,0.00
22.11,0.89,0.00
22.12,0.89,0.00
22.12,0.89,0.00
22.13,0.89,0.00
22.13,0.89,0.00
22.14,0.89,0.00
22.14,0.89,0.00
22.15,0.88,0.00
22.15,0.88,0.00
22.16,0.88,0.00
22.17,0.88,0.00
22.17,0.88,0.00
22.18,0.88,0.00
22.18,0.88,0.00
22.19,0.88,0.00
22.19,0.88,0.00
22.20,0.88,0.00
22.20,0.88,0.00
22.21,0.88,0.00
22.21,0.88,0.00
22.22,0.88,0.00
22.22,0.88,0.00
22.23,0.88,0.00
22.23,0.88,0.00
22.24,0.88,0.00
22.24,0.88,0.00
22.25,0.88,0.00
22.25,0.88,0.00
22.26,0.88,0.00
22.26,0.88,0.00
22.27,0.88,0.00
22.27,0.88,0.00
22.28,0.88,0.00
22.28,0.88,0.00
22.29,0.88,0.00
22.29,0.88,0.00
22.30,0.88,0.00
22.30,0.88,0.00
22.31,0.88,0.00
22.31,0.88,0.00
22.32,0.88,0.00
22.32,0.88,0.00
22.33,0.88,0.00
22.33,0.88,0.00
22.34,0.88,0.00
22.34,0.88,0.00
22.35,0.88,0.00
22.35,0.88,0.00
22.36,0.88,0.00
22.36,0.88,0.00
22.37,0.88,0.00
22.37,0.87,0.00
22.38,0.87,0.00
22.38,0.87,0.00
22.39,0.87,0.00
22.39,0.87,0.00
22.40,0.87,0.00
22.40,0.87,0.00
22.41,0.87,0.00
22.41,0.87,0.00
22.42,0.87,0.00
22.42,0.87,0.00
22.43,0.87,0.00
22.43,0.87,0.00
22.44,0.87,0.00
22.44,0.87,0.00
22.45,0.87,0.00
22.45,0.87,0.00
22.46,0.87,0.00
22.46,0.87,0.00
22.47,0.87,0.00
22.47,0.87,0.00
22.48,0.87,0.00
22.48,0.87,0.00
22.49,0.87,0.00
22.49,0.87,0.00
22.50,0.87,0.00
22.50,0.86,0.00
22.51,0.86,0.00
22.51,0.86,0.00
22.52,0.86,0.00
22.52,0.86,0.00
22.53,0.86,0.00
22.53,0.86,0.00
22.54,0.86,0.00
22.54,0.86,0.00
22.55,0.86,0.00
22.55,0.86,0.00
22.56,0.86,0.00
22.56,0.86,0.00
22.57,0.86,0.00
22.57,0.86,0.00
22.58,0.86,0.00
22.58,0.86,0.00
22.59,0.86,0.00
22.59,0.86,0.00
22.60,0.86,0.00
22.60,0.86,0.00
22.61,0.85,0.00
22.61,0.85,0.00
22.62,0.85,0.00
22.62,0.85,0.00
22.63,0.85,0.00
22.63,0.85,0.00
22.64,0.85,0.00
22.64,0.85,0.00
22.65,0.85,0.00
22.65,0.85,0.00
22.66,0.85,0.00
22.66,0.85,0.00
22.67,0.85,0.00
22.67,0.85,0.00
22.68,0.85,0.00
22.68,0.85,0.00
22.69,0.85,0.00
22.69,0.84,0.00
22.70,0.84,0.00
22.70,0.84,0.00
22.71,0.84,0.00
22.71,0.84,0.00
22.72,0.84,0.00
22.72,0.84,0.00
22.73,0.84,0.00
22.73,0.84,0.00
22.74,0.84,0.00
22.74,0.84,0.00
22.75,0.84,0.00
22.75,0.84,0.00
22.76,0.84,0.00
22.76,0.84,0.00
22.77,0.84,0.00
22.77,0.83,0.00
22.78,0.83,0.00
22.78,0.83,0.00
22.79,0.83,0.00
22.79,0.83,0.00
22.80,0.83,0.00
22.80,0.83,0.00
22.81,0.83,0.00
22.81,0.83,0.00
22.82,0.83,0.00
22.82,0.83,0.00
22.83,0.83,0.00
22.83,0.83,0.00
22.84,0.83,0.00
22.84,0.82,0.00
22.85,0.82,0.00
22.85,0.82,0.00
22.86,0.82,0.00
22.86,0.82,0.00
22.87,0.82,0.00
22.87,0.82,0.00
22.88,0.82,0.00
22.88,0.82,0.00
22.89,0.82,0.00
22.89,0.82,0.00
22.90,0.82,0.00
22.90,0.82,0.00
22.91,0.81,0.00
22.91,0.81,0.00
22.92,0.81,0.00
22.92,0.81,0.00
22.93,0.81,0.00
22.93,0.81,0.00
22.94,0.81,0.00
22.94,0.81,0.00
22.95,0.81,0.00
22.95,0.81,0.00
22.96,0.81,0.00
22.96,0.81,0.00
22.97,0.80,0.00
22.97,0.80,0.00
22.98,0.80,0.00
22.98,0.80,0.00
22.99,0.80,0.00
22.99,0.80,0.00
23.00,0.80,0.00
23.00,0.80,0.00
23.01,0.80,0.00
23.01,0.80,0.00
23.02,0.80,0.00
23.02,0.79,0.00
23.03,0.79,0.00
23.03,0.79,0.00
23.04,0.79,0.00
23.04,0.79,0.00
23.05,0.79,0.00
23.05,0.79,0.00
23.06,0.79,0.00
23.06,0.79,0.00
23.07,0.79,0.00
23.07,0.79,0.00
23.08,0.78,0.00
23.08,0.78,0.00
23.09,0.78,0.00
23.09,0.78,0.00
23.10,0.78,0.00
23.10,0.78,0.00
23.11,0.78,0.00
23.11,0.78,0.00
23.12,0.78,0.00
23.12,0.78,0.00
23.13,0.78,0.00
23.13,0.77,0.00
23.14,0.77,0.00
23.14,0.77,0.00
23.15,0.77,0.00
23.15,0.77,0.00
23.16,0.77,0.00
23.16,0.77,0.00
23.17,0.77,0.00
23.17,0.77,0.00
23.18,0.76,0.00
23.18,0.76,0.00
23.19,0.76,0.00
23.19,0.76,0.00
23.20,0.76,0.00
23.20,0.76,0.00
23.21,0.76,0.00
23.21,0.76,0.00
23.22,0.76,0.00
23.22,0.76,0.00
23.23,0.75,0.00
23.23,0.75,0.00
23.24,0.75,0.00
23.24,0.75,0.00
23.25,0.75,0.00
23.25,0.75,0.00
23.26,0.75,0.00
23.26,0.75,0.00
23.27,0.75,0.00
23.27,0.74,0.00
23.28,0.74,0.00
23.28,0.74,0.00
23.29,0.74,0.00
23.29,0.74,0.00
23.30,0.74,0.00
23.30,0.74,0.00
23.31,0.74,0.00
23.31,0.74,0.00
23.32,0.73,0.00
23.32,0.73,0.00
23.33,0.73,0.00
23.33,0.73,0.00
23.34,0.73,0.00
23.34,0.73,0.00
23.35,0.73,0.00
23.35,0.73,0.00
23.36,0.73,0.00
23.36,0.72,0.00
23.37,0.72,0.00
23.37,0.72,0.00
23.37,0.72,0.00
23.38,0.72,0.00
23.38,0.72,0.00
23.39,0.72,0.00
23.39,0.72,0.00
23.40,0.71,0.00
23.40,0.71,0.00
23.41,0.71,0.00
23.41,0.71,0.00
23.42,0.71,0.00
23.42,0.71,0.00
23.43,0.71,0.00
23.43,0.71,0.00
23.44,0.70,0.00
23.44,0.70,0.00
23.45,0.70,0.00
23.45,0.70,0.00
23.46,0.70,0.00
23.46,0.70,0.00
23.47,0.70,0.00
23.47,0.70,0.00
23.48,0.69,0.00
23.48,0.69,0.00
23.49,0.69,0.00
23.49,0.69,0.00
23.50,0.69,0.00
23.50,0.69,0.00
23.51,0.69,0.00
23.51,0.69,0.00
23.52,0.68,0.00
23.52,0.68,0.00
23.53,0.68,0.00
23.53,0.68,0.00
23.54,0.68,0.00
23.54,0.68,0.00
23.55,0.68,0.00
23.55,0.68,0.00
23.56,0.67,0.00
23.56,0.67,0.00
23.57,0.67,0.00
23.57,0.67,0.00
23.58,0.67,0.00
23.58,0.67,0.00
23.59,0.67,0.00
23.59,0.66,0.00
23.60,0.66,0.00
23.60,0.66,0.00
23.60,0.66,0.00
23.61,0.66,0.00
23.61,0.66,0.00
23.62,0.66,0.00
23.62,0.65,0.00
23.63,0.65,0.00
23.63,0.65,0.00
23.64,0.65,0.00
23.64,0.65,0.00
23.65,0.65,0.00
23.65,0.65,0.00
23.66,0.64,0.00
23.66,0.64,0.00
23.67,0.64,0.00
23.67,0.64,0.00
23.68,0.64,0.00
23.68,0.64,0.00
23.69,0.64,0.00
23.69,0.63,0.00
23.70,0.63,0.00
23.70,0.63,0.00
23.71,0.63,0.00
23.71,0.63,0.00
23.72,0.63,0.00
23.72,0.63,0.00
23.73,0.62,0.00
23.73,0.62,0.00
23.74,0.62,0.00
23.74,0.62,0.00
23.75,0.62,0.00
23.75,0.62,0.00
23.76,0.62,0.00
23.76,0.61,0.00
23.76,0.61,0.00
23.77,0.61,0.00
23.77,0.61,0.00
23.78,0.61,0.00
23.78,0.61,0.00
23.79,0.61,0.00
23.79,0.60,0.00
23.80,0.60,0.00
23.80,0.60,0.00
23.81,0.60,0.00
23.81,0.60,0.00
23.82,0.60,0.00
23.82,0.59,0.00
23.83,0.59,0.00
23.83,0.59,0.00
23.84,0.59,0.00
23.84,0.59,0.00
23.85,0.59,0.00
23.85,0.59,0.00
23.86,0.58,0.00
23.86,0.58,0.00
23.87,0.58,0.00
23.87,0.58,0.00
23.88,0.58,0.00
23.88,0.58,0.00
23.89,0.57,0.00
23.89,0.57,0.00
23.89,0.57,0.00
23.90,0.57,0.00
23.90,0.57,0.00
23.91,0.57,0.00
23.91,0.56,0.00
23.92,0.56,0.00
23.92,0.56,0.00
23.93,0.56,0.00
23.93,0.56,0.00
23.94,0.56,0.00
23.94,0.55,0.00
23.95,0.55,0.00
23.95,0.55,0.00
23.96,0.55,0.00
23.96,0.55,0.00
23.97,0.55,0.00
23.97,0.55,0.00
23.98,0.54,0.00
23.98,0.54,0.00
23.99,0.54,0.00
23.99,0.54,0.00
24.00,0.54,0.00
24.00,0.54,0.00
24.00,0.53,0.00
24.01,0.53,0.00
24.01,0.53,0.00
24.02,0.53,0.00
24.02,0.53,0.00
24.03,0.53,0.00
24.03,0.52,0.00
24.04,0.52,0.00
24.04,0.52,0.00
24.05,0.52,0.00
24.05,0.52,0.00
24.06,0.51,0.00
24.06,0.51,0.00
24.07,0.51,0.00
24.07,0.51,0.00
24.08,0.51,0.00
24.08,0.51,0.00
24.09,0.50,0.00
24.09,0.50,0.00
24.10,0.50,0.00
24.10,0.50,0.00
24.10,0.50,0.00
24.11,0.50,0.00
24.11,0.49,0.00
24.12,0.49,0.00
24.12,0.49,0.00
24.13,0.49,0.00
24.13,0.49,0.00
24.14,0.49,0.00
24.14,0.48,0.00
24.15,0.48,0.00
24.15,0.48,0.00
24.16,0.48,0.00
24.16,0.48,0.00
24.17,0.47,0.00
24.17,0.47,0.00
24.18,0.47,0.00
24.18,0.47,0.00
24.19,0.47,0.00
24.19,0.47,0.00
24.19,0.46,0.00
24.20,0.46,0.00
24.20,0.46,0.00
24.21,0.46,0.00
24.21,0.46,0.00
24.22,0.45,0.00
24.22,0.45,0.00
24.23,0.45,0.00
24.23,0.45,0.00
24.24,0.45,0.00
24.24,0.45,0.00
24.25,0.44,0.00
24.25,0.44,0.00
24.26,0.44,0.00
24.26,0.44,0.00
24.27,0.44,0.00
24.27,0.43,0.00
24.27,0.43,0.00
24.28,0.43,0.00
24.28,0.43,0.00
24.29,0.43,0.00
24.29,0.43,0.00
24.30,0.42,0.00
24.30,0.42,0.00
24.31,0.42,0.00
24.31,0.42,0.00
24.32,0.42,0.00
24.32,0.41,0.00
24.33,0.41,0.00
24.33,0.41,0.00
24.34,0.41,0.00
24.34,0.41,0.00
24.34,0.40,0.00
24.35,0.40,0.00
24.35,0.40,0.00
24.36,0.40,0.00
24.36,0.40,0.00
24.37,0.39,0.00
24.37,0.39,0.00
24.38,0.39,0.00
24.38,0.39,0.00
24.39,0.39,0.00
24.39,0.39,0.00
24.40,0.38,0.00
24.40,0.38,0.00
24.41,0.38,0.00
24.41,0.38,0.00
24.42,0.38,0.00
24.42,0.37,0.00
24.42,0.37,0.00
24.43,0.37,0.00
24.43,0.37,0.00
24.44,0.37,0.00
24.44,0.36,0.00
24.45,0.36,0.00
24.45,0.36,0.00
24.46,0.36,0.00
24.46,0.36,0.00
24.47,0.35,0.00
24.47,0.35,0.00
24.48,0.35,0.00
24.48,0.35,0.00
24.48,0.35,0.00
24.49,0.34,0.00
24.49,0.34,0.00
24.50,0.34,0.00
24.50,0.34,0.00
24.51,0.34,0.00
24.51,0.33,0.00
24.52,0.33,0.00
24.52,0.33,0.00
24.53,0.33,0.00
24.53,0.33,0.00
24.54,0.32,0.00
24.54,0.32,0.00
24.55,0.32,0.00
24.55,0.32,0.00
24.55,0.32,0.00
24.56,0.31,0.00
24.56,0.31,0.00
24.57,0.31,0.00
24.57,0.31,0.00
24.58,0.31,0.00
24.58,0.30,0.00
24.59,0.30,0.00
24.59,0.30,0.00
24.60,0.30,0.00
24.60,0.30,0.00
24.61,0.29,0.00
24.61,0.29,0.00
24.61,0.29,0.00
24.62,0.29,0.00
24.62,0.28,0.00
24.63,0.28,0.00
24.63,0.28,0.00
24.64,0.28,0.00
24.64,0.28,0.00
24.65,0.27,0.00
24.65,0.27,0.00
24.66,0.27,0.00
24.66,0.27,0.00
24.67,0.27,0.00
24.67,0.26,0.00
24.67,0.26,0.00
24.68,0.26,0.00
24.68,0.26,0.00
24.69,0.26,0.00
24.69,0.25,0.00
24.70,0.25,0.00
24.70,0.25,0.00
24.71,0.25,0.00
24.71,0.24,0.00
24.72,0.24,0.00
24.72,0.24,0.00
24.72,0.24,0.00
24.73,0.24,0.00
24.73,0.23,0.00
24.74,0.23,0.00
24.74,0.23,0.00
24.75,0.23,0.00
24.75,0.23,0.00
24.76,0.22,0.00
24.76,0.22,0.00
24.77,0.22,0.00
24.77,0.22,0.00
24.77,0.21,0.00
24.78,0.21,0.00
24.78,0.21,0.00
24.79,0.21,0.00
24.79,0.21,0.00
24.80,0.20,0.00
24.80,0.20,0.00
24.81,0.20,0.00
24.81,0.20,0.00
24.82,0.20,0.00
24.82,0.19,0.00
24.83,0.19,0.00
24.83,0.19,0.00
24.83,0.19,0.00
24.84,0.18,0.00
24.84,0.18,0.00
24.85,0.18,0.00
24.85,0.18,0.00
24.86,0.18,0.00
24.86,0.17,0.00
24.87,0.17,0.00
24.87,0.17,0.00
24.88,0.17,0.00
24.88,0.16,0.00
24.88,0.16,0.00
24.89,0.16,0.00
24.89,0.16,0.00
24.90,0.16,0.00
24.90,0.15,0.00
24.91,0.15,0.00
24.91,0.15,0.00
24.92,0.15,0.00
24.92,0.14,0.00
24.93,0.14,0.00
24.93,0.14,0.00
24.93,0.14,0.00
24.94,0.14,0.00
24.94,0.13,0.00
24.95,0.13,0.00
24.95,0.13,0.00
24.96,0.13,0.00
24.96,0.12,0.00
24.97,0.12,0.00
24.97,0.12,0.00
24.97,0.12,0.00
24.98,0.11,0.00
24.98,0.11,0.00
24.99,0.11,0.00
24.99,0.11,0.00
25.00,0.11,0.00
25.00,0.10,0.00
25.01,0.10,0.00
25.01,0.10,0.00
25.02,0.10,0.00
25.02,0.09,0.00
25.02,0.09,0.00
25.03,0.09,0.00
25.03,0.09,0.00
25.04,0.08,0.00
25.04,0.08,0.00
25.05,0.08,0.00
25.05,0.08,0.00
25.06,0.08,0.00
25.06,0.07,0.00
25.06,0.07,0.00
25.07,0.07,0.00
25.07,0.07,0.00
25.08,0.06,0.00
25.08,0.06,0.00
25.09,0.06,0.00
25.09,0.06,0.00
25.10,0.05,0.00
25.10,0.05,0.00
25.11,0.05,0.00
25.11,0.05,0.00
25.11,0.05,0.00
25.12,0.04,0.00
25.12,0.04,0.00
25.13,0.04,0.00
25.13,0.04,0.00
25.14,0.03,0.00
25.14,0.03,0.00
25.15,0.03,0.00
25.15,0.03,0.00
25.15,0.02,0.00
25.16,0.02,0.00
25.16,0.02,0.00
25.17,0.02,0.00
25.17,0.01,0.00
25.18,0.01,0.00
25.18,0.01,0.00
25.19,0.01,0.00
25.19,0.01,0.00
25.19,0.00,0.00
25.20,0.00,0.00
25.20,-0.00,0.00
25.21,-0.00,0.00
25.21,-0.01,0.00
25.22,-0.01,0.00
25.22,-0.01,0.00
25.23,-0.01,0.00
25.23,-0.02,0.00
25.23,-0.02,0.00
25.24,-0.02,0.00
25.24,-0.02,0.00
25.25,-0.03,0.00
25.25,-0.03,0.00
25.26,-0.03,0.00
25.26,-0.03,0.00
25.27,-0.04,0.00
25.27,-0.04,0.00
25.27,-0.04,0.00
25.28,-0.04,0.00
25.28,-0.05,0.00
25.29,-0.05,0.00
25.29,-0.05,0.00
25.30,-0.05,0.00
25.30,-0.06,0.00
25.31,-0.06,0.00
25.31,-0.06,0.00
25.31,-0.06,0.00
25.32,-0.06,0.00
25.32,-0.07,0.00
25.33,-0.07,0.00
25.33,-0.07,0.00
25.34,-0.07,0.00
25.34,-0.08,0.00
25.35,-0.08,0.00
25.35,-0.08,0.00
25.35,-0.08,0.00
25.36,-0.09,0.00
25.36,-0.09,0.00
25.37,-0.09,0.00
25.37,-0.09,0.00
25.38,-0.10,0.00
25.38,-0.10,0.00
25.39,-0.10,0.00
25.39,-0.10,0.00
25.39,-0.11,0.00
25.40,-0.11,0.00
25.40,-0.11,0.00
25.41,-0.11,0.00
25.41,-0.12,0.00
25.42,-0.12,0.00
25.42,-0.12,0.00
25.42,-0.12,0.00
25.43,-0.13,0.00
25.43,-0.13,0.00
25.44,-0.13,0.00
25.44,-0.13,0.00
25.45,-0.14,0.00
25.45,-0.14,0.00
25.46,-0.14,0.00
25.46,-0.14,0.00
25.46,-0.15,0.00
25.47,-0.15,0.00
25.47,-0.15,0.00
25.48,-0.15,0.00
25.48,-0.16,0.00
25.49,-0.16,0.00
25.49,-0.16,0.00
25.50,-0.16,0.00
25.50,-0.17,0.00
25.50,-0.17,0.00
25.51,-0.17,0.00
25.51,-0.17,0.00
25.52,-0.18,0.00
25.52,-0.18,0.00
25.53,-0.18,0.00
25.53,-0.18,0.00
25.53,-0.19,0.00
25.54,-0.19,0.00
25.54,-0.19,0.00
25.55,-0.19,0.00
25.55,-0.20,0.00
25.56,-0.20,0.00
25.56,-0.20,0.00
25.57,-0.20,0.00
25.57,-0.21,0.00
25.57,-0.21,0.00
25.58,-0.21,0.00
25.58,-0.21,0.00
25.59,-0.22,0.00
25.59,-0.22,0.00
25.60,-0.22,0.00
25.60,-0.22,0.00
25.60,-0.23,0.00
25.61,-0.23,0.00
25.61,-0.23,0.00
25.62,-0.24,0.00
25.62,-0.24,0.00
25.63,-0.24,0.00
25.63,-0.24,0.00
25.63,-0.25,0.00
25.64,-0.25,0.00
25.64,-0.25,0.00
25.65,-0.25,0.00
25.65,-0.26,0.00
25.66,-0.26,0.00
25.66,-0.26,0.00
25.67,-0.26,0.00
25.67,-0.27,0.00
25.67,-0.27,0.00
25.68,-0.27,0.00
25.68,-0.27,0.00
25.69,-0.28,0.00
25.69,-0.28,0.00
25.70,-0.28,0.00
25.70,-0.28,0.00
25.70,-0.29,0.00
25.71,-0.29,0.00
25.71,-0.29,0.00
25.72,-0.29,0.00
25.72,-0.30,0.00
25.73,-0.30,0.00
25.73,-0.30,0.00
25.73,-0.30,0.00
25.74,-0.31,0.00
25.74,-0.31,0.00
25.75,-0.31,0.00
25.75,-0.32,0.00
25.76,-0.32,0.00
25.76,-0.32,0.00
25.77,-0.32,0.00
25.77,-0.33,0.00
25.77,-0.33,0.00
25.78,-0.33,0.00
25.78,-0.33,0.00
25.79,-0.34,0.00
25.79,-0.34,0.00
25.80,-0.34,0.00
25.80,-0.34,0.00
25.80,-0.35,0.00
25.81,-0.35,0.00
25.81,-0.35,0.00
25.82,-0.35,0.00
25.82,-0.36,0.00
25.83,-0.36,0.00
25.83,-0.36,0.00
25.83,-0.37,0.00
25.84,-0.37,0.00
25.84,-0.37,0.00
25.85,-0.37,0.00
25.85,-0.38,0.00
25.86,-0.38,0.00
25.86,-0.38,0.00
25.86,-0.38,0.00
25.87,-0.39,0.00
25.87,-0.39,0.00
25.88,-0.39,0.00
25.88,-0.39,0.00
25.89,-0.40,0.00
25.89,-0.40,0.00
25.89,-0.40,0.00
25.90,-0.41,0.00
25.90,-0.41,0.00
25.91,-0.41,0.00
25.91,-0.41,0.00
25.92,-0.42,0.00
25.92,-0.42,0.00
25.92,-0.42,0.00
25.93,-0.42,0.00
25.93,-0.43,0.00
25.94,-0.43,0.00
25.94,-0.43,0.00
25.95,-0.43,0.00
25.95,-0.44,0.00
25.95,-0.44,0.00
25.96,-0.44,0.00
25.96,-0.45,0.00
25.97,-0.45,0.00
25.97,-0.45,0.00
25.98,-0.45,0.00
25.98,-0.46,0.00
25.98,-0.46,0.00
25.99,-0.46,0.00
25.99,-0.46,0.00
26.00,-0.47,0.00
26.00,-0.47,0.00
26.01,-0.47,0.00
26.01,-0.47,0.00
26.01,-0.48,0.00
26.02,-0.48,0.00
26.02,-0.48,0.00
26.03,-0.49,0.00
26.03,-0.49,0.00
26.04,-0.49,0.00
26.04,-0.49,0.00
26.04,-0.50,0.00
26.05,-0.50,0.00
26.05,-0.50,0.00
26.06,-0.50,0.00
26.06,-0.51,0.00
26.07,-0.51,0.00
26.07,-0.51,0.00
26.07,-0.52,0.00
26.08,-0.52,0.00
26.08,-0.52,0.00
26.09,-0.52,0.00
26.09,-0.53,0.00
26.10,-0.53,0.00
26.10,-0.53,0.00
26.10,-0.53,0.00
26.11,-0.54,0.00
26.11,-0.54,0.00
26.12,-0.54,0.00
26.12,-0.55,0.00
26.13,-0.55,0.00
26.13,-0.55,0.00
26.13,-0.55,0.00
26.14,-0.56,0.00
26.14,-0.56,0.00
26.15,-0.56,0.00
26.15,-0.56,0.00
26.15,-0.57,0.00
26.16,-0.57,0.00
26.16,-0.57,0.00
26.17,-0.58,0.00
26.17,-0.58,0.00
26.18,-0.58,0.00
26.18,-0.58,0.00
26.18,-0.59,0.00
26.19,-0.59,0.00
26.19,-0.59,0.00
26.20,-0.59,0.00
26.20,-0.60,0.00
26.21,-0.60,0.00
26.21,-0.60,0.00
26.21,-0.61,0.00
26.22,-0.61,0.00
26.22,-0.61,0.00
26.23,-0.61,0.00
26.23,-0.62,0.00
26.24,-0.62,0.00
26.24,-0.62,0.00
26.24,-0.63,0.00
26.25,-0.63,0.00
26.25,-0.63,0.00
26.26,-0.63,0.00
26.26,-0.64,0.00
26.27,-0.64,0.00
26.27,-0.64,0.00
26.27,-0.64,0.00
26.28,-0.65,0.00
26.28,-0.65,0.00
26.29,-0.65,0.00
26.29,-0.66,0.00
26.29,-0.66,0.00
26.30,-0.66,0.00
26.30,-0.66,0.00
26.31,-0.67,0.00
26.31,-0.67,0.00
26.32,-0.67,0.00
26.32,-0.67,0.00
26.32,-0.68,0.00
26.33,-0.68,0.00
26.33,-0.68,0.00
26.34,-0.69,0.00
26.34,-0.69,0.00
26.35,-0.69,0.00
26.35,-0.69,0.00
26.35,-0.70,0.00
26.36,-0.70,0.00
26.36,-0.70,0.00
26.37,-0.71,0.00
26.37,-0.71,0.00
26.37,-0.71,0.00
26.38,-0.71,0.00
26.38,-0.72,0.00
26.39,-0.72,0.00
26.39,-0.72,0.00
26.40,-0.73,0.00
26.40,-0.73,0.00
26.40,-0.73,0.00
26.41,-0.73,0.00
26.41,-0.74,0.00
26.42,-0.74,0.00
26.42,-0.74,0.00
26.43,-0.74,0.00
26.43,-0.75,0.00
26.43,-0.75,0.00
26.44,-0.75,0.00
26.44,-0.76,0.00
26.45,-0.76,0.00
26.45,-0.76,0.00
26.45,-0.76,0.00
26.46,-0.77,0.00
26.46,-0.77,0.00
26.47,-0.77,0.00
26.47,-0.78,0.00
26.48,-0.78,0.00
26.48,-0.78,0.00
26.48,-0.78,0.00
26.49,-0.79,0.00
26.49,-0.79,0.00
26.50,-0.79,0.00
26.50,-0.80,0.00
26.51,-0.80,0.00
26.51,-0.80,0.00
26.51,-0.80,0.00
26.52,-0.81,0.00
26.52,-0.81,0.00
26.53,-0.81,0.00
26.53,-0.82,0.00
26.53,-0.82,0.00
26.54,-0.82,0.00
26.54,-0.82,0.00
26.55,-0.83,0.00
26.55,-0.83,0.00
26.56,-0.83,0.00
26.56,-0.84,0.00
26.56,-0.84,0.00
26.57,-0.84,0.00
26.57,-0.84,0.00
26.58,-0.85,0.00
26.58,-0.85,0.00
26.58,-0.85,0.00
26.59,-0.85,0.00
26.59,-0.86,0.00
26.60,-0.86,0.00
26.60,-0.86,0.00
26.61,-0.87,0.00
26.61,-0.87,0.00
26.61,-0.87,0.00
26.62,-0.87,0.00
26.62,-0.88,0.00
26.63,-0.88,0.00
26.63,-0.88,0.00
26.63,-0.89,0.00
26.64,-0.89,0.00
26.64,-0.89,0.00
26.65,-0.89,0.00
26.65,-0.90,0.00
26.66,-0.90,0.00
26.66,-0.90,0.00
26.66,-0.91,0.00
26.67,-0.91,0.00
26.67,-0.91,0.00
26.68,-0.91,0.00
26.68,-0.92,0.00
26.68,-0.92,0.00
26.69,-0.92,0.00
26.69,-0.93,0.00
26.70,-0.93,0.00
26.70,-0.93,0.00
26.71,-0.93,0.00
26.71,-0.94,0.00
26.71,-0.94,0.00
26.72,-0.94,0.00
26.72,-0.95,0.00
26.73,-0.95,0.00
26.73,-0.95,0.00
26.74,-0.95,0.00
26.74,-0.96,0.00
26.74,-0.96,0.00
26.75,-0.96,0.00
26.75,-0.97,0.00
26.76,-0.97,0.00
26.76,-0.97,0.00
26.76,-0.97,0.00
26.77,-0.98,0.00
26.77,-0.98,0.00
26.78,-0.98,0.00
26.78,-0.99,0.00
26.78,-0.99,0.00
26.79,-0.99,0.00
26.79,-0.99,0.00
26.80,-1.00,0.00
26.80,-1.00,0.00
26.81,-1.00,0.00
26.81,-1.01,0.00
26.81,-1.01,0.00
26.82,-1.01,0.00
26.82,-1.01,0.00
26.83,-1.02,0.00
26.83,-1.02,0.00
26.83,-1.02,0.00
26.84,-1.03,0.00
26.84,-1.03,0.00
26.85,-1.03,0.00
26.85,-1.04,0.00
26.86,-1.04,0.00
26.86,-1.04,0.00
26.86,-1.04,0.00
26.87,-1.05,0.00
26.87,-1.05,0.00
26.88,-1.05,0.00
26.88,-1.06,0.00
26.88,-1.06,0.00
26.89,-1.06,0.00
26.89,-1.06,0.00
26.90,-1.07,0.00
26.90,-1.07,0.00
26.91,-1.07,0.00
26.91,-1.08,0.00
26.91,-1.08,0.00
26.92,-1.08,0.00
26.92,-1.08,0.00
26.93,-1.09,0.00
26.93,-1.09,0.00
26.93,-1.09,0.00
26.94,-1.10,0.00
26.94,-1.10,0.00
26.95,-1.10,0.00
26.95,-1.10,0.00
26.96,-1.11,0.00
26.96,-1.11,0.00
26.96,-1.11,0.00
26.97,-1.12,0.00
26.97,-1.12,0.00
26.98,-1.12,0.00
26.98,-1.12,0.00
26.98,-1.13,0.00
26.99,-1.13,0.00
26.99,-1.13,0.00
27.00,-1.14,0.00
27.00,-1.14,0.00
27.01,-1.14,0.00
27.01,-1.14,0.00
27.01,-1.15,0.00
27.02,-1.15,0.00
27.02,-1.15,0.00
27.03,-1.16,0.00
27.03,-1.16,0.00
27.03,-1.16,0.00
27.04,-1.17,0.00
27.04,-1.17,0.00
27.05,-1.17,0.00
27.05,-1.17,0.00
27.05,-1.18,0.00
27.06,-1.18,0.00
27.06,-1.18,0.00
27.07,-1.19,0.00
27.07,-1.19,0.00
27.08,-1.19,0.00
27.08,-1.19,0.00
27.08,-1.20,0.00
27.09,-1.20,0.00
27.09,-1.20,0.00
27.10,-1.21,0.00
27.10,-1.21,0.00
27.10,-1.21,0.00
27.11,-1.21,0.00
27.11,-1.22,0.00
27.12,-1.22,0.00
27.12,-1.22,0.00
27.13,-1.23,0.00
27.13,-1.23,0.00
27.13,-1.23,0.00
27.14,-1.23,0.00
27.14,-1.24,0.00
27.15,-1.24,0.00
27.15,-1.24,0.00
27.15,-1.25,0.00
27.16,-1.25,0.00
27.16,-1.25,0.00
27.17,-1.26,0.00
27.17,-1.26,0.00
27.17,-1.26,0.00
27.18,-1.26,0.00
27.18,-1.27,0.00
27.19,-1.27,0.00
27.19,-1.27,0.00
27.20,-1.28,0.00
27.20,-1.28,0.00
27.20,-1.28,0.00
27.21,-1.28,0.00
27.21,-1.29,0.00
27.22,-1.29,0.00
27.22,-1.29,0.00
27.22,-1.30,0.00
27.23,-1.30,0.00
27.23,-1.30,0.00
27.24,-1.30,0.00
27.24,-1.31,0.00
27.24,-1.31,0.00
27.25,-1.31,0.00
27.25,-1.32,0.00
27.26,-1.32,0.00
27.26,-1.32,0.00
27.27,-1.32,0.00
27.27,-1.33,0.00
27.27,-1.33,0.00
27.28,-1.33,0.00
27.28,-1.34,0.00
27.29,-1.34,0.00
27.29,-1.34,0.00
27.29,-1.35,0.00
27.30,-1.35,0.00
27.30,-1.35,0.00
27.31,-1.35,0.00
27.31,-1.36,0.00
27.32,-1.36,0.00
27.32,-1.36,0.00
27.32,-1.37,0.00
27.33,-1.37,0.00
27.33,-1.37,0.00
27.34,-1.37,0.00
27.34,-1.38,0.00
27.34,-1.38,0.00
27.35,-1.38,0.00
27.35,-1.39,0.00
27.36,-1.39,0.00
27.36,-1.39,0.00
27.36,-1.39,0.00
27.37,-1.40,0.00
27.37,-1.40,0.00
27.38,-1.40,0.00
27.38,-1.41,0.00
27.39,-1.41,0.00
27.39,-1.41,0.00
27.39,-1.42,0.00
27.40,-1.42,0.00
27.40,-1.42,0.00
27.41,-1.42,0.00
27.41,-1.43,0.00
27.41,-1.43,0.00
27.42,-1.43,0.00
27.42,-1.44,0.00
27.43,-1.44,0.00
27.43,-1.44,0.00
27.43,-1.44,0.00
27.44,-1.45,0.00
27.44,-1.45,0.00
27.45,-1.45,0.00
27.45,-1.46,0.00
27.46,-1.46,0.00
27.46,-1.46,0.00
27.46,-1.47,0.00
27.47,-1.47,0.00
27.47,-1.47,0.00
27.48,-1.47,0.00
27.48,-1.48,0.00
27.48,-1.48,0.00
27.49,-1.48,0.00
27.49,-1.49,0.00
27.50,-1.49,0.00
27.50,-1.49,0.00
27.50,-1.49,0.00
27.51,-1.50,0.00
27.51,-1.50,0.00
27.52,-1.50,0.00
27.52,-1.51,0.00
27.53,-1.51,0.00
27.53,-1.51,0.00
27.53,-1.51,0.00
27.54,-1.52,0.00
27.54,-1.52,0.00
27.55,-1.52,0.00
27.55,-1.53,0.00
27.55,-1.53,0.00
27.56,-1.53,0.00
27.56,-1.54,0.00
27.57,-1.54,0.00
27.57,-1.54,0.00
27.58,-1.54,0.00
27.58,-1.55,0.00
27.58,-1.55,0.00
27.59,-1.55,0.00
27.59,-1.56,0.00
27.60,-1.56,0.00
27.60,-1.56,0.00
27.60,-1.56,0.00
27.61,-1.57,0.00
27.61,-1.57,0.00
27.62,-1.57,0.00
27.62,-1.58,0.00
27.62,-1.58,0.00
27.63,-1.58,0.00
27.63,-1.58,0.00
27.64,-1.59,0.00
27.64,-1.59,0.00
27.65,-1.59,0.00
27.65,-1.60,0.00
27.65,-1.60,0.00
27.66,-1.60,0.00
27.66,-1.61,0.00
27.67,-1.61,0.00
27.67,-1.61,0.00
27.67,-1.61,0.00
27.68,-1.62,0.00
27.68,-1.62,0.00
27.69,-1.62,0.00
27.69,-1.63,0.00
27.69,-1.63,0.00
27.70,-1.63,0.00
27.70,-1.63,0.00
27.71,-1.64,0.00
27.71,-1.64,0.00
27.72,-1.64,0.00
27.72,-1.65,0.00
27.72,-1.65,0.00
27.73,-1.65,0.00
27.73,-1.65,0.00
27.74,-1.66,0.00
27.74,-1.66,0.00
27.74,-1.66,0.00
27.75,-1.67,0.00
27.75,-1.67,0.00
27.76,-1.67,0.00
27.76,-1.68,0.00
27.77,-1.68,0.00
27.77,-1.68,0.00
27.77,-1.68,0.00
27.78,-1.69,0.00
27.78,-1.69,0.00
27.79,-1.69,0.00
27.79,-1.70,0.00
27.79,-1.70,0.00
27.80,-1.70,0.00
27.80,-1.70,0.00
27.81,-1.71,0.00
27.81,-1.71,0.00
27.81,-1.71,0.00
27.82,-1.72,0.00
27.82,-1.72,0.00
27.83,-1.72,0.00
27.83,-1.72,0.00
27.84,-1.73,0.00
27.84,-1.73,0.00
27.84,-1.73,0.00
27.85,-1.74,0.00
27.85,-1.74,0.00
27.86,-1.74,0.00
27.86,-1.74,0.00
27.86,-1.75,0.00
27.87,-1.75,0.00
27.87,-1.75,0.00
27.88,-1.76,0.00
27.88,-1.76,0.00
27.88,-1.76,0.00
27.89,-1.77,0.00
27.89,-1.77,0.00
27.90,-1.77,0.00
27.90,-1.77,0.00
27.91,-1.78,0.00
27.91,-1.78,0.00
27.91,-1.78,0.00
27.92,-1.79,0.00
27.92,-1.79,0.00
27.93,-1.79,0.00
27.93,-1.79,0.00
27.93,-1.80,0.00
27.94,-1.80,0.00
27.94,-1.80,0.00
27.95,-1.81,0.00
27.95,-1.81,0.00
27.96,-1.81,0.00
27.96,-1.81,0.00
27.96,-1.82,0.00
27.97,-1.82,0.00
27.97,-1.82,0.00
27.98,-1.83,0.00
27.98,-1.83,0.00
27.98,-1.83,0.00
27.99,-1.83,0.00
27.99,-1.84,0.00
28.00,-1.84,0.00
28.00,-1.84,0.00
28.01,-1.85,0.00
28.01,-1.85,0.00
28.01,-1.85,0.00
28.02,-1.86,0.00
28.02,-1.86,0.00
28.03,-1.86,0.00
28.03,-1.86,0.00
28.03,-1.87,0.00
28.04,-1.87,0.00
28.04,-1.87,0.00
28.05,-1.88,0.00
28.05,-1.88,0.00
28.05,-1.88,0.00
28.06,-1.88,0.00
28.06,-1.89,0.00
28.07,-1.89,0.00
28.07,-1.89,0.00
28.08,-1.90,0.00
28.08,-1.90,0.00
28.08,-1.90,0.00
28.09,-1.90,0.00
28.09,-1.91,0.00
28.10,-1.91,0.00
28.10,-1.91,0.00
28.10,-1.92,0.00
28.11,-1.92,0.00
28.11,-1.92,0.00
28.12,-1.92,0.00
28.12,-1.93,0.00
28.13,-1.93,0.00
28.13,-1.93,0.00
28.13,-1.94,0.00
28.14,-1.94,0.00
28.14,-1.94,0.00
28.15,-1.94,0.00
28.15,-1.95,0.00
28.15,-1.95,0.00
28.16,-1.95,0.00
28.16,-1.96,0.00
28.17,-1.96,0.00
28.17,-1.96,0.00
28.18,-1.96,0.00
28.18,-1.97,0.00
28.18,-1.97,0.00
28.19,-1.97,0.00
28.19,-1.98,0.00
28.20,-1.98,0.00
28.20,-1.98,0.00
28.20,-1.98,0.00
28.21,-1.99,0.00
28.21,-1.99,0.00
28.22,-1.99,0.00
28.22,-2.00,0.00
28.23,-2.00,0.00
28.23,-2.00,0.00
28.23,-2.00,0.00
28.24,-2.01,0.00
28.24,-2.01,0.00
28.25,-2.01,0.00
28.25,-2.02,0.00
28.25,-2.02,0.00
28.26,-2.02,0.00
28.26,-2.02,0.00
28.27,-2.03,0.00
28.27,-2.03,0.00
28.28,-2.03,0.00
28.28,-2.04,0.00
28.28,-2.04,0.00
28.29,-2.04,0.00
28.29,-2.04,0.00
28.30,-2.05,0.00
28.30,-2.05,0.00
28.30,-2.05,0.00
28.31,-2.06,0.00
28.31,-2.06,0.00
28.32,-2.06,0.00
28.32,-2.06,0.00
28.33,-2.07,0.00
28.33,-2.07,0.00
28.33,-2.07,0.00
28.34,-2.08,0.00
28.34,-2.08,0.00
28.35,-2.08,0.00
28.35,-2.08,0.00
28.35,-2.09,0.00
28.36,-2.09,0.00
28.36,-2.09,0.00
28.37,-2.10,0.00
28.37,-2.10,0.00
28.38,-2.10,0.00
28.38,-2.10,0.00
28.38,-2.11,0.00
28.39,-2.11,0.00
28.39,-2.11,0.00
28.40,-2.12,0.00
28.40,-2.12,0.00
28.40,-2.12,0.00
28.41,-2.12,0.00
28.41,-2.13,0.00
28.42,-2.13,0.00
28.42,-2.13,0.00
28.43,-2.14,0.00
28.43,-2.14,0.00
28.43,-2.14,0.00
28.44,-2.14,0.00
28.44,-2.15,0.00
28.45,-2.15,0.00
28.45,-2.15,0.00
28.46,-2.16,0.00
28.46,-2.16,0.00
28.46,-2.16,0.00
28.47,-2.16,0.00
28.47,-2.17,0.00
28.48,-2.17,0.00
28.48,-2.17,0.00
28.48,-2.18,0.00
28.49,-2.18,0.00
28.49,-2.18,0.00
28.50,-2.18,0.00
28.50,-2.19,0.00
28.51,-2.19,0.00
28.51,-2.19,0.00
28.51,-2.19,0.00
28.52,-2.20,0.00
28.52,-2.20,0.00
28.53,-2.20,0.00
28.53,-2.21,0.00
28.53,-2.21,0.00
28.54,-2.21,0.00
28.54,-2.21,0.00
28.55,-2.22,0.00
28.55,-2.22,0.00
28.56,-2.22,0.00
28.56,-2.23,0.00
28.56,-2.23,0.00
28.57,-2.23,0.00
28.57,-2.23,0.00
28.58,-2.24,0.00
28.58,-2.24,0.00
28.59,-2.24,0.00
28.59,-2.25,0.00
28.59,-2.25,0.00
28.60,-2.25,0.00
28.60,-2.25,0.00
28.61,-2.26,0.00
28.61,-2.26,0.00
28.61,-2.26,0.00
28.62,-2.26,0.00
28.62,-2.27,0.00
28.63,-2.27,0.00
28.63,-2.27,0.00
28.64,-2.28,0.00
28.64,-2.28,0.00
28.64,-2.28,0.00
28.65,-2.28,0.00
28.65,-2.29,0.00
28.66,-2.29,0.00
28.66,-2.29,0.00
28.67,-2.30,0.00
28.67,-2.30,0.00
28.67,-2.30,0.00
28.68,-2.30,0.00
28.68,-2.31,0.00
28.69,-2.31,0.00
28.69,-2.31,0.00
28.70,-2.31,0.00
28.70,-2.32,0.00
28.70,-2.32,0.00
28.71,-2.32,0.00
28.71,-2.33,0.00
28.72,-2.33,0.00
28.72,-2.33,0.00
28.72,-2.33,0.00
28.73,-2.34,0.00
28.73,-2.34,0.00
28.74,-2.34,0.00
28.74,-2.34,0.00
28.75,-2.35,0.00
28.75,-2.35,0.00
28.75,-2.35,0.00
28.76,-2.36,0.00
28.76,-2.36,0.00
28.77,-2.36,0.00
28.77,-2.36,0.00
28.78,-2.37,0.00
28.78,-2.37,0.00
28.78,-2.37,0.00
28.79,-2.38,0.00
28.79,-2.38,0.00
28.80,-2.38,0.00
28.80,-2.38,0.00
28.81,-2.39,0.00
28.81,-2.39,0.00
28.81,-2.39,0.00
28.82,-2.39,0.00
28.82,-2.40,0.00
28.83,-2.40,0.00
28.83,-2.40,0.00
28.84,-2.41,0.00
28.84,-2.41,0.00
28.84,-2.41,0.00
28.85,-2.41,0.00
28.85,-2.42,0.00
28.86,-2.42,0.00
28.86,-2.42,0.00
28.87,-2.42,0.00
28.87,-2.43,0.00
28.87,-2.43,0.00
28.88,-2.43,0.00
28.88,-2.44,0.00
28.89,-2.44,0.00
28.89,-2.44,0.00
28.90,-2.44,0.00
28.90,-2.45,0.00
28.90,-2.45,0.00
28.91,-2.45,0.00
28.91,-2.45,0.00
28.92,-2.46,0.00
28.92,-2.46,0.00
28.92,-2.46,0.00
28.93,-2.46,0.00
28.93,-2.47,0.00
28.94,-2.47,0.00
28.94,-2.47,0.00
28.95,-2.48,0.00
28.95,-2.48,0.00
28.95,-2.48,0.00
28.96,-2.48,0.00
28.96,-2.49,0.00
28.97,-2.49,0.00
28.97,-2.49,0.00
28.98,-2.49,0.00
28.98,-2.50,0.00
28.98,-2.50,0.00
28.99,-2.50,0.00
28.99,-2.51,0.00
29.00,-2.51,0.00
29.00,-2.51,0.00
29.01,-2.51,0.00
29.01,-2.52,0.00
29.01,-2.52,0.00
29.02,-2.52,0.00
29.02,-2.52,0.00
29.03,-2.53,0.00
29.03,-2.53,0.00
29.04,-2.53,0.00
29.04,-2.53,0.00
29.05,-2.54,0.00
29.05,-2.54,0.00
29.05,-2.54,0.00
29.06,-2.54,0.00
29.06,-2.55,0.00
29.07,-2.55,0.00
29.07,-2.55,0.00
29.08,-2.56,0.00
29.08,-2.56,0.00
29.08,-2.56,0.00
29.09,-2.56,0.00
29.09,-2.57,0.00
29.10,-2.57,0.00
29.10,-2.57,0.00
29.11,-2.57,0.00
29.11,-2.58,0.00
29.11,-2.58,0.00
29.12,-2.58,0.00
29.12,-2.58,0.00
29.13,-2.59,0.00
29.13,-2.59,0.00
29.14,-2.59,0.00
29.14,-2.59,0.00
29.14,-2.60,0.00
29.15,-2.60,0.00
29.15,-2.60,0.00
29.16,-2.61,0.00
29.16,-2.61,0.00
29.17,-2.61,0.00
29.17,-2.61,0.00
29.17,-2.62,0.00
29.18,-2.62,0.00
29.18,-2.62,0.00
29.19,-2.62,0.00
29.19,-2.63,0.00
29.20,-2.63,0.00
29.20,-2.63,0.00
29.20,-2.63,0.00
29.21,-2.64,0.00
29.21,-2.64,0.00
29.22,-2.64,0.00
29.22,-2.64,0.00
29.23,-2.65,0.00
29.23,-2.65,0.00
29.24,-2.65,0.00
29.24,-2.65,0.00
29.24,-2.66,0.00
29.25,-2.66,0.00
29.25,-2.66,0.00
29.26,-2.67,0.00
29.26,-2.67,0.00
29.27,-2.67,0.00
29.27,-2.67,0.00
29.27,-2.68,0.00
29.28,-2.68,0.00
29.28,-2.68,0.00
29.29,-2.68,0.00
29.29,-2.69,0.00
29.30,-2.69,0.00
29.30,-2.69,0.00
29.30,-2.69,0.00
29.31,-2.70,0.00
29.31,-2.70,0.00
29.32,-2.70,0.00
29.32,-2.70,0.00
29.33,-2.71,0.00
29.33,-2.71,0.00
29.34,-2.71,0.00
29.34,-2.71,0.00
29.34,-2.72,0.00
29.35,-2.72,0.00
29.35,-2.72,0.00
29.36,-2.72,0.00
29.36,-2.73,0.00
29.37,-2.73,0.00
29.37,-2.73,0.00
29.37,-2.73,0.00
29.38,-2.74,0.00
29.38,-2.74,0.00
29.39,-2.74,0.00
29.39,-2.74,0.00
29.40,-2.75,0.00
29.40,-2.75,0.00
29.41,-2.75,0.00
29.41,-2.75,0.00
29.41,-2.76,0.00
29.42,-2.76,0.00
29.42,-2.76,0.00
29.43,-2.76,0.00
29.43,-2.77,0.00
29.44,-2.77,0.00
29.44,-2.77,0.00
29.45,-2.77,0.00
29.45,-2.78,0.00
29.45,-2.78,0.00
29.46,-2.78,0.00
29.46,-2.78,0.00
29.47,-2.79,0.00
29.47,-2.79,0.00
29.48,-2.79,0.00
29.48,-2.79,0.00
29.48,-2.80,0.00
29.49,-2.80,0.00
29.49,-2.80,0.00
29.50,-2.80,0.00
29.50,-2.81,0.00
29.51,-2.81,0.00
29.51,-2.81,0.00
29.52,-2.81,0.00
29.52,-2.82,0.00
29.52,-2.82,0.00
29.53,-2.82,0.00
29.53,-2.82,0.00
29.54,-2.83,0.00
29.54,-2.83,0.00
29.55,-2.83,0.00
29.55,-2.83,0.00
29.56,-2.84,0.00
29.56,-2.84,0.00
29.56,-2.84,0.00
29.57,-2.84,0.00
29.57,-2.85,0.00
29.58,-2.85,0.00
29.58,-2.85,0.00
29.59,-2.85,0.00
29.59,-2.85,0.00
29.60,-2.86,0.00
29.60,-2.86,0.00
29.60,-2.86,0.00
29.61,-2.86,0.00
29.61,-2.87,0.00
29.62,-2.87,0.00
29.62,-2.87,0.00
29.63,-2.87,0.00
29.63,-2.88,0.00
29.64,-2.88,0.00
29.64,-2.88,0.00
29.64,-2.88,0.00
29.65,-2.89,0.00
29.65,-2.89,0.00
29.66,-2.89,0.00
29.66,-2.89,0.00
29.67,-2.90,0.00
29.67,-2.90,0.00
29.68,-2.90,0.00
29.68,-2.90,0.00
29.68,-2.90,0.00
29.69,-2.91,0.00
29.69,-2.91,0.00
29.70,-2.91,0.00
29.70,-2.91,0.00
29.71,-2.92,0.00
29.71,-2.92,0.00
29.72,-2.92,0.00
29.72,-2.92,0.00
29.72,-2.93,0.00
29.73,-2.93,0.00
29.73,-2.93,0.00
29.74,-2.93,0.00
29.74,-2.94,0.00
29.75,-2.94,0.00
29.75,-2.94,0.00
29.76,-2.94,0.00
29.76,-2.94,0.00
29.77,-2.95,0.00
29.77,-2.95,0.00
29.77,-2.95,0.00
29.78,-2.95,0.00
29.78,-2.96,0.00
29.79,-2.96,0.00
29.79,-2.96,0.00
29.80,-2.96,0.00
29.80,-2.97,0.00
29.81,-2.97,0.00
29.81,-2.97,0.00
29.81,-2.97,0.00
29.82,-2.97,0.00
29.82,-2.98,0.00
29.83,-2.98,0.00
29.83,-2.98,0.00
29.84,-2.98,0.00
29.84,-2.99,0.00
29.85,-2.99,0.00
29.85,-2.99,0.00
29.86,-2.99,0.00
29.86,-3.00,0.00
29.86,-3.00,0.00
29.87,-3.00,0.00
29.87,-3.00,0.00
29.88,-3.00,0.00
29.88,-3.01,0.00
29.89,-3.01,0.00
29.89,-3.01,0.00
29.90,-3.01,0.00
29.90,-3.02,0.00
29.91,-3.02,0.00
29.91,-3.02,0.00
29.91,-3.02,0.00
29.92,-3.02,0.00
29.92,-3.03,0.00
29.93,-3.03,0.00
29.93,-3.03,0.00
29.94,-3.03,0.00
29.94,-3.04,0.00
29.95,-3.04,0.00
29.95,-3.04,0.00
29.96,-3.04,0.00
29.96,-3.04,0.00
29.96,-3.05,0.00
29.97,-3.05,0.00
29.97,-3.05,0.00
29.98,-3.05,0.00
29.98,-3.06,0.00
29.99,-3.06,0.00
29.99,-3.06,0.00
30.00,-3.06,0.00
30.00,-3.06,0.00
30.01,-3.07,0.00
30.01,-3.07,0.00
30.01,-3.07,0.00
30.02,-3.07,0.00
30.02,-3.07,0.00
30.03,-3.08,0.00
30.03,-3.08,0.00
30.04,-3.08,0.00
30.04,-3.08,0.00
30.05,-3.09,0.00
30.05,-3.09,0.00
30.06,-3.09,0.00
30.06,-3.09,0.00
30.06,-3.09,0.00
30.07,-3.10,0.00
30.07,-3.10,0.00
30.08,-3.10,0.00
30.08,-3.10,0.00
30.09,-3.10,0.00
30.09,-3.11,0.00
30.10,-3.11,0.00
30.10,-3.11,0.00
30.11,-3.11,0.00
30.11,-3.12,0.00
30.12,-3.12,0.00
30.12,-3.12,0.00
30.12,-3.12,0.00
30.13,-3.12,0.00
30.13,-3.13,0.00
30.14,-3.13,0.00
30.14,-3.13,0.00
30.15,-3.13,0.00
30.15,-3.13,0.00
30.16,-3.14,0.00
30.16,-3.14,0.00
30.17,-3.14,0.00
30.17,-3.14,0.00
30.18,-3.14,0.00
30.18,-3.15,0.00
30.18,-3.15,0.00
30.19,-3.15,0.00
30.19,-3.15,0.00
30.20,-3.15,0.00
30.20,-3.16,0.00
30.21,-3.16,0.00
30.21,-3.16,0.00
30.22,-3.16,0.00
30.22,-3.16,0.00
30.23,-3.17,0.00
30.23,-3.17,0.00
30.24,-3.17,0.00
30.24,-3.17,0.00
30.24,-3.17,0.00
30.25,-3.18,0.00
30.25,-3.18,0.00
30.26,-3.18,0.00
30.26,-3.18,0.00
30.27,-3.18,0.00
30.27,-3.19,0.00
30.28,-3.19,0.00
30.28,-3.19,0.00
30.29,-3.19,0.00
30.29,-3.19,0.00
30.30,-3.20,0.00
30.30,-3.20,0.00
30.30,-3.20,0.00
30.31,-3.20,0.00
30.31,-3.20,0.00
30.32,-3.21,0.00
30.32,-3.21,0.00
30.33,-3.21,0.00
30.33,-3.21,0.00
30.34,-3.21,0.00
30.34,-3.22,0.00
30.35,-3.22,0.00
30.35,-3.22,0.00
30.36,-3.22,0.00
30.36,-3.22,0.00
30.37,-3.23,0.00
30.37,-3.23,0.00
30.38,-3.23,0.00
30.38,-3.23,0.00
30.38,-3.23,0.00
30.39,-3.24,0.00
30.39,-3.24,0.00
30.40,-3.24,0.00
30.40,-3.24,0.00
30.41,-3.24,0.00
30.41,-3.24,0.00
30.42,-3.25,0.00
30.42,-3.25,0.00
30.43,-3.25,0.00
30.43,-3.25,0.00
30.44,-3.25,0.00
30.44,-3.26,0.00
30.45,-3.26,0.00
30.45,-3.26,0.00
30.45,-3.26,0.00
30.46,-3.26,0.00
30.46,-3.27,0.00
30.47,-3.27,0.00
30.47,-3.27,0.00
30.48,-3.27,0.00
30.48,-3.27,0.00
30.49,-3.27,0.00
30.49,-3.28,0.00
30.50,-3.28,0.00
30.50,-3.28,0.00
30.51,-3.28,0.00
30.51,-3.28,0.00
30.52,-3.29,0.00
30.52,-3.29,0.00
30.53,-3.29,0.00
30.53,-3.29,0.00
30.54,-3.29,0.00
30.54,-3.29,0.00
30.54,-3.30,0.00
30.55,-3.30,0.00
30.55,-3.30,0.00
30.56,-3.30,0.00
30.56,-3.30,0.00
30.57,-3.30,0.00
30.57,-3.31,0.00
30.58,-3.31,0.00
30.58,-3.31,0.00
30.59,-3.31,0.00
30.59,-3.31,0.00
30.60,-3.31,0.00
30.60,-3.32,0.00
30.61,-3.32,0.00
30.61,-3.32,0.00
30.62,-3.32,0.00
30.62,-3.32,0.00
30.63,-3.33,0.00
30.63,-3.33,0.00
30.63,-3.33,0.00
30.64,-3.33,0.00
30.64,-3.33,0.00
30.65,-3.33,0.00
30.65,-3.34,0.00
30.66,-3.34,0.00
30.66,-3.34,0.00
30.67,-3.34,0.00
30.67,-3.34,0.00
30.68,-3.34,0.00
30.68,-3.35,0.00
30.69,-3.35,0.00
30.69,-3.35,0.00
30.70,-3.35,0.00
30.70,-3.35,0.00
30.71,-3.35,0.00
30.71,-3.36,0.00
30.72,-3.36,0.00
30.72,-3.36,0.00
30.73,-3.36,0.00
30.73,-3.36,0.00
30.74,-3.36,0.00
30.74,-3.36,0.00
30.74,-3.37,0.00
30.75,-3.37,0.00
30.75,-3.37,0.00
30.76,-3.37,0.00
30.76,-3.37,0.00
30.77,-3.37,0.00
30.77,-3.38,0.00
30.78,-3.38,0.00
30.78,-3.38,0.00
30.79,-3.38,0.00
30.79,-3.38,0.00
30.80,-3.38,0.00
30.80,-3.39,0.00
30.81,-3.39,0.00
30.81,-3.39,0.00
30.82,-3.39,0.00
30.82,-3.39,0.00
30.83,-3.39,0.00
30.83,-3.39,0.00
30.84,-3.40,0.00
30.84,-3.40,0.00
30.85,-3.40,0.00
30.85,-3.40,0.00
30.86,-3.40,0.00
30.86,-3.40,0.00
30.87,-3.40,0.00
30.87,-3.41,0.00
30.87,-3.41,0.00
30.88,-3.41,0.00
30.88,-3.41,0.00
30.89,-3.41,0.00
30.89,-3.41,0.00
30.90,-3.42,0.00
30.90,-3.42,0.00
30.91,-3.42,0.00
30.91,-3.42,0.00
30.92,-3.42,0.00
30.92,-3.42,0.00
30.93,-3.42,0.00
30.93,-3.43,0.00
30.94,-3.43,0.00
30.94,-3.43,0.00
30.95,-3.43,0.00
30.95,-3.43,0.00
30.96,-3.43,0.00
30.96,-3.43,0.00
30.97,-3.44,0.00
30.97,-3.44,0.00
30.98,-3.44,0.00
30.98,-3.44,0.00
30.99,-3.44,0.00
30.99,-3.44,0.00
31.00,-3.44,0.00
31.00,-3.44,0.00
31.01,-3.45,0.00
31.01,-3.45,0.00
31.02,-3.45,0.00
31.02,-3.45,0.00
31.03,-3.45,0.00
31.03,-3.45,0.00
31.04,-3.45,0.00
31.04,-3.46,0.00
31.04,-3.46,0.00
31.05,-3.46,0.00
31.05,-3.46,0.00
31.06,-3.46,0.00
31.06,-3.46,0.00
31.07,-3.46,0.00
31.07,-3.46,0.00
31.08,-3.47,0.00
31.08,-3.47,0.00
31.09,-3.47,0.00
31.09,-3.47,0.00
31.10,-3.47,0.00
31.10,-3.47,0.00
31.11,-3.47,0.00
31.11,-3.47,0.00
31.12,-3.48,0.00
31.12,-3.48,0.00
31.13,-3.48,0.00
31.13,-3.48,0.00
31.14,-3.48,0.00
31.14,-3.48,0.00
31.15,-3.48,0.00
31.15,-3.48,0.00
31.16,-3.49,0.00
31.16,-3.49,0.00
31.17,-3.49,0.00
31.17,-3.49,0.00
31.18,-3.49,0.00
31.18,-3.49,0.00
31.19,-3.49,0.00
31.19,-3.49,0.00
31.20,-3.49,0.00
31.20,-3.50,0.00
31.21,-3.50,0.00
31.21,-3.50,0.00
31.22,-3.50,0.00
31.22,-3.50,0.00
31.23,-3.50,0.00
31.23,-3.50,0.00
31.24,-3.50,0.00
31.24,-3.50,0.00
31.25,-3.51,0.00
31.25,-3.51,0.00
31.26,-3.51,0.00
31.26,-3.51,0.00
31.27,-3.51,0.00
31.27,-3.51,0.00
31.28,-3.51,0.00
31.28,-3.51,0.00
31.29,-3.51,0.00
31.29,-3.52,0.00
31.30,-3.52,0.00
31.30,-3.52,0.00
31.31,-3.52,0.00
31.31,-3.52,0.00
31.32,-3.52,0.00
31.32,-3.52,0.00
31.33,-3.52,0.00
31.33,-3.52,0.00
31.34,-3.53,0.00
31.34,-3.53,0.00
31.34,-3.53,0.00
31.35,-3.53,0.00
31.35,-3.53,0.00
31.36,-3.53,0.00
31.36,-3.53,0.00
31.37,-3.53,0.00
31.37,-3.53,0.00
31.38,-3.53,0.00
31.38,-3.53,0.00
31.39,-3.54,0.00
31.39,-3.54,0.00
31.40,-3.54,0.00
31.40,-3.54,0.00
31.41,-3.54,0.00
31.41,-3.54,0.00
31.42,-3.54,0.00
31.42,-3.54,0.00
31.43,-3.54,0.00
31.43,-3.54,0.00
31.44,-3.55,0.00
31.44,-3.55,0.00
31.45,-3.55,0.00
31.45,-3.55,0.00
31.46,-3.55,0.00
31.46,-3.55,0.00
31.47,-3.55,0.00
31.47,-3.55,0.00
31.48,-3.55,0.00
31.48,-3.55,0.00
31.49,-3.55,0.00
31.49,-3.55,0.00
31.50,-3.56,0.00
31.50,-3.56,0.00
31.51,-3.56,0.00
31.51,-3.56,0.00
31.52,-3.56,0.00
31.52,-3.56,0.00
31.53,-3.56,0.00
31.53,-3.56,0.00
31.54,-3.56,0.00
31.54,-3.56,0.00
31.55,-3.56,0.00
31.55,-3.56,0.00
31.56,-3.57,0.00
31.56,-3.57,0.00
31.57,-3.57,0.00
31.57,-3.57,0.00
31.58,-3.57,0.00
31.58,-3.57,0.00
31.59,-3.57,0.00
31.59,-3.57,0.00
31.60,-3.57,0.00
31.60,-3.57,0.00
31.61,-3.57,0.00
31.61,-3.57,0.00
31.62,-3.57,0.00
31.62,-3.57,0.00
31.63,-3.58,0.00
31.63,-3.58,0.00
31.64,-3.58,0.00
31.64,-3.58,0.00
31.65,-3.58,0.00
31.65,-3.58,0.00
31.66,-3.58,0.00
31.66,-3.58,0.00
31.67,-3.58,0.00
31.67,-3.58,0.00
31.68,-3.58,0.00
31.68,-3.58,0.00
31.69,-3.58,0.00
31.69,-3.58,0.00
31.70,-3.58,0.00
31.70,-3.58,0.00
31.71,-3.59,0.00
31.71,-3.59,0.00
31.72,-3.59,0.00
31.72,-3.59,0.00
31.73,-3.59,0.00
31.73,-3.59,0.00
31.74,-3.59,0.00
31.74,-3.59,0.00
31.75,-3.59,0.00
31.75,-3.59,0.00
31.76,-3.59,0.00
31.76,-3.59,0.00
31.77,-3.59,0.00
31.77,-3.59,0.00
31.78,-3.59,0.00
31.78,-3.59,0.00
31.79,-3.59,0.00
31.79,-3.59,0.00
31.80,-3.60,0.00
31.80,-3.60,0.00
31.81,-3.60,0.00
31.81,-3.60,0.00
31.82,-3.60,0.00
31.82,-3.60,0.00
31.83,-3.60,0.00
31.83,-3.60,0.00
31.84,-3.60,0.00
31.85,-3.60,0.00
31.85,-3.60,0.00
31.86,-3.60,0.00
31.86,-3.60,0.00
31.87,-3.60,0.00
31.87,-3.60,0.00
31.88,-3.60,0.00
31.88,-3.60,0.00
31.89,-3.60,0.00
31.89,-3.60,0.00
31.90,-3.60,0.00
31.90,-3.60,0.00
31.91,-3.60,0.00
31.91,-3.60,0.00
31.92,-3.61,0.00
31.92,-3.61,0.00
31.93,-3.61,0.00
31.93,-3.61,0.00
31.94,-3.61,0.00
31.94,-3.61,0.00
31.95,-3.61,0.00
31.95,-3.61,0.00
31.96,-3.61,0.00
31.96,-3.61,0.00
31.97,-3.61,0.00
31.97,-3.61,0.00
31.98,-3.61,0.00
31.98,-3.61,0.00
31.99,-3.61,0.00
31.99,-3.61,0.00
32.00,-3.61,0.00
32.00,-3.61,0.00
32.01,-3.61,0.00
32.01,-3.61,0.00
32.02,-3.61,0.00
32.02,-3.61,0.00
32.03,-3.61,0.00
32.03,-3.61,0.00
12.96,-0.90,0.00
12.97,-0.90,0.00
12.97,-0.90,0.00
12.98,-0.90,0.00
12.98,-0.90,0.00
12.99,-0.90,0.00
12.99,-0.90,0.00
12.99,-0.90,0.00
13.00,-0.90,0.00
13.00,-0.90,0.00
13.01,-0.90,0.00
13.01,-0.90,0.00
13.02,-0.90,0.00
13.02,-0.90,0.00
13.03,-0.90,0.00
13.03,-0.90,0.00
13.04,-0.90,0.00
13.04,-0.90,0.00
13.05,-0.90,0.00
13.05,-0.90,0.00
13.06,-0.90,0.00
13.06,-0.90,0.00
13.07,-0.90,0.00
13.07,-0.90,0.00
13.08,-0.90,0.00
13.08,-0.90,0.00
13.09,-0.90,0.00
13.09,-0.90,0.00
13.10,-0.90,0.00
13.10,-0.90,0.00
13.11,-0.90,0.00
13.11,-0.90,0.00
13.12,-0.90,0.00
13.12,-0.90,0.00
13.13,-0.90,0.00
13.13,-0.90,0.00
13.14,-0.90,0.00
13.14,-0.90,0.00
13.15,-0.90,0.00
13.15,-0.90,0.00
13.16,-0.90,0.00
13.16,-0.90,0.00
13.17,-0.90,0.00
13.17,-0.90,0.00
13.18,-0.90,0.00
13.18,-0.90,0.00
13.19,-0.90,0.00
13.19,-0.90,0.00
13.20,-0.90,0.00
13.20,-0.90,0.00
13.21,-0.90,0.00
13.21,-0.90,0.00
13.22,-0.90,0.00
13.22,-0.90,0.00
13.23,-0.90,0.00
13.23,-0.90,0.00
13.24,-0.90,0.00
13.24,-0.90,0.00
13.25,-0.90,0.00
13.25,-0.90,0.00
13.26,-0.90,0.00
13.26,-0.90,0.00
13.27,-0.90,0.00
13.27,-0.90,0.00
13.28,-0.90,0.00
13.28,-0.90,0.00
13.29,-0.90,0.00
13.29,-0.90,0.00
13.30,-0.90,0.00
13.30,-0.90,0.00
13.31,-0.90,0.00
13.31,-0.90,0.00
13.32,-0.90,0.00
13.32,-0.90,0.00
13.33,-0.90,0.00
13.33,-0.90,0.00
13.34,-0.90,0.00
13.34,-0.90,0.00
13.35,-0.90,0.00
13.35,-0.90,0.00
13.36,-0.90,0.00
13.36,-0.90,0.00
13.37,-0.90,0.00
13.37,-0.90,0.00
13.38,-0.90,0.00
13.38,-0.90,0.00
13.39,-0.90,0.00
13.39,-0.90,0.00
13.40,-0.90,0.00
13.40,-0.90,0.00
13.41,-0.90,0.00
13.41,-0.90,0.00
13.42,-0.90,0.00
13.42,-0.90,0.00
13.43,-0.90,0.00
13.43,-0.90,0.00
13.44,-0.90,0.00
13.44,-0.90,0.00
13.45,-0.90,0.00
13.45,-0.90,0.00
13.46,-0.90,0.00
13.46,-0.90,0.00
13.47,-0.90,0.00
13.47,-0.90,0.00
13.48,-0.90,0.00
13.48,-0.90,0.00
13.49,-0.90,0.00
13.49,-0.90,0.00
13.50,-0.90,0.00
13.50,-0.90,0.00
13.51,-0.90,0.00
13.51,-0.90,0.00
13.52,-0.90,0.00
13.52,-0.90,0.00
13.53,-0.90,0.00
13.53,-0.90,0.00
13.54,-0.90,0.00
13.54,-0.90,0.00
13.55,-0.90,0.00
13.55,-0.90,0.00
13.56,-0.90,0.00
13.56,-0.90,0.00
13.57,-0.90,0.00
13.57,-0.90,0.00
13.58,-0.90,0.00
13.58,-0.90,0.00
13.58,-0.90,0.00
13.59,-0.90,0.00
13.59,-0.90,0.00
13.60,-0.90,0.00
13.60,-0.90,0.00
13.61,-0.90,0.00
13.61,-0.90,0.00
13.62,-0.90,0.00
13.62,-0.90,0.00
13.63,-0.90,0.00
13.63,-0.90,0.00
13.64,-0.90,0.00
13.64,-0.90,0.00
13.65,-0.90,0.00
13.65,-0.90,0.00
13.66,-0.90,0.00
13.66,-0.90,0.00
13.67,-0.90,0.00
13.67,-0.90,0.00
13.68,-0.90,0.00
13.68,-0.90,0.00
13.69,-0.90,0.00
13.69,-0.90,0.00
13.70,-0.90,0.00
13.70,-0.90,0.00
13.71,-0.90,0.00
13.71,-0.90,0.00
13.72,-0.90,0.00
13.72,-0.90,0.00
13.73,-0.90,0.00
13.73,-0.90,0.00
13.74,-0.90,0.00
13.74,-0.90,0.00
13.75,-0.90,0.00
13.75,-0.90,0.00
13.76,-0.90,0.00
13.76,-0.90,0.00
13.77,-0.90,0.00
13.77,-0.90,0.00
13.78,-0.90,0.00
13.78,-0.90,0.00
13.79,-0.90,0.00
13.79,-0.90,0.00
13.80,-0.90,0.00
13.80,-0.90,0.00
13.81,-0.90,0.00
13.81,-0.90,0.00
13.82,-0.90,0.00
13.82,-0.90,0.00
13.83,-0.90,0.00
13.83,-0.90,0.00
13.84,-0.90,0.00
13.84,-0.90,0.00
13.85,-0.90,0.00
13.85,-0.90,0.00
13.86,-0.90,0.00
13.86,-0.90,0.00
13.87,-0.90,0.00
13.87,-0.90,0.00
13.88,-0.90,0.00
13.88,-0.90,0.00
13.89,-0.90,0.00
13.89,-0.90,0.00
13.90,-0.90,0.00
13.90,-0.90,0.00
13.91,-0.90,0.00
13.91,-0.90,0.00
13.92,-0.90,0.00
13.92,-0.90,0.00
13.93,-0.90,0.00
13.93,-0.90,0.00
13.94,-0.90,0.00
13.94,-0.90,0.00
13.95,-0.90,0.00
13.95,-0.90,0.00
13.96,-0.90,0.00
13.96,-0.90,0.00
13.97,-0.90,0.00
13.97,-0.90,0.00
13.98,-0.90,0.00
13.98,-0.90,0.00
13.99,-0.90,0.00
13.99,-0.90,0.00
14.00,-0.90,0.00
14.00,-0.90,0.00
14.01,-0.90,0.00
14.01,-0.90,0.00
14.02,-0.90,0.00
14.02,-0.90,0.00
14.03,-0.90,0.00
14.03,-0.90,0.00
14.04,-0.90,0.00
14.04,-0.90,0.00
14.05,-0.90,0.00
14.05,-0.90,0.00
14.06,-0.90,0.00
14.06,-0.90,0.00
14.07,-0.90,0.00
14.07,-0.90,0.00
14.08,-0.90,0.00
14.08,-0.90,0.00
14.09,-0.90,0.00
14.09,-0.90,0.00
14.10,-0.90,0.00
14.10,-0.90,0.00
14.11,-0.90,0.00
14.11,-0.90,0.00
14.12,-0.90,0.00
14.12,-0.90,0.00
14.13,-0.90,0.00
14.13,-0.90,0.00
14.14,-0.90,0.00
14.14,-0.90,0.00
14.15,-0.90,0.00
14.15,-0.90,0.00
14.16,-0.90,0.00
14.16,-0.90,0.00
14.17,-0.90,0.00
14.17,-0.90,0.00
14.17,-0.90,0.00
14.18,-0.90,0.00
14.18,-0.90,0.00
14.19,-0.90,0.00
14.19,-0.90,0.00
14.20,-0.90,0.00
14.20,-0.90,0.00
14.21,-0.90,0.00
14.21,-0.90,0.00
14.22,-0.90,0.00
14.22,-0.90,0.00
14.23,-0.90,0.00
14.23,-0.90,0.00
14.24,-0.90,0.00
14.24,-0.90,0.00
14.25,-0.90,0.00
14.25,-0.90,0.00
14.26,-0.90,0.00
14.26,-0.90,0.00
14.27,-0.90,0.00
14.27,-0.90,0.00
14.28,-0.90,0.00
14.28,-0.90,0.00
14.29,-0.90,0.00
14.29,-0.90,0.00
14.30,-0.90,0.00
14.30,-0.90,0.00
14.31,-0.90,0.00
14.31,-0.90,0.00
14.32,-0.90,0.00
14.32,-0.90,0.00
14.33,-0.90,0.00
14.33,-0.90,0.00
14.34,-0.90,0.00
14.34,-0.90,0.00
14.35,-0.90,0.00
14.35,-0.90,0.00
14.36,-0.90,0.00
14.36,-0.90,0.00
14.37,-0.90,0.00
14.37,-0.90,0.00
14.38,-0.90,0.00
14.38,-0.90,0.00
14.39,-0.90,0.00
14.39,-0.90,0.00
14.40,-0.90,0.00
14.40,-0.90,0.00
14.41,-0.90,0.00
14.41,-0.90,0.00
14.42,-0.90,0.00
14.42,-0.90,0.00
14.43,-0.90,0.00
14.43,-0.90,0.00
14.44,-0.90,0.00
14.44,-0.90,0.00
14.45,-0.90,0.00
14.45,-0.90,0.00
14.46,-0.90,0.00
14.46,-0.90,0.00
14.47,-0.90,0.00
14.47,-0.90,0.00
14.48,-0.90,0.00
14.48,-0.90,0.00
14.49,-0.90,0.00
14.49,-0.90,0.00
14.50,-0.90,0.00
14.50,-0.90,0.00
14.51,-0.90,0.00
14.51,-0.90,0.00
14.52,-0.90,0.00
14.52,-0.90,0.00
14.53,-0.90,0.00
14.53,-0.90,0.00
14.54,-0.90,0.00
14.54,-0.90,0.00
14.55,-0.90,0.00
14.55,-0.90,0.00
14.56,-0.90,0.00
14.56,-0.90,0.00
14.57,-0.90,0.00
14.57,-0.90,0.00
14.58,-0.90,0.00
14.58,-0.90,0.00
14.59,-0.90,0.00
14.59,-0.90,0.00
14.60,-0.90,0.00
14.60,-0.90,0.00
14.61,-0.90,0.00
14.61,-0.90,0.00
14.62,-0.90,0.00
14.62,-0.90,0.00
14.63,-0.90,0.00
14.63,-0.90,0.00
14.64,-0.90,0.00
14.64,-0.90,0.00
14.65,-0.90,0.00
14.65,-0.90,0.00
14.66,-0.90,0.00
14.66,-0.90,0.00
14.67,-0.90,0.00
14.67,-0.90,0.00
14.68,-0.90,0.00
14.68,-0.90,0.00
14.69,-0.90,0.00
14.69,-0.90,0.00
14.70,-0.90,0.00
14.70,-0.90,0.00
14.71,-0.90,0.00
14.71,-0.90,0.00
14.72,-0.90,0.00
14.72,-0.90,0.00
14.73,-0.90,0.00
14.73,-0.90,0.00
14.74,-0.90,0.00
14.74,-0.90,0.00
14.75,-0.90,0.00
14.75,-0.90,0.00
14.76,-0.90,0.00
14.76,-0.90,0.00
14.76,-0.90,0.00
14.77,-0.90,0.00
14.77,-0.90,0.00
14.78,-0.90,0.00
14.78,-0.90,0.00
14.79,-0.90,0.00
14.79,-0.90,0.00
14.80,-0.90,0.00
14.80,-0.90,0.00
14.81,-0.90,0.00
14.81,-0.90,0.00
14.82,-0.90,0.00
14.82,-0.90,0.00
14.83,-0.90,0.00
14.83,-0.90,0.00
14.84,-0.90,0.00
14.84,-0.90,0.00
14.85,-0.90,0.00
14.85,-0.90,0.00
14.86,-0.90,0.00
14.86,-0.90,0.00
14.87,-0.90,0.00
14.87,-0.90,0.00
14.88,-0.90,0.00
14.88,-0.90,0.00
14.89,-0.90,0.00
14.89,-0.90,0.00
14.90,-0.90,0.00
14.90,-0.90,0.00
14.91,-0.90,0.00
14.91,-0.90,0.00
14.92,-0.90,0.00
14.92,-0.90,0.00
14.93,-0.90,0.00
14.93,-0.90,0.00
14.94,-0.90,0.00
14.94,-0.90,0.00
14.95,-0.90,0.00
14.95,-0.90,0.00
14.96,-0.90,0.00
14.96,-0.90,0.00
14.97,-0.90,0.00
14.97,-0.90,0.00
14.98,-0.90,0.00
14.98,-0.90,0.00
14.99,-0.90,0.00
14.99,-0.90,0.00
15.00,-0.90,0.00
15.00,-0.90,0.00
15.01,-0.90,0.00
15.01,-0.90,0.00
15.02,-0.90,0.00
15.02,-0.90,0.00
15.03,-0.90,0.00
15.03,-0.90,0.00
15.04,-0.90,0.00
15.04,-0.90,0.00
15.05,-0.90,0.00
15.05,-0.90,0.00
15.06,-0.90,0.00
15.06,-0.90,0.00
15.07,-0.90,0.00
15.07,-0.90,0.00
15.08,-0.90,0.00
15.08,-0.90,0.00
15.09,-0.90,0.00
15.09,-0.90,0.00
15.10,-0.90,0.00
15.10,-0.90,0.00
15.11,-0.90,0.00
15.11,-0.90,0.00
15.12,-0.90,0.00
15.12,-0.90,0.00
15.13,-0.90,0.00
15.13,-0.90,0.00
15.14,-0.90,0.00
15.14,-0.90,0.00
15.15,-0.90,0.00
15.15,-0.90,0.00
15.16,-0.90,0.00
15.16,-0.90,0.00
15.17,-0.90,0.00
15.17,-0.90,0.00
15.18,-0.90,0.00
15.18,-0.90,0.00
15.19,-0.90,0.00
15.19,-0.90,0.00
15.20,-0.90,0.00
15.20,-0.90,0.00
15.21,-0.90,0.00
15.21,-0.90,0.00
15.22,-0.90,0.00
15.22,-0.90,0.00
15.23,-0.90,0.00
15.23,-0.90,0.00
15.24,-0.90,0.00
15.24,-0.90,0.00
15.25,-0.90,0.00
15.25,-0.90,0.00
15.26,-0.90,0.00
15.26,-0.90,0.00
15.27,-0.90,0.00
15.27,-0.90,0.00
15.28,-0.90,0.00
15.28,-0.90,0.00
15.29,-0.90,0.00
15.29,-0.90,0.00
15.30,-0.90,0.00
15.30,-0.90,0.00
15.31,-0.90,0.00
15.31,-0.90,0.00
15.32,-0.90,0.00
15.32,-0.90,0.00
15.33,-0.90,0.00
15.33,-0.90,0.00
15.34,-0.90,0.00
15.34,-0.90,0.00
15.35,-0.90,0.00
15.35,-0.90,0.00
15.35,-0.90,0.00
15.36,-0.90,0.00
15.36,-0.90,0.00
15.37,-0.90,0.00
15.37,-0.90,0.00
15.38,-0.90,0.00
15.38,-0.90,0.00
15.39,-0.90,0.00
15.39,-0.90,0.00
15.40,-0.90,0.00
15.40,-0.90,0.00
15.41,-0.90,0.00
15.41,-0.90,0.00
15.42,-0.90,0.00
15.42,-0.90,0.00
15.43,-0.90,0.00
15.43,-0.90,0.00
15.44,-0.90,0.00
15.44,-0.90,0.00
15.45,-0.90,0.00
15.45,-0.90,0.00
15.46,-0.90,0.00
15.46,-0.90,0.00
15.47,-0.90,0.00
15.47,-0.90,0.00
15.48,-0.90,0.00
15.48,-0.90,0.00
15.49,-0.90,0.00
15.49,-0.90,0.00
15.50,-0.90,0.00
15.50,-0.90,0.00
15.51,-0.90,0.00
15.51,-0.90,0.00
15.52,-0.90,0.00
15.52,-0.90,0.00
15.53,-0.90,0.00
15.53,-0.90,0.00
15.54,-0.90,0.00
15.54,-0.90,0.00
15.55,-0.90,0.00
15.55,-0.90,0.00
15.56,-0.90,0.00
15.56,-0.90,0.00
15.57,-0.90,0.00
15.57,-0.90,0.00
15.58,-0.90,0.00
15.58,-0.90,0.00
15.59,-0.90,0.00
15.59,-0.90,0.00
15.60,-0.90,0.00
15.60,-0.90,0.00
15.61,-0.90,0.00
15.61,-0.90,0.00
15.62,-0.90,0.00
15.62,-0.90,0.00
15.63,-0.90,0.00
15.63,-0.90,0.00
15.64,-0.90,0.00
15.64,-0.90,0.00
15.65,-0.90,0.00
15.65,-0.90,0.00
15.66,-0.90,0.00
15.66,-0.90,0.00
15.67,-0.90,0.00
15.67,-0.90,0.00
15.68,-0.90,0.00
15.68,-0.90,0.00
15.69,-0.90,0.00
15.69,-0.90,0.00
15.70,-0.90,0.00
15.70,-0.90,0.00
15.71,-0.90,0.00
15.71,-0.90,0.00
15.72,-0.90,0.00
15.72,-0.90,0.00
15.73,-0.90,0.00
15.73,-0.90,0.00
15.74,-0.90,0.00
15.74,-0.90,0.00
15.75,-0.90,0.00
15.75,-0.90,0.00
15.76,-0.90,0.00
15.76,-0.90,0.00
15.77,-0.90,0.00
15.77,-0.90,0.00
15.78,-0.90,0.00
15.78,-0.90,0.00
15.79,-0.90,0.00
15.79,-0.90,0.00
15.80,-0.90,0.00
15.80,-0.90,0.00
15.81,-0.90,0.00
15.81,-0.90,0.00
15.82,-0.90,0.00
15.82,-0.90,0.00
15.83,-0.90,0.00
15.83,-0.90,0.00
15.84,-0.90,0.00
15.84,-0.90,0.00
15.85,-0.90,0.00
15.85,-0.90,0.00
15.86,-0.90,0.00
15.86,-0.90,0.00
15.87,-0.90,0.00
15.87,-0.90,0.00
15.88,-0.90,0.00
15.88,-0.90,0.00
15.89,-0.90,0.00
15.89,-0.90,0.00
15.90,-0.90,0.00
15.90,-0.90,0.00
15.91,-0.90,0.00
15.91,-0.90,0.00
15.92,-0.90,0.00
15.92,-0.90,0.00
15.93,-0.90,0.00
15.93,-0.90,0.00
15.94,-0.90,0.00
15.94,-0.90,0.00
15.94,-0.90,0.00
15.95,-0.90,0.00
15.95,-0.90,0.00
15.96,-0.90,0.00
15.96,-0.90,0.00
15.97,-0.90,0.00
15.97,-0.90,0.00
15.98,-0.90,0.00
15.98,-0.90,0.00
15.99,-0.90,0.00
15.99,-0.90,0.00
16.00,-0.90,0.00
16.00,-0.90,0.00
16.01,-0.90,0.00
16.01,-0.90,0.00
16.02,-0.90,0.00
16.02,-0.90,0.00
16.03,-0.90,0.00
16.03,-0.90,0.00
16.04,-0.90,0.00
16.04,-0.90,0.00
16.05,-0.90,0.00
16.05,-0.90,0.00
16.06,-0.90,0.00
16.06,-0.90,0.00
16.07,-0.90,0.00
16.07,-0.90,0.00
16.08,-0.90,0.00
16.08,-0.90,0.00
16.09,-0.90,0.00
16.09,-0.90,0.00
16.10,-0.90,0.00
16.10,-0.90,0.00
16.11,-0.90,0.00
16.11,-0.90,0.00
16.12,-0.90,0.00
16.12,-0.90,0.00
16.13,-0.90,0.00
16.13,-0.90,0.00
16.14,-0.90,0.00
16.14,-0.90,0.00
16.15,-0.90,0.00
16.15,-0.90,0.00
16.16,-0.90,0.00
16.16,-0.90,0.00
16.17,-0.90,0.00
16.17,-0.90,0.00
16.18,-0.90,0.00
16.18,-0.90,0.00
16.19,-0.90,0.00
16.19,-0.90,0.00
16.20,-0.90,0.00
16.20,-0.90,0.00
16.21,-0.90,0.00
16.21,-0.90,0.00
16.22,-0.90,0.00
16.22,-0.90,0.00
16.23,-0.90,0.00
16.23,-0.90,0.00
16.24,-0.90,0.00
16.24,-0.90,0.00
16.25,-0.90,0.00
16.25,-0.90,0.00
16.26,-0.90,0.00
16.26,-0.90,0.00
16.27,-0.90,0.00
16.27,-0.90,0.00
16.28,-0.90,0.00
16.28,-0.90,0.00
16.29,-0.90,0.00
16.29,-0.90,0.00
16.30,-0.90,0.00
16.30,-0.90,0.00
16.31,-0.90,0.00
16.31,-0.90,0.00
16.32,-0.90,0.00
16.32,-0.90,0.00
16.33,-0.90,0.00
16.33,-0.90,0.00
16.34,-0.90,0.00
16.34,-0.90,0.00
16.35,-0.90,0.00
16.35,-0.90,0.00
16.36,-0.90,0.00
16.36,-0.90,0.00
16.37,-0.90,0.00
16.37,-0.90,0.00
16.38,-0.90,0.00
16.38,-0.90,0.00
16.39,-0.90,0.00
16.39,-0.90,0.00
16.40,-0.90,0.00
16.40,-0.90,0.00
16.41,-0.90,0.00
16.41,-0.90,0.00
16.42,-0.90,0.00
16.42,-0.90,0.00
16.43,-0.90,0.00
16.43,-0.90,0.00
16.44,-0.90,0.00
16.44,-0.90,0.00
16.45,-0.90,0.00
16.45,-0.90,0.00
16.46,-0.90,0.00
16.46,-0.90,0.00
16.47,-0.90,0.00
16.47,-0.90,0.00
16.48,-0.90,0.00
16.48,-0.90,0.00
16.49,-0.90,0.00
16.49,-0.90,0.00
16.50,-0.90,0.00
16.50,-0.90,0.00
16.51,-0.90,0.00
16.51,-0.90,0.00
16.52,-0.90,0.00
16.52,-0.90,0.00
16.53,-0.90,0.00
16.53,-0.90,0.00
16.53,-0.90,0.00
16.54,-0.90,0.00
16.54,-0.90,0.00
16.55,-0.90,0.00
16.55,-0.90,0.00
16.56,-0.90,0.00
16.56,-0.90,0.00
16.57,-0.90,0.00
16.57,-0.90,0.00
16.58,-0.90,0.00
16.58,-0.90,0.00
16.59,-0.90,0.00
16.59,-0.90,0.00
16.60,-0.90,0.00
16.60,-0.90,0.00
16.61,-0.90,0.00
16.61,-0.90,0.00
16.62,-0.90,0.00
16.62,-0.90,0.00
16.63,-0.90,0.00
16.63,-0.90,0.00
16.64,-0.90,0.00
16.64,-0.90,0.00
16.65,-0.90,0.00
16.65,-0.90,0.00
16.66,-0.90,0.00
16.66,-0.90,0.00
16.67,-0.90,0.00
16.67,-0.90,0.00
16.68,-0.90,0.00
16.68,-0.90,0.00
16.69,-0.90,0.00
16.69,-0.90,0.00
16.70,-0.90,0.00
16.70,-0.90,0.00
16.71,-0.90,0.00
16.71,-0.90,0.00
16.72,-0.90,0.00
16.72,-0.90,0.00
16.73,-0.90,0.00
16.73,-0.90,0.00
16.74,-0.90,0.00
16.74,-0.90,0.00
16.75,-0.90,0.00
16.75,-0.90,0.00
16.76,-0.90,0.00
16.76,-0.90,0.00
16.77,-0.90,0.00
16.77,-0.90,0.00
16.78,-0.90,0.00
16.78,-0.90,0.00
16.79,-0.90,0.00
16.79,-0.90,0.00
16.80,-0.90,0.00
16.80,-0.90,0.00
16.81,-0.90,0.00
16.81,-0.90,0.00
16.82,-0.90,0.00
16.82,-0.90,0.00
16.83,-0.90,0.00
16.83,-0.90,0.00
16.84,-0.90,0.00
16.84,-0.90,0.00
16.85,-0.90,0.00
16.85,-0.90,0.00
16.86,-0.90,0.00
16.86,-0.90,0.00
16.87,-0.90,0.00
16.87,-0.90,0.00
16.88,-0.90,0.00
16.88,-0.90,0.00
16.89,-0.90,0.00
16.89,-0.90,0.00
16.90,-0.90,0.00
16.90,-0.90,0.00
16.91,-0.90,0.00
16.91,-0.90,0.00
16.92,-0.90,0.00
16.92,-0.90,0.00
16.93,-0.90,0.00
16.93,-0.90,0.00
16.94,-0.90,0.00
16.94,-0.90,0.00
16.95,-0.90,0.00
16.95,-0.90,0.00
16.96,-0.90,0.00
16.96,-0.90,0.00
16.97,-0.90,0.00
16.97,-0.90,0.00
16.98,-0.90,0.00
16.98,-0.90,0.00
16.99,-0.90,0.00
16.99,-0.90,0.00
17.00,-0.90,0.00
17.00,-0.90,0.00
17.01,-0.90,0.00
17.01,-0.90,0.00
17.02,-0.90,0.00
17.02,-0.90,0.00
17.03,-0.90,0.00
17.03,-0.90,0.00
17.04,-0.90,0.00
17.04,-0.90,0.00
17.05,-0.90,0.00
17.05,-0.90,0.00
17.06,-0.90,0.00
17.06,-0.90,0.00
17.07,-0.90,0.00
17.07,-0.90,0.00
17.08,-0.90,0.00
17.08,-0.90,0.00
17.09,-0.90,0.00
17.09,-0.90,0.00
17.10,-0.90,0.00
17.10,-0.90,0.00
17.11,-0.90,0.00
17.11,-0.90,0.00
17.12,-0.90,0.00
17.12,-0.90,0.00
17.12,-0.90,0.00
17.13,-0.90,0.00
17.13,-0.90,0.00
17.14,-0.90,0.00
17.14,-0.90,0.00
17.15,-0.90,0.00
17.15,-0.90,0.00
17.16,-0.90,0.00
17.16,-0.90,0.00
17.17,-0.90,0.00
17.17,-0.90,0.00
17.18,-0.90,0.00
17.18,-0.90,0.00
17.19,-0.90,0.00
17.19,-0.90,0.00
17.20,-0.90,0.00
17.20,-0.90,0.00
17.21,-0.90,0.00
17.21,-0.90,0.00
17.22,-0.90,0.00
17.22,-0.90,0.00
17.23,-0.90,0.00
17.23,-0.90,0.00
17.24,-0.90,0.00
17.24,-0.90,0.00
17.25,-0.90,0.00
17.25,-0.90,0.00
17.26,-0.90,0.00
17.26,-0.90,0.00
17.27,-0.90,0.00
17.27,-0.90,0.00
17.28,-0.90,0.00
17.28,-0.90,0.00
17.29,-0.90,0.00
17.29,-0.90,0.00
17.30,-0.90,0.00
17.30,-0.90,0.00
17.31,-0.90,0.00
17.31,-0.90,0.00
17.32,-0.90,0.00
17.32,-0.90,0.00
17.33,-0.90,0.00
17.33,-0.90,0.00
17.34,-0.90,0.00
17.34,-0.90,0.00
17.35,-0.90,0.00
17.35,-0.90,0.00
17.36,-0.90,0.00
17.36,-0.90,0.00
17.37,-0.90,0.00
17.37,-0.90,0.00
17.38,-0.90,0.00
17.38,-0.90,0.00
17.39,-0.90,0.00
17.39,-0.90,0.00
17.40,-0.90,0.00
17.40,-0.90,0.00
17.41,-0.90,0.00
17.41,-0.90,0.00
17.42,-0.90,0.00
17.42,-0.90,0.00
17.43,-0.90,0.00
17.43,-0.90,0.00
17.44,-0.90,0.00
17.44,-0.90,0.00
17.45,-0.90,0.00
17.45,-0.90,0.00
17.46,-0.90,0.00
17.46,-0.90,0.00
17.47,-0.90,0.00
17.47,-0.90,0.00
17.48,-0.90,0.00
17.48,-0.90,0.00
17.49,-0.90,0.00
17.49,-0.90,0.00
17.50,-0.90,0.00
17.50,-0.90,0.00
17.51,-0.90,0.00
17.51,-0.90,0.00
17.52,-0.90,0.00
17.52,-0.90,0.00
17.53,-0.90,0.00
17.53,-0.90,0.00
17.54,-0.90,0.00
17.54,-0.90,0.00
17.55,-0.90,0.00
17.55,-0.90,0.00
17.56,-0.90,0.00
17.56,-0.90,0.00
17.57,-0.90,0.00
17.57,-0.90,0.00
17.58,-0.90,0.00
17.58,-0.90,0.00
17.59,-0.90,0.00
17.59,-0.90,0.00
17.60,-0.90,0.00
17.60,-0.90,0.00
17.61,-0.90,0.00
17.61,-0.90,0.00
17.62,-0.90,0.00
17.62,-0.90,0.00
17.63,-0.90,0.00
17.63,-0.90,0.00
17.64,-0.90,0.00
17.64,-0.90,0.00
17.65,-0.90,0.00
17.65,-0.90,0.00
17.66,-0.90,0.00
17.66,-0.90,0.00
17.67,-0.90,0.00
17.67,-0.90,0.00
17.68,-0.90,0.00
17.68,-0.90,0.00
17.69,-0.90,0.00
17.69,-0.90,0.00
17.70,-0.90,0.00
17.70,-0.90,0.00
17.71,-0.90,0.00
17.71,-0.90,0.00
17.71,-0.90,0.00
17.72,-0.90,0.00
17.72,-0.90,0.00
17.73,-0.90,0.00
17.73,-0.90,0.00
17.74,-0.90,0.00
17.74,-0.90,0.00
17.75,-0.90,0.00
17.75,-0.90,0.00
17.76,-0.90,0.00
17.76,-0.90,0.00
17.77,-0.90,0.00
17.77,-0.90,0.00
17.78,-0.90,0.00
17.78,-0.90,0.00
17.79,-0.90,0.00
17.79,-0.90,0.00
17.80,-0.90,0.00
17.80,-0.90,0.00
17.81,-0.90,0.00
17.81,-0.90,0.00
17.82,-0.90,0.00
17.82,-0.90,0.00
17.83,-0.90,0.00
17.83,-0.90,0.00
17.84,-0.90,0.00
17.84,-0.90,0.00
17.85,-0.90,0.00
17.85,-0.90,0.00
17.86,-0.90,0.00
17.86,-0.90,0.00
17.87,-0.90,0.00
17.87,-0.90,0.00
17.88,-0.90,0.00
17.88,-0.90,0.00
17.89,-0.90,0.00
17.89,-0.90,0.00
17.90,-0.90,0.00
17.90,-0.90,0.00
17.91,-0.90,0.00
17.91,-0.90,0.00
17.92,-0.90,0.00
17.92,-0.90,0.00
17.93,-0.90,0.00
17.93,-0.90,0.00
17.94,-0.90,0.00
17.94,-0.90,0.00
17.95,-0.90,0.00
17.95,-0.90,0.00
17.96,-0.90,0.00
17.96,-0.90,0.00
17.97,-0.90,0.00
17.97,-0.90,0.00
17.98,-0.90,0.00
17.98,-0.90,0.00
17.99,-0.90,0.00
17.99,-0.90,0.00
18.00,-0.90,0.00
18.00,-0.90,0.00
18.01,-0.90,0.00
18.01,-0.90,0.00
18.02,-0.90,0.00
18.02,-0.90,0.00
18.03,-0.90,0.00
18.03,-0.90,0.00
18.04,-0.90,0.00
18.04,-0.90,0.00
18.05,-0.90,0.00
18.05,-0.90,0.00
18.06,-0.90,0.00
18.06,-0.90,0.00
18.07,-0.90,0.00
18.07,-0.90,0.00
18.08,-0.90,0.00
18.08,-0.90,0.00
18.09,-0.90,0.00
18.09,-0.90,0.00
18.10,-0.90,0.00
18.10,-0.90,0.00
18.11,-0.90,0.00
18.11,-0.90,0.00
18.12,-0.90,0.00
18.12,-0.90,0.00
18.13,-0.90,0.00
18.13,-0.90,0.00
18.14,-0.90,0.00
18.14,-0.90,0.00
18.15,-0.90,0.00
18.15,-0.90,0.00
18.16,-0.90,0.00
18.16,-0.90,0.00
18.17,-0.90,0.00
18.17,-0.90,0.00
18.18,-0.90,0.00
18.18,-0.90,0.00
18.19,-0.90,0.00
18.19,-0.90,0.00
18.20,-0.90,0.00
18.20,-0.90,0.00
18.21,-0.90,0.00
18.21,-0.90,0.00
18.22,-0.90,0.00
18.22,-0.90,0.00
18.23,-0.90,0.00
18.23,-0.90,0.00
18.24,-0.90,0.00
18.24,-0.90,0.00
18.25,-0.90,0.00
18.25,-0.90,0.00
18.26,-0.90,0.00
18.26,-0.90,0.00
18.27,-0.90,0.00
18.27,-0.90,0.00
18.28,-0.90,0.00
18.28,-0.90,0.00
18.29,-0.90,0.00
18.29,-0.90,0.00
18.30,-0.90,0.00
18.30,-0.90,0.00
18.30,-0.90,0.00
18.31,-0.90,0.00
18.31,-0.90,0.00
18.32,-0.90,0.00
18.32,-0.90,0.00
18.33,-0.90,0.00
18.33,-0.90,0.00
18.34,-0.90,0.00
18.34,-0.90,0.00
18.35,-0.90,0.00
18.35,-0.90,0.00
18.36,-0.90,0.00
18.36,-0.90,0.00
18.37,-0.90,0.00
18.37,-0.90,0.00
18.38,-0.90,0.00
18.38,-0.90,0.00
18.39,-0.90,0.00
18.39,-0.90,0.00
18.40,-0.90,0.00
18.40,-0.90,0.00
18.41,-0.90,0.00
18.41,-0.90,0.00
18.42,-0.90,0.00
18.42,-0.90,0.00
18.43,-0.90,0.00
18.43,-0.90,0.00
18.44,-0.90,0.00
18.44,-0.90,0.00
18.45,-0.90,0.00
18.45,-0.90,0.00
18.46,-0.90,0.00
18.46,-0.90,0.00
18.47,-0.90,0.00
18.47,-0.90,0.00
18.48,-0.90,0.00
18.48,-0.90,0.00
18.49,-0.90,0.00
18.49,-0.90,0.00
18.50,-0.90,0.00
18.50,-0.90,0.00
18.51,-0.90,0.00
18.51,-0.90,0.00
18.52,-0.90,0.00
18.52,-0.90,0.00
18.53,-0.90,0.00
18.53,-0.90,0.00
18.54,-0.90,0.00
18.54,-0.90,0.00
18.55,-0.90,0.00
18.55,-0.90,0.00
18.56,-0.90,0.00
18.56,-0.90,0.00
18.57,-0.90,0.00
18.57,-0.90,0.00
18.58,-0.90,0.00
18.58,-0.90,0.00
18.59,-0.90,0.00
18.59,-0.90,0.00
18.60,-0.90,0.00
18.60,-0.90,0.00
18.61,-0.90,0.00
18.61,-0.90,0.00
18.62,-0.90,0.00
18.62,-0.90,0.00
18.63,-0.90,0.00
18.63,-0.90,0.00
18.64,-0.90,0.00
18.64,-0.90,0.00
18.65,-0.90,0.00
18.65,-0.90,0.00
18.66,-0.90,0.00
18.66,-0.90,0.00
18.67,-0.90,0.00
18.67,-0.90,0.00
18.68,-0.90,0.00
18.68,-0.90,0.00
18.69,-0.90,0.00
18.69,-0.90,0.00
18.70,-0.90,0.00
18.70,-0.90,0.00
18.71,-0.90,0.00
18.71,-0.90,0.00
18.72,-0.90,0.00
18.72,-0.90,0.00
18.73,-0.90,0.00
18.73,-0.90,0.00
18.74,-0.90,0.00
18.74,-0.90,0.00
18.75,-0.90,0.00
18.75,-0.90,0.00
18.76,-0.90,0.00
18.76,-0.90,0.00
18.77,-0.90,0.00
18.77,-0.90,0.00
18.78,-0.90,0.00
18.78,-0.90,0.00
18.79,-0.90,0.00
18.79,-0.90,0.00
18.80,-0.90,0.00
18.80,-0.90,0.00
18.81,-0.90,0.00
18.81,-0.90,0.00
18.82,-0.90,0.00
18.82,-0.90,0.00
18.83,-0.90,0.00
18.83,-0.90,0.00
18.84,-0.90,0.00
18.84,-0.90,0.00
18.85,-0.90,0.00
18.85,-0.90,0.00
18.86,-0.90,0.00
18.86,-0.90,0.00
18.87,-0.90,0.00
18.87,-0.90,0.00
18.88,-0.90,0.00
18.88,-0.90,0.00
18.89,-0.90,0.00
18.89,-0.90,0.00
18.89,-0.90,0.00
18.90,-0.90,0.00
18.90,-0.90,0.00
18.91,-0.90,0.00
18.91,-0.90,0.00
18.92,-0.90,0.00
18.92,-0.90,0.00
18.93,-0.90,0.00
18.93,-0.90,0.00
18.94,-0.90,0.00
18.94,-0.90,0.00
18.95,-0.90,0.00
18.95,-0.90,0.00
18.96,-0.90,0.00
18.96,-0.90,0.00
18.97,-0.90,0.00
18.97,-0.90,0.00
18.98,-0.90,0.00
18.98,-0.90,0.00
18.99,-0.90,0.00
18.99,-0.90,0.00
19.00,-0.90,0.00
19.00,-0.90,0.00
19.01,-0.90,0.00
19.01,-0.90,0.00
19.02,-0.90,0.00
19.02,-0.90,0.00
19.03,-0.90,0.00
19.03,-0.90,0.00
19.04,-0.90,0.00
19.04,-0.90,0.00
19.05,-0.90,0.00
19.05,-0.90,0.00
19.06,-0.90,0.00
19.06,-0.90,0.00
19.07,-0.90,0.00
19.07,-0.90,0.00
19.08,-0.90,0.00
19.08,-0.90,0.00
19.09,-0.90,0.00
19.09,-0.90,0.00
19.10,-0.90,0.00
19.10,-0.90,0.00
19.11,-0.90,0.00
19.11,-0.90,0.00
19.12,-0.90,0.00
19.12,-0.90,0.00
19.13,-0.90,0.00
19.13,-0.90,0.00
19.14,-0.90,0.00
19.14,-0.90,0.00
19.15,-0.90,0.00
19.15,-0.90,0.00
19.16,-0.90,0.00
19.16,-0.90,0.00
19.17,-0.90,0.00
19.17,-0.90,0.00
19.18,-0.90,0.00
19.18,-0.90,0.00
19.19,-0.90,0.00
19.19,-0.90,0.00
19.20,-0.90,0.00
19.20,-0.90,0.00
19.21,-0.90,0.00
19.21,-0.90,0.00
19.22,-0.90,0.00
19.22,-0.90,0.00
19.23,-0.90,0.00
19.23,-0.90,0.00
19.24,-0.90,0.00
19.24,-0.90,0.00
19.25,-0.90,0.00
19.25,-0.90,0.00
19.26,-0.90,0.00
19.26,-0.90,0.00
19.27,-0.90,0.00
19.27,-0.90,0.00
19.28,-0.90,0.00
19.28,-0.90,0.00
19.29,-0.90,0.00
19.29,-0.90,0.00
19.30,-0.90,0.00
19.30,-0.90,0.00
19.31,-0.90,0.00
19.31,-0.90,0.00
19.32,-0.90,0.00
19.32,-0.90,0.00
19.33,-0.90,0.00
19.33,-0.90,0.00
19.34,-0.90,0.00
19.34,-0.90,0.00
19.35,-0.90,0.00
19.35,-0.90,0.00
19.36,-0.90,0.00
19.36,-0.90,0.00
19.37,-0.90,0.00
19.37,-0.90,0.00
19.38,-0.90,0.00
19.38,-0.90,0.00
19.39,-0.90,0.00
19.39,-0.90,0.00
19.40,-0.90,0.00
19.40,-0.90,0.00
19.41,-0.90,0.00
19.41,-0.90,0.00
19.42,-0.90,0.00
19.42,-0.90,0.00
19.43,-0.90,0.00
19.43,-0.90,0.00
19.44,-0.90,0.00
19.44,-0.90,0.00
19.45,-0.90,0.00
19.45,-0.90,0.00
19.46,-0.90,0.00
19.46,-0.90,0.00
19.47,-0.90,0.00
19.47,-0.90,0.00
19.48,-0.90,0.00
19.48,-0.90,0.00
19.48,-0.90,0.00
19.49,-0.90,0.00
19.49,-0.90,0.00
19.50,-0.90,0.00
19.50,-0.90,0.00
19.51,-0.90,0.00
19.51,-0.90,0.00
19.52,-0.90,0.00
19.52,-0.90,0.00
19.53,-0.90,0.00
19.53,-0.90,0.00
19.54,-0.90,0.00
19.54,-0.90,0.00
19.55,-0.90,0.00
19.55,-0.90,0.00
19.56,-0.90,0.00
19.56,-0.90,0.00
19.57,-0.90,0.00
19.57,-0.90,0.00
19.58,-0.90,0.00
19.58,-0.90,0.00
19.59,-0.90,0.00
19.59,-0.90,0.00
19.60,-0.90,0.00
19.60,-0.90,0.00
19.61,-0.90,0.00
19.61,-0.90,0.00
19.62,-0.90,0.00
19.62,-0.90,0.00
19.63,-0.90,0.00
19.63,-0.90,0.00
19.64,-0.90,0.00
19.64,-0.90,0.00
19.65,-0.90,0.00
19.65,-0.90,0.00
19.66,-0.90,0.00
19.66,-0.90,0.00
19.67,-0.90,0.00
19.67,-0.90,0.00
19.68,-0.90,0.00
19.68,-0.90,0.00
19.69,-0.90,0.00
19.69,-0.90,0.00
19.70,-0.90,0.00
19.70,-0.90,0.00
19.71,-0.90,0.00
19.71,-0.90,0.00
19.72,-0.90,0.00
19.72,-0.90,0.00
19.73,-0.90,0.00
19.73,-0.90,0.00
19.74,-0.90,0.00
19.74,-0.90,0.00
19.75,-0.90,0.00
19.75,-0.90,0.00
19.76,-0.90,0.00
19.76,-0.90,0.00
19.77,-0.90,0.00
19.77,-0.90,0.00
19.78,-0.90,0.00
19.78,-0.90,0.00
19.79,-0.90,0.00
19.79,-0.90,0.00
19.80,-0.90,0.00
19.80,-0.90,0.00
19.81,-0.90,0.00
19.81,-0.90,0.00
19.82,-0.90,0.00
19.82,-0.90,0.00
19.83,-0.90,0.00
19.83,-0.90,0.00
19.84,-0.90,0.00
19.84,-0.90,0.00
19.85,-0.90,0.00
19.85,-0.90,0.00
19.86,-0.90,0.00
19.86,-0.90,0.00
19.87,-0.90,0.00
19.87,-0.90,0.00
19.88,-0.90,0.00
19.88,-0.90,0.00
19.89,-0.90,0.00
19.89,-0.90,0.00
19.90,-0.90,0.00
19.90,-0.90,0.00
19.91,-0.90,0.00
19.91,-0.90,0.00
19.92,-0.90,0.00
19.92,-0.90,0.00
19.93,-0.90,0.00
19.93,-0.90,0.00
19.94,-0.90,0.00
19.94,-0.90,0.00
19.95,-0.90,0.00
19.95,-0.90,0.00
19.96,-0.90,0.00
19.96,-0.90,0.00
19.97,-0.90,0.00
19.97,-0.90,0.00
19.98,-0.90,0.00
19.98,-0.90,0.00
19.99,-0.90,0.00
19.99,-0.90,0.00
20.00,-0.90,0.00
20.00,-0.90,0.00
20.01,-0.90,0.00
20.01,-0.90,0.00
20.02,-0.90,0.00
20.02,-0.90,0.00
20.03,-0.90,0.00
20.03,-0.90,0.00
20.04,-0.90,0.00
20.04,-0.90,0.00
20.05,-0.90,0.00
20.05,-0.90,0.00
20.06,-0.90,0.00
20.06,-0.90,0.00
20.07,-0.90,0.00
20.07,-0.90,0.00
20.07,-0.90,0.00
20.08,-0.90,0.00
20.08,-0.90,0.00
20.09,-0.90,0.00
20.09,-0.90,0.00
20.10,-0.90,0.00
20.10,-0.90,0.00
20.11,-0.90,0.00
20.11,-0.90,0.00
20.12,-0.90,0.00
20.12,-0.90,0.00
20.13,-0.90,0.00
20.13,-0.90,0.00
20.14,-0.90,0.00
20.14,-0.90,0.00
20.15,-0.90,0.00
20.15,-0.90,0.00
20.16,-0.90,0.00
20.16,-0.90,0.00
20.17,-0.90,0.00
20.17,-0.90,0.00
20.18,-0.90,0.00
20.18,-0.90,0.00
20.19,-0.90,0.00
20.19,-0.90,0.00
20.20,-0.90,0.00
20.20,-0.90,0.00
20.21,-0.90,0.00
20.21,-0.90,0.00
20.22,-0.90,0.00
20.22,-0.90,0.00
20.23,-0.90,0.00
20.23,-0.90,0.00
20.24,-0.90,0.00
20.24,-0.90,0.00
20.25,-0.90,0.00
20.25,-0.90,0.00
20.26,-0.90,0.00
20.26,-0.90,0.00
20.27,-0.90,0.00
20.27,-0.90,0.00
20.28,-0.90,0.00
20.28,-0.90,0.00
20.29,-0.90,0.00
20.29,-0.90,0.00
20.30,-0.90,0.00
20.30,-0.90,0.00
20.31,-0.90,0.00
20.31,-0.90,0.00
20.32,-0.90,0.00
20.32,-0.90,0.00
20.33,-0.90,0.00
20.33,-0.90,0.00
20.34,-0.90,0.00
20.34,-0.90,0.00
20.35,-0.90,0.00
20.35,-0.90,0.00
20.36,-0.90,0.00
20.36,-0.90,0.00
20.37,-0.90,0.00
20.37,-0.90,0.00
20.38,-0.90,0.00
20.38,-0.90,0.00
20.39,-0.90,0.00
20.39,-0.90,0.00
20.40,-0.90,0.00
20.40,-0.90,0.00
20.41,-0.90,0.00
20.41,-0.90,0.00
20.42,-0.90,0.00
20.42,-0.90,0.00
20.43,-0.90,0.00
20.43,-0.90,0.00
20.44,-0.90,0.00
20.44,-0.90,0.00
20.45,-0.90,0.00
20.45,-0.90,0.00
20.46,-0.90,0.00
20.46,-0.90,0.00
20.47,-0.90,0.00
20.47,-0.90,0.00
20.48,-0.90,0.00
20.48,-0.90,0.00
20.49,-0.90,0.00
20.49,-0.90,0.00
20.50,-0.90,0.00
20.50,-0.90,0.00
20.51,-0.90,0.00
20.51,-0.90,0.00
20.52,-0.90,0.00
20.52,-0.90,0.00
20.53,-0.90,0.00
20.53,-0.90,0.00
20.54,-0.90,0.00
20.54,-0.90,0.00
20.55,-0.90,0.00
20.55,-0.90,0.00
20.56,-0.90,0.00
20.56,-0.90,0.00
20.57,-0.90,0.00
20.57,-0.90,0.00
20.58,-0.90,0.00
20.58,-0.90,0.00
20.59,-0.90,0.00
20.59,-0.90,0.00
20.60,-0.90,0.00
20.60,-0.90,0.00
20.61,-0.90,0.00
20.61,-0.90,0.00
20.62,-0.90,0.00
20.62,-0.90,0.00
20.63,-0.90,0.00
20.63,-0.90,0.00
20.64,-0.90,0.00
20.64,-0.90,0.00
20.65,-0.90,0.00
20.65,-0.90,0.00
20.66,-0.90,0.00
20.66,-0.90,0.00
20.66,-0.90,0.00
20.67,-0.90,0.00
20.67,-0.90,0.00
20.68,-0.90,0.00
20.68,-0.90,0.00
20.69,-0.90,0.00
20.69,-0.90,0.00
20.70,-0.90,0.00
20.70,-0.90,0.00
20.71,-0.90,0.00
20.71,-0.90,0.00
20.72,-0.90,0.00
20.72,-0.90,0.00
20.73,-0.90,0.00
20.73,-0.90,0.00
20.74,-0.90,0.00
20.74,-0.90,0.00
20.75,-0.90,0.00
20.75,-0.90,0.00
20.76,-0.90,0.00
20.76,-0.90,0.00
20.77,-0.90,0.00
20.77,-0.90,0.00
20.78,-0.90,0.00
20.78,-0.90,0.00
20.79,-0.90,0.00
20.79,-0.90,0.00
20.80,-0.90,0.00
20.80,-0.90,0.00
20.81,-0.90,0.00
20.81,-0.90,0.00
20.82,-0.90,0.00
20.82,-0.90,0.00
20.83,-0.90,0.00
20.83,-0.90,0.00
20.84,-0.90,0.00
20.84,-0.90,0.00
20.85,-0.90,0.00
20.85,-0.90,0.00
20.86,-0.90,0.00
20.86,-0.90,0.00
20.87,-0.90,0.00
20.87,-0.90,0.00
20.88,-0.90,0.00
20.88,-0.90,0.00
20.89,-0.90,0.00
20.89,-0.90,0.00
20.90,-0.90,0.00
20.90,-0.90,0.00
20.91,-0.90,0.00
20.91,-0.90,0.00
20.92,-0.90,0.00
20.92,-0.90,0.00
20.93,-0.90,0.00
20.93,-0.90,0.00
20.94,-0.90,0.00
20.94,-0.90,0.00
20.95,-0.90,0.00
20.95,-0.90,0.00
20.96,-0.90,0.00
20.96,-0.90,0.00
20.97,-0.90,0.00
20.97,-0.90,0.00
20.98,-0.90,0.00
20.98,-0.90,0.00
20.99,-0.90,0.00
20.99,-0.90,0.00
21.00,-0.90,0.00
21.00,-0.90,0.00
21.01,-0.90,0.00
21.01,-0.90,0.00
21.02,-0.90,0.00
21.02,-0.90,0.00
21.03,-0.90,0.00
21.03,-0.90,0.00
21.04,-0.90,0.00
21.04,-0.90,0.00
21.05,-0.90,0.00
21.05,-0.90,0.00
21.06,-0.90,0.00
21.06,-0.90,0.00
21.07,-0.90,0.00
21.07,-0.90,0.00
21.08,-0.90,0.00
21.08,-0.90,0.00
21.09,-0.90,0.00
21.09,-0.90,0.00
21.10,-0.90,0.00
21.10,-0.90,0.00
21.11,-0.90,0.00
21.11,-0.90,0.00
21.12,-0.90,0.00
21.12,-0.90,0.00
21.13,-0.90,0.00
21.13,-0.90,0.00
21.14,-0.90,0.00
21.14,-0.90,0.00
21.15,-0.90,0.00
21.15,-0.90,0.00
21.16,-0.90,0.00
21.16,-0.90,0.00
21.17,-0.90,0.00
21.17,-0.90,0.00
21.18,-0.90,0.00
21.18,-0.90,0.00
21.19,-0.90,0.00
21.19,-0.90,0.00
21.20,-0.90,0.00
21.20,-0.90,0.00
21.21,-0.90,0.00
21.21,-0.90,0.00
21.22,-0.90,0.00
21.22,-0.90,0.00
21.23,-0.90,0.00
21.23,-0.90,0.00
21.24,-0.90,0.00
21.24,-0.90,0.00
21.25,-0.90,0.00
21.25,-0.90,0.00
21.25,-0.90,0.00
21.26,-0.90,0.00
21.26,-0.90,0.00
21.27,-0.90,0.00
21.27,-0.90,0.00
21.28,-0.90,0.00
21.28,-0.90,0.00
21.29,-0.90,0.00
21.29,-0.90,0.00
21.30,-0.90,0.00
21.30,-0.90,0.00
21.31,-0.90,0.00
21.31,-0.90,0.00
21.32,-0.90,0.00
21.32,-0.90,0.00
21.33,-0.90,0.00
21.33,-0.90,0.00
21.34,-0.90,0.00
21.34,-0.90,0.00
21.35,-0.90,0.00
21.35,-0.90,0.00
21.36,-0.90,0.00
21.36,-0.90,0.00
21.37,-0.90,0.00
21.37,-0.90,0.00
21.38,-0.90,0.00
21.38,-0.90,0.00
21.39,-0.90,0.00
21.39,-0.90,0.00
21.40,-0.90,0.00
21.40,-0.90,0.00
21.41,-0.90,0.00
21.41,-0.90,0.00
21.42,-0.90,0.00
21.42,-0.90,0.00
21.43,-0.90,0.00
21.43,-0.90,0.00
21.44,-0.90,0.00
21.44,-0.90,0.00
21.45,-0.90,0.00
21.45,-0.90,0.00
21.46,-0.90,0.00
21.46,-0.90,0.00
21.47,-0.90,0.00
21.47,-0.90,0.00
21.48,-0.90,0.00
21.48,-0.90,0.00
21.49,-0.89,0.00
21.49,-0.89,0.00
21.50,-0.89,0.00
21.50,-0.89,0.00
21.51,-0.89,0.00
21.51,-0.89,0.00
21.52,-0.89,0.00
21.52,-0.89,0.00
21.53,-0.89,0.00
21.53,-0.89,0.00
21.54,-0.89,0.00
21.54,-0.89,0.00
21.55,-0.89,0.00
21.55,-0.89,0.00
21.56,-0.89,0.00
21.56,-0.89,0.00
21.57,-0.89,0.00
21.57,-0.89,0.00
21.58,-0.89,0.00
21.58,-0.89,0.00
21.59,-0.89,0.00
21.59,-0.89,0.00
21.60,-0.89,0.00
21.60,-0.89,0.00
21.61,-0.89,0.00
21.61,-0.89,0.00
21.62,-0.89,0.00
21.62,-0.89,0.00
21.63,-0.89,0.00
21.63,-0.89,0.00
21.64,-0.89,0.00
21.64,-0.89,0.00
21.65,-0.89,0.00
21.65,-0.89,0.00
21.66,-0.89,0.00
21.66,-0.89,0.00
21.67,-0.89,0.00
21.67,-0.89,0.00
21.68,-0.89,0.00
21.68,-0.89,0.00
21.69,-0.89,0.00
21.69,-0.89,0.00
21.70,-0.89,0.00
21.70,-0.89,0.00
21.71,-0.89,0.00
21.71,-0.89,0.00
21.72,-0.89,0.00
21.72,-0.89,0.00
21.73,-0.89,0.00
21.73,-0.89,0.00
21.74,-0.89,0.00
21.74,-0.89,0.00
21.75,-0.89,0.00
21.75,-0.89,0.00
21.76,-0.89,0.00
21.76,-0.89,0.00
21.77,-0.89,0.00
21.77,-0.89,0.00
21.78,-0.89,0.00
21.78,-0.89,0.00
21.79,-0.89,0.00
21.79,-0.89,0.00
21.80,-0.89,0.00
21.80,-0.89,0.00
21.81,-0.89,0.00
21.81,-0.89,0.00
21.82,-0.89,0.00
21.82,-0.88,0.00
21.82,-0.88,0.00
21.83,-0.88,0.00
21.83,-0.88,0.00
21.84,-0.88,0.00
21.84,-0.88,0.00
21.85,-0.88,0.00
21.85,-0.88,0.00
21.86,-0.88,0.00
21.86,-0.88,0.00
21.87,-0.88,0.00
21.87,-0.88,0.00
21.88,-0.88,0.00
21.88,-0.88,0.00
21.89,-0.88,0.00
21.89,-0.88,0.00
21.90,-0.88,0.00
21.90,-0.88,0.00
21.91,-0.88,0.00
21.91,-0.88,0.00
21.92,-0.88,0.00
21.92,-0.88,0.00
21.93,-0.88,0.00
21.93,-0.88,0.00
21.94,-0.88,0.00
21.94,-0.88,0.00
21.95,-0.88,0.00
21.95,-0.88,0.00
21.96,-0.88,0.00
21.96,-0.88,0.00
21.97,-0.88,0.00
21.97,-0.88,0.00
21.98,-0.88,0.00
21.98,-0.88,0.00
21.99,-0.88,0.00
21.99,-0.88,0.00
22.00,-0.88,0.00
22.00,-0.88,0.00
22.01,-0.88,0.00
22.01,-0.88,0.00
22.02,-0.88,0.00
22.02,-0.88,0.00
22.03,-0.88,0.00
22.03,-0.88,0.00
22.04,-0.88,0.00
22.04,-0.88,0.00
22.05,-0.88,0.00
22.05,-0.88,0.00
22.06,-0.88,0.00
22.06,-0.88,0.00
22.07,-0.88,0.00
22.07,-0.88,0.00
22.08,-0.88,0.00
22.08,-0.88,0.00
22.09,-0.88,0.00
22.09,-0.88,0.00
22.10,-0.88,0.00
22.10,-0.88,0.00
22.11,-0.88,0.00
22.11,-0.88,0.00
22.12,-0.88,0.00
22.12,-0.88,0.00
22.13,-0.88,0.00
22.13,-0.88,0.00
22.14,-0.88,0.00
22.14,-0.88,0.00
22.15,-0.88,0.00
22.15,-0.88,0.00
22.16,-0.88,0.00
22.16,-0.88,0.00
22.17,-0.88,0.00
22.17,-0.89,0.00
22.18,-0.89,0.00
22.18,-0.89,0.00
22.19,-0.89,0.00
22.19,-0.89,0.00
22.20,-0.89,0.00
22.20,-0.89,0.00
22.21,-0.89,0.00
22.21,-0.89,0.00
22.22,-0.89,0.00
22.22,-0.89,0.00
22.23,-0.89,0.00
22.23,-0.89,0.00
22.24,-0.89,0.00
22.24,-0.89,0.00
22.25,-0.89,0.00
22.25,-0.89,0.00
22.26,-0.89,0.00
22.26,-0.89,0.00
22.27,-0.89,0.00
22.27,-0.89,0.00
22.28,-0.89,0.00
22.28,-0.89,0.00
22.29,-0.89,0.00
22.29,-0.89,0.00
22.30,-0.89,0.00
22.30,-0.89,0.00
22.31,-0.89,0.00
22.31,-0.89,0.00
22.32,-0.89,0.00
22.32,-0.89,0.00
22.33,-0.89,0.00
22.33,-0.89,0.00
22.34,-0.89,0.00
22.34,-0.89,0.00
22.35,-0.90,0.00
22.35,-0.90,0.00
22.36,-0.90,0.00
22.36,-0.90,0.00
22.36,-0.90,0.00
22.37,-0.90,0.00
22.37,-0.90,0.00
22.38,-0.90,0.00
22.38,-0.90,0.00
22.39,-0.90,0.00
22.39,-0.90,0.00
22.40,-0.90,0.00
22.40,-0.90,0.00
22.41,-0.90,0.00
22.41,-0.90,0.00
22.42,-0.90,0.00
22.42,-0.90,0.00
22.43,-0.90,0.00
22.43,-0.90,0.00
22.44,-0.90,0.00
22.44,-0.90,0.00
22.45,-0.90,0.00
22.45,-0.91,0.00
22.46,-0.91,0.00
22.46,-0.91,0.00
22.47,-0.91,0.00
22.47,-0.91,0.00
22.48,-0.91,0.00
22.48,-0.91,0.00
22.49,-0.91,0.00
22.49,-0.91,0.00
22.50,-0.91,0.00
22.50,-0.91,0.00
22.51,-0.91,0.00
22.51,-0.91,0.00
22.52,-0.91,0.00
22.52,-0.91,0.00
22.53,-0.91,0.00
22.53,-0.91,0.00
22.54,-0.91,0.00
22.54,-0.91,0.00
22.55,-0.92,0.00
22.55,-0.92,0.00
22.56,-0.92,0.00
22.56,-0.92,0.00
22.57,-0.92,0.00
22.57,-0.92,0.00
22.58,-0.92,0.00
22.58,-0.92,0.00
22.59,-0.92,0.00
22.59,-0.92,0.00
22.60,-0.92,0.00
22.60,-0.92,0.00
22.61,-0.92,0.00
22.61,-0.92,0.00
22.62,-0.92,0.00
22.62,-0.93,0.00
22.63,-0.93,0.00
22.63,-0.93,0.00
22.64,-0.93,0.00
22.64,-0.93,0.00
22.65,-0.93,0.00
22.65,-0.93,0.00
22.66,-0.93,0.00
22.66,-0.93,0.00
22.67,-0.93,0.00
22.67,-0.93,0.00
22.68,-0.93,0.00
22.68,-0.93,0.00
22.68,-0.93,0.00
22.69,-0.94,0.00
22.69,-0.94,0.00
22.70,-0.94,0.00
22.70,-0.94,0.00
22.71,-0.94,0.00
22.71,-0.94,0.00
22.72,-0.94,0.00
22.72,-0.94,0.00
22.73,-0.94,0.00
22.73,-0.94,0.00
22.74,-0.94,0.00
22.74,-0.94,0.00
22.75,-0.94,0.00
22.75,-0.95,0.00
22.76,-0.95,0.00
22.76,-0.95,0.00
22.77,-0.95,0.00
22.77,-0.95,0.00
22.78,-0.95,0.00
22.78,-0.95,0.00
22.79,-0.95,0.00
22.79,-0.95,0.00
22.80,-0.95,0.00
22.80,-0.95,0.00
22.81,-0.95,0.00
22.81,-0.96,0.00
22.82,-0.96,0.00
22.82,-0.96,0.00
22.83,-0.96,0.00
22.83,-0.96,0.00
22.84,-0.96,0.00
22.84,-0.96,0.00
22.85,-0.96,0.00
22.85,-0.96,0.00
22.86,-0.96,0.00
22.86,-0.96,0.00
22.87,-0.96,0.00
22.87,-0.97,0.00
22.88,-0.97,0.00
22.88,-0.97,0.00
22.89,-0.97,0.00
22.89,-0.97,0.00
22.90,-0.97,0.00
22.90,-0.97,0.00
22.90,-0.97,0.00
22.91,-0.97,0.00
22.91,-0.97,0.00
22.92,-0.98,0.00
22.92,-0.98,0.00
22.93,-0.98,0.00
22.93,-0.98,0.00
22.94,-0.98,0.00
22.94,-0.98,0.00
22.95,-0.98,0.00
22.95,-0.98,0.00
22.96,-0.98,0.00
22.96,-0.98,0.00
22.97,-0.98,0.00
22.97,-0.99,0.00
22.98,-0.99,0.00
22.98,-0.99,0.00
22.99,-0.99,0.00
22.99,-0.99,0.00
23.00,-0.99,0.00
23.00,-0.99,0.00
23.01,-0.99,0.00
23.01,-0.99,0.00
23.02,-1.00,0.00
23.02,-1.00,0.00
23.03,-1.00,0.00
23.03,-1.00,0.00
23.04,-1.00,0.00
23.04,-1.00,0.00
23.05,-1.00,0.00
23.05,-1.00,0.00
23.06,-1.00,0.00
23.06,-1.00,0.00
23.06,-1.01,0.00
23.07,-1.01,0.00
23.07,-1.01,0.00
23.08,-1.01,0.00
23.08,-1.01,0.00
23.09,-1.01,0.00
23.09,-1.01,0.00
23.10,-1.01,0.00
23.10,-1.01,0.00
23.11,-1.02,0.00
23.11,-1.02,0.00
23.12,-1.02,0.00
23.12,-1.02,0.00
23.13,-1.02,0.00
23.13,-1.02,0.00
23.14,-1.02,0.00
23.14,-1.02,0.00
23.15,-1.03,0.00
23.15,-1.03,0.00
23.16,-1.03,0.00
23.16,-1.03,0.00
23.17,-1.03,0.00
23.17,-1.03,0.00
23.18,-1.03,0.00
23.18,-1.03,0.00
23.19,-1.03,0.00
23.19,-1.04,0.00
23.20,-1.04,0.00
23.20,-1.04,0.00
23.20,-1.04,0.00
23.21,-1.04,0.00
23.21,-1.04,0.00
23.22,-1.04,0.00
23.22,-1.04,0.00
23.23,-1.05,0.00
23.23,-1.05,0.00
23.24,-1.05,0.00
23.24,-1.05,0.00
23.25,-1.05,0.00
23.25,-1.05,0.00
23.26,-1.05,0.00
23.26,-1.05,0.00
23.27,-1.06,0.00
23.27,-1.06,0.00
23.28,-1.06,0.00
23.28,-1.06,0.00
23.29,-1.06,0.00
23.29,-1.06,0.00
23.30,-1.06,0.00
23.30,-1.06,0.00
23.31,-1.07,0.00
23.31,-1.07,0.00
23.32,-1.07,0.00
23.32,-1.07,0.00
23.32,-1.07,0.00
23.33,-1.07,0.00
23.33,-1.07,0.00
23.34,-1.07,0.00
23.34,-1.08,0.00
23.35,-1.08,0.00
23.35,-1.08,0.00
23.36,-1.08,0.00
23.36,-1.08,0.00
23.37,-1.08,0.00
23.37,-1.08,0.00
23.38,-1.09,0.00
23.38,-1.09,0.00
23.39,-1.09,0.00
23.39,-1.09,0.00
23.40,-1.09,0.00
23.40,-1.09,0.00
23.41,-1.09,0.00
23.41,-1.10,0.00
23.42,-1.10,0.00
23.42,-1.10,0.00
23.42,-1.10,0.00
23.43,-1.10,0.00
23.43,-1.10,0.00
23.44,-1.10,0.00
23.44,-1.10,0.00
23.45,-1.11,0.00
23.45,-1.11,0.00
23.46,-1.11,0.00
23.46,-1.11,0.00
23.47,-1.11,0.00
23.47,-1.11,0.00
23.48,-1.11,0.00
23.48,-1.12,0.00
23.49,-1.12,0.00
23.49,-1.12,0.00
23.50,-1.12,0.00
23.50,-1.12,0.00
23.51,-1.12,0.00
23.51,-1.12,0.00
23.52,-1.13,0.00
23.52,-1.13,0.00
23.52,-1.13,0.00
23.53,-1.13,0.00
23.53,-1.13,0.00
23.54,-1.13,0.00
23.54,-1.13,0.00
23.55,-1.14,0.00
23.55,-1.14,0.00
23.56,-1.14,0.00
23.56,-1.14,0.00
23.57,-1.14,0.00
23.57,-1.14,0.00
23.58,-1.15,0.00
23.58,-1.15,0.00
23.59,-1.15,0.00
23.59,-1.15,0.00
23.60,-1.15,0.00
23.60,-1.15,0.00
23.60,-1.15,0.00
23.61,-1.16,0.00
23.61,-1.16,0.00
23.62,-1.16,0.00
23.62,-1.16,0.00
23.63,-1.16,0.00
23.63,-1.16,0.00
23.64,-1.17,0.00
23.64,-1.17,0.00
23.65,-1.17,0.00
23.65,-1.17,0.00
23.66,-1.17,0.00
23.66,-1.17,0.00
23.67,-1.17,0.00
23.67,-1.18,0.00
23.68,-1.18,0.00
23.68,-1.18,0.00
23.69,-1.18,0.00
23.69,-1.18,0.00
23.69,-1.18,0.00
23.70,-1.19,0.00
23.70,-1.19,0.00
23.71,-1.19,0.00
23.71,-1.19,0.00
23.72,-1.19,0.00
23.72,-1.19,0.00
23.73,-1.19,0.00
23.73,-1.20,0.00
23.74,-1.20,0.00
23.74,-1.20,0.00
23.75,-1.20,0.00
23.75,-1.20,0.00
23.76,-1.20,0.00
23.76,-1.21,0.00
23.76,-1.21,0.00
23.77,-1.21,0.00
23.77,-1.21,0.00
23.78,-1.21,0.00
23.78,-1.21,0.00
23.79,-1.22,0.00
23.79,-1.22,0.00
23.80,-1.22,0.00
23.80,-1.22,0.00
23.81,-1.22,0.00
23.81,-1.22,0.00
23.82,-1.23,0.00
23.82,-1.23,0.00
23.83,-1.23,0.00
23.83,-1.23,0.00
23.83,-1.23,0.00
23.84,-1.23,0.00
23.84,-1.24,0.00
23.85,-1.24,0.00
23.85,-1.24,0.00
23.86,-1.24,0.00
23.86,-1.24,0.00
23.87,-1.24,0.00
23.87,-1.25,0.00
23.88,-1.25,0.00
23.88,-1.25,0.00
23.89,-1.25,0.00
23.89,-1.25,0.00
23.90,-1.25,0.00
23.90,-1.26,0.00
23.90,-1.26,0.00
23.91,-1.26,0.00
23.91,-1.26,0.00
23.92,-1.26,0.00
23.92,-1.26,0.00
23.93,-1.27,0.00
23.93,-1.27,0.00
23.94,-1.27,0.00
23.94,-1.27,0.00
23.95,-1.27,0.00
23.95,-1.27,0.00
23.96,-1.28,0.00
23.96,-1.28,0.00
23.97,-1.28,0.00
23.97,-1.28,0.00
23.97,-1.28,0.00
23.98,-1.29,0.00
23.98,-1.29,0.00
23.99,-1.29,0.00
23.99,-1.29,0.00
24.00,-1.29,0.00
24.00,-1.29,0.00
24.01,-1.30,0.00
24.01,-1.30,0.00
24.02,-1.30,0.00
24.02,-1.30,0.00
24.03,-1.30,0.00
24.03,-1.30,0.00
24.03,-1.31,0.00
24.04,-1.31,0.00
24.04,-1.31,0.00
24.05,-1.31,0.00
24.05,-1.31,0.00
24.06,-1.32,0.00
24.06,-1.32,0.00
24.07,-1.32,0.00
24.07,-1.32,0.00
24.08,-1.32,0.00
24.08,-1.32,0.00
24.09,-1.33,0.00
24.09,-1.33,0.00
24.09,-1.33,0.00
24.10,-1.33,0.00
24.10,-1.33,0.00
24.11,-1.34,0.00
24.11,-1.34,0.00
24.12,-1.34,0.00
24.12,-1.34,0.00
24.13,-1.34,0.00
24.13,-1.34,0.00
24.14,-1.35,0.00
24.14,-1.35,0.00
24.15,-1.35,0.00
24.15,-1.35,0.00
24.15,-1.35,0.00
24.16,-1.36,0.00
24.16,-1.36,0.00
24.17,-1.36,0.00
24.17,-1.36,0.00
24.18,-1.36,0.00
24.18,-1.37,0.00
24.19,-1.37,0.00
24.19,-1.37,0.00
24.20,-1.37,0.00
24.20,-1.37,0.00
24.21,-1.37,0.00
24.21,-1.38,0.00
24.21,-1.38,0.00
24.22,-1.38,0.00
24.22,-1.38,0.00
24.23,-1.38,0.00
24.23,-1.39,0.00
24.24,-1.39,0.00
24.24,-1.39,0.00
24.25,-1.39,0.00
24.25,-1.39,0.00
24.26,-1.40,0.00
24.26,-1.40,0.00
24.26,-1.40,0.00
24.27,-1.40,0.00
24.27,-1.40,0.00
24.28,-1.40,0.00
24.28,-1.41,0.00
24.29,-1.41,0.00
24.29,-1.41,0.00
24.30,-1.41,0.00
24.30,-1.41,0.00
24.31,-1.42,0.00
24.31,-1.42,0.00
24.32,-1.42,0.00
24.32,-1.42,0.00
24.32,-1.42,0.00
24.33,-1.43,0.00
24.33,-1.43,0.00
24.34,-1.43,0.00
24.34,-1.43,0.00
24.35,-1.43,0.00
24.35,-1.44,0.00
24.36,-1.44,0.00
24.36,-1.44,0.00
24.37,-1.44,0.00
24.37,-1.44,0.00
24.37,-1.45,0.00
24.38,-1.45,0.00
24.38,-1.45,0.00
24.39,-1.45,0.00
24.39,-1.45,0.00
24.40,-1.46,0.00
24.40,-1.46,0.00
24.41,-1.46,0.00
24.41,-1.46,0.00
24.42,-1.46,0.00
24.42,-1.47,0.00
24.42,-1.47,0.00
24.43,-1.47,0.00
24.43,-1.47,0.00
24.44,-1.47,0.00
24.44,-1.47,0.00
24.45,-1.48,0.00
24.45,-1.48,0.00
24.46,-1.48,0.00
24.46,-1.48,0.00
24.47,-1.48,0.00
24.47,-1.49,0.00
24.47,-1.49,0.00
24.48,-1.49,0.00
24.48,-1.49,0.00
24.49,-1.49,0.00
24.49,-1.50,0.00
24.50,-1.50,0.00
24.50,-1.50,0.00
24.51,-1.50,0.00
24.51,-1.51,0.00
24.52,-1.51,0.00
24.52,-1.51,0.00
24.52,-1.51,0.00
24.53,-1.51,0.00
24.53,-1.52,0.00
24.54,-1.52,0.00
24.54,-1.52,0.00
24.55,-1.52,0.00
24.55,-1.52,0.00
24.56,-1.53,0.00
24.56,-1.53,0.00
24.57,-1.53,0.00
24.57,-1.53,0.00
24.57,-1.53,0.00
24.58,-1.54,0.00
24.58,-1.54,0.00
24.59,-1.54,0.00
24.59,-1.54,0.00
24.60,-1.54,0.00
24.60,-1.55,0.00
24.61,-1.55,0.00
24.61,-1.55,0.00
24.61,-1.55,0.00
24.62,-1.55,0.00
24.62,-1.56,0.00
24.63,-1.56,0.00
24.63,-1.56,0.00
24.64,-1.56,0.00
24.64,-1.56,0.00
24.65,-1.57,0.00
24.65,-1.57,0.00
24.66,-1.57,0.00
24.66,-1.57,0.00
24.66,-1.57,0.00
24.67,-1.58,0.00
24.67,-1.58,0.00
24.68,-1.58,0.00
24.68,-1.58,0.00
24.69,-1.59,0.00
24.69,-1.59,0.00
24.70,-1.59,0.00
24.70,-1.59,0.00
24.70,-1.59,0.00
24.71,-1.60,0.00
24.71,-1.60,0.00
24.72,-1.60,0.00
24.72,-1.60,0.00
24.73,-1.60,0.00
24.73,-1.61,0.00
24.74,-1.61,0.00
24.74,-1.61,0.00
24.75,-1.61,0.00
24.75,-1.61,0.00
24.75,-1.62,0.00
24.76,-1.62,0.00
24.76,-1.62,0.00
24.77,-1.62,0.00
24.77,-1.63,0.00
24.78,-1.63,0.00
24.78,-1.63,0.00
24.79,-1.63,0.00
24.79,-1.63,0.00
24.79,-1.64,0.00
24.80,-1.64,0.00
24.80,-1.64,0.00
24.81,-1.64,0.00
24.81,-1.64,0.00
24.82,-1.65,0.00
24.82,-1.65,0.00
24.83,-1.65,0.00
24.83,-1.65,0.00
24.83,-1.65,0.00
24.84,-1.66,0.00
24.84,-1.66,0.00
24.85,-1.66,0.00
24.85,-1.66,0.00
24.86,-1.67,0.00
24.86,-1.67,0.00
24.87,-1.67,0.00
24.87,-1.67,0.00
24.87,-1.67,0.00
24.88,-1.68,0.00
24.88,-1.68,0.00
24.89,-1.68,0.00
24.89,-1.68,0.00
24.90,-1.69,0.00
24.90,-1.69,0.00
24.91,-1.69,0.00
24.91,-1.69,0.00
24.92,-1.69,0.00
24.92,-1.70,0.00
24.92,-1.70,0.00
24.93,-1.70,0.00
24.93,-1.70,0.00
24.94,-1.70,0.00
24.94,-1.71,0.00
24.95,-1.71,0.00
24.95,-1.71,0.00
24.96,-1.71,0.00
24.96,-1.72,0.00
24.96,-1.72,0.00
24.97,-1.72,0.00
24.97,-1.72,0.00
24.98,-1.72,0.00
24.98,-1.73,0.00
24.99,-1.73,0.00
24.99,-1.73,0.00
25.00,-1.73,0.00
25.00,-1.74,0.00
25.00,-1.74,0.00
25.01,-1.74,0.00
25.01,-1.74,0.00
25.02,-1.74,0.00
25.02,-1.75,0.00
25.03,-1.75,0.00
25.03,-1.75,0.00
25.04,-1.75,0.00
25.04,-1.75,0.00
25.04,-1.76,0.00
25.05,-1.76,0.00
25.05,-1.76,0.00
25.06,-1.76,0.00
25.06,-1.77,0.00
25.07,-1.77,0.00
25.07,-1.77,0.00
25.08,-1.77,0.00
25.08,-1.77,0.00
25.08,-1.78,0.00
25.09,-1.78,0.00
25.09,-1.78,0.00
25.10,-1.78,0.00
25.10,-1.79,0.00
25.11,-1.79,0.00
25.11,-1.79,0.00
25.12,-1.79,0.00
25.12,-1.79,0.00
25.12,-1.80,0.00
25.13,-1.80,0.00
25.13,-1.80,0.00
25.14,-1.80,0.00
25.14,-1.81,0.00
25.15,-1.81,0.00
25.15,-1.81,0.00
25.15,-1.81,0.00
25.16,-1.81,0.00
25.16,-1.82,0.00
25.17,-1.82,0.00
25.17,-1.82,0.00
25.18,-1.82,0.00
25.18,-1.83,0.00
25.19,-1.83,0.00
25.19,-1.83,0.00
25.19,-1.83,0.00
25.20,-1.84,0.00
25.20,-1.84,0.00
25.21,-1.84,0.00
25.21,-1.84,0.00
25.22,-1.84,0.00
25.22,-1.85,0.00
25.23,-1.85,0.00
25.23,-1.85,0.00
25.23,-1.85,0.00
25.24,-1.86,0.00
25.24,-1.86,0.00
25.25,-1.86,0.00
25.25,-1.86,0.00
25.26,-1.86,0.00
25.26,-1.87,0.00
25.27,-1.87,0.00
25.27,-1.87,0.00
25.27,-1.87,0.00
25.28,-1.88,0.00
25.28,-1.88,0.00
25.29,-1.88,0.00
25.29,-1.88,0.00
25.30,-1.88,0.00
25.30,-1.89,0.00
25.30,-1.89,0.00
25.31,-1.89,0.00
25.31,-1.89,0.00
25.32,-1.90,0.00
25.32,-1.90,0.00
25.33,-1.90,0.00
25.33,-1.90,0.00
25.34,-1.91,0.00
25.34,-1.91,0.00
25.34,-1.91,0.00
25.35,-1.91,0.00
25.35,-1.91,0.00
25.36,-1.92,0.00
25.36,-1.92,0.00
25.37,-1.92,0.00
25.37,-1.92,0.00
25.38,-1.93,0.00
25.38,-1.93,0.00
25.38,-1.93,0.00
25.39,-1.93,0.00
25.39,-1.94,0.00
25.40,-1.94,0.00
25.40,-1.94,0.00
25.41,-1.94,0.00
25.41,-1.94,0.00
25.41,-1.95,0.00
25.42,-1.95,0.00
25.42,-1.95,0.00
25.43,-1.95,0.00
25.43,-1.96,0.00
25.44,-1.96,0.00
25.44,-1.96,0.00
25.45,-1.96,0.00
25.45,-1.97,0.00
25.45,-1.97,0.00
25.46,-1.97,0.00
25.46,-1.97,0.00
25.47,-1.97,0.00
25.47,-1.98,0.00
25.48,-1.98,0.00
25.48,-1.98,0.00
25.49,-1.98,0.00
25.49,-1.99,0.00
25.49,-1.99,0.00
25.50,-1.99,0.00
25.50,-1.99,0.00
25.51,-2.00,0.00
25.51,-2.00,0.00
25.52,-2.00,0.00
25.52,-2.00,0.00
25.52,-2.00,0.00
25.53,-2.01,0.00
25.53,-2.01,0.00
25.54,-2.01,0.00
25.54,-2.01,0.00
25.55,-2.02,0.00
25.55,-2.02,0.00
25.56,-2.02,0.00
25.56,-2.02,0.00
25.56,-2.03,0.00
25.57,-2.03,0.00
25.57,-2.03,0.00
25.58,-2.03,0.00
25.58,-2.03,0.00
25.59,-2.04,0.00
25.59,-2.04,0.00
25.59,-2.04,0.00
25.60,-2.04,0.00
25.60,-2.05,0.00
25.61,-2.05,0.00
25.61,-2.05,0.00
25.62,-2.05,0.00
25.62,-2.06,0.00
25.63,-2.06,0.00
25.63,-2.06,0.00
25.63,-2.06,0.00
25.64,-2.07,0.00
25.64,-2.07,0.00
25.65,-2.07,0.00
25.65,-2.07,0.00
25.66,-2.07,0.00
25.66,-2.08,0.00
25.66,-2.08,0.00
25.67,-2.08,0.00
25.67,-2.08,0.00
25.68,-2.09,0.00
25.68,-2.09,0.00
25.69,-2.09,0.00
25.69,-2.09,0.00
25.70,-2.10,0.00
25.70,-2.10,0.00
25.70,-2.10,0.00
25.71,-2.10,0.00
25.71,-2.10,0.00
25.72,-2.11,0.00
25.72,-2.11,0.00
25.73,-2.11,0.00
25.73,-2.11,0.00
25.73,-2.12,0.00
25.74,-2.12,0.00
25.74,-2.12,0.00
25.75,-2.12,0.00
25.75,-2.13,0.00
25.76,-2.13,0.00
25.76,-2.13,0.00
25.76,-2.13,0.00
25.77,-2.14,0.00
25.77,-2.14,0.00
25.78,-2.14,0.00
25.78,-2.14,0.00
25.79,-2.15,0.00
25.79,-2.15,0.00
25.80,-2.15,0.00
25.80,-2.15,0.00
25.80,-2.15,0.00
25.81,-2.16,0.00
25.81,-2.16,0.00
25.82,-2.16,0.00
25.82,-2.16,0.00
25.83,-2.17,0.00
25.83,-2.17,0.00
25.83,-2.17,0.00
25.84,-2.17,0.00
25.84,-2.18,0.00
25.85,-2.18,0.00
25.85,-2.18,0.00
25.86,-2.18,0.00
25.86,-2.19,0.00
25.87,-2.19,0.00
25.87,-2.19,0.00
25.87,-2.19,0.00
25.88,-2.19,0.00
25.88,-2.20,0.00
25.89,-2.20,0.00
25.89,-2.20,0.00
25.90,-2.20,0.00
25.90,-2.21,0.00
25.90,-2.21,0.00
25.91,-2.21,0.00
25.91,-2.21,0.00
25.92,-2.22,0.00
25.92,-2.22,0.00
25.93,-2.22,0.00
25.93,-2.22,0.00
25.93,-2.23,0.00
25.94,-2.23,0.00
25.94,-2.23,0.00
25.95,-2.23,0.00
25.95,-2.24,0.00
25.96,-2.24,0.00
25.96,-2.24,0.00
25.97,-2.24,0.00
25.97,-2.24,0.00
25.97,-2.25,0.00
25.98,-2.25,0.00
25.98,-2.25,0.00
25.99,-2.25,0.00
25.99,-2.26,0.00
26.00,-2.26,0.00
26.00,-2.26,0.00
26.00,-2.26,0.00
26.01,-2.27,0.00
26.01,-2.27,0.00
26.02,-2.27,0.00
26.02,-2.27,0.00
26.03,-2.28,0.00
26.03,-2.28,0.00
26.03,-2.28,0.00
26.04,-2.28,0.00
26.04,-2.29,0.00
26.05,-2.29,0.00
26.05,-2.29,0.00
26.06,-2.29,0.00
26.06,-2.29,0.00
26.07,-2.30,0.00
26.07,-2.30,0.00
26.07,-2.30,0.00
26.08,-2.30,0.00
26.08,-2.31,0.00
26.09,-2.31,0.00
26.09,-2.31,0.00
26.10,-2.31,0.00
26.10,-2.32,0.00
26.10,-2.32,0.00
26.11,-2.32,0.00
26.11,-2.32,0.00
26.12,-2.33,0.00
26.12,-2.33,0.00
26.13,-2.33,0.00
26.13,-2.33,0.00
26.13,-2.34,0.00
26.14,-2.34,0.00
26.14,-2.34,0.00
26.15,-2.34,0.00
26.15,-2.35,0.00
26.16,-2.35,0.00
26.16,-2.35,0.00
26.16,-2.35,0.00
26.17,-2.35,0.00
26.17,-2.36,0.00
26.18,-2.36,0.00
26.18,-2.36,0.00
26.19,-2.36,0.00
26.19,-2.37,0.00
26.20,-2.37,0.00
26.20,-2.37,0.00
26.20,-2.37,0.00
26.21,-2.38,0.00
26.21,-2.38,0.00
26.22,-2.38,0.00
26.22,-2.38,0.00
26.23,-2.39,0.00
26.23,-2.39,0.00
26.23,-2.39,0.00
26.24,-2.39,0.00
26.24,-2.40,0.00
26.25,-2.40,0.00
26.25,-2.40,0.00
26.26,-2.40,0.00
26.26,-2.41,0.00
26.26,-2.41,0.00
26.27,-2.41,0.00
26.27,-2.41,0.00
26.28,-2.42,0.00
26.28,-2.42,0.00
26.29,-2.42,0.00
26.29,-2.42,0.00
26.29,-2.42,0.00
26.30,-2.43,0.00
26.30,-2.43,0.00
26.31,-2.43,0.00
26.31,-2.43,0.00
26.32,-2.44,0.00
26.32,-2.44,0.00
26.33,-2.44,0.00
26.33,-2.44,0.00
26.33,-2.45,0.00
26.34,-2.45,0.00
26.34,-2.45,0.00
26.35,-2.45,0.00
26.35,-2.46,0.00
26.36,-2.46,0.00
26.36,-2.46,0.00
26.36,-2.46,0.00
26.37,-2.47,0.00
26.37,-2.47,0.00
26.38,-2.47,0.00
26.38,-2.47,0.00
26.39,-2.48,0.00
26.39,-2.48,0.00
26.39,-2.48,0.00
26.40,-2.48,0.00
26.40,-2.48,0.00
26.41,-2.49,0.00
26.41,-2.49,0.00
26.42,-2.49,0.00
26.42,-2.49,0.00
26.42,-2.50,0.00
26.43,-2.50,0.00
26.43,-2.50,0.00
26.44,-2.50,0.00
26.44,-2.51,0.00
26.45,-2.51,0.00
26.45,-2.51,0.00
26.46,-2.51,0.00
26.46,-2.52,0.00
26.46,-2.52,0.00
26.47,-2.52,0.00
26.47,-2.52,0.00
26.48,-2.53,0.00
26.48,-2.53,0.00
26.49,-2.53,0.00
26.49,-2.53,0.00
26.49,-2.54,0.00
26.50,-2.54,0.00
26.50,-2.54,0.00
26.51,-2.54,0.00
26.51,-2.55,0.00
26.52,-2.55,0.00
26.52,-2.55,0.00
26.52,-2.55,0.00
26.53,-2.55,0.00
26.53,-2.56,0.00
26.54,-2.56,0.00
26.54,-2.56,0.00
26.55,-2.56,0.00
26.55,-2.57,0.00
26.55,-2.57,0.00
26.56,-2.57,0.00
26.56,-2.57,0.00
26.57,-2.58,0.00
26.57,-2.58,0.00
26.58,-2.58,0.00
26.58,-2.58,0.00
26.59,-2.59,0.00
26.59,-2.59,0.00
26.59,-2.59,0.00
26.60,-2.59,0.00
26.60,-2.60,0.00
26.61,-2.60,0.00
26.61,-2.60,0.00
26.62,-2.60,0.00
26.62,-2.61,0.00
26.62,-2.61,0.00
26.63,-2.61,0.00
26.63,-2.61,0.00
26.64,-2.62,0.00
26.64,-2.62,0.00
26.65,-2.62,0.00
26.65,-2.62,0.00
26.65,-2.62,0.00
26.66,-2.63,0.00
26.66,-2.63,0.00
26.67,-2.63,0.00
26.67,-2.63,0.00
26.68,-2.64,0.00
26.68,-2.64,0.00
26.68,-2.64,0.00
26.69,-2.64,0.00
26.69,-2.65,0.00
26.70,-2.65,0.00
26.70,-2.65,0.00
26.71,-2.65,0.00
26.71,-2.66,0.00
26.72,-2.66,0.00
26.72,-2.66,0.00
26.72,-2.66,0.00
26.73,-2.67,0.00
26.73,-2.67,0.00
26.74,-2.67,0.00
26.74,-2.67,0.00
26.75,-2.68,0.00
26.75,-2.68,0.00
26.75,-2.68,0.00
26.76,-2.68,0.00
26.76,-2.69,0.00
26.77,-2.69,0.00
26.77,-2.69,0.00
26.78,-2.69,0.00
26.78,-2.69,0.00
26.78,-2.70,0.00
26.79,-2.70,0.00
26.79,-2.70,0.00
26.80,-2.70,0.00
26.80,-2.71,0.00
26.81,-2.71,0.00
26.81,-2.71,0.00
26.81,-2.71,0.00
26.82,-2.72,0.00
26.82,-2.72,0.00
26.83,-2.72,0.00
26.83,-2.72,0.00
26.84,-2.73,0.00
26.84,-2.73,0.00
26.85,-2.73,0.00
26.85,-2.73,0.00
26.85,-2.74,0.00
26.86,-2.74,0.00
26.86,-2.74,0.00
26.87,-2.74,0.00
26.87,-2.75,0.00
26.88,-2.75,0.00
26.88,-2.75,0.00
26.88,-2.75,0.00
26.89,-2.75,0.00
26.89,-2.76,0.00
26.90,-2.76,0.00
26.90,-2.76,0.00
26.91,-2.76,0.00
26.91,-2.77,0.00
26.91,-2.77,0.00
26.92,-2.77,0.00
26.92,-2.77,0.00
26.93,-2.78,0.00
26.93,-2.78,0.00
26.94,-2.78,0.00
26.94,-2.78,0.00
26.94,-2.79,0.00
26.95,-2.79,0.00
26.95,-2.79,0.00
26.96,-2.79,0.00
26.96,-2.80,0.00
26.97,-2.80,0.00
26.97,-2.80,0.00
26.98,-2.80,0.00
26.98,-2.81,0.00
26.98,-2.81,0.00
26.99,-2.81,0.00
26.99,-2.81,0.00
27.00,-2.81,0.00
27.00,-2.82,0.00
27.01,-2.82,0.00
27.01,-2.82,0.00
27.01,-2.82,0.00
27.02,-2.83,0.00
27.02,-2.83,0.00
27.03,-2.83,0.00
27.03,-2.83,0.00
27.04,-2.84,0.00
27.04,-2.84,0.00
27.04,-2.84,0.00
27.05,-2.84,0.00
27.05,-2.85,0.00
27.06,-2.85,0.00
27.06,-2.85,0.00
27.07,-2.85,0.00
27.07,-2.86,0.00
27.08,-2.86,0.00
27.08,-2.86,0.00
27.08,-2.86,0.00
27.09,-2.87,0.00
27.09,-2.87,0.00
27.10,-2.87,0.00
27.10,-2.87,0.00
27.11,-2.87,0.00
27.11,-2.88,0.00
27.11,-2.88,0.00
27.12,-2.88,0.00
27.12,-2.88,0.00
27.13,-2.89,0.00
27.13,-2.89,0.00
27.14,-2.89,0.00
27.14,-2.89,0.00
27.14,-2.90,0.00
27.15,-2.90,0.00
27.15,-2.90,0.00
27.16,-2.90,0.00
27.16,-2.91,0.00
27.17,-2.91,0.00
27.17,-2.91,0.00
27.18,-2.91,0.00
27.18,-2.92,0.00
27.18,-2.92,0.00
27.19,-2.92,0.00
27.19,-2.92,0.00
27.20,-2.92,0.00
27.20,-2.93,0.00
27.21,-2.93,0.00
27.21,-2.93,0.00
27.21,-2.93,0.00
27.22,-2.94,0.00
27.22,-2.94,0.00
27.23,-2.94,0.00
27.23,-2.94,0.00
27.24,-2.95,0.00
27.24,-2.95,0.00
27.24,-2.95,0.00
27.25,-2.95,0.00
27.25,-2.96,0.00
27.26,-2.96,0.00
27.26,-2.96,0.00
27.27,-2.96,0.00
27.27,-2.96,0.00
27.28,-2.97,0.00
27.28,-2.97,0.00
27.28,-2.97,0.00
27.29,-2.97,0.00
27.29,-2.98,0.00
27.30,-2.98,0.00
27.30,-2.98,0.00
27.31,-2.98,0.00
27.31,-2.99,0.00
27.31,-2.99,0.00
27.32,-2.99,0.00
27.32,-2.99,0.00
27.33,-3.00,0.00
27.33,-3.00,0.00
27.34,-3.00,0.00
27.34,-3.00,0.00
27.35,-3.00,0.00
27.35,-3.01,0.00
27.35,-3.01,0.00
27.36,-3.01,0.00
27.36,-3.01,0.00
27.37,-3.02,0.00
27.37,-3.02,0.00
27.38,-3.02,0.00
27.38,-3.02,0.00
27.38,-3.03,0.00
27.39,-3.03,0.00
27.39,-3.03,0.00
27.40,-3.03,0.00
27.40,-3.04,0.00
27.41,-3.04,0.00
27.41,-3.04,0.00
27.41,-3.04,0.00
27.42,-3.04,0.00
27.42,-3.05,0.00
27.43,-3.05,0.00
27.43,-3.05,0.00
27.44,-3.05,0.00
27.44,-3.06,0.00
27.45,-3.06,0.00
27.45,-3.06,0.00
27.45,-3.06,0.00
27.46,-3.07,0.00
27.46,-3.07,0.00
27.47,-3.07,0.00
27.47,-3.07,0.00
27.48,-3.08,0.00
27.48,-3.08,0.00
27.48,-3.08,0.00
27.49,-3.08,0.00
27.49,-3.08,0.00
27.50,-3.09,0.00
27.50,-3.09,0.00
27.51,-3.09,0.00
27.51,-3.09,0.00
27.52,-3.10,0.00
27.52,-3.10,0.00
27.52,-3.10,0.00
27.53,-3.10,0.00
27.53,-3.11,0.00
27.54,-3.11,0.00
27.54,-3.11,0.00
27.55,-3.11,0.00
27.55,-3.11,0.00
27.55,-3.12,0.00
27.56,-3.12,0.00
27.56,-3.12,0.00
27.57,-3.12,0.00
27.57,-3.13,0.00
27.58,-3.13,0.00
27.58,-3.13,0.00
27.59,-3.13,0.00
27.59,-3.14,0.00
27.59,-3.14,0.00
27.60,-3.14,0.00
27.60,-3.14,0.00
27.61,-3.15,0.00
27.61,-3.15,0.00
27.62,-3.15,0.00
27.62,-3.15,0.00
27.63,-3.15,0.00
27.63,-3.16,0.00
27.63,-3.16,0.00
27.64,-3.16,0.00
27.64,-3.16,0.00
27.65,-3.17,0.00
27.65,-3.17,0.00
27.66,-3.17,0.00
27.66,-3.17,0.00
27.66,-3.18,0.00
27.67,-3.18,0.00
27.67,-3.18,0.00
27.68,-3.18,0.00
27.68,-3.18,0.00
27.69,-3.19,0.00
27.69,-3.19,0.00
27.70,-3.19,0.00
27.70,-3.19,0.00
27.70,-3.20,0.00
27.71,-3.20,0.00
27.71,-3.20,0.00
27.72,-3.20,0.00
27.72,-3.20,0.00
27.73,-3.21,0.00
27.73,-3.21,0.00
27.73,-3.21,0.00
27.74,-3.21,0.00
27.74,-3.22,0.00
27.75,-3.22,0.00
27.75,-3.22,0.00
27.76,-3.22,0.00
27.76,-3.23,0.00
27.77,-3.23,0.00
27.77,-3.23,0.00
27.77,-3.23,0.00
27.78,-3.23,0.00
27.78,-3.24,0.00
27.79,-3.24,0.00
27.79,-3.24,0.00
27.80,-3.24,0.00
27.80,-3.25,0.00
27.81,-3.25,0.00
27.81,-3.25,0.00
27.81,-3.25,0.00
27.82,-3.26,0.00
27.82,-3.26,0.00
27.83,-3.26,0.00
27.83,-3.26,0.00
27.84,-3.26,0.00
27.84,-3.27,0.00
27.85,-3.27,0.00
27.85,-3.27,0.00
27.85,-3.27,0.00
27.86,-3.28,0.00
27.86,-3.28,0.00
27.87,-3.28,0.00
27.87,-3.28,0.00
27.88,-3.28,0.00
27.88,-3.29,0.00
27.88,-3.29,0.00
27.89,-3.29,0.00
27.89,-3.29,0.00
27.90,-3.30,0.00
27.90,-3.30,0.00
27.91,-3.30,0.00
27.91,-3.30,0.00
27.92,-3.30,0.00
27.92,-3.31,0.00
27.92,-3.31,0.00
27.93,-3.31,0.00
27.93,-3.31,0.00
27.94,-3.32,0.00
27.94,-3.32,0.00
27.95,-3.32,0.00
27.95,-3.32,0.00
27.96,-3.32,0.00
27.96,-3.33,0.00
27.96,-3.33,0.00
27.97,-3.33,0.00
27.97,-3.33,0.00
27.98,-3.34,0.00
27.98,-3.34,0.00
27.99,-3.34,0.00
27.99,-3.34,0.00
28.00,-3.35,0.00
28.00,-3.35,0.00
28.00,-3.35,0.00
28.01,-3.35,0.00
28.01,-3.35,0.00
28.02,-3.36,0.00
28.02,-3.36,0.00
28.03,-3.36,0.00
28.03,-3.36,0.00
28.04,-3.37,0.00
28.04,-3.37,0.00
28.04,-3.37,0.00
28.05,-3.37,0.00
28.05,-3.37,0.00
28.06,-3.38,0.00
28.06,-3.38,0.00
28.07,-3.38,0.00
28.07,-3.38,0.00
28.08,-3.38,0.00
28.08,-3.39,0.00
28.08,-3.39,0.00
28.09,-3.39,0.00
28.09,-3.39,0.00
28.10,-3.40,0.00
28.10,-3.40,0.00
28.11,-3.40,0.00
28.11,-3.40,0.00
28.12,-3.40,0.00
28.12,-3.41,0.00
28.12,-3.41,0.00
28.13,-3.41,0.00
28.13,-3.41,0.00
28.14,-3.42,0.00
28.14,-3.42,0.00
28.15,-3.42,0.00
28.15,-3.42,0.00
28.16,-3.42,0.00
28.16,-3.43,0.00
28.16,-3.43,0.00
28.17,-3.43,0.00
28.17,-3.43,0.00
28.18,-3.44,0.00
28.18,-3.44,0.00
28.19,-3.44,0.00
28.19,-3.44,0.00
28.20,-3.44,0.00
28.20,-3.45,0.00
28.20,-3.45,0.00
28.21,-3.45,0.00
28.21,-3.45,0.00
28.22,-3.45,0.00
28.22,-3.46,0.00
28.23,-3.46,0.00
28.23,-3.46,0.00
28.24,-3.46,0.00
28.24,-3.47,0.00
28.24,-3.47,0.00
28.25,-3.47,0.00
28.25,-3.47,0.00
28.26,-3.47,0.00
28.26,-3.48,0.00
28.27,-3.48,0.00
28.27,-3.48,0.00
28.28,-3.48,0.00
28.28,-3.49,0.00
28.28,-3.49,0.00
28.29,-3.49,0.00
28.29,-3.49,0.00
28.30,-3.49,0.00
28.30,-3.50,0.00
28.31,-3.50,0.00
28.31,-3.50,0.00
28.32,-3.50,0.00
28.32,-3.50,0.00
28.32,-3.51,0.00
28.33,-3.51,0.00
28.33,-3.51,0.00
28.34,-3.51,0.00
28.34,-3.52,0.00
28.35,-3.52,0.00
28.35,-3.52,0.00
28.36,-3.52,0.00
28.36,-3.52,0.00
28.37,-3.53,0.00
28.37,-3.53,0.00
28.37,-3.53,0.00
28.38,-3.53,0.00
28.38,-3.53,0.00
28.39,-3.54,0.00
28.39,-3.54,0.00
28.40,-3.54,0.00
28.40,-3.54,0.00
28.41,-3.54,0.00
28.41,-3.55,0.00
28.41,-3.55,0.00
28.42,-3.55,0.00
28.42,-3.55,0.00
28.43,-3.56,0.00
28.43,-3.56,0.00
28.44,-3.56,0.00
28.44,-3.56,0.00
28.45,-3.56,0.00
28.45,-3.57,0.00
28.45,-3.57,0.00
28.46,-3.57,0.00
28.46,-3.57,0.00
28.47,-3.57,0.00
28.47,-3.58,0.00
28.48,-3.58,0.00
28.48,-3.58,0.00
28.49,-3.58,0.00
28.49,-3.58,0.00
28.50,-3.59,0.00
28.50,-3.59,0.00
28.50,-3.59,0.00
28.51,-3.59,0.00
28.51,-3.59,0.00
28.52,-3.60,0.00
28.52,-3.60,0.00
28.53,-3.60,0.00
28.53,-3.60,0.00
28.54,-3.61,0.00
28.54,-3.61,0.00
28.54,-3.61,0.00
28.55,-3.61,0.00
28.55,-3.61,0.00
28.56,-3.62,0.00
28.56,-3.62,0.00
28.57,-3.62,0.00
28.57,-3.62,0.00
28.58,-3.62,0.00
28.58,-3.63,0.00
28.59,-3.63,0.00
28.59,-3.63,0.00
28.59,-3.63,0.00
28.60,-3.63,0.00
28.60,-3.64,0.00
28.61,-3.64,0.00
28.61,-3.64,0.00
28.62,-3.64,0.00
28.62,-3.64,0.00
28.63,-3.65,0.00
28.63,-3.65,0.00
28.64,-3.65,0.00
28.64,-3.65,0.00
28.64,-3.65,0.00
28.65,-3.66,0.00
28.65,-3.66,0.00
28.66,-3.66,0.00
28.66,-3.66,0.00
28.67,-3.66,0.00
28.67,-3.67,0.00
28.68,-3.67,0.00
28.68,-3.67,0.00
28.69,-3.67,0.00
28.69,-3.67,0.00
28.69,-3.68,0.00
28.70,-3.68,0.00
28.70,-3.68,0.00
28.71,-3.68,0.00
28.71,-3.68,0.00
28.72,-3.69,0.00
28.72,-3.69,0.00
28.73,-3.69,0.00
28.73,-3.69,0.00
28.73,-3.69,0.00
28.74,-3.70,0.00
28.74,-3.70,0.00
28.75,-3.70,0.00
28.75,-3.70,0.00
28.76,-3.70,0.00
28.76,-3.71,0.00
28.77,-3.71,0.00
28.77,-3.71,0.00
28.78,-3.71,0.00
28.78,-3.71,0.00
28.78,-3.72,0.00
28.79,-3.72,0.00
28.79,-3.72,0.00
28.80,-3.72,0.00
28.80,-3.72,0.00
28.81,-3.73,0.00
28.81,-3.73,0.00
28.82,-3.73,0.00
28.82,-3.73,0.00
28.83,-3.73,0.00
28.83,-3.74,0.00
28.84,-3.74,0.00
28.84,-3.74,0.00
28.84,-3.74,0.00
28.85,-3.74,0.00
28.85,-3.75,0.00
28.86,-3.75,0.00
28.86,-3.75,0.00
28.87,-3.75,0.00
28.87,-3.75,0.00
28.88,-3.76,0.00
28.88,-3.76,0.00
28.89,-3.76,0.00
28.89,-3.76,0.00
28.89,-3.76,0.00
28.90,-3.76,0.00
28.90,-3.77,0.00
28.91,-3.77,0.00
28.91,-3.77,0.00
28.92,-3.77,0.00
28.92,-3.77,0.00
28.93,-3.78,0.00
28.93,-3.78,0.00
28.94,-3.78,0.00
28.94,-3.78,0.00
28.94,-3.78,0.00
28.95,-3.79,0.00
28.95,-3.79,0.00
28.96,-3.79,0.00
28.96,-3.79,0.00
28.97,-3.79,0.00
28.97,-3.80,0.00
28.98,-3.80,0.00
28.98,-3.80,0.00
28.99,-3.80,0.00
28.99,-3.80,0.00
29.00,-3.80,0.00
29.00,-3.81,0.00
29.00,-3.81,0.00
29.01,-3.81,0.00
29.01,-3.81,0.00
29.02,-3.81,0.00
29.02,-3.82,0.00
29.03,-3.82,0.00
29.03,-3.82,0.00
29.04,-3.82,0.00
29.04,-3.82,0.00
29.05,-3.83,0.00
29.05,-3.83,0.00
29.05,-3.83,0.00
29.06,-3.83,0.00
29.06,-3.83,0.00
29.07,-3.83,0.00
29.07,-3.84,0.00
29.08,-3.84,0.00
29.08,-3.84,0.00
29.09,-3.84,0.00
29.09,-3.84,0.00
29.10,-3.85,0.00
29.10,-3.85,0.00
29.11,-3.85,0.00
29.11,-3.85,0.00
29.11,-3.85,0.00
29.12,-3.85,0.00
29.12,-3.86,0.00
29.13,-3.86,0.00
29.13,-3.86,0.00
29.14,-3.86,0.00
29.14,-3.86,0.00
29.15,-3.87,0.00
29.15,-3.87,0.00
29.16,-3.87,0.00
29.16,-3.87,0.00
29.17,-3.87,0.00
29.17,-3.87,0.00
29.17,-3.88,0.00
29.18,-3.88,0.00
29.18,-3.88,0.00
29.19,-3.88,0.00
29.19,-3.88,0.00
29.20,-3.89,0.00
29.20,-3.89,0.00
29.21,-3.89,0.00
29.21,-3.89,0.00
29.22,-3.89,0.00
29.22,-3.89,0.00
29.23,-3.90,0.00
29.23,-3.90,0.00
29.23,-3.90,0.00
29.24,-3.90,0.00
29.24,-3.90,0.00
29.25,-3.90,0.00
29.25,-3.91,0.00
29.26,-3.91,0.00
29.26,-3.91,0.00
29.27,-3.91,0.00
29.27,-3.91,0.00
29.28,-3.92,0.00
29.28,-3.92,0.00
29.29,-3.92,0.00
29.29,-3.92,0.00
29.30,-3.92,0.00
29.30,-3.92,0.00
29.30,-3.93,0.00
29.31,-3.93,0.00
29.31,-3.93,0.00
29.32,-3.93,0.00
29.32,-3.93,0.00
29.33,-3.93,0.00
29.33,-3.94,0.00
29.34,-3.94,0.00
29.34,-3.94,0.00
29.35,-3.94,0.00
29.35,-3.94,0.00
29.36,-3.94,0.00
29.36,-3.95,0.00
29.36,-3.95,0.00
29.37,-3.95,0.00
29.37,-3.95,0.00
29.38,-3.95,0.00
29.38,-3.95,0.00
29.39,-3.96,0.00
29.39,-3.96,0.00
29.40,-3.96,0.00
29.40,-3.96,0.00
29.41,-3.96,0.00
29.41,-3.96,0.00
29.42,-3.97,0.00
29.42,-3.97,0.00
29.43,-3.97,0.00
29.43,-3.97,0.00
29.43,-3.97,0.00
29.44,-3.98,0.00
29.44,-3.98,0.00
29.45,-3.98,0.00
29.45,-3.98,0.00
29.46,-3.98,0.00
29.46,-3.98,0.00
29.47,-3.98,0.00
29.47,-3.99,0.00
29.48,-3.99,0.00
29.48,-3.99,0.00
29.49,-3.99,0.00
29.49,-3.99,0.00
29.50,-3.99,0.00
29.50,-4.00,0.00
29.51,-4.00,0.00
29.51,-4.00,0.00
29.51,-4.00,0.00
29.52,-4.00,0.00
29.52,-4.00,0.00
29.53,-4.01,0.00
29.53,-4.01,0.00
29.54,-4.01,0.00
29.54,-4.01,0.00
29.55,-4.01,0.00
29.55,-4.01,0.00
29.56,-4.02,0.00
29.56,-4.02,0.00
29.57,-4.02,0.00
29.57,-4.02,0.00
29.58,-4.02,0.00
29.58,-4.02,0.00
29.58,-4.03,0.00
29.59,-4.03,0.00
29.59,-4.03,0.00
29.60,-4.03,0.00
29.60,-4.03,0.00
29.61,-4.03,0.00
29.61,-4.03,0.00
29.62,-4.04,0.00
29.62,-4.04,0.00
29.63,-4.04,0.00
29.63,-4.04,0.00
29.64,-4.04,0.00
29.64,-4.04,0.00
29.65,-4.05,0.00
29.65,-4.05,0.00
29.66,-4.05,0.00
29.66,-4.05,0.00
29.66,-4.05,0.00
29.67,-4.05,0.00
29.67,-4.05,0.00
29.68,-4.06,0.00
29.68,-4.06,0.00
29.69,-4.06,0.00
29.69,-4.06,0.00
29.70,-4.06,0.00
29.70,-4.06,0.00
29.71,-4.07,0.00
29.71,-4.07,0.00
29.72,-4.07,0.00
29.72,-4.07,0.00
29.73,-4.07,0.00
29.73,-4.07,0.00
29.74,-4.07,0.00
29.74,-4.08,0.00
29.75,-4.08,0.00
29.75,-4.08,0.00
29.75,-4.08,0.00
29.76,-4.08,0.00
29.76,-4.08,0.00
29.77,-4.09,0.00
29.77,-4.09,0.00
29.78,-4.09,0.00
29.78,-4.09,0.00
29.79,-4.09,0.00
29.79,-4.09,0.00
29.80,-4.09,0.00
29.80,-4.10,0.00
29.81,-4.10,0.00
29.81,-4.10,0.00
29.82,-4.10,0.00
29.82,-4.10,0.00
29.83,-4.10,0.00
29.83,-4.10,0.00
29.84,-4.11,0.00
29.84,-4.11,0.00
29.84,-4.11,0.00
29.85,-4.11,0.00
29.85,-4.11,0.00
29.86,-4.11,0.00
29.86,-4.11,0.00
29.87,-4.12,0.00
29.87,-4.12,0.00
29.88,-4.12,0.00
29.88,-4.12,0.00
29.89,-4.12,0.00
29.89,-4.12,0.00
29.90,-4.12,0.00
29.90,-4.13,0.00
29.91,-4.13,0.00
29.91,-4.13,0.00
29.92,-4.13,0.00
29.92,-4.13,0.00
29.93,-4.13,0.00
29.93,-4.13,0.00
29.93,-4.13,0.00
29.94,-4.14,0.00
29.94,-4.14,0.00
29.95,-4.14,0.00
29.95,-4.14,0.00
29.96,-4.14,0.00
29.96,-4.14,0.00
29.97,-4.14,0.00
29.97,-4.15,0.00
29.98,-4.15,0.00
29.98,-4.15,0.00
29.99,-4.15,0.00
29.99,-4.15,0.00
30.00,-4.15,0.00
30.00,-4.15,0.00
30.01,-4.16,0.00
30.01,-4.16,0.00
30.02,-4.16,0.00
30.02,-4.16,0.00
30.03,-4.16,0.00
30.03,-4.16,0.00
30.04,-4.16,0.00
30.04,-4.16,0.00
30.04,-4.17,0.00
30.05,-4.17,0.00
30.05,-4.17,0.00
30.06,-4.17,0.00
30.06,-4.17,0.00
30.07,-4.17,0.00
30.07,-4.17,0.00
30.08,-4.17,0.00
30.08,-4.18,0.00
30.09,-4.18,0.00
30.09,-4.18,0.00
30.10,-4.18,0.00
30.10,-4.18,0.00
30.11,-4.18,0.00
30.11,-4.18,0.00
30.12,-4.19,0.00
30.12,-4.19,0.00
30.13,-4.19,0.00
30.13,-4.19,0.00
30.14,-4.19,0.00
30.14,-4.19,0.00
30.15,-4.19,0.00
30.15,-4.19,0.00
30.15,-4.19,0.00
30.16,-4.20,0.00
30.16,-4.20,0.00
30.17,-4.20,0.00
30.17,-4.20,0.00
30.18,-4.20,0.00
30.18,-4.20,0.00
30.19,-4.20,0.00
30.19,-4.20,0.00
30.20,-4.21,0.00
30.20,-4.21,0.00
30.21,-4.21,0.00
30.21,-4.21,0.00
30.22,-4.21,0.00
30.22,-4.21,0.00
30.23,-4.21,0.00
30.23,-4.21,0.00
30.24,-4.22,0.00
30.24,-4.22,0.00
30.25,-4.22,0.00
30.25,-4.22,0.00
30.26,-4.22,0.00
30.26,-4.22,0.00
30.27,-4.22,0.00
30.27,-4.22,0.00
30.28,-4.22,0.00
30.28,-4.23,0.00
30.28,-4.23,0.00
30.29,-4.23,0.00
30.29,-4.23,0.00
30.30,-4.23,0.00
30.30,-4.23,0.00
30.31,-4.23,0.00
30.31,-4.23,0.00
30.32,-4.23,0.00
30.32,-4.24,0.00
30.33,-4.24,0.00
30.33,-4.24,0.00
30.34,-4.24,0.00
30.34,-4.24,0.00
30.35,-4.24,0.00
30.35,-4.24,0.00
30.36,-4.24,0.00
30.36,-4.24,0.00
30.37,-4.25,0.00
30.37,-4.25,0.00
30.38,-4.25,0.00
30.38,-4.25,0.00
30.39,-4.25,0.00
30.39,-4.25,0.00
30.40,-4.25,0.00
30.40,-4.25,0.00
30.41,-4.25,0.00
30.41,-4.26,0.00
30.42,-4.26,0.00
30.42,-4.26,0.00
30.43,-4.26,0.00
30.43,-4.26,0.00
30.43,-4.26,0.00
30.44,-4.26,0.00
30.44,-4.26,0.00
30.45,-4.26,0.00
30.45,-4.26,0.00
30.46,-4.27,0.00
30.46,-4.27,0.00
30.47,-4.27,0.00
30.47,-4.27,0.00
30.48,-4.27,0.00
30.48,-4.27,0.00
30.49,-4.27,0.00
30.49,-4.27,0.00
30.50,-4.27,0.00
30.50,-4.28,0.00
30.51,-4.28,0.00
30.51,-4.28,0.00
30.52,-4.28,0.00
30.52,-4.28,0.00
30.53,-4.28,0.00
30.53,-4.28,0.00
30.54,-4.28,0.00
30.54,-4.28,0.00
30.55,-4.28,0.00
30.55,-4.28,0.00
30.56,-4.29,0.00
30.56,-4.29,0.00
30.57,-4.29,0.00
30.57,-4.29,0.00
30.58,-4.29,0.00
30.58,-4.29,0.00
30.59,-4.29,0.00
30.59,-4.29,0.00
30.60,-4.29,0.00
30.60,-4.29,0.00
30.60,-4.29,0.00
30.61,-4.30,0.00
30.61,-4.30,0.00
30.62,-4.30,0.00
30.62,-4.30,0.00
30.63,-4.30,0.00
30.63,-4.30,0.00
30.64,-4.30,0.00
30.64,-4.30,0.00
30.65,-4.30,0.00
30.65,-4.30,0.00
30.66,-4.30,0.00
30.66,-4.31,0.00
30.67,-4.31,0.00
30.67,-4.31,0.00
30.68,-4.31,0.00
30.68,-4.31,0.00
30.69,-4.31,0.00
30.69,-4.31,0.00
30.70,-4.31,0.00
30.70,-4.31,0.00
30.71,-4.31,0.00
30.71,-4.31,0.00
30.72,-4.31,0.00
30.72,-4.32,0.00
30.73,-4.32,0.00
30.73,-4.32,0.00
30.74,-4.32,0.00
30.74,-4.32,0.00
30.75,-4.32,0.00
30.75,-4.32,0.00
30.76,-4.32,0.00
30.76,-4.32,0.00
30.77,-4.32,0.00
30.77,-4.32,0.00
30.78,-4.32,0.00
30.78,-4.33,0.00
30.79,-4.33,0.00
30.79,-4.33,0.00
30.80,-4.33,0.00
30.80,-4.33,0.00
30.81,-4.33,0.00
30.81,-4.33,0.00
30.82,-4.33,0.00
30.82,-4.33,0.00
30.82,-4.33,0.00
30.83,-4.33,0.00
30.83,-4.33,0.00
30.84,-4.33,0.00
30.84,-4.34,0.00
30.85,-4.34,0.00
30.85,-4.34,0.00
30.86,-4.34,0.00
30.86,-4.34,0.00
30.87,-4.34,0.00
30.87,-4.34,0.00
30.88,-4.34,0.00
30.88,-4.34,0.00
30.89,-4.34,0.00
30.89,-4.34,0.00
30.90,-4.34,0.00
30.90,-4.34,0.00
30.91,-4.34,0.00
30.91,-4.34,0.00
30.92,-4.35,0.00
30.92,-4.35,0.00
30.93,-4.35,0.00
30.93,-4.35,0.00
30.94,-4.35,0.00
30.94,-4.35,0.00
30.95,-4.35,0.00
30.95,-4.35,0.00
30.96,-4.35,0.00
30.96,-4.35,0.00
30.97,-4.35,0.00
30.97,-4.35,0.00
30.98,-4.35,0.00
30.98,-4.35,0.00
30.99,-4.35,0.00
30.99,-4.36,0.00
31.00,-4.36,0.00
31.00,-4.36,0.00
31.01,-4.36,0.00
31.01,-4.36,0.00
31.02,-4.36,0.00
31.02,-4.36,0.00
31.03,-4.36,0.00
31.03,-4.36,0.00
31.04,-4.36,0.00
31.04,-4.36,0.00
31.05,-4.36,0.00
31.05,-4.36,0.00
31.06,-4.36,0.00
31.06,-4.36,0.00
31.07,-4.36,0.00
31.07,-4.36,0.00
31.08,-4.37,0.00
31.08,-4.37,0.00
31.09,-4.37,0.00
31.09,-4.37,0.00
31.10,-4.37,0.00
31.10,-4.37,0.00
31.11,-4.37,0.00
31.11,-4.37,0.00
31.12,-4.37,0.00
31.12,-4.37,0.00
31.12,-4.37,0.00
31.13,-4.37,0.00
31.13,-4.37,0.00
31.14,-4.37,0.00
31.14,-4.37,0.00
31.15,-4.37,0.00
31.15,-4.37,0.00
31.16,-4.37,0.00
31.16,-4.37,0.00
31.17,-4.37,0.00
31.17,-4.38,0.00
31.18,-4.38,0.00
31.18,-4.38,0.00
31.19,-4.38,0.00
31.19,-4.38,0.00
31.20,-4.38,0.00
31.20,-4.38,0.00
31.21,-4.38,0.00
31.21,-4.38,0.00
31.22,-4.38,0.00
31.22,-4.38,0.00
31.23,-4.38,0.00
31.23,-4.38,0.00
31.24,-4.38,0.00
31.24,-4.38,0.00
31.25,-4.38,0.00
31.25,-4.38,0.00
31.26,-4.38,0.00
31.26,-4.38,0.00
31.27,-4.38,0.00
31.27,-4.38,0.00
31.28,-4.38,0.00
31.28,-4.38,0.00
31.29,-4.38,0.00
31.29,-4.39,0.00
31.30,-4.39,0.00
31.30,-4.39,0.00
31.31,-4.39,0.00
31.31,-4.39,0.00
31.32,-4.39,0.00
31.32,-4.39,0.00
31.33,-4.39,0.00
31.33,-4.39,0.00
31.34,-4.39,0.00
31.34,-4.39,0.00
31.35,-4.39,0.00
31.35,-4.39,0.00
31.36,-4.39,0.00
31.36,-4.39,0.00
31.37,-4.39,0.00
31.37,-4.39,0.00
31.38,-4.39,0.00
31.38,-4.39,0.00
31.39,-4.39,0.00
31.39,-4.39,0.00
31.40,-4.39,0.00
31.40,-4.39,0.00
31.41,-4.39,0.00
31.41,-4.39,0.00
31.42,-4.39,0.00
31.42,-4.39,0.00
31.43,-4.39,0.00
31.43,-4.39,0.00
31.44,-4.39,0.00
31.44,-4.39,0.00
31.45,-4.39,0.00
31.45,-4.39,0.00
31.46,-4.39,0.00
31.46,-4.39,0.00
31.47,-4.40,0.00
31.47,-4.40,0.00
31.48,-4.40,0.00
31.48,-4.40,0.00
31.49,-4.40,0.00
31.49,-4.40,0.00
31.50,-4.40,0.00
31.50,-4.40,0.00
31.51,-4.40,0.00
31.51,-4.40,0.00
31.52,-4.40,0.00
31.52,-4.40,0.00
31.53,-4.40,0.00
31.53,-4.40,0.00
31.54,-4.40,0.00
31.54,-4.40,0.00
31.55,-4.40,0.00
31.55,-4.40,0.00
31.56,-4.40,0.00
31.56,-4.40,0.00
31.57,-4.40,0.00
31.57,-4.40,0.00
31.58,-4.40,0.00
31.58,-4.40,0.00
31.58,-4.40,0.00
31.59,-4.40,0.00
31.59,-4.40,0.00
31.60,-4.40,0.00
31.60,-4.40,0.00
31.61,-4.40,0.00
31.61,-4.40,0.00
31.62,-4.40,0.00
31.62,-4.40,0.00
31.63,-4.40,0.00
31.63,-4.40,0.00
31.64,-4.40,0.00
31.64,-4.40,0.00
31.65,-4.40,0.00
31.65,-4.40,0.00
31.66,-4.40,0.00
31.66,-4.40,0.00
31.67,-4.40,0.00
31.67,-4.40,0.00
31.68,-4.40,0.00
31.68,-4.40,0.00
31.69,-4.40,0.00
31.69,-4.40,0.00
31.70,-4.40,0.00
31.70,-4.40,0.00
31.71,-4.40,0.00
31.71,-4.40,0.00
31.72,-4.40,0.00
31.72,-4.40,0.00
31.73,-4.40,0.00
31.73,-4.40,0.00
31.74,-4.40,0.00
31.74,-4.40,0.00
31.75,-4.40,0.00
31.75,-4.40,0.00
31.76,-4.40,0.00
31.76,-4.40,0.00
31.77,-4.40,0.00
31.77,-4.40,0.00
31.78,-4.40,0.00
31.78,-4.40,0.00
31.79,-4.40,0.00
31.79,-4.40,0.00
31.80,-4.40,0.00
31.80,-4.40,0.00
31.81,-4.40,0.00
31.81,-4.40,0.00
31.82,-4.40,0.00
31.82,-4.40,0.00
31.83,-4.40,0.00
31.83,-4.40,0.00
31.84,-4.40,0.00
31.84,-4.40,0.00
31.85,-4.40,0.00
31.85,-4.40,0.00
31.86,-4.40,0.00
31.86,-4.40,0.00
31.87,-4.40,0.00
31.87,-4.40,0.00
31.88,-4.40,0.00
31.88,-4.40,0.00
31.89,-4.40,0.00
31.89,-4.40,0.00
31.90,-4.40,0.00
31.90,-4.40,0.00
31.91,-4.40,0.00
31.91,-4.40,0.00
31.92,-4.40,0.00
31.92,-4.40,0.00
31.93,-4.40,0.00
31.93,-4.40,0.00
31.94,-4.40,0.00
31.94,-4.40,0.00
31.95,-4.40,0.00
31.95,-4.40,0.00
31.96,-4.40,0.00
31.96,-4.40,0.00
31.97,-4.40,0.00
31.97,-4.40,0.00
31.98,-4.39,0.00
31.98,-4.39,0.00
31.99,-4.39,0.00
31.99,-4.39,0.00
32.00,-4.39,0.00
32.00,-4.39,0.00
32.01,-4.39,0.00
32.01,-4.39,0.00
32.02,-4.39,0.00
32.02,-4.39,0.00
32.03,-4.39,0.00
32.03,-4.39,0.00
32.04,-4.39,0.00
32.04,-4.39,0.00
32.05,-4.39,0.00
32.05,-4.39,0.00
