POLYGON ((39.2329857502127 -0.071072529070628, 39.23721798237995 -0.0686495532834975, 39.24145123813678 -0.06622836613221, 39.24568551906312 -0.0638089721980385, 39.24992082673894 -0.0613913760622558, 39.25415716274419 -0.0589755823061348, 39.258394528658826 -0.0565615955109485, 39.26263292606283 -0.0541494202579697, 39.266872356536126 -0.0517390611284713, 39.27111282165869 -0.0493305227037263, 39.275354323010475 -0.0469238095650075, 39.27959686216633 -0.0445189262969506, 39.28384044067933 -0.0421158774985464, 39.28808506009671 -0.0397146677726153, 39.29233072196572 -0.0373153017219775, 39.296577427833604 -0.0349177839494535, 39.30082517924388 -0.032522119060191, 39.30507397772355 -0.0301283116695422, 39.309323824795136 -0.0277363663956549, 39.31357472198116 -0.0253462878566772, 39.31782667080413 -0.0229580806707572, 39.322079672782465 -0.0205717494584958, 39.32633372941618 -0.018187298851499, 39.33058884220012 -0.015804733484458, 39.33484501262916 -0.0134240579920643, 39.33910224219815 -0.011045277009009, 39.3433605323979 -0.0086683951722713, 39.34761988470088 -0.0062934171292951, 39.35188030057427 -0.0039203475305151, 39.356141781485256 -0.001549191026366, 39.360404328901005 0.0008200477327174, 39.36466794428465 0.0031873640940908, 39.36893262908039 0.0055527533948421, 39.373198384726955 0.0079162109690783, 39.377465212663054 0.0102777321509065, 39.3817331143274 0.0126373122744336, 39.38600209115462 0.0149949466716489, 39.39027214456006 0.0173506306645788, 39.39454327595332 0.0197043595723226, 39.3988154867441 0.022056128713979, 39.40308877834205 0.0244059334086468, 39.40736315215266 0.0267537689733863, 39.411638609561734 0.0290996307155814, 39.4159151519492 0.031443513939748, 39.420192780695025 0.0337854139504012, 39.42447149717913 0.0361253260520566, 39.42875130277727 0.0384632455472678, 39.43303219884503 0.0407991677292261, 39.43731418673199 0.0431330878883317, 39.441597267787735 0.0454650013149847, 39.4458814433619 0.0477949032995848, 39.45016671479972 0.0501227891306406, 39.45445308342597 0.05244865408761, 39.45874055055921 0.054772493447247, 39.463029117518076 0.057094302486305, 39.46731878562113 0.0594140764815378, 39.47160955618257 0.0617318107078762, 39.47590143049563 0.0640475004315367, 39.48019440984723 0.0663611409161345, 39.484488495524324 0.0686727274252839, 39.48878368881385 0.0709822552225996, 39.49307999099825 0.0732897195699375, 39.497377403338525 0.075595115720777, 39.50167592708934 0.0778984389261063, 39.505975563505324 0.0801996844369128, 39.51027631384113 0.082498847504184, 39.51457817934676 0.0847959233772136, 39.518881161250384 0.0870909072972793, 39.52318526077369 0.0893837945032904, 39.52749047913834 0.0916745802341557, 39.53179681756603 0.0939632597287842, 39.5361042772737 0.0962498282244523, 39.54041285945593 0.0985342809507842, 39.54472256530083 0.1008166131351642, 39.54903339599646 0.1030968200049764, 39.553345352730915 0.1053748967876047, 39.55765843668734 0.1076508387088643, 39.561972649026146 0.1099246409873057, 39.56628799090113 0.1121962988393782, 39.570604463466125 0.1144658074815309, 39.57492206787494 0.1167331621302128, 39.57924080527628 0.118998358000367, 39.583560676795685 0.121261390300065, 39.58788168355203 0.1235222542354194, 39.59220382666421 0.1257809450125425, 39.596527107251134 0.1280374578375468, 39.600851526426396 0.1302917879151049, 39.60517708527995 0.1325439304434321, 39.609503784895125 0.1347938806189337, 39.613831626355235 0.1370416336380149, 39.61816061074359 0.139287184697081, 39.62249073913801 0.1415305289911657, 39.62682201259224 0.1437716617092692, 39.63115443215335 0.1460105780387335, 39.63548799886842 0.1482472731669001, 39.639822713784554 0.1504817422811111, 39.6441585779431 0.1527139805674094, 39.64849559236091 0.1549439832062482, 39.65283375804815 0.1571717453765769, 39.65717307601503 0.1593972622573448, 39.661513547271745 0.1616205290275013, 39.665855172822525 0.1638415408647742, 39.67019795364663 0.1660602929417568, 39.67454189071672 0.1682767804296937, 39.67888698500543 0.1704909984998291, 39.683233237485446 0.1727029423234077, 39.687580649123205 0.1749126070705361, 39.69192922085971 0.1771199879066608, 39.69627895362941 0.1793250799960347, 39.7006298483668 0.1815278785029112, 39.70498190600633 0.1837283785915431, 39.709335127475995 0.1859265754251365, 39.71368951367788 0.1881224641627235, 39.7180450655076 0.1903160399622967, 39.72240178386081 0.1925072979818489, 39.726759669633125 0.1946962333793729, 39.73111872371339 0.1968828413119133, 39.735478946964136 0.1990671169328462, 39.73984034024151 0.2012490553946602, 39.74420290440166 0.2034286518498438, 39.748566640300744 0.205605901450886, 39.752931548787814 0.2077807993494354, 39.75729763068514 0.2099533406939907, 39.76166488680879 0.2121235206323116, 39.76603331797476 0.2142913343121575, 39.7704029249991 0.2164567768812882, 39.77477370869037 0.218619843486743, 39.77914566983001 0.2207805292729446, 39.783518809193296 0.2229388293837218, 39.78789312755549 0.2250947389629031, 39.7922686256919 0.2272482531543172, 39.79664530436994 0.229399367101204, 39.80102316432954 0.2315480759447347, 39.805402206304606 0.2336943748256269, 39.809782431029014 0.235838258884598, 39.81416383923663 0.2379797232623652, 39.818546431653154 0.2401187630992013, 39.82293020897635 0.24225537353387, 39.8273151718981 0.2443895497048153, 39.83170132111027 0.246521286750481, 39.83608865730474 0.2486505798093111, 39.84047718116476 0.2507774240194648, 39.84486689334532 0.2529018145181682, 39.84925779449569 0.2550237464424571, 39.85364988526509 0.257143214929367, 39.85804316630278 0.2592602151159337, 39.86243763824893 0.2613747421390821, 39.86683330171516 0.263486791135388, 39.871230157307494 0.2655963572413588, 39.87562820563189 0.2677034355935011, 39.88002744729437 0.2698080213283224, 39.88442788289141 0.2719101095824107, 39.88882951299064 0.274009695492602, 39.89323233815422 0.2761067741957783, 39.89763635894427 0.2782013408288221, 39.90204157592295 0.2802933905286162, 39.90644798964246 0.2823829184323345, 39.91085560062578 0.284469919678005, 39.915264409390645 0.2865543894038118, 39.91967441645474 0.2886363227479385, 39.924085622335774 0.2907157148485698, 39.92849802754099 0.292792560844409, 39.93291163254822 0.2948668558756249, 39.93732643783013 0.2969385950826426, 39.941742443859404 0.2990077736058874, 39.94615965110869 0.301074386585786, 39.95057806003971 0.303138429163532, 39.95499767108452 0.3051998964824057, 39.95941848467021 0.307258783686038, 39.963840501223814 0.3093150859180598, 39.96826372117239 0.3113687983221046, 39.97268814493154 0.3134199160428445, 39.97711377288699 0.3154684342276717, 39.9815406054196 0.3175143480244179, 39.98596864291029 0.3195576525809146, 39.990397885739874 0.3215983430449968, 39.99482833427729 0.3236364145658273, 39.99925998886133 0.3256718622959143, 40.00369284982617 0.3277046813882855, 40.00812691750594 0.3297348669959681, 40.01256219223477 0.3317624142719945, 40.01699867433428 0.3337873183710386, 40.02143636409587 0.3358095744517578, 40.025875261806405 0.3378291776734028, 40.03031536775274 0.3398461231952237, 40.03475668222171 0.3418604061764784, 40.03919920548715 0.3438720217784006, 40.04364293779246 0.3458809651668454, 40.04808787937669 0.3478872315083274, 40.0525340304789 0.3498908159693613, 40.056981391338105 0.3518917137164722, 40.06142996217978 0.3538899199185184, 40.06587974319881 0.3558854297496178, 40.070330734585944 0.3578782383846103, 40.07478293653192 0.3598683409983345, 40.07923634922741 0.3618557327656442, 40.083690972848956 0.3638404088641056, 40.08814680754252 0.3658223644771883, 40.09260385345 0.3678015947891379, 40.097062110713296 0.3697780949842, 40.10152157947419 0.3717518602466387, 40.10598225985989 0.3737228857638324, 40.11044415196686 0.3756911667297006, 40.11490725588768 0.3776566983389885, 40.11937157171491 0.3796194757864409, 40.12383709954104 0.3815794942668279, 40.128303839443355 0.3835367489784569, 40.132771791468386 0.3854912351268202, 40.13724095565891 0.3874429479182804, 40.14171133205769 0.3893918825592003, 40.146182920707375 0.3913380342559742, 40.150655721634934 0.3932813982189776, 40.15512973483647 0.3952219696664082, 40.15960496030452 0.3971597438173745, 40.16408139803158 0.3990947158909853, 40.168559048010046 0.4010268811063891, 40.17303791021605 0.4029562346871794, 40.177517984594886 0.4048827718654108, 40.18199927108837 0.4068064878740855, 40.18648176963833 0.4087273779462057, 40.190965480186385 0.4106454373148228, 40.195450402657485 0.4125606612179165, 40.199936536945636 0.4144730449025643, 40.20442388294154 0.4163825836168258, 40.20891244053587 0.4182892726087603, 40.21340220961916 0.4201931071264866, 40.217893190064665 0.4220940824235521, 40.22238538171473 0.4239921937632387, 40.22687878440856 0.4258874364098413, 40.23137339798529 0.4277798056276539, 40.235869222283846 0.4296692966810421, 40.240366257125494 0.4315559048403165, 40.24486450230055 0.4334396253861564, 40.249363957596245 0.4353204536002833, 40.25386462279983 0.4371983847644188, 40.25836649769828 0.4390734141603673, 40.26286958206047 0.4409455370764093, 40.267373875624315 0.4428147488118296, 40.27187937812474 0.4446810446669827, 40.27638608929672 0.4465444199422229, 40.280894008874924 0.4484048699380013, 40.28540313657543 0.4502623899617876, 40.289913472083455 0.4521169753326936, 40.29442501508129 0.4539686213709273, 40.298937765251225 0.4558173233966966, 40.3034517222753 0.4576630767303206, 40.307966885816505 0.4595058766996893, 40.31248325550701 0.4613457186449721, 40.317000830976134 0.4631825979074619, 40.32151961185322 0.4650165098284512, 40.326039597767284 0.4668474497493589, 40.330560788327986 0.4686754130197336, 40.3350831831141 0.4705003950020452, 40.33960678170172 0.4723223910599137, 40.34413158366685 0.4741413965569584, 40.34865758858525 0.4759574068569421, 40.353184796012926 0.4777704173323203, 40.35771320547504 0.4795804233691188, 40.362242816494074 0.4813874203545413, 40.366773628592554 0.4831914036757924, 40.37130564129262 0.4849923687202343, 40.37583885409637 0.4867903108844866, 40.38037326647512 0.4885852255793924, 40.3849088778975 0.490377108217002, 40.38944568783222 0.492165954209367, 40.3939836957476 0.4939517589687125, 40.3985229010916 0.4957345179170843, 40.40306330328144 0.4975142264914141, 40.4076049017317 0.4992908801298748, 40.41214769585702 0.5010644742706398, 40.416691685071655 0.5028350043520716, 40.42123686876926 0.504602465822911, 40.425783246312726 0.5063668541474581, 40.430330817062384 0.5081281647912903, 40.43487958037858 0.5098863932199856, 40.439429535621265 0.5116415348993248, 40.443980682129656 0.5133935853060186, 40.44853301921213 0.5151425399330206, 40.453086546174546 0.5168883942746048, 40.45764126232284 0.5186311438250448, 40.46219716696243 0.5203707840788306, 40.46675425937795 0.522107310541917, 40.47131253882313 0.5238407187372042, 40.47587200454921 0.5255710041889572, 40.48043265580745 0.5272981624214416, 40.48499449184869 0.5290221889591503, 40.48955751190281 0.530743079338562, 40.49412171516876 0.5324608291138208, 40.49868710084305 0.5341754338404884, 40.50325366812215 0.5358868890741268, 40.50782141620211 0.5375951903705345, 40.51239034425804 0.5393003332979954, 40.51696045143402 0.5410023134431976, 40.52153173687164 0.542701126394307, 40.5261041997125 0.5443967677394893, 40.53067783909781 0.5460892330671545, 40.53525265414779 0.5477785179786695, 40.53982864395157 0.5494646180945659, 40.544405807595794 0.5511475290369222, 40.548984144167086 0.5528272464278163, 40.553563652751706 0.554503765889575, 40.55814433241497 0.5561770830579386, 40.56272618219102 0.5578471935886219, 40.567309201111456 0.5595140931389663, 40.57189338820788 0.5611777773663131, 40.57647874251152 0.5628382419282524, 40.5810652630328 0.564495482496177, 40.585652948750855 0.5661494947622416, 40.59024179864225 0.5678002744203144, 40.59483181168356 0.5694478171642643, 40.59942298685095 0.5710921186882063, 40.60401532310004 0.5727331747004366, 40.60860881935493 0.5743709809308739, 40.61320347453715 0.5760055331112556, 40.61779928756819 0.5776368269733193, 40.62239625736922 0.5792648582490437, 40.626994382841005 0.5808896226849116, 40.631593662852765 0.5825111160499092, 40.63619409627098 0.5841293341149602, 40.640795681962075 0.5857442726509875, 40.645398418792254 0.5873559274291477, 40.65000230560759 0.5889642942353748, 40.654607341222395 0.5905693688790213, 40.65921352444819 0.592171147171516, 40.66382085409644 0.5937696249242862, 40.66842932897838 0.5953647979489795, 40.67303894788549 0.5969566620722399, 40.677649709577345 0.5985452131450804, 40.68226161281055 0.6001304470207468, 40.68687465634169 0.6017123595524849, 40.69148883892715 0.6032909465937445, 40.696104159304014 0.6048662040131304, 40.70072061617718 0.6064381277046059, 40.70533820824846 0.6080067135645489, 40.70995693421974 0.609571957489338, 40.71457679279258 0.6111338553755363, 40.71919778264984 0.612692403134953, 40.723819902441974 0.6142475967057792, 40.7284431508162 0.6157994320288303, 40.73306752641965 0.6173479050449205, 40.7376930278994 0.6188930116950302, 40.74231965388426 0.6204347479354058, 40.74694740297038 0.6219731097497385, 40.751576273750516 0.6235080931245857, 40.756206264817436 0.6250396940465038, 40.760837374763696 0.6265679085021922, 40.765469602164366 0.6280927324935605, 40.770102945561554 0.6296141620510585, 40.774737403493766 0.631132193208279, 40.779372974499495 0.6326468219988148, 40.78400965711712 0.6341580444563781, 40.78864744986813 0.6356658566297552, 40.79328635124093 0.6371702545974006, 40.79792635971997 0.638671234441232, 40.80256747378976 0.640168792243167, 40.80720969193468 0.6416629240852195, 40.81185301262302 0.6431536260642569, 40.81649743428967 0.644640894307967, 40.82114295536538 0.6461247249478703, 40.825789574280904 0.6476051141154876, 40.83043728946691 0.6490820579424125, 40.83508609933876 0.650555552574786, 40.83973600227824 0.6520255941907452, 40.84438699666265 0.6534921789726845, 40.8490390808693 0.654955303102999, 40.85369225327542 0.6564149627641361, 40.85834651224384 0.657871154152694, 40.86300185610359 0.6593238734984481, 40.867658283178834 0.6607731170359217, 40.87231579179378 0.6622188809996388, 40.87697438027257 0.663661161624158, 40.881634046925825 0.6650999551577049, 40.88629479003025 0.6665352578828684, 40.89095660785728 0.6679670660875509, 40.895619498678315 0.6693953760596558, 40.9002834607648 0.6708201840871068, 40.904948492375546 0.6722414864709217, 40.909614591735384 0.6736592795476453, 40.914281757063364 0.6750735596597885, 40.91894998657855 0.6764843231498621, 40.92361927850001 0.6778915663603877, 40.928289631035206 0.6792952856463257, 40.93296104235754 0.6806954773992956, 40.93763351063415 0.6820921380176355, 40.942307034032154 0.6834852638996831, 40.94698161071867 0.6848748514437814, 40.951657238850274 0.6862608970599797, 40.95633391654944 0.6876433971960615, 40.96101164193185 0.6890223483073967, 40.9656904131131 0.6903977468493548, 40.97037022820888 0.6917695892773061, 40.97505108532526 0.6931378720575313, 40.97973298253442 0.6945025916950277, 40.984415917901 0.6958637447033793, 40.989099889489665 0.6972213275961692, 40.993784895365046 0.6985753368869807, 40.99847093358324 0.6999257690994573, 41.00315800216673 0.7012726207968307, 41.00784609912964 0.7026158885520691, 41.01253522248617 0.7039555689381404, 41.01722537025047 0.7052916585280125, 41.02191654042917 0.7066241539038284, 41.02660873099561 0.7079530516880269, 41.031301939914044 0.7092783485141048, 41.035996165148696 0.7106000410155604, 41.04069140466381 0.711918125825891, 41.04538765641703 0.7132325995868655, 41.05008491833328 0.7145434589810696, 41.05478318832746 0.7158507007036611, 41.059482464314456 0.7171543214498004, 41.064182744209134 0.7184543179146482, 41.06888402592071 0.7197506868007222, 41.07358630732638 0.7210434248516542, 41.07828958629233 0.7223325288253546, 41.082993860684674 0.7236179954797473, 41.08769912836958 0.7248998215727562, 41.092405387208316 0.7261780038687551, 41.097112635031166 0.7274525391732931, 41.10182086965619 0.7287234243081115, 41.10653008890141 0.7299906560949908, 41.11124029058487 0.7312542313557108, 41.11595147252056 0.7325141469176097, 41.12066363249249 0.733770399648984, 41.125376768271366 0.7350229864364387, 41.13009087762778 0.7362719041666645, 41.13480595833232 0.737517149726352, 41.139522008152255 0.7387587200068924, 41.14423902482622 0.7399966119401293, 41.14895700607817 0.7412308224785411, 41.15367594963196 0.742461348574771, 41.15839585321147 0.7436881871814625, 41.163116714537885 0.7449113352551453, 41.16783853130518 0.7461307897919791, 41.17256130119139 0.747346547811277, 41.17728502187437 0.7485586063326425, 41.182009691031986 0.7497669623756794, 41.18673530634001 0.7509716129631225, 41.191461865448574 0.75217255515619, 41.196189365990584 0.7533697860419548, 41.20091780559866 0.7545633027079699, 41.20564718190537 0.7557531022417874, 41.21037749254176 0.7569391817334035, 41.21510873511497 0.7581215383098142, 41.21984090721358 0.7593001691267244, 41.224574006425755 0.7604750713405898, 41.2293080303396 0.7616462421078664, 41.2340429765421 0.7628136785868448, 41.23877884259825 0.763977377971002, 41.2435156260532 0.7651373374854977, 41.24825332445144 0.7662935543566236, 41.25299193533743 0.7674460258106712, 41.25773145625482 0.7685947490752434, 41.26247188472729 0.7697397214109891, 41.26721321825749 0.7708809401132856, 41.271955454347044 0.7720184024791579, 41.27669859049762 0.7731521058056314, 41.28144262421033 0.7742820473906116, 41.286187552968364 0.7754082245626062, 41.29093337423281 0.7765306346879081, 41.2956800854633 0.7776492751351464, 41.30042768411957 0.7787641432729503, 41.30517616766096 0.7798752364704898, 41.309925533531064 0.7809825521248278, 41.31467577915033 0.7820860876738024, 41.31942690193735 0.7831858405584886, 41.32417889931078 0.7842818082199613, 41.32893176868902 0.7853739880995887, 41.3336855074769 0.7864623776636935, 41.338440113055256 0.7875469744221989, 41.34319558280257 0.7886277758894209, 41.34795191409729 0.7897047795796753, 41.35270910431784 0.7907779830074094, 41.357467150831006 0.7918473837089457, 41.36222605097912 0.7929129792667945, 41.36698580210146 0.7939747672693304, 41.37174640153726 0.7950327453049257, 41.376507846625735 0.796086910961995, 41.381270134696535 0.7971372618476251, 41.38603326305462 0.7981837956171441, 41.39079722900103 0.7992265099335673, 41.39556202983675 0.8002654024599092, 41.40032766286281 0.8013004708591897, 41.40509412537251 0.8023317128101035, 41.40986141463443 0.8033591260415825, 41.41462952791224 0.8043827082926014, 41.41939846246956 0.8054024573021342, 41.42416821557004 0.8064183708091563, 41.42893878447135 0.8074304465652139, 41.43371016640699 0.8084386823724813, 41.43848235860438 0.8094430760458763, 41.44325535829098 0.8104436254003167, 41.448029162694205 0.8114403282507203, 41.45280376903693 0.8124331824219, 41.457579174518855 0.8134221857892384, 41.46235537633218 0.8144073362442279, 41.46713237166916 0.8153886316783684, 41.47191015772206 0.8163660699831601, 41.476688731679744 0.8173396490576705, 41.4814680907092 0.818309366850701, 41.486248231968474 0.8192752213311288, 41.491029152615624 0.8202372104678879, 41.495810849808706 0.8211953322299117, 41.50059332070342 0.8221495845916746, 41.505376562435146 0.8230999655754316, 41.510160572128925 0.824046473227851, 41.51494534690968 0.824989105595796, 41.51973088390236 0.8259278607261312, 41.52451718023033 0.8268627366695844, 41.52930423299858 0.8277937315219079, 41.534092039300184 0.8287208434079535, 41.5388805962281 0.8296440704530611, 41.54366990087522 0.8305634107825706, 41.54845995033345 0.8314788625243433, 41.55325074167849 0.8323904238477233, 41.55804227197268 0.8332980929560095, 41.56283453827806 0.8342018680535008, 41.567627537656584 0.8351017473444959, 41.57242126716969 0.8359977290347992, 41.57721572386478 0.8368898113674982, 41.582010904774734 0.8377779926244929, 41.58680680693174 0.8386622710894959, 41.59160342736796 0.8395426450462198, 41.59640076311528 0.8404191127791655, 41.601198811193925 0.8412916726054055, 41.60599756860847 0.8421603228854558, 41.61079703236245 0.8430250619828534, 41.615597199459366 0.8438858882611352, 41.6203980669026 0.8447428000841728, 41.62519963168613 0.8455957958433727, 41.63000189078755 0.8464448739777432, 41.634804841182856 0.8472900329310208, 41.639608479848036 0.8481312711469433, 41.644412803759046 0.8489685870693444, 41.64921780988453 0.8498019791644531, 41.65402349517644 0.8506314459494836, 41.6588298565844 0.8514569859487084, 41.66363689105804 0.8522785976864005, 41.668444595547 0.8530962796868421, 41.67325296699549 0.8539100304917387, 41.67806200233112 0.8547198486960531, 41.682871698478344 0.855525732904892, 41.68768205236162 0.8563276817233607, 41.6924930609054 0.8571256937565648, 41.69730472103033 0.857919767622532, 41.70211702964103 0.8587099019933313, 41.706929983637984 0.859496095555157, 41.71174357992163 0.860278346994204, 41.716557815392456 0.8610566549966667, 41.72137268694834 0.8618310182578918, 41.72618819147232 0.8626014355262832, 41.731004325842065 0.8633679055693192, 41.73582108693524 0.8641304271545032, 41.740638471629495 0.8648889990493371, 41.745456476800896 0.8656436200274512, 41.75027509931214 0.8663942889128871, 41.755094336019305 0.8671410045544616, 41.75991418377853 0.8678837658011641, 41.764734639445834 0.8686225715019832, 41.76955569987637 0.8693574205097109, 41.77437736191372 0.870088311723467, 41.77919962239371 0.8708152440733017, 41.784022478152046 0.8715382164898293, 41.78884592602443 0.872257227903664, 41.79366996284608 0.872972277247543, 41.79849458544258 0.873683363495277, 41.80331979063078 0.874390485657863, 41.80814557522726 0.8750936427476411, 41.81297193604851 0.8757928337769506, 41.817798869910916 0.8764880577591387, 41.82262637362313 0.877179313742529, 41.82745444398434 0.8778666008185825, 41.8322830777932 0.8785499180814242, 41.83711227184834 0.8792292646251794, 41.8419420229483 0.8799046395443362, 41.846772327885844 0.8805760419617953, 41.85160318344387 0.8812434710487864, 41.85643458640429 0.881906925981241, 41.861266533549056 0.8825664059350898, 41.866099021660105 0.8832219100863387, 41.87093204751521 0.8838734376328164, 41.87576560788229 0.8845209878245899, 41.88059969952786 0.8851645599193794, 41.885434319218376 0.8858041531749036, 41.89026946372033 0.886439766848884, 41.89510512979745 0.8870714002147502, 41.89994131420407 0.8876990526002315, 41.90477801369242 0.8883227233447811, 41.909615225014804 0.8889424117878524, 41.91445294492346 0.8895581172688979, 41.919291170168954 0.890169839137961, 41.92412989749334 0.8907775767990019, 41.92896912363585 0.8913813296730955, 41.93380884533584 0.891981097181324, 41.938649059332555 0.8925768787447698, 41.94348976236434 0.8931686737911725, 41.94833095116218 0.8937564817993612, 41.95317262245362 0.8943403022718182, 41.95801477296625 0.8949201347111552, 41.962857399427605 0.8954959786199836, 41.96770049856474 0.8960678335047062, 41.97254406709879 0.8966356989178483, 41.977388101746875 0.8971995744426919, 41.98223259922608 0.8977594596630813, 41.98707755625347 0.8983153541628583, 41.99192296954589 0.8988672575277605, 41.99676883581564 0.8994151693837066, 42.0016151517706 0.8999590893950045, 42.00646191411849 0.900499017227496, 42.011309119567045 0.9010349525470245, 42.016156764823904 0.9015668950201529, 42.02100484659356 0.9020948443454646, 42.02585336157614 0.9026188002656, 42.03070230647144 0.9031387625264059, 42.035551677979285 0.9036547308737286, 42.04040147279943 0.9041667050535918, 42.045251687629616 0.9046746848367196, 42.05010231916335 0.9051786700436566, 42.05495336409366 0.9056786605009379, 42.05980481911352 0.9061746560350978, 42.06465668091598 0.9066666564726825, 42.06950894619285 0.9071546616576013, 42.074361611632256 0.907638671486615, 42.07921467392167 0.9081186858665048, 42.08406812974856 0.9085947047040509, 42.08892197580036 0.909066727906034, 42.09377620876394 0.9095347553904676, 42.098630825323276 0.9099987871284105, 42.10348582216148 0.910458823106566, 42.10834119596171 0.910914863311641, 42.11319694340705 0.9113669077303402, 42.11805306118038 0.9118149563560336, 42.12290954596263 0.9122590092321138, 42.12776639443378 0.9126990664246983, 42.13262360327384 0.9131351280000202, 42.137481169162854 0.913567194024312, 42.14233908878073 0.9139952645673112, 42.147197358806295 0.9144193397432132, 42.152055975917705 0.9148394196967579, 42.15691493679304 0.9152555045732846, 42.16177423811038 0.9156675945181321, 42.16663387654788 0.9160756896781677, 42.171493848783214 0.9164797902373701, 42.17635415149385 0.9168798964179727, 42.18121478135716 0.9172760084439628, 42.18607573505053 0.9176681265393284, 42.190937009251364 0.9180562509285307, 42.19579860063723 0.9184403818648716, 42.20066050588597 0.9188205196466033, 42.20552272167549 0.9191966645758742, 42.21038524468365 0.9195688169548327, 42.2152480715883 0.9199369770856919, 42.22011119906778 0.9203011452912155, 42.22497462380148 0.9206613219438349, 42.22983834246894 0.9210175074233364, 42.23470235174967 0.9213697021095065, 42.23956664832322 0.9217179063821317, 42.24443122886961 0.922062120634217, 42.24929609007074 0.922402345310151, 42.25416122860901 0.922738580866806, 42.259026641166756 0.9230708277610549, 42.26389232442635 0.923399086449769, 42.26875827507055 0.9237233573975138, 42.27362448978474 0.92404364111816, 42.278490965255216 0.924359938145035, 42.28335769816839 0.9246722490115137, 42.28822468521056 0.9249805742509714, 42.29309192306838 0.9252849144007244, 42.297959408431446 0.9255852700420814, 42.30282713799121 0.9258816417838845, 42.30769510843915 0.9261740302353986, 42.31256331646676 0.926462436005888, 42.31743175876567 0.9267468597062676, 42.322300432030524 0.9270273019839108, 42.32716933295896 0.9273037635218427, 42.33203845824872 0.9275762450045765, 42.33690780459755 0.927844747116625, 42.341777368703234 0.9281092705429761, 42.346647147266324 0.9283698159964112, 42.351517136991575 0.9286263842323963, 42.35638733458415 0.9288789760100234, 42.361257736749124 0.929127592088384, 42.366128340191665 0.9293722332266227, 42.37099914161908 0.9296129002030228, 42.375870137744144 0.9298495938433281, 42.38074132528046 0.9300823149805123, 42.385612700941635 0.9303110644475497, 42.39048426144126 0.9305358430774138, 42.39535600349446 0.9307566517147695, 42.40022792382276 0.9309734912530409, 42.405100019149316 0.9311863625983612, 42.40997228619729 0.9313952666568638, 42.41484472168985 0.9316002043346823, 42.41971732235109 0.9318011765442972, 42.424590084911834 0.9319981842440325, 42.42946300610587 0.932191228412348, 42.43433608266698 0.9323803100277893, 42.43920931132897 0.9325654300689034, 42.44408268882611 0.9327465895171648, 42.448956211899116 0.9329237893936613, 42.4538298772934 0.9330970307479532, 42.458703681754386 0.9332663146302249, 42.463577622027586 0.9334316420906615, 42.46845169485865 0.933593014180471, 42.47332589699887 0.9337504319822112, 42.47820022520606 0.9339038966148665, 42.48307467623842 0.9340534091994698, 42.487949246854136 0.9341989708570515, 42.492823933811444 0.9343405827088412, 42.497698733872944 0.9344782458984423, 42.50257364380964 0.9346119616121183, 42.507448660393436 0.9347417310409256, 42.51232378039629 0.93486755537592, 42.51719900059005 0.9349894358081606, 42.522074317749684 0.9351073735427695, 42.52694972865985 0.9352213698306839, 42.5318252301072 0.9353314259321552, 42.536700818878344 0.9354375431074358, 42.54157649175996 0.935539722616777, 42.546452245540486 0.9356379657281486, 42.55132807701855 0.9357322737541085, 42.55620398299653 0.9358226480231925, 42.561079960276764 0.9359090898639575, 42.56595600566158 0.9359916006049598, 42.570832115954275 0.9360701815783905, 42.575708287967764 0.9361448341558526, 42.580584518521015 0.936215559733095, 42.58546080443299 0.9362823597062142, 42.590337142522735 0.9363452354713077, 42.59521352960959 0.936404188425796, 42.60008996252124 0.9364592199988289, 42.60496643809391 0.9365103316520084, 42.6098429531642 0.9365575248484056, 42.614719504568704 0.9366008010510913, 42.61959608914413 0.9366401617234139, 42.62447270373352 0.9366756083511198, 42.62934934519093 0.9367071424584892, 42.63422601037147 0.9367347655736041, 42.63910269613027 0.936758479224549, 42.64397939932246 0.9367782849394157, 42.6488561168074 0.9367941842604726, 42.653732845457235 0.9368061787726545, 42.6586095821465 0.9368142700688915, 42.66348632374969 0.9368184597421136, 42.66836306714135 0.9368187493852511, 42.67323980919846 0.9368151405988373, 42.67811654681124 0.9368076350252174, 42.6829932768745 0.9367962343210371, 42.68786999628308 0.9367809401429542, 42.692746701931746 0.9367617541476264, 42.6976233907165 0.9367386779951711, 42.70250005954571 0.9367117133825209, 42.7073767053352 0.9366808620288392, 42.71225332500093 0.9366461256535966, 42.71712991545882 0.9366075059762643, 42.72200647362526 0.9365650047174966, 42.72688299642693 0.9365186236270353, 42.73175948080124 0.9364683644847797, 42.736635923686094 0.9364142290720275, 42.74151232201941 0.9363562191700767, 42.74638867273918 0.9362943365604447, 42.751264972791 0.9362285830449806, 42.75614121913412 0.9361589604620262, 42.76101740872922 0.9360854706537266, 42.76589353853696 0.9360081154622272, 42.77076960551805 0.935926896729677, 42.77564560663794 0.9358418163104143, 42.780521538877736 0.9357528760983966, 42.78539739922162 0.9356600779956142, 42.79027318465392 0.93556342390406, 42.79514889215878 0.9354629157257237, 42.80002451872304 0.9353585553687972, 42.80490006134926 0.9352503447796007, 42.80977551704597 0.9351382859189395, 42.81465088282174 0.9350223807476463, 42.819526155685104 0.9349026312265536, 42.82440133264576 0.9347790393190806, 42.82927641072748 0.9346516070212009, 42.83415138696368 0.9345203363511408, 42.83902625838801 0.9343852293275582, 42.843901022034075 0.9342462879691106, 42.848775674935816 0.9341035142952061, 42.853650214138405 0.9339569103499159, 42.858524636700416 0.9338064782069384, 42.86339893968127 0.9336522199417279, 42.86827312014035 0.9334941376297392, 42.87314717513709 0.9333322333465156, 42.878021101738646 0.9331665091838163, 42.88289489702869 0.9329969672683248, 42.88776855809313 0.9328236097312642, 42.89264208201782 0.9326464387038559, 42.89751546588862 0.9324654563173217, 42.90238870679584 0.9322806647118289, 42.90726180184788 0.9320920660640257, 42.912134748157754 0.9318996625598581, 42.91700754283848 0.9317034563852734, 42.92188018300307 0.9315034497262176, 42.92675266576666 0.9312996447727634, 42.931624988261675 0.9310920437483114, 42.93649714762887 0.9308806488923843, 42.94136914100902 0.9306654624446102, 42.94624096554297 0.9304464866446176, 42.951112618372285 0.9302237237334923, 42.95598409665306 0.9299971759791412, 42.9608553975541 0.9297668456730226, 42.9657265182446 0.9295327351073952, 42.97059745589379 0.929294846574517, 42.9754682076711 0.9290531823669427, 42.98033877075648 0.9288077447960473, 42.98520914234671 0.9285585362030234, 42.99007931964004 0.9283055589317052, 42.99494929983471 0.9280488153259273, 42.99981908012898 0.9277883077295315, 43.004688657727634 0.9275240384974957, 43.00955802985491 0.9272560100180091, 43.01442719373866 0.9269842246854257, 43.01929614660674 0.9267086848940993, 43.02416488568701 0.9264293930383836, 43.02903340821062 0.926146351518069, 43.033901711428406 0.9258595627651423, 43.03876979259834 0.925569029223396, 43.04363764897843 0.9252747533366406, 43.048505277826735 0.9249767375486877, 43.053372676402574 0.924674984305467, 43.05823984198251 0.9243694960800439, 43.06310677185504 0.9240602753642547, 43.067973463308846 0.9237473246503101, 43.072839913632656 0.923430646430421, 43.07770612011555 0.9231102431973375, 43.08257208005968 0.9227861174637075, 43.08743779078389 0.9224582717674433, 43.09230324960812 0.9221267086480872, 43.09716845385226 0.9217914306451815, 43.10203340083629 0.9214524402983106, 43.106898087888574 0.9211097401594117, 43.11176251235778 0.9207633328099761, 43.11662667159554 0.9204132208358218, 43.12149056295343 0.9200594068227653, 43.12635418378309 0.919701893356625, 43.13121753144058 0.9193406830294782, 43.1360806033033 0.918975778463387, 43.140943396755 0.9186071822893771, 43.145805909179494 0.9182348971384771, 43.150668137960544 0.9178589256417157, 43.15553008048381 0.9174792704326796, 43.16039173415426 0.9170959341710794, 43.16525309638813 0.9167089195319003, 43.17011416460181 0.9163182291903199, 43.1749749362117 0.9159238658215167, 43.17983540863472 0.9155258321013895, 43.1846955793029 0.9151241307255243, 43.18955544566483 0.9147187644110928, 43.1944150051699 0.9143097358763667, 43.19927425526755 0.9138970478396177, 43.20413319340725 0.9134807030191981, 43.208991817048464 0.913060704146009, 43.21385012367146 0.9126370539770939, 43.218708110759074 0.9122097552727619, 43.22356577579415 0.9117788107933228, 43.22842311625958 0.9113442232990866, 43.233280129643504 0.9109059955568476, 43.238136813456705 0.9104641303607133, 43.24299316521584 0.9100186305119791, 43.24784918243755 0.9095694988119387, 43.25270486263853 0.9091167380618884, 43.25756020333772 0.9086603510658142, 43.262415202074884 0.908200340651973, 43.26726985640074 0.907736709661481, 43.272124163866124 0.9072694609355727, 43.27697812202186 0.9067985973154813, 43.28183172841951 0.9063241216432256, 43.28668498062702 0.9058460367793297, 43.29153787622899 0.9053643456030843, 43.29639041281075 0.9048790509946167, 43.301242587957674 0.9043901558340552, 43.30609439925518 0.9038976630016236, 43.31094584429967 0.9034015753894298, 43.31579692070881 0.9029018959127791, 43.32064762610279 0.9023986274896579, 43.32549795810177 0.9018917730380537, 43.330347914325955 0.9013813354759532, 43.33519749240136 0.9008673177274837, 43.34004668997743 0.9003497227413207, 43.34489550470944 0.8998285534722752, 43.34974393425274 0.8993038128751581, 43.35459197626259 0.8987755039047798, 43.359439628396785 0.8982436295184741, 43.3642868883348 0.8977081926954946, 43.36913375376725 0.8971691964263594, 43.37398022238483 0.8966266437016801, 43.37882629187822 0.896080537512067, 43.38367195993887 0.8955308808488546, 43.38851722427531 0.8949776767200349, 43.39336208261313 0.894420928150274, 43.3982065326787 0.8938606381649638, 43.403050572198374 0.8932968097894959, 43.40789419889858 0.8927294460493472, 43.412737410517025 0.8921585499805731, 43.41758020481341 0.891584124639932, 43.42242257954997 0.8910061730865847, 43.427264532488955 0.8904246983796916, 43.43210606139261 0.8898397035784131, 43.4369471640291 0.889251191747261, 43.44178783819063 0.8886591659725901, 43.44662808167556 0.8880636293463285, 43.45146789228227 0.8874645849604037, 43.456307267809095 0.8868620359067432, 43.46114620605686 0.8862559852794023, 43.46598470484836 0.8856464361917175, 43.47082276201819 0.8850333917672895, 43.475660375401006 0.8844168551298144, 43.48049754283148 0.8837968294029883, 43.48533426214499 0.8831733177110784, 43.490170531193876 0.882546323192736, 43.49500634784851 0.8819158490017239, 43.49984170998002 0.8812818982925223, 43.50467661545961 0.8806444742196122, 43.50951106215848 0.8800035799375271, 43.514345047958784 0.8793592186096678, 43.51917857076547 0.8787113934179889, 43.52401162848636 0.8780601075467771, 43.52884421902926 0.8774053641803178, 43.533676340301994 0.8767471665028977, 43.53850799021788 0.8760855177030995, 43.543339166714695 0.8754204209886902, 43.54816986773705 0.8747518795727904, 43.55300009122958 0.8740798966685213, 43.55782983513689 0.8734044754890031, 43.56265909740575 0.8727256192489682, 43.567487876004726 0.872043331179635, 43.57231616891522 0.8713576145218876, 43.577143974118755 0.8706684725167316, 43.58197128959691 0.869975908405174, 43.586798113331746 0.869279925428603, 43.59162444332167 0.8685805268402835, 43.596450277584175 0.8678777159073658, 43.60127561413787 0.8671714958977892, 43.60610045100132 0.8664618700794922, 43.61092478619315 0.8657488417204371, 43.61574861774192 0.8650324140955412, 43.62057194369988 0.8643125904962997, 43.62539476212277 0.8635893742166274, 43.630217071066276 0.8628627685504376, 43.63503886858612 0.862132776791644, 43.63986015274274 0.8613994022373257, 43.644680921621045 0.860662648201085, 43.649501173313965 0.859922518001902, 43.65432090591443 0.8591790149587589, 43.65914011751537 0.8584321423906385, 43.66395880621137 0.857681903617604, 43.668776970118 0.8569283019733183, 43.67359460736519 0.8561713408007308, 43.678411716083154 0.8554110234429712, 43.68322829440205 0.8546473532431682, 43.68804434045243 0.8538803335446604, 43.692859852379755 0.8531099677000819, 43.697674828350024 0.8523362590748713, 43.70248926653076 0.8515592110354007, 43.70730316508947 0.8507788269480419, 43.71211652219366 0.8499951101791717, 43.71692933601934 0.8492080641002276, 43.72174160476693 0.8484176920972951, 43.72655332664132 0.8476239975590939, 43.73136449984735 0.8468269838743443, 43.73617512258988 0.8460266544317661, 43.74098519307745 0.8452230126221919, 43.745794709542636 0.8444160618502529, 43.7506036702276 0.8436058055261195, 43.75541207337459 0.8427922470599782, 43.76021991722581 0.8419753898620144, 43.76502720002463 0.8411552373430412, 43.76983392003385 0.8403317929245857, 43.77464007553255 0.8395050600371502, 43.77944566480032 0.8386750421115156, 43.784250686116756 0.8378417425784618, 43.78905513776159 0.8370051648688539, 43.79385901802748 0.8361653124203648, 43.79866232522915 0.8353221886823585, 43.80346505768358 0.8344757971053515, 43.80826721370769 0.8336261411398598, 43.81306879161843 0.8327732242363995, 43.817869789739355 0.8319170498488422, 43.82267020641892 0.8310576214436447, 43.8274700400114 0.8301949424902146, 43.83226928887103 0.8293290164579596, 43.837067951352125 0.8284598468162877, 43.841866025811505 0.8275874370358574, 43.8466635106288 0.8267117905983509, 43.851460404195464 0.82583291099118, 43.85625670490305 0.8249508017018056, 43.86105241114314 0.8240654662176885, 43.865847521307906 0.8231769080265888, 43.87064203380669 0.822285130624201, 43.87543594706739 0.8213901375147936, 43.88022925951877 0.8204919322030604, 43.88502196958964 0.8195905181936959, 43.88981407570883 0.8186858989914145, 43.89460557631553 0.8177780781055011, 43.899396469872435 0.8168670590556374, 43.90418675484551 0.8159528453629435, 43.90897642970074 0.8150354405485399, 43.91376549290405 0.8141148481335465, 43.91855394292618 0.8131910716410766, 43.92334177826228 0.8122641146045521, 43.928128997415385 0.8113339805607168, 43.93291559888856 0.8104006730463172, 43.93770158118487 0.8094641955980988, 43.942486942808955 0.8085245517534425, 43.94727168228609 0.8075817450580072, 43.952055798156024 0.8066357790632622, 43.95683928895885 0.8056866573207978, 43.96162215323462 0.8047343833822028, 43.966404389523646 0.8037789607991711, 43.97118599638048 0.8028203931288066, 43.97596697238044 0.8018586839361403, 43.980747316100484 0.800893836786834, 43.98552702611759 0.7999258552465498, 43.99030610100873 0.7989547428809509, 43.99508453935843 0.7979805032584341, 43.999862339775554 0.7970031399562051, 44.004639500873886 0.7960226565532398, 44.00941602126718 0.7950390566285127, 44.0141918995692 0.7940523437609998, 44.01896713439672 0.7930625215307078, 44.02374172438952 0.7920695935255252, 44.028515668197954 0.7910735633369759, 44.03328896447248 0.7900744345566044, 44.038061611863554 0.7890722107759549, 44.04283360902237 0.7880668955868256, 44.04760495461781 0.7870584925867292, 44.052375647336106 0.786047005378806, 44.057145685864256 0.7850324375664358, 44.06191506888923 0.7840147927529976, 44.06668379509806 0.7829940745418905, 44.07145186318857 0.7819702865398034, 44.0762192718813 0.7809434323603547, 44.08098601989957 0.7799135156180395, 44.08575210596679 0.7788805399273543, 44.090517528806345 0.7778445089027944, 44.095282287146524 0.7768054261602703, 44.10004637973968 0.7757632953225836, 44.1048098053454 0.7747181200146321, 44.10957256272332 0.7736699038613138, 44.11433465063308 0.772618650487527, 44.11909606783591 0.7715643635186096, 44.12385681311342 0.7705070465853834, 44.1286168852611 0.7694467033223998, 44.13337628307465 0.7683833373642808, 44.13813500534977 0.7673169523456473, 44.14289305088247 0.7662475519011918, 44.14765041848264 0.7651751396691047, 44.15240710698034 0.7640997192926465, 44.15716311520721 0.7630212944154742, 44.16191844199487 0.7619398686812441, 44.16667308617498 0.7608554457336145, 44.171427046586395 0.759768029217946, 44.17618032209174 0.7586776227851404, 44.18093291155834 0.7575842300872222, 44.18568481385363 0.7564878547762165, 44.190436027844925 0.7553885005041472, 44.19518655240244 0.7542861709236479, 44.199936386418486 0.7531808696921595, 44.20468552879593 0.7520726004694059, 44.2094339784377 0.7509613669151254, 44.2141817342467 0.7498471726890569, 44.21892879512656 0.7487300214510748, 44.223675159997555 0.7476099168643899, 44.22842082779718 0.7464868625956541, 44.23316579746369 0.7453608623116773, 44.23791006793541 0.7442319196792706, 44.24265363815064 0.7431000383652522, 44.247396507057545 0.7419652220382432, 44.25213867362651 0.7408274743709368, 44.25688013683097 0.739686799036585, 44.26162089564437 0.7385431997084406, 44.26636094904014 0.7373966800597556, 44.271100295996014 0.7362472437644957, 44.27583893551267 0.7350948945004575, 44.28057686659847 0.7339396359467188, 44.285314088261835 0.7327814717823588, 44.29005059951113 0.7316204056864557, 44.294786399356035 0.7304564413382847, 44.29952148682511 0.7292895824199574, 44.304255860961106 0.728119832615726, 44.30898952080713 0.7269471956098947, 44.313722465406315 0.7257716750867675, 44.31845469380195 0.7245932747306728, 44.32318620504961 0.7234119982275893, 44.327916998225035 0.7222278492662018, 44.3326470724059 0.721040831535445, 44.33737642666976 0.7198509487242541, 44.3421050600943 0.7186582045215651, 44.34683297176307 0.7174626026170217, 44.35156016078256 0.7162641467029717, 44.3562866262647 0.7150628404724061, 44.36101236732135 0.7138586876183151, 44.36573738306441 0.7126516918336895, 44.37046167260791 0.7114418568117362, 44.37518523508622 0.7102291862477534, 44.37990806964517 0.7090136838382095, 44.38463017543069 0.707795353279586, 44.38935155158871 0.7065741982683647, 44.394072197265615 0.7053502225010632, 44.3987921116222 0.7041234296754577, 44.403511293837155 0.7028938234908715, 44.40822974309021 0.7016614076467208, 44.41294745856108 0.7004261858424234, 44.417664439429544 0.6991881617773976, 44.4223806848832 0.6979473391516233, 44.42709619413155 0.6967037216666457, 44.43181096638787 0.695457313024281, 44.43652500086547 0.6942081169263459, 44.44123829677764 0.6929561370746558, 44.445950853340754 0.6917013771712004, 44.45066266979241 0.6904438409191583, 44.4553737453792 0.6891835320222096, 44.46008407934768 0.6879204541840366, 44.46479367094445 0.6866546111083208, 44.469502519416885 0.6853860064987768, 44.47421062402863 0.6841146440597865, 44.47891798405871 0.6828405274963654, 44.483624598786754 0.681563660513553, 44.4883304674924 0.6802840468163884, 44.49303558945534 0.6790016901099136, 44.49773996396494 0.677716594099419, 44.50244359033101 0.6764287624907225, 44.50714646786597 0.6751381989897076, 44.511848595882256 0.6738449073022602, 44.51654997369225 0.6725488911342645, 44.52125060061257 0.6712501541916516, 44.52595047598125 0.6699487001805935, 44.530649599143224 0.6686445328073406, 44.53534796944343 0.6673376557781412, 44.54004558622677 0.6660280727992449, 44.54474244883942 0.6647157875768963, 44.54943855664518 0.6634008038172707, 44.5541339090209 0.6620831252264914, 44.55882850534375 0.6607627555106801, 44.563522344990886 0.6594396983759598, 44.56821542733967 0.6581139575284495, 44.57290775177873 0.6567855366740618, 44.57759931771546 0.6554544395183698, 44.582290124558995 0.6541206697669125, 44.58698017171848 0.6527842311252305, 44.59166945860306 0.6514451272988637, 44.59635798462721 0.650103361993176, 44.601045749226564 0.6487589389128324, 44.605732751841934 0.6474118617623261, 44.610418991914145 0.6460621342461506, 44.61510446888405 0.6447097600687981, 44.61978918219425 0.6433547429346785, 44.62447313130584 0.6419970865473239, 44.62915631569097 0.640636794609748, 44.633838734821836 0.6392738708249571, 44.638520388170676 0.6379083188959577, 44.643201275210046 0.6365401425257378, 44.64788139542522 0.6351693454164998, 44.65256074831841 0.6337959312694055, 44.65723933339296 0.6324199037855441, 44.66191715015224 0.6310412666660042, 44.66659419809961 0.6296600236118752, 44.67127047674496 0.6282761783237495, 44.67594598561854 0.6268897345006706, 44.680620724254545 0.625500695841383, 44.685294692187206 0.6241090660446305, 44.68996788895065 0.6227148488091561, 44.6946403140815 0.621318047833491, 44.69931196713531 0.6199186668144596, 44.70398284767674 0.6185167094480688, 44.70865295527057 0.6171121794303192, 44.71332228948151 0.6157050804572116, 44.71799084987483 0.6142954162246944, 44.72265863602961 0.6128831904272716, 44.7273256475401 0.61146840675787, 44.73199188400128 0.6100510689093376, 44.73665734500814 0.6086311805745221, 44.741322030155686 0.6072087454462682, 44.74598593904658 0.6057837672165203, 44.750649071302774 0.604356249574948, 44.7553114265492 0.6029261962108666, 44.75997300441083 0.6014936108135925, 44.7646338045126 0.6000584970724414, 44.76929382648242 0.5986208586763349, 44.77395306996738 0.597180699311672, 44.77861153462204 0.5957380226638589, 44.78326922010102 0.5942928324183, 44.787926126058906 0.5928451322603979, 44.79258225215108 0.5913949258754486, 44.79723759804753 0.5899422169466091, 44.80189216343177 0.5884870091550815, 44.80654594798773 0.5870293061819958, 44.811198951399376 0.5855691117084829, 44.815851173350744 0.5841064294156653, 44.82050261353444 0.582641262983288, 44.825153271661236 0.5811736160882134, 44.82980314744412 0.5797034924069395, 44.83445224059612 0.5782308956159642, 44.83910055083026 0.5767558293917857, 44.84374807786313 0.5752782974102794, 44.84839482143033 0.5737983033440437, 44.85304078127359 0.5723158508646053, 44.85768595713471 0.5708309436434901, 44.86233034875543 0.5693435853522237, 44.866973955878535 0.5678537796621449, 44.871616778262045 0.566361530241748, 44.876258815675854 0.5648668407573141, 44.8809000678902 0.563369714875065, 44.8855405346753 0.5618701562612235, 44.89018021580145 0.5603681685819907, 44.89481911104844 0.5588637555016756, 44.8994572202129 0.5573569206812155, 44.90409454309317 0.5558476677811992, 44.908731079487616 0.5543360004622165, 44.913366829194594 0.5528219223848558, 44.918001792016646 0.5513054372088128, 44.922635967774866 0.5497865485898329, 44.92726935629542 0.5482652601825693, 44.931901957404534 0.546741575641676, 44.936533770928364 0.5452154986218067, 44.9411647966944 0.543687032777328, 44.945795034545675 0.542156181759064, 44.950424484335706 0.5406229492154596, 44.95505314591824 0.5390873387949152, 44.95968101914698 0.53754935414583, 44.964308103875794 0.5360089989165644, 44.96893439996873 0.5344662767530961, 44.97355990730542 0.5329211912977259, 44.97818462576684 0.5313737461924408, 44.98280855523398 0.5298239450792281, 44.987431695587794 0.5282717916000745, 44.992054046714 0.5267172893957487, 44.996675608516234 0.5251604421024051, 45.00129638090233 0.523601253355106, 45.005916363780145 0.5220397267889133, 45.01053555705754 0.5204758660388892, 45.01515396064389 0.5189096747396906, 45.019771574464286 0.517341156521796, 45.02438839845308 0.5157703150132259, 45.029004432544724 0.514197153841969, 45.03361967667369 0.5126216766360142, 45.03823413077468 0.5110438870232805, 45.04284779479301 0.5094637886287234, 45.04746066868839 0.5078813850732676, 45.052072752421594 0.5062966799775488, 45.056684045953375 0.5047096769622038, 45.061294549244465 0.5031203796478688, 45.06590426226088 0.5015287916536528, 45.07051318498577 0.499934916593625, 45.0751213174059 0.4983387580808158, 45.07972865950798 0.4967403197282558, 45.08433521127877 0.4951396051489747, 45.08894097270677 0.4935366179554623, 45.09354594379615 0.491931361755424, 45.09815012455926 0.4903238401540672, 45.102753515008516 0.4887140567565789, 45.10735611515632 0.4871020151681458, 45.111957925015425 0.4854877189938502, 45.116558944609515 0.4838711718352887, 45.12115917397556 0.4822523772898216, 45.12575861315135 0.480631338954554, 45.13035726217467 0.4790080604265898, 45.134955121083294 0.4773825453030326, 45.13955218992062 0.4757547971791234, 45.14414846874652 0.474124819644654, 45.148743957623836 0.4724926162884254, 45.15333865661539 0.4708581906992382, 45.15793256578402 0.4692215464658936, 45.16252568519458 0.4675826871765057, 45.16711801492737 0.4659416164138615, 45.17170955506992 0.4642983377582541, 45.176300305709844 0.462652854789962, 45.18089026693474 0.4610051710892643, 45.18547943883258 0.4593552902362955, 45.19006782150252 0.4577032158072095, 45.19465541505595 0.4560489513737829, 45.19924221960493 0.454392500507568, 45.2038282352615 0.4527338667801166, 45.20841346213766 0.4510730537629752, 45.21299790035146 0.4494100650254959, 45.2175815500365 0.4477449041312485, 45.22216441132894 0.4460775746428615, 45.22674648436499 0.4444080801229654, 45.23132776928078 0.4427364241341902, 45.23590826621473 0.4410626102383278, 45.240487975320335 0.439386641991363, 45.245066896757606 0.4377085229468167, 45.24964503068652 0.4360282566582016, 45.25422237726711 0.4343458466790294, 45.25879893665985 0.4326612965626221, 45.263374709036476 0.4309746098578662, 45.26794969458002 0.4292857901091778, 45.27252389347399 0.4275948408607776, 45.277097305901954 0.4259017656568863, 45.281669932047464 0.4242065680417149, 45.28624177210028 0.4225092515569546, 45.29081282626495 0.4208098197382482, 45.29538309474825 0.4191082761203512, 45.299952577756954 0.4174046242380174, 45.30452127549779 0.415698867626002, 45.309089188179904 0.4139910098180713, 45.313656316027206 0.4122810543417692, 45.318222659269395 0.4105690047222274, 45.32278821813613 0.4088548644845721, 45.3273529928571 0.4071386371539289, 45.33191698366258 0.4054203262551849, 45.336480190794006 0.4036999353083714, 45.34104261450329 0.4019774678289987, 45.34560425504272 0.4002529273324034, 45.35016511266464 0.3985263173339234, 45.35472518762138 0.3967976413488828, 45.35928448017164 0.3950669028897806, 45.36384299058816 0.3933341054628743, 45.36840071914561 0.3915992525735856, 45.37295766611863 0.3898623477273364, 45.37751383178183 0.3881233944295473, 45.382069216412376 0.3863823961844945, 45.38662382030174 0.3846393564898439, 45.3911776437466 0.3828942788408956, 45.395730687043574 0.3811471667329469, 45.40028295048931 0.3793980236612963, 45.4048344343811 0.3776468531209595, 45.40938513902739 0.3758936586018912, 45.41393506474639 0.3741384435896523, 45.41848421185656 0.3723812115696581, 45.42303258067644 0.3706219660273234, 45.42758017152458 0.3688607104480424, 45.43212698472596 0.3670974483140148, 45.43667302061879 0.3653321831008739, 45.44121827954293 0.363564918283447, 45.44576276183819 0.3617956573365608, 45.450306467844456 0.3600244037350415, 45.45484939790417 0.3582511609524301, 45.459391552373695 0.3564759324554023, 45.463932931614 0.3546987217083526, 45.46847353598612 0.3529195321756728, 45.47301336585104 0.3511383673217561, 45.477552421570415 0.3493552306106543, 45.48209070351692 0.3475701255008608, 45.48662821207211 0.3457830554463485, 45.491164947617875 0.3439940239009596, 45.49570091053605 0.3422030343185343, 45.50023610120854 0.3404100901528855, 45.504770520023804 0.3386151948544475, 45.50930416738281 0.3368183518671526, 45.513837043688 0.335019564634194, 45.51836914934179 0.333218836598765, 45.52290048474661 0.3314161712040598, 45.52743105030758 0.3296115718918422, 45.531960846443226 0.3278050420967706, 45.53648987357629 0.3259965852512982, 45.54101813212946 0.3241862047878757, 45.545545622525445 0.3223739041389557, 45.55007234518768 0.3205596867365967, 45.55459830055042 0.3187435560070164, 45.55912348905612 0.3169255153719528, 45.56364791114751 0.3151055682530315, 45.56817156726733 0.3132837180718778, 45.57269445785834 0.3114599682500779, 45.577216583369854 0.3096343222055984, 45.58173794426308 0.3078067833498485, 45.58625854100043 0.3059773550935465, 45.59077837404436 0.3041460408474097, 45.595297443857305 0.3023128440221566, 45.599815750904426 0.3004777680269394, 45.60433329566391 0.2986408162636179, 45.608850078617586 0.2968019921319318, 45.613366100247354 0.2949612990316207, 45.617881361035074 0.293118740362423, 45.62239586146339 0.2912743195236331, 45.626909602025556 0.2894280399084576, 45.63142258322241 0.2875799049056944, 45.63593480555502 0.2857299179040428, 45.6404462695244 0.2838780822922023, 45.644956975631715 0.2820244014588247, 45.64946692438462 0.2801688787887178, 45.65397611630194 0.2783115176601221, 45.658484551903626 0.2764523214506354, 45.66299223170962 0.274591293537854, 45.667499156239856 0.2727284372993755, 45.672005326017114 0.270863756111097, 45.67651074157656 0.2689972533414887, 45.68101540345674 0.2671289323569918, 45.68551931219622 0.265258796524048, 45.69002246833359 0.2633868492091, 45.69452487240818 0.2615130937780904, 45.699026524969725 0.2596375335906759, 45.70352742657502 0.2577601720022078, 45.708027577780975 0.2558810123679526, 45.71252697914449 0.2540000580431777, 45.71702563122262 0.2521173123830896, 45.72152353457888 0.2502327787388178, 45.72602068978726 0.2483464604549059, 45.730517097422776 0.2464583608753009, 45.73501275806039 0.2445684833439494, 45.73950767227506 0.2426768312047969, 45.74400184064469 0.2407834078000118, 45.74849526375916 0.2388882164644737, 45.752987942211384 0.2369912605311934, 45.757479876594346 0.235092543333183, 45.761971067500944 0.233192068203454, 45.766461515525 0.2312898384744593, 45.770951221270394 0.2293858574721259, 45.775440185347456 0.2274801285181622, 45.77992840836668 0.225572654934206, 45.78441589093853 0.2236634400418937, 45.78890263367359 0.2217524871627878, 45.793388637188905 0.2198397996141305, 45.79787390211133 0.2179253807065836, 45.80235842906857 0.2160092337502542, 45.806842218688296 0.2140913620552508, 45.811325271598214 0.2121717689316818, 45.815807588428974 0.210250457687697, 45.82028916982258 0.2083274316239371, 45.82477001642388 0.2064026940392429, 45.829250128877554 0.2044762482324534, 45.83372950782841 0.202548097502409, 45.83820815392214 0.2006182451473333, 45.84268606781422 0.1986866944588164, 45.84716325016615 0.196753448724409, 45.85163970163948 0.1948185112316054, 45.856115422895776 0.1928818852679, 45.86059041459673 0.1909435741206958, 45.86506467741051 0.1890035810729762, 45.86953821201451 0.1870619094013903, 45.87401101908684 0.1851185623820979, 45.87848309930565 0.1831735432912596, 45.882954453349 0.1812268554050356, 45.88742508189811 0.1792785019974777, 45.891894985644946 0.1773284863351004, 45.89636416528394 0.1753768116827378, 45.90083262150952 0.1734234813052238, 45.90530035501612 0.1714684984673912, 45.909767366499125 0.1695118664333905, 45.91423365666353 0.1675535884606248, 45.91869922621974 0.165593667802651, 45.92316407587827 0.1636321077129828, 45.92762820634958 0.1616689114451334, 45.93209161834435 0.1597040822525064, 45.93655431257966 0.1577376233839026, 45.9410162897812 0.1557695380819609, 45.945477550675314 0.1537998295888887, 45.94993809598832 0.1518285011468922, 45.95439792644652 0.1498555559981784, 45.958857042779385 0.1478809973826911, 45.963315445726664 0.1459048285328986, 45.96777313603031 0.1439270526797298, 45.97223011443218 0.1419476730541126, 45.976686381674234 0.139966692886976, 45.98114193849937 0.1379841154084859, 45.985596785659915 0.1359999438419664, 45.990050923913074 0.1340141814071225, 45.9945043540161 0.132026831323625, 45.99895707672628 0.1300378968111462, 46.00340909280104 0.1280473810892222, 46.0078604030043 0.1260552873726086, 46.012311008107936 0.1240616188701195, 46.01676090888436 0.1220663787901986, 46.021210106105904 0.1200695703412901, 46.02565860054503 0.1180711967318351, 46.03010639297736 0.1160712611678446, 46.034553484188315 0.114069766847976, 46.038999874965214 0.1120667169695006, 46.043445566095365 0.1100621147296909, 46.04789055836604 0.108055963325819, 46.052334852565714 0.1060482659543391, 46.05677844949203 0.1040390258050708, 46.06122134994715 0.102028246064616, 46.065663554733234 0.1000159299195557, 46.07010506465251 0.0980020805564695, 46.07454588050733 0.0959867011617618, 46.07898600310646 0.093969794916631, 46.083425433265894 0.0919513649963364, 46.08786417180204 0.089931414575815, 46.09230221953128 0.0879099468300032, 46.096739577269986 0.0858869649338344, 46.101176245838005 0.0838624720596362, 46.10561222606439 0.0818364713726114, 46.11004751877984 0.0798089660367547, 46.11448212481502 0.0777799592160594, 46.11891604500061 0.0757494540745204, 46.123349280168526 0.0737174537751652, 46.12778183115954 0.0716839614740448, 46.13221369881832 0.0696489803241503, 46.13664488398956 0.0676125134784595, 46.14107538751794 0.0655745640899504, 46.14550521024843 0.0635351353113892, 46.149934353032485 0.0614942302903974, 46.154362816728316 0.0594518521692798, 46.158790602194415 0.0574080040900949, 46.16321771028932 0.0553626891949025, 46.167644141871484 0.0533159106257537, 46.172069897803055 0.0512676715218473, 46.17649497895483 0.049217975015422, 46.1809193861989 0.0471668242376734, 46.18534312040739 0.0451142223197978, 46.18976618245241 0.0430601723929899, 46.194188573207434 0.0410046775873443, 46.19861029355461 0.0389477410259917, 46.20303134437943 0.0368893658293475, 46.20745172656743 0.0348295551178225, 46.21187144100412 0.0327683120118269, 46.21629048857534 0.0307056396315033, 46.22070887017351 0.028641541091651, 46.225126586697144 0.0265760195021496, 46.22954363904495 0.024509077972695, 46.23396002811562 0.0224407196129818, 46.23837575480793 0.0203709475326883, 46.2427908200244 0.0182997648383885, 46.247205224675696 0.0162271746300002, 46.25161896967355 0.0141531800065834, 46.256032055929666 0.012077784067197, 46.26044448435578 0.010000989910901, 46.264856255865126 0.0079228006354831, 46.26926737137944 0.0058432193318215, 46.27367783182322 0.0037622490884551, 46.278087638121036 0.0016798929939196, 46.282496791197424 -0.000403845863248, 46.28690529197735 -0.0024889643948587, 46.29131314139239 -0.0045754595183074, 46.295720340379546 -0.0066633281554848, 46.300126889875926 -0.0087525672284102, 46.30453279081861 -0.0108431736591021, 46.30893804414478 -0.0129351443696121, 46.31334265079576 -0.0150284762851918, 46.31774661172052 -0.0171231663370077, 46.322149927868914 -0.0192192114568667, 46.32655260019072 -0.0213166085765743, 46.33095462963581 -0.0234153546279363, 46.33535601715572 -0.0255154465443245, 46.33975676371001 -0.0276168812662805, 46.344156870260484 -0.029719655736399, 46.34855633776899 -0.0318237668972744, 46.352955167197315 -0.0339292116915023, 46.35735335950786 -0.0360359870621255, 46.36175091566975 -0.0381440899578877, 46.366147836656765 -0.0402535173314584, 46.37054412344284 -0.0423642661355833, 46.37493977700185 -0.0444763333230079, 46.37933479830779 -0.04658971584654, 46.38372918833899 -0.0487044106626976, 46.38812294808064 -0.0508204147337894, 46.39251607851854 -0.0529377250226263, 46.396908580638474 -0.0550563384920204, 46.401300455426224 -0.0571762521047827, 46.405691703869664 -0.0592974628254872, 46.41008232696443 -0.0614199676253401, 46.414472325708054 -0.0635437634771042, 46.41886170109801 -0.0656688473535431, 46.423250454131804 -0.0677952162274196, 46.42763858580765 -0.0699228670720885, 46.432026097130574 -0.0720517968667594, 46.43641298910961 -0.0741820025939918, 46.44079926275378 -0.0763134812363857, 46.44518491907216 -0.07844622977654, 46.44956995907388 -0.0805802451971599, 46.45395438377289 -0.0827155244850059, 46.458338194189174 -0.0848520646320551, 46.46272139134318 -0.0869898626306289, 46.4671039762553 -0.0891289154730484, 46.47148594994598 -0.0912692201516374, 46.47586731343807 -0.0934107736608236, 46.48024806776186 -0.0955535730013497, 46.484628213948966 -0.0976976151751386, 46.489007753031004 -0.099842897184112, 46.493386686039614 -0.1019894160301915, 46.497765014007356 -0.1041371687160813, 46.502142737973706 -0.1062861522504201, 46.50651985898134 -0.1084363636445732, 46.51089637807292 -0.1105877999099197, 46.515272296291165 -0.11274045805784, 46.519647614678966 -0.1148943350998948, 46.52402233428434 -0.117049428052084, 46.52839645616058 -0.1192057339349987, 46.53276998136122 -0.12136324976944, 46.53714291093982 -0.1235219725762094, 46.54151524594994 -0.1256818993761188, 46.54588698744808 -0.1278430271924124, 46.55025813649771 -0.1300053530540056, 46.55462869416326 -0.1321688739906199, 46.558998661509136 -0.134333587031978, 46.563368039599766 -0.1364994892078014, 46.567736829500824 -0.1386665775488465, 46.57210503228487 -0.1408348490917648, 46.57647264902696 -0.1430043008752891, 46.58083968080214 -0.1451749299381554, 46.58520612868548 -0.1473467333190993, 46.589571993752344 -0.1495197080571663, 46.59393727708354 -0.1516938511963406, 46.59830197976422 -0.1538691597845791, 46.60266610287971 -0.1560456308699524, 46.60702964751526 -0.1582232615005298, 46.61139261475623 -0.1604020487244142, 46.61575500569143 -0.1625819895926498, 46.620116821415884 -0.1647630811614684, 46.62447806302521 -0.1669453204876312, 46.628838731615055 -0.1691287046278994, 46.63319882828104 -0.1713132306390354, 46.63755835412045 -0.1734988955791967, 46.64191731023728 -0.1756856965123257, 46.646275697737316 -0.177873630503864, 46.650633517726355 -0.1800626946192517, 46.654990771310125 -0.1822528859239288, 46.65934745959498 -0.1844442014838086, 46.663703583693106 -0.1866366383697901, 46.66805914472027 -0.1888301936557687, 46.672414143792224 -0.1910248644156803, 46.676768582024806 -0.1932206477234622, 46.681122460533864 -0.1954175406531393, 46.68547578043941 -0.197615540282197, 46.689828542866735 -0.1998146436926203, 46.69418074894152 -0.2020148479666933, 46.6985323997894 -0.2042161501867002, 46.7028834965361 -0.2064185474349286, 46.70723404030943 -0.2086220367955172, 46.71158403224366 -0.2108266153579826, 46.71593347347419 -0.2130322802128111, 46.72028236513644 -0.21523902845049, 46.7246307083658 -0.2174468571615051, 46.728978504298546 -0.2196557634370733, 46.73332575407713 -0.2218657443735091, 46.73767245884653 -0.2240767970692959, 46.74201861975182 -0.2262889186229249, 46.746364237938 -0.228502106132889, 46.75070931455037 -0.2307163566978777, 46.75505385073887 -0.2329316674205515, 46.759397847657816 -0.2351480354072424, 46.763741306461675 -0.237365457764421, 46.76808422830494 -0.2395839315985572, 46.77242661434207 -0.2418034540161379, 46.77676846573055 -0.2440240221259268, 46.78110978363373 -0.2462456330411788, 46.78545056921564 -0.2484682838756765, 46.78979082364032 -0.250691971743202, 46.7941305480718 -0.2529166937575389, 46.79846974367549 -0.2551424470336006, 46.802808411622834 -0.2573692286914109, 46.80714655308709 -0.2595970358524375, 46.81148416924145 -0.2618258656381463, 46.81582126125913 -0.2640557151700034, 46.82015783031379 -0.2662865815698701, 46.824493877584345 -0.2685184619640146, 46.82882940425296 -0.2707513534814702, 46.83316441150181 -0.2729852532513118, 46.837498900513154 -0.2752201584026164, 46.84183287246929 -0.2774560660645337, 46.846166328556244 -0.2796929733691552, 46.850499269964956 -0.2819308774524267, 46.85483169788671 -0.2841697754505532, 46.85916361351273 -0.2864096644997393, 46.86349501803431 -0.2886505417361934, 46.86782591264476 -0.2908924042977562, 46.872156298543246 -0.2931352493268654, 46.876486176929895 -0.2953790739667602, 46.88081554900488 -0.2976238753606817, 46.88514441596836 -0.2998696506518692, 46.889472779021375 -0.3021163969842438, 46.89380063937059 -0.3043641115061302, 46.89812799822498 -0.3066127913675992, 46.90245485679349 -0.3088624337187265, 46.90678121628507 -0.3111130357095889, 46.91110707790892 -0.3133645944904659, 46.915432442878824 -0.315617107215103, 46.91975731241227 -0.3178705710401396, 46.924081687726925 -0.3201249831223051, 46.92840557004043 -0.3223803406183279, 46.932728960570444 -0.3246366406849643, 46.93705186053763 -0.3268938804812146, 46.941374271167724 -0.3291520571699061, 46.94569619368696 -0.3314111679142405, 46.95001762932154 -0.3336712098774204, 46.954338579297705 -0.3359321802226477, 46.95865904484321 -0.3381940761142613, 46.962979027191466 -0.3404568947207809, 46.9672985275772 -0.3427206332116885, 46.971617547235134 -0.3449852887564648, 46.975936087399965 -0.34725085852459, 46.98025414930703 -0.3495173396859941, 46.984571734196855 -0.3517847294143606, 46.98888884331249 -0.3540530248852485, 46.99320547789704 -0.3563222232742302, 46.997521639193636 -0.3585923217568797, 47.00183732844554 -0.3608633175088818, 47.00615254690007 -0.3631352077085497, 47.01046729580867 -0.3654079895368497, 47.01478157642295 -0.3676816601748628, 47.01909538999448 -0.3699562168036705, 47.023408737774915 -0.3722316566043693, 47.027721621018294 -0.3745079767599397, 47.03203404098357 -0.376785174457183, 47.036345998930315 -0.3790632468833618, 47.04065749611807 -0.3813421912257403, 47.044968533806404 -0.3836220046715808, 47.04927911325612 -0.3859026844089832, 47.053589235733476 -0.388184227629655, 47.057898902506196 -0.3904666315262734, 47.062208114842015 -0.3927498932915155, 47.066516874008606 -0.3950340101180599, 47.070825181274216 -0.3973189791989132, 47.07513303791185 -0.3996047977302705, 47.07944044519721 -0.4018914629101161, 47.08374740440603 -0.4041789719364558, 47.08805391681403 -0.4064673220072938, 47.09235998369709 -0.408756510320719, 47.096665606334696 -0.4110465340771439, 47.10097078601035 -0.4133373904795282, 47.1052755240077 -0.415629076730962, 47.10957982161047 -0.4179215900345377, 47.11388368010233 -0.4202149275933529, 47.11818710076927 -0.4225090866119294, 47.12249008490221 -0.4248040642978526, 47.1267926337927 -0.4270998578591072, 47.13109474873228 -0.4293964645036765, 47.13539643101249 -0.4316938814395436, 47.13969768192606 -0.4339921058753924, 47.14399850277088 -0.436291135023021, 47.14829889484627 -0.4385909660950947, 47.15259885945158 -0.4408915963042805, 47.15689839788615 -0.4431930228632445, 47.161197511449764 -0.4454952429849268, 47.165496201446885 -0.4477982538849332, 47.16979446918452 -0.4501020527803674, 47.17409231596972 -0.4524066368883485, 47.17838974310956 -0.4547120034259952, 47.182686751911234 -0.4570181496105052, 47.186983343685434 -0.4593250726610712, 47.19127951974667 -0.4616327697990177, 47.19557528140959 -0.4639412382457727, 47.199870629988865 -0.4662504752227653, 47.20416556679915 -0.4685604779514311, 47.20846009315754 -0.4708712436543254, 47.21275421038587 -0.4731827695562696, 47.217047919806575 -0.4754950528823572, 47.22134122274209 -0.4778080908576821, 47.22563412051485 -0.4801218807073391, 47.2299266144485 -0.4824364196571172, 47.23421870587154 -0.4847517049356039, 47.238510396113696 -0.4870677337720894, 47.24280168650473 -0.4893845033958665, 47.24709257837434 -0.4917020110362254, 47.25138307305282 -0.4940202539227221, 47.25567317187505 -0.4963392292871189, 47.259962876178214 -0.4986589343622684, 47.26425218729947 -0.5009793663810314, 47.268541106576 -0.5033005225762697, 47.27282963534518 -0.5056224001809292, 47.27711777494807 -0.5079449964296434, 47.28140552672905 -0.5102683085585913, 47.285692892032706 -0.5125923338040111, 47.28997987220358 -0.5149170694021395, 47.29426646858625 -0.5172425125892282, 47.29855268252787 -0.5195686606026373, 47.302838515379875 -0.5218955106815742, 47.30712396849416 -0.5242230600654229, 47.31140904322254 -0.526551305993567, 47.31569374091693 -0.528880245705391, 47.31997806293067 -0.5312098764408917, 47.32426201062197 -0.5335401954419909, 47.3285455853499 -0.5358711999509891, 47.33282878847361 -0.5382028872101853, 47.337111621352186 -0.5405352544618782, 47.341394085345506 -0.5428682989486535, 47.34567618181811 -0.5452020179148376, 47.3499579121363 -0.5475364086054153, 47.354239277666366 -0.5498714682653745, 47.35852027977465 -0.5522071941397014, 47.362800919827755 -0.554543583473491, 47.36708119919632 -0.5568806335132118, 47.37136111925372 -0.5592183415062798, 47.37564068137344 -0.5615567047001284, 47.37991988692888 -0.5638957203421906, 47.38419873729363 -0.5662353856799306, 47.38847723384426 -0.5685756979617803, 47.392755377961095 -0.5709166544373423, 47.39703317102467 -0.5732582523562884, 47.40131061441548 -0.5756004889682917, 47.405587709514094 -0.5779433615230272, 47.40986445770315 -0.5802868672706725, 47.41414086036977 -0.5826310034624772, 47.4184169189017 -0.5849757673498259, 47.42269263468661 -0.5873211561841033, 47.42696800911222 -0.5896671672166957, 47.43124304356743 -0.592013797699339, 47.435517739445636 -0.5943610448851333, 47.43979209814141 -0.5967089060275077, 47.44406612104926 -0.599057378379894, 47.448339809563734 -0.6014064591957218, 47.45261316507997 -0.6037561457285479, 47.45688618899752 -0.6061064352328491, 47.46115888271788 -0.6084573249635056, 47.46543124764254 -0.6108088121753981, 47.46970328517302 -0.6131608941234099, 47.47397499671104 -0.6155135680624697, 47.47824638366214 -0.6178668312481905, 47.48251744743461 -0.6202206809367035, 47.48678818943688 -0.6225751143841536, 47.49105861107732 -0.6249301288466844, 47.49532871376441 -0.627285721580451, 47.49959849890951 -0.6296418898420293, 47.50386796792768 -0.6319986308885238, 47.50813712223415 -0.6343559419770729, 47.512405963244184 -0.6367138203648164, 47.51667449237304 -0.6390722633088937, 47.520942711038025 -0.6414312680666682, 47.52521062066063 -0.6437908318959736, 47.52947822266295 -0.6461509520547069, 47.53374551846709 -0.6485116258007629, 47.538012509495076 -0.6508728503920358, 47.54227919717027 -0.653234623086512, 47.546545582920444 -0.6555969411425038, 47.55081166817452 -0.6579598018183981, 47.55507745436132 -0.660323202372584, 47.55934294290968 -0.6626871400634482, 47.563608135249204 -0.6650516121494049, 47.567873032813715 -0.6674166158890318, 47.57213763703885 -0.6697821485409742, 47.5764019493602 -0.6721482073638751, 47.58066597121336 -0.6745147896163783, 47.58492970403425 -0.6768818925571263, 47.5891931492627 -0.6792495134447329, 47.59345630834093 -0.6816176495377945, 47.59771918271133 -0.6839862980949066, 47.60198177381622 -0.686355456374667, 47.606244083098034 -0.6887251216356632, 47.61050611200244 -0.691095291136305, 47.61476786197835 -0.6934659621348187, 47.619029334474824 -0.6958371318894208, 47.62329053094096 -0.6982087976583279, 47.62755145282583 -0.7005809566997561, 47.63181210158091 -0.7029536062718005, 47.63607247866145 -0.7053267436323643, 47.64033258552303 -0.7077003660393306, 47.644592423621305 -0.7100744707505862, 47.64885199441185 -0.7124490550240142, 47.65311129935193 -0.714824116117287, 47.65737033990313 -0.7171996512875328, 47.6616291175277 -0.7195756577917912, 47.665887633687895 -0.721952132887102, 47.67014588984594 -0.7243290738305063, 47.67440388746519 -0.726706477878877, 47.678661628013266 -0.7290843422883889, 47.68291911295904 -0.7314626643150336, 47.687176343771334 -0.7338414412148045, 47.691433321918986 -0.7362206702436933, 47.69569004887144 -0.7386003486575664, 47.69994652610233 -0.7409804737114366, 47.70420275508707 -0.74336104265996, 47.70845873730103 -0.7457420527577907, 47.712714474219666 -0.7481235012595853, 47.71696996731866 -0.7505053854199174, 47.72122521807753 -0.7528877024924415, 47.72548022797818 -0.7552704497302252, 47.729734998502536 -0.757653624386327, 47.73398953113256 -0.7600372237138042, 47.73824382735031 -0.7624212449656703, 47.74249788864111 -0.7648056853940145, 47.74675171649328 -0.7671905422500462, 47.75100531239529 -0.769575812784941, 47.75525867783561 -0.7719614942498753, 47.75951181430274 -0.7743475838960056, 47.76376472328778 -0.7767340789736427, 47.768017406285416 -0.7791209767319204, 47.772269864790594 -0.7815082744198873, 47.77652210029824 -0.78389596928659, 47.780774114303334 -0.7862840585810703, 47.78502590830281 -0.7886725395516113, 47.789277483797626 -0.7910614094449472, 47.79352884228925 -0.7934506655076247, 47.79777998527914 -0.7958403049861903, 47.802030914268755 -0.7982303251271914, 47.80628163076097 -0.8006207231765916, 47.81053213626288 -0.8030114963786061, 47.81478243228238 -0.8054026419771253, 47.81903252032733 -0.807794157216037, 47.82328240190567 -0.8101860393392302, 47.82753207852621 -0.8125782855901545, 47.83178155170208 -0.8149708932103028, 47.83603082294758 -0.8173638594406237, 47.84027989377698 -0.8197571815220648, 47.844528765704624 -0.8221508566955764, 47.8487774402454 -0.8245448822017845, 47.8530259189184 -0.8269392552792032, 47.85727420324434 -0.8293339731654964, 47.86152229474394 -0.831729033098324, 47.865770194937944 -0.8341244323153456, 47.87001790534747 -0.8365201680540058, 47.87426542749745 -0.8389162375496235, 47.878512762915015 -0.8413126380363158, 47.88275991312729 -0.8437093667481855, 47.88700687966143 -0.8461064209193371, 47.891253664044754 -0.8485037977837355, 47.89550026780808 -0.8509014945732798, 47.89974669248489 -0.85329950851827, 47.903992939608685 -0.8556978368489625, 47.90823901071298 -0.8580964767956143, 47.912484907331454 -0.8604954255884045, 47.916730631000746 -0.862894680455562, 47.9209761832606 -0.8652942386232934, 47.92522156565095 -0.8676940973177107, 47.92946677971168 -0.8700942537649274, 47.93371182698279 -0.8724947051910158, 47.937956709006755 -0.8748954488202733, 47.94220142732961 -0.8772964818745609, 47.94644598349763 -0.8796978015755605, 47.9506903790571 -0.8820994051449546, 47.95493461555427 -0.884501289804409, 47.95917869453761 -0.8869034527740156, 47.96342261755931 -0.8893058912710221, 47.96766638617203 -0.8917086025123774, 47.97191000192838 -0.8941115837150313, 47.97615346638099 -0.8965148320959277, 47.98039678108422 -0.8989183448706568, 47.984639947596456 -0.9013221192516128, 47.98888296747668 -0.9037261524507259, 47.99312584228384 -0.9061304416799277, 47.99736857357694 -0.9085349841511489, 48.00161116291627 -0.9109397770751835, 48.00585361186635 -0.9133448176593277, 48.01009592199247 -0.9157501031102078, 48.01433809485992 -0.918155630634451, 48.018580132033996 -0.9205613974386833, 48.022822035081056 -0.9229674007285852, 48.02706380557164 -0.9253736377060817, 48.031305445077436 -0.9277801055721634, 48.03554695517001 -0.9301868015278205, 48.03978833742102 -0.9325937227740442, 48.04402959340291 -0.9350008665110516, 48.0482707246923 -0.9374082299351376, 48.05251173286714 -0.9398158102413582, 48.05675261950536 -0.9422236046247697, 48.06099338618491 -0.9446316102804275, 48.065234034484355 -0.9470398244027557, 48.069474565986354 -0.9494482441821539, 48.07371498227515 -0.9518568668074363, 48.07795528493503 -0.954265689467415, 48.0821954755502 -0.9566747093508998, 48.08643555570546 -0.9590839236461927, 48.090675526989436 -0.9614933295375137, 48.09491539099271 -0.9639029242071334, 48.09915514930583 -0.9663127048373106, 48.103394803519336 -0.9687226686103032, 48.107634355224214 -0.9711328127079553, 48.111873806015105 -0.9735431343080199, 48.11611315748888 -0.975953630585917, 48.1203524112424 -0.9783642987170388, 48.124591568872496 -0.9807751358767774, 48.12883063197634 -0.9831861392401915, 48.13306960215465 -0.9855973059782576, 48.137308481010564 -0.9880086332592329, 48.1415472701472 -0.9904201182513255, 48.14578597116775 -0.9928317581227435, 48.15002458567556 -0.9952435500414218, 48.15426311527742 -0.9976554911712634, 48.15850156158271 -1.0000675786730775, 48.16273992620084 -1.0024798097075944, 48.16697821074124 -1.0048921814355452, 48.171216416813536 -1.0073046910174404, 48.17545454603056 -1.0097173356098184, 48.17969260000783 -1.0121301123657735, 48.18393058036109 -1.0145430184382906, 48.188168488706 -1.016956050980352, 48.192406326658336 -1.0193692071447538, 48.19664409583705 -1.0217824840802854, 48.200881797864035 -1.0241958789318781, 48.20511943436123 -1.0266093888443033, 48.20935700695067 -1.0290230109623328, 48.21359451725443 -1.0314367424305853, 48.217831966897585 -1.0338505803897409, 48.22206935750822 -1.0362645219763262, 48.22630669071461 -1.0386785643266705, 48.230543968145014 -1.0410927045771008, 48.23478119142779 -1.0435069398638117, 48.2390183621941 -1.045921267319061, 48.24325548207831 -1.0483356840706293, 48.24749255271493 -1.0507501872460534, 48.25172957573854 -1.05316477397287, 48.2559665527837 -1.0555794413784978, 48.260203485487764 -1.0579941865864066, 48.26444037549134 -1.060409006715299, 48.268677224435216 -1.0628238988835947, 48.2729140339602 -1.0652388602097125, 48.277150805707166 -1.0676538878119612, 48.28138754131962 -1.0700689788046622, 48.28562424244441 -1.0724841302971106, 48.28986091072861 -1.0748993393982789, 48.29409754781927 -1.0773146032171401, 48.29833415536351 -1.079729918862563, 48.30257073501109 -1.0821452834393568, 48.30680728841506 -1.08456069404707, 48.31104381722875 -1.086976147784907, 48.31528032310546 -1.0893916417520668, 48.319516807698584 -1.0918071730476455, 48.32375327266405 -1.0942227387665455, 48.327989719661275 -1.096638335998187, 48.332226150349804 -1.099053961831617, 48.33646256638926 -1.1014696133558837, 48.34069896943927 -1.1038852876599257, 48.34493536116205 -1.10630098182841, 48.34917174322313 -1.1087166929404517, 48.35340811728827 -1.1111324180747955, 48.35764448502318 -1.1135481543101842, 48.36188084809372 -1.115963898725238, 48.366117208168326 -1.1183796483940198, 48.370353566918816 -1.1207954003848049, 48.3745899260172 -1.1232111517654955, 48.3788262871355 -1.1256268996039904, 48.38306265194582 -1.128042640968051, 48.38729902212299 -1.1304583729206152, 48.391535399345045 -1.132874092518747, 48.39577178529032 -1.1352897968191549, 48.40000818163711 -1.1377054828785425, 48.40424459006378 -1.1401211477534485, 48.40848101225149 -1.1425367884953113, 48.41271744988459 -1.144952402149696, 48.41695390464757 -1.1473679857618444, 48.42119037822496 -1.1497835363770006, 48.42542687230139 -1.1521990510401938, 48.42966338856437 -1.1546145267909749, 48.433899928704484 -1.1570299606630412, 48.438136494412504 -1.1594453496898025, 48.44237308737914 -1.1618606909046703, 48.446609709295295 -1.1642759813407884, 48.450846361854865 -1.1666912180253837, 48.455083046754694 -1.169106397979935, 48.459319765691724 -1.1715215182256762, 48.46355652036294 -1.1739365757838458, 48.467793312465474 -1.1763515676753287, 48.47203014369962 -1.1787664909146036, 48.476267015768464 -1.181181342510567, 48.4805039303752 -1.1835961194719284, 48.48474088922298 -1.1860108188073935, 48.488977894015214 -1.1884254375252048, 48.49321494645865 -1.19083997262666, 48.49745204826258 -1.1932544211077292, 48.50168920113638 -1.1956687799642496, 48.505926406789435 -1.1980830461920582, 48.51016366693139 -1.2004972167863603, 48.51440098327549 -1.2029112887348028, 48.51863835753722 -1.205325259020032, 48.5228757914322 -1.207739124624605, 48.52711328667603 -1.2101528825310803, 48.53135084498466 -1.212566529721185, 48.53558846807769 -1.2149800631686474, 48.5398261576767 -1.2173934798427366, 48.544063915503344 -1.2198067767126708, 48.54830174327924 -1.222219950747671, 48.55253964272653 -1.2246329989157911, 48.556777615571306 -1.2270459181762026, 48.561015663541475 -1.229458705483995, 48.56525378836493 -1.231871357794235, 48.56949199176959 -1.2342838720619884, 48.57373027548404 -1.2366962452407624, 48.57796864124088 -1.2391084742747536, 48.58220709077416 -1.241520556104717, 48.586445625817966 -1.2439324876714035, 48.59068424810634 -1.2463442659155657, 48.59492295937429 -1.2487558877758385, 48.59916176136082 -1.2511673501811056, 48.603400655806155 -1.2535786500574386, 48.60763964445051 -1.2559897843309047, 48.6118787290341 -1.2584007499275767, 48.61611791129833 -1.2608115437706697, 48.62035719298865 -1.2632221627734002, 48.624596575851385 -1.2656326038467949, 48.628836061632896 -1.2680428639018786, 48.63307565207952 -1.27045293984967, 48.63731534893913 -1.2728628285973818, 48.64155515396356 -1.275272527042239, 48.64579506890523 -1.2776820320798545, 48.65003509551667 -1.280091340605842, 48.65427523555027 -1.2825004495157692, 48.65851549076051 -1.2849093557002391, 48.66275586290546 -1.2873180560401911, 48.66699635374371 -1.2897265474154505, 48.67123696503382 -1.2921348267058466, 48.67547769853437 -1.294542890791077, 48.67971855600637 -1.2969507365445347, 48.68395953921416 -1.2993583608305979, 48.688200649922386 -1.301765760512952, 48.69244188989568 -1.304172932455279, 48.69668326089877 -1.30657987352095, 48.70092476469928 -1.3089865805655465, 48.70516640306775 -1.3113930504365587, 48.70940817777491 -1.3137992799811005, 48.71365009059146 -1.316205266046282, 48.71789214328831 -1.3186110054785753, 48.72213433763962 -1.321016495115389, 48.726376675421896 -1.3234217317874044, 48.73061915841167 -1.3258267123251466, 48.73486178838555 -1.328231433559143, 48.739104567120485 -1.3306358923186754, 48.74334749639727 -1.3330400854222757, 48.74759057799861 -1.3354440096829503, 48.751833813707236 -1.3378476619136583, 48.756077205305864 -1.3402510389273616, 48.76032075457793 -1.3426541375349115, 48.76456446331081 -1.3450569545355808, 48.76880833329318 -1.3474594867246987, 48.77305236631374 -1.349861730897588, 48.777296564161205 -1.352263683849572, 48.78154092862537 -1.3546653423725181, 48.78578546150004 -1.3570667032463, 48.79003016457986 -1.3594677632481984, 48.79427503965948 -1.3618685191554951, 48.79852008853352 -1.3642689677454392, 48.80276531299838 -1.366669105789983, 48.8070107148541 -1.3690689300495107, 48.81125629590125 -1.371468437282879, 48.81550205794042 -1.3738676242489478, 48.81974800277218 -1.376266487706409, 48.82399413219952 -1.3786650244064536, 48.828240448028644 -1.381063231089901, 48.832486952065985 -1.3834611044968104, 48.836733646117985 -1.385858641367237, 48.84098053199125 -1.3882558384407007, 48.84522761149537 -1.3906526924469105, 48.84947488644256 -1.3930492001070123, 48.85372235864511 -1.39544535814187, 48.857970029915315 -1.3978411632723426, 48.86221790206586 -1.400236612217991, 48.86646597691293 -1.402631701686519, 48.87071425627458 -1.405026428379294, 48.874962741968936 -1.4074207889976258, 48.87921143581402 -1.4098147802428231, 48.88346033962874 -1.4122083988135188, 48.8877094552358 -1.4146016413950893, 48.891958784459064 -1.4169945046688106, 48.896208329122445 -1.4193869853159562, 48.90045809104983 -1.4217790800177945, 48.904708072066434 -1.4241707854508256, 48.90895827400105 -1.426562098278536, 48.91320869868307 -1.428953015162216, 48.91745934794193 -1.4313435327631572, 48.92171022360704 -1.4337336477425122, 48.92596132751003 -1.4361233567535845, 48.93021266148587 -1.4385126564376642, 48.934464227369766 -1.4409015434350207, 48.93871602699695 -1.443290014385928, 48.942968062202816 -1.4456780659300532, 48.94722033482566 -1.4480656946962207, 48.95147284670626 -1.4504528973038675, 48.955725599685444 -1.4528396703721151, 48.95997859560411 -1.4552260105200903, 48.96423183630354 -1.4576119143652118, 48.96848532362852 -1.459997378511476, 48.97273905942544 -1.462382399556535, 48.97699304554074 -1.4647669740980027, 48.98124728382085 -1.4671510987334904, 48.98550177611312 -1.4695347700567956, 48.98975652426862 -1.4719179846471149, 48.99401153013926 -1.474300739080148, 48.99826679557699 -1.4766830299315976, 49.002522322433734 -1.479064853777103, 49.00677811256316 -1.4814462071851686, 49.011034167822324 -1.4838270867107226, 49.015290490068516 -1.486207488907165, 49.01954708115917 -1.488587410327899, 49.02380394295174 -1.4909668475258318, 49.0280610773063 -1.4933457970428758, 49.032318486085515 -1.4957242554101924, 49.03657617115214 -1.498102219158491, 49.04083413436891 -1.5004796848184787, 49.045092377598955 -1.5028566489191233, 49.04935090270871 -1.5052331079751093, 49.053609711566224 -1.5076090584941155, 49.05786880603954 -1.5099844969837772, 49.06212818799669 -1.5123594199517283, 49.06638785930669 -1.5147338239012378, 49.0706478218421 -1.517107705319933, 49.07490807747618 -1.5194810606919305, 49.07916862808226 -1.5218538865013458, 49.08342947553363 -1.5242261792321754, 49.08769062170547 -1.526597935359951, 49.091952068475855 -1.5289691513463652, 49.09621381772314 -1.5313398236518356, 49.1004758713257 -1.5337099487367774, 49.10473823116205 -1.5360795230607402, 49.10900089911349 -1.538448543070274, 49.11326387706326 -1.5408170052019001, 49.11752716689481 -1.5431849058918876, 49.12179077049147 -1.5455522415765033, 49.12605468973724 -1.5479190086890382, 49.13031892651949 -1.5502852036464179, 49.13458348272676 -1.552650822859969, 49.13884836024754 -1.555015862741009, 49.143113560970384 -1.5573803197008267, 49.14737908678518 -1.5597441901436844, 49.15164493958486 -1.5621074704580837, 49.15591112126283 -1.5644701570303847, 49.16017763371246 -1.5668322462469473, 49.16444447882721 -1.569193734493562, 49.16871165850291 -1.5715546181436497, 49.17297917463764 -1.5739148935586016, 49.17724702912961 -1.5762745570993169, 49.18151522387698 -1.5786336051266932, 49.18578376077839 -1.5809920339991452, 49.190052641735484 -1.5833498400585702, 49.1943218686511 -1.5857070196401164, 49.19859144342808 -1.5880635690789093, 49.20286136796929 -1.5904194847100581, 49.20713164417881 -1.5927747628618227, 49.2114022739637 -1.5951293998455334, 49.2156732592315 -1.597483391969955, 49.21994460188971 -1.5998367355438519, 49.22421630384596 -1.6021894268754315, 49.22848836700986 -1.60454146226038, 49.232760793293025 -1.606892837981991, 49.237033584607126 -1.6092435503230262, 49.24130674286383 -1.6115935955662495, 49.24558026997542 -1.613942969991403, 49.249854167857706 -1.6162916698593481, 49.25412843842795 -1.6186396914236818, 49.25840308360337 -1.620987030937981, 49.26267810530119 -1.6233336846557946, 49.26695350543858 -1.625679648825133, 49.27122928593256 -1.628024919682056, 49.275505448700095 -1.630369493461072, 49.2797819956582 -1.6327133663966897, 49.28405892872453 -1.6350565347215036, 49.28833624982774 -1.637398994637129, 49.292613960905435 -1.6397407423200618, 49.29689206389544 -1.6420817739460711, 49.30117056073561 -1.6444220856909284, 49.305449453355116 -1.6467616737434336, 49.30972874364365 -1.6491005343515546, 49.31400843347972 -1.6514386637800553, 49.31828852474188 -1.6537760582937013, 49.322569019310286 -1.656112714154065, 49.32684991915619 -1.658448627446078, 49.33113122638791 -1.6607837939889893, 49.33541294312502 -1.6631182095801134, 49.339695071487164 -1.6654518700167698, 49.343977613533966 -1.6677847712057452, 49.34826057078712 -1.6701169100355642, 49.35254394448457 -1.672448283912764, 49.35682773586167 -1.6747788902485472, 49.36111194615554 -1.6771087264508422, 49.36539657743335 -1.6794377883862133, 49.36968163391404 -1.6817660679256674, 49.37396712016063 -1.6840935563012625, 49.37825304073611 -1.686420244745057, 49.382539399833966 -1.688746125172156, 49.38682619521163 -1.6910712013925775, 49.39111341916373 -1.6933954873129724, 49.395401063811384 -1.6957189971603488, 49.39968912127588 -1.698041745161718, 49.40397759147615 -1.7003637311141744, 49.40826650665608 -1.7026848949971682, 49.412555907434474 -1.7050051612923287, 49.416845834430056 -1.7073244544812534, 49.4211363280026 -1.7096426995179932, 49.425427419696234 -1.7119598374377534, 49.42971913027952 -1.7142758289321496, 49.43401147986503 -1.7165906358893486, 49.438304488565365 -1.7189042201975158, 49.44259817405503 -1.7212165482584796, 49.446892539460414 -1.723527613407389, 49.451187582534416 -1.725837418927318, 49.45548330102146 -1.72814596811721, 49.45977969269955 -1.7304532642133044, 49.46407675753231 -1.7327593063823055, 49.468374498969425 -1.7350640872998428, 49.472672920772254 -1.7373675990611916, 49.47697202670217 -1.7396698337616254, 49.481271820389374 -1.7419707837352645, 49.48557230445353 -1.7442704431565286, 49.48987348104469 -1.7465688070549807, 49.49417535231031 -1.7488658704649085, 49.49847792039915 -1.7511616284180318, 49.50278118760094 -1.7534560756674002, 49.5070851564707 -1.7557492064415692, 49.511389829592844 -1.7580410149111025, 49.51569520955173 -1.7603314952465605, 49.5200012989238 -1.7626206416293453, 49.52430810021567 -1.7649084483365582, 49.5286156158975 -1.7671949096951476, 49.532923848439154 -1.769480020032495, 49.53723280031058 -1.7717637736757095, 49.541542473991974 -1.7740461649153725, 49.54585287198389 -1.7763271879691618, 49.5501639967893 -1.7786068370460981, 49.5544758509112 -1.7808851063551994, 49.55878843685214 -1.783161990102359, 49.56310175711027 -1.7854374824657444, 49.56741581418159 -1.7877115776090238, 49.571730610562014 -1.7899842696957406, 49.576046148747515 -1.7922555528892448, 49.58036243123509 -1.7945254213316442, 49.58467946052373 -1.7967938691247762, 49.588997239112636 -1.7990608903659837, 49.593315769501 -1.8013264791526122, 49.59763505418805 -1.8035906295770603, 49.60195509567297 -1.8058533356931417, 49.6062758964549 -1.8081145915365635, 49.61059745903309 -1.8103743911429313, 49.61491978590666 -1.8126327285475008, 49.61924287957493 -1.8148895977624464, 49.62356674253742 -1.8171449927626862, 49.627891377293615 -1.8193989075197516, 49.63221678634304 -1.821651336005177, 49.63654297218516 -1.8239022721835734, 49.640869937319295 -1.8261517099776332, 49.64519768424458 -1.8283996432943557, 49.64952621546021 -1.830646066040713, 49.65385553346543 -1.832890972122874, 49.65818564075906 -1.8351343554190227, 49.66251653983961 -1.83737620977272, 49.666848233205556 -1.8396165290253816, 49.671180723355405 -1.8418553070184251, 49.67551401278742 -1.8440925375827093, 49.67984810399907 -1.8463282145048454, 49.684182999487646 -1.8485623315598492, 49.6885187017504 -1.8507948825227327, 49.69285521328456 -1.8530258611665367, 49.69719253658646 -1.855255261229575, 49.70153067415172 -1.8574830764204968, 49.705869628475895 -1.8597093004470004, 49.710209402054595 -1.8619339270167492, 49.71454999738278 -1.8641569498205077, 49.71889141695389 -1.866378362505219, 49.72323366326108 -1.868598158710813, 49.72757673879751 -1.8708163320772164, 49.73192064605622 -1.873032876239592, 49.73626538752862 -1.8752477847907516, 49.74061096570542 -1.8774610513013283, 49.74495738307728 -1.8796726693417625, 49.7493046421348 -1.8818826324819866, 49.75365274536739 -1.8840909342652266, 49.75800169526252 -1.8862975681952443, 49.76235149430754 -1.8885025277726235, 49.76670214498976 -1.8907058064979494, 49.771053649795974 -1.8929073978610576, 49.77540601121037 -1.895107295304639, 49.77975923171643 -1.897305492258472, 49.78411331379768 -1.8995019821523358, 49.788468259937446 -1.9016967584134499, 49.792824072616675 -1.9038898144305234, 49.797180754314475 -1.906081143562466, 49.80153830750988 -1.9082707391674112, 49.80589673468193 -1.9104585946033312, 49.81025603830814 -1.9126447032059462, 49.81461622086285 -1.9148290582662297, 49.81897728482011 -1.9170116530697996, 49.82333923265388 -1.9191924809022693, 49.82770206683751 -1.9213715350407115, 49.83206578984065 -1.9235488087141794, 49.83643040413158 -1.9257242951349585, 49.840795912178635 -1.9278979875153197, 49.84516231644995 -1.9300698790654969, 49.84952961941044 -1.9322399629579747, 49.85389782352218 -1.9344082323319576, 49.85826693124717 -1.9365746803255108, 49.862636945047356 -1.9387393000765625, 49.86700786738264 -1.9409020847008849, 49.87137970070855 -1.943063027267458, 49.87575244748004 -1.9452221208393201, 49.88012611015209 -1.9473793584795118, 49.88450069117872 -1.9495347332417927, 49.888876193008876 -1.951688238130039, 49.893252618089804 -1.9538398661314442, 49.89762996886879 -1.9559896102331906, 49.902008247792786 -1.9581374634197626, 49.906387457304206 -1.9602834186345686, 49.91076759984196 -1.9624274687889929, 49.91514867784487 -1.9645696067935774, 49.91953069375169 -1.9667098255585165, 49.92391364999804 -1.9688481179670339, 49.928297549014104 -1.9709844768565663, 49.93268239322954 -1.9731188950601035, 49.93706818507403 -1.9752513654106358, 49.941454926975496 -1.9773818807276156, 49.94584262135506 -1.979510433778638, 49.95023127063224 -1.9816370173188762, 49.954620877226525 -1.9837616241035085, 49.95901144355673 -1.9858842468823428, 49.96340297203524 -1.9880048783569297, 49.96779546507098 -1.990123511203313, 49.97218892507293 -1.9922401380973074, 49.97658335444977 -1.9943547517132727, 49.98097875560491 -1.9964673446884742, 49.98537513093598 -1.998577909620813, 49.98977248284036 -2.000686439106293, 49.99417081371542 -2.002792925740767, 49.9985701259548 -2.0048973620960067, 50.002970421944426 -2.0069997406937437, 50.007371704069286 -2.009100054049473, 50.01177397471434 -2.0111982946786853, 50.01617723626243 -2.013294455083956, 50.02058149108758 -2.0153885277137182, 50.024986741561484 -2.0174805050022204, 50.02939299005582 -2.0195703793837136, 50.03380023894125 -2.02165814328658, 50.03820849057975 -2.0237437890888987, 50.04261774732886 -2.0258273091431827, 50.0470280115461 -2.02790869580174, 50.05143928558855 -2.0299879414147575, 50.05585157180578 -2.032065038291007, 50.060264872540436 -2.0341399787015497, 50.0646791901349 -2.0362127549160665, 50.069094526931494 -2.0382833592037515, 50.07351088526662 -2.0403517838032226, 50.07792826746742 -2.0424180209050813, 50.08234667586023 -2.0444820626957263, 50.08676611277137 -2.046543901361522, 50.0911865805231 -2.0486035290686715, 50.09560808142654 -2.0506609379287988, 50.10003061779101 -2.052716120044384, 50.10445419192578 -2.0547690675179076, 50.10887880613763 -2.0568197724398876, 50.11330446272125 -2.058868226844716, 50.117731163967946 -2.0609144227503458, 50.12215891216891 -2.0629583521747263, 50.12658770961392 -2.065000007129252, 50.13101755858092 -2.0670393795724613, 50.13544846134207 -2.0690764614373593, 50.13988042016951 -2.071111244656782, 50.14431343733465 -2.073143721160319, 50.148747515097895 -2.07517388283091, 50.15318265571144 -2.0772017215165612, 50.157618861427295 -2.079227229064437, 50.162056134497064 -2.081250397320308, 50.1664944771628 -2.083271218090889, 50.170933891655785 -2.0852896831394494, 50.175374380206755 -2.087305784226982, 50.17981594504628 -2.0893195131140123, 50.18425858839693 -2.0913308615297477, 50.188702312468266 -2.093339821152983, 50.19314711946864 -2.095346383657949, 50.19759301160645 -2.0973505407187814, 50.202039991083474 -2.0993522839855996, 50.206488060086485 -2.101351605053521, 50.21093722080018 -2.103348495509995, 50.21538747540923 -2.1053429469424625, 50.21983882609326 -2.1073349509202877, 50.2242912750156 -2.1093244989547406, 50.22874482433633 -2.1113115825454387, 50.233199476215525 -2.1132961931920056, 50.237655232809374 -2.115278322380779, 50.242112096256754 -2.117257961539527, 50.24657006869186 -2.1192351020798794, 50.251029152248805 -2.1212097354134607, 50.25548934905876 -2.123181852942108, 50.25995066123513 -2.125151446010139, 50.264413090884865 -2.127118505940932, 50.26887664011494 -2.1290830240578384, 50.273341311029974 -2.1310449916769283, 50.2778071057167 -2.1330044000587, 50.282274026253674 -2.134961240438051, 50.28674207471937 -2.136915504049737, 50.291211253190426 -2.1388671821230227, 50.29568156372567 -2.140816265833998, 50.30015300837389 -2.142762746328913, 50.30462558918379 -2.1447066147536864, 50.30909930820256 -2.1466478622500005, 50.313574167459706 -2.148586479908781, 50.31805016897299 -2.1505224587874747, 50.32252731475998 -2.152455789942939, 50.32700560683705 -2.1543864644286574, 50.3314850472028 -2.156314473249579, 50.335965637842655 -2.1582398073742413, 50.340447380741665 -2.160162457770296, 50.34493027788383 -2.1620824154026, 50.34941433123542 -2.1639996711892846, 50.35389954274801 -2.165914216009832, 50.35838591437279 -2.1678260407425674, 50.3628734480599 -2.169735136263375, 50.367362145741616 -2.1716414934027393, 50.37185200933426 -2.173545102950997, 50.376343040753646 -2.175445955697103, 50.380835241914646 -2.1773440424277526, 50.385328614713735 -2.179239353884999, 50.389823161030506 -2.181131880769932, 50.39431888274399 -2.183021613782128, 50.398815781732175 -2.184908543618939, 50.40331385985401 -2.186792660933243, 50.40781311895083 -2.1886739563368485, 50.41231356086328 -2.1905524204400253, 50.416815187431 -2.1924280438507044, 50.42131800047352 -2.1943008171319147, 50.42582200179232 -2.196170730806183, 50.43032719318818 -2.198037775394581, 50.43483357646069 -2.199901941415576, 50.4393411533881 -2.2017632193417387, 50.44384992573038 -2.2036215996064037, 50.4483598952469 -2.2054770726416457, 50.45287106369556 -2.207329628876466, 50.457383432811255 -2.2091792586924472, 50.46189700431087 -2.2110259524339195, 50.46641177991074 -2.212869700444208, 50.47092776132535 -2.214710493062847, 50.47544495024422 -2.2165483205800096, 50.4799633483394 -2.218383173251309, 50.484482957282644 -2.2202150413316453, 50.4890037787431 -2.222043915071074, 50.49352581436282 -2.2238697846680586, 50.49804906576747 -2.2256926402898967, 50.502573534582424 -2.227512472103453, 50.50709922242967 -2.229329270269239, 50.51162613090159 -2.2311430248939255, 50.516154261575686 -2.2329537260570698, 50.52068361602941 -2.2347613638380204, 50.5252141958353 -2.2365659283076513, 50.529746002533976 -2.2383674094810386, 50.534279037653135 -2.240165797350695, 50.53881330272045 -2.2419610819090754, 50.54334879925674 -2.243753253137157, 50.547885528748914 -2.245542300958654, 50.55242349267322 -2.2473282152794587, 50.55696269250594 -2.2491109860054532, 50.56150312971374 -2.250890603027018, 50.566044805727785 -2.252667056177527, 50.57058772197111 -2.254440335277253, 50.57513187986672 -2.2562104301464307, 50.57967728082408 -2.2579773305844273, 50.584223926217 -2.259741026335605, 50.58877181741347 -2.261501507135368, 50.59332095578134 -2.2632587627188605, 50.597871342669876 -2.265012782793885, 50.60242297939398 -2.266763557017431, 50.60697586726475 -2.268511075040955, 50.6115300075927 -2.2702553265150125, 50.616085401663874 -2.2719963010556246, 50.62064205073277 -2.2737339882342273, 50.62519995605175 -2.275468377619301, 50.62975911887159 -2.2771994587770554, 50.634319540412065 -2.2789272212319522, 50.63888122186588 -2.2806516544718294, 50.64344416442487 -2.2823727479832874, 50.64800836927705 -2.284090491248119, 50.65257383757333 -2.2858048737001306, 50.65714057044326 -2.2875158847455546, 50.661708569016085 -2.289223513790287, 50.66627783441374 -2.290927750231191, 50.67084836771609 -2.292628583413256, 50.67542016998793 -2.294326002662994, 50.67999324229411 -2.2960199973068933, 50.68456758568615 -2.2977105566558325, 50.68914320117158 -2.299397669968971, 50.6937200897488 -2.301081326494776, 50.69829825241606 -2.3027615154814978, 50.70287769014971 -2.304438226152921, 50.70745840388447 -2.3061114476862343, 50.712040394550385 -2.307781169253401, 50.716623663076334 -2.3094473800251434, 50.72120821035913 -2.3111100691380715, 50.725794037260265 -2.3127692256911776, 50.73038114463944 -2.314424838781519, 50.73496953335249 -2.3160768975023234, 50.73955920421334 -2.3177253909043554, 50.74415015800964 -2.31937030801191, 50.74874239552869 -2.3210116378488865, 50.7533359175485 -2.322649369430278, 50.757930724798044 -2.3242834917241058, 50.762526817990235 -2.3259139936829536, 50.76712419783791 -2.3275408642593556, 50.77172286503479 -2.329164092388512, 50.77632282022519 -2.3307836669608024, 50.78092406404553 -2.3323995768594568, 50.78552659713143 -2.3340118109669965, 50.79013042008593 -2.335620358138079, 50.794735533469826 -2.33722520719112, 50.799341937841 -2.3388263469421067, 50.80394963375352 -2.340423766203881, 50.80855862171532 -2.342017453752093, 50.81316890220427 -2.343607398338117, 50.817780475697745 -2.345193588712908, 50.82239334266177 -2.346776013618843, 50.82700750350765 -2.348354661756777, 50.83162295863007 -2.3499295218149987, 50.83623970842361 -2.351500582481691, 50.84085775325769 -2.353067832427176, 50.84547709344891 -2.3546312602842794, 50.850097729307336 -2.3561908546811083, 50.85471966114088 -2.357746604244428, 50.859342889214915 -2.359298497572751, 50.86396741375424 -2.360846523237688, 50.86859323498205 -2.3623906698097805, 50.87322035311313 -2.3639309258544037, 50.87784876830549 -2.3654672799019054, 50.88247848069349 -2.366999720468075, 50.887109490411355 -2.3685282360686246, 50.8917417975707 -2.3700528152063525, 50.89637540222428 -2.371573446350485, 50.90101030441537 -2.373090117964863, 50.90564650418565 -2.3746028185124493, 50.91028400153349 -2.3761115364335046, 50.91492279641139 -2.37761626014418, 50.91956288876961 -2.3791169780594617, 50.92420427854965 -2.380613678590156, 50.92884696563257 -2.3821063501179998, 50.93349094987355 -2.38359498101236, 50.938136231127665 -2.385079559642526, 50.9427828092242 -2.386560074366579, 50.947430683930335 -2.3880365135155235, 50.95207985500396 -2.3895088654163494, 50.95673032220051 -2.3909771183950568, 50.96138208522558 -2.3924412607581744, 50.96603514373956 -2.393901280794501, 50.970689497401146 -2.3953571667921914, 50.97534514585626 -2.3968089070349587, 50.980002088684074 -2.3982564897833165, 50.98466032544203 -2.399699903290214, 50.98931985568705 -2.401139135808463, 50.99398067894036 -2.4025741755799865, 50.99864279466204 -2.4040050108281297, 51.003306202306206 -2.4054316297744185, 51.0079709013211 -2.4068540206388422, 51.01263689109312 -2.4082721716252546, 51.01730417097159 -2.409686070927839, 51.02197274030533 -2.411095706740648, 51.026642598419244 -2.4125010672525202, 51.03131374456786 -2.413902140636922, 51.035986177992754 -2.415298915064502, 51.04065989793294 -2.416691378705456, 51.045334903573625 -2.4180795197205587, 51.05001119404918 -2.419463326261684, 51.05468876849205 -2.4208427864803586, 51.05936762601864 -2.422217888525991, 51.064047765671575 -2.4235886205382156, 51.0687291864722 -2.4249549706538405, 51.073411887440635 -2.426316927009569, 51.0780958675508 -2.427674477737942, 51.08278112571527 -2.4290276109659814, 51.0874676608424 -2.4303763148203252, 51.09215547182907 -2.4317205774270714, 51.096844557498166 -2.4330603869087946, 51.10153491664336 -2.434395731386684, 51.106226548057656 -2.4357265989819203, 51.11091945049304 -2.4370529778154806, 51.11561362263304 -2.438374856008004, 51.12030906315468 -2.439692221680096, 51.12500577072564 -2.4410050629527102, 51.129703743940006 -2.4423133679495694, 51.134402981356665 -2.4436171247957055, 51.13910348153404 -2.444916321616192, 51.14380524299177 -2.4462109465392037, 51.148508264176684 -2.447500987698751, 51.15321254352759 -2.448786433229486, 51.15791807947454 -2.450067271267139, 51.16262487037288 -2.4513434899566158, 51.16733291454019 -2.452615077447475, 51.172042210293334 -2.453882021889372, 51.176752755909554 -2.455144311438527, 51.181464549591325 -2.4564019342635652, 51.186177589532754 -2.4576548785344894, 51.190891873918304 -2.458903132423318, 51.19560740085503 -2.460146684118251, 51.20032416841273 -2.4613855218152696, 51.20504217466034 -2.4626196337105464, 51.20976141762302 -2.4638490080113136, 51.21448189525153 -2.4650736329435725, 51.21920360548942 -2.466293496735147, 51.22392654626787 -2.467508587617513, 51.228650715436395 -2.4687188938463227, 51.233376110811335 -2.469924403687062, 51.2381027302077 -2.4711251054056382, 51.24283057138889 -2.4723209872855136, 51.247559632047725 -2.4735120376341935, 51.25228990987176 -2.474698244760921, 51.25702140253098 -2.4758795969817387, 51.26175410760935 -2.4770560826457446, 51.26648802266477 -2.47822769011207, 51.27122314525238 -2.4793944077410197, 51.275959472864656 -2.4805562239198427, 51.280697002931355 -2.4817131270626986, 51.28543573287954 -2.4828651055849242, 51.290175660108964 -2.484012147914814, 51.29491678193227 -2.485154242522057, 51.29965909564473 -2.4862913778845783, 51.304402598535226 -2.4874235424836266, 51.30914728781693 -2.4885507248399326, 51.31389316065329 -2.4896729135001157, 51.31864021420653 -2.490790097011455, 51.32338844559638 -2.491902263945372, 51.32813785186119 -2.4930094029194922, 51.3328884300301 -2.4941115025566565, 51.337640177118075 -2.495208551488447, 51.3423930900531 -2.4963005383999453, 51.34714716573028 -2.4973874519964765, 51.351902401042274 -2.498469280984987, 51.35665879281946 -2.499546014113749, 51.3614163378255 -2.500617640175307, 51.366175032820756 -2.501684147964392, 51.37093487453596 -2.502745526296862, 51.37569585961295 -2.5038017640519032, 51.38045798467701 -2.5048528501205123, 51.38522124634465 -2.5058987734003804, 51.389985641150666 -2.5069395228515305, 51.39475116558539 -2.5079750874679005, 51.399517816137546 -2.5090054562447155, 51.40428558924211 -2.510030618220903, 51.409054481258984 -2.5110505624965387, 51.41382448854241 -2.512065278176257, 51.418595607422525 -2.513074754385661, 51.42336783413896 -2.5140789803286148, 51.42814116491037 -2.51507794522724, 51.43291559594817 -2.5160716383102915, 51.437691123384816 -2.5170600488791135, 51.44246774330405 -2.518043166279843, 51.44724545178795 -2.51902097986024, 51.45202424486666 -2.5199934790186, 51.456804118494 -2.5209606532276467, 51.461585068617595 -2.521922491966065, 51.4663670911605 -2.5228789847379294, 51.471150181955885 -2.5238301211399534, 51.475934336816316 -2.524775890789974, 51.480719551546194 -2.525716283314843, 51.48550582186943 -2.5266512884289796, 51.4902931434646 -2.5275808958960804, 51.49508151200826 -2.5285050954822, 51.499870923120284 -2.5294238770184267, 51.50466137234939 -2.5303372304175262, 51.50945285523974 -2.5312451455974903, 51.514245367304795 -2.5321476125135116, 51.519038903970866 -2.5330446212260105, 51.5238334606491 -2.533936161813894, 51.52862903273801 -2.534822224372048, 51.53342561555154 -2.5357027991030154, 51.538223204368705 -2.5365778762537765, 51.543021794464806 -2.5374474460763112, 51.54782138104831 -2.5383114989119977, 51.552621959269004 -2.5391700251807157, 51.55742352427425 -2.540023015305667, 51.56222607116806 -2.54087045977104, 51.56702959497648 -2.5417123491705573, 51.57183409071748 -2.5425486741093697, 51.57663955338658 -2.5433794252257296, 51.581445977893694 -2.544204593284323, 51.586253359128335 -2.5450241690800204, 51.59106169197071 -2.5458381434220936, 51.59587097122277 -2.5466465072410056, 51.6006811916474 -2.547449251527921, 51.605492348004354 -2.5482463672790283, 51.61030443499236 -2.5490378455897256, 51.61511744725116 -2.549823677651429, 51.61993137941769 -2.550603854660201, 51.62474622608809 -2.551378367881675, 51.62956198178421 -2.552147208708489, 51.634378641019964 -2.5529103685468053, 51.63919619828649 -2.5536678388434977, 51.64401464799425 -2.5544196111897985, 51.64883398453581 -2.555165677208919, 51.653654202293026 -2.555906028544296, 51.658475295571904 -2.556640656981739, 51.66329725864593 -2.5573695543681905, 51.66812008578432 -2.5580927125590143, 51.67294377119347 -2.5588101235333327, 51.67776830903117 -2.559521779366174, 51.682593693452766 -2.5602276721373536, 51.6874199185672 -2.5609277940227555, 51.6922469784209 -2.5616221373275003, 51.6970748670558 -2.562310694366055, 51.70190357848341 -2.5629934575188864, 51.706733106644144 -2.5636704193209487, 51.711563445468215 -2.5643415723292637, 51.71639458886844 -2.5650069091405983, 51.7212265306849 -2.565666422517497, 51.72605926473878 -2.566320105265732, 51.73089278484231 -2.5669679502124403, 51.73572708474095 -2.5676099503448846, 51.74056215814985 -2.5682460987229683, 51.74539799878007 -2.5688763884168857, 51.75023460028642 -2.569500812638595, 51.75507195628179 -2.5701193647058407, 51.75991006037667 -2.5707320379425194, 51.76474890613786 -2.571338825788533, 51.7695884870803 -2.571939721821475, 51.77442879671563 -2.5725347196277615, 51.77926982852415 -2.5731238128813265, 51.784111575927575 -2.5737069954200953, 51.78895403234117 -2.5742842611000722, 51.793797191159655 -2.574855603837765, 51.798641045716515 -2.5754210177306276, 51.80348558933376 -2.575980496909792, 51.80833081532109 -2.5765340355449147, 51.81317671692875 -2.5770816279911, 51.818023287389096 -2.577623268659182, 51.8228705199276 -2.578158951982876, 51.82771840771588 -2.578688672573458, 51.83256694390044 -2.579212425125257, 51.83741612162412 -2.57973020434546, 51.84226593398379 -2.580242005102094, 51.84711637404421 -2.580747822375611, 51.85196743486795 -2.5812476511546167, 51.85681910948032 -2.5817414865663166, 51.861671390868764 -2.582229323878765, 51.866524272018474 -2.582711158368545, 51.87137774588595 -2.583186985425998, 51.8762318053859 -2.5836568006073577, 51.88108644342954 -2.584120599482529, 51.88594165290716 -2.5845783777102156, 51.89079742666529 -2.5850301311345634, 51.895653757544935 -2.585475855622995, 51.90051063837267 -2.585915547108767, 51.90536806193149 -2.5863492017230065, 51.9102260209962 -2.586776815633866, 51.91508450833218 -2.587198385056058, 51.91994351666349 -2.587613906406186, 51.92480303870299 -2.588023376155564, 51.9296630671576 -2.5884267908072687, 51.93452359469686 -2.588824147061885, 51.93938461397597 -2.589215441695814, 51.94424611764649 -2.5896006715063873, 51.949108098327606 -2.589979833477596, 51.95397054862128 -2.5903529246920636, 51.958833461127355 -2.5907199422461984, 51.96369682841839 -2.5910808834076637, 51.96856064304772 -2.5914357455657497, 51.97342489756714 -2.591784526119777, 51.97828958450648 -2.5921272226220204, 51.98315469637483 -2.5924638327681966, 51.98802022568014 -2.592794354263465, 51.992886164912996 -2.593118784946136, 51.997752506543044 -2.5934371228176145, 52.002619243038325 -2.5937493658910182, 52.00748636685405 -2.5940555122924756, 52.01235387042478 -2.5943555603277746, 52.01722174618319 -2.5946495083193253, 52.02208998655258 -2.5949373546830268, 52.02695858393702 -2.5952190980273784, 52.03182753073818 -2.595494736984754, 52.03669681935126 -2.595764270262911, 52.041566442154256 -2.596027696770937, 52.04643639152233 -2.596285015451175, 52.05130665982637 -2.5965362253052753, 52.05617723942268 -2.5967813255404795, 52.06104812266437 -2.597020315408548, 52.065919301901936 -2.5972531942069756, 52.07079076947427 -2.5974799614384256, 52.07566251771695 -2.597700616663074, 52.08053453896411 -2.597915159475782, 52.08540682554137 -2.5981235896718182, 52.09027936977132 -2.5983259071182867, 52.09515216397578 -2.5985221117082067, 52.10002520047124 -2.598712203527034, 52.10489847157171 -2.5988961827470836, 52.109771969590945 -2.5990740495598432, 52.114645686840255 -2.5992458043380915, 52.11951961562954 -2.599411447556258, 52.12439374826872 -2.599570979703296, 52.12926807706781 -2.5997244014386225, 52.13414259433696 -2.599871713539034, 52.13901729238634 -2.600012916792686, 52.14389216352869 -2.600148012142217, 52.14876720007869 -2.6002770006597644, 52.153642394351316 -2.6003998834274165, 52.15851773866577 -2.600516661667598, 52.16339322534559 -2.6006273367451116, 52.168268846714604 -2.6007319100348014, 52.17314459510238 -2.6008303830372435, 52.1780204628453 -2.60092275740681, 52.182896442280345 -2.6010090348093584, 52.18777252575114 -2.601089217021479, 52.192648705611035 -2.601163305982805, 52.19752497421426 -2.6012313036471224, 52.20240132392228 -2.601293212064401, 52.207277747109316 -2.6013490334551608, 52.212154236150944 -2.6013987700578824, 52.21703078343022 -2.601442424193306, 52.22190738134601 -2.6014799983581383, 52.22678402229931 -2.6015114950719247, 52.231660698698384 -2.601536916923391, 52.23653740297047 -2.6015562666805025, 52.2414141275459 -2.60156954713989, 52.246290864861884 -2.601576761155388, 52.25116760737758 -2.6015779117610482, 52.25604434755644 -2.601573002026319, 52.26092107786832 -2.6015620350671425, 52.26579779080764 -2.6015450141782606, 52.270674478874824 -2.6015219426973877, 52.2755511345759 -2.601492823999441, 52.28042775044391 -2.6014576616342704, 52.28530431901977 -2.6014164592030875, 52.290180832849344 -2.6013692203363954, 52.29505728450737 -2.6013159488335327, 52.29993366657886 -2.6012566485542172, 52.30480997165305 -2.601191323380842, 52.30968619234936 -2.601119977356651, 52.31456232130027 -2.6010426145946504, 52.31943835114183 -2.6009592392251477, 52.32431427454107 -2.600869855529748, 52.32919008418126 -2.600774467869305, 52.334065772748595 -2.6006730806178213, 52.338941332960516 -2.6005656982897483, 52.34381675755423 -2.600452325488165, 52.34869203926935 -2.600332966826311, 52.35356717087645 -2.600207627046032, 52.35844214516967 -2.600076310986817, 52.36331695494517 -2.599939023496481, 52.36819159302933 -2.599795769538867, 52.373066052276045 -2.5996465541838942, 52.37794032554123 -2.5994913825091044, 52.38281440570953 -2.599330259695013, 52.387688285697244 -2.5991631910358346, 52.39256195842297 -2.5989901818338055, 52.397435416832096 -2.5988112374808927, 52.40230865390593 -2.5986263634893283, 52.40718166262861 -2.5984355653808544, 52.41205443600871 -2.5982388487537844, 52.41692696709482 -2.598036219331944, 52.42179924893939 -2.597827682851244, 52.42667127461653 -2.5976132451113734, 52.43154303724429 -2.5973929120411943, 52.436414529946006 -2.5971666895853036, 52.441285745863745 -2.5969345837399684, 52.44615667818692 -2.5966966006324537, 52.451027320112274 -2.596452746410481, 52.455897664852216 -2.5962030272622796, 52.46076770566918 -2.5959474495065566, 52.46563743583572 -2.5956860194882427, 52.47050684863687 -2.5954187435831093, 52.475375937409716 -2.595145628294973, 52.48024469550476 -2.5948666801608673, 52.48511311628227 -2.5945819057405752, 52.4899811931552 -2.594291311716964, 52.494848919554215 -2.5939949048143376, 52.49971628891721 -2.5936926917726826, 52.504583294734005 -2.593384679444335, 52.50944993051703 -2.5930708747307083, 52.51431618978397 -2.592751284544078, 52.519182066102616 -2.5924259159010594, 52.524047553069074 -2.592094775877356, 52.52891264428323 -2.5917578715559557, 52.53377733339187 -2.59141521011212, 52.53864161407629 -2.5910667987889004, 52.54350548002063 -2.590712644834658, 52.54836892495171 -2.590352755577441, 52.55323194263732 -2.5899871384215802, 52.55809452684792 -2.5896158007763015, 52.56295667139149 -2.589238750117199, 52.56781837012328 -2.588855994003429, 52.57267961690198 -2.5884675400001784, 52.57754040561792 -2.5880733957257047, 52.58240073021456 -2.587673568887488, 52.587260584640596 -2.5872680672017254, 52.592119962870036 -2.5868568984249656, 52.59697885893499 -2.5864400704063515, 52.60183726687573 -2.5860175910079692, 52.60669518075159 -2.58558946812079, 52.61155259468339 -2.58515570972883, 52.6164095028043 -2.5847163238348037, 52.62126589926101 -2.5842713184607913, 52.626121778262615 -2.583820701718742, 52.63097713403643 -2.583364481746664, 52.63583196081857 -2.5829026666946766, 52.64068625290596 -2.582435264795911, 52.645540004621004 -2.581962284318303, 52.650393210291426 -2.5814837335368006, 52.65524586430141 -2.5809996207995725, 52.66009796106915 -2.5805099544989454, 52.66494949501604 -2.5800147430312674, 52.66980046061324 -2.5795139948542953, 52.6746508523751 -2.579007718479013, 52.67950066481847 -2.5784959224195054, 52.684349892501665 -2.5779786152384165, 52.68919853003502 -2.5774558055594303, 52.69404657203248 -2.5769275020104554, 52.69889401314008 -2.5763937132550945, 52.70374084806359 -2.575854448023567, 52.708587071515375 -2.575309715053403, 52.7134326782304 -2.574759523106068, 52.718277663008706 -2.574203881011903, 52.723122020661975 -2.5736427976135605, 52.727965746016245 -2.573076281768117, 52.73280883396393 -2.5725043423993865, 52.737651279416674 -2.571926988450473, 52.74249307729423 -2.571344228872238, 52.74733422257921 -2.570756072675523, 52.752174710283576 -2.5701625288991328, 52.7570145354233 -2.5695636065855516, 52.761853693069554 -2.5689593148271905, 52.76669217833445 -2.5683496627534885, 52.77152998633238 -2.56773465949596, 52.77636711222225 -2.567114314224218, 52.78120355121535 -2.566488636152924, 52.786039298526354 -2.5658576344995643, 52.79087434940201 -2.565221318507708, 52.79570869915123 -2.564579697471463, 52.800542343090065 -2.5639327806907284, 52.805375276554756 -2.5632805774809317, 52.8102074949491 -2.562623097209519, 52.81503899369112 -2.5619603492548264, 52.8198697682096 -2.5612923430030734, 52.824699813999665 -2.5606190878886435, 52.82952912658134 -2.5599405933640837, 52.834357701479576 -2.559256868885276, 52.839185534277405 -2.5585679239481096, 52.84401262059649 -2.557873768075106, 52.84883895606075 -2.557174410790229, 52.853664536339444 -2.556469861647023, 52.85848935715445 -2.5557601302334443, 52.86331341423086 -2.5550452261394994, 52.868136703324105 -2.554325158973424, 52.87295922025332 -2.553599938381752, 52.877780960845655 -2.5528695740158494, 52.882601920945035 -2.55213407553671, 52.88742209646366 -2.5513934526445987, 52.89224148333113 -2.5506477150497844, 52.8970600774845 -2.549896872466521, 52.901877874923734 -2.549140934642853, 52.90669487168052 -2.548379911343847, 52.911511063789135 -2.547613812335867, 52.9163264473337 -2.546842647410355, 52.92114101844641 -2.5460664263829136, 52.92595477326177 -2.5452851590702767, 52.93076770794721 -2.544498855304641, 52.93557981873215 -2.543707524947228, 52.94039110185278 -2.5429111778624582, 52.94520155356244 -2.542109823922206, 52.950011170182336 -2.541303473027922, 52.954819948050506 -2.540492135088397, 52.95962788351178 -2.539675820015128, 52.964434972972356 -2.538854537744421, 52.969241212871594 -2.5380282982259232, 52.97404659965077 -2.537197111410008, 52.97885112979693 -2.5363609872640795, 52.9836547998483 -2.5355199357745684, 52.98845760634591 -2.534673966928934, 52.99325954585752 -2.5338230907237556, 52.99806061501545 -2.532967317177616, 53.00286081046155 -2.5321066563123487, 53.007660128849025 -2.5312411181533125, 53.0124585668967 -2.530370712746244, 53.017256121346975 -2.529495450144191, 53.02205278894541 -2.5286153404011, 53.0268485664901 -2.527730393585651, 53.03164345082229 -2.526840619778628, 53.03643743878476 -2.52594602906125, 53.041230527252615 -2.525046631522842, 53.04602271316137 -2.524142437267913, 53.050813993453175 -2.5232334564026426, 53.05560436508399 -2.522319699036277, 53.06039382507555 -2.5214011752926724, 53.06518237046913 -2.520477895300034, 53.0699699983098 -2.519549869187294, 53.0747567056963 -2.5186171070937835, 53.079542489767555 -2.517679619166608, 53.08432734766377 -2.5167374155531133, 53.08911127655738 -2.515790506405973, 53.093894273679965 -2.51483890188763, 53.09867633626937 -2.5138826121615665, 53.10345746157622 -2.512921647393016, 53.108237646915406 -2.511956017756038, 53.113016889622216 -2.5109857334274843, 53.11779518703471 -2.510010804584518, 53.12257253654108 -2.5090312414097817, 53.12734893557192 -2.5080470540905613, 53.13212438155935 -2.507058252814303, 53.13689887196215 -2.506064847770642, 53.14167240429998 -2.5050668491541876, 53.14644497610077 -2.504064267160234, 53.15121658490112 -2.503057111984546, 53.155987228298216 -2.502045393826184, 53.1607569039152 -2.5010291228856247, 53.1655256093766 -2.500008309363384, 53.17029334234774 -2.498982963461085, 53.17506010054346 -2.4979530953816917, 53.179825881681595 -2.4969187153282513, 53.18459068349689 -2.4958798335038077, 53.18935450378655 -2.494836460111401, 53.194117340362126 -2.4937886053540685, 53.19887919103884 -2.4927362794347516, 53.20364005368292 -2.4916794925549977, 53.20839992619802 -2.4906182549153395, 53.21315880648868 -2.4895525767162763, 53.21791669248552 -2.4884824681568984, 53.222673582177194 -2.487407939433139, 53.22742947356028 -2.4863290007405023, 53.232184364638236 -2.48524566227393, 53.23693825347106 -2.48415793422376, 53.241691138146265 -2.4830658267780827, 53.24644301675219 -2.4819693501249187, 53.25119388741026 -2.4808685144486815, 53.255943748293966 -2.4797633299281383, 53.26069259758134 -2.478653806741565, 53.265440433460476 -2.477539955065863, 53.27018725417786 -2.4764217850700194, 53.27493305800081 -2.4752993069201787, 53.27967784319777 -2.474172530782311, 53.28442160807479 -2.4730414668162477, 53.28916435098472 -2.4719061251741983, 53.293906070283306 -2.4707665160078984, 53.298646764338585 -2.469622649466743, 53.3033864315766 -2.4684745356890834, 53.30812507044049 -2.4673221848100146, 53.31286267937483 -2.466165606964321, 53.31759925686349 -2.465004812278226, 53.32233480143373 -2.4638398108684902, 53.327069311615126 -2.4626706128513858, 53.331802785950096 -2.4614972283400176, 53.33653522303787 -2.4603196674335432, 53.34126662149335 -2.459137940227278, 53.3459969799328 -2.4579520568161572, 53.350726297010944 -2.456762027284618, 53.35545457142475 -2.455567861705528, 53.36018180187343 -2.454369570151164, 53.36490798706795 -2.4531671626902507, 53.3696331257745 -2.4519606493748625, 53.374357216775515 -2.450750040252201, 53.37908025885442 -2.4495353453691298, 53.383802250829746 -2.4483165747609346, 53.38852319156337 -2.447093738448631, 53.393243079919834 -2.445866846452349, 53.39796191477289 -2.4446359087889094, 53.40267969504928 -2.4434009354561814, 53.40739641969454 -2.4421619364453018, 53.41211208765472 -2.440918921747211, 53.41682669790536 -2.4396719013414367, 53.42154024946791 -2.4384208851897506, 53.42625274136785 -2.4371658832523897, 53.4309641726366 -2.435906905487092, 53.43567454235448 -2.434643961831291, 53.440383849625455 -2.433377062212558, 53.44509209355386 -2.432106216558357, 53.44979927326582 -2.4308314347864166, 53.454505387936436 -2.429552726792683, 53.459210436747455 -2.428270102470141, 53.463914418883604 -2.4269835717103723, 53.46861733357139 -2.425693144385122, 53.473319180068216 -2.424398830351463, 53.47801995763226 -2.4231006394661234, 53.48271966553497 -2.421798581579123, 53.48741830309794 -2.4204926665152002, 53.492115869654526 -2.4191829040931347, 53.49681236453897 -2.417869304131245, 53.501507787116815 -2.4165518764310905, 53.506202136793 -2.4152306307732028, 53.51089541297488 -2.413905576936781, 53.51558761507595 -2.4125767246975784, 53.52027874255547 -2.4112440838054576, 53.524968794893525 -2.4099076639985055, 53.529657771570356 -2.408567475014718, 53.53434567208486 -2.407223526580971, 53.539032495981864 -2.4058758283967348, 53.543718242813185 -2.4045243901573317, 53.548402912132225 -2.40316922155703, 53.553086503527226 -2.401810332268293, 53.55776901661901 -2.400447731943052, 53.56245045102977 -2.3990814302324415, 53.56713080638918 -2.39771143678259, 53.57181008237199 -2.3963377612099395, 53.576488278669444 -2.39496041312002, 53.58116539497293 -2.393579402118276, 53.58584143099318 -2.392194737796728, 53.590516386483706 -2.390806429717829, 53.595190261203626 -2.3894144874400856, 53.599863054913754 -2.3880189205208215, 53.60453476740796 -2.3866197384933825, 53.60920539851087 -2.3852169508687906, 53.61387494804833 -2.383810567157222, 53.61854341585256 -2.382400596863975, 53.62321080179786 -2.380987049462454, 53.62787710577539 -2.3795699344132606, 53.63254232767641 -2.3781492611769353, 53.6372064674078 -2.376725039201619, 53.64186952491808 -2.3752972779024626, 53.64653150016261 -2.373865986689191, 53.651192393097546 -2.372431174970862, 53.655852203706225 -2.370992852134092, 53.66051093200492 -2.3695510275382365, 53.66516857801191 -2.3681057105410077, 53.669825141748994 -2.366656910497066, 53.67448062327441 -2.365204636729685, 53.67913502266777 -2.3637488985436725, 53.683788340009 -2.3622897052436045, 53.68844057538702 -2.3608270661259416, 53.693091728931 -2.3593609904510706, 53.69774180078127 -2.3578914874693555, 53.70239079107823 -2.3564185664310617, 53.70703869997964 -2.3549422365702646, 53.711685527680224 -2.353462507086522, 53.71633127437943 -2.351979387174958, 53.72097594027763 -2.3504928860298118, 53.72561952560133 -2.3490030128199573, 53.730262030606355 -2.34750977668582, 53.734903455550054 -2.3460131867663194, 53.73954380069282 -2.344513252197329, 53.74418306632807 -2.3430099820814467, 53.74882125276949 -2.341503385500762, 53.75345836033112 -2.3399934715370616, 53.7580943893337 -2.338480249265097, 53.76272934013438 -2.336963727721511, 53.76736321310261 -2.3354439159300946, 53.77199600860783 -2.3339208229146187, 53.776627727031624 -2.3323944576857394, 53.781258368791036 -2.330864829215481, 53.785887934309784 -2.3293319464687987, 53.79051642401167 -2.32779581841039, 53.79514383833885 -2.3262564539844095, 53.79977017776479 -2.3247138620996886, 53.80439544276611 -2.3231680516615762, 53.8090196338203 -2.321619031574346, 53.813642751428844 -2.320066810714339, 53.81826479611883 -2.3185113979280296, 53.822885768418594 -2.31695280206043, 53.827505668858684 -2.315391031953866, 53.832124497998045 -2.3138260964164066, 53.836742256415164 -2.3122580042325174, 53.84135894468888 -2.310686764186202, 53.84597456340226 -2.3091123850562476, 53.85058911316938 -2.3075348755826153, 53.85520259461836 -2.305954244487743, 53.85981500837743 -2.3043705004939823, 53.86442635508142 -2.30278365231504, 53.86903663539716 -2.3011937086233463, 53.87364585000093 -2.2996006780790172, 53.87825399956908 -2.298004569342165, 53.88286108478753 -2.296405391060011, 53.88746710637334 -2.2948031518382392, 53.89207206504976 -2.29319786027419, 53.896675961540126 -2.291589524965123, 53.90127879658047 -2.2899781544907407, 53.905880570935764 -2.28836375739067, 53.91048128537506 -2.2867463421989678, 53.9150809406676 -2.2851259174494105, 53.919679537598086 -2.2835024916536115, 53.92427707697766 -2.2818760732855545, 53.92887355961992 -2.2802466708155675, 53.933468986339015 -2.2786142927133253, 53.93806335796683 -2.276978947422121, 53.94265667535889 -2.2753406433505114, 53.947248939372294 -2.2736993889046855, 53.9518401508649 -2.2720551924896526, 53.956430310714296 -2.2704080624804015, 53.961019419818854 -2.268758007220137, 53.965607479078 -2.267105035050535, 53.9701944893923 -2.2654491543114785, 53.974780451683266 -2.263790373309818, 53.97936536689092 -2.2621287003233745, 53.98394923595582 -2.260464143628988, 53.98853205982011 -2.2587967115010423, 53.99311383944768 -2.2571264121785157, 53.99769457581882 -2.2554532538737697, 54.002274269914196 -2.2537772447985156, 54.00685292271632 -2.2520983931613805, 54.01143053522991 -2.250416707133805, 54.01600710847434 -2.2487321948625647, 54.02058264346927 -2.247044864493997, 54.02515714123645 -2.2453547241708187, 54.029730602819875 -2.2436617819972877, 54.03430302927688 -2.241966046054477, 54.03887442166503 -2.240267524423142, 54.04344478104409 -2.2385662251800205, 54.0480141084959 -2.236862156362582, 54.05258240511465 -2.2351553259860784, 54.05714967199473 -2.233445742065506, 54.0617159102328 -2.231733412611646, 54.06628112094708 -2.2300183455955804, 54.07084530526757 -2.2283005489666414, 54.075408464324404 -2.226580030673939, 54.07997059924995 -2.2248567986623575, 54.084531711197464 -2.223130860837036, 54.089091801331705 -2.221402225081323, 54.09365087081752 -2.219670899278338, 54.09820892082186 -2.217936891307182, 54.10276595253171 -2.2162002090075257, 54.10732196714554 -2.214460860196691, 54.111876965861896 -2.212718852691744, 54.116430949881085 -2.210974194306118, 54.12098392042268 -2.209226892814533, 54.125535878717734 -2.207476955968297, 54.13008682599755 -2.2057243915184, 54.13463676349481 -2.203969207212725, 54.139185692460295 -2.202211410761613, 54.14373361415671 -2.2004510098504158, 54.14828052984703 -2.198688012164038, 54.15282644079531 -2.1969224253849142, 54.15737134828235 -2.19515425715962, 54.16191525360151 -2.1933835151076737, 54.166458158046446 -2.1916102068479364, 54.171000062911666 -2.189834339997449, 54.175540969506756 -2.1880559221396854, 54.180080879154715 -2.1862749608285346, 54.18461979317897 -2.1844914636168737, 54.18915771290343 -2.1827054380563804, 54.19369463966548 -2.180916891668107, 54.198230574816655 -2.179125831940608, 54.20276551970918 -2.177332266360871, 54.20729947569563 -2.175536202415212, 54.21183244413996 -2.173737647562905, 54.21636442642128 -2.171936609227606, 54.220895423919714 -2.1701330948305424, 54.2254254380155 -2.1683271117926393, 54.229954470098285 -2.1665186675119696, 54.23448252157365 -2.1647077693478916, 54.23900959384868 -2.1628944246560153, 54.2435356883305 -2.1610786407918763, 54.248060806433585 -2.1592604250927465, 54.25258494958879 -2.1574397848545064, 54.25710811922932 -2.1556167273673394, 54.26163031678836 -2.1537912599214204, 54.266151543704346 -2.151963389793369, 54.27067180143236 -2.150133124216691, 54.27519109143078 -2.1483004704163364, 54.27970941515802 -2.1464654356172574, 54.28422677407591 -2.144628027035183, 54.28874316966246 -2.142788251842681, 54.29325860340042 -2.140946117199705, 54.29777307677255 -2.139101630266211, 54.30228659126361 -2.1372547981964733, 54.30679914837332 -2.135405628103782, 54.311310749607856 -2.133554127083422, 54.31582139647349 -2.131700302230603, 54.32033109047752 -2.1298441606375125, 54.32483983314011 -2.1279857093596988, 54.32934762599005 -2.1261249554283403, 54.33385447055626 -2.1242619058741776, 54.33836036836809 -2.1223965677266765, 54.34286532096527 -2.1205289479848877, 54.34736932989808 -2.118659053616786, 54.35187239671733 -2.1167868915889416, 54.35637452297395 -2.114912468867585, 54.360875710226374 -2.113035792395998, 54.365375960045384 -2.1111568690802907, 54.369875274002816 -2.1092757058231815, 54.37437365367056 -2.1073923095273686, 54.37887110062535 -2.1055066870803367, 54.38336761645713 -2.10361884532825, 54.38786320275808 -2.101728791110326, 54.392357861120374 -2.099836531265778, 54.39685159313884 -2.097942072625261, 54.40134440042122 -2.0960454219775855, 54.40583628457925 -2.0941465860987987, 54.41032724722461 -2.092245571764946, 54.4148172899702 -2.09034238574809, 54.419306414440264 -2.088437034782545, 54.42379462226521 -2.086529525581805, 54.42828191507556 -2.0846198648591425, 54.43276829450221 -2.0827080593264924, 54.437253762184795 -2.080794115665721, 54.441738319771545 -2.078878040529001, 54.44622196891107 -2.0769598405672474, 54.45070471125197 -2.0750395224311617, 54.45518654844874 -2.0731170927509437, 54.45966748216618 -2.071192558119493, 54.46414751407028 -2.069265925125762, 54.46862664582698 -2.0673372003586987, 54.473104879105335 -2.0654063903959856, 54.477582215585464 -2.0634735017743453, 54.48205865695002 -2.061538541021197, 54.486534204881636 -2.0596015146639597, 54.49100886106422 -2.0576624292252417, 54.49548262719172 -2.0557212911895837, 54.499955504962685 -2.05377810702343, 54.50442749607581 -2.051832883193112, 54.5088986022301 -2.0498856261635834, 54.51336882513204 -2.04793634237019, 54.51783816649535 -2.04598503821979, 54.52230662803402 -2.044031720118087, 54.526774211462104 -2.0420763944706497, 54.53124091849815 -2.040119067664488, 54.535706750869835 -2.0381597460495557, 54.540171710305806 -2.0361984359714036, 54.54463579853483 -2.0342351437755837, 54.54909901728761 -2.0322698757990088, 54.553561368304265 -2.0303026383389406, 54.55802285332759 -2.028333437681261, 54.56248347410034 -2.026362280111853, 54.56694323236597 -2.0243891719137985, 54.57140212987556 -2.0224141193364837, 54.57586016838524 -2.02043712860702, 54.5803173496513 -2.01845820595212, 54.58477367543009 -2.016477357598076, 54.58922914748282 -2.0144945897488054, 54.593683767578085 -2.012509908575043, 54.59813753748496 -2.010523320244841, 54.602590458972564 -2.0085348309262536, 54.6070425338123 -2.006544446776685, 54.611493763783734 -2.004552173914839, 54.61594415066824 -2.0025580184506313, 54.62039369624724 -2.000561986493975, 54.62484240230285 -1.9985640841514443, 54.62929027062408 -1.996564317495531, 54.633737303004054 -1.9945626925787883, 54.63818350123586 -1.9925592154535188, 54.642628867112755 -1.9905538921715709, 54.64707340243235 -1.9885467287624887, 54.65151710899843 -1.9865377312239603, 54.65595998861535 -1.9845269055512236, 54.660402043087444 -1.9825142577395167, 54.664843274220814 -1.9804997937742541, 54.669283683828766 -1.9784835196031814, 54.67372327372626 -1.9764654411650169, 54.6781620457282 -1.9744455643984804, 54.68260000165006 -1.9724238952396838, 54.68703714331298 -1.9704004395929746, 54.691473472541965 -1.9683752033415003, 54.69590899116212 -1.9663481923680184, 54.70034370099853 -1.964319412555077, 54.70477760387953 -1.962288869766557, 54.70921070163925 -1.960256569833224, 54.713642996112355 -1.9582225185824411, 54.718074489133514 -1.9561867218415754, 54.722505182538576 -1.9541491854312802, 54.7269350781693 -1.9521099151361556, 54.73136417786951 -1.9500689167287515, 54.73579248348299 -1.9480261959816036, 54.740219996853746 -1.9459817586660466, 54.74464671982998 -1.9439356105270578, 54.74907265426399 -1.9418877572840034, 54.75349780200819 -1.9398382046551956, 54.757922164915044 -1.937786958358933, 54.762345744838846 -1.9357340241013188, 54.766768543639216 -1.9336794075532207, 54.77119056317674 -1.9316231143791758, 54.77561180531197 -1.9295651502437197, 54.78003227190594 -1.9275055208083927, 54.78445196482423 -1.925444231703521, 54.78887088593518 -1.9233812885409194, 54.79328903710709 -1.9213166969321613, 54.79770642020832 -1.9192504624886324, 54.80212303710968 -1.917182590804273, 54.80653888968634 -1.915113087441491, 54.8109539798139 -1.9130419579593752, 54.815368309368004 -1.9109692079170177, 54.819781880224944 -1.9088948428683001, 54.82419469426547 -1.906818868333679, 54.828606753372064 -1.9047412898204132, 54.833018059427175 -1.9026621128357244, 54.8374286143134 -1.9005813428862774, 54.84183841991595 -1.898498985457375, 54.846247478123516 -1.89641504600679, 54.850655790825066 -1.894329529990478, 54.85506335990949 -1.8922424428643967, 54.85947018726658 -1.8901537900772258, 54.8638762747902 -1.8880635770439882, 54.86828162437527 -1.885971809169984, 54.87268623791678 -1.8838784918605112, 54.87709011730979 -1.8817836305198816, 54.8814932644521 -1.8796872305287358, 54.88589568124417 -1.8775892972434276, 54.89029736958667 -1.8754898360192098, 54.894698331380205 -1.8733888522113369, 54.89909856852633 -1.8712863511663311, 54.903498082930135 -1.8691823381977823, 54.90789687649751 -1.8670768186115076, 54.91229495113439 -1.8649697977133244, 54.91669230874678 -1.8628612808077805, 54.92108895124321 -1.8607512731748683, 54.92548488053441 -1.8586397800723884, 54.9298800985312 -1.856526806757346, 54.9342746071444 -1.8544123584867422, 54.9386684082857 -1.8522964405083229, 54.943061503869835 -1.8501790580378135, 54.94745389581219 -1.8480602162840176, 54.95184558602818 -1.8459399204557398, 54.95623657643323 -1.8438181757604744, 54.960626868945035 -1.8416949873814996, 54.96501646548309 -1.839570360480769, 54.969405367967035 -1.8374443002195133, 54.97379357831645 -1.8353168117589576, 54.978181098451664 -1.8331879002515405, 54.98256793029559 -1.831057570818465, 54.98695407577169 -1.8289258285740022, 54.99133953680349 -1.8267926786324262, 54.99572431531453 -1.8246581261069152, 55.00010841323014 -1.8225221760878394, 55.00449183247732 -1.8203848336439825, 55.008874574983096 -1.8182461038432747, 55.013256642674534 -1.8161059917536486, 55.017638037479195 -1.8139645024355784, 55.022018761326855 -1.811821640919082, 55.02639881614781 -1.8096774122264039, 55.030778203872416 -1.8075318213797948, 55.03515692643099 -1.8053848734007842, 55.03953498575524 -1.8032365732905147, 55.04391238377829 -1.8010869260272613, 55.04828912243339 -1.7989359365880853, 55.05266520365373 -1.7967836099500474, 55.057040629372864 -1.7946299510846269, 55.06141540152615 -1.7924749649339784, 55.065789522049386 -1.7903186564306717, 55.070162992878494 -1.7881610305072702, 55.07453581594934 -1.7860020920960111, 55.078907993198754 -1.7838418461123293, 55.08327952656494 -1.7816802974470336, 55.087650417986225 -1.779517450988975, 55.092020669400945 -1.7773533116270062, 55.096390282747564 -1.7751878842464202, 55.10075925996589 -1.7730211737053816, 55.10512760299636 -1.7708531848495577, 55.109495313779384 -1.7686839225245474, 55.113862394255364 -1.7665133915758753, 55.11822884636527 -1.764341596836571, 55.12259467205126 -1.7621685431130543, 55.126959873255565 -1.7599942352083373, 55.13132445192049 -1.7578186779254348, 55.13568840998834 -1.755641876065568, 55.140051749402396 -1.7534638344065512, 55.14441447210649 -1.7512845577097582, 55.14877658004447 -1.749104050736218, 55.15313807516025 -1.746922318246965, 55.15749895939795 -1.7447393649951928, 55.16185923470259 -1.7425551957066048, 55.166218903019406 -1.740369815100883, 55.170577966293635 -1.7381832278977067, 55.17493642647053 -1.7359954388161605, 55.17929428549581 -1.733806452557257, 55.18365154531582 -1.7316162738011003, 55.1880082078769 -1.7294249072266281, 55.1923642751254 -1.727232357512782, 55.19671974900775 -1.7250386293345925, 55.20107463147099 -1.7228437273413353, 55.20542892446234 -1.7206476561718604, 55.20978262992905 -1.7184504204649858, 55.21413574981836 -1.7162520248594597, 55.21848828607776 -1.7140524739823788, 55.22284024065507 -1.711851772436187, 55.22719161549825 -1.709649924820199, 55.23154241255522 -1.7074469357337254, 55.2358926337739 -1.7052428097747199, 55.24024228110249 -1.7030375515203195, 55.24459135648938 -1.7008311655313781, 55.24893986188295 -1.698623656368313, 55.2532877992316 -1.6964150285915458, 55.25763517048377 -1.6942052867558435, 55.26198197758804 -1.6919944353905019, 55.26632822249308 -1.6897824790176506, 55.270673907147525 -1.6875694221594129, 55.275019033500016 -1.685355269337712, 55.27936360349926 -1.6831400250609105, 55.28370761909398 -1.6809236938154855, 55.28805108223292 -1.6787062800859265, 55.29239399486482 -1.676487788356725, 55.2967363589384 -1.6742682231105162, 55.301078176402264 -1.672047588808479, 55.30541944920487 -1.6698258898980072, 55.309760179294734 -1.6676031308262622, 55.31410036862033 -1.6653793160404111, 55.31844001913012 -1.663154449981398, 55.32277913277244 -1.6609285370660118, 55.3271177114956 -1.6587015817051771, 55.331455757247895 -1.6564735883098158, 55.33579327197765 -1.6542445612906085, 55.34013025763295 -1.6520145050447128, 55.344466716161676 -1.6497834239488662, 55.34880264951166 -1.647551322378111, 55.35313805963069 -1.6453182047074926, 55.35747294846658 -1.643084075310296, 55.36180731796675 -1.640848938539524, 55.36614117007841 -1.6386127987351695, 55.37047450674873 -1.6363756602370092, 55.37480732992493 -1.6341375273848195, 55.379139641554026 -1.6318984045128337, 55.38347144358257 -1.62965829593217, 55.38780273795696 -1.6274172059479322, 55.39213352662358 -1.6251751388652207, 55.39646381152878 -1.6229320989889875, 55.40079359461862 -1.6206880906124093, 55.40512287783862 -1.6184431180084817, 55.409451663134206 -1.6161971854482178, 55.413779952450774 -1.6139502972026343, 55.41810774773375 -1.6117024575415513, 55.42243505092793 -1.6094536707167806, 55.42676186397765 -1.6072039409662056, 55.43108818882726 -1.6049532725273445, 55.43541402742106 -1.6027016696377152, 55.43973938170327 -1.6004491365309403, 55.44406425361722 -1.598195677419057, 55.44838864510603 -1.5959412965066764, 55.452712558112744 -1.5936859979984042, 55.45703599458048 -1.5914297860988142, 55.46135895645192 -1.5891726650037699, 55.46568144566894 -1.5869146388885302, 55.470003464173196 -1.5846557119253675, 55.47432501390644 -1.5823958882865603, 55.47864609681033 -1.580135172143873, 55.48296671482587 -1.577873567654689, 55.487286869893275 -1.5756110789603575, 55.49160656395273 -1.5733477102013818, 55.49592579894445 -1.5710834655182677, 55.500244576808484 -1.5688183490495031, 55.504562899483965 -1.566552364914792, 55.508880768909485 -1.5642855172236205, 55.51319818702361 -1.5620178100853745, 55.51751515576494 -1.5597492476094381, 55.5218316770717 -1.5574798339001403, 55.52614775288098 -1.5552095730412483, 55.53046338512942 -1.5529384691112944, 55.53477857575376 -1.550666526188813, 55.539093326690676 -1.5483937483522614, 55.543407639876314 -1.5461201396706308, 55.54772151724566 -1.543845704194602, 55.55203496073358 -1.5415704459727662, 55.55634797227498 -1.5392943690537084, 55.560660553804674 -1.5370174774854046, 55.56497270725657 -1.5347397753017271, 55.56928443456371 -1.532461266522502, 55.573595737659026 -1.5301819551669475, 55.57790661847546 -1.5279018452542799, 55.58221707894585 -1.5256209408017283, 55.58652712100172 -1.5233392458088775, 55.59083674657392 -1.521056764266071, 55.59514595759333 -1.5187735001635714, 55.59945475599076 -1.516489457491643, 55.60376314369676 -1.514204640236105, 55.60807112264037 -1.5119190523638797, 55.61237869475025 -1.5096326978368735, 55.616685861955084 -1.507345580616989, 55.62099262618356 -1.5050577046660871, 55.62529898936366 -1.5027690739380168, 55.62960495342195 -1.5004796923691575, 55.63391052028484 -1.4981895638935936, 55.63821569187872 -1.4958986924454056, 55.642520470129924 -1.4936070819583125, 55.64682485696377 -1.4913147363541859, 55.65112885430435 -1.4890216595406784, 55.65543246407569 -1.4867278554246006, 55.659735688201785 -1.484433327912767, 55.66403852860652 -1.4821380809107918, 55.668340987212446 -1.4798421183092363, 55.67264306594109 -1.4775454439883848, 55.676944766714 -1.4752480618283197, 55.68124609145275 -1.472949975709125, 55.68554704207859 -1.4706511895081693, 55.68984762051115 -1.4683517070858803, 55.694147828669465 -1.4660515322961627, 55.69844766847249 -1.4637506689929118, 55.70274714183926 -1.4614491210300187, 55.70704625068826 -1.4591468922563517, 55.71134499693617 -1.4568439865037544, 55.71564338249942 -1.4545404076004644, 55.71994140929436 -1.4522361593747224, 55.72423907923735 -1.4499312456546993, 55.728536394243854 -1.4476256702606414, 55.7328333562278 -1.4453194369974274, 55.737129967102796 -1.4430125496681692, 55.74142622878255 -1.4407050120759797, 55.74572214318065 -1.438396828023623, 55.750017712209434 -1.4360880013029083, 55.75431293777974 -1.4337785356928086, 55.75860782180229 -1.4314684349715685, 55.76290236618784 -1.4291577029174305, 55.76719657284696 -1.4268463433076846, 55.77149044368888 -1.4245343599065488, 55.77578398062167 -1.422221756468724, 55.78007718555336 -1.419908536748695, 55.784370060392035 -1.417594704500952, 55.788662607045524 -1.4152802634779835, 55.79295482741973 -1.4129652174174094, 55.79724672341983 -1.4106495700501323, 55.8015382969509 -1.4083333251070227, 55.805829549918066 -1.4060164863189537, 55.810120484226005 -1.4036990574133235, 55.81441110177737 -1.4013810421022024, 55.81870140447433 -1.3990624440934387, 55.82299139421904 -1.3967432670948772, 55.82728107291362 -1.3944235148143531, 55.83157044245952 -1.3921031909543082, 55.83585950475616 -1.3897822992025153, 55.84014826170262 -1.3874608432442823, 55.84443671519804 -1.3851388267649203, 55.84872486714149 -1.3828162534496484, 55.85301271943101 -1.3804931269761869, 55.85730027396278 -1.3781694510091436, 55.86158753263282 -1.3758452292118, 55.86587449733714 -1.3735204652474378, 55.8701611699717 -1.3711951627790364, 55.874447552431086 -1.3688693254600819, 55.878733646608254 -1.366542956932964, 55.88301945439599 -1.3642160608394396, 55.88730497768725 -1.3618886408212667, 55.891590218374695 -1.3595607005195012, 55.8958751783494 -1.3572322435640394, 55.90015985950106 -1.3549032735758593, 55.90444426371934 -1.3525737941756943, 55.90872839289387 -1.3502438089842723, 55.913012248914086 -1.3479133216210155, 55.91729583366749 -1.345582335693, 55.92157914904052 -1.3432508548004984, 55.92586219691951 -1.3409188825437115, 55.930144979190906 -1.3385864225228459, 55.93442749774076 -1.3362534783359779, 55.93870975445294 -1.3339200535681663, 55.94299175121055 -1.331586151799549, 55.94727348989664 -1.3292517766102514, 55.951554972394305 -1.3269169315803986, 55.95583620058608 -1.324581620286937, 55.96011717635214 -1.3222458462936175, 55.964397901572106 -1.3199096131607784, 55.968678378125574 -1.3175729244487548, 55.97295860789215 -1.315235783717877, 55.977238592750716 -1.3128981945242078, 55.98151833457803 -1.3105601604115162, 55.98579783525047 -1.308221684921375, 55.990077096644406 -1.3058827715953591, 55.99435612063624 -1.303543423975004, 55.99863490910129 -1.3012036455962257, 56.00291346391275 -1.2988634399833612, 56.007191786943515 -1.2965228106593154, 56.01146988006651 -1.2941817611469935, 56.015747745154634 -1.2918402949691838, 56.02002538407945 -1.2894984156418803, 56.024302798710636 -1.2871561266707465, 56.028579990917585 -1.2848134315605835, 56.03285696256977 -1.2824703338161871, 56.037133715536584 -1.2801268369420957, 56.04141025168586 -1.2777829444349738, 56.045686572883646 -1.275438659782451, 56.04996268099587 -1.2730939864716624, 56.05423857788846 -1.2707489279897404, 56.05851426542727 -1.268403487823344, 56.062789745476344 -1.2660576694503884, 56.067065019898095 -1.2637114763410793, 56.071340090554955 -1.2613649119653594, 56.07561495930928 -1.2590179797931738, 56.079889628023324 -1.256670683293717, 56.08416409855731 -1.2543230259267664, 56.088438372770035 -1.2519750111456611, 56.09271245252034 -1.2496266424036138, 56.09698633966701 -1.247277923153836, 56.10126003606864 -1.2449288568484598, 56.10553354358158 -1.2425794469297395, 56.10980686406104 -1.2402296968346442, 56.114079999362175 -1.2378796100000968, 56.118352951340206 -1.2355291898630156, 56.122625721849985 -1.2331784398588646, 56.12689831274401 -1.2308273634130549, 56.13117072587393 -1.228475963946767, 56.13544296309125 -1.2261242448811684, 56.139715026247586 -1.2237722096374246, 56.14398691719401 -1.2214198616347767, 56.14825863777911 -1.2190672042821689, 56.15253018985063 -1.216714240985112, 56.15680157525631 -1.2143609751491131, 56.16107279584385 -1.212007410179683, 56.16534385346045 -1.2096535494800182, 56.1696147499509 -1.2072993964434946, 56.17388548715929 -1.2049449544608815, 56.17815606692977 -1.202590226922947, 56.18242649110647 -1.200235217220457, 56.18669676153278 -1.1978799287413886, 56.1909668800497 -1.1955243648641387, 56.19523684849762 -1.1931685289650569, 56.19950666871698 -1.1908124244204898, 56.20377634254822 -1.1884560546067802, 56.20804587183088 -1.1860994228970085, 56.212315258402036 -1.1837425326550588, 56.21658450409836 -1.1813853872432087, 56.22085361075648 -1.179027990023739, 56.22512258021304 -1.1766703443589133, 56.22939141430368 -1.174312453607315, 56.23366011486159 -1.171954321118864, 56.237928683719645 -1.1695959502422284, 56.24219712271073 -1.1672373443260786, 56.246465433667645 -1.1648785067190564, 56.25073361842209 -1.1625194407657429, 56.25500167880341 -1.1601601498025875, 56.2592696166406 -1.157800637165073, 56.26353743376275 -1.1554409061886792, 56.26780513199885 -1.1530809602088323, 56.27207271317659 -1.1507208025565872, 56.27634017912142 -1.1483604365554196, 56.28060753165854 -1.145999865528057, 56.28487477261311 -1.1436390927972209, 56.28914190381034 -1.141278121685553, 56.29340892707391 -1.1389169555110583, 56.29767584422534 -1.1365555975846968, 56.30194265708593 -1.13419405121684, 56.30620936747702 -1.1318323197178621, 56.31047597721987 -1.1294704063980217, 56.31474248813421 -1.127108314562763, 56.3190089020376 -1.124746047511047, 56.32327522074752 -1.1223836085413748, 56.327541446081405 -1.1200210009522467, 56.331807579856644 -1.1176582280420146, 56.33607362388887 -1.1152952931039744, 56.34033957999167 -1.1129321994253016, 56.34460544997844 -1.1105689502928078, 56.34887123566262 -1.1082055489933011, 56.35313693885757 -1.105841998813407, 56.35740256137483 -1.1034783030347166, 56.36166810502404 -1.1011144649332727, 56.36593357161467 -1.0987504877848364, 56.370198962956245 -1.0963863748651659, 56.37446428085815 -1.0940221294498054, 56.37872952712798 -1.0916577548092798, 56.38299470357141 -1.0892932542090292, 56.38725981199405 -1.0869286309142667, 56.39152485420155 -1.0845638881902118, 56.39578983199937 -1.0821990293018298, 56.40005474719109 -1.0798340575089895, 56.40431960157834 -1.0774689760667746, 56.40858439696273 -1.0751037882300793, 56.412849135145834 -1.0727384972537983, 56.41711381792917 -1.070373106392558, 56.42137844711217 -1.068007618895954, 56.42564302449248 -1.0656420380091556, 56.42990755186768 -1.0632763669771828, 56.43417203103534 -1.0609106090450522, 56.43843646379293 -1.0585447674574924, 56.44270085193579 -1.0561788454542826, 56.446965197257526 -1.0538128462710747, 56.45122950155164 -1.051446773143399, 56.455493766611696 -1.0490806293067823, 56.4597579942311 -1.046714417996445, 56.46402218620107 -1.0443481424427832, 56.46828634431114 -1.041981805872339, 56.472550470350775 -1.0396154115115468, 56.47681456610948 -1.0372489625868448, 56.48107863337653 -1.0348824623243533, 56.48534267393907 -1.032515913945497, 56.48960668958253 -1.0301493206680863, 56.49387068209225 -1.027782685709835, 56.498134653253615 -1.0254160122884588, 56.50239860485185 -1.0230493036213613, 56.50666253866993 -1.020682562921442, 56.51092645648917 -1.0183157933982208, 56.515190360090884 -1.0159489982611396, 56.519454251256334 -1.0135821807196355, 56.52371813176666 -1.0112153439828335, 56.5279820034006 -1.0088484912554114, 56.53224586793529 -1.006481625738767, 56.53650972714773 -1.0041147506342247, 56.540773582814985 -1.001747869143107, 56.54503743671394 -0.9993809844664386, 56.54930129061917 -0.9970140998011395, 56.553565146303654 -0.9946472183411176, 56.5578290055403 -0.9922803432802114, 56.56209287010203 -0.9899134778122631, 56.56635674176159 -0.9875466251308317, 56.57062062228943 -0.9851797884255844, 56.574884513454414 -0.9828129708833399, 56.57914841702529 -0.9804461756908474, 56.58341233477085 -0.9780794060348568, 56.587676268459674 -0.975712665101855, 56.59194021985808 -0.9733459560745839, 56.596204190730624 -0.9709792821330192, 56.600468182841865 -0.96861264645707, 56.60473219795634 -0.9662460522266433, 56.6089962378384 -0.9638795026214096, 56.61326030425014 -0.9615130008175364, 56.617524398951886 -0.9591465499885556, 56.621788523703955 -0.9567801533079368, 56.62605268026659 -0.9544138139491467, 56.63031687039998 -0.9520475350854357, 56.63458109586194 -0.9496813198867835, 56.63884535840853 -0.9473151715206364, 56.643109659795755 -0.9449490931543743, 56.64737400177962 -0.9425830879553802, 56.65163838611599 -0.9402171590908432, 56.65590281455845 -0.9378513097249203, 56.66016728885877 -0.9354855430193446, 56.66443181076863 -0.9331198621357781, 56.66869638203977 -0.9307542702358824, 56.67296100442373 -0.9283887704811579, 56.67722567966986 -0.9260233660302977, 56.68149040952552 -0.9236580600396609, 56.685755195738125 -0.9212928556655319, 56.690020040054996 -0.9189277560641947, 56.69428494422338 -0.9165627643917986, 56.69854990998828 -0.9141978838019515, 56.702814939092804 -0.9118331174460372, 56.70708003327992 -0.9094684684753656, 56.71134519429269 -0.9071039400412451, 56.71561042387396 -0.9047395352948641, 56.71987572376441 -0.902375257385018, 56.724141095702656 -0.900011109458276, 56.72840654142717 -0.8976470946611218, 56.73267206267651 -0.8952832161400437, 56.73693766118908 -0.8929194770414371, 56.74120333870119 -0.8905558805096873, 56.74546909694711 -0.8881924296871984, 56.74973493766098 -0.8858291277162842, 56.754000862576966 -0.8834659777392602, 56.758266873429136 -0.8811029828983724, 56.762532971949504 -0.8787401463340243, 56.76679915986786 -0.8763774711846712, 56.77106543891391 -0.8740149605886711, 56.77533181081734 -0.8716526176843822, 56.77959827730778 -0.8692904456101115, 56.78386484011283 -0.8669284475025434, 56.78813150095782 -0.8645666264965066, 56.79239826156792 -0.8622049857267303, 56.796665123668326 -0.8598435283279404, 56.800932088984176 -0.8574822574348243, 56.80519915923864 -0.8551211761806724, 56.809466336152525 -0.8527602876970273, 56.813733621446474 -0.8503995951153209, 56.8180010168411 -0.8480391015669898, 56.82226852405703 -0.8456788101834394, 56.82653614481299 -0.8433187240948851, 56.830803880825236 -0.8409588464299231, 56.83507173380982 -0.8385991803170266, 56.83933970548279 -0.8362397288846736, 56.84360779756016 -0.8338804952613211, 56.84787601175621 -0.8315214825744338, 56.8521443497826 -0.8291626939499839, 56.856412813350765 -0.8268041325138173, 56.8606814041721 -0.8244458013917793, 56.864950123958046 -0.8220877037097074, 56.86921897441834 -0.8197298425926277, 56.873487957260025 -0.8173722211642114, 56.87775707418984 -0.815014842548004, 56.88202632691457 -0.8126577098675485, 56.88629571714093 -0.8103008262463806, 56.890565246574184 -0.8079441948073994, 56.89483491691666 -0.8055878186722983, 56.899104729870395 -0.8032317009626393, 56.903374687137486 -0.8008758447999877, 56.90764479041991 -0.7985202533059014, 56.91191504141837 -0.7961649296014309, 56.91618544183041 -0.7938098768065514, 56.92045599335334 -0.7914550980410979, 56.92472669768442 -0.78910059642491, 56.92899755652087 -0.7867463750778227, 56.93326857155871 -0.7843924371193426, 56.93753974449086 -0.7820387856681914, 56.94181107700986 -0.7796854238429712, 56.94608257080819 -0.7773323547622846, 56.95035422757837 -0.7749795815447367, 56.95462604901178 -0.7726271073086821, 56.95889803679657 -0.7702749351717921, 56.963170192620396 -0.7679230682516255, 56.96744251817092 -0.7655715096657377, 56.97171501513579 -0.7632202625316836, 56.97598768520163 -0.7608693299668741, 56.98026053005182 -0.7585187150882428, 56.984533551369125 -0.756168421012631, 56.98880675083626 -0.7538184508568824, 56.993080130136 -0.751468807737837, 56.99735369095016 -0.7491194947722639, 57.00162743495733 -0.7467705150766563, 57.005901363835314 -0.7444218717674419, 57.010175479261854 -0.742073567961052, 57.01444978291476 -0.739725606773915, 57.018724276471055 -0.7373779913224426, 57.0229989616044 -0.735030724722977, 57.027273839987615 -0.7326838100918373, 57.03154891329344 -0.7303372505453423, 57.03582418319467 -0.7279910491998146, 57.040099651363406 -0.7256452091715974, 57.04437531946846 -0.7232997335771592, 57.04865118917752 -0.7209546255330112, 57.05292726215829 -0.718609888155662, 57.05720354007851 -0.7162655245616201, 57.06148002460531 -0.7139215378674488, 57.06575671740254 -0.7115779311900257, 57.070033620132776 -0.7092347076463488, 57.07431073445862 -0.7068918703534197, 57.07858806204262 -0.704549422428235, 57.08286560454694 -0.7022073669878625, 57.08714336363042 -0.6998657071498531, 57.09142134095047 -0.6975244460319749, 57.09569953816445 -0.6951835867520012, 57.099977956929784 -0.6928431324277006, 57.104256598903454 -0.690503086176917, 57.10853546573934 -0.6881634511181638, 57.11281455908963 -0.6858242303703019, 57.11709388060641 -0.6834854270521955, 57.12137343194186 -0.6811470442827116, 57.12565321474785 -0.6788090851807863, 57.129933230673174 -0.6764715528661466, 57.13421348136467 -0.6741344504590152, 57.13849396846916 -0.6717977810796194, 57.142774693633534 -0.6694615478481867, 57.14705565850438 -0.6671257538850114, 57.15133686472538 -0.6647904023112814, 57.15561831393799 -0.6624554962488435, 57.15990000778371 -0.6601210388195641, 57.164181947903984 -0.6577870331453044, 57.168464135940084 -0.6554534823479845, 57.172746573530496 -0.6531203895504999, 57.177029262311315 -0.6507877578766003, 57.18131220391853 -0.6484555904500657, 57.18559539998812 -0.646123890394674, 57.18987885215596 -0.6437926608342448, 57.194162562055325 -0.6414619048936335, 57.1984465313168 -0.6391316256987594, 57.20273076157087 -0.6368018263755901, 57.20701525444794 -0.6344725100500965, 57.21130001157845 -0.6321436798482775, 57.215585034590376 -0.629815338897188, 57.219870325108715 -0.6274874903251849, 57.22415588475833 -0.6251601372607013, 57.22844171516408 -0.6228332828321704, 57.232727817950746 -0.6205069301680488, 57.23701419474098 -0.6181810823978308, 57.2413008471542 -0.6158557426525455, 57.245587776809636 -0.6135309140633415, 57.24987498532643 -0.6112065997613674, 57.2541624743238 -0.6088828028777865, 57.258450245418906 -0.6065595265447888, 57.262738300225394 -0.6042367738963841, 57.26702664035658 -0.6019145480667702, 57.27131526742575 -0.5995928521901431, 57.27560418304622 -0.5972716894007031, 57.2798933888297 -0.5949510628335545, 57.28418288638454 -0.5926309756257266, 57.288472677318694 -0.5903114309144978, 57.292762763240106 -0.587992431837149, 57.29705314575671 -0.5856739815309607, 57.30134382647456 -0.5833560831343197, 57.30563480699478 -0.5810387397885097, 57.30992608891775 -0.578721954635278, 57.3142176738438 -0.5764057308163717, 57.31850956337332 -0.5740900714735415, 57.32280175910664 -0.5717749797485339, 57.327094262644145 -0.5694604587830994, 57.331387075586164 -0.5671465117189849, 57.33568019953308 -0.5648331416979386, 57.33997363608522 -0.5625203518617113, 58.420736229851585 -2.3310901627943577, 58.4164345441705 -2.33399132471463, 58.412133427209326 -2.3368933296643633, 58.407832876122086 -2.339796173096352, 58.403532888062784 -2.3426998504633962, 58.399233460185435 -2.3456043572182956, 58.39493458964402 -2.3485096888138455, 58.39063627359261 -2.351415840702847, 58.38633850918518 -2.3543228083380967, 58.382041293575746 -2.357230587172393, 58.37774462391851 -2.3601391726598777, 58.37344849737101 -2.3630485602765363, 58.36915291109347 -2.365958745516148, 58.36485786224615 -2.368869723873006, 58.36056334798936 -2.371781490841402, 58.35626936548392 -2.3746940419187554, 58.35197591189361 -2.3776073726216, 58.34768298438341 -2.3805214784736957, 58.34339058011832 -2.3834363549988207, 58.33909869626326 -2.386351997720765, 58.33480732998452 -2.3892684021710298, 58.33051647845168 -2.392185563901794, 58.326226138834954 -2.395103478468668, 58.32193630830449 -2.398022141427254, 58.31764698403053 -2.4009415483334995, 58.31335816318548 -2.403861694756048, 58.309069842944474 -2.4067825762797894, 58.30478202048286 -2.409704188490682, 58.30049469297599 -2.4126265269746785, 58.296207857599434 -2.4155495873192376, 58.29192151153184 -2.4184733651290387, 58.28763565195373 -2.421397856019754, 58.283350276045724 -2.4243230556072373, 58.279065380988435 -2.4272489595073434, 58.274780963963124 -2.4301755633398345, 58.270497022154665 -2.433102862743792, 58.26621355274891 -2.4360308533642425, 58.26193055293178 -2.438959530846214, 58.25764801988921 -2.441888890834768, 58.253365950808536 -2.444818928982745, 58.24908434288059 -2.4477496409611272, 58.24480319329658 -2.450681022443479, 58.24052249924787 -2.4536130691033673, 58.236242257925724 -2.4565457766147314, 58.231962466523896 -2.459479140663691, 58.22768312223895 -2.4624131569508503, 58.22340422226754 -2.465347821177659, 58.219125763806424 -2.4682831290455693, 58.21484774405257 -2.471219076257441, 58.210570160206174 -2.4741556585319273, 58.20629300946933 -2.477092871597582, 58.202016289044316 -2.4800307111831117, 58.197739996133286 -2.482969173017222, 58.19346412793916 -2.4859082528320284, 58.18918868166845 -2.4888479463771884, 58.18491365452891 -2.491788249407995, 58.18063904372824 -2.4947291576797452, 58.176364846474165 -2.497670666947747, 58.1720910599758 -2.500612772973831, 58.167817681445825 -2.5035554715365937, 58.16354470809759 -2.5064987584172944, 58.15927213714433 -2.5094426293971894, 58.15499996579939 -2.5123870802577684, 58.150728191278354 -2.515332106790655, 58.14645681079988 -2.518277704801426, 58.14218582158287 -2.521223870096663, 58.1379152208462 -2.524170598482954, 58.13364500580895 -2.527117885767785, 58.12937517369329 -2.5300657277719742, 58.12510572172368 -2.533014120326554, 58.120836647124634 -2.535963059262814, 58.116567947120686 -2.5389125404120425, 58.11229961893691 -2.5418625596077504, 58.10803165980196 -2.544813112698802, 58.103764066946034 -2.547764195540545, 58.099496837599325 -2.5507158039883544, 58.095229968992065 -2.553667933897607, 58.09096345835548 -2.556620581128006, 58.086697302924634 -2.5595737415548814, 58.08243149993543 -2.56252741105708, 58.078166046623814 -2.565481585513448, 58.07390094022564 -2.5684362608028857, 58.069636177978666 -2.571391432811401, 58.065371757124105 -2.574347097439036, 58.06110767490356 -2.5773032505874793, 58.05684392855867 -2.5802598881584182, 58.05258051533116 -2.5832170060538786, 58.04831743246531 -2.5861746001858568, 58.044054677208436 -2.589132666477766, 58.03979224680796 -2.592091200853651, 58.03553013851137 -2.595050199237556, 58.031268349566346 -2.5980096575544986, 58.02700687722385 -2.6009695717416883, 58.02274571873702 -2.6039299377446135, 58.01848487135906 -2.6068907515089124, 58.01422433234314 -2.6098520089802286, 58.00996409894303 -2.6128137061063046, 58.00570416841624 -2.615775838848435, 58.001444538021744 -2.618738403173312, 57.99718520501851 -2.6217013950476384, 57.99292616666553 -2.624664810438114, 57.98866742022287 -2.627628645315202, 57.984408962954404 -2.630592895662983, 57.98015079212498 -2.6335575574686367, 57.97589290499937 -2.636522626719338, 57.9716352988424 -2.6394880994022945, 57.967377970920566 -2.6424539715105713, 57.963120918504046 -2.645420239049648, 57.95886413886347 -2.6483868980265863, 57.95460762926945 -2.65135394444845, 57.95035138699268 -2.65432137432251, 57.946095409306274 -2.6572891836640267, 57.94183969348649 -2.6602573684986788, 57.93758423680979 -2.663225924852841, 57.93332903655266 -2.6661948487528875, 57.92907408999172 -2.6691641362257865, 57.92481939440672 -2.6721337833083423, 57.920564947079896 -2.6751037860454216, 57.91631074529362 -2.678074140482135, 57.91205678633018 -2.681044842663591, 57.907803067472315 -2.6840158886361603, 57.90354958600635 -2.686987274457319, 57.899296339220456 -2.6899589961902852, 57.89504332440282 -2.692931049898333, 57.8907905388416 -2.6959034316447346, 57.88653797982578 -2.6988761374950108, 57.88228564464816 -2.701849163526306, 57.87803353060279 -2.7048225058195037, 57.8737816349838 -2.7077961604554868, 57.86952995508523 -2.7107701235151405, 57.865278488202364 -2.7137443910829435, 57.86102723163455 -2.7167189592547345, 57.85677618268184 -2.7196938241285964, 57.85252533864426 -2.72266898180261, 57.84827469682192 -2.7256444283748906, 57.84402425451666 -2.7286201599485698, 57.839774009033874 -2.7315961726368445, 57.835523957679435 -2.734572462554114, 57.83127409775915 -2.7375490258147814, 57.82702442657894 -2.740525858533408, 57.82277494144711 -2.7435029568310974, 57.81852563967517 -2.7464803168376286, 57.81427651857495 -2.749457934683373, 57.81002757545815 -2.7524358064987027, 57.80577880763669 -2.7554139284144026, 57.801530212425504 -2.758392296569028, 57.79728178714211 -2.7613709071080854, 57.79303352910418 -2.764349756177326, 57.78878543562934 -2.767328839922496, 57.78453750403559 -2.7703081544901584, 57.78028973164435 -2.773287696035569, 57.77604211577914 -2.776267460719254, 57.771794653763536 -2.7792474447018183, 57.76754734292108 -2.7822276441438674, 57.763300180575875 -2.7852080552073715, 57.759053164055885 -2.7881886740634787, 57.754806290690524 -2.7911694968870897, 57.75055955780929 -2.794150519853115, 57.74631296274164 -2.7971317391364687, 57.74206650281791 -2.8001131509141564, 57.73782017537247 -2.80309475137237, 57.733573977740654 -2.8060765366998104, 57.729327907257854 -2.809058503085174, 57.725081961259455 -2.8120406467171657, 57.720836137082145 -2.8150229637874444, 57.71659043206653 -2.818005450496346, 57.71234484355388 -2.820988103045792, 57.70809936888545 -2.8239709176377077, 57.70385400540253 -2.826953890474039, 57.69960875044826 -2.8299370177606527, 57.69536360136944 -2.832920295711355, 57.6911185555134 -2.835903720540913, 57.68687361022735 -2.8388872884640954, 57.68262876285867 -2.8418709956957677, 57.678384010756986 -2.8448548384555745, 57.67413935127533 -2.8478388129700636, 57.66989478176696 -2.8508229154663196, 57.66565029958516 -2.8538071421714224, 57.66140590208331 -2.856791489312674, 57.65716158661748 -2.859775953122749, 57.6529173505466 -2.86276052983996, 57.64867319122973 -2.8657452157028795, 57.64442910602593 -2.8687300069500785, 57.64018509229444 -2.871714899820537, 57.63594114739775 -2.8746998905593024, 57.631697268700876 -2.877684975416069, 57.62745345356876 -2.880670150640651, 57.62320969936647 -2.883655412482867, 57.61896600345941 -2.8866407571931827, 57.61472236321646 -2.889626181028439, 57.610478776008556 -2.8926116802490816, 57.60623523920665 -2.895597251115591, 57.60199175018165 -2.8985828898884494, 57.59774830630508 -2.9015685928291033, 57.59350490495225 -2.9045543562055074, 57.58926154350003 -2.9075401762883253, 57.58501821932533 -2.910526049348226, 57.580774929804974 -2.9135119716558795, 57.576531672316726 -2.9164979394832757, 57.57228844424219 -2.9194839491088125, 57.56804524296416 -2.922469996812842, 57.5638020658655 -2.92545607887572, 57.55955891032905 -2.9284421915777967, 57.5553157737387 -2.9314283312011398, 57.551072653482365 -2.934414494033942, 57.54682954694884 -2.937400676365758, 57.542586451526915 -2.9403868744861468, 57.53834336460534 -2.943373084684669, 57.53410028357437 -2.9463593032529953, 57.52985720582809 -2.9493455264884165, 57.52561412876118 -2.952331750689147, 57.52137104976835 -2.955317972153397, 57.51712796624434 -2.9583041871794027, 57.51288487558569 -2.9612903920679603, 57.50864177519279 -2.9642765831250673, 57.504398662466414 -2.967262756657355, 57.500155534807384 -2.970248908971448, 57.495912389616535 -2.973235036374024, 57.4916692242969 -2.976221135174619, 57.48742603625504 -2.979207201687278, 57.48318282289773 -2.9821932322264453, 57.478939581631835 -2.9851792231065652, 57.47469630986423 -2.9881651706421626, 57.47045300500433 -2.9911510711507545, 57.46620966446452 -2.994136920953571, 57.461966285657496 -2.997122716372071, 57.45772286599586 -3.0001084537277167, 57.45347940289239 -3.003094129342119, 57.44923589376276 -3.006079739540178, 57.444992336025514 -3.0090652806500784, 57.440748727099326 -3.0120507490001436, 57.436505064402894 -3.0150361409186934, 57.43226134535506 -3.018021452734264, 57.42801756737791 -3.0210066807787332, 57.42377372789606 -3.023991821386662, 57.419529824334155 -3.0269768708926836, 57.415285854116874 -3.0299618256314287, 57.411041814669225 -3.0329466819378212, 57.40679770341959 -3.0359314361501446, 57.40255351779865 -3.0389160846088656, 57.398309255237095 -3.04190062365449, 57.39406491316561 -3.044885049627522, 57.38982048901534 -3.0478693588688315, 57.38557598022103 -3.0508535477225713, 57.3813313842194 -3.053837612534634, 57.37708669844721 -3.0568215496509215, 57.37284192034118 -3.0598053554173403, 57.36859704733858 -3.062789026180242, 57.36435207688056 -3.065772558289126, 57.360107006409905 -3.0687559480948576, 57.35586183336943 -3.071739191948306, 57.35161655520191 -3.0747222862003367, 57.34737116935085 -3.0777052272023337, 57.34312567326373 -3.0806880113085984, 57.33888006438937 -3.083670634874471, 57.33463434017663 -3.086653094255289, 57.33038849807438 -3.0896353858063934, 57.32614253553238 -3.0926175058837155, 57.3218964500044 -3.095599450845943, 57.3176502389455 -3.098581217052565, 57.313403899810716 -3.1015628008630753, 57.30915743005505 -3.1045441986369657, 57.30491082713461 -3.107525406734399, 57.300664088509755 -3.1105064215181435, 57.29641721164185 -3.1134872393515973, 57.29217019399219 -3.1164678565981494, 57.287923033022196 -3.119448269621199, 57.28367572619438 -3.1224284747847038, 57.2794282709752 -3.125408468454444, 57.275180664831844 -3.128388246996567, 57.270932905231504 -3.1313678067772215, 57.26668498964143 -3.1343471441625534, 57.26243691553029 -3.1373262555193895, 57.25818868037088 -3.1403051372164006, 57.253940281636616 -3.1432837856225726, 57.249691716801 -3.1462621971068923, 57.24544298333746 -3.149240368038344, 57.241194078721165 -3.152218294786537, 57.23694500043118 -3.1551959737225324, 57.23269574594716 -3.158173401217595, 57.22844631274877 -3.161150573642993, 57.224196698315644 -3.164127487369999, 57.21994690012937 -3.1671041387704557, 57.21569691567535 -3.1700805242173726, 57.211446742439506 -3.173056640083904, 57.20719637790772 -3.1760324827431967, 57.20294581956591 -3.1790080485684076, 57.1986950649021 -3.181983333933187, 57.19444411140809 -3.1849583352120563, 57.19019295657605 -3.18793304877963, 57.185941597898164 -3.1909074710105196, 57.18169003286665 -3.1938815982793463, 57.17743825897601 -3.196855426961107, 57.17318627372444 -3.199828953431388, 57.16893407461041 -3.2028021740658317, 57.164681659132434 -3.205775085240079, 57.16042902478903 -3.2087476833297743, 57.15617616908128 -3.2117199647108245, 57.15192308951376 -3.214691925759502, 57.147669783591375 -3.2176635628521035, 57.143416248818994 -3.2206348723649287, 57.139162482701536 -3.2236058506742786, 57.13490848274664 -3.226576494156494, 57.130654246465284 -3.229546799187972, 57.12639977136864 -3.2325167621451127, 57.12214505496794 -3.2354863794043167, 57.117890094774474 -3.2384556473419868, 57.113634888302585 -3.2414245623346796, 57.10937943307009 -3.2443931207591152, 57.10512372659504 -3.2473613189920325, 57.10086776639542 -3.250329153410158, 57.09661154998939 -3.2532966203902114, 57.092355074897995 -3.256263716308458, 57.088098338645366 -3.259230437540687, 57.083841338755775 -3.2621967804626677, 57.07958407275348 -3.26516274145017, 57.07532653816292 -3.268128316878937, 57.071068732511634 -3.271093503124204, 57.066810653330336 -3.2740582965607143, 57.062552298149804 -3.2770226935631848, 57.05829366450084 -3.279986690506336, 57.05403474991439 -3.282950283764856, 57.049775551924775 -3.2859134697127277, 57.04551606806931 -3.2888762447233213, 57.041256295885404 -3.2918386051699806, 57.03699623291046 -3.2948005474260462, 57.032735876682146 -3.2977620678648125, 57.02847522474152 -3.300723162858639, 57.02421427463258 -3.303683828779117, 57.01995302389944 -3.3066440619978104, 57.01569147008618 -3.3096038588862817, 57.01142961073717 -3.3125632158160214, 57.007167443400306 -3.315522129157368, 57.002904965626364 -3.318480595279742, 56.998642174966186 -3.321438610552547, 56.994379068970616 -3.3243961713451817, 56.99011564519078 -3.3273532740269496, 56.985851901181455 -3.330309914965766, 56.98158783450025 -3.3332660905285136, 56.977323442704815 -3.3362217970820454, 56.97305872335284 -3.339177030993219, 56.96879367400224 -3.342131788628769, 56.96452829221478 -3.3450860663537982, 56.96026257555496 -3.3480398605322574, 56.95599652158731 -3.3509931675280717, 56.95173012787638 -3.35394598370516, 56.94746339198701 -3.3568983054273036, 56.94319631148799 -3.359850129056435, 56.938928883950815 -3.3628014509532385, 56.934661106947004 -3.3657522674783715, 56.93039297804806 -3.3687025749924873, 56.92612449482588 -3.371652369856066, 56.92185565485625 -3.3746016484274306, 56.917586455717675 -3.3775504070634867, 56.91331689498862 -3.380498642121115, 56.90904697024756 -3.383446349957198, 56.90477667907343 -3.386393526928444, 56.90050601904937 -3.389340169389576, 56.89623498776141 -3.392286273694053, 56.89196358279555 -3.3952318361953084, 56.88769180173785 -3.3981768532467815, 56.88341964217468 -3.401121321201655, 56.87914710169642 -3.404065236410278, 56.874874177895954 -3.407008595221241, 56.87060086836619 -3.409951393983108, 56.86632717070004 -3.412893629044436, 56.8620530824908 -3.4158352967535346, 56.85777860133607 -3.4187763934559334, 56.85350372483601 -3.4217169154954665, 56.84922845059084 -3.4246568592159417, 56.844952776200785 -3.427596220961164, 56.840676699266474 -3.430534997074664, 56.836400217392864 -3.4334731838969863, 56.83212332818753 -3.436410777766862, 56.82784602925813 -3.4393477750230037, 56.823568318212295 -3.4422841720041197, 56.819290192658066 -3.4452199650486177, 56.815011650207865 -3.44815515049171, 56.81073268847682 -3.451089724666682, 56.806453305080076 -3.4540236839067893, 56.80217349763276 -3.4569570245452925, 56.79789326375039 -3.45988974291513, 56.793612601053056 -3.462821835345844, 56.78933150716344 -3.4657532981649317, 56.7850499797043 -3.468684127699856, 56.78076801629842 -3.4716143202780883, 56.77648561456891 -3.4745438722267585, 56.77220277214352 -3.477472779869413, 56.767919486652694 -3.4804010395274263, 56.763635755726895 -3.483328647522138, 56.759351576996636 -3.486255600174887, 56.75506694809278 -3.4891818938066668, 56.75078186665082 -3.4921075247347035, 56.746496330309064 -3.4950324892738975, 56.74221033670578 -3.497956783739118, 56.73792388347934 -3.500880404445235, 56.73363696826846 -3.5038033477067643, 56.72934958871652 -3.5067256098343003, 56.725061742469734 -3.5096471871359762, 56.720773427174436 -3.5125680759198854, 56.716484640476914 -3.515488272494125, 56.712195380023864 -3.5184077731664334, 56.70790564346663 -3.521326574240418, 56.7036154284595 -3.524244672017043, 56.699324732656834 -3.5271620627972213, 56.69503355371296 -3.5300787428818725, 56.690741889282656 -3.5329947085715734, 56.686449737025384 -3.5359099561627847, 56.68215709460388 -3.5388244819492627, 56.677863959680806 -3.5417382822247077, 56.6735703299189 -3.544651353282821, 56.66927620298126 -3.5475636914169684, 56.66498157653577 -3.550475292916275, 56.6606864482536 -3.553386154066957, 56.65639081580595 -3.5562962711551784, 56.65209467686403 -3.5592056404671033, 56.64779802909942 -3.5621142582885366, 56.643500870188205 -3.565022120900553, 56.63920319780969 -3.5679292245808543, 56.63490500964328 -3.5708355656070654, 56.6306063033684 -3.5737411402568178, 56.62630707666475 -3.5766459448074217, 56.622007327216835 -3.579549975531693, 56.61770705271267 -3.5824532286990958, 56.61340625084039 -3.5853557005790124, 56.6091049192881 -3.5882573874408252, 56.60480305574424 -3.5911582855536164, 56.60050065790195 -3.5940583911818154, 56.59619772345796 -3.5969577005862066, 56.59189425010924 -3.599856210027482, 56.58759023555264 -3.6027539157663253, 56.58328567748534 -3.605650814063147, 56.57898057360921 -3.608546901173676, 56.57467492162995 -3.61144217334976, 56.57036871925345 -3.6143366268431367, 56.56606196418554 -3.617230257905541, 56.56175465413234 -3.620123062788449, 56.557446786804576 -3.6230150377386314, 56.55313835991708 -3.625906178998715, 56.5488293711848 -3.628796482811182, 56.54451981832271 -3.631685945418519, 56.54020969904604 -3.634574563062981, 56.53589901107451 -3.6374623319821158, 56.531587752132204 -3.6403492484090485, 56.52727591994342 -3.643235308576736, 56.52296351223236 -3.646120508718135, 56.518650526723476 -3.6490048450660004, 56.51433696114576 -3.6518883138483984, 56.51002281323268 -3.6547709112886815, 56.50570808071796 -3.657652633609996, 56.501392761335296 -3.6605334770354845, 56.497076852818566 -3.6634134377881193, 56.49276035290607 -3.6662925120862377, 56.48844325934089 -3.6691706961431514, 56.48412556986637 -3.6720479861719233, 56.47980728222589 -3.674924378385621, 56.47548839416287 -3.6777998689971536, 56.47116890342517 -3.6806744542148926, 56.46684880776565 -3.683548130241866, 56.462528104937455 -3.6864208932807925, 56.458206792693794 -3.6892927395343995, 56.4538848687879 -3.692163665205288, 56.449562330977294 -3.6950336664916033, 56.44523917702476 -3.6979027395858064, 56.44091540469349 -3.7007708806799813, 56.43659101174661 -3.7036380859662135, 56.432265995947375 -3.7065043516365037, 56.42794035506326 -3.7093696738787374, 56.42361408686752 -3.7122340488750694, 56.41928718913385 -3.7150974728072272, 56.414959659636 -3.7179599418569365, 56.41063149614768 -3.72082145220585, 56.40630269644643 -3.723682000031272, 56.40197325831555 -3.726541581503831, 56.39764317953877 -3.7294001927935914, 56.39331245789984 -3.7322578300706164, 56.388981091182586 -3.7351144895049173, 56.3846490771745 -3.7379701672625876, 56.380316413669476 -3.740824859503066, 56.375983098461866 -3.7436785623851443, 56.371649129346146 -3.746531272067621, 56.36731450411679 -3.7493829847092526, 56.362979220571766 -3.7522336964650593, 56.35864327651557 -3.7550834034830074, 56.3543066697535 -3.7579321019102743, 56.34996939809079 -3.7607797878940428, 56.34563145933275 -3.763626457581476, 56.3412928512879 -3.766472107116238, 56.336953571771716 -3.76931673263463, 56.3326136186005 -3.7721603302720177, 56.32827298959063 -3.775002896163764, 56.32393168255838 -3.7778444264452213, 56.319589695323145 -3.7806849172485126, 56.31524702571151 -3.7835243646980703, 56.31090367155106 -3.7863627649172162, 56.306559630669426 -3.7892001140292706, 56.30221490089422 -3.792036408157547, 56.29786948005588 -3.7948716434224052, 56.29352336599225 -3.7977058159362347, 56.28917655654251 -3.8005389218101, 56.28482904954575 -3.8033709571550616, 56.28048084284117 -3.8062019180821802, 56.276131934270424 -3.809031800699848, 56.2717823216829 -3.8118606011082257, 56.26743200292953 -3.8146883154059, 56.2630809758612 -3.817514939691457, 56.258729238328826 -3.8203404700634844, 56.25437678818557 -3.8231649026181866, 56.25002362329257 -3.825988233443351, 56.24566974151277 -3.8288104586249014, 56.24131514070907 -3.8316315742487563, 56.23695981874443 -3.8344515764008413, 56.232603773483746 -3.8372704611649855, 56.228247002800096 -3.840088224616429, 56.22388950456868 -3.842904862828217, 56.21953127666469 -3.8457203718733926, 56.215172316963304 -3.8485347478250005, 56.210812623341404 -3.8513479867542704, 56.20645219368431 -3.854160084723791, 56.202091025879696 -3.8569710377935715, 56.19772911781534 -3.859780842023628, 56.19336646737895 -3.862589493473965, 56.18900307245973 -3.865396988203036, 56.18463893095527 -3.868203322260568, 56.18027404076602 -3.87100849169325, 56.17590839979251 -3.873812492547783, 56.17154200593514 -3.876615320870855, 56.1671748570957 -3.879416972707884, 56.16280695118447 -3.882217444095881, 56.15843828611518 -3.8850167310684536, 56.154068859801576 -3.8878148296591952, 56.1496986701574 -3.8906117359017016, 56.14532771509745 -3.8934074458284877, 56.140955992544825 -3.8962019554635483, 56.13658350042654 -3.8989952608268563, 56.13221023666966 -3.9017873579383595, 56.1278361992012 -3.9045782428180016, 56.12346138594907 -3.907367911484852, 56.11908579484929 -3.9101563599495726, 56.11470942384231 -3.9129435842181923, 56.11033227086872 -3.9157295802966976, 56.10595433386899 -3.918514344191062, 56.101575610784415 -3.9212978719065905, 56.097196099564144 -3.924080159440647, 56.09281579816266 -3.926861202785475, 56.088434704534436 -3.9296409979332334, 56.084052816634006 -3.9324195408760807, 56.079670132416354 -3.9351968276056484, 56.07528664984426 -3.9379728541059618, 56.0709023668863 -3.940747616355285, 56.066517281511224 -3.9435211103317394, 56.06213139168772 -3.9462933320134437, 56.05774469538495 -3.9490642773781413, 56.05335719057938 -3.9518339423963855, 56.04896887525407 -3.9546023230323657, 56.04457974739229 -3.957369415250042, 56.040189804977295 -3.96013521501338, 56.03579904599265 -3.962899718286079, 56.03140746842883 -3.9656629210251375, 56.027015070283646 -3.968424819180574, 56.02262184955522 -3.9711854087020777, 56.018227804241675 -3.973944685539332, 56.01383293234132 -3.9767026456418484, 56.009437231858975 -3.979459284952984, 56.00504070080742 -3.982214599408496, 56.00064333719997 -3.9849685849436716, 55.99624513904992 -3.9877212374938007, 55.99184610437068 -3.990472552994061, 55.98744623118164 -3.993222527374066, 55.983045517510895 -3.9959711565552576, 55.97864396138726 -3.998718436458421, 55.97424156083954 -4.001464363004352, 55.96983831389661 -4.0042089321137775, 55.965434218592705 -4.006952139702468, 55.961029272971516 -4.009693981677495, 55.956623475077706 -4.012434453945042, 55.952216822955904 -4.015173552411295, 55.94780931465079 -4.017911272982417, 55.94340094821183 -4.020647611560236, 55.93899172169854 -4.02338256403742, 55.93458163317177 -4.026116126305475, 55.93017068069235 -4.028848294255903, 55.9257588623211 -4.031579063780201, 55.92134617612302 -4.03430843076616, 55.91693262017377 -4.037036391092024, 55.91251819255071 -4.039762940634538, 55.90810289133122 -4.042488075270436, 55.903686714592645 -4.045211790876453, 55.899269660415875 -4.04793408332623, 55.89485172689293 -4.050654948483598, 55.89043291211811 -4.05337438221046, 55.88601321418561 -4.05609238036872, 55.88159263118969 -4.058808938820274, 55.87717116122754 -4.0615240534245, 55.87274880240778 -4.064237720030845, 55.86832555284196 -4.066949934486331, 55.863901410641596 -4.069660692637974, 55.85947637391813 -4.072369990332791, 55.85505044078549 -4.075077823415778, 55.85062360936919 -4.077784187722015, 55.84619587779832 -4.0804890790835575, 55.84176724420202 -4.083192493332452, 55.83733770670932 -4.085894426300748, 55.832907263451304 -4.088594873818958, 55.828475912570696 -4.091293831708059, 55.82404365221476 -4.0939912957854165, 55.819610480530784 -4.096687261868383, 55.815176395666 -4.0993817257743075, 55.81074139576914 -4.102074683319331, 55.80630547900027 -4.104766130310032, 55.80186864352478 -4.107456062548476, 55.797430887508156 -4.110144475836702, 55.792992209115816 -4.112831365976745, 55.78855260651431 -4.115516728769776, 55.78411207788131 -4.118200560008101, 55.779670621400975 -4.120882855478837, 55.77522823525753 -4.123563610969038, 55.77078491763522 -4.126242822265759, 55.76634066671909 -4.128920485155445, 55.7618954807047 -4.131596595416237, 55.75744935779528 -4.134271148820283, 55.75300229619423 -4.136944141139593, 55.74855429410495 -4.139615568146177, 55.744105349731356 -4.142285425611649, 55.73965546128724 -4.144953709300018, 55.7352046269953 -4.1476204149685145, 55.73075284507843 -4.150285538374132, 55.72630011375966 -4.152949075273863, 55.721846431262236 -4.155611021424454, 55.71739179581854 -4.15827137257582, 55.71293620567099 -4.160930124470338, 55.70847965906253 -4.163587272849993, 55.704022154236085 -4.1662428134567655, 55.69956368943474 -4.168896742032501, 55.69510426290981 -4.171549054313053, 55.690643872923786 -4.174199746026015, 55.68618251773999 -4.176848812898389, 55.681720195621715 -4.179496250657174, 55.6772569048324 -4.182142055029304, 55.67279264364261 -4.184786221736576, 55.66832741033521 -4.187428746491935, 55.663861203194394 -4.190069625007444, 55.659394020504244 -4.192708852995171, 55.654925860548936 -4.195346426167161, 55.650456721618745 -4.197982340231169, 55.645986602017274 -4.2006165908856, 55.64151550004989 -4.2032491738276265, 55.637043414021946 -4.205880084754417, 55.632570342238814 -4.208509319363141, 55.62809628301093 -4.211136873347499, 55.62362123466288 -4.213762742391526, 55.61914519552167 -4.21638692217757, 55.61466816391434 -4.219009408387978, 55.61019013816795 -4.221630196705101, 55.60571111661356 -4.224249282808589, 55.60123109759701 -4.226866662368268, 55.59675007946739 -4.229482331051736, 55.592268060573886 -4.232096284526598, 55.58778503926564 -4.234708518460449, 55.58330101389491 -4.237319028518849, 55.57881598282899 -4.239927810357629, 55.574329944439555 -4.242534859629728, 55.569842897098326 -4.24514017198809, 55.56535483917696 -4.247743743085659, 55.56086576904957 -4.250345568573875, 55.55637568510505 -4.252945644094783, 55.55188458573812 -4.255543965286773, 55.54739246934347 -4.2581405277882265, 55.542899334315834 -4.260735327237532, 55.538405179051594 -4.26332835927202, 55.53391000196164 -4.265919619520138, 55.52941380146403 -4.268509103605857, 55.524916575977 -4.271096807153122, 55.52041832391869 -4.273682725785875, 55.515919043708436 -4.276266855127355, 55.51141873377932 -4.2788491907926, 55.50691739257327 -4.281429728391324, 55.502415018532396 -4.284008463533157, 55.4979116100988 -4.286585391827718, 55.493407165715304 -4.289160508884201, 55.48890168383752 -4.29173381030441, 55.48439516293159 -4.294305291683983, 55.47988760146402 -4.296874948618375, 55.4753789979013 -4.2994427767030405, 55.47086935071035 -4.302008771533181, 55.466358658369614 -4.3045729286975325, 55.46184691936985 -4.307135243777868, 55.45733413220243 -4.3096957123556265, 55.45282029535869 -4.312254330012242, 55.44830540733024 -4.314811092329028, 55.44378946661875 -4.317365994881781, 55.4392724717399 -4.319919033238643, 55.43475442121038 -4.322470202967184, 55.43023531354692 -4.325019499634983, 55.42571514726633 -4.327566918809567, 55.42119392089396 -4.33011245605394, 55.416671632970775 -4.332656106922925, 55.4121482820393 -4.335197866970477, 55.407623866642126 -4.3377377317505585, 55.40309838532183 -4.340275696817111, 55.39857183662806 -4.342811757720491, 55.39404421912721 -4.345345910002448, 55.38951553138816 -4.347878149203472, 55.38498577197983 -4.350408470864057, 55.380454939471065 -4.352936870524689, 55.37592303243629 -4.355463343723122, 55.37139004946759 -4.357987885988281, 55.366855989160655 -4.360510492847326, 55.36232085011113 -4.363031159827424, 55.35778463091466 -4.365549882455727, 55.35324733017109 -4.368066656257422, 55.34870894649838 -4.370581476749024, 55.34416947851953 -4.373094339444674, 55.33962892485755 -4.375605239858519, 55.335087284135334 -4.3781141735047004, 55.330544554978914 -4.380621135895981, 55.32600073603232 -4.38312612253681, 55.32145582594634 -4.385629128928545, 55.31690982337173 -4.38813015057253, 55.31236272695933 -4.390629182970119, 55.307814535361935 -4.393126221621744, 55.303265247249854 -4.395621262020125, 55.29871486130211 -4.39811429965411, 55.29416337619782 -4.400605330012516, 55.289610790616074 -4.403094348584157, 55.285057103237314 -4.4055813508572905, 55.280502312758294 -4.408066332313212, 55.27594641788672 -4.410549288428557, 55.27138941733054 -4.413030214679874, 55.26683130979767 -4.415509106543711, 55.26227209399681 -4.417985959496295, 55.25771176865152 -4.420460769007804, 55.25315033249857 -4.4229335305429975, 55.2485877842752 -4.425404239566448, 55.24402412271874 -4.427872891542732, 55.23945934656682 -4.430339481936262, 55.2348934545701 -4.432804006206357, 55.2303264454948 -4.435266459806273, 55.225758318108056 -4.437726838188906, 55.221189071176944 -4.440185136807151, 55.21661870346878 -4.442641351113845, 55.21204721376182 -4.445095476557703, 55.20747460085198 -4.447547508580857, 55.202900863536726 -4.449997442624836, 55.19832600061357 -4.452445274131178, 55.19375001087998 -4.454890998541404, 55.189172893142434 -4.457334611293855, 55.184594646226756 -4.459776107819957, 55.18001526896126 -4.462215483550222, 55.17543476017438 -4.464652733915159, 55.17085311869445 -4.46708785434528, 55.1662703433567 -4.469520840268775, 55.16168643301704 -4.471951687106798, 55.15710138653522 -4.474380390279185, 55.15251520277104 -4.476806945205771, 55.147927880584284 -4.479231347306391, 55.143339418839716 -4.48165359199927, 55.13874981642339 -4.484073674695765, 55.134159072227014 -4.486491590805396, 55.12956718514232 -4.48890733573769, 55.12497415406105 -4.491320904902171, 55.120379977878365 -4.4937322937073025, 55.115784655510495 -4.49614149755511, 55.11118818588163 -4.498548511845191, 55.106590567915944 -4.500953331977139, 55.1019918005376 -4.503355953350546, 55.097391882673094 -4.505756371364357, 55.09279081326891 -4.508154581411712, 55.08818859128216 -4.510550578882702, 55.083585215670006 -4.51294435916739, 55.078980685389645 -4.515335917655843, 55.074374999399595 -4.517725249737758, 55.06976815667688 -4.520112350797806, 55.06516015621186 -4.522497216217013, 55.06055099699528 -4.5248798413763245, 55.05594067801785 -4.527260221656684, 55.05132919827094 -4.529638352438855, 55.04671655676236 -4.532014229099432, 55.042102752516115 -4.534387847010844, 55.03748778455697 -4.536759201545348, 55.03287165190971 -4.5391282880752, 55.028254353599365 -4.541495101972577, 55.023635888664856 -4.543859638606367, 55.01901625616412 -4.546221893340923, 55.01439545515653 -4.548581861540273, 55.0097734847014 -4.550939538568442, 55.00515034385818 -4.553294919789431, 55.00052603169746 -4.555648000564772, 54.995900547311244 -4.557998776251243, 54.991273889793995 -4.560347242205085, 54.986646058240176 -4.562693393782533, 54.982017051744194 -4.565037226339827, 54.97738686940905 -4.567378735231469, 54.9727555103609 -4.56971791580722, 54.968122973729784 -4.572054763416032, 54.96348925864585 -4.574389273406861, 54.95885436423918 -4.576721441128663, 54.954218289645915 -4.579051261929254, 54.949581034026274 -4.581378731151917, 54.94494259654656 -4.583703844138813, 54.940302976373054 -4.586026596232092, 54.93566217267198 -4.588346982773908, 54.9310201846137 -4.5906649991057265, 54.92637701139242 -4.59298064056491, 54.92173265221109 -4.595293902487336, 54.9170871062727 -4.597604780208883, 54.912440372780196 -4.599913269065419, 54.90779245093911 -4.60221936439243, 54.90314333997753 -4.6045230615219, 54.89849303913563 -4.606824355783978, 54.89384154765357 -4.609123242508792, 54.88918886477155 -4.611419717026475, 54.884534989731165 -4.613713774666955, 54.87987992179463 -4.616005410757333, 54.875223660239506 -4.618294620622586, 54.870566204343724 -4.620581399587629, 54.86590755338525 -4.622865742977396, 54.8612477066427 -4.625147646116718, 54.85658666341252 -4.627427104328286, 54.85192442301 -4.629704112932513, 54.847260984751365 -4.631978667249694, 54.84259634795286 -4.634250762600127, 54.83793051193096 -4.636520394304086, 54.833263476016704 -4.6387875576803115, 54.82859523956334 -4.641052248045241, 54.823925801925824 -4.643314460715112, 54.81925516245919 -4.645574191006171, 54.814583320518516 -4.64783143423465, 54.809910275470116 -4.650086185715801, 54.80523602670507 -4.652338440762702, 54.800560573617666 -4.654588194688151, 54.79588391560225 -4.6568354428049386, 54.79120605205318 -4.65908018042586, 54.78652698237279 -4.661322402863132, 54.781846705989935 -4.663562105427104, 54.77716522233872 -4.665799283427732, 54.77248253085331 -4.668033932174981, 54.76779863096787 -4.670266046978815, 54.7631135221219 -4.672495623148898, 54.75842720378168 -4.674722655993449, 54.753739675421635 -4.676947140820223, 54.74905093651629 -4.679169072936987, 54.744360986540094 -4.681388447651502, 54.73966982497088 -4.6836052602714044, 54.734977451312034 -4.6858195061033605, 54.7302838650788 -4.688031180453587, 54.72558906578651 -4.690240278628298, 54.72089305295048 -4.692446795933712, 54.71619582608786 -4.694650727676002, 54.71149738473914 -4.6968520691608475, 54.70679772846064 -4.6990508156935915, 54.70209685680902 -4.7012469625795665, 54.697394769340924 -4.703440505124111, 54.6926914656139 -4.705631438632553, 54.68798694520553 -4.707819758410128, 54.68328120771348 -4.710005459761989, 54.67857425273619 -4.712188537993275, 54.673866079872155 -4.7143689884091255, 54.66915668872017 -4.716546806314691, 54.66444607889535 -4.718721987015311, 54.659734250036614 -4.720894525816607, 54.65502120178475 -4.7230644180242285, 54.65030693378056 -4.725231658943821, 54.6455914456649 -4.7273962438810315, 54.640874737090975 -4.729558168141862, 54.63615680773884 -4.731717427033086, 54.63143765729208 -4.7338740158615735, 54.62671728543432 -4.736027929934199, 54.621995691849094 -4.73817916455783, 54.61727287622861 -4.740327715039729, 54.61254883829377 -4.742473576688461, 54.6078235777714 -4.744616744812852, 54.60309709438838 -4.7467572147217325, 54.598369387871564 -4.748894981723935, 54.5936404579533 -4.751030041128631, 54.58891030439477 -4.753162388246776, 54.584178926966565 -4.755292018389912, 54.579446325439285 -4.757418926869579, 54.574712499583505 -4.759543108997315, 54.56997744917306 -4.761664560084918, 54.56524117400892 -4.763783275446316, 54.56050367390577 -4.765899250396516, 54.55576494867843 -4.7680124802505395, 54.551024998141656 -4.7701229603234, 54.546283822111896 -4.772230685930269, 54.54154142042975 -4.774335652388628, 54.536797792954175 -4.776437855017705, 54.532052939544634 -4.778537289136777, 54.52730686006053 -4.780633950065116, 54.522559554362 -4.782727833122077, 54.5178110223293 -4.784818933629267, 54.513061263865694 -4.78690724691088, 54.50831027887568 -4.788992768291249, 54.503558067263825 -4.791075493094706, 54.49880462893479 -4.793155416645606, 54.49404996380894 -4.795232534270322, 54.489294071833584 -4.797306841298711, 54.48453695295879 -4.799378333060979, 54.47977860713457 -4.801447004887326, 54.47501903431099 -4.803512852107959, 54.47025823444919 -4.805575870054703, 54.46549620754015 -4.8076360540637335, 54.460732953579885 -4.80969339947196, 54.455968472564315 -4.8117479016162745, 54.45120276448944 -4.813799555833584, 54.44643582935832 -4.815848357461953, 54.44166766720499 -4.817894301844468, 54.43689827807172 -4.819937384325574, 54.43212766200085 -4.821977600249714, 54.42735581903467 -4.824014944961331, 54.42258274921966 -4.82604941380562, 54.41780845263202 -4.828081002133118, 54.41303292936074 -4.830109705296657, 54.40825617949485 -4.832135518649091, 54.403478203123456 -4.834158437543268, 54.39869900033771 -4.836178457332457, 54.39391857125549 -4.838195573375177, 54.389136916012625 -4.840209781033475, 54.384354034745314 -4.842221075669474, 54.379569927589735 -4.844229452645293, 54.37478459468297 -4.846234907323241, 54.369998036184384 -4.848237435070403, 54.36521025227661 -4.850237031258831, 54.36042124314332 -4.852233691260803, 54.3556310089682 -4.854227410448604, 54.350839549935195 -4.8562181841945735, 54.3460468662455 -4.8582060078750375, 54.3412529581281 -4.860190876872756, 54.33645782581459 -4.86217278657107, 54.331661469536506 -4.864151732353326, 54.3268638895254 -4.866127709602873, 54.322065086024985 -4.8681007137060694, 54.3172650593101 -4.870070740057005, 54.31246380966049 -4.8720377840509945, 54.30766133735594 -4.874001841083354, 54.3028576426762 -4.875962906549397, 54.29805272590864 -4.877920975846466, 54.293246587373005 -4.879876044380499, 54.2884392273976 -4.881828107559711, 54.28363064631076 -4.883777160792328, 54.278820844440766 -4.885723199486568, 54.27400982212026 -4.8876662190518685, 54.269197579712774 -4.889606214906436, 54.26438411759549 -4.891543182472313, 54.25956943614555 -4.8934771171715585, 54.25475353574015 -4.895408014426232, 54.24993641675856 -4.897335869659021, 54.245118079607494 -4.89926067830087, 54.240298524712934 -4.901182435788505, 54.235477752501204 -4.903101137558777, 54.23065576339867 -4.905016779048536, 54.22583255783249 -4.9069293556948805, 54.22100813625227 -4.908838862942074, 54.21618249913253 -4.910745296242305, 54.21135564694909 -4.91264865104818, 54.206527580177756 -4.9145489228122985, 54.20169829929455 -4.916446106987331, 54.196867804792234 -4.918340199031587, 54.19203609719335 -4.920231194413376, 54.187203177023434 -4.922119088602028, 54.18236904480801 -4.924003877066868, 54.17753370107266 -4.925885555277231, 54.17269714635416 -4.92776411870643, 54.16785938122211 -4.929639562839392, 54.16302040625202 -4.931511883163155, 54.15818022201945 -4.933381075164759, 54.15333882909995 -4.935247134331242, 54.14849622807566 -4.937110056152121, 54.14365241956203 -4.938969836129284, 54.13880740418481 -4.940826469768474, 54.1339611825698 -4.9426799525754435, 54.12911375534272 -4.944530280055932, 54.124265123132844 -4.946377447717045, 54.11941528660017 -4.9482214510779015, 54.11456424642078 -4.950062285663894, 54.109712003270886 -4.951899947000478, 54.10485855782671 -4.953734430613101, 54.10000391076596 -4.955565732027825, 54.09514806279256 -4.957393846781421, 54.09029101463263 -4.959218770419773, 54.08543276701306 -4.961040498489057, 54.08057332066075 -4.96285902653545, 54.075712676303006 -4.964674350105324, 54.070850834687455 -4.966486464753727, 54.06598779658977 -4.968295366047701, 54.0611235627877 -4.9701010495551605, 54.056258134058936 -4.97190351084402, 54.05139151118125 -4.973702745482223, 54.04652369494654 -4.975498749044007, 54.041654686179 -4.977291517118046, 54.03678448570738 -4.979081045295026, 54.03191309436039 -4.9808673291656325, 54.02704051296676 -4.98265036432055, 54.0221667423638 -4.984430146354465, 54.01729178342295 -4.98620667087793, 54.012415637024056 -4.98797993350544, 54.007538304046996 -4.989749929851486, 54.002659785371705 -4.991516655530566, 53.997780081882574 -4.99328010615939, 53.99289919449669 -4.995040277370462, 53.98801712414514 -4.996797164803091, 53.98313387175908 -4.998550764096626, 53.97824943826968 -5.000301070890404, 53.973363824610146 -5.002048080824806, 53.968477031742005 -5.00379178955447, 53.96358906064733 -5.0055321927444, 53.95869991230868 -5.0072692860598345, 53.95380958770857 -5.009003065166012, 53.94891808783026 -5.010733525728523, 53.944025413679256 -5.012460663424647, 53.93913156628801 -5.014184473945739, 53.93423654669052 -5.015904952983984, 53.92934035592084 -5.017622096231576, 53.924442995013074 -5.0193358993807635, 53.919544465017076 -5.0210463581323355, 53.91464476701456 -5.022753468204396, 53.90974390209106 -5.024457225317141, 53.90484187133215 -5.026157625190767, 53.89993867582339 -5.027854663545469, 53.895034316659945 -5.029548336106869, 53.890128794971304 -5.031238638619928, 53.88522211189464 -5.0329255668339155, 53.880314268567055 -5.034609116498097, 53.87540526612573 -5.036289283361743, 53.87049510571287 -5.037966063177106, 53.865583788503955 -5.039639451715828, 53.86067131568767 -5.041309444757291, 53.85575768845279 -5.042976038080896, 53.85084290798799 -5.0446392274660425, 53.84592697548434 -5.0462990086935084, 53.84100989216179 -5.047955377561585, 53.8360916592603 -5.049608329880632, 53.831172278020176 -5.0512578614612575, 53.826251749681795 -5.052903968114061, 53.8213300754862 -5.054546645650106, 53.81640725669727 -5.056185889894712, 53.81148329460542 -5.057821696689812, 53.80655819050253 -5.059454061878279, 53.80163194568055 -5.061082981302992, 53.796704561431504 -5.062708450806899, 53.79177603906328 -5.064330466243213, 53.786846379915566 -5.065949023485699, 53.781915585331774 -5.067564118410569, 53.776983656655354 -5.069175746894038, 53.77205059522975 -5.070783904812318, 53.767116402407936 -5.072388588047983, 53.76218107957709 -5.073989792506506, 53.75724462813213 -5.075587514098511, 53.75230704946795 -5.077181748734621, 53.74736834497945 -5.078772492325462, 53.742428516066454 -5.080359740785038, 53.73748756416162 -5.081943490050062, 53.73254549071118 -5.083523736066609, 53.727602297161404 -5.085100474780779, 53.722657984958595 -5.086673702138674, 53.71771255555103 -5.088243414087867, 53.712766010415336 -5.089809606596088, 53.70781835104859 -5.0913722756456625, 53.7028695789483 -5.092931417219235, 53.697919695611986 -5.094487027299456, 53.69296870253777 -5.09603910186942, 53.68801660124548 -5.097587636928193, 53.68306339328204 -5.099132628494774, 53.678109080196094 -5.100674072589426, 53.67315366353623 -5.102211965232402, 53.668197144851206 -5.10374630244402, 53.663239525704235 -5.1052770802556555, 53.658280807690645 -5.106804294723006, 53.65332099241004 -5.108327941905004, 53.64836008146194 -5.109848017860577, 53.64339807644594 -5.11136451864866, 53.63843497896993 -5.112877440334692, 53.633470790675624 -5.1143867790106, 53.62850551321331 -5.115892530775041, 53.62353914823336 -5.11739469172668, 53.61857169738609 -5.118893257964179, 53.61360316232582 -5.120388225589446, 53.60863354473847 -5.121879590729849, 53.603662846324795 -5.1233673495247665, 53.59869106878566 -5.124851498113637, 53.59371821382197 -5.1263320326359105, 53.58874428313605 -5.127808949232305, 53.58376927845653 -5.129282244065312, 53.57879320153386 -5.130751913315646, 53.57381605411923 -5.132217953164584, 53.568837837963756 -5.133680359793398, 53.56385855481901 -5.1351391293836794, 53.558878206455674 -5.136594258133455, 53.553896794672674 -5.138045742264932, 53.548914321271255 -5.139493578002258, 53.543930788052585 -5.14093776156958, 53.53894619681789 -5.142378289191058, 53.53396054938046 -5.143815157101523, 53.5289738475859 -5.145248361564315, 53.52398609328518 -5.146677898847485, 53.518997288329224 -5.148103765219089, 53.514007434568946 -5.149525956947176, 53.50901653386174 -5.150944470305609, 53.50402458809753 -5.152359301597905, 53.49903159917671 -5.153770447137046, 53.49403756899967 -5.155177903236012, 53.48904249946676 -5.156581666207784, 53.4840463924812 -5.157981732367967, 53.479049249975105 -5.1593780980592685, 53.474051073897755 -5.160770759640417, 53.469051866198626 -5.16215971347034, 53.46405162882718 -5.163544955907969, 53.459050363733795 -5.164926483313098, 53.45404807289155 -5.166304292067401, 53.44904475829752 -5.167678378575653, 53.44404042194993 -5.1690487392437365, 53.43903506584694 -5.170415370477526, 53.43402869198694 -5.1717782686830445, 53.42902130238375 -5.173137430281661, 53.424012899080665 -5.174492851723945, 53.41900348412419 -5.175844529463729, 53.41399305956091 -5.177192459954853, 53.40898162743739 -5.178536639651153, 53.40396918980903 -5.179877065015505, 53.398955748763186 -5.181213732543349, 53.39394130639429 -5.18254663873745, 53.38892586479689 -5.183875780100573, 53.38390942606545 -5.185201153135483, 53.378891992298705 -5.186522754349388, 53.373873565625495 -5.187840580281153, 53.368854148187765 -5.189154627483396, 53.36383374212749 -5.1904648925087935, 53.3588123495867 -5.1917713719100185, 53.35378997270894 -5.193074062241452, 53.34876661366274 -5.194372960084481, 53.343742274636604 -5.195668062042047, 53.338716957819564 -5.19695936471769, 53.33369066540062 -5.198246864714952, 53.32866339956919 -5.199530558637777, 53.323635162532725 -5.200810443110225, 53.318605956524785 -5.202086514785383, 53.313575783780955 -5.203358770318602, 53.30854464653679 -5.204627206365232, 53.3035125470279 -5.20589181958064, 53.29847948750099 -5.207152606632906, 53.29344547023268 -5.208409564224397, 53.28841049750457 -5.209662689063204, 53.28337457159832 -5.210911977857422, 53.27833769479551 -5.212157427315143, 53.273299869383436 -5.2133990341510925, 53.26826109767925 -5.214636795115302, 53.263221382010094 -5.215870706969514, 53.2581807247031 -5.217100766475482, 53.2531391280854 -5.218326970394952, 53.248096594486455 -5.219549315492488, 53.243053126261685 -5.220767798564211, 53.23800872578295 -5.221982416426105, 53.232963395422296 -5.223193165894464, 53.22791713755185 -5.224400043785588, 53.22286995454429 -5.225603046916584, 53.21782184879214 -5.2268021721292515, 53.21277282271058 -5.227997416293792, 53.207722878716076 -5.22918877628198, 53.20267201922508 -5.230376248965596, 53.19762024665415 -5.231559831216508, 53.19256756343259 -5.232739519923, 53.18751397201707 -5.23391531200846, 53.18245947486777 -5.235087204400792, 53.1774040744449 -5.236255194027909, 53.17234777320863 -5.237419277817719, 53.16729057362599 -5.238579452707308, 53.16223247819297 -5.2397357156723485, 53.15717348941301 -5.240888063698649, 53.15211360978964 -5.242036493772014, 53.14705284182633 -5.243181002878254, 53.1419911880296 -5.244321588007231, 53.13692865093188 -5.2454582461840165, 53.13186523307892 -5.246590974451762, 53.12680093701663 -5.2477197698537665, 53.121735765290865 -5.248844629433326, 53.116669720448435 -5.249965550235095, 53.11160280505673 -5.251082529332483, 53.10653502170259 -5.25219556382635, 53.101466372973725 -5.253304650818657, 53.09639686145778 -5.25440978741136, 53.09132648974257 -5.255510970706645, 53.08625526042984 -5.256608197826805, 53.08118317614582 -5.25770146592974, 53.07611023951936 -5.258790772177009, 53.071036453179254 -5.259876113730168, 53.06596181975431 -5.26095748775077, 53.06088634188111 -5.262034891411973, 53.05581002222305 -5.263108321927005, 53.05073286344937 -5.264177776517739, 53.045654868229285 -5.265243252406046, 53.04057603923201 -5.266304746813799, 53.035496379130294 -5.267362256968353, 53.03041589062215 -5.268415780135866, 53.02533457641644 -5.269465313599218, 53.02025243922205 -5.270510854641356, 53.01516948174787 -5.271552400545229, 53.01008570670407 -5.272589948595772, 53.00500111682125 -5.273623496110428, 52.999915714846786 -5.274653040433163, 52.99482950352846 -5.275678578908709, 52.98974248561408 -5.276700108881804, 52.98465466385176 -5.277717627697601, 52.979566041003885 -5.278731132724736, 52.97447661985462 -5.27974062136746, 52.96938640318992 -5.280746091032999, 52.96429539379579 -5.281747539128574, 52.95920359445819 -5.282744963061425, 52.954111007971456 -5.283738360252931, 52.94901763715446 -5.284727728165921, 52.94392348483053 -5.285713064270783, 52.93882855382298 -5.286694366037903, 52.93373284695518 -5.28767163093767, 52.92863636705438 -5.288644856447408, 52.92353911697169 -5.28961404008594, 52.91844109956695 -5.290579179387439, 52.913342317700014 -5.2915402718861015, 52.90824277423081 -5.292497315116127, 52.90314247202066 -5.293450306614395, 52.89804141395074 -5.294399243953544, 52.89293960291637 -5.2953441247316615, 52.887837041813114 -5.296284946547383, 52.88273373353657 -5.297221706999342, 52.87762968098268 -5.298154403686823, 52.87252488706164 -5.299083034235726, 52.86741935470261 -5.300007596307282, 52.86231308683605 -5.300928087565159, 52.85720608639242 -5.3018445056730314, 52.85209835630217 -5.302756848294606, 52.846989899504436 -5.303665113110218, 52.84188071896021 -5.304569297842517, 52.836770817633976 -5.305469400220782, 52.83166019849019 -5.306365417974299, 52.8265488644933 -5.307257348832348, 52.82143681861202 -5.308145190532658, 52.81632406383688 -5.309028940856607, 52.81121060316548 -5.309908597599632, 52.80609643959539 -5.310784158557174, 52.8009815761242 -5.311655621524673, 52.795866015751166 -5.312522984301012, 52.790749761494176 -5.31338624472367, 52.78563281638291 -5.314245400654399, 52.78051518344712 -5.31510044995532, 52.77539686571665 -5.315951390488562, 52.77027786622175 -5.316798220117185, 52.76515818800644 -5.317640936733768, 52.76003783413092 -5.318479538265618, 52.754916807656315 -5.319314022642041, 52.74979511164375 -5.320144387792342, 52.74467274915445 -5.320970631645917, 52.739549723258094 -5.321792752151222, 52.734426037043626 -5.322610747299411, 52.7293016936026 -5.3234246150874425, 52.724176696026504 -5.32423435351227, 52.71905104740687 -5.325039960570849, 52.71392475083959 -5.32584143427017, 52.70879780944011 -5.326638772662513, 52.70367022632941 -5.327431973812919, 52.698542004628486 -5.328221035786438, 52.6934131474583 -5.329005956648114, 52.68828365794165 -5.329786734467273, 52.68315353921837 -5.330563367354326, 52.67802279443786 -5.331335853442583, 52.6728914267496 -5.332104190865598, 52.66775943930307 -5.332868377756922, 52.66262683524832 -5.333628412251404, 52.6574936177482 -5.3343842925161296, 52.65235978997913 -5.335136016751957, 52.64722535511812 -5.335883583161331, 52.642090316342205 -5.3366269899467, 52.6369546768285 -5.337366235310681, 52.63181843976236 -5.338101317477433, 52.62668160834548 -5.338832234713674, 52.621544185781445 -5.339558985291117, 52.61640617527385 -5.340281567481469, 52.61126758002635 -5.340999979556444, 52.60612840324682 -5.341714219799536, 52.600988648160296 -5.342424286540621, 52.59584831799596 -5.343130178120976, 52.590707415982955 -5.343831892881875, 52.585565945350524 -5.344529429164597, 52.58042390932964 -5.345222785315685, 52.57528131116662 -5.345911959725, 52.57013815411518 -5.346596950803636, 52.56499444142911 -5.3472777569628445, 52.559850176362204 -5.347954376613874, 52.55470536216881 -5.348626808169702, 52.54956000211505 -5.349295050078081, 52.544414099477834 -5.349959100818929, 52.539267657534516 -5.3506189588733815, 52.53412067956242 -5.351274622722567, 52.528973168838974 -5.351926090847918, 52.52382512864941 -5.352573361755445, 52.5186765622925 -5.353216433993688, 52.513527473068265 -5.353855306115407, 52.50837786427678 -5.35448997667337, 52.50322773921812 -5.3551204442203435, 52.49807710119656 -5.355746707322782, 52.4929259535306 -5.356368764593506, 52.48777429954176 -5.356986614655144, 52.48262214255159 -5.357600256130327, 52.47746948588154 -5.35820968764168, 52.47231633285507 -5.358814907818302, 52.467162686808635 -5.359415915334238, 52.46200855108421 -5.360012708882617, 52.45685392902385 -5.360605287156641, 52.45169882396957 -5.361193648849509, 52.44654323926403 -5.361777792656774, 52.44138717826025 -5.362357717311601, 52.43623064431951 -5.362933421577398, 52.431073640803355 -5.3635049042184315, 52.42591617107331 -5.364072163998963, 52.42075823849105 -5.364635199683763, 52.415599846425266 -5.36519401006464, 52.41044099825509 -5.365748593973693, 52.40528169736055 -5.366298950246307, 52.40012194712163 -5.36684507771786, 52.39496175091834 -5.367386975223757, 52.38980111213468 -5.3679246416157245, 52.38464003416604 -5.36845807579213, 52.37947852040989 -5.368987276659603, 52.37431657426361 -5.369512243124772, 52.369154199124644 -5.370032974094268, 52.36399139839229 -5.3705494684828174, 52.35882817547652 -5.371061725251741, 52.35366453379114 -5.371569743378972, 52.34850047674998 -5.372073521842469, 52.343336007766844 -5.372573059620192, 52.3381711302562 -5.373068355693318, 52.33300584764124 -5.373559409083293, 52.32784016335098 -5.374046218838933, 52.32267408081458 -5.37452878400958, 52.31750760346116 -5.375007103644576, 52.31234073472003 -5.375481176794111, 52.307173478026606 -5.375951002538691, 52.30200583682385 -5.376416579996686, 52.296837814555126 -5.376877908288851, 52.29166941466393 -5.377334986535944, 52.28650064059369 -5.377787813858793, 52.281331495791456 -5.378236389397675, 52.276161983712676 -5.378680712338283, 52.270992107814045 -5.379120781872791, 52.26582187155222 -5.379556597193373, 52.26065127838386 -5.3799881574922, 52.25548033176741 -5.38041546197176, 52.25030903516937 -5.380838509881977, 52.24513739205861 -5.38125730048642, 52.23996540590398 -5.381671833048656, 52.23479308017435 -5.382082106832253, 52.229620418339245 -5.38248812110529, 52.22444742387494 -5.382889875178734, 52.21927410026138 -5.38328736838725, 52.214100450978556 -5.383680600065747, 52.20892647950643 -5.384069569549139, 52.203752189325215 -5.384454276173782, 52.19857758391991 -5.384834719310017, 52.19340266678039 -5.385210898362501, 52.18822744139668 -5.385582812737415, 52.18305191125888 -5.3859504618409435, 52.17787607985707 -5.3863138450795, 52.17269995068433 -5.386672961882813, 52.167523527239176 -5.387027811723601, 52.162346813020704 -5.387378394079216, 52.15716981152804 -5.387724708427011, 52.15199252626026 -5.38806675424434, 52.14681496071802 -5.388404531021991, 52.1416371184072 -5.388738038297992, 52.13645900283493 -5.389067275620743, 52.13128061750829 -5.389392242538637, 52.12610196593439 -5.389712938600079, 52.12092305162093 -5.390029363359945, 52.11574387808012 -5.3903415164182595, 52.11056444882592 -5.390649397394245, 52.105384767372406 -5.390953005907198, 52.10020483723362 -5.391252341576414, 52.0950246619238 -5.391547404023676, 52.08984424496035 -5.391838192908674, 52.08466358986316 -5.392124707920648, 52.07948270015217 -5.392406948749617, 52.07430157934731 -5.392684915085605, 52.069120230968615 -5.392958606619242, 52.06393865853795 -5.39322802306916, 52.058756865579944 -5.393493164193012, 52.053574855619416 -5.39375402975135, 52.048392632181184 -5.394010619504722, 52.04321019879004 -5.394262933213717, 52.038027558971784 -5.394510970656708, 52.03284471625465 -5.394754731657429, 52.02766167416733 -5.394994216046738, 52.02247843623843 -5.395229423655493, 52.017295005996644 -5.39546035431456, 52.01211138697096 -5.395687007864293, 52.006927582692285 -5.395909384191476, 52.00174359669207 -5.39612748319703, 51.996559432501805 -5.39634130478188, 51.99137509365292 -5.396550848846958, 51.98619058367698 -5.396756115297455, 51.981005906106645 -5.3969571040802835, 51.97582106447515 -5.397153815165901, 51.97063606231575 -5.397346248525039, 51.96545090316165 -5.397534404128421, 51.96026559054617 -5.397718281948228, 51.955080128002926 -5.397897881989959, 51.94989451906593 -5.39807320429243, 51.9447087672692 -5.398244248895903, 51.939522876146775 -5.398411015840645, 51.934336849232665 -5.398573505167183, 51.92915069006083 -5.398731716939472, 51.92396440216508 -5.398885651262733, 51.91877798907921 -5.3990353082463765, 51.913591454337016 -5.399180687999827, 51.908404801472244 -5.399321790632499, 51.90321803401851 -5.399458616268033, 51.89803115550849 -5.399591165075777, 51.89284416947479 -5.39971943723426, 51.88765707944995 -5.399843432922012, 51.88246988896659 -5.399963152317563, 51.877282601557006 -5.4000785956068125, 51.87209522075208 -5.400189763020491, 51.866907750082206 -5.40029665480618, 51.86172019307774 -5.400399271211492, 51.856532553269 -5.400497612484032, 51.85134483418622 -5.400591678874531, 51.84615703935778 -5.400681470671842, 51.84096917231081 -5.400766988190348, 51.835781236572466 -5.400848231744911, 51.830593235669866 -5.400925201650387, 51.82540517313008 -5.400997898222632, 51.82021705247833 -5.401066321807718, 51.8150288772377 -5.401130472786586, 51.80984065093113 -5.401190351542107, 51.804652377081595 -5.4012459584571575, 51.79946405921206 -5.401297293914765, 51.79427570084387 -5.401344358318712, 51.789087305495215 -5.401387152114273, 51.78389887668393 -5.4014256757516526, 51.778710417927826 -5.40145992968106, 51.773521932744714 -5.401489914352701, 51.76833342465129 -5.401515630229191, 51.7631448971602 -5.401537077817722, 51.75795635378314 -5.401554257635492, 51.75276779803186 -5.401567170199704, 51.74757923341807 -5.401575816027557, 51.74239066345286 -5.401580195642689, 51.73720209164269 -5.4015803096114015, 51.73201352149229 -5.401576158517385, 51.72682495650634 -5.401567742944378, 51.72163640018953 -5.401555063476119, 51.71644785604621 -5.401538120699153, 51.71125932757627 -5.401516915236858, 51.70607081827648 -5.401491447738523, 51.7008823316436 -5.401461718853978, 51.695693871174306 -5.401427729233053, 51.6905054403652 -5.4013894795264825, 51.685317042708974 -5.401346970413779, 51.6801286816937 -5.401300202608443, 51.67494036080724 -5.4012491768259325, 51.66975208353737 -5.401193893781701, 51.66456385337191 -5.401134354191358, 51.65937567379564 -5.401070558790634, 51.65418754828728 -5.401002508355371, 51.64899948032483 -5.400930203666164, 51.64381147338633 -5.400853645503609, 51.63862353094979 -5.40077283464831, 51.63343565649117 -5.400687771893216, 51.62824785347935 -5.400598458074252, 51.623060125381606 -5.400504894036668, 51.6178724756653 -5.400407080625718, 51.61268490779769 -5.400305018686651, 51.60749742524492 -5.400198709071408, 51.60231003146558 -5.400088152673444, 51.597122729915384 -5.399973350402109, 51.591935524050086 -5.399854303166793, 51.58674841732536 -5.399731011876882, 51.58156141319635 -5.399603477444893, 51.576374515111006 -5.399471700819851, 51.571187726512676 -5.399335682974371, 51.566001050844605 -5.399195424881461, 51.56081449155004 -5.399050927514135, 51.555628052072 -5.398902191846554, 51.5504417358473 -5.398749218882269, 51.54525554630615 -5.398592009655886, 51.54006948687853 -5.398430565203496, 51.53488356099434 -5.398264886561189, 51.529697772083445 -5.398094974765326, 51.52451212357082 -5.3979208308737805, 51.51932661887309 -5.39774245598152, 51.514141261405996 -5.397559851187178, 51.508956054585276 -5.397373017589382, 51.50377100182669 -5.397181956286783, 51.49858610654254 -5.396986668392145, 51.493401372135345 -5.396787155058832, 51.48821680200584 -5.396583417447453, 51.48303239955478 -5.396375456718625, 51.47784816818287 -5.396163274032954, 51.47266411128875 -5.3959468705593165, 51.46748023226052 -5.395726247507242, 51.4622965344831 -5.395501406098756, 51.457113021341364 -5.3952723475558875, 51.45192969622025 -5.395039073100665, 51.446746562503456 -5.394801583959442, 51.441563623564505 -5.394559881395881, 51.43638088277168 -5.394313966692685, 51.43119834349325 -5.394063841132717, 51.42601600909746 -5.393809505998838, 51.420833882952024 -5.393550962575842, 51.41565196841543 -5.393288212180195, 51.41047026883874 -5.393021256154255, 51.40528878757278 -5.392750095841128, 51.40010752796832 -5.392474732583927, 51.39492649337603 -5.392195167726415, 51.389745687138884 -5.391911402637257, 51.3845651125901 -5.391623438717104, 51.379384773062306 -5.391331277368718, 51.374204671888045 -5.391034919994853, 51.36902481239991 -5.390734367998397, 51.36384519792461 -5.390429622800188, 51.35866583177725 -5.390120685857601, 51.353486717271366 -5.389807558632442, 51.34830785772057 -5.389490242586518, 51.34312925643845 -5.389168739181638, 51.337950916734655 -5.388843049891363, 51.33277284190571 -5.388513176227959, 51.327595035245444 -5.388179119711665, 51.32241750004773 -5.387840881862714, 51.31724023960642 -5.387498464201342, 51.31206325721285 -5.38715186825478, 51.30688655614495 -5.386801095588249, 51.301710139676075 -5.386446147779785, 51.2965340110796 -5.386087026407439, 51.29135817362888 -5.385723733049257, 51.286182630595846 -5.3853562692870796, 51.2810073852396 -5.384984636737399, 51.275832440812394 -5.3846088370352705, 51.270657800566326 -5.38422887181592, 51.265483467753576 -5.383844742714579, 51.26030944562559 -5.383456451368265, 51.25513573742229 -5.383063999443636, 51.24996234637424 -5.382667388631746, 51.24478927571164 -5.382266620624372, 51.239616528664676 -5.381861697113287, 51.234444108463315 -5.381452619790943, 51.229272018327904 -5.381039390373568, 51.22410026146676 -5.380622010606993, 51.218928841087504 -5.380200482238909, 51.21375776039772 -5.379774807016995, 51.20858702260494 -5.379344986689106, 51.20341663090919 -5.378911023020876, 51.198246588496325 -5.378472917811525, 51.19307689855066 -5.378030672863997, 51.18790756425644 -5.377584289981232, 51.18273858879802 -5.3771337709661875, 51.17756997535421 -5.376679117634124, 51.1724017270882 -5.376220331836118, 51.16723384716034 -5.375757415429726, 51.1620663387309 -5.375290370272504, 51.15689920496022 -5.374819198222004, 51.151732449005024 -5.374343901143648, 51.14656607400565 -5.373864480938728, 51.1414000830978 -5.373380939518746, 51.13623447941716 -5.372893278795209, 51.1310692660994 -5.372401500679617, 51.125904446278014 -5.371905607088172, 51.120740023070454 -5.371405599970825, 51.11557599958715 -5.370901481292313, 51.11041237893853 -5.370393253017429, 51.10524916423502 -5.369880917110977, 51.10008635858577 -5.369364475540301, 51.09492396508515 -5.368843930302868, 51.08976198681784 -5.368319283415765, 51.08460042686835 -5.367790536896416, 51.079439288321225 -5.367257692762242, 51.07427857426038 -5.366720753031888, 51.06911828775667 -5.366179719749529, 51.06395843186865 -5.365634594983592, 51.058799009654294 -5.365085380803447, 51.05364002417164 -5.364532079278477, 51.04848147847848 -5.363974692478525, 51.043323375621696 -5.363413222494017, 51.038165718633294 -5.362847671443586, 51.03300851054421 -5.362278041447901, 51.02785175438536 -5.361704334627633, 51.022695453187595 -5.361126553103569, 51.0175396099732 -5.360544699012181, 51.012384227747425 -5.359958774521054, 51.007229309513534 -5.359368781801448, 51.002074858274746 -5.358774723024617, 50.99692087703433 -5.358176600361833, 50.991767368789155 -5.357574415995639, 50.98661433651752 -5.3569681721413875, 50.98146178319444 -5.356357871020372, 50.97630971179492 -5.355743514853885, 50.971158125293904 -5.3551251058632126, 50.96600702666196 -5.35450264627724, 50.960856418850454 -5.353876138357583, 50.95570630480557 -5.353245584374686, 50.9505566874735 -5.352610986598994, 50.94540756980046 -5.35197234730095, 50.94025895472969 -5.351329668755886, 50.935110845185534 -5.350682953270434, 50.92996324408486 -5.350032203163568, 50.924816154344526 -5.349377420754292, 50.91966957888139 -5.348718608361613, 50.91452352061049 -5.348055768307494, 50.909377982428936 -5.347388902942556, 50.90423296722388 -5.346718014633515, 50.899088477882295 -5.3460431057472695, 50.89394451729118 -5.345364178650711, 50.88880108833647 -5.344681235712384, 50.88365819388789 -5.343994279326097, 50.87851583680237 -5.343303311905412, 50.87337401993655 -5.342608335864423, 50.86823274614705 -5.341909353617222, 50.86309201828997 -5.34120636757872, 50.857951839207125 -5.340499380185297, 50.85281221172505 -5.339788393896418, 50.847673138669535 -5.339073411172686, 50.842534622866296 -5.338354434474706, 50.8373966671409 -5.337631466263418, 50.83225927430686 -5.336904509017345, 50.82712244715998 -5.336173565240847, 50.82198618849469 -5.335438637440351, 50.816850501105414 -5.334699728122287, 50.81171538778649 -5.333956839793183, 50.80658085132253 -5.333209974973401, 50.80144689447847 -5.332459136211158, 50.79631352001694 -5.331704326058014, 50.79118073070052 -5.33094554706553, 50.78604852929183 -5.330182801785278, 50.78091691854587 -5.329416092779274, 50.77578590119663 -5.328645422638532, 50.770655479974415 -5.327870793959057, 50.76552565760961 -5.327092209336852, 50.760396436832494 -5.326309671367925, 50.75526782036781 -5.325523182655842, 50.750139810918434 -5.3247327458333285, 50.74501241118199 -5.32393836354014, 50.73988562385614 -5.323140038416032, 50.73475945163851 -5.322337773100752, 50.72963389722266 -5.32153157023936, 50.72450896328037 -5.320721432505235, 50.71938465247613 -5.319907362581191, 50.71426096747447 -5.319089363150042, 50.70913791093991 -5.318267436894609, 50.704015485534114 -5.317441586501297, 50.69889369389763 -5.316611814683209, 50.69377253866144 -5.315778124165463, 50.68865202245656 -5.314940517673249, 50.68353214791396 -5.31409899793175, 50.67841291766267 -5.313253567668479, 50.67329433431187 -5.312404229635456, 50.668176400458734 -5.3115509865993475, 50.66305911870032 -5.310693841327016, 50.65794249163366 -5.309832796585325, 50.65282652185459 -5.3089678551425745, 50.64771121194059 -5.308099019789017, 50.64259656445472 -5.307226293332042, 50.63748258195975 -5.306349678579503, 50.63236926701838 -5.3054691783392425, 50.627256622192625 -5.304584795419936, 50.62214465002796 -5.3036965326494805, 50.61703335305315 -5.302804392875161, 50.611922733796256 -5.301908378945123, 50.606812794785306 -5.301008493707509, 50.60170353854794 -5.300104740010887, 50.59659496759726 -5.299197120720294, 50.59148708442755 -5.298285638722061, 50.58637989153178 -5.297370296903932, 50.58127339140295 -5.296451098153657, 50.5761675865339 -5.29552804535917, 50.57106247940491 -5.294601141422192, 50.56595807247554 -5.293670389267245, 50.560854368203415 -5.292735791820987, 50.55575136904618 -5.291797352010081, 50.550649077461344 -5.290855072761255, 50.545547495895946 -5.289908957012505, 50.54044662677473 -5.288959007725683, 50.53534647251963 -5.288005227865672, 50.5302470355525 -5.287047620397353, 50.52514831829529 -5.28608618828563, 50.5200503231612 -5.285120934504402, 50.51495305254008 -5.284151862051993, 50.509856508817805 -5.283178973930822, 50.50476069438024 -5.282202273143308, 50.499665611613274 -5.2812217626918745, 50.49457126289585 -5.280237445585976, 50.48947765058277 -5.279249324859558, 50.4843847770236 -5.278257403551889, 50.47929264456787 -5.27726168470223, 50.474201255565156 -5.276262171349849, 50.469110612359536 -5.275258866539414, 50.464020717270714 -5.274251773339657, 50.45893157261166 -5.273240894826008, 50.4538431806953 -5.272226234073894, 50.44875554383457 -5.27120779415874, 50.44366866433816 -5.270185578160065, 50.438582544490636 -5.269159589180591, 50.43349718656805 -5.2681298303312065, 50.42841259284645 -5.2670963047228065, 50.42332876560189 -5.266059015466292, 50.41824570710714 -5.265017965675606, 50.4131634196115 -5.2639731584867295, 50.40808190535392 -5.262924597045312, 50.40300116657328 -5.261872284497039, 50.397921205508474 -5.260816223987604, 50.392842024395975 -5.259756418664929, 50.3877636254496 -5.25869287169756, 50.38268601087097 -5.257625586265181, 50.377609182861576 -5.256554565547582, 50.372533143622945 -5.255479812724555, 50.367457895354725 -5.254401330977493, 50.36238344023517 -5.253319123506876, 50.357309780428345 -5.252233193525697, 50.35223691809814 -5.251143544247179, 50.347164855408415 -5.250050178884534, 50.34209359452173 -5.248953100652105, 50.33702313758045 -5.247852312781691, 50.331953486711 -5.246747818518873, 50.32688464403942 -5.245639621109608, 50.32181661169167 -5.2445277237998535, 50.31674939179287 -5.2434121298363285, 50.31168298644931 -5.242292842481578, 50.30661739774962 -5.241169865013043, 50.30155262778173 -5.24004320070874, 50.29648867863357 -5.238912852846694, 50.29142555239244 -5.2377788247054236, 50.286363251128364 -5.236641119577658, 50.28130177689201 -5.235499740771967, 50.27624113173304 -5.2343546915977575, 50.2711813177011 -5.233205975364427, 50.266122336845484 -5.232053595381702, 50.261064191199615 -5.230897554971942, 50.25600688277611 -5.229737857474132, 50.25095041358617 -5.22857450622838, 50.245894785641006 -5.227407504574803, 50.24084000095159 -5.226236855853697, 50.235786061514546 -5.225062563416532, 50.2307329693043 -5.223884630631984, 50.22568072629346 -5.222703060870199, 50.2206293344546 -5.221517857501321, 50.21557879576018 -5.220329023895607, 50.21052911216968 -5.219136563433085, 50.20548028561936 -5.217940479511422, 50.20043231804301 -5.216740775530123, 50.19538521137441 -5.215537454888687, 50.19033896754729 -5.214330520986676, 50.18529358848381 -5.213119977232165, 50.18024907608189 -5.211905827051104, 50.17520543223638 -5.210688073871684, 50.17016265884214 -5.209466721122102, 50.165120757794 -5.208241772230578, 50.1600797309765 -5.207013230632702, 50.15503958024916 -5.205781099782009, 50.15000030746778 -5.204545383134723, 50.144961914488135 -5.203306084147055, 50.139924403166006 -5.202063206275234, 50.13488777534807 -5.200816752981828, 50.12985203285538 -5.199566727747281, 50.124817177504596 -5.198313134055166, 50.119783211112235 -5.197055975389045, 50.11475013549493 -5.195795255232493, 50.109717952461224 -5.194530977074521, 50.1046866637937 -5.1932631444218025, 50.099656271269644 -5.1919917607846005, 50.094626776666324 -5.190716829673177, 50.08959818176105 -5.189438354597791, 50.084570488324026 -5.188156339073351, 50.07954369809927 -5.186870786632105, 50.07451781282466 -5.185581700810342, 50.06949283423806 -5.184289085144349, 50.06446876407737 -5.182992943170417, 50.05944560407426 -5.1816932784288, 50.05442335593411 -5.180390094476653, 50.04940202135532 -5.1790833948756285, 50.04438160203625 -5.177773183187371, 50.0393620996753 -5.176459462973535, 50.03434351596539 -5.175142237799157, 50.02932585257326 -5.173821511245657, 50.02430911115771 -5.172497286899387, 50.01929329337758 -5.171169568346703, 50.014278400891634 -5.169838359173953, 50.00926443535395 -5.168503662970402, 50.00425139839249 -5.1671654833411065, 49.99923929162644 -5.165823823896487, 49.994228116674975 -5.164478688246964, 49.98921787515724 -5.163130080002963, 49.98420856868822 -5.161778002777385, 49.979200198857114 -5.160422460198309, 49.97419276724343 -5.159063455899544, 49.96918627542666 -5.157700993514908, 49.96418072498627 -5.156335076678222, 49.95917611749803 -5.154965709025435, 49.95417245451232 -5.153592894207019, 49.949169737568944 -5.152216635879535, 49.944167968207616 -5.150836937699549, 49.939167147968085 -5.149453803323642, 49.93416727838682 -5.148067236410207, 49.929168360975304 -5.14667724063152, 49.92417039723361 -5.145283819666226, 49.9191733886617 -5.143886977193, 49.91417733675954 -5.142486716890518, 49.90918224302425 -5.141083042439033, 49.904188108928345 -5.139675957532006, 49.89919493593214 -5.1382654658695275, 49.8942027254958 -5.136851571151731, 49.88921147907956 -5.135434277078756, 49.88422119814099 -5.13401358735209, 49.87923188411367 -5.1325895056858, 49.87424353841816 -5.131162035800775, 49.86925616247485 -5.129731181417969, 49.86426975770414 -5.128296946258344, 49.859284325524115 -5.126859334044024, 49.854299867329345 -5.12541834850908, 49.84931638450059 -5.123973993394559, 49.844333878418475 -5.122526272441595, 49.83935235046364 -5.121075189391324, 49.83437180201457 -5.1196207479858975, 49.82939223442679 -5.118162951978797, 49.824413649041354 -5.1167018051305995, 49.8194360471991 -5.115237311201988, 49.81445943024082 -5.113769473953644, 49.80948379950552 -5.112298297147133, 49.80450915630957 -5.11082378455477, 49.79953550195432 -5.109345939956018, 49.794562837740855 -5.107864767130472, 49.7895911649703 -5.106380269857731, 49.78462048494198 -5.104892451918159, 49.77965079893321 -5.103401317102315, 49.77468210820567 -5.101906869207925, 49.76971441402071 -5.1004091120328665, 49.7647477176397 -5.098908049375022, 49.75978202032246 -5.097403685032947, 49.754817323307144 -5.095896022814859, 49.74985362781582 -5.094385066536127, 49.74489093507013 -5.092870820012288, 49.73992924629183 -5.091353287058887, 49.73496856270112 -5.089832471492059, 49.73000888549709 -5.088308377137101, 49.72505021586219 -5.086781007826401, 49.720092554978486 -5.0852503673925415, 49.71513590402807 -5.083716459668102, 49.71018026419168 -5.082179288486198, 49.705225636629216 -5.080638857688611, 49.70027202248369 -5.079095171124138, 49.69531942289757 -5.0775482326417745, 49.69036783901339 -5.075998046090519, 49.68541727197247 -5.074444615319849, 49.68046772289556 -5.07288794418746, 49.67551919288627 -5.0713280365579525, 49.67057168304756 -5.06976489629613, 49.66562519448251 -5.068198527266808, 49.660679728293005 -5.066628933335225, 49.65573528556073 -5.065056118374418, 49.65079186734995 -5.063480086264169, 49.64584947472422 -5.061900840884484, 49.64090810874722 -5.060318386115373, 49.6359677704815 -5.058732725837232, 49.631028460969716 -5.05714386393785, 49.62609018123683 -5.055551804311599, 49.62115293230716 -5.053956550853075, 49.61621671520503 -5.052358107456873, 49.61128153095375 -5.050756478017953, 49.606347380557 -5.049151666438287, 49.60141426500055 -5.04754367662624, 49.59648218526953 -5.045932512490403, 49.59155114234906 -5.044318177939373, 49.586621137223325 -5.042700676882079, 49.58169217085704 -5.041080013234101, 49.57676424419689 -5.03945619091719, 49.571837358188965 -5.037829213853337, 49.56691151377928 -5.036199085964527, 49.56198671191295 -5.034565811173054, 49.557062953515846 -5.032929393407537, 49.5521402394957 -5.031289836602543, 49.54721857075962 -5.029647144692865, 49.54229794821468 -5.028001321613303, 49.53737837276702 -5.026352371298934, 49.53245984530374 -5.024700297690849, 49.527542366693766 -5.0230451047358295, 49.52262593780536 -5.021386796380883, 49.51771055950677 -5.019725376573013, 49.512796232665316 -5.0180608492594985, 49.507882958129386 -5.0163932183933255, 49.50297073672921 -5.014722487932926, 49.49805956929438 -5.013048661836946, 49.49314945665443 -5.011371744064031, 49.48824039963799 -5.009691738573085, 49.483332399054824 -5.00800864932843, 49.47842545569669 -5.0063224802995645, 49.47351957035453 -5.00463323545619, 49.4686147438194 -5.0029409187680045, 49.46371097688139 -5.001245534204956, 49.45880827031175 -4.999547085742143, 49.45390662486382 -4.9978455773595565, 49.44900604129019 -4.996141013037381, 49.44410652034351 -4.994433396755806, 49.43920806277548 -4.992722732495253, 49.43431066931895 -4.991009024241028, 49.429414340689036 -4.989292275983061, 49.42451907760013 -4.987572491711453, 49.41962488076661 -4.985849675416306, 49.41473175090196 -4.984123831087952, 49.40983968870079 -4.982394962721364, 49.40494869484012 -4.980663074315838, 49.40005876999632 -4.978928169870838, 49.39516991484568 -4.977190253385827, 49.39028213006365 -4.975449328860492, 49.38539541630671 -4.973705400298907, 49.38050977421395 -4.9719584717091765, 49.37562520442389 -4.9702085470995625, 49.370741707575 -4.96845563047832, 49.36585928430479 -4.966699725853923, 49.360977935231766 -4.96494083723901, 49.35609766095734 -4.963178968649962, 49.35121846208231 -4.961414124103301, 49.34634033920748 -4.959646307615546, 49.34146329293263 -4.957875523203425, 49.33658732383845 -4.956101774887575, 49.33171243248885 -4.954325066692069, 49.32683861944717 -4.952545402641094, 49.32196588527673 -4.950762786758841, 49.31709423053984 -4.948977223069718, 49.31222365577943 -4.9471887156018886, 49.307354161522085 -4.945397268386751, 49.302485748293805 -4.943602885455812, 49.2976184166206 -4.941805570840571, 49.29275216702732 -4.940005328572736, 49.287887000019495 -4.938202162687433, 49.283022916086594 -4.936396077222632, 49.27815991571756 -4.934587076216391, 49.2732979994014 -4.932775163706766, 49.26843716762586 -4.930960343732015, 49.26357742085917 -4.929142620333614, 49.25871875955391 -4.927321997555623, 49.25386118416222 -4.925498479442176, 49.249004695136236 -4.923672070037405, 49.24414929292678 -4.921842773385642, 49.239294977964995 -4.920010593534228, 49.2344417506668 -4.91817553453283, 49.229589611447686 -4.916337600431174, 49.22473856072319 -4.914496795278985, 49.21988859890741 -4.9126531231261845, 49.21503972639461 -4.91080658802547, 49.21019194356422 -4.908957194031592, 49.20534525079537 -4.90710494519935, 49.20049964846721 -4.905249845583545, 49.19565513695733 -4.903391899239167, 49.19081171662325 -4.901531110223745, 49.18596938780828 -4.89966748259661, 49.181128150855365 -4.897801020417123, 49.1762880061075 -4.895931727744655, 49.171448953906015 -4.894059608638753, 49.16661099457195 -4.892184667161269, 49.161774128412624 -4.890306907375605, 49.15693835573513 -4.88842633334519, 49.152103676846515 -4.886542949133454, 49.14727009205209 -4.8846567588040095, 49.14243760163663 -4.88276776642252, 49.13760620587176 -4.8808759760559735, 49.132775905028886 -4.878981391771373, 49.12794669937945 -4.877084017635726, 49.1231185891929 -4.875183857716208, 49.11829157471801 -4.873280916081801, 49.11346565619096 -4.871375196802576, 49.10864083384777 -4.869466703948621, 49.10381710792446 -4.867555441590024, 49.098994478654966 -4.865641413797036, 49.09417294625221 -4.863724624641453, 49.08935251091722 -4.861805078195965, 49.084533172850904 -4.859882778533272, 49.079714932254106 -4.857957729726072, 49.074897789325405 -4.856029935847207, 49.070081744242245 -4.85409940097081, 49.065266797170736 -4.852166129171701, 49.06045294827688 -4.850230124524709, 49.05564019772673 -4.848291391104665, 49.05082854568374 -4.84634993298652, 49.04601799229006 -4.844405754246258, 49.04120853767721 -4.8424588589603825, 49.03640018197659 -4.840509251205399, 49.031592925319586 -4.8385569350578095, 49.026786767834864 -4.83660191459422, 49.021981709629564 -4.834644193891987, 49.017177750800876 -4.832683777028817, 49.01237489144584 -4.83072066808242, 49.0075731316616 -4.828754871130505, 49.00277247154219 -4.826786390250853, 48.99797291116002 -4.824815229521729, 48.99317445057821 -4.822841393021612, 48.98837708985982 -4.820864884828981, 48.98358082906787 -4.818885709022318, 48.97878566826207 -4.816903869680127, 48.97399160748046 -4.814919370881128, 48.969198646752304 -4.8129322167041115, 48.96440678610694 -4.810942411227872, 48.95961602557367 -4.808949958531205, 48.954826365178114 -4.806954862692891, 48.95003780492413 -4.80495712779164, 48.94525034480756 -4.802956757906135, 48.940463984824255 -4.8009537571150585, 48.93567872497007 -4.798948129497095, 48.93089456523677 -4.796939879130857, 48.92611150559439 -4.7949290100946, 48.92132954600561 -4.792915526466453, 48.91654868643313 -4.790899432324552, 48.91176892683958 -4.788880731747025, 48.90699026718322 -4.786859428811882, 48.90221270740054 -4.784835527596518, 48.89743624742132 -4.7828090321781485, 48.89266088717534 -4.780779946633983, 48.88788662659241 -4.778748275041234, 48.883113465597425 -4.776714021476938, 48.878341404093575 -4.774677190017373, 48.87357044197798 -4.772637784738596, 48.8688005791478 -4.77059580971667, 48.864031815500134 -4.768551269027655, 48.85926415092678 -4.766504166747264, 48.85449758529817 -4.764454506949838, 48.84973211847928 -4.76240229370936, 48.844967750335094 -4.760347531099813, 48.84020448073063 -4.758290223195186, 48.83544230952499 -4.7562303740690774, 48.83068123655607 -4.754167987793689, 48.82592126165685 -4.752103068440902, 48.821162384660354 -4.750035620082599, 48.8164046053996 -4.747965646790661, 48.8116479237012 -4.745893152636451, 48.8068923393708 -4.743818141689618, 48.80213785220978 -4.741740618019469, 48.79738446201953 -4.739660585695306, 48.79263216860143 -4.737578048786434, 48.78788097174984 -4.735493011361499, 48.78313087123859 -4.73340547748723, 48.778381866837705 -4.7313154512299995, 48.77363395831728 -4.729222936656181, 48.76888714544734 -4.727127937832149, 48.76414142799027 -4.725030458823463, 48.75939680568843 -4.7229305036935365, 48.75465327828084 -4.720828076505434, 48.74991084550656 -4.7187231813222255, 48.745169507104606 -4.716615822206973, 48.74042926280569 -4.7145060032217465, 48.735690112321016 -4.712393728426283, 48.730952055358934 -4.710279001879985, 48.72621509162779 -4.7081618276422486, 48.7214792208359 -4.706042209772464, 48.71674444268262 -4.703920152328843, 48.7120107568483 -4.70179565936707, 48.707278163010976 -4.69966873494253, 48.702546660848625 -4.697539383110594, 48.697816250039175 -4.695407607926628, 48.6930869302508 -4.693273413444586, 48.688358701133545 -4.691136803715778, 48.68363156233533 -4.688997782791213, 48.67890551350409 -4.6868563547218995, 48.67418055428765 -4.68471252355883, 48.66945668432348 -4.682566293351352, 48.664733903231436 -4.680417668146037, 48.66001221062979 -4.678266651989198, 48.65529160613676 -4.676113248927141, 48.650572089370414 -4.673957463006145, 48.64585365993762 -4.671799298270578, 48.641136317428646 -4.669638758761958, 48.63642006143233 -4.66747584852156, 48.63170489153752 -4.665310571590661, 48.626990807332746 -4.663142932010485, 48.622277808394806 -4.660972933820085, 48.61756589428454 -4.658800581055592, 48.61285506456177 -4.656625877752937, 48.60814531878624 -4.654448827948047, 48.603436656517374 -4.652269435676776, 48.59872907730203 -4.650087704972506, 48.59402258067214 -4.647903639865676, 48.589317166158764 -4.645717244386546, 48.584612833292944 -4.643528522565377, 48.57990958160522 -4.641337478432324, 48.575207410612926 -4.63914411601478, 48.57050631981936 -4.636948439337212, 48.56580630872718 -4.634750452423945, 48.56110737683901 -4.6325501592993, 48.55640952365682 -4.630347563987458, 48.55171274866864 -4.628142670509658, 48.54701705134944 -4.625935482884371, 48.542322431173616 -4.623726005129955, 48.5376288876156 -4.62151424126477, 48.53293642014898 -4.619300195306965, 48.52824502823292 -4.617083871271073, 48.52355471131469 -4.614865273168629, 48.51886546884111 -4.612644405011067, 48.514177300259114 -4.610421270809832, 48.50949020501443 -4.608195874576094, 48.50480418253784 -4.605968220317331, 48.50011923224897 -4.603738312038303, 48.495435353567295 -4.601506153743707, 48.49075254591219 -4.599271749438242, 48.486070808701776 -4.597035103126256, 48.48139014133858 -4.594796218808011, 48.47671054321513 -4.592555100481144, 48.472032013723805 -4.590311752143248, 48.46735455225697 -4.588066177791915, 48.46267815820533 -4.585818381424282, 48.45800283094362 -4.583568367033105, 48.45332856983759 -4.581316138608666, 48.44865537425282 -4.579061700141216, 48.44398324355495 -4.5768050556210085, 48.43931217710762 -4.574546209037726, 48.43464217425809 -4.57228516437634, 48.429973234345645 -4.57002192561952, 48.42530535670951 -4.567756496749922, 48.420638540688884 -4.565488881750199, 48.4159727856206 -4.563219084602283, 48.41130809082489 -4.5609471092831235, 48.40664445561491 -4.558672959767553, 48.40198187930378 -4.556396640030393, 48.39732036120467 -4.554118154046468, 48.392659900627876 -4.5518375057897105, 48.388000496866894 -4.549554699228787, 48.38334214920918 -4.547269738330449, 48.378684856942115 -4.544982627061441, 48.374028619353105 -4.54269336938851, 48.36937343572619 -4.540401969277306, 48.36471930532862 -4.538108430687998, 48.36006622742236 -4.53581275757905, 48.355414201269426 -4.533514953908922, 48.35076322613179 -4.531215023636072, 48.34611330126752 -4.528912970717628, 48.341464425917955 -4.526608799105036, 48.33681659932001 -4.524302512748243, 48.33216982071058 -4.521994115597188, 48.32752408932662 -4.519683611601821, 48.32287940440044 -4.517371004710474, 48.31823576514791 -4.515056298865691, 48.31359317078119 -4.512739498008714, 48.308951620512424 -4.510420606080783, 48.30431111355375 -4.50809962702314, 48.299671649112085 -4.505776564775086, 48.29503322637822 -4.503451423270013, 48.29039584453992 -4.50112420644019, 48.28575950278496 -4.498794918217888, 48.28112420030106 -4.496463562535375, 48.27648993626992 -4.494130143322727, 48.271856709857516 -4.491794664504366, 48.26722452022734 -4.489457130003822, 48.26259336654286 -4.487117543744617, 48.25796324796757 -4.484775909650267, 48.253334163658124 -4.482432231641516, 48.24870611275639 -4.480086513633064, 48.24407909440227 -4.477738759538801, 48.23945310773564 -4.475388973272622, 48.23482815189632 -4.473037158748394, 48.23020422601652 -4.470683319876906, 48.22558132921422 -4.468327460563237, 48.22095946060587 -4.4659695847118375, 48.2163386193079 -4.463609696227157, 48.21171880443663 -4.461247799013597, 48.20710001509994 -4.458883896972032, 48.202482250392315 -4.456517993997772, 48.197865509407094 -4.454150093985632, 48.19324979123764 -4.451780200830428, 48.188635094977016 -4.449408318426883, 48.1840214197091 -4.447034450665757, 48.17940876450531 -4.444658601432479, 48.17479712843614 -4.442280774612104, 48.17018651057215 -4.439900974089681, 48.16557690998349 -4.437519203750112, 48.160968325730366 -4.435135467473845, 48.15636075686147 -4.432749769136216, 48.15175420242489 -4.430362112612283, 48.147148661468705 -4.427972501777105, 48.14254413304049 -4.425580940505519, 48.137940616177 -4.4231874326675875, 48.133338109904486 -4.4207919821287245, 48.1287366132487 -4.418394592754149, 48.12413612523546 -4.415995268409086, 48.11953664488989 -4.413594012958406, 48.11493817122588 -4.411190830261177, 48.11034070324817 -4.408785724171697, 48.10574423996113 -4.406378698544114, 48.101148780369215 -4.403969757232579, 48.09655432347581 -4.401558904090936, 48.09196086827127 -4.399146142969053, 48.087368413736954 -4.396731477714044, 48.08277695885396 -4.394314912172969, 48.07818650260343 -4.3918964501928786, 48.073597043965655 -4.389476095619522, 48.069008581912165 -4.38705385228532, 48.06442111540953 -4.384629724014932, 48.059834643424225 -4.382203714632916, 48.05524916492265 -4.37977582796383, 48.05066467886787 -4.3773460678348695, 48.0460811841947 -4.374914438094589, 48.041498679824336 -4.372480942601927, 48.0369171646779 -4.370045585215892, 48.032336637676465 -4.367608369795492, 48.02775709774807 -4.365169300182185, 48.02317854386615 -4.362728380102661, 48.01860097502239 -4.360285613237479, 48.014024390208526 -4.357841003267074, 48.00944878841627 -4.355394553871879, 48.00487416859242 -4.352946268809073, 48.00030052944579 -4.3504961522421, 47.99572786960682 -4.348044208468327, 47.99115618770584 -4.3455904417851965, 47.98658548237322 -4.34313485649016, 47.98201575243399 -4.340677456515006, 47.97744699754826 -4.3382182442226, 47.97287921760019 -4.335757221555103, 47.96831241247383 -4.333294390454672, 47.963746582053254 -4.330829752863614, 47.95918172530889 -4.328363312396744, 47.95461783803833 -4.325895078477475, 47.950054915350826 -4.32342506178938, 47.94549295235565 -4.320953273016038, 47.940931944166984 -4.31847972283188, 47.93637189001846 -4.316004414318335, 47.93181280072996 -4.313527329200605, 47.92725468914346 -4.311048445476732, 47.92269756810092 -4.308567741144748, 47.918141450464105 -4.306085194167262, 47.913586353774015 -4.303600774116132, 47.90903230626345 -4.301114431391112, 47.90447933765172 -4.298626113726438, 47.89992747765812 -4.296135768856344, 47.89537675588099 -4.293643344736611, 47.89082718928531 -4.2911488124720245, 47.88627877130645 -4.288652186281891, 47.88173149281178 -4.286153485091054, 47.87718534466868 -4.283652727824361, 47.87264031780997 -4.281149933286218, 47.868096406907455 -4.278645113399721, 47.86355361232318 -4.276138269615671, 47.85901193489657 -4.273629402506308, 47.85447137546702 -4.271118512643865, 47.849931934841436 -4.268605600659493, 47.84539361267569 -4.266090669269155, 47.84085640719297 -4.263573723783787, 47.83632031652679 -4.2610547696768135, 47.83178533881064 -4.258533812421658, 47.82725147219189 -4.256010857465068, 47.822718715147076 -4.253485909621018, 47.81818706648746 -4.250958973059845, 47.813656525039434 -4.2484300519230365, 47.80912708962924 -4.245899150352077, 47.80459875907647 -4.2433662724990215, 47.80007153208679 -4.240831422693006, 47.795545407271625 -4.238294605409951, 47.791020383239555 -4.235755825130212, 47.786496458599075 -4.233215086334132, 47.78197363196001 -4.230672393497043, 47.77745190194729 -4.228127751032494, 47.772931267196086 -4.2255811633125395, 47.76841172634175 -4.223032634708463, 47.76389327801962 -4.220482169591546, 47.759375920862574 -4.21792977233378, 47.754859653480345 -4.215375447313661, 47.750344474470246 -4.212819198913207, 47.74583038242943 -4.210261031514472, 47.7413173759551 -4.207700949499509, 47.73680545364255 -4.20513895724846, 47.73229461407419 -4.2025750591279785, 47.72778485582683 -4.200009259498913, 47.72327617747726 -4.1974415627220845, 47.71876857760226 -4.194871973158322, 47.71426205477563 -4.192300495166921, 47.709756607554986 -4.189727133098864, 47.70525223449241 -4.187151891302316, 47.700748934139995 -4.184574774125436, 47.69624670504984 -4.181995785916387, 47.69174554577037 -4.1794149310209665, 47.68724545483463 -4.176832213775006, 47.682746430771665 -4.1742476385117095, 47.678248472110454 -4.171661209564276, 47.67375157737999 -4.169072931265911, 47.66925574510461 -4.166482807946907, 47.664760973793314 -4.163890843928061, 47.660267261952065 -4.161297043528244, 47.65577460808676 -4.158701411066325, 47.651283010703324 -4.156103950861159, 47.646792468301896 -4.15350466722792, 47.64230297936805 -4.150903564472451, 47.637814542385044 -4.148300646899133, 47.63332715583618 -4.145695918812354, 47.62884081820467 -4.143089384516464, 47.62435552796683 -4.14048104831133, 47.619871283585184 -4.137870914487972, 47.61538808352069 -4.135258987336362, 47.61090592623433 -4.132645271146481, 47.606424810186915 -4.1300297702082185, 47.6019447338311 -4.127412488806121, 47.597465695606964 -4.124793431216479, 47.59298769395348 -4.122172601714865, 47.58851072730963 -4.119550004576855, 47.58403479411412 -4.11692564407784, 47.57955989279628 -4.114299524487059, 47.575086021774126 -4.111671650066249, 47.570613179464914 -4.109042025076697, 47.56614136428596 -4.106410653779696, 47.56167057465404 -4.103777540436197, 47.55720080897552 -4.101142689300134, 47.552732065646794 -4.098506104618723, 47.54826434306385 -4.095867790638913, 47.54379763962265 -4.093227751607651, 47.539331953718424 -4.090585991771345, 47.5348672837349 -4.087942515368627, 47.53040362804727 -4.085297326632322, 47.525940985030545 -4.082650429795118, 47.521479353059696 -4.080001829089699, 47.51701873050853 -4.077351528747922, 47.51255911573851 -4.074699532993237, 47.50810050710401 -4.072045846044233, 47.503642902959385 -4.069390472119442, 47.499186301658874 -4.066733415437391, 47.49473070155502 -4.064074680215391, 47.49027610098749 -4.061414270661849, 47.48582249829018 -4.058752190981214, 47.481369891797044 -4.056088445377931, 47.476918279841975 -4.053423038056435, 47.47246766075642 -4.050755973219451, 47.46801803285864 -4.048087255060492, 47.46356939446244 -4.0454168877699885, 47.45912174388169 -4.042744875538379, 47.454675079430196 -4.040071222556088, 47.450229399418475 -4.037395933011217, 47.44578470214384 -4.03471901108258, 47.44134098590035 -4.032040460946693, 47.43689824898204 -4.029360286780071, 47.43245648968299 -4.026678492759227, 47.42801570629285 -4.023995083057582, 47.423575897088526 -4.02131006183949, 47.41913706034462 -4.018623433267648, 47.41469919433565 -4.0159352015047505, 47.410262297336175 -4.013245370713475, 47.40582636761522 -4.010553945052558, 47.40139140342972 -4.007860928672116, 47.39695740303507 -4.005166325721136, 47.392524364686615 -4.0024701403485965, 47.388092286639655 -3.9997723767034112, 47.383661167142684 -3.9970730389296474, 47.37923100443321 -3.994372131163428, 47.37480179674768 -3.991669657540133, 47.37037354232253 -3.9889656221951455, 47.36594623939401 -3.986260029263681, 47.361519886190386 -3.983552882875186, 47.3570944809301 -3.980844187151963, 47.35267002183103 -3.9781339462158782, 47.348246507110964 -3.9754221641887884, 47.34382393498734 -3.9727088451922334, 47.33940230366845 -3.969993993341141, 47.33498161135404 -3.9672776127442737, 47.330561856243605 -3.9645597075101597, 47.32614303653662 -3.961840281747329, 47.32172515043176 -3.9591193395637387, 47.31730819611761 -3.956396885059964, 47.312892171775694 -3.9536729223314167, 47.30847707558739 -3.950947455473402, 47.30406290573403 -3.9482204885812244, 47.299649660395815 -3.9454920257492807, 47.29523733774192 -3.9427620710639677, 47.290825935935956 -3.940030628607551, 47.286415453141444 -3.937297702462259, 47.28200588752194 -3.9345632967103206, 47.277597237239085 -3.9318274154325836, 47.273189500443166 -3.9290900627015124, 47.26878267528016 -3.926351242586411, 47.26437675989602 -3.9236109591565764, 47.259971752436705 -3.920869216481306, 47.25556765104552 -3.9181260186279157, 47.25116445385415 -3.915381369655207, 47.24676215899126 -3.9126352736197045, 47.242360764585506 -3.9098877345779304, 47.23796026876549 -3.907138756586404, 47.23356066965614 -3.904388343698902, 47.22916196537115 -3.901636499960899, 47.22476415402204 -3.898883229416302, 47.22036723372044 -3.896128536109021, 47.21597120257782 -3.8933724240829406, 47.21157605870085 -3.890614897378331, 47.20718180018562 -3.8878559600276654, 47.202788425126855 -3.8850956160624017, 47.19839593161925 -3.882333869513996, 47.194004317757454 -3.8795707244138318, 47.18961358162993 -3.8768061847887534, 47.185223721315595 -3.874040254658559, 47.18083473489257 -3.871272938042444, 47.176446620438966 -3.868504238959603, 47.17205937603265 -3.86573416142904, 47.16767299974411 -3.8629627094642536, 47.16328748963559 -3.860189887072573, 47.15890284376887 -3.857415698260996, 47.15451906020581 -3.8546401470365272, 47.1501361370076 -3.851863237405777, 47.14575407222704 -3.8490849733691337, 47.141372863909886 -3.8463053589219296, 47.13699251010174 -3.8435243980593534, 47.13261300884819 -3.8407420947765956, 47.12823435819389 -3.8379584530681536, 47.12385655617403 -3.835173476921568, 47.11947960081837 -3.8323871703203567, 47.11510349015658 -3.8295995372479843, 47.110728222218306 -3.8268105816879183, 47.10635379503172 -3.824020307622507, 47.10198020661485 -3.8212287190267076, 47.09760745498163 -3.8184358198724877, 47.093235538146025 -3.8156416141318066, 47.08886445412199 -3.812846105776625, 47.08449420092114 -3.8100492987771992, 47.08012477654475 -3.80725119709626, 47.07575617899126 -3.8044518046944624, 47.0713884062591 -3.8016511255324597, 47.06702145634674 -3.798849163570902, 47.06265532724916 -3.7960459227679886, 47.05829001695143 -3.7932414070746314, 47.05392552343662 -3.7904356204403857, 47.049561844687894 -3.787628566814812, 47.045198978688305 -3.7848202501474444, 47.04083692341638 -3.7820106743845003, 47.036475676841235 -3.7791998434654728, 47.03211523693091 -3.776387761329046, 47.0277556016534 -3.7735744319139, 47.0233967689766 -3.7707598591586264, 47.01903873686249 -3.7679440469975947, 47.014681503264775 -3.765126999359272, 47.01032506613654 -3.7623087201716836, 47.0059694234309 -3.759489213362858, 47.00161457310062 -3.75666848286059, 46.997260513091305 -3.7538465325876045, 46.9929072413416 -3.7510233664617045, 46.98855475578987 -3.7481989884004965, 46.98420305437446 -3.7453734023215812, 46.979852135033084 -3.742546612142082, 46.97550199569518 -3.7397186217732754, 46.97115263428479 -3.7368894351225306, 46.966804048725756 -3.734059056097139, 46.962456236941975 -3.731227488604397, 46.95810919685613 -3.7283947365507704, 46.953762926381735 -3.7255608038365424, 46.94941742342829 -3.722725694359208, 46.94507268590515 -3.719889412016244, 46.94072871172178 -3.717051960705131, 46.9363854987856 -3.7142133443219856, 46.932043044994636 -3.711373566756471, 46.92770134824409 -3.7085326318963427, 46.923360406429225 -3.7056905436293537, 46.91902021744524 -3.7028473058432567, 46.91468077918433 -3.7000029224237574, 46.91034208952943 -3.6971573972503378, 46.90600414636171 -3.694310734201303, 46.901666947562376 -3.6914629371549617, 46.89733049101255 -3.688614009989596, 46.892994774589084 -3.6857639565806295, 46.88865979616028 -3.6829127807978352, 46.88432555359345 -3.6800604865103224, 46.879992044755866 -3.6772070775871994, 46.87565926751471 -3.6743525578974845, 46.871327219731484 -3.6714969313065007, 46.86699589926024 -3.6686402016747515, 46.86266530395454 -3.6657823728624117, 46.858335431668024 -3.662923448729662, 46.854006280253806 -3.6600634331364303, 46.849677847558176 -3.657202329938209, 46.845350131421334 -3.654340142986632, 46.841023129683265 -3.651476876133208, 46.836696840183976 -3.6486125332294397, 46.832371260762656 -3.64574711812633, 46.82804638925052 -3.642880634669884, 46.82372222347414 -3.640013086703255, 46.8193987612601 -3.6371444780695654, 46.81507600043498 -3.6342748126119404, 46.81075393882383 -3.6314040941725922, 46.806432574243125 -3.6285323265884153, 46.802111904506155 -3.625659513694375, 46.79779192742623 -3.622785659325435, 46.793472640816624 -3.6199107673165547, 46.78915404248823 -3.6170348415012294, 46.78483613024314 -3.61415788570771, 46.780518901881564 -3.611279903763081, 46.77620235520363 -3.6084008994944257, 46.77188648800953 -3.605520876728818, 46.76757129809565 -3.602639839291206, 46.763256783250185 -3.599757791001858, 46.75894294126019 -3.596874735680424, 46.754629769912746 -3.5939906771465524, 46.75031726699482 -3.591105619219828, 46.74600543028823 -3.5882195657169373, 46.741694257567715 -3.5853325204505473, 46.73738374660745 -3.582444487233024, 46.73307389518163 -3.579555469876737, 46.7287647010641 -3.5766654721938638, 46.72445616202221 -3.5737744979930532, 46.720148275817564 -3.570882551079832, 46.71584104021156 -3.567989635259616, 46.711534452965616 -3.5650957543378277, 46.70722851184033 -3.5622009121194638, 46.70292321458872 -3.5593051124055335, 46.69861855895955 -3.5564083589948274, 46.69431454270158 -3.553510655686115, 46.69001116356355 -3.5506120062781585, 46.685708419292666 -3.5477124145689563, 46.68140630762788 -3.5448118843523297, 46.6771048263054 -3.5419104194207014, 46.6728039730614 -3.539008023566488, 46.668503745632066 -3.5361047005821113, 46.66420414175096 -3.533200454258718, 46.65990515914343 -3.5302952883834733, 46.655606795533245 -3.527389206742759, 46.651309048644094 -3.524482213122956, 46.64701191619971 -3.5215743113104314, 46.64271539591976 -3.518665505089694, 46.63841948551646 -3.515755798241806, 46.634124182701186 -3.512845194547448, 46.62982948518528 -3.509933697787301, 46.625535390680014 -3.507021311741967, 46.621241896891036 -3.504108040189589, 46.61694900151789 -3.5011938869055363, 46.61265670225975 -3.498278855665028, 46.60836499681577 -3.495362950243283, 46.60407388288463 -3.4924461744153, 46.59978335815809 -3.489528531953264, 46.59549342032322 -3.486610026627424, 46.591204067067025 -3.4836906622079926, 46.586915296076455 -3.480770442465181, 46.58262710503734 -3.477849371168744, 46.578339491627695 -3.474927452085405, 46.574052453522455 -3.4720046889806655, 46.5697659883965 -3.469081085620017, 46.565480093924734 -3.4661566457689563, 46.56119476777987 -3.463231373192172, 46.556910007626605 -3.4603052716514195, 46.55262581112786 -3.45737834490779, 46.548342175946566 -3.454450596722375, 46.54405909974559 -3.4515220308562533, 46.53977658018422 -3.4485926510692786, 46.53549461491435 -3.4456624611187907, 46.531213201587 -3.4427314647618164, 46.52693233785316 -3.4397996657553884, 46.52265202136368 -3.4368670678564848, 46.51837224976426 -3.433933674820464, 46.51409302069439 -3.4309994904007515, 46.50981433179325 -3.428064518350665, 46.50553618070002 -3.425128762423517, 46.50125856505336 -3.422192226372479, 46.49698148248534 -3.4192549139488313, 46.49270493062344 -3.41631682890255, 46.4884289070951 -3.4133779749835824, 46.484153409527714 -3.4104383559418783, 46.4798784355475 -3.4074979755270802, 46.47560398277312 -3.404556837486884, 46.47133004882031 -3.4016149455682325, 46.467056631304786 -3.398672303518065, 46.462783727842236 -3.3957289150833176, 46.45851133604607 -3.3927847840103995, 46.45423945352199 -3.389839914043958, 46.44996807787406 -3.386894308928272, 46.44569720670638 -3.38394797240762, 46.441426837623 -3.3810009082262757, 46.43715696822407 -3.3780531201277553, 46.432887596102844 -3.375104611854214, 46.42861871885182 -3.37215538714767, 46.42435033406347 -3.3692054497501402, 46.42008243933007 -3.3662548034035997, 46.41581503223837 -3.363303451849112, 46.411548110369566 -3.3603513988268228, 46.40728167130465 -3.357398648076838, 46.403015712624565 -3.3544452033392615, 46.398750231909595 -3.351491068354104, 46.394485226733096 -3.3485362468604403, 46.39022069466462 -3.345580742596829, 46.38595663327366 -3.342624559301822, 46.38169304012974 -3.3396677007139735, 46.377429912800736 -3.3367101705716693, 46.37316724884691 -3.333751972612519, 46.368905045826395 -3.330793110573907, 46.36464330129724 -3.3278335881932173, 46.36038201281752 -3.3248734092078327, 46.356121177942235 -3.321912577354922, 46.35186079421916 -3.3189510963711464, 46.34760085919499 -3.315988969993093, 46.34334137041641 -3.313026201957348, 46.33908232543003 -3.3100627960004947, 46.33482372177761 -3.3070987558589473, 46.33056555699489 -3.3041340852688994, 46.326307828617246 -3.301168787966538, 46.32205053418003 -3.2982028676880453, 46.3177936712181 -3.295236328169605, 46.3135372372599 -3.2922691731473934, 46.30928122982956 -3.2893014063575827, 46.305025646451156 -3.286333031536344, 46.30077048464875 -3.2833640524198495, 46.296515741945065 -3.280394472744313, 46.29226141585546 -3.277424296246186, 46.2880075038927 -3.274453526661995, 46.283754003569626 -3.271482167728274, 46.27950091239904 -3.268510223181555, 46.27524822789096 -3.2655376967585696, 46.27099594754814 -3.2625645921965982, 46.26674406887208 -3.2595909132330103, 46.262492589364335 -3.2566166636051714, 46.258241506526296 -3.253641847050463, 46.2539908178548 -3.2506664673067696, 46.24974052084054 -3.2476905281126576, 46.245490612973775 -3.2447140332067366, 46.2412410917448 -3.2417369863276204, 46.236991954643344 -3.238759391213984, 46.23274319915298 -3.235781251605347, 46.22849482275288 -3.2328025712418094, 46.22424682292222 -3.2298233538634813, 46.21999919714012 -3.2268436032104746, 46.215751942884374 -3.2238633230231426, 46.21150505762538 -3.220882517043176, 46.20725853883111 -3.2179011890127125, 46.20301238396949 -3.2149193426738867, 46.198766590508484 -3.2119369817688423, 46.19452115591312 -3.2089541100403385, 46.19027607764129 -3.205970731232683, 46.186031353149815 -3.2029868490904243, 46.18178697989548 -3.2000024673581082, 46.177542955334935 -3.197017589780319, 46.173299276919984 -3.194032220102867, 46.16905594209666 -3.191046362073056, 46.1648129483106 -3.1880600194382764, 46.16057029300744 -3.1850731959459178, 46.15632797363222 -3.1820858953435542, 46.152085987623394 -3.1790981213806804, 46.14784433241554 -3.1761098778079266, 46.14360300544317 -3.1731211683759395, 46.139362004140814 -3.170131996835368, 46.135121325941284 -3.1671423669374255, 46.13088096826998 -3.1641522824358006, 46.12664092855028 -3.1611617470848548, 46.12240120420558 -3.1581707646389487, 46.11816179265922 -3.1551793388524536, 46.113922691331084 -3.1521874734810242, 46.109683897634234 -3.149195172282799, 46.105445408981005 -3.1462024390162022, 46.10120722278367 -3.1432092774396585, 46.09696933645428 -3.140215691311716, 46.09273174739915 -3.13722168439334, 46.088494453019536 -3.134227260447721, 46.08425745071638 -3.1312324232381257, 46.08002073789071 -3.1282371765278265, 46.07578431194248 -3.125241524080538, 46.071548170264656 -3.122245469663083, 46.06731231024723 -3.1192490170435967, 46.06307672928017 -3.116252169990216, 46.05884142475344 -3.113254932271082, 46.05460639405449 -3.11025730765557, 46.050371634563476 -3.1072592999166004, 46.046137143659315 -3.1042609128277214, 46.041902918720886 -3.101262150162485, 46.03766895712691 -3.0982630156945055, 46.033435256251515 -3.095263513199896, 46.02920181346281 -3.0922636464579307, 46.02496862612855 -3.0892634192480926, 46.02073569161645 -3.086262835349861, 46.01650300729362 -3.083261898543096, 46.012270570520506 -3.080260612611437, 46.00803837865379 -3.077258981340703, 46.00380642905006 -3.0742570085167333, 45.99957471906595 -3.0712546979253736, 45.99534324605612 -3.068252053353656, 45.99111200736782 -3.065249078593172, 45.98688100034651 -3.0622457774366056, 45.98265022233765 -3.0592421536766405, 45.97841967068663 -3.0562382111060002, 45.974189342734775 -3.0532339535200674, 45.96995923581699 -3.050229384718442, 45.96572934726755 -3.0472245085010967, 45.9614996744208 -3.044219328668006, 45.957270214610524 -3.041213849019483, 45.95304096516431 -3.0382080733602046, 45.94881192340534 -3.035202005497872, 45.94458308665672 -3.032195649240249, 45.94035445224162 -3.029189008395102, 45.936126017481484 -3.026182086771395, 45.93189777969039 -3.023174888183538, 45.927669736180306 -3.020167416447477, 45.92344188426322 -3.0171596753791614, 45.919214221251046 -3.0141516687945704, 45.91498674445184 -3.011143400512787, 45.91075945116671 -3.008134874358385, 45.906532338696145 -3.0051260941565037, 45.902305404340524 -3.00211706373228, 45.898078645399906 -2.999107786911192, 45.8938520591683 -2.9960982675235304, 45.88962564293533 -2.9930885094031674, 45.88539939399044 -2.990078516384062, 45.881173309623136 -2.9870682923001746, 45.8769473871213 -2.9840578409868397, 45.87272162376535 -2.9810471662858604, 45.868496016833475 -2.97803627204093, 45.8642705636039 -2.9750251620957444, 45.86004526135478 -2.9720138402940384, 45.85582010736048 -2.969002310483003, 45.8515950988886 -2.9659905765159054, 45.8473702332061 -2.9629786422466315, 45.84314550757991 -2.959966511529069, 45.83892091927649 -2.95695418821755, 45.83469646555602 -2.953941676172348, 45.83047214367429 -2.950928979257964, 45.82624795088688 -2.9479161013389805, 45.82202388444947 -2.944903046279988, 45.81779994161589 -2.941889817947325, 45.81357611963249 -2.9388764202147994, 45.809352415743575 -2.9358628569581975, 45.80512882719345 -2.9328491320533048, 45.800905351226376 -2.929835249375985, 45.796681985082365 -2.9268212128064413, 45.792458725994976 -2.923807026231599, 45.788235571197106 -2.9207926935389583, 45.78401251792178 -2.917778218616022, 45.77978956340128 -2.9147636053509722, 45.77556670486126 -2.911748857639173, 45.771343939523334 -2.9087339793803006, 45.76712126460912 -2.90571897447409, 45.76289867734013 -2.9027038468202706, 45.75867617493576 -2.8996886003210913, 45.75445375460773 -2.8966732388872227, 45.75023141356625 -2.8936577664310983, 45.746009149021525 -2.8906421868651564, 45.74178695818358 -2.887626504102012, 45.73756483825732 -2.8846107220603128, 45.733342786441405 -2.881594844665946, 45.72912079993416 -2.8785788758452346, 45.72489887593388 -2.875562819524501, 45.720677011637946 -2.8725466796312125, 45.716455204236695 -2.8695304601011875, 45.71223345091743 -2.8665141648739354, 45.70801174886741 -2.8634977978889773, 45.70379009527389 -2.8604813630858534, 45.69956848732095 -2.8574648644080543, 45.69534692218535 -2.8544483058082295, 45.691125397042754 -2.8514316912403235, 45.68690390906889 -2.8484150246582827, 45.682682455439085 -2.8453983100165186, 45.678461033322634 -2.842381551277209, 45.674239639883886 -2.839364752408957, 45.670018272287 -2.8363479173805572, 45.66579692769619 -2.833331050160804, 45.66157560327386 -2.8303141547208015, 45.657354296174766 -2.8272972350419163, 45.65313300355153 -2.8242802951083656, 45.64891172255673 -2.8212633389043615, 45.64469045034291 -2.8182463704142497, 45.64046918405803 -2.8152293936286013, 45.636247920843594 -2.812212412546915, 45.63202665784061 -2.8091954311693823, 45.62780539219007 -2.80617845349619, 45.62358412103208 -2.803161483528766, 45.619362841499594 -2.800144525278739, 45.615141550722015 -2.79712758276277, 45.61092024582871 -2.794110659997552, 45.606698923949025 -2.7910937609997903, 45.60247758220922 -2.7880768897907684, 45.59825621772804 -2.7850600504027065, 45.594034827623176 -2.782043246869424, 45.589813409012265 -2.7790264832247424, 45.585591959012596 -2.7760097635030836, 45.58137047473525 -2.772993091748194, 45.577148953286446 -2.7699764720111895, 45.57292739177224 -2.7669599083433867, 45.56870578729871 -2.7639434047961022, 45.5644841369698 -2.7609269654239297, 45.56026243788124 -2.7579105942941613, 45.5560406871268 -2.7548942954771634, 45.55181888180018 -2.7518780730432963, 45.54759701899499 -2.748861931063178, 45.54337509579986 -2.7458458736153877, 45.53915310929756 -2.7428299047878797, 45.53493105657053 -2.7398140286691435, 45.53070893470119 -2.736798249347672, 45.52648674077072 -2.7337825709140855, 45.5222644718526 -2.7307669974716076, 45.51804212501745 -2.7277515331281004, 45.513819697335904 -2.7247361819914286, 45.509597185878604 -2.7217209481695583, 45.505374587711884 -2.7187058357775107, 45.50115189989525 -2.715690848942007, 45.49692911948749 -2.71267599179087, 45.49270624354743 -2.7096612684519212, 45.48848326913303 -2.7066466830544447, 45.48426019329495 -2.703632239740328, 45.480037013080214 -2.700617942657897, 45.47581372553574 -2.6976037959555303, 45.47159032770843 -2.6945898037816374, 45.46736681664185 -2.6915759702906477, 45.46314318937205 -2.6885622996503016, 45.458919442934054 -2.6855487960301234, 45.45469557436294 -2.6825354635996357, 45.45047158069318 -2.6795223065294027, 45.44624745895241 -2.6765093290023994, 45.442023206163896 -2.673496535209756, 45.43779881935072 -2.6704839293427374, 45.43357429553602 -2.6674715155926214, 45.429349631740095 -2.664459298155939, 45.42512482497545 -2.6614472812438303, 45.42089987225325 -2.658435469069952, 45.41667477058464 -2.6554238658479594, 45.41244951698038 -2.652412475792303, 45.40822410844483 -2.649401303129635, 45.403998541977394 -2.646390352096208, 45.399772814577325 -2.6433796269285317, 45.39554692324389 -2.6403691318631175, 45.391320864973856 -2.637358871141342, 45.38709463675581 -2.634348849020495, 45.382868235576744 -2.631339069761116, 45.37864165842355 -2.628329537623738, 45.37441490228285 -2.625320256869574, 45.37018796413503 -2.622311231772309, 45.365960840955005 -2.6193024666165896, 45.3617335297175 -2.6162939656874378, 45.357506027397235 -2.6132857332698762, 45.353278330966795 -2.6102777736534115, 45.349050437391085 -2.607270091143601, 45.34482234363329 -2.604262690049582, 45.3405940466566 -2.601255574680496, 45.33636554342393 -2.598248749346126, 45.33213683089207 -2.5952422183690653, 45.32790790601217 -2.5922359860836854, 45.32367876573529 -2.589230056824797, 45.3194494070124 -2.5862244349272117, 45.31521982679224 -2.5832191247305305, 45.3109900220156 -2.5802141305917012, 45.30675998962142 -2.5772094568715986, 45.30252972654863 -2.574205107931096, 45.298299229735875 -2.571201088131776, 45.29406849611567 -2.5681974018487206, 45.28983752261504 -2.565194053469152, 45.28560630616082 -2.5621910473807237, 45.281374843679856 -2.5591883879710884, 45.27714313209661 -2.556186079633266, 45.27291116832751 -2.55318412677847, 45.26867894928727 -2.5501825338217623, 45.26444647189065 -2.5471813051782126, 45.26021373305197 -2.54418044526378, 45.25598072967924 -2.5411799585091597, 45.251747458675176 -2.538179849357121, 45.24751391694245 -2.5351801222507895, 45.24328010138366 -2.532180781633299, 45.23904600889869 -2.5291818319542094, 45.234811636379476 -2.526183277681984, 45.23057698071646 -2.5231851232885356, 45.2263420388001 -2.52018737324578, 45.22210680752033 -2.5171900320268947, 45.217871283760395 -2.5141931041213965, 45.21363546439885 -2.5111965940301686, 45.20939934631415 -2.508200506254323, 45.20516292638477 -2.5052048452950038, 45.20092620148576 -2.5022096156616676, 45.196689168484085 -2.4992148218834256, 45.192451824245545 -2.4962204684922282, 45.188214165635955 -2.4932265600200263, 45.18397618952033 -2.490233101000738, 45.17973789275646 -2.4872400959867367, 45.17549927219817 -2.484247549540505, 45.1712603246992 -2.4812554662246304, 45.16702104711328 -2.4782638506018135, 45.16278143629019 -2.4752727072451437, 45.15854148907272 -2.472282040746176, 45.15430120230289 -2.469291855698364, 45.150060572822795 -2.4663021566951615, 45.145819597473256 -2.463312948333262, 45.14157827308722 -2.460324235230154, 45.13733659649456 -2.457336022011547, 45.1330945645251 -2.4543483133031683, 45.12885217400857 -2.451361113731134, 45.12460942176956 -2.4483744279354442, 45.12036630462624 -2.4453882605735107, 45.11612281939644 -2.4424026163038555, 45.11187896289786 -2.4394174997849922, 45.10763473194642 -2.436432915680852, 45.10339012334987 -2.4334488686777087, 45.09914513391392 -2.4304653634676043, 45.09489976044429 -2.4274824047425803, 45.09065399974633 -2.4244999971957495, 45.08640784861907 -2.4215181455381267, 45.08216130385632 -2.418536854495536, 45.077914362251796 -2.415556128794255, 45.07366702059911 -2.412575973160581, 45.069419275688844 -2.409596392329862, 45.065171124303845 -2.4066173910598896, 45.060922563225745 -2.4036389741118698, 45.056673589236226 -2.4006611462470118, 45.05242419911606 -2.39768391222913, 45.048174389638646 -2.3947072768440085, 45.04392415757372 -2.3917312448884296, 45.039673499690934 -2.3887558211592554, 45.03542241275989 -2.3857810104536457, 45.03117089354552 -2.382806817582996, 45.02691893880605 -2.379833247378999, 45.022666545299224 -2.376860304674903, 45.018413709782806 -2.373887994303954, 45.01416042901267 -2.3709163211051583, 45.00990669973682 -2.367945289942211, 45.005652518701126 -2.3649749056854312, 45.001397882651474 -2.3620051732051364, 44.99714278833327 -2.359036097373015, 44.99288723248522 -2.356067683081626, 44.98863121184075 -2.3530999352397597, 44.98437472313312 -2.350132858756634, 44.980117763095635 -2.3471664585415355, 44.97586032845829 -2.3442007395148647, 44.97160241594427 -2.341235706620299, 44.967344022275945 -2.3382713648044424, 44.96308514417563 -2.335307719013898, 44.958825778364435 -2.3323447741994117, 44.95456592155576 -2.3293825353373134, 44.950305570460124 -2.3264210074136975, 44.94604472178798 -2.3234601954146754, 44.94178337224957 -2.3205001043271847, 44.93752151854958 -2.3175407391572875, 44.93325915738716 -2.314582104930257, 44.92899628546118 -2.3116242066722084, 44.92473289947049 -2.3086670494092747, 44.92046899611108 -2.3057106381777817, 44.91620457207146 -2.3027549780404404, 44.91193962403891 -2.299800074064179, 44.90767414870074 -2.2968459313159233, 44.903408142743274 -2.293892554866202, 44.899141602845546 -2.2909399498118135, 44.89487452568338 -2.287988121261194, 44.89060690793261 -2.2850370743228363, 44.886338746268855 -2.2820868141059565, 44.882070037362524 -2.279137345739191, 44.877800777878306 -2.2761886743722854, 44.87353096448068 -2.2732408051560435, 44.869260593834035 -2.270293743241286, 44.86498966260006 -2.2673474937894014, 44.86071816743306 -2.2644020619897156, 44.856446104986205 -2.2614574530361233, 44.85217347191264 -2.2585136721225183, 44.847900264864464 -2.255570724446816, 44.843626480486684 -2.252628615234858, 44.839352115421285 -2.249687349724326, 44.83507716631023 -2.246746933152948, 44.830801629795246 -2.243807370759419, 44.82652550251272 -2.2408686678040395, 44.82224878109372 -2.2379308295683242, 44.81797146216912 -2.2349938613346825, 44.81369354236976 -2.232057768385588, 44.80941501832347 -2.229122556016334, 44.80513588665121 -2.2261882295506767, 44.80085614397307 -2.2232547943161993, 44.79657578690913 -2.2203222556404842, 44.79229481207805 -2.21739061885696, 44.78801321609083 -2.2144598893302194, 44.78373099555594 -2.211530072435202, 44.779448147081844 -2.2086011735468496, 44.77516466727664 -2.2056731980418953, 44.77088055274293 -2.2027461513222284, 44.766595800079294 -2.1998200388083355, 44.76231040588421 -2.1968948659211436, 44.75802436675608 -2.1939706380818738, 44.75373767928946 -2.1910473607294336, 44.74945034007283 -2.1881250393301106, 44.74516234569422 -2.185203679352542, 44.7408736927416 -2.182283286265365, 44.73658437780094 -2.1793638655468577, 44.7322943974513 -2.1764454227074865, 44.72800374827031 -2.1735279632644335, 44.72371242683563 -2.1706114927348783, 44.71942042972408 -2.1676960166401305, 44.715127753506025 -2.1647815405325166, 44.71083439474896 -2.1618680699784747, 44.70654035002036 -2.158955610544514, 44.70224561588746 -2.156044167798438, 44.697950188912436 -2.153133747333208, 44.693654065652964 -2.1502243547646205, 44.68935724266653 -2.147315995709299, 44.6850597165106 -2.144408675784071, 44.68076148373927 -2.1415024006230707, 44.67646254090085 -2.1385971758907796, 44.67216288454304 -2.135693007254748, 44.66786251121352 -2.1327899003825252, 44.663561417458155 -2.1298878609515257, 44.65925959981646 -2.12698689467354, 44.6549570548265 -2.1240870072678413, 44.65065377902643 -2.121188204453704, 44.64634976895348 -2.118290491955096, 44.64204502113898 -2.115393875529331, 44.6377395321117 -2.1124983609481394, 44.63343329840038 -2.1096039539833114, 44.62912631653343 -2.106710660408437, 44.62481858303443 -2.1038184860254514, 44.620510094423096 -2.100927436658847, 44.61620084721902 -2.09803751813374, 44.61189083794172 -2.095148736275706, 44.607580063107214 -2.092261096931711, 44.60326851922654 -2.089374605978779, 44.59895620281036 -2.0864892692961914, 44.594643110369375 -2.083605092763265, 44.590329238412046 -2.080722082273471, 44.58601458344131 -2.0778402437555075, 44.5816991419593 -2.074959583143463, 44.57738291046816 -2.0720801063714243, 44.57306588546867 -2.0692018193817887, 44.56874806345591 -2.0663247281543655, 44.56442944092329 -2.0634488386794896, 44.5601100143642 -2.0605741569474954, 44.55578978027142 -2.0577006889530045, 44.55146873513265 -2.054828440725773, 44.547146875433114 -2.0519574183127673, 44.542824197657964 -2.0490876277610695, 44.53850069829216 -2.0462190751196414, 44.53417637381676 -2.043351766467417, 44.52985122070977 -2.040485707907394, 44.52552523544906 -2.037620905543247, 44.52119841451243 -2.0347573654793156, 44.51687075437451 -2.031895093844455, 44.5125422515058 -2.029034096798694, 44.50821290237655 -2.026174380504078, 44.50388270345703 -2.0233159511227887, 44.49955165121527 -2.020458814835217, 44.49521974211492 -2.0176029778580364, 44.49088697261908 -2.0147484464122174, 44.4865533391909 -2.0118952267187384, 44.48221883829205 -2.009043325011164, 44.4778834663797 -2.0061927475625363, 44.47354721991014 -2.0033435006536204, 44.469210095339626 -2.0004955905651793, 44.464872089123595 -1.9976490235861222, 44.46053319771313 -1.9948038060454745, 44.456193417558076 -1.9919599442845912, 44.45185274510819 -1.9891174446448283, 44.44751117681279 -1.986276313472561, 44.44316870911732 -1.9834365571526344, 44.43882533846552 -1.9805981820876952, 44.43448106130102 -1.9777611946804852, 44.43013587406729 -1.9749256013366583, 44.42578977320444 -1.9720914084971986, 44.42144275515054 -1.9692586226266189, 44.41709481634348 -1.966427250189858, 44.41274595322112 -1.9635972976534146, 44.40839616221862 -1.9607687715151152, 44.4040454397687 -1.9579416783018002, 44.399693782304006 -1.9551160245414043, 44.39534118625706 -1.9522918167626084, 44.390987648058385 -1.949469061521073, 44.386633164135866 -1.9466477654063656, 44.382277730917224 -1.9438279350102092, 44.37792134483013 -1.9410095769246283, 44.37356400230072 -1.938192697764316, 44.369205699752484 -1.9353773041819506, 44.36484643360869 -1.9325634028338359, 44.360486200292534 -1.9297510003763678, 44.356124996226114 -1.9269401034846074, 44.351762817829 -1.92413071887474, 44.34739966152039 -1.9213228532684374, 44.343035523719514 -1.9185165133873854, 44.33867040084479 -1.915711705968422, 44.33430428931227 -1.912908437791689, 44.32993718553764 -1.9101067156450187, 44.32556908593652 -1.907306546316242, 44.32119998692405 -1.9045079366053979, 44.316829884913275 -1.9017108933570743, 44.312458776316824 -1.8989154234260175, 44.3080866575473 -1.8961215336669743, 44.303713525016875 -1.8933292309446637, 44.299339375135766 -1.8905385221692559, 44.29496420431357 -1.88774941426386, 44.29058800895995 -1.8849619141515852, 44.28621078548435 -1.882176028763526, 44.28183253029524 -1.879391765075132, 44.27745323980073 -1.8766091300771712, 44.27307291040893 -1.8738281307604263, 44.2686915385278 -1.8710487741223962, 44.264309120564306 -1.868271067205074, 44.25992565292499 -1.8654950170685511, 44.25554113201644 -1.8627206307729696, 44.251155554245095 -1.8599479153841396, 44.24676891601689 -1.8571768780116438, 44.24238121373752 -1.8544075257854515, 44.23799244381259 -1.851639865835644, 44.23360260264777 -1.8488739052972165, 44.22921168664851 -1.8461096513483555, 44.22481969222011 -1.8433471111896829, 44.22042661576793 -1.8405862920220124, 44.21603245369732 -1.83782720105053, 44.21163720241379 -1.8350698455231131, 44.207240858322955 -1.8323142327117565, 44.202843417830444 -1.8295603698887257, 44.19844487734191 -1.8268082643303076, 44.19404523326356 -1.824057923355182, 44.189644482001945 -1.8213093543074486, 44.18524261996356 -1.8185625645315495, 44.18083964355506 -1.8158175613757592, 44.17643554918396 -1.8130743522306938, 44.17203033325832 -1.8103329445132863, 44.16762399218629 -1.807593345640868, 44.16321652237607 -1.8048555630345566, 44.158807920237166 -1.8021196041580625, 44.154398182179904 -1.7993854765019022, 44.149987304614626 -1.7966531875570075, 44.145575283951814 -1.793922744818204, 44.141162116603674 -1.7911941558234472, 44.136747798983464 -1.7884674281375412, 44.13233232750448 -1.7857425693256952, 44.12791569858019 -1.7830195869572734, 44.123497908626234 -1.780298488645628, 44.1190789540595 -1.777579282030566, 44.11465883129697 -1.7748619747522607, 44.110237536755804 -1.7721465744554767, 44.10581506685585 -1.769433088830108, 44.10139141801842 -1.7667215255916597, 44.09696658666487 -1.7640118924559296, 44.092540569216844 -1.761304197143964, 44.08811336209921 -1.7585984474233185, 44.083684961738456 -1.7558946510858522, 44.079255364561085 -1.7531928159236354, 44.07482456699405 -1.7504929497349069, 44.070392565468076 -1.747795060365968, 44.06595935641561 -1.7450991556856708, 44.0615249362691 -1.7424052435629935, 44.05708930146165 -1.739713331874342, 44.05265244843071 -1.7370234285457833, 44.04821437361551 -1.7343355415237525, 44.04377507345527 -1.7316496787547482, 44.03933454439014 -1.728965848194384, 44.034892782865214 -1.7262840578494378, 44.03044978532729 -1.7236043157445196, 44.02600554822325 -1.7209266299042594, 44.021560068001136 -1.7182510083646503, 44.017113341114644 -1.7155774592139892, 44.01266536401911 -1.7129059905556148, 44.00821613316982 -1.710236610492868, 44.0037656450238 -1.7075693271433996, 43.99931389604433 -1.7049041486776262, 43.994860882696095 -1.702241083278113, 43.990406601443794 -1.6995801391274448, 43.98595104875447 -1.6969213244263996, 43.98149422110171 -1.6942646474282446, 43.97703611496035 -1.691610116395661, 43.9725767268052 -1.6889577395914368, 43.96811605311434 -1.6863075253010553, 43.96365409037303 -1.6836594818604036, 43.95919083506753 -1.681013617612155, 43.95472628368411 -1.678369940899353, 43.95026043271333 -1.6757284600932956, 43.94579327865293 -1.673089183612929, 43.941324818001306 -1.670452119881785, 43.93685504725705 -1.6678172773243367, 43.93238396292428 -1.665184664399346, 43.92791156151418 -1.6625542896088632, 43.92343783953837 -1.6599261614577092, 43.918962793508825 -1.6573002884527166, 43.91448641994456 -1.654676679141345, 43.91000871537116 -1.652055342108752, 43.90552967631445 -1.6494362859415233, 43.90104929930098 -1.6468195192300945, 43.89656758086594 -1.6442050506115933, 43.892084517550344 -1.6415928887542128, 43.88760010589532 -1.6389830423267076, 43.88311434244327 -1.636375520004625, 43.87862722374692 -1.6337703305153102, 43.87413874636367 -1.631167482609961, 43.86964890685099 -1.6285669850399027, 43.86515770176864 -1.6259688465677313, 43.86066512768806 -1.623373076010996, 43.85617118118408 -1.6207796822039668, 43.851675858831626 -1.618188673980928, 43.84717915720957 -1.6156000601939415, 43.84268107290901 -1.6130138497499862, 43.83818160252346 -1.6104300515666112, 43.83368074264642 -1.6078486745615788, 43.82917848987763 -1.6052697276788812, 43.824674840828905 -1.6026932199137371, 43.82016979211348 -1.6001191602672884, 43.81566334034483 -1.5975475577416967, 43.81115548214538 -1.594978421374887, 43.80664621414861 -1.5924117602491024, 43.80213553298869 -1.5898475834493428, 43.79762343530058 -1.5872859000635824, 43.79310991773112 -1.584726719224945, 43.78859497693637 -1.5821700501016318, 43.78407860957269 -1.5796159018627656, 43.77956081229823 -1.5770642836842301, 43.77504158178588 -1.574515204794589, 43.77052091471529 -1.571968674447117, 43.76599880776625 -1.569424701895233, 43.76147525762233 -1.5668832964055865, 43.75695026098362 -1.5643444673011293, 43.7524238145545 -1.5618082239197795, 43.74789591503943 -1.5592745755995443, 43.74336655914994 -1.5567435317014764, 43.73883574361409 -1.5542151016404417, 43.73430346516231 -1.5516892948389753, 43.72976972052531 -1.549166120720492, 43.725234506445034 -1.5466455887433521, 43.720697819678286 -1.544127708411703, 43.71615965698277 -1.54161248923279, 43.71162001511736 -1.5390999407171986, 43.707078890856714 -1.536590072422033, 43.702536280987 -1.5340828939385336, 43.697992182294634 -1.5315784148587275, 43.69344659156915 -1.5290766447832602, 43.68889950561946 -1.526577593367481, 43.684350921262066 -1.5240812702881292, 43.67980083531356 -1.5215876852220052, 43.67524924459719 -1.5190968478639963, 43.67069614595698 -1.5166087679648952, 43.666141536241014 -1.5141234552862628, 43.661585412297526 -1.5116409195901817, 43.657027770986986 -1.5091611706700978, 43.652468609188794 -1.5066842183680471, 43.64790792378399 -1.504210072530242, 43.643345711654746 -1.5017387430057731, 43.638781969701604 -1.4992702396887498, 43.634216694839665 -1.4968045725089714, 43.62964988398436 -1.4943417513972148, 43.625081534054914 -1.4918817862929712, 43.620511641993744 -1.4894246871902739, 43.61594020475228 -1.4869704641042172, 43.611367219281966 -1.48451912704997, 43.60679268254313 -1.4820706860625432, 43.602216591520495 -1.4796251512318312, 43.59763894320301 -1.4771825326571395, 43.59305973458005 -1.4747428404387022, 43.58847896265735 -1.4723060847118092, 43.583896624461524 -1.4698722756566946, 43.57931271702062 -1.4674414234565367, 43.57472723736491 -1.4650135382991645, 43.57014018254858 -1.4625886304214688, 43.56555154964011 -1.4601667100897864, 43.56096133570822 -1.4577477875708538, 43.556369537828445 -1.455331873144881, 43.55177615310453 -1.4529189771475144, 43.54718117864748 -1.4505091099286582, 43.54258461156848 -1.4481022818385723, 43.53798644899389 -1.4456985032560843, 43.533386688076135 -1.4432977846090087, 43.528785325970155 -1.4409001363299803, 43.52418235983263 -1.4385055688547257, 43.519577786845076 -1.4361140926636855, 43.51497160420758 -1.4337257182709133, 43.51036380912077 -1.4313404561912824, 43.505754398791595 -1.428958316950629, 43.501143370458344 -1.426579311128848, 43.49653072136899 -1.4242034493224773, 43.491916448771605 -1.4218307421282932, 43.48730054993008 -1.4194612001691385, 43.482683022138154 -1.4170948341171306, 43.47806386269284 -1.414731654649865, 43.47344306889301 -1.4123716724477928, 43.46882063806483 -1.4100148982345366, 43.46419656755561 -1.407661342767189, 43.45957085471329 -1.4053110168037175, 43.454943496893094 -1.4029639311132083, 43.45031449148522 -1.400620096517573, 43.4456838358902 -1.3982795238543935, 43.4410515275088 -1.3959422239615964, 43.436417563760656 -1.3936082077043406, 43.43178194209757 -1.3912774859944288, 43.427144659974594 -1.3889500697482458, 43.42250571484936 -1.3866259698858627, 43.41786510421164 -1.384305197371717, 43.413222825572355 -1.381987763199583, 43.40857887644281 -1.3796736783637569, 43.40393325434482 -1.377362953872407, 43.39928595683892 -1.37505560078495, 43.39463698149461 -1.3727516301726377, 43.38998632588202 -1.370451053107552, 43.38533398759633 -1.3681538806934082, 43.380679964264985 -1.3658601240746642, 43.37602425351756 -1.3635697943984648, 43.37136685298862 -1.3612829028180533, 43.36670776035164 -1.3589994605335538, 43.36204697329803 -1.3567194787668297, 43.357384489519376 -1.3544429687399362, 43.35272030672453 -1.3521699416948012, 43.34805442266307 -1.3499004089202675, 43.343386835090406 -1.3476343817119432, 43.33871754176414 -1.345371871367787, 43.33404654047655 -1.3431128892239037, 43.329373829048144 -1.3408574466473693, 43.32469940530026 -1.3386055550061562, 43.32002326706504 -1.336357225679616, 43.315345412219926 -1.3341124700944316, 43.310665838654046 -1.3318712996895903, 43.30598454425732 -1.3296337259048308, 43.30130152694873 -1.3273997602088279, 43.296616784684744 -1.3251694141076726, 43.29193031542441 -1.3229426991099424, 43.287242117133424 -1.320719626730556, 43.28255218782334 -1.3185002085278856, 43.27786052552497 -1.316284456078518, 43.273167128269414 -1.3140723809592822, 43.26847199411113 -1.3118639947680915, 43.263775121149784 -1.3096593091434545, 43.25907650749013 -1.307458335728494, 43.254376151241125 -1.3052610861698788, 43.24967405055611 -1.3030675721522027, 43.24497020361544 -1.3008778053830554, 43.24026460859987 -1.2986917975703733, 43.23555726370894 -1.29650956043729, 43.230848167192924 -1.294331105747892, 43.226137317310545 -1.292156445273089, 43.2214247123232 -1.28998559078583, 43.21671035053473 -1.2878185540914584, 43.21199423028302 -1.285655347021287, 43.20727634990686 -1.2834959814073605, 43.20255670776059 -1.281340469092894, 43.19783530225321 -1.2791888219604515, 43.1931121318057 -1.2770410519012518, 43.188387194840885 -1.2748971708077566, 43.183660489822365 -1.2727571906000523, 43.178932015253785 -1.2706211232253175, 43.17420176964038 -1.2684889806318682, 43.169469751501005 -1.2663607747766183, 43.16473595941199 -1.2642365176530894, 43.16000039196506 -1.262116221264546, 43.155263047753245 -1.2599998976150921, 43.15052392540974 -1.2578875587326661, 43.14578302361234 -1.255779216671817, 43.14104034104127 -1.2536748834884945, 43.13629587638939 -1.2515745712456823, 43.131549628409694 -1.2494782920397511, 43.126801595873005 -1.2473860579769755, 43.12205177755148 -1.245297881164287, 43.11730017225775 -1.2432137737295519, 43.11254677885267 -1.241133747825469, 43.107791596199824 -1.2390578156061738, 43.1030346231757 -1.2369859892319375, 43.09827585871959 -1.2349182808930297, 43.09351530179003 -1.2328547027888783, 43.088752951346876 -1.2307952671195113, 43.08398880639265 -1.228739986103689, 43.07922286598002 -1.2266888719822044, 43.07445512916453 -1.2246419369971127, 43.06968559501588 -1.222599193396143, 43.06491426266958 -1.2205606534534705, 43.06014113128035 -1.218526329450974, 43.055366200004634 -1.2164962336711587, 43.05058946804523 -1.214470378413482, 43.04581093465557 -1.2124487759959068, 43.041030599091634 -1.2104314387373338, 43.03624846062615 -1.2084183789621514, 43.031464518600714 -1.2064096090173746, 43.02667877237477 -1.2044051412558479, 43.02189122131019 -1.2024049880311367, 43.01710186482066 -1.2004091617119452, 43.01231070236921 -1.1984176746813655, 43.00751773342077 -1.1964305393230594, 43.002722957461366 -1.1944477680260959, 42.99792637404842 -1.1924693731978848, 42.993127982754494 -1.1904953672497207, 42.988327783156066 -1.1885257625937582, 42.98352577488845 -1.186560571655185, 42.97872195763278 -1.1845998068693164, 42.97391633107137 -1.182643480671743, 42.96910889491424 -1.1806916055032093, 42.964299648943786 -1.1787441938179533, 42.95948859295409 -1.1768012580723923, 42.954675726745634 -1.1748628107239178, 42.949861050185945 -1.1729288642400946, 42.94504456318244 -1.1709994310945433, 42.94022626564334 -1.1690745237610027, 42.93540615751382 -1.1671541547175401, 42.93058423880973 -1.1652383364505126, 42.925760509554856 -1.1633270814472139, 42.92093496978385 -1.1614204021958365, 42.916107619606365 -1.159518311190816, 42.91127845916401 -1.1576208209292473, 42.90644748859968 -1.1557279439082886, 42.90161470810501 -1.1538396926274987, 42.896780117937006 -1.1519560795896495, 42.8919437183573 -1.1500771172977393, 42.88710550964555 -1.148202818255044, 42.88226549216253 -1.1463331949660813, 42.87742366629168 -1.1444682599357174, 42.87258003241971 -1.142608025668759, 42.867734590995795 -1.1407525046688696, 42.86288734252518 -1.1389017094386904, 42.858038287515065 -1.1370556524808233, 42.85318742650244 -1.135214346296323, 42.84833476010618 -1.1333778033819872, 42.84348028895911 -1.131546036233888, 42.83862401370186 -1.1297190573474318, 42.833765935051204 -1.1278968792115216, 42.82890605376697 -1.1260795143113833, 42.82404437061013 -1.1242669751321246, 42.8191808863875 -1.122459274153398, 42.814315601981605 -1.1206564238458494, 42.809448518282075 -1.1188584366792804, 42.80457963619489 -1.1170653251209972, 42.79970895671236 -1.115277101625152, 42.79483648085513 -1.1134937786415784, 42.78996220964684 -1.111715368619556, 42.78508614417567 -1.109941883996358, 42.780208285592515 -1.108173337197616, 42.775328635050776 -1.106409740648472, 42.77044719373524 -1.104651106767206, 42.765563962918414 -1.102897447952822, 42.76067894388812 -1.1011487766009675, 42.75579213794108 -1.0994051051050466, 42.75090354645615 -1.0976664458376653, 42.74601317085673 -1.095932811160167, 42.741121012567596 -1.0942042134335062, 42.73622707306582 -1.092480665003651, 42.73133135390638 -1.090762178194207, 42.72643385665066 -1.0890487653269532, 42.72153458288101 -1.0873404387169316, 42.716633534272354 -1.085637210649497, 42.71173071252507 -1.0839390934018294, 42.7068261193444 -1.0822460992493887, 42.701919756510556 -1.0805582404410332, 42.69701162586274 -1.0788755292047014, 42.69210172924199 -1.0771979777676695, 42.6871900685312 -1.07552559834092, 42.68227664570171 -1.073858403101026, 42.67736146273604 -1.0721964042201921, 42.67244452163144 -1.0705396138643979, 42.66752582447753 -1.0688880441604802, 42.66260537339978 -1.0672417072201024, 42.65768317052646 -1.065600615153629, 42.65275921805371 -1.063964780040322, 42.647833518247985 -1.0623342139272016, 42.642906073379024 -1.0607089288597686, 42.637976885750824 -1.0590889368666228, 42.63304595776211 -1.057474249929603, 42.62811329182784 -1.0558648800225314, 42.623178890373936 -1.0542608391134285, 42.618242755916754 -1.0526621391224558, 42.61330489101725 -1.051068791946208, 42.60836529823834 -1.049480809480153, 42.603423980205044 -1.0478982035846767, 42.59848093962073 -1.0463209860758789, 42.593536179193826 -1.0447491687670236, 42.588589701661945 -1.0431827634537916, 42.58364150986091 -1.041621781872835, 42.578691606647105 -1.0400662357484314, 42.573739994885734 -1.038516136799217, 42.568786677530426 -1.0369714966874177, 42.563831657585645 -1.0354323270427879, 42.558874938057684 -1.0338986394938936, 42.55391652201097 -1.032370445629996, 42.54895641259346 -1.0308477569839585, 42.54399461295955 -1.0293305850842855, 42.53903112628997 -1.0278189414406806, 42.534065955865316 -1.0263128374916166, 42.52909910498978 -1.0248122846587002, 42.52413057697534 -1.0233172943577136, 42.5191603752209 -1.0218278779390495, 42.51418850318 -1.0203440467119824, 42.50921496430804 -1.0188658119843905, 42.50423976211646 -1.0173931850197815, 42.49926290020284 -1.0159261770135097, 42.494284382172104 -1.0144647991551374, 42.4893042116542 -1.0130090626133974, 42.48432239237954 -1.0115589784735235, 42.47933892810363 -1.0101145577998316, 42.47435382258941 -1.008675811650231, 42.46936707968603 -1.0072427510073834, 42.46437870329879 -1.0058153868050408, 42.4593886973348 -1.0043937299752965, 42.454397065756694 -1.0029777913995381, 42.44940381261374 -1.001567581879915, 42.444408941962806 -1.000163112211684, 42.439412457885624 -0.9987643931662775, 42.4344143645642 -0.9973714354193647, 42.42941466620571 -0.9959842496225577, 42.424413367024776 -0.9946028464199786, 42.41941047132235 -0.9932272363691043, 42.41440598345492 -0.9918574299717172, 42.409399907780866 -0.9904934377276862, 42.40439224871416 -0.9891352700795998, 42.399383010753745 -0.9877829373826185, 42.394372198405705 -0.986436449984537, 42.3893598162019 -0.9850958182047713, 42.384345868773906 -0.9837610522530382, 42.3793303607773 -0.9824321623125515, 42.37431329687568 -0.981109158557473, 42.36929468181903 -0.9797920510633817, 42.364274520410525 -0.9784808498452718, 42.3592528174552 -0.9771755649159052, 42.35422957781523 -0.9758762062203435, 42.34920480643532 -0.9745827836056902, 42.34417850826668 -0.973295306911387, 42.33915068828743 -0.9720137859435055, 42.33412135157311 -0.9707382303877008, 42.329090503221146 -0.9694686499024747, 42.32405814833764 -0.9682050541351668, 42.31902429211503 -0.9669474526219105, 42.31398893979523 -0.9656958548350206, 42.30895209662212 -0.9644502702441948, 42.303913767897974 -0.9632107082408274, 42.29887395900347 -0.9619771781109309, 42.29383267532493 -0.9607496891330866, 42.288789922277054 -0.9595282505460613, 42.283745705368915 -0.9583128714568075, 42.27870003012902 -0.9571035609450368, 42.273652902095414 -0.955900328076619, 42.26860432689163 -0.9547031817929542, 42.26355431018645 -0.9535121309696158, 42.258502857650704 -0.9523271844790298, 42.25344997501441 -0.9511483511039522, 42.24839566808106 -0.9499756395158125, 42.24333994265866 -0.9488090583790656, 42.238282804585126 -0.9476486163111005, 42.23322425978849 -0.9464943217870344, 42.22816431421375 -0.9453461832552074, 42.22310297381616 -0.9442042091470357, 42.21804024463471 -0.9430684077564516, 42.212976132748985 -0.941938787310546, 42.20791064424085 -0.9408153560325814, 42.20284378525122 -0.9396981220446426, 42.19777556198897 -0.9385870933526537, 42.192705980666624 -0.9374822779560681, 42.187635047527394 -0.9363836837997895, 42.18256276889943 -0.9352913186770695, 42.177489151125634 -0.9342051903550196, 42.17241420055964 -0.9331253065806356, 42.16733792363563 -0.9320516749512547, 42.16226032682406 -0.9309843029967431, 42.15718141659777 -0.9299231982423847, 42.15210119948737 -0.9288683681014983, 42.14701968208555 -0.9278198198669918, 42.141936870988204 -0.9267775608257005, 42.136852772821506 -0.9257415982030033, 42.1317673942909 -0.9247119390641811, 42.12668074211449 -0.923688590448774, 42.121592823021274 -0.9226715593733678, 42.11650364381624 -0.9216608526941129, 42.11141321133681 -0.9206564771987008, 42.10632153242275 -0.9196584396695889, 42.10122861396876 -0.9186667467681697, 42.09613446292611 -0.9176814050310137, 42.09103908624873 -0.9167024209887905, 42.08594249091949 -0.9157298011053825, 42.080844683994165 -0.9147635516767013, 42.0757456725397 -0.9138036789726685, 42.070645463633404 -0.9128501892383616, 42.06554406442269 -0.9119030885495482, 42.06044148208423 -0.9109623829113677, 42.055337723796875 -0.9100280783234004, 42.05023279678992 -0.9091001806577661, 42.0451267083441 -0.9081786956562806, 42.04001946574258 -0.9072636290546945, 42.034911076294684 -0.9063549865193307, 42.02980154737589 -0.9054527735409357, 42.02469088637202 -0.9045569955829246, 42.019579100677866 -0.9036676580834839, 42.014466197751375 -0.9027847663047102, 42.00935218507731 -0.9019083254336535, 42.00423707014229 -0.9010383406520865, 41.99912086047681 -0.900174817013908, 41.99400356365801 -0.8993177594375618, 41.98888518726522 -0.8984671728348521, 41.98376573890014 -0.8976230620480106, 41.978645226224224 -0.8967854317328564, 41.97352365690884 -0.8959542865143169, 41.96840103863253 -0.8951296309938486, 41.96327737912851 -0.8943114695942603, 41.95815268615512 -0.8934998066562144, 41.953026967472056 -0.8926946465157536, 41.94790023087582 -0.8918959933813413, 41.94277248420562 -0.8911038513135782, 41.93764373530305 -0.890318224364754, 41.932513992026806 -0.8895391165241344, 41.927383262287535 -0.8887665315900515, 41.92225155400561 -0.8880004733248176, 41.91711887510651 -0.8872409454709843, 41.911985233560976 -0.8864879515934962, 41.90685063736371 -0.885741495163411, 41.90171509451032 -0.8850015796481534, 41.89657861302474 -0.8842682083963184, 41.891441200969275 -0.8835413845956608, 41.886302866408975 -0.882821111422508, 41.88116361742067 -0.8821073920001358, 41.87602346212491 -0.8814002292550677, 41.87088240865236 -0.8806996260682268, 41.865740465136696 -0.8800055853061424, 41.86059763974647 -0.8793181096656162, 41.855453940673115 -0.8786372017328024, 41.85030937610864 -0.8779628640906599, 41.84516395426459 -0.8772950992191341, 41.84001768338601 -0.8766339094220668, 41.83487057172115 -0.8759792969860524, 41.82972262752514 -0.8753312641580209, 41.8245738590875 -0.8746898129874904, 41.81942427470827 -0.8740549454626827, 41.814273882688944 -0.8734266635633228, 41.80912269135508 -0.8728049691160561, 41.80397070905321 -0.8721898638146462, 41.79881794413063 -0.8715813493481666, 41.79366440494597 -0.8709794273254947, 41.78851009988494 -0.8703840991646961, 41.783355037337145 -0.8697953662560679, 41.77819922569541 -0.8692132299647608, 41.773042673376175 -0.8686376914677642, 41.76788538880664 -0.8680687518568264, 41.76272738041441 -0.8675064122198155, 41.75756865664097 -0.8669506735185847, 41.75240922594523 -0.8664015365559861, 41.74724909678728 -0.8658590021247059, 41.742088277632135 -0.8653230709644473, 41.7369267769635 -0.8647937436163644, 41.731764603269404 -0.8642710205751114, 41.72660176503888 -0.8637549023230707, 41.721438270773774 -0.8632453891779761, 41.71627412898512 -0.8627424813398595, 41.71110934818416 -0.8622461790056053, 41.70594393688771 -0.8617564822827046, 41.70077790362395 -0.8612733910951388, 41.69561125692246 -0.8607969053443556, 41.690444005314085 -0.860327024904012, 41.68527615733831 -0.8598637494593669, 41.680107721538214 -0.859407078617454, 41.67493870645704 -0.8589570119814457, 41.66976912064165 -0.8585135490292293, 41.66459897264361 -0.8580766890841185, 41.65942827101473 -0.8576464314598781, 41.65425702430748 -0.8572227754206837, 41.64908524107693 -0.8568057200366185, 41.64391292987883 -0.8563952643302869, 41.63874009926889 -0.8559914073144075, 41.633566757802335 -0.855594147847696, 41.62839291403406 -0.8552034846671329, 41.623218576518966 -0.8548194165061522, 41.61804375381047 -0.8544419420229925, 41.61286845445845 -0.8540710596919941, 41.607692687012204 -0.8537067679599066, 41.60251646002039 -0.8533490652543715, 41.59733978202537 -0.8529979498309719, 41.592162661566164 -0.8526534198542011, 41.58698510718172 -0.8523154734863729, 41.581807127405696 -0.8519841087909317, 41.576628730763 -0.8516593236668256, 41.57144992577769 -0.8513411159974513, 41.566270720971694 -0.8510294836355701, 41.56109112485442 -0.8507244242514382, 41.555911145930594 -0.8504259354480044, 41.550730792704634 -0.8501340148246114, 41.5455500736706 -0.8498486598624082, 41.54036899730991 -0.8495698678986124, 41.53518757210326 -0.849297636261731, 41.53000580652693 -0.8490319622383078, 41.52482370903822 -0.8487728429339639, 41.519641288089346 -0.8485202754055738, 41.51445855213175 -0.8482742567037473, 41.50927550960073 -0.8480347837475184, 41.5040921689162 -0.8478018533309308, 41.49890853849754 -0.8475754622430747, 41.49372462675669 -0.8473556072208979, 41.48854044208103 -0.847142284826238, 41.48335599285273 -0.846935491584209, 41.47817128745251 -0.8467352240109687, 41.47298633423901 -0.8465414784839262, 41.46780114155347 -0.8463542512712098, 41.462615717736654 -0.8461735386379196, 41.45743007111872 -0.8459993367898647, 41.452244210000124 -0.8458316417657112, 41.44705814267607 -0.8456704495748855, 41.441871877439624 -0.8455157562158995, 41.436685422556124 -0.8453675575465682, 41.43149878627158 -0.8452258493269021, 41.42631197683159 -0.8450906273147871, 41.42112500246821 -0.8449618872056416, 41.41593787137896 -0.8448396245356418, 41.41075059175593 -0.8447238348159585, 41.405563171788444 -0.8446145135461087, 41.40037561963306 -0.844511656087262, 41.395187943424894 -0.844415257709947, 41.39000015129858 -0.844325313682947, 41.384812251372985 -0.8442418192135823, 41.37962425172767 -0.8441647693566559, 41.37443616043621 -0.8440941591437185, 41.3692479855691 -0.8440299835953147, 41.36405973516001 -0.8439722375996156, 41.358871417218204 -0.8439209159572335, 41.35368303975247 -0.8438760134671048, 41.3484946107546 -0.8438375248716404, 41.34330613817226 -0.8438054447661024, 41.338117629945955 -0.8437797677221126, 41.33292909401333 -0.843760488302152, 41.32774053827225 -0.8437476009456313, 41.322551970592194 -0.8437411000037809, 41.31736339884203 -0.8437409798258741, 41.3121748308739 -0.843747234712935, 41.30698627449073 -0.8437598588234431, 41.30179773748644 -0.8437788462896814, 41.29660922765243 -0.8438041912374031, 41.29142075273948 -0.8438358876819704, 41.28623232046433 -0.8438739295467566, 41.281043938542716 -0.8439183107523258, 41.275855614675585 -0.8439690251816022, 41.27066735650978 -0.844026066580182, 41.26547917167984 -0.8440894286623513, 41.26029106781873 -0.8441591051385905, 41.25510305251989 -0.8442350896251171, 41.249915133335705 -0.8443173756400011, 41.24472731781659 -0.8444059566967275, 41.239539613501265 -0.8445008262825082, 41.23435202787095 -0.8446019777552911, 41.229164568389145 -0.8447094044333381, 41.22397724251863 -0.8448230996332915, 41.21879005768676 -0.8449430565968411, 41.21360302127119 -0.8450692684604766, 41.208416140645866 -0.8452017283528086, 41.203229423176786 -0.8453404293865799, 41.19804287617176 -0.8454853645583269, 41.19285650691271 -0.8456365268129139, 41.18767032268128 -0.84579390909462, 41.182484330730695 -0.8459575042941472, 41.17729853825544 -0.8461273051915253, 41.172112952442866 -0.8463033045530967, 41.16692758047588 -0.8464854951374821, 41.161742429482906 -0.8466738696061277, 41.156557506555146 -0.8468684205540719, 41.15137281878302 -0.8470691405750616, 41.14618837323761 -0.8472760222302165, 41.14100417692431 -0.8474890579699232, 41.13582023683458 -0.8477082402210977, 41.13063655995825 -0.8479335614080882, 41.12545315323953 -0.8481650138824189, 41.12027002357153 -0.8484025899141938, 41.115087177844714 -0.8486462817692247, 41.10990462293889 -0.8488960816973132, 41.10472236566737 -0.84915198184785, 41.09954041281771 -0.8494139743313862, 41.09435877117718 -0.8496820512580487, 41.08917744750082 -0.849956204691905, 41.08399644847913 -0.8502364266048084, 41.078815780794905 -0.8505227089576219, 41.07363545112676 -0.8508150437055436, 41.06845546609496 -0.8511134227248278, 41.06327583227693 -0.8514178378338061, 41.05809655624909 -0.8517282808494765, 41.05291764457049 -0.8520447435665174, 41.04773910372822 -0.8523672176875192, 41.04256094019082 -0.8526956948913247, 41.037383160426046 -0.853030166855804, 41.0322057708597 -0.8533706252080128, 41.02702877785599 -0.8537170615003143, 41.021852187774186 -0.8540694672790992, 41.01667600696696 -0.8544278340832295, 41.0115002417213 -0.8547921533762122, 41.00632489828632 -0.8551624165781557, 41.00114998291072 -0.8555386151086444, 40.995975501821185 -0.8559207403634551, 40.99080146117029 -0.8563087836579606, 40.98562786709497 -0.8567027362905777, 40.98045472573099 -0.8571025895585243, 40.9752820431676 -0.8575083347113686, 40.97010982543309 -0.85791996293617, 40.96493807855157 -0.858337465415748, 40.9597668085399 -0.8587608333258484, 40.95459602134632 -0.8591900577758831, 40.949425722881635 -0.8596251298389773, 40.944255919056246 -0.8600660405878844, 40.939086615758406 -0.8605127810751095, 40.93391781880023 -0.8609653422836981, 40.92874953397761 -0.8614237151818139, 40.923581767085444 -0.8618878907368055, 40.9184145238734 -0.8623578598771231, 40.913247810026974 -0.8628336134760373, 40.90808163122677 -0.8633151424026233, 40.902915993147495 -0.8638024375211677, 40.89775090139694 -0.8642954896416997, 40.892586361540495 -0.8647942895399027, 40.88742237914295 -0.865298827990917, 40.882258959751155 -0.8658090957563074, 40.87709610883459 -0.8663250835386936, 40.871933831841616 -0.8668467820246981, 40.866772134220305 -0.8673741819006916, 40.86161102138089 -0.8679072738260631, 40.856450498662795 -0.8684460484096678, 40.851290571397705 -0.868990496254807, 40.8461312449141 -0.8695406079626655, 40.84097252448113 -0.8700963740947854, 40.835814415315284 -0.8706577851775017, 40.83065692263118 -0.8712248317359266, 40.82550005163272 -0.8717975042884665, 40.820343807449085 -0.8723757933069441, 40.81518819517785 -0.8729596892434136, 40.81003321991637 -0.8735491825498496, 40.80487888673716 -0.8741442636637474, 40.79972520063528 -0.8747449229776301, 40.79457216659083 -0.8753511508753143, 40.78941978958312 -0.8759629377401953, 40.784268074547334 -0.8765802739318669, 40.77911702635182 -0.8772031497738737, 40.773966649859325 -0.8778315555867551, 40.76881694992861 -0.8784654816890428, 40.76366793135591 -0.8791049183680739, 40.758519598888064 -0.8797498558865715, 40.75337195727063 -0.8804002845065905, 40.74822501123793 -0.8810561944850459, 40.74307876544935 -0.8817175760444115, 40.737933224533414 -0.882384419393006, 40.732788393118604 -0.8830567147391041, 40.72764427581005 -0.8837344522811595, 40.722500877135424 -0.884417622185027, 40.71735820160638 -0.8851062146098068, 40.712216253734084 -0.8858002197144244, 40.707075037990336 -0.8864996276426891, 40.70193455877732 -0.8872044285117576, 40.6967948204902 -0.887914612436073, 40.691655827521735 -0.8886301695292392, 40.686517584209 -0.8893510898855745, 40.681380094833514 -0.890077363580115, 40.67624336367433 -0.8908089806870582, 40.67110739500375 -0.8915459312784939, 40.66597219302553 -0.8922882054052063, 40.66083776190361 -0.8930357931056129, 40.65570410580149 -0.8937886844179793, 40.65057122886848 -0.8945468693766735, 40.645439135178236 -0.895310337995204, 40.64030782877922 -0.8960790802801273, 40.63517731371984 -0.8968530862379923, 40.63004759402372 -0.8976323458693689, 40.624918673639144 -0.8984168491566508, 40.619790556500085 -0.8992065860787881, 40.61466324654017 -0.9000015466146527, 40.60953674765549 -0.9008017207353357, 40.604411063673616 -0.9016070983977116, 40.59928619841478 -0.9024176695571379, 40.59416215569759 -0.9032334241686859, 40.589038939290575 -0.9040543521787014, 40.58391655290421 -0.9048804435234215, 40.578795000245734 -0.905711688138517, 40.57367428501825 -0.9065480759590705, 40.56855441086397 -0.9073895969115524, 40.563435381379065 -0.908236240915916, 40.5583172001586 -0.9090879978919536, 40.553199870789456 -0.9099448577585648, 40.54808339678989 -0.910806810427143, 40.54296778164386 -0.9116738458053272, 40.53785302883505 -0.9125459538007293, 40.532739141833495 -0.9134231243198964, 40.5276261240365 -0.9143053472637195, 40.52251397881736 -0.9151926125312192, 40.51740270954932 -0.9160849100214155, 40.51229231958498 -0.916982229632366, 40.507182812204114 -0.917884561258744, 40.50207419067053 -0.9187918947944795, 40.4969664582479 -0.9197042201334998, 40.49185961817129 -0.9206215271692805, 40.48675367360632 -0.9215438057941989, 40.481648627708296 -0.9224710459004697, 40.476544483632104 -0.9234032373803149, 40.47144124449592 -0.9243403701264935, 40.46633891335406 -0.9252824340327039, 40.46123749325439 -0.926229418992738, 40.45613698724365 -0.9271813149004389, 40.45103739832449 -0.928138111651623, 40.44593872944226 -0.9290997991446656, 40.440840983538514 -0.9300663672781126, 40.43574416355258 -0.9310378059506761, 40.43064827237319 -0.93201410506483, 40.42555331283887 -0.9329952545267884, 40.42045928778596 -0.9339812442429251, 40.41536620004711 -0.9349720641199946, 40.41027405239926 -0.9359677040705521, 40.405182847575816 -0.9369681540116676, 40.400092588309086 -0.9379734038605304, 40.395003277325976 -0.9389834435350468, 40.389914917293666 -0.9399982629610558, 40.38482751084217 -0.9410178520693351, 40.37974106060092 -0.9420422007907371, 40.37465556919204 -0.9430712990572986, 40.36957103917524 -0.9441051368111735, 40.36448747307859 -0.9451437039996435, 40.35940487342991 -0.9461869905700298, 40.35432324274769 -0.9472349864714305, 40.34924258348642 -0.9482876816651566, 40.34416289807361 -0.9493450661176542, 40.339084188936745 -0.9504071297953874, 40.33400645849195 -0.9514738626672931, 40.32892970909064 -0.9525452547164919, 40.323853943061216 -0.9536212959311511, 40.31877916273202 -0.9547019762994432, 40.31370537041828 -0.9557872858127898, 40.30863256837049 -0.9568772144786301, 40.30356075881921 -0.9579717523093313, 40.29848994399501 -0.9590708893172627, 40.293420126113716 -0.9601746155188521, 40.28835130732695 -0.9612829209482301, 40.283283489768785 -0.9623957956443492, 40.278216675573326 -0.9635132296461626, 40.27315086685866 -0.9646352129974841, 40.26808606567943 -0.9657617357613737, 40.263022274074636 -0.9668927880056545, 40.257959494083266 -0.9680283597981498, 40.25289772772733 -0.96916844121229, 40.2478369769665 -0.9703130223422041, 40.24277724374594 -0.9714620932867948, 40.237718530010866 -0.9726156441449663, 40.23266083768911 -0.9737736650218692, 40.22760416864704 -0.9749361460447201, 40.222548524737476 -0.9761030773456053, 40.21749390781324 -0.977274449056612, 40.21244031970972 -0.9784502513165702, 40.20738776220184 -0.9796304742877036, 40.20233623705141 -0.980815108137305, 40.19728574602024 -0.9820041430326674, 40.19223629085313 -0.9831975691481456, 40.18718787323529 -0.9843953766827801, 40.182140494838926 -0.9855975558410042, 40.177094157336256 -0.9868040968272495, 40.172048862383264 -0.9880149898531259, 40.16700461157722 -0.9892302251561881, 40.16196140650216 -0.9904497929798529, 40.15691924874208 -0.9916736835675366, 40.15187813986594 -0.9929018871697342, 40.14683808138484 -0.9941343940641003, 40.141799074796026 -0.9953711945348034, 40.13676112159672 -0.9966122788660123, 40.13172422327056 -0.9978576373486597, 40.12668838124426 -0.9991072603019541, 40.121653596929704 -1.0003611380524897, 40.116619871738784 -1.0016192609268622, 40.11158720707144 -1.0028816192579224, 40.106555604271904 -1.0041482034077613, 40.101525064668095 -1.0054190037470032, 40.09649558958795 -1.0066940106462752, 40.09146718034932 -1.0079732144817826, 40.08643983821577 -1.0092566056596846, 40.08141356443274 -1.010544174596145, 40.07638836024566 -1.011835911707336, 40.07136422689174 -1.01313180741421, 40.066341165555826 -1.0144318521680487, 40.06131917740232 -1.015736036431993, 40.05629826359558 -1.017044350669211, 40.05127842529353 -1.0183567853467754, 40.04625966360427 -1.0196733309620074, 40.041241979612636 -1.0209939780263504, 40.036225374403344 -1.0223187170513268, 40.031209849056346 -1.0236475385514727, 40.02619540460493 -1.024980433070951, 40.02118204205592 -1.0263173911707524, 40.01616976241577 -1.0276584034120595, 40.011158566687726 -1.029003460358218, 40.0061484558322 -1.0303525526009236, 40.00113943077951 -1.031705670751812, 39.99613149245935 -1.0330628054229343, 39.99112464179937 -1.034423947227751, 39.98611887968898 -1.0357890868061195, 39.981114206983676 -1.0371582148213159, 39.97611062453779 -1.0385313219374281, 39.971108133204496 -1.0399083988193467, 39.966106733804 -1.0412894361556828, 39.961106427118686 -1.0426744246621475, 39.95610721392893 -1.0440633550559317, 39.9511090950146 -1.0454562180545943, 39.94611207112819 -1.0468530043961202, 39.94111614298093 -1.048253704849289, 39.93612131128064 -1.0496583101854309, 39.93112757673498 -1.051066811175988, 39.926134940030146 -1.0524791986090392, 39.921143401808195 -1.0538954633067985, 39.9161529627058 -1.0553155960956702, 39.911163623359634 -1.0567395878020684, 39.90617538439058 -1.0581674292650551, 39.901188246373806 -1.0595991113603958, 39.89620220987626 -1.0610346249704767, 39.89121727546483 -1.0624739609776854, 39.886233443695815 -1.0639171102732516, 39.88125071507995 -1.0653640637862394, 39.87626909011578 -1.0668148124558254, 39.87128856930188 -1.0682693472211873, 39.8663091531302 -1.0697276590271676, 39.86133084204967 -1.0711897388556222, 39.85635363649189 -1.0726555777032694, 39.85137753688845 -1.0741251665668672, 39.84640254366732 -1.0755984964463898, 39.841428657217946 -1.077075558375982, 39.83645587790663 -1.0785563434103953, 39.83148420609931 -1.0800408426046644, 39.82651364216032 -1.0815290470153436, 39.821544186421676 -1.0830209477285548, 39.816575839186164 -1.0845165358573046, 39.81160860075547 -1.0860158025155766, 39.806642471430735 -1.0875187388178693, 39.801677451488146 -1.0890253359022957, 39.796713541169076 -1.0905355849399132, 39.79175074071232 -1.0920494771042248, 39.78678905035655 -1.0935670035688152, 39.781828470323035 -1.0950881555243253, 39.77686900079411 -1.0966129241993257, 39.771910641946896 -1.098141300827499, 39.76695339395852 -1.099673276642528, 39.76199725699545 -1.1012088428887927, 39.757042231184194 -1.102747990850825, 39.75208831664188 -1.1042907118225738, 39.74713551348565 -1.1058369970979884, 39.74218382182685 -1.1073868379770175, 39.73723324173832 -1.1089402257995256, 39.73228377327722 -1.1104971519216678, 39.72733541650064 -1.112057607699648, 39.72238817146336 -1.1136215844921278, 39.71744203819018 -1.1151890736896666, 39.712497016684985 -1.1167600667050945, 39.70755310695119 -1.1183345549516974, 39.70261030899126 -1.1199125298438197, 39.697668622776604 -1.1214939828299784, 39.69272804824156 -1.1230789053994357, 39.687788585318295 -1.1246672890438398, 39.682850233938986 -1.1262591252548388, 39.67791299403579 -1.1278544055240802, 39.6729768655409 -1.1294531213432122, 39.66804184838648 -1.1310552642038825, 39.66310794250468 -1.132660825597739, 39.2329857502127 -0.071072529070628))