POLYGON ((32.94295601423652 -3.5592003396007375, 32.947994507479756 -3.5584030634530026, 32.95303216465165 -3.5576005223144715, 32.9580689812875 -3.5567927230881966, 32.96310495292255 -3.555979672677228, 32.968140075092116 -3.555161377984622, 32.973174343331465 -3.5543378459134303, 32.978207753175894 -3.553509083366706, 32.983240300160695 -3.552675097247503, 32.98827197984088 -3.5518358944771173, 32.993302787848656 -3.5509914820482034, 32.9983327198351 -3.5501418669708644, 33.003361771451296 -3.5492870562552055, 33.00838993836271 -3.5484270569238237, 33.01341721629181 -3.5475618760487713, 33.01844360097515 -3.546691520714333, 33.0234690881493 -3.5458159980047967, 33.02849367356622 -3.5449353150173555, 33.0335173530407 -3.5440494789017087, 33.03854012240345 -3.5431584968209022, 33.04356197748516 -3.5422623759379794, 33.04858291413106 -3.5413611234274986, 33.05360292824785 -3.5404547465128884, 33.05862201575857 -3.5395432524305424, 33.063640172586254 -3.5386266484168516, 33.068657394667696 -3.5377049417186495, 33.073673678001725 -3.5367781396297566, 33.078689018604585 -3.5358462494572067, 33.08370341249251 -3.53490927850803, 33.088716855694514 -3.533967234098451, 33.0937293443014 -3.5330201235892487, 33.09874087442274 -3.53206795435469, 33.10375144216804 -3.5311107337690455, 33.10876104365846 -3.530148469214524, 33.11376967507667 -3.529181168115501, 33.118777332625726 -3.5282088379103, 33.12378401250867 -3.527231486037256, 33.12878971093887 -3.5262491199413883, 33.1337944241906 -3.5252617471073413, 33.13879814856052 -3.524269375034285, 33.14380088034531 -3.523272011221411, 33.148802615850556 -3.5222696631734047, 33.15380335144182 -3.5212623384318933, 33.1588030835094 -3.520250044553731, 33.16380180844364 -3.51923278909582, 33.16879952264241 -3.518210579619438, 33.17379622256212 -3.517183423719967, 33.17879190468664 -3.5161513290088013, 33.18378656550001 -3.5151143030974286, 33.18878020149237 -3.5140723536006977, 33.19377280921046 -3.513025488164587, 33.19876438523162 -3.5119737144519223, 33.20375492613352 -3.5109170401256975, 33.20874442849861 -3.5098554728513838, 33.21373288896336 -3.5087890203224568, 33.218720304198385 -3.5077176902500837, 33.223706670874854 -3.5066414903457153, 33.2286919856675 -3.505560428322532, 33.23367624530194 -3.504474511918498, 33.23865944654174 -3.503383748890071, 33.243641586151426 -3.5022881469941547, 33.24862266089797 -3.501187713988788, 33.25360266759549 -3.5000824576534995, 33.258581603100104 -3.4989723857870043, 33.263559464269456 -3.497857506188696, 33.26853624796275 -3.4967378266586455, 33.27351195108194 -3.495613355015126, 33.27848657057515 -3.4944840990961152, 33.28346010339288 -3.49335006674058, 33.28843254648652 -3.4922112657878492, 33.293403896845184 -3.491067704092216, 33.298374151508405 -3.4899193895279486, 33.30334330751915 -3.488766329970701, 33.30831136192089 -3.4876085332962923, 33.313278311789425 -3.4864460073924266, 33.31824415425477 -3.485278760166721, 33.32320888645207 -3.484106799528692, 33.328172505516676 -3.4829301333879057, 33.33313500861061 -3.4817487696629845, 33.33809639295339 -3.480562716292006, 33.34305665577193 -3.4793719812155683, 33.348015794293175 -3.478176572374276, 33.35297380576518 -3.476976497715284, 33.35793068749572 -3.475771765204283, 33.36288643680296 -3.474562382810212, 33.367841051005165 -3.4733483585020135, 33.372794527436355 -3.472129700253095, 33.37774686349106 -3.470906416053962, 33.38269805657829 -3.469678513899216, 33.38764810410709 -3.4684460017834584, 33.39259700349767 -3.4672088877041447, 33.39754475222966 -3.465967179673889, 33.40249134780234 -3.4647208857103093, 33.407436787714985 -3.4634700138310315, 33.41238106947432 -3.462214572055373, 33.41732419064336 -3.4609545684154837, 33.42226614881096 -3.4596900109493953, 33.427206941566084 -3.45842090769517, 33.4321465665022 -3.457147266691775, 33.437085021264146 -3.4558690959885046, 33.442022303529455 -3.4545864036412164, 33.44695841097617 -3.453299197705878, 33.45189334128472 -3.452007486238869, 33.45682709218042 -3.450711277304402, 33.46175966142836 -3.449410578973624, 33.46669104679498 -3.44810539931792, 33.47162124604777 -3.4467957464088324, 33.47655025699147 -3.4454816283234133, 33.481478077477306 -3.444163053145603, 33.486404705359476 -3.4428400289597794, 33.491330138492486 -3.4415125638503574, 33.49625437475977 -3.440180665905283, 33.50117741209706 -3.43884434321888, 33.50609924844554 -3.4375036038861366, 33.511019881746456 -3.436158456002051, 33.51593930996183 -3.4348089076636112, 33.520857531109755 -3.433454966973203, 33.52577454321769 -3.4320966420341072, 33.53069034431311 -3.430733940949604, 33.53560493243703 -3.4293668718239307, 33.54051830568744 -3.4279954427653356, 33.54543046217729 -3.4266196618831217, 33.550341400019526 -3.425239537286589, 33.555251117335104 -3.4238550770854013, 33.56015961229914 -3.4224662893916533, 33.56506688310921 -3.4210731823184504, 33.56997292796291 -3.4196757639788986, 33.57487774506201 -3.418274042486185, 33.57978133265642 -3.41686802595444, 33.58468368902705 -3.415457722498403, 33.58958481245539 -3.414043140232821, 33.59448470122461 -3.412624287272434, 33.5993833536576 -3.411201171731756, 33.604280768117064 -3.409773801725081, 33.609176942967466 -3.408342185366692, 33.61407187657369 -3.406906330770857, 33.61896556733067 -3.405466246050927, 33.62385801368074 -3.4040219393187927, 33.628749214070425 -3.4025734186862193, 33.63363916694634 -3.401120692264969, 33.63852787077524 -3.399663768165678, 33.64341532407645 -3.3982026544960613, 33.64830152537769 -3.3967373593633634, 33.65318647320671 -3.3952678908748304, 33.65807016610307 -3.393794257136751, 33.662952602659765 -3.392316466251119, 33.66783378148479 -3.3908345263187165, 33.672713701186154 -3.3893484454403238, 33.67759236037788 -3.387858231716091, 33.68246975772308 -3.3863638932409925, 33.68734589190892 -3.3848654381074716, 33.692220761622735 -3.3833628744079554, 33.697094365554285 -3.3818562102345537, 33.701966702434206 -3.3803454536740576, 33.70683777102718 -3.3788306128088346, 33.71170757009888 -3.3773116957211164, 33.71657609841565 -3.375788710493039, 33.72144335477418 -3.3742616652020345, 33.726309338014296 -3.3727305679188686, 33.731174046979014 -3.371195426713793, 33.736037480511534 -3.3696562496570595, 33.74089963747441 -3.3681130448154124, 33.74576051677951 -3.3665658202467763, 33.750620117346294 -3.3650145840076977, 33.7554784380942 -3.363459344154726, 33.76033547795318 -3.36190010874228, 33.76519123590308 -3.3603368858145726, 33.77004571093877 -3.3587696834127656, 33.774898902055085 -3.357198509578022, 33.77975080825147 -3.355623372350455, 33.78460142857182 -3.3540442797600036, 33.78945076208506 -3.352461239830885, 33.794298807860415 -3.3508742605872497, 33.7991455649685 -3.3492833500528896, 33.803991032514624 -3.347688516242818, 33.808835209639646 -3.3460897671630154, 33.81367809548613 -3.34448711081905, 33.81851968919678 -3.3428805552164347, 33.823359989937344 -3.34127010835429, 33.82819899691763 -3.33965577821947, 33.83303670935245 -3.338037572797438, 33.83787312645663 -3.3364155000736546, 33.84270824745734 -3.334789568029842, 33.84754207162923 -3.333159784633344, 33.85237459825836 -3.331526157848048, 33.85720582663077 -3.3298886956378437, 33.86203575603778 -3.3282474059648965, 33.86686438581411 -3.326602296777149, 33.871691715315826 -3.324953376015541, 33.87651774389915 -3.3233006516209636, 33.881342470921865 -3.321644131533761, 33.88616589577541 -3.3199838236824113, 33.8909880178838 -3.318319735983925, 33.89580883667239 -3.3166518763548414, 33.90062835156666 -3.314980252711627, 33.90544656201374 -3.3133048729625916, 33.910263467502276 -3.311625745000329, 33.915079067525596 -3.3099428767156533, 33.91989336157707 -3.3082562759993785, 33.924706349160815 -3.3065659507379896, 33.92951802982555 -3.3048719088000125, 33.934328403131595 -3.3031741580493117, 33.93913746863927 -3.3014727063497546, 33.943945225912906 -3.299767561563486, 33.948751674556206 -3.2980587315358383, 33.953556814195125 -3.2963462241026384, 33.958360644455844 -3.2946300470996013, 33.96316316496549 -3.292910208362036, 33.96796437537963 -3.2911867157123544, 33.972764275387334 -3.2894595769577872, 33.977562864679584 -3.2877287999046927, 33.98236014294741 -3.285994392359412, 33.98715610989798 -3.284256362120572, 33.99195076527955 -3.2825147169671407, 33.996744108846805 -3.2807694646749996, 34.00153614035445 -3.2790206130200334, 34.006326859563906 -3.277268169774749, 34.01111626627718 -3.2755121426911686, 34.01590436031159 -3.27375253951363, 34.02069114148445 -3.271989367986457, 34.02547660961494 -3.2702226358529876, 34.030260764554185 -3.2684523508396435, 34.035043606180174 -3.2666785206585978, 34.03982513437179 -3.2649011530215803, 34.04460534900806 -3.2631202556402163, 34.04938424998758 -3.2613358362152707, 34.0541618372456 -3.259547902427124, 34.05893811072145 -3.2577564619539214, 34.06371307035441 -3.255961522473802, 34.06848671609238 -3.25416309165992, 34.07325904792269 -3.2523611771624767, 34.07803006584399 -3.25055578662508, 34.08279976985495 -3.24874692769134, 34.08756815995676 -3.246934608003329, 34.09233523618323 -3.2451188351833014, 34.09710099859082 -3.2432996168397077, 34.1018654472365 -3.241476960580724, 34.1066285821775 -3.2396508740143286, 34.11139040349162 -3.237821364735471, 34.11615091128998 -3.235988440317955, 34.12091010568669 -3.234152108333655, 34.125667986795946 -3.2323123763544443, 34.13042455474091 -3.2304692519462206, 34.13517980968218 -3.2286227426501424, 34.13993375179004 -3.22677285600097, 34.144686381234756 -3.224919599533461, 34.14943769818919 -3.2230629807806044, 34.15418770285745 -3.2212030072538647, 34.15893639546449 -3.2193396864503643, 34.163683776235644 -3.2174730258669673, 34.168429845396524 -3.2156030330003347, 34.173174603192045 -3.213729715333311, 34.17791804989862 -3.2118530803262035, 34.182660185795605 -3.2099731354372425, 34.18740101116227 -3.208089888124658, 34.19214052628596 -3.2062033458407373, 34.19687873148923 -3.204313516011586, 34.20161562710431 -3.2024204060561043, 34.20635121346346 -3.20052402339319, 34.211085490900956 -3.198624375440191, 34.21581845977943 -3.1967214695925734, 34.22055012048251 -3.1948153132296246, 34.22528047339431 -3.192905913730252, 34.23000951889912 -3.1909932784732495, 34.23473725739742 -3.18907741482444, 34.23946368932069 -3.1871583301248947, 34.244188815103854 -3.1852360317129023, 34.248912635181895 -3.183310526926752, 34.253635149995624 -3.1813818230998714, 34.25835636001852 -3.179449927538691, 34.26307626573531 -3.177514847540332, 34.267794867630734 -3.175576590401904, 34.2725121661907 -3.173635163419533, 34.27722816192502 -3.1716905738687626, 34.28194285536628 -3.169742829005618, 34.28665624704793 -3.1677919360853526, 34.29136833750345 -3.1658379023631973, 34.29607912727813 -3.1638807350839713, 34.30078861694815 -3.1619204414651727, 34.30549680709475 -3.1599570287198797, 34.310203698299155 -3.157990504061168, 34.314909291145995 -3.1560208746989917, 34.31961358624866 -3.154048147816987, 34.324316584235014 -3.1520723305855918, 34.32901828573297 -3.1500934301751453, 34.333718691370855 -3.148111453755622, 34.33841780179506 -3.1461264084799443, 34.343115617677334 -3.144138301477063, 34.34781213969132 -3.142147139874127, 34.352507368510665 -3.1401529307982874, 34.35720130481591 -3.138155681369974, 34.3618939493174 -3.1361553986805744, 34.366585302733476 -3.1341520898136395, 34.37127536578252 -3.13214576185272, 34.37596413918427 -3.130136421879991, 34.3806516236813 -3.1281240769546197, 34.38533782003517 -3.126108734116747, 34.39002272900795 -3.124090400405941, 34.39470635136177 -3.1220690828617363, 34.399388687869894 -3.120044788512123, 34.40406973933299 -3.118017524356646, 34.408749506555935 -3.1159872973905425, 34.413427990343564 -3.1139541146090512, 34.41810519150367 -3.1119179830042603, 34.42278111086962 -3.1098789095409165, 34.42745574928796 -3.1078369011697196, 34.4321291076053 -3.1057919648412557, 34.43680118666852 -3.103744107505839, 34.441471987339554 -3.101693336097216, 34.446141510503814 -3.099639657523276, 34.45080975704879 -3.097583078689667, 34.45547672786192 -3.0955236065020357, 34.460142423835606 -3.0934612478604486, 34.4648068458885 -3.0913960096352295, 34.46946999494792 -3.0893278986868276, 34.474131871941225 -3.08725692187569, 34.47879247779645 -3.085183086061459, 34.483451813459624 -3.083106398082795, 34.488109879896115 -3.081026864755819, 34.49276667807222 -3.078944492895542, 34.497422208954255 -3.0768592893169733, 34.50207647351556 -3.0747712608267035, 34.50672947275476 -3.0726804142009487, 34.511381207676216 -3.0705867562090843, 34.516031679284254 -3.068490293620482, 34.52068088858451 -3.0663910332029443, 34.52532883660239 -3.0642889816998324, 34.52997552437897 -3.062184145835221, 34.534620952955684 -3.060076532332657, 34.53926512337406 -3.05796614791567, 34.54390803668444 -3.055852999296512, 34.54854969396075 -3.0537370931576526, 34.55319009628068 -3.051618436176695, 34.557829244721944 -3.0494970350312434, 34.562467140364156 -3.047372896396433, 34.567103784307506 -3.0452460269204726, 34.57173917766479 -3.0431164332350025, 34.57637332154905 -3.0409841219714235, 34.581006217073366 -3.038849099761048, 34.585637865361065 -3.0367113732214843, 34.59026826755697 -3.0345709489416066, 34.594897424808615 -3.0324278335066746, 34.599525338263525 -3.030282033501949, 34.604152009071626 -3.028133555509377, 34.60877743840349 -3.0259824060825182, 34.613401627440204 -3.0238285917604966, 34.61802457736294 -3.0216721190823224, 34.62264628935296 -3.0195129945868335, 34.627266764602524 -3.017351224797323, 34.63188600432357 -3.0151868162093276, 34.63650400972999 -3.0130197753155086, 34.641120782035735 -3.0108501086085275, 34.64573632245747 -3.0086778225770736, 34.65035063223202 -3.0065029236805705, 34.654963712605216 -3.00432541836537, 34.65957556482293 -3.0021453130777624, 34.6641861901312 -2.9999626142637927, 34.66879558978721 -2.9977773283528766, 34.673403765066304 -2.995589461747394, 34.67801071724547 -2.9933990208472454, 34.6826164476017 -2.9912060120523343, 34.68722095741485 -2.9890104417582326, 34.69182424798406 -2.9868123163309006, 34.696426320616624 -2.9846116421238995, 34.70102717661985 -2.9824084254907532, 34.705626817301244 -2.980202672784713, 34.710225243979075 -2.977994390342053, 34.71482245798871 -2.9757835844722957, 34.71941846066692 -2.973570261482609, 34.72401325335059 -2.971354427680161, 34.72860683737921 -2.9691360893677983, 34.733199214110634 -2.966915252818802, 34.73779038491044 -2.964691924294079, 34.74238035114418 -2.9624661100544896, 34.746969114177574 -2.9602378163606553, 34.75155667538639 -2.958007049456619, 34.756143036162655 -2.9557738155594753, 34.76072819789993 -2.953538120883848, 34.765312161991766 -2.951299971644359, 34.76989492983402 -2.9490593740516755, 34.774476502839754 -2.9468163342873366, 34.779056882429714 -2.9445708585198664, 34.78363607002467 -2.9423229529177277, 34.78821406704546 -2.940072623649213, 34.792790874921856 -2.9378198768671653, 34.79736649509946 -2.9355647186968543, 34.80194092902552 -2.9333071552607, 34.8065141781473 -2.931047192681121, 34.81108624391389 -2.928784837077236, 34.81565712779019 -2.9265200945399297, 34.82022683124911 -2.9242529711457603, 34.82479535576365 -2.9219834729711724, 34.82936270280683 -2.9197116060925246, 34.83392887385914 -2.9174373765725155, 34.83849387041663 -2.9151607904453236, 34.8430576939773 -2.9128818537415553, 34.84762034603918 -2.9106005724918154, 34.85218182810156 -2.908316952724248, 34.85674214167799 -2.9060310004403984, 34.86130128829075 -2.903742721625543, 34.86585926946222 -2.9014521222647267, 34.870416086714805 -2.8991592083429705, 34.87497174157673 -2.896863985834027, 34.87952623559156 -2.8945664606821904, 34.88407957030533 -2.8922666388269946, 34.888631747264064 -2.889964526207978, 34.89318276801458 -2.8876601287630774, 34.89773263411604 -2.885353452405936, 34.9022813471372 -2.8830445030312895, 34.90682890864706 -2.8807332865333755, 34.91137532021461 -2.8784198088064286, 34.91592058341308 -2.87610407573618, 34.9204646998305 -2.873786093178358, 34.92500767105819 -2.8714658669820823, 34.92954949868746 -2.869143402996474, 34.93409018431004 -2.866818707069813, 34.9386297295278 -2.8644917850293523, 34.943168135953215 -2.8621626426803646, 34.947705405199294 -2.8598312858270867, 34.95224153887902 -2.8574977202737566, 34.95677653860808 -2.8551619518188374, 34.961310406016054 -2.8528239862312414, 34.9658431427369 -2.85048382927045, 34.970374750404595 -2.848141486695944, 34.974905230653285 -2.8457969642668934, 34.979434585124885 -2.8434502677256766, 34.98396281547301 -2.841101402789652, 34.9884899233522 -2.8387503751741345, 34.993015910416986 -2.8363971905944414, 34.99754077832339 -2.834041854762411, 35.002064528739375 -2.83168437336178, 35.00658716333867 -2.829324752062683, 35.01110868379502 -2.826962996535166, 35.01562909178223 -2.824599112449228, 35.02014838898001 -2.822233105463787, 35.024666577081604 -2.819864981212439, 35.02918365778211 -2.8174947453252592, 35.033699632776695 -2.8151224034323254, 35.03821450376084 -2.812747961161551, 35.0427282724358 -2.8103714241091717, 35.047240940507194 -2.807992797847368, 35.05175250968069 -2.8056120879477233, 35.056262981662016 -2.8032292999818202, 35.0607723581652 -2.8008444395232743, 35.06528064093622 -2.7984575121535022, 35.06978783172875 -2.796068523455795, 35.074293932296435 -2.793677479013442, 35.078798944391785 -2.7912843844067328, 35.08330286972732 -2.788889245110133, 35.08780570996582 -2.786492066466591, 35.09230746676692 -2.7840928538108347, 35.0968081417903 -2.7816916124775983, 35.101307736734604 -2.779288347866779, 35.10580625357331 -2.776883065837717, 35.11030369439809 -2.7744757724473077, 35.11480006130105 -2.77206647375321, 35.11929535637199 -2.7696551758087735, 35.12378958126048 -2.767241883834993, 35.12828273665401 -2.7648266012342075, 35.13277482311296 -2.762409331168528, 35.137265841197774 -2.7599900768000687, 35.14175579167193 -2.757568841662704, 35.14624467839837 -2.7551456349640002, 35.15073250765734 -2.7527204703366204, 35.15521928579312 -2.750293361530428, 35.15970501915001 -2.7478643222952877, 35.164189710729694 -2.7454333602100136, 35.16867334922773 -2.743000456441555, 35.17315591951306 -2.7405655850921704, 35.17763740645456 -2.7381287202640436, 35.18211779477107 -2.7356898357902826, 35.186597061428095 -2.7332488915986692, 35.191075172041145 -2.730805827261159, 35.19555209132341 -2.7283605807315072, 35.20002778398806 -2.725913089963471, 35.20450221774874 -2.723463298413353, 35.20897538852892 -2.7210112012725878, 35.21344730771595 -2.7185568220922622, 35.21791798685579 -2.7161001847143966, 35.22238743749274 -2.713641312977904, 35.226855668554 -2.7111802258955806, 35.23132268106278 -2.7087169279042915, 35.235788474555825 -2.706251420699907, 35.24025304856998 -2.7037837059782994, 35.24471640269352 -2.701313785528389, 35.24917853797845 -2.6988416637845196, 35.25363945711508 -2.6963673481419543, 35.25809916288023 -2.6938908461523514, 35.26255765805074 -2.6914121653673697, 35.26701494532779 -2.68893131319153, 35.27147102687859 -2.686448295990618, 35.27592590464048 -2.6839631196832547, 35.28037958054989 -2.6814757901863144, 35.28483205654348 -2.6789863134169623, 35.28928333462342 -2.6764946953891906, 35.29373341695245 -2.6740009423541413, 35.298182305717454 -2.6715050605985926, 35.30263000310531 -2.6690070564093236, 35.307076511301915 -2.6665069360693434, 35.311521832472565 -2.6640047057807155, 35.31596596876271 -2.6615003716676267, 35.32040892231699 -2.6589939398511064, 35.32485069528006 -2.6564854164521874, 35.32929128980027 -2.653974807589609, 35.3337307080488 -2.6514621193680044, 35.33816895220556 -2.6489473578866436, 35.34260602445042 -2.646430529244786, 35.34704192696334 -2.6439116395416153, 35.35147666192805 -2.641390694859616, 35.35591023153703 -2.638867701243612, 35.36034263798392 -2.6363426647332675, 35.36477388346234 -2.6338155913682426, 35.36920397016644 -2.631286487186996, 35.373632900299604 -2.6287553582037138, 35.37806067607392 -2.626222210410131, 35.382487299701765 -2.6236870497971365, 35.386912773395494 -2.6211498823556174, 35.39133709936927 -2.6186107140710857, 35.395760279848005 -2.616069550896024, 35.40018231706073 -2.6135263987703805, 35.404603213236506 -2.610981263634084, 35.40902297060435 -2.6084341514270064, 35.41344159139781 -2.605885068075524, 35.41785907786094 -2.603334019474415, 35.42227543223922 -2.600781011513937, 35.426690656778185 -2.5982260500843526, 35.4311047537237 -2.5956691410748807, 35.43551772532921 -2.593110290351035, 35.43992957385578 -2.5905495037547928, 35.44434030156472 -2.5879867871271203, 35.44874991071742 -2.585422146308985, 35.453158403576595 -2.582855587136913, 35.45756578241475 -2.5802871154164584, 35.461972049508525 -2.5777167369399665, 35.46637720713461 -2.5751444574997344, 35.47078125756968 -2.5725702828880457, 35.47518420309389 -2.5699942188857157, 35.479586045997074 -2.5674162712422257, 35.48398678857065 -2.564836445701743, 35.4883864331061 -2.5622547480084377, 35.49278498189503 -2.5596711839058255, 35.49718243723531 -2.557085759116644, 35.501578801432274 -2.5544984793389878, 35.50597407679164 -2.551909350269518, 35.51036826561913 -2.549318377604896, 35.514761370221386 -2.54672556703866, 35.51915339291343 -2.5441309242358714, 35.52354433601471 -2.5415344548463823, 35.52793420184473 -2.5389361645198987, 35.53232299272301 -2.5363360589061292, 35.536710710971484 -2.5337341436462393, 35.54109735892095 -2.531130424350536, 35.54548293890423 -2.5285249066223576, 35.549867453254116 -2.525917596065043, 35.55425090430348 -2.5233084982816614, 35.558633294389885 -2.520697618858522, 35.56301462585832 -2.518084963355502, 35.5673949010544 -2.5154705373301542, 35.57177412232374 -2.5128543463400304, 35.57615229201246 -2.510236395940924, 35.58052941247343 -2.5076166916638867, 35.584905486064535 -2.504995239021697, 35.58928051514376 -2.5023720435267105, 35.593654502069086 -2.499747110691276, 35.59802744919996 -2.4971204460223215, 35.60239935890368 -2.4944920549974556, 35.60677023355016 -2.4918619430844258, 35.611140075509276 -2.4892301157509724, 35.615508887151 -2.486596578464794, 35.61987667084835 -2.4839613366816864, 35.624243428981686 -2.481324395829407, 35.62860916393243 -2.478685761331674, 35.632973878081955 -2.4760454386122057, 35.637337573811905 -2.473403433094034, 35.64170025350883 -2.4707597501805667, 35.646061919564914 -2.468114395253252, 35.65042257437267 -2.4654673736923765, 35.65478222032456 -2.462818690878228, 35.659140859813775 -2.4601683521883277, 35.66349849523992 -2.4575163629743675, 35.6678551290061 -2.4548627285739375, 35.67221076351549 -2.4522074543244896, 35.67656540117124 -2.4495505455634756, 35.68091904437821 -2.4468920076213734, 35.685271695548096 -2.444231845800501, 35.689623357094355 -2.4415700653960655, 35.69397403143037 -2.4389066717032764, 35.69832372096966 -2.4362416700172207, 35.702672428128835 -2.4335750656195625, 35.707020155330575 -2.430906863766661, 35.71136690499822 -2.4282370697120697, 35.71571267955506 -2.425565688709341, 35.72005748142467 -2.422892726011061, 35.72440131303527 -2.420218186849618, 35.72874417681955 -2.417542076438259, 35.73308607521036 -2.4148643999894777, 35.73742701064053 -2.4121851627157698, 35.741766985543634 -2.409504369826468, 35.74610600235893 -2.406822026505722, 35.75044406352842 -2.404138137925637, 35.75478117149411 -2.4014527092582405, 35.759117328698025 -2.3987657456755636, 35.76345253758375 -2.396077252342397, 35.76778680060078 -2.3933872343969864, 35.77212012019994 -2.3906956969714903, 35.77645249883206 -2.388002645198068, 35.780783938947984 -2.3853080842087397, 35.7851144430014 -2.382612019122443, 35.78944401345106 -2.379914455034534, 35.79377265275629 -2.3772153970378964, 35.79810036337639 -2.3745148502254128, 35.80242714777084 -2.3718128196890493, 35.80675300840314 -2.3691093105017216, 35.81107794774063 -2.3664043277183353, 35.81540196825073 -2.363697876393095, 35.819725072400914 -2.360989961580201, 35.82404726265919 -2.358280588331042, 35.82836854149846 -2.35556976167351, 35.83268891139397 -2.352857486623801, 35.837008374821 -2.350143768198028, 35.84132693425485 -2.3474286114123033, 35.84564459217204 -2.3447120212765022, 35.849961351054155 -2.341994002775509, 35.85427721338401 -2.3392745608879504, 35.85859218164439 -2.336553700592453, 35.86290625831818 -2.333831426867565, 35.8672194458904 -2.331107744680627, 35.87153174685053 -2.3283826589761496, 35.875843163688664 -2.32565617469587, 35.880153698894844 -2.3229282967815257, 35.88446335495926 -2.320199030174255, 35.88877213437521 -2.317468379798648, 35.89308003963955 -2.3147363505610548, 35.89738707324925 -2.312002947366889, 35.901693237701295 -2.3092681751215602, 35.90599853549307 -2.3065320387285353, 35.910302969125794 -2.3037945430703894, 35.91460654110314 -2.3010556930170027, 35.91890925392875 -2.298315493438074, 35.92321111010628 -2.295573949203302, 35.92751211214023 -2.29283106517795, 35.93181226253928 -2.29008684620413, 35.93611156381348 -2.287341297116414, 35.940410018472924 -2.284594422749377, 35.944707629027675 -2.281846227937579, 35.94900439798926 -2.2790967175073047, 35.95330032787324 -2.276345896262371, 35.957595421195805 -2.273593769002815, 35.961889680473156 -2.2708403405286743, 35.966183108221564 -2.2680856156397495, 35.9704757069595 -2.2653295991229654, 35.97476747920881 -2.26257229574599, 35.979058427491566 -2.259813710274911, 35.98334855432993 -2.2570538474758193, 35.987637862246125 -2.2542927121138323, 35.991926353765365 -2.25153030893688, 35.996214031415306 -2.2487666426781705, 36.00050089772371 -2.246001718070435, 36.00478695521835 -2.243235539846403, 36.00907220642738 -2.2404681127363295, 36.01335665388234 -2.237699441450169, 36.017640300116376 -2.234929530687944, 36.02192314766269 -2.2321583851496065, 36.026205199054424 -2.2293860095351103, 36.030486456825614 -2.2266124085394514, 36.034766923513665 -2.2238375868361953, 36.039046601656985 -2.221061549093122, 36.04332549379396 -2.218284299978011, 36.04760360246297 -2.215505844158614, 36.05188093020377 -2.2127261862942116, 36.05615747955923 -2.2099453310239188, 36.060433253072766 -2.2071632829839167, 36.06470825328772 -2.204380046810384, 36.06898248274752 -2.2015956271392247, 36.07325594399749 -2.1988100285939525, 36.07752863958555 -2.1960232557809567, 36.08180057205985 -2.1932353133053732, 36.08607174396851 -2.1904462057723366, 36.09034215785983 -2.1876559377860287, 36.09461181628446 -2.184864513934707, 36.09888072179507 -2.182071938793462, 36.10314887694436 -2.1792782169369924, 36.10741628428507 -2.176483352939995, 36.11168294637023 -2.173687351374929, 36.11594886575558 -2.170890216795781, 36.12021404499821 -2.1680919537474472, 36.12447848665522 -2.1652925667747582, 36.12874219328369 -2.1624920604225446, 36.13300516744137 -2.1596904392313667, 36.137267411688704 -2.156887707722312, 36.14152892858699 -2.1540838704109238, 36.14578972069758 -2.151278931812746, 36.1500497905817 -2.148472896443306, 36.15430914080167 -2.14566576881103, 36.15856777392239 -2.1428575534057495, 36.16282569250915 -2.140048254714295, 36.16708289912729 -2.1372378772234972, 36.1713393963421 -2.1344264254200183, 36.17559518672036 -2.131613903780198, 36.17985027283103 -2.1288003167641474, 36.18410465724326 -2.1259856688305607, 36.18835834252624 -2.1231699644381283, 36.19261133124919 -2.120353208044933, 36.19686362598315 -2.1175354040956775, 36.20111522930088 -2.1147165570220197, 36.20536614377523 -2.111896671255078, 36.20961637197903 -2.10907575122597, 36.21386591648532 -2.1062538013643457, 36.21811477986922 -2.103430826084081, 36.22236296470705 -2.1006068297894553, 36.22661047357525 -2.0977818168846127, 36.23085730905017 -2.0949557917736965, 36.23510347370856 -2.092128758858002, 36.23934897012938 -2.089300722521646, 36.243593800892334 -2.0864716871423337, 36.24783796857721 -2.0836416570977643, 36.25208147576373 -2.0808106367656327, 36.25632432503225 -2.0779786305188157, 36.26056651896527 -2.0751456427129775, 36.264808060145754 -2.07231167769994, 36.26904895115668 -2.0694767398315275, 36.27328919458102 -2.0666408334595245, 36.27752879300265 -2.0638039629284255, 36.281767749007365 -2.060966132566845, 36.28600606518125 -2.058127346701306, 36.29024374411034 -2.0552876096583317, 36.29448078838075 -2.0524469257642224, 36.298717200579766 -2.0496052993354095, 36.30295298329625 -2.046762734674672, 36.30718813911924 -2.0439192360837906, 36.311422670637754 -2.041074807864547, 36.315656580440894 -2.03822945431808, 36.31988987111916 -2.03538317973332, 36.32412254526438 -2.032535988388255, 36.328354605468405 -2.0296878845604835, 36.33258605432308 -2.026838872527605, 36.3368168944204 -2.0239889565658387, 36.34104712835399 -2.021138140937411, 36.34527675871839 -2.018286429896399, 36.349505788108175 -2.0154338276967776, 36.353734219117854 -2.0125803385925214, 36.357962054342295 -2.009725966835114, 36.362189296378034 -2.006870716661052, 36.36641594782217 -2.0040145923012487, 36.37064201127188 -2.0011575979866105, 36.37486748932433 -1.9982997379480447, 36.37909238457707 -1.9954410164124328, 36.383316699629354 -1.99258143759166, 36.38754043708081 -1.9897210056941155, 36.39176359953106 -1.9868597249281874, 36.395986189579716 -1.9839975995022423, 36.40020820982706 -1.9811346336187359, 36.404429662874854 -1.9782708314661288, 36.408650551325145 -1.9754061972308596, 36.412870877779895 -1.972540735099365, 36.417090644841146 -1.969674449257952, 36.42130985511175 -1.9668073438849993, 36.42552851119584 -1.9639394231465688, 36.42974661569769 -1.9610706912076614, 36.43396417122154 -1.9582011522332767, 36.43818118037172 -1.9553308103880227, 36.44239764575353 -1.95245966982672, 36.44661356997335 -1.94958773469398, 36.450828955637604 -1.9467150091339347, 36.45504380535275 -1.9438414972907156, 36.4592581217253 -1.9409672033075982, 36.463471907362916 -1.9380921313165438, 36.46768516487411 -1.9352162854415254, 36.471897896867375 -1.9323396698063484, 36.47611010595123 -1.9294622885348165, 36.48032179473434 -1.926584145749174, 36.48453296582662 -1.9237052455593304, 36.48874362183856 -1.9208255920693418, 36.49295376538065 -1.9179451893832271, 36.497163399063396 -1.9150640416050084, 36.50137252549756 -1.912182152836173, 36.50558114729512 -1.909299527165486, 36.50978926706852 -1.906416168677725, 36.51399688743014 -1.9035320814576657, 36.51820401099239 -1.9006472695900836, 36.52241064036804 -1.89776173715597, 36.52661677817107 -1.8948754882239272, 36.53082242701571 -1.8919885268600236, 36.53502758951619 -1.8891008571303278, 36.53923226828675 -1.8862124831008817, 36.54343646594211 -1.8833234088325008, 36.54764018509811 -1.8804336383745894, 36.5518434283707 -1.8775431757750445, 36.556046198375896 -1.874652025081764, 36.56024849772967 -1.871760190342522, 36.564450329048626 -1.8688676755984077, 36.568651694950354 -1.8659744848805002, 36.5728525980525 -1.8630806222190601, 36.57705304097271 -1.8601860916443447, 36.58125302632867 -1.8572908971862925, 36.585452556738815 -1.8543950428668197, 36.589651634822346 -1.8514985326994635, 36.59385026319851 -1.8486013706973699, 36.59804844448658 -1.8457035608736825, 36.602246181305844 -1.8428051072408933, 36.606443476276475 -1.839906013802396, 36.61064033201922 -1.8370062845549073, 36.6148367511549 -1.8341059234949948, 36.61903273630428 -1.8312049346192214, 36.62322829008826 -1.828303321923018, 36.62742341512862 -1.8254010893919794, 36.631618114047626 -1.8224982410066586, 36.63581238946757 -1.8195947807475685, 36.64000624401067 -1.81669071259522, 36.64419968029939 -1.8137860405283448, 36.64839270095707 -1.8108807685155206, 36.652585308607364 -1.8079749005217334, 36.65677750587397 -1.8050684405119681, 36.660969295380546 -1.802161392451208, 36.665160679751025 -1.7992537603018388, 36.669351661610214 -1.7963455480162422, 36.67354224358315 -1.7934367595443972, 36.677732428294874 -1.7905273988362802, 36.68192221837041 -1.7876174698418623, 36.68611161643513 -1.7847069765075543, 36.69030062511521 -1.7817959227703766, 36.69448924703701 -1.7788843125658211, 36.69867748482686 -1.7759721498293786, 36.70286534111111 -1.7730594384964948, 36.70705281851649 -1.7701461824980524, 36.711239919670525 -1.7672323857564858, 36.7154266472008 -1.7643180521933177, 36.7196130037349 -1.7614031857300676, 36.72379899190042 -1.7584877902881209, 36.72798461432548 -1.755571869783352, 36.732169873638796 -1.7526554281243352, 36.736354772469184 -1.749738469219146, 36.74053931344543 -1.7468209969758575, 36.74472349919637 -1.7439030153022463, 36.74890733235135 -1.7409845280997436, 36.753090815540325 -1.7380655392637008, 36.757273951393174 -1.7351460526892246, 36.761456742539856 -1.732226072271422, 36.765639191610354 -1.7293056019048616, 36.76982130123527 -1.7263846454771605, 36.774003074045616 -1.7234632068711038, 36.778184512672475 -1.7205412899693808, 36.78236561974686 -1.7176188986546788, 36.786546397899926 -1.714696036808816, 36.79072684976344 -1.7117727083062735, 36.79490697796952 -1.7088489170178536, 36.79908678515027 -1.7059246668143278, 36.80326627393785 -1.7029999615664704, 36.80744544696445 -1.7000748051437617, 36.81162430686299 -1.6971492014082317, 36.81580285626662 -1.6942231542192427, 36.81998109780846 -1.6912966674361534, 36.824159034121664 -1.688369744918323, 36.82833666783954 -1.6854423905233074, 36.83251400159603 -1.6825146081013924, 36.836691038025286 -1.6795864015010278, 36.840867779761425 -1.676657774570665, 36.84504422943858 -1.6737287311587528, 36.849220389691105 -1.67079927511135, 36.853396263153954 -1.6678694102677094, 36.85757185246222 -1.6649391404658753, 36.86174716025096 -1.6620084695438933, 36.86592218915527 -1.6590774013397882, 36.870096941810495 -1.656145939688595, 36.87427142085255 -1.6532140884192068, 36.878445628917426 -1.6502818513597652, 36.882619568641125 -1.6473492323384107, 36.88679324265963 -1.6444162351832197, 36.89096665360928 -1.6414828637187135, 36.89513980412689 -1.6385491217640669, 36.899312696849336 -1.635615013138012, 36.90348533441347 -1.6326805416592836, 36.90765771945619 -1.6297457111464708, 36.91182985461474 -1.6268105254141327, 36.916001742526824 -1.6238749882723313, 36.92017338583014 -1.620939103530893, 36.924344787162426 -1.6180028749996456, 36.92851594916139 -1.6150663064881507, 36.93268687446517 -1.6121294018015488, 36.936857565712266 -1.6091921647413023, 36.94102802554113 -1.6062545991087624, 36.94519825659026 -1.6033167087052809, 36.94936826149817 -1.6003784973317907, 36.95353804290389 -1.5974399687846477, 36.95770760344665 -1.5945011268573726, 36.96187694576581 -1.5915619753434471, 36.96604607250064 -1.5886225180363516, 36.970214986290486 -1.585682758728947, 36.974383689775195 -1.582742701209419, 36.97855218559481 -1.5798023492638162, 36.98272047638934 -1.5768617066781765, 36.98688856479884 -1.5739207772385382, 36.99105645346346 -1.5709795647300877, 36.99522414502375 -1.5680380729334429, 36.999391642120514 -1.5650963056277007, 37.003558947394495 -1.562154266591955, 37.007726063486444 -1.5592119596053022, 37.01189299303724 -1.5562693884457188, 37.01605973868823 -1.5533265568868788, 37.02022630308083 -1.550383468701414, 37.02439268885652 -1.5474401276619594, 37.02855889865672 -1.5444965375411475, 37.03272493512303 -1.5415527021102156, 37.03689080089749 -1.538608625136502, 37.04105649862217 -1.5356643103866665, 37.04522203093922 -1.5327197616273693, 37.04938740049071 -1.529774982625259, 37.05355260991894 -1.5268299771453313, 37.05771766186659 -1.5238847489491725, 37.06188255897639 -1.5209393017979442, 37.066047303891075 -1.5179936394528117, 37.07021189925336 -1.515047765674905, 37.07437634770623 -1.5121016842234978, 37.07854065189295 -1.5091553988549922, 37.08270481445688 -1.5062089133255443, 37.086868838041354 -1.503262231391311, 37.09103272528967 -1.5003153568083838, 37.09519647884547 -1.4973682933308403, 37.099360101352595 -1.4944210447104107, 37.10352359545491 -1.4914736146986916, 37.10768696379634 -1.4885260070472812, 37.11185020902076 -1.4855782255076642, 37.11601333377233 -1.4826302738292332, 37.12017634069541 -1.4796821557595292, 37.124339232434394 -1.4767338750460293, 37.12850201163364 -1.4737854354362097, 37.13266468093759 -1.4708368406773875, 37.13682724299095 -1.467888094514891, 37.140989700438666 -1.4649392006927198, 37.1451520559257 -1.4619901629548469, 37.14931431209698 -1.459040985045246, 37.15347647159752 -1.4560916707076648, 37.15763853707257 -1.4531422236839235, 37.16180051116755 -1.4501926477148699, 37.16596239652786 -1.4472429465413423, 37.17012419579892 -1.44429312390418, 37.17428591162622 -1.4413431835439423, 37.17844754665547 -1.4383931291994745, 37.18260910353256 -1.435442964608977, 37.18677058490336 -1.4324926935106488, 37.19093199341371 -1.4295423196426895, 37.19509333170957 -1.4265918467429723, 37.19925460243712 -1.423641278547921, 37.20341580824265 -1.4206906187935593, 37.207576951772445 -1.4177398712159075, 37.211738035672774 -1.4147890395509886, 37.215899062590005 -1.411838127534477, 37.22006003517075 -1.4088871389009128, 37.22422095606167 -1.4059360773846086, 37.228381827909445 -1.4029849467198727, 37.23254265336072 -1.4000337506410148, 37.236703435062275 -1.3970824928820147, 37.240864175661066 -1.3941311771760505, 37.24502487780411 -1.391179807256183, 37.24918554413844 -1.3882283868554732, 37.253346177311045 -1.3852769197069792, 37.25750677996906 -1.3823254095435022, 37.261667354759794 -1.37937386009738, 37.26582790433058 -1.376422275100901, 37.26998843132876 -1.373470658286351, 37.27414893840169 -1.3705190133860154, 37.27830942819677 -1.3675673441320284, 37.2824699033616 -1.3646156542563166, 37.28663036654375 -1.361663947490791, 37.2907908203908 -1.3587122275673624, 37.29495126755033 -1.3557604982179448, 37.299111710670026 -1.3528087631744852, 37.30327215239767 -1.3498570261689662, 37.30743259538103 -1.346905290933374, 37.3115930422679 -1.3439535611996938, 37.315753495706055 -1.3410018406999333, 37.319913958343435 -1.3380501331664665, 37.3240744328281 -1.3350984423319652, 37.32823492180809 -1.3321467719291076, 37.3323954279315 -1.3291951256905727, 37.336555953846386 -1.326243507349094, 37.34071650220089 -1.3232919206379952, 37.34487707564321 -1.3203403692909623, 37.34903767682156 -1.3173888570416892, 37.35319830838414 -1.3144373876238673, 37.35735897297914 -1.311485964771311, 37.36151967325487 -1.3085345922187712, 37.36568041185965 -1.305583273701437, 37.369841191441814 -1.3026320129544984, 37.37400201464967 -1.299680813713146, 37.37816288413157 -1.2967296797127976, 37.3823238025359 -1.2937786146901407, 37.38648477251105 -1.2908276223823048, 37.39064579670541 -1.2878767065264192, 37.39480687776739 -1.284925870859614, 37.398968018345414 -1.2819751191194078, 37.40312922108785 -1.279024455044908, 37.40729048864319 -1.2760738823756357, 37.411451823659824 -1.2731234048511089, 37.41561322878619 -1.270173026210846, 37.419774706670715 -1.2672227501949824, 37.423936259961806 -1.2642725805455155, 37.42809789130787 -1.2613225210047954, 37.43225960335733 -1.2583725753151715, 37.43642139875855 -1.255422747218996, 37.440583280159956 -1.2524730404595439, 37.444745250209884 -1.2495234587821613, 37.448907311556674 -1.2465740059324801, 37.45306946684866 -1.2436246856561324, 37.45723171873419 -1.2406755016987652, 37.46139406986155 -1.2377264578073095, 37.465556522878934 -1.2347775577308773, 37.46971908043455 -1.2318288052187907, 37.47388174517661 -1.2288802040203735, 37.47804451975328 -1.2259317578849926, 37.48220740681266 -1.2229834705636886, 37.486370409002674 -1.2200353458096658, 37.49053352897126 -1.2170873873762729, 37.49469676936632 -1.2141395990168578, 37.4988601328358 -1.2111919844848704, 37.50302362202754 -1.208244547536055, 37.50718723958936 -1.2052972919284202, 37.51135098816906 -1.2023502214200688, 37.51551487041443 -1.1994033397691046, 37.51967888897327 -1.1964566507338208, 37.52384304649319 -1.1935101580752168, 37.52800734562166 -1.190563865556335, 37.53217178900618 -1.187617776940266, 37.53633637929417 -1.1846718959901006, 37.54050111913313 -1.181726226469259, 37.54466601117026 -1.1787807721444168, 37.5488310580527 -1.1758355367841085, 37.55299626242753 -1.1728905241568859, 37.557161626941905 -1.169945738031305, 37.56132715424287 -1.167001182176454, 37.56549284697722 -1.1640568603651649, 37.56965870779164 -1.1611127763718672, 37.57382473933279 -1.1581689339709973, 37.57799094424737 -1.1552253369369936, 37.58215732518195 -1.152281989045114, 37.58632388478284 -1.1493388940747882, 37.59049062569619 -1.1463960558067618, 37.59465755056818 -1.1434534780217802, 37.59882466204495 -1.1405111645005883, 37.6029919627726 -1.1375691190251491, 37.60715945539677 -1.13462734538191, 37.61132714256309 -1.1316858473583533, 37.6154950269171 -1.128744628741961, 37.61966311110442 -1.1258036933202196, 37.623831397770466 -1.1228630448823314, 37.62799988956023 -1.1199226872221455, 37.63216858911862 -1.116982624134288, 37.636337499090565 -1.1140428594133833, 37.64050662212096 -1.111103396854074, 37.64467596085454 -1.1081642402533491, 37.648845517935555 -1.1052253934128937, 37.65301529600818 -1.1022868601349505, 37.65718529771666 -1.0993486442217657, 37.661355525705176 -1.0964107494756374, 37.665525982617545 -1.0934731797018074, 37.66969667109709 -1.0905359387099354, 37.67386759378698 -1.0875990303100427, 37.67803875333048 -1.0846624583121498, 37.6822101523708 -1.081726226526412, 37.686381793550794 -1.078790338766825, 37.69055367951285 -1.075854798851725, 37.69472581289945 -1.0729196105996817, 37.69889819635293 -1.0699847778292644, 37.70307083251574 -1.0670503043593047, 37.707243724029716 -1.0641161940131953, 37.71141687353628 -1.0611824506182184, 37.71559028367684 -1.058249078001783, 37.719763957092844 -1.0553160799912957, 37.72393789642562 -1.0523834604146254, 37.7281121043159 -1.0494512231049475, 37.732286583403976 -1.0465193718988288, 37.73646133633016 -1.0435879106328905, 37.74063636573473 -1.040656843143755, 37.74481167425788 -1.0377261732688046, 37.7489872645391 -1.0347959048514213, 37.753163139217406 -1.0318660417378356, 37.75733930093196 -1.0289365877742962, 37.761515752321756 -1.0260075468070506, 37.76569249602578 -1.0230789226835237, 37.76986953468207 -1.0201507192577093, 37.774046870928395 -1.0172229403858797, 37.7782245074025 -1.014295589924308, 37.782402446742154 -1.0113686717292691, 37.78658069158487 -1.0084421896587787, 37.7907592445672 -1.0055161475778018, 37.79493810832547 -1.0025905493530374, 37.79911728549601 -0.999665398851185, 37.80329677871512 -0.9967406999389465, 37.807476590618776 -0.9938164564854962, 37.81165672384192 -0.990892672367095, 37.81583718101932 -0.9879693514612627, 37.820017964785755 -0.985046497645519, 37.82419907777598 -0.9821241147974057, 37.82838052262427 -0.9792022067978143, 37.83256230196382 -0.976280777534598, 37.83674441842773 -0.9733598308964789, 37.84092687464908 -0.9704393707721799, 37.845109673260914 -0.9675194010504974, 37.84929281689566 -0.9645999256245834, 37.85347630818473 -0.9616809483942395, 37.85766014975939 -0.9587624732598268, 37.86184434425098 -0.955844504121705, 37.86602889429076 -0.9529270448804182, 37.870213802509056 -0.9500100994417868, 37.87439907153512 -0.9470936717175864, 37.87858470399816 -0.9441777656199124, 37.882770702527345 -0.9412623850608609, 37.88695706975183 -0.9383475339529145, 37.891143808299745 -0.9354332162151094, 37.89533092079838 -0.9325194357719578, 37.899518409875014 -0.9296061965481401, 37.9037062781569 -0.9266935024683343, 37.90789452827123 -0.9237813574579041, 37.91208316284379 -0.9208697654496396, 37.916272184499704 -0.9179587303808856, 37.920461595863955 -0.9150482561890535, 37.924651399561625 -0.9121383468115556, 37.92884159821754 -0.9092290061869359, 37.93303219445504 -0.906320238262025, 37.937223190896795 -0.90341204698734, 37.94141459016551 -0.9005044363134138, 37.945606394883825 -0.8975974101907784, 37.949798607674104 -0.8946909725717255, 37.953991231157026 -0.8917851274174565, 37.958184267952745 -0.8888798786919887, 37.96237772068139 -0.8859752303593391, 37.96657159196311 -0.8830711863835254, 37.970765884417546 -0.8801677507311707, 37.97496060066257 -0.8772649273781087, 37.979155743315616 -0.8743627203022095, 37.98335131499418 -0.8714611334813451, 37.98754731831569 -0.8685601708933939, 37.991743755896884 -0.8656598365199112, 37.99594063035265 -0.8627601343515854, 38.00013794429758 -0.8598610683805008, 38.004335700346275 -0.8569626425987396, 38.00853390111334 -0.8540648609984415, 38.01273254921232 -0.8511677275766609, 38.016931647255014 -0.8482712463391592, 38.021131197852974 -0.8453754212925939, 38.025331203617775 -0.8424802564436222, 38.029531667160974 -0.8395857557990662, 38.03373259109273 -0.8366919233719967, 38.037933978021535 -0.8337987631834628, 38.04213583055574 -0.8309062792550328, 38.04633815130371 -0.8280144756082737, 38.05054094287372 -0.8251233562651358, 38.05474420787233 -0.8222329252551959, 38.05894794890461 -0.8193431866150711, 38.06315216857556 -0.8164541443816449, 38.06735686949016 -0.8135658025918003, 38.0715620542532 -0.8106781652831447, 38.075767725467415 -0.8077912365020736, 38.079973885734084 -0.8049050203008135, 38.08418053765451 -0.8020195207316978, 38.088387683829986 -0.7991347418470572, 38.092595326861456 -0.7962506877004979, 38.096803469347556 -0.7933673623555895, 38.10101211388577 -0.7904847698805894, 38.1052212630736 -0.7876029143437838, 38.10943091950853 -0.7847217998134594, 38.113641085787556 -0.781841430359967, 38.11785176450511 -0.7789618100644923, 38.12206295825479 -0.7760829430117578, 38.12627466963017 -0.7732048332864891, 38.13048690122488 -0.77032748497341, 38.134699655631685 -0.7674509021603457, 38.13891293544058 -0.7645750889461437, 38.143126743240906 -0.7617000494320989, 38.14734108162201 -0.758825787719508, 38.151555953173215 -0.7559523079096806, 38.15577136048274 -0.753079614108392, 38.159987306135875 -0.7502077104322662, 38.16420379271758 -0.7473366009995477, 38.16842082281273 -0.7444662899284796, 38.172638399006246 -0.7415967813373829, 38.176856523881376 -0.7387280793505989, 38.18107520001865 -0.735860188102638, 38.18529442999827 -0.7329931117289872, 38.18951421640051 -0.7301268543651375, 38.19373456180553 -0.7272614201468177, 38.19795546879137 -0.7243968132174367, 38.2021769399335 -0.7215330377295182, 38.20639897780728 -0.7186700978361173, 38.210621584988026 -0.7158079976902904, 38.214844764050916 -0.7129467414456379, 38.219068517568445 -0.7100863332650653, 38.22329284811088 -0.7072267773192542, 38.227517758248375 -0.7043680777791226, 38.23174325055113 -0.7015102388155914, 38.235969327589004 -0.6986532646006378, 38.240195991928665 -0.6957971593169983, 38.24442324613491 -0.6929419271536793, 38.2486510927725 -0.6900875722997684, 38.25287953440625 -0.6872340989443525, 38.25710857360032 -0.684381511278349, 38.26133821291532 -0.6815298135045527, 38.26556845491032 -0.6786790098304921, 38.269799302144456 -0.6758291044637066, 38.274030757176824 -0.6729801016117364, 38.27826282256559 -0.6701320054850639, 38.28249550086499 -0.6672848203066714, 38.2867287946282 -0.6644385503028568, 38.290962706408415 -0.6615931996999205, 38.29519723875878 -0.6587487727241674, 38.29943239423103 -0.6559052736063176, 38.3036681753728 -0.6530627065894741, 38.30790458473101 -0.650221075918894, 38.31214162485258 -0.6473803858398323, 38.31637929828442 -0.6445406405976029, 38.320617607571286 -0.6417018444436956, 38.324856555253966 -0.6388640016412303, 38.32909614387279 -0.6360271164546125, 38.33333637596805 -0.6331911931482483, 38.33757725408 -0.6303562359867627, 38.34181878074615 -0.6275222492430409, 38.346060958500416 -0.6246892372005881, 38.35030378987646 -0.6218572041436067, 38.35454727740802 -0.6190261543562994, 38.35879142362856 -0.6161960921234109, 38.36303623106796 -0.6133670217397408, 38.36728170225287 -0.610538947508947, 38.37152783970985 -0.6077118737349895, 38.375774645965464 -0.60488580472183, 38.380022123545835 -0.6020607447745496, 38.38427027497277 -0.5992366982100228, 38.38851910276546 -0.596413669352193, 38.39276860944306 -0.5935916625250991, 38.397018797524716 -0.5907706820527802, 38.40126966952882 -0.5879507322612905, 38.405521227968805 -0.5851318174897524, 38.40977347535607 -0.5823139420824961, 38.41402641420205 -0.5794971103838631, 38.418280047018186 -0.5766813267381969, 38.42253437631459 -0.5738665954931655, 38.426789404596 -0.5710529210101236, 38.43104513436581 -0.5682403076539511, 38.43530156812736 -0.5654287597895274, 38.439558708384 -0.5626182817817414, 38.443816557637064 -0.559808878000579, 38.448075118382384 -0.5570005528294888, 38.452334393114945 -0.5541933106541159, 38.456594384329705 -0.5513871558601041, 38.46085509452161 -0.5485820928331863, 38.465116526182605 -0.5457781259662943, 38.46937868179941 -0.54297525966481, 38.47364156385825 -0.5401734983353569, 38.47790517484536 -0.5373728463845563, 38.482169517246845 -0.5345733082193442, 38.486434593544715 -0.531774888256075, 38.49070040621637 -0.5289775909219564, 38.49496695773894 -0.5261814206447966, 38.49923425058955 -0.5233863818524014, 38.503502287244984 -0.5205924789733525, 38.50777107017693 -0.5177997164477607, 38.51204060185312 -0.5150080987245909, 38.516310884741245 -0.5122176302530372, 38.52058192130895 -0.5094283154822925, 38.524853714023195 -0.506640158863112, 38.529126265344864 -0.5038531648595065, 38.53339957773178 -0.5010673379421804, 38.53767365364177 -0.4982826825818892, 38.54194849553265 -0.4954992032493862, 38.54622410586093 -0.4927169044182116, 38.550500487076384 -0.4899357905762784, 38.554777641626615 -0.4871558662161234, 38.559055571959256 -0.4843771358302844, 38.56333428052189 -0.4815996039113021, 38.567613769759895 -0.4788232749562005, 38.57189404211155 -0.4760481534763398, 38.576175100013685 -0.4732742439859412, 38.58045694590314 -0.4705015509992265, 38.58473958221671 -0.4677300790304644, 38.5890230113879 -0.4649598326007509, 38.59330723584346 -0.4621908162449502, 38.59759225800938 -0.4594230344995834, 38.601878080311586 -0.4566564919011695, 38.60616470517594 -0.4538911929864644, 38.61045213502352 -0.451127142301418, 38.61474037226928 -0.4483643444039534, 38.61902941932771 -0.4456028038527987, 38.62331927861333 -0.4428425252066821, 38.6276099525403 -0.4400835130249964, 38.63190144351663 -0.4373257718787121, 38.636193753945136 -0.4345693063486089, 38.64048688622852 -0.4318141210157782, 38.64478084276938 -0.4290602204613085, 38.64907562596961 -0.4263076092677446, 38.65337123822365 -0.4235562920311961, 38.65766768192188 -0.4208062733551612, 38.6619649594547 -0.4180575578432152, 38.666263073212455 -0.4153101500989328, 38.67056202558397 -0.4125640547286037, 38.67486181894973 -0.4098192763533566, 38.67916245568734 -0.407075819599358, 38.683463938174455 -0.4043336890927804, 38.68776626878869 -0.4015928894597944, 38.69206944990503 -0.3988534253311512, 38.69637348388969 -0.3961153013526383, 38.70067837310712 -0.393378522173124, 38.704984119921754 -0.390643092441478, 38.70929072669799 -0.3879090168066212, 38.71359819579608 -0.3851762999244547, 38.71790652956783 -0.3824449464649488, 38.722215730364006 -0.3797149610997628, 38.72652580053543 -0.3769863485005562, 38.7308367424327 -0.3742591133392475, 38.73514855840054 -0.371533260297373, 38.73946125077609 -0.3688087940686682, 38.74377482189602 -0.3660857193476536, 38.74808927409701 -0.3633640408288511, 38.75240460971524 -0.3606437632075394, 38.756720831079186 -0.3579248911911261, 38.76103794051109 -0.3552074294967842, 38.765355940332995 -0.3524913828419654, 38.769674832867004 -0.3497767559441217, 38.77399462043408 -0.3470635535223734, 38.778315305345885 -0.3443517803099808, 38.78263688990944 -0.3416414410473192, 38.78695937643172 -0.338932540474816, 38.79128276721969 -0.3362250833329004, 38.79560706457823 -0.3335190743651412, 38.79993227080179 -0.3308145183303607, 38.80425838818181 -0.3281114199920056, 38.8085854190096 -0.3254097841135247, 38.812913365576605 -0.3227096154583729, 38.81724223017046 -0.3200109187952863, 38.82157201506832 -0.3173136989080729, 38.82590272254542 -0.3146179605832098, 38.83023435487704 -0.3119237086071723, 38.834566914338396 -0.3092309477665359, 38.838900403198934 -0.3065396828558237, 38.84323482371829 -0.3038499186832462, 38.84757017815513 -0.3011616600583652, 38.85190646876809 -0.2984749117907443, 38.85624369781556 -0.2957896786903583, 38.86058186754785 -0.293105965577797, 38.86492098020678 -0.2904237772849574, 38.86926103803375 -0.2877431186442855, 38.873602043270154 -0.2850639944882251, 38.87794399815654 -0.2823864096503266, 38.88228690492342 -0.2797103689773337, 38.886630765794685 -0.2770358773246724, 38.89097558299409 -0.2743629395479198, 38.895321358745406 -0.2716915605026547, 38.89966809527057 -0.2690217450467635, 38.904015794779795 -0.2663534980529632, 38.90836445947861 -0.2636868243998406, 38.91271409157256 -0.2610217289659971, 38.91706469326717 -0.2583582166300321, 38.92141626676458 -0.2556962922747283, 38.925768814254326 -0.2530359607981308, 38.93012233792314 -0.2503772271017686, 38.93447683995776 -0.2477200960871682, 38.93883232254485 -0.2450645726558982, 38.9431887878654 -0.2424106617162622, 38.947546238088286 -0.2397583681908389, 38.95190467538087 -0.2371076970040288, 38.95626410191048 -0.2344586530802316, 38.960624519844224 -0.2318112413441054, 38.96498593134085 -0.2291654667298726, 38.96934833854843 -0.2265213341839315, 38.973711743614324 -0.2238788486534688, 38.97807614868595 -0.22123801508567, 38.98244155590993 -0.2185988384285332, 38.98680796742186 -0.2159613236422606, 38.99117538534879 -0.2133254756964772, 38.995543811817555 -0.2106912995610544, 38.99991324895499 -0.2080588002058629, 39.00428369888617 -0.205427982602637, 39.008655163722906 -0.2027988517372755, 39.01302764557096 -0.2001714126021871, 39.01740114653597 -0.1975456701898145, 39.021775668723635 -0.1949216294925988, 39.0261512142362 -0.1922992955065571, 39.030527785161375 -0.1896786732426574, 39.034905383583066 -0.1870597677157748, 39.03928401158524 -0.1844425839407864, 39.0436636712518 -0.1818271269325902, 39.0480443646606 -0.179213401712107, 39.05242609387526 -0.1766014133144519, 39.056808860957375 -0.173991166776786, 39.061192667968484 -0.1713826671362705, 39.065577516969945 -0.1687759194302628, 39.06996341001395 -0.1661709287049591, 39.07435034913997 -0.1635677000187442, 39.078738336386586 -0.1609662384308913, 39.08312737379239 -0.1583665490006753, 39.087517463395166 -0.1557686367880671, 39.09190860722037 -0.1531725068645434, 39.09630080728322 -0.1505781643110236, 39.10069406559868 -0.1479856142087083, 39.105088384181705 -0.1453948616387985, 39.10948376504533 -0.1428059116841793, 39.11388021018756 -0.140218769441243, 39.118277721599085 -0.1376334400128689, 39.1226763012706 -0.1350499285019753, 39.12707595119278 -0.1324682400114828, 39.131476673352445 -0.1298883796476438, 39.1358784697198 -0.1273103525310285, 39.14028134226062 -0.1247341637860484, 39.14468529294065 -0.1221598185371169, 39.149090323725616 -0.1195873219086677, 39.15349643657439 -0.1170166790308511, 39.15790363342952 -0.1144478950473672, 39.162311916231175 -0.1118809751038773, 39.16672128691953 -0.1093159243460436, 39.17113174743457 -0.1067527479197221, 39.17554329970561 -0.1041914509792288, 39.17995594564765 -0.1016320386903867, 39.1843696871746 -0.0990745162198405, 39.18878452620045 -0.0965188887342367, 39.19320046463819 -0.0939651614009217, 39.19761750438655 -0.0914133393982434, 39.20203564733289 -0.0888634279133022, 39.206454895364224 -0.08631543213344, 39.21087525036758 -0.0837693572459989, 39.21529671422767 -0.0812252084400227, 39.21971928881187 -0.0786829909173854, 39.22414297597969 -0.0761427098858077, 39.22856777759053 -0.0736043705530382, 39.23299369550386 -0.0710679781268272, 39.23742073157435 -0.0685335378182756, 39.241848887637815 -0.066001054851814, 39.24627816552537 -0.0634705344551891, 39.25070856706812 -0.0609419818561473, 39.25514009409713 -0.0584154022824664, 39.25957274843508 -0.0558908009676534, 39.264006531886544 -0.0533681831576231, 39.26844144625369 -0.0508475540999116, 39.272877493338655 -0.048328919042053, 39.27731467494328 -0.0458122832318242, 39.281752992856624 -0.0432976519252966, 39.28619244885218 -0.0407850303887356, 39.29063304470241 -0.0382744238890341, 39.29507478217981 -0.0357658376930845, 39.29951766305561 -0.0332592770685796, 39.303961689084105 -0.0307547472937633, 39.30840686200766 -0.0282522536543365, 39.31285318356835 -0.0257518014361566, 39.31730065550833 -0.0232533959250797, 39.32174927956655 -0.0207570424088302, 39.32619905746196 -0.0182627461870911, 39.33064999090556 -0.01577051256426, 39.3351020816084 -0.0132803468447473, 39.33955533128144 -0.0107922543329637, 39.344009741629435 -0.0083062403369051, 39.34846531433596 -0.005822310176585, 39.352922051080235 -0.0033404691745348, 39.35737995354142 -0.0008607226532858, 39.361839023398595 0.0016169240645714, 39.366299262320084 0.0040924656505994, 39.37076067195461 0.0065658967657289, 39.37522325394881 0.0090372120697637, 39.37968700994933 0.0115064062225091, 39.38415194160218 0.0139734738834318, 39.388618050537595 0.0164384097038709, 39.39308533836971 0.0189012083268271, 39.3975538067119 0.0213618643949195, 39.40202345717751 0.0238203725507674, 39.40649429137793 0.0262767274360076, 39.41096631090436 0.0287309236823702, 39.41543951733631 0.0311829559158558, 39.419913912253136 0.0336328187623946, 39.42438949723426 0.0360805068479184, 39.42886627385442 0.0385260147962231, 39.43334424366543 0.0409693372204205, 39.43782340821194 0.0434104687302875, 39.44230376903858 0.0458494039355985, 39.44678532768995 0.0482861374461198, 39.45126808570188 0.0507206638677468, 39.45575204458722 0.053152977796264, 39.46023720585511 0.055583073825828, 39.464723571014716 0.0580109465505945, 39.4692111415749 0.0604365905645994, 39.47369991903033 0.0628600004559908, 39.4781899048555 0.0652811708045289, 39.48268110052332 0.0677000961893332, 39.48717350750673 0.0701167711895217, 39.49166712727743 0.0725311903837277, 39.49616196128744 0.0749433483429147, 39.50065801097321 0.0773532396319199, 39.50515527777068 0.07976085881541, 39.50965376311579 0.0821662004580512, 39.51415346844121 0.0845692591232951, 39.518654395155686 0.0869700293658353, 39.52315654465749 0.0893685057365301, 39.52765991834487 0.091764682786223, 39.532164517616096 0.094158555065756, 39.53667034386233 0.0965501171235607, 39.54117739844923 0.0989393634992894, 39.54568568273654 0.1013262887305936, 39.55019519808406 0.1037108873551253, 39.55470594585144 0.1060931539105015, 39.55921792738587 0.1084730829303559, 39.563731144010625 0.1108506689406871, 39.56824559704624 0.1132259064666315, 39.57276128781331 0.1155987900333269, 39.57727821763162 0.1179693141656919, 39.581796387802406 0.1203374733831285, 39.58631579960714 0.1227032621992202, 39.59083645432646 0.1250666751272743, 39.59535835324097 0.1274277066805967, 39.59988149762883 0.1297863513718438, 39.604405888744175 0.132142603707091, 39.60893152782703 0.1344964581885816, 39.61345841611728 0.1368479093185114, 39.617986554854824 0.1391969515990778, 39.6225159452739 0.1415435795310799, 39.627046588581415 0.1438877876084497, 39.63157848597572 0.1462295703230098, 39.63611163865525 0.1485689221665844, 39.64064604781838 0.1509058376309896, 39.64518171465267 0.1532403112055796, 39.64971864031853 0.1555723373735283, 39.65425682597213 0.1579019106170528, 39.658796272769656 0.1602290254183703, 39.66333698186691 0.1625536762596153, 39.66787895440226 0.1648758576193471, 39.67242219149058 0.1671955639713054, 39.67696669424511 0.1695127897888892, 39.681512463779065 0.1718275295454986, 39.68605950120399 0.1741397777142241, 39.69060780760757 0.1764495287637837, 39.69515738405972 0.1787567771596526, 39.69970823162998 0.181061517367228, 39.70426035138783 0.1833637438519069, 39.708813744398405 0.1856634510783732, 39.713368411698156 0.1879606335066959, 39.717924354312174 0.190255285595112, 39.72248157326554 0.1925474018018535, 39.727040069583325 0.1948369765851534, 39.731599844281305 0.1971240044019513, 39.73616089834543 0.1994084797050186, 39.74072323275554 0.2016903969462892, 39.74528684849157 0.2039697505776956, 39.749851746533125 0.2062465350511453, 39.754417927843896 0.2085207448166563, 39.75898539336041 0.2107923743210554, 39.76355414401667 0.2130614180108634, 39.76812418074662 0.2153278703326, 39.77269550448307 0.2175917257326738, 39.77726811613552 0.2198529786552468, 39.78184201659207 0.2221116235424166, 39.78641720674007 0.2243676548362055, 39.790993687466816 0.2266210669786345, 39.795571459656124 0.2288718544114614, 39.800150524162575 0.2311200115742462, 39.80473088182621 0.2333655329054582, 39.80931253348699 0.2356084128435576, 39.813895479984865 0.2378486458270042, 39.81847972215191 0.2400862262938338, 39.82306526078813 0.2423211486803458, 39.82765209668541 0.2445534074223982, 39.8322402306356 0.2467829969558506, 39.83682966343047 0.2490099117165578, 39.8414203958472 0.2512341461398934, 39.84601242863263 0.2534556946602282, 39.85060576252983 0.25567455171181, 39.855200398281866 0.2578907117288848, 39.85979633663103 0.2601041691456894, 39.86439357829721 0.2623149183961881, 39.86899212397533 0.2645229539140386, 39.873591974358916 0.2667282701328819, 39.87819313014158 0.2689308614863608, 39.88279559201416 0.2711307224081401, 39.8873993606381 0.2733278473321361, 39.89200443665707 0.2755222306924177, 39.896610820714415 0.2777138669230567, 39.90121851345356 0.279902750458124, 39.90582751551125 0.2820888757318846, 39.91043782749063 0.2842722371795892, 39.915049449984224 0.286452829236798, 39.91966238358455 0.2886306463390715, 39.924276628884094 0.2908056829219729, 39.928892186462285 0.2929779334217147, 39.9335090568653 0.2951473922761642, 39.938127240634124 0.2973140539234467, 39.94274673830972 0.2994779128016896, 39.94736755043259 0.3016389633490536, 39.951989677522015 0.3037972000051877, 39.95661312006881 0.3059526172117472, 39.96123787856175 0.3081052094105264, 39.965863953489595 0.3102549710433206, 39.970491345339084 0.3124018965521147, 39.97512005456785 0.3145459803815343, 39.97975008161234 0.3166872169781374, 39.98438142690845 0.3188256007885265, 39.989014090892134 0.3209611262593052, 39.993648073993775 0.3230937878376877, 39.998283376609294 0.325223579974731, 40.00291999912111 0.3273504971229821, 40.007557941911685 0.3294745337349902, 40.01219720536347 0.3315956842633053, 40.0168377898474 0.3337139431619864, 40.02147969569877 0.3358293048897938, 40.0261229232459 0.3379417639063991, 40.030767472817125 0.3400513146714736, 40.035413344740476 0.3421579516447341, 40.04006053932435 0.3442616692888819, 40.04470905684528 0.3463624620714602, 40.04935889757686 0.3484603244604556, 40.05401006179272 0.3505552509238538, 40.058662549764925 0.3526472359299032, 40.063316361737435 0.354736273951702, 40.06797149792938 0.3568223594666187, 40.07262795855907 0.3589054869521666, 40.07728574384479 0.3609856508858585, 40.081944854000426 0.3630628457460641, 40.086605289204925 0.3651370660178687, 40.09126704962083 0.3672083061895327, 40.09593013541053 0.3692765607493359, 40.100594546736446 0.3713418241855573, 40.10526028375119 0.3734040909885583, 40.10992734656975 0.3754633556567096, 40.114595735298124 0.3775196126903083, 40.119265450042235 0.37957285658965, 40.123936490907916 0.3816230818550632, 40.128608857983224 0.383670282991022, 40.1332825513212 0.3857144545101646, 40.13795757097081 0.3877555909260831, 40.142633916981 0.3897936867523715, 40.147311589399706 0.3918287365028844, 40.151990588248154 0.3938607346982496, 40.15667091351914 0.3958896758662977, 40.16135256520413 0.3979155545352109, 40.166035543294555 0.3999383652331695, 40.17071984777841 0.4019581024892918, 40.175405478609285 0.403974760842136, 40.18009243572084 0.4059883348357174, 40.184780719046444 0.4079988190141185, 40.18947032851956 0.4100062079214215, 40.194161264065514 0.4120104961040796, 40.19885352557088 0.4140116781199703, 40.20354711291056 0.4160097485304079, 40.20824202595945 0.4180047018967087, 40.212938264592395 0.4199965327802026, 40.217635828668755 0.421985235747098, 40.2223347180101 0.4239708053755107, 40.227034932432325 0.425953236245337, 40.23173647175136 0.427932522936474, 40.2364393357825 0.4299086600290278, 40.241143524316456 0.4318816421113492, 40.245849037111874 0.4338514637825547, 40.250555873925244 0.4358181196424861, 40.255264034513054 0.4377816042909866, 40.259973518629316 0.4397419123287745, 40.26468432599495 0.4416990383683732, 40.269396456307085 0.443652977030767, 40.274109909262386 0.4456037229371237, 40.278824684557456 0.4475512707086111, 40.28354078188266 0.4494956149687693, 40.288258200889366 0.4514367503558497, 40.292976941213944 0.4533746715137312, 40.297697002492804 0.4553093730863041, 40.30241838436233 0.4572408497174625, 40.30714108644607 0.4591690960562072, 40.31186510832756 0.4610941067674649, 40.316590449582584 0.4630158765192594, 40.32131710978688 0.4649343999796125, 40.32604508851592 0.4668496718166748, 40.33077438532348 0.4687616867076775, 40.3355049997277 0.4706704393448042, 40.34023693124337 0.4725759244216308, 40.34497017938526 0.4744781366317336, 40.34970474366658 0.4763770706693877, 40.35444062356976 0.4782727212424207, 40.3591778185493 0.4801650830709555, 40.36391632805868 0.4820541508755622, 40.36865615155142 0.4839399193768097, 40.37339728847641 0.4858223832973722, 40.37813973824459 0.4877015373774745, 40.382883500247964 0.4895773763660609, 40.387628573878445 0.4914498950121383, 40.392374958527896 0.4933190880647131, 40.397122653578286 0.4951849502775965, 40.401871658370325 0.4970474764245252, 40.40662197223401 0.4989066612844035, 40.41137359449937 0.5007624996361352, 40.416126524496335 0.502614986258675, 40.42088076153678 0.5044641159400796, 40.42563630489368 0.506309883488058, 40.43039315383493 0.50815228371288, 40.43515130762842 0.5099913114248149, 40.439910765541214 0.5118269614345811, 40.44467152681308 0.5136592285672672, 40.44943359065144 0.5154881076649966, 40.45419695626187 0.5173135935708814, 40.458961622849934 0.5191356811280332, 40.46372758961824 0.5209543651811863, 40.468494855733816 0.5227696405946085, 40.473263420340125 0.5245815022455061, 40.47803328258022 0.5263899450113184, 40.48280444159712 0.5281949637694829, 40.487576896526804 0.5299965534014757, 40.49235064646434 0.5317947088121505, 40.49712569049011 0.5335894249147543, 40.50190202768444 0.5353806966225442, 40.50667965712773 0.5371685188487838, 40.51145857788648 0.5389528865149401, 40.51623878898596 0.5407337945670179, 40.52102028944369 0.5425112379555899, 40.525803078277235 0.5442852116312311, 40.5305871545038 0.5460557105447196, 40.535372517118 0.5478227296607728, 40.54015916507783 0.5495862639667126, 40.54494709733793 0.5513463084519258, 40.549736312852936 0.5531028581057985, 40.5545268105759 0.5548559079187426, 40.559318589428344 0.556605452901356, 40.564111648303 0.5583514880827037, 40.5689059860915 0.5600940084925317, 40.57370160168551 0.5618330091605868, 40.578498493972226 0.563568485119559, 40.58329666180029 0.5653004314277312, 40.58809610399855 0.5670288431565482, 40.59289681939565 0.5687537153775618, 40.59769880682022 0.570475043162324, 40.60250206509147 0.5721928215888895, 40.60730659298665 0.5739070457641577, 40.61211238927141 0.5756177108030217, 40.61691945271137 0.5773248118203753, 40.62172778207213 0.5790283439311561, 40.62653737610226 0.5807283022623897, 40.63134823351025 0.582424681969688, 40.636160352998715 0.5841174782127937, 40.64097373327036 0.5858066861514515, 40.64578837302716 0.5874923009458685, 40.650604270945415 0.5891743177752234, 40.65542142566721 0.5908527318438798, 40.66023983583231 0.5925275383579385, 40.665059500080396 0.5941987325235001, 40.66988041704896 0.5958663095484141, 40.67470258534148 0.5975302646663847, 40.679526003535535 0.5991905931308746, 40.68435067020803 0.6008472901958458, 40.68917658393589 0.6025003511152621, 40.69400374329043 0.6041497711474966, 40.69883214680316 0.6057955455822581, 40.70366179298836 0.6074376697228215, 40.70849268036028 0.6090761388725149, 40.713324807433125 0.6107109483346663, 40.71815817271005 0.6123420934216118, 40.72299277465255 0.6139695694795716, 40.727828611712326 0.6155933718627326, 40.73266568234106 0.6172134959252816, 40.73750398499035 0.618829937021509, 40.74234351809305 0.6204426905214135, 40.74718428004336 0.6220517518275044, 40.752026269230626 0.6236571163463216, 40.756869484044245 0.6252587794844048, 40.761713922872744 0.6268567366490164, 40.766559584077626 0.6284509832708725, 40.77140646598807 0.630041514808701, 40.776254566931364 0.6316283267228754, 40.78110388523479 0.6332114144737685, 40.78595441922299 0.6347907735241181, 40.79080616718613 0.6363663993675185, 40.79565912739017 0.6379382875192044, 40.80051329810059 0.6395064334948586, 40.80536867758285 0.6410708328101624, 40.810225264096395 0.6426314809863459, 40.81508305586121 0.6441883735811018, 40.819942051081256 0.645741506166842, 40.824802247960505 0.6472908743160196, 40.82966364470294 0.6488364736010879, 40.83452623950112 0.6503782996053208, 40.839390030506955 0.6519163479507306, 40.844255015863226 0.6534506142679968, 40.84912119371273 0.6549810941877999, 40.85398856219812 0.6565077833409485, 40.858857119443485 0.6580306773764752, 40.863726863535355 0.6595497719802743, 40.86859779255572 0.6610650628426884, 40.87346990458658 0.6625765456540594, 40.87834319770911 0.6640842161055484, 40.88321766997824 0.6655880699149218, 40.88809331941739 0.6670881028317466, 40.89297014404822 0.6685843106074583, 40.89784814189232 0.6700766889934933, 40.902727310968864 0.671565233743847, 40.90760764926389 0.6730499406470856, 40.91248915473956 0.6745308055166009, 40.91737182535761 0.6760078241663297, 40.9222556590797 0.6774809924102072, 40.9271406538621 0.6789503060680223, 40.93202680762317 0.6804157610002598, 40.93691411826521 0.6818773530846873, 40.94180258369048 0.6833350781991359, 40.94669220180125 0.6847889322214373, 40.95158297048961 0.6862389110406318, 40.95647488760842 0.687685010589269, 40.96136795100103 0.6891272268104535, 40.96626215851072 0.6905655556472903, 40.97115750798076 0.6919999930429713, 40.976053997237926 0.6934305349594788, 40.98095162407219 0.694857177400838, 40.98585038626849 0.6962799163767796, 40.99075028161178 0.6976987478970342, 40.99565130788647 0.6991136679719855, 41.000553462853546 0.7005246726395704, 41.005456744242416 0.7019317579748648, 41.010361149780266 0.7033349200555669, 41.015266677194255 0.7047341549593747, 41.020173324209814 0.7061294587661363, 41.025081088522505 0.7075208275918692, 41.02998996780312 0.7089082575826378, 41.034899959721685 0.7102917448854177, 41.03981106194823 0.7116712856471834, 41.044723272148765 0.7130468760199534, 41.04963658795464 0.7144185121990483, 41.054551006979494 0.7157861904018428, 41.059466526836935 0.7171499068458862, 41.06438314514048 0.7185096577487295, 41.06930085949609 0.7198654393377053, 41.074219667472754 0.7212172478877411, 41.07913956662822 0.7225650796882176, 41.08406055452027 0.7239089310285186, 41.08898262870663 0.7252487981980457, 41.093905786732456 0.7265846775029552, 41.0988300261068 0.7279165652972365, 41.10375534433239 0.729244457943357, 41.10868173891192 0.7305683518037845, 41.113609207347885 0.7318882432412912, 41.11853774712418 0.7332041286440405, 41.12346735569249 0.7345160044443686, 41.12839803050119 0.7358238670790345, 41.13332976899873 0.7371277129847983, 41.13826256863259 0.7384275385996835, 41.14319642682588 0.7397233403962092, 41.14813134097486 0.7410151148846926, 41.153067308474434 0.7423028585773767, 41.15800432671956 0.7435865679865046, 41.162942393102846 0.7448662396276267, 41.167881504987534 0.7461418700591328, 41.172821659716284 0.747413455869294, 41.17776285463136 0.7486809936469916, 41.18270508707503 0.7499444799811061, 41.18764835438501 0.7512039114673432, 41.192592653866214 0.7524592847506488, 41.197537982809166 0.7537105964975807, 41.20248433850433 0.754957843374788, 41.20743171824218 0.7562010220489203, 41.2123801193053 0.7574401291988254, 41.21732953894238 0.7586751615558773, 41.22227997439298 0.759906115865587, 41.22723142289668 0.7611329888734654, 41.23218388169301 0.7623557773250607, 41.237137348009234 0.7635744779855637, 41.242091819040226 0.7647890876719721, 41.24704729197559 0.765999603209725, 41.252003764004904 0.7672060214242615, 41.25696123231756 0.7684083391414009, 41.2619196940857 0.76960655321539, 41.26687914645266 0.7708006605480828, 41.27183958655901 0.7719906580458749, 41.276801011545345 0.7731765426151614, 41.28176341855144 0.7743583111637151, 41.2867268046951 0.7755359606367898, 41.29169116707012 0.7767094880206465, 41.29665650276907 0.7778788903036332, 41.3016228088845 0.7790441644740962, 41.30659008250707 0.7802053075237443, 41.31155832070151 0.7813623164900585, 41.316527520513766 0.7825151884435669, 41.32149767898941 0.7836639204555327, 41.32646879317399 0.7848085095972175, 41.33144086010942 0.7859489529465312, 41.33641387680894 0.7870852476336765, 41.34138784027225 0.7882173908135942, 41.34636274749895 0.789345379641373, 41.35133859548864 0.7904692112721003, 41.356315381234815 0.7915888828724003, 41.361293101701236 0.7927043916650551, 41.36627175384261 0.7938157348899091, 41.37125133461366 0.7949229097868102, 41.37623184096909 0.7960259135956163, 41.381213269854264 0.7971247435744019, 41.38619561818572 0.798219397037585, 41.39117888287442 0.7993098713104417, 41.396163060831334 0.8003961637182497, 41.40114814896732 0.8014782715864747, 41.406134144180186 0.8025561922671571, 41.411121043341296 0.8036299231660398, 41.41610884331886 0.8046994616953371, 41.421097540981066 0.8057648052672635, 41.42608713319568 0.8068259512948422, 41.43107761681389 0.80788289722613, 41.436068988663976 0.8089356405568457, 41.44106124557275 0.8099841787861223, 41.44605438436693 0.8110285094130925, 41.451048401872306 0.8120686299390241, 41.45604329489463 0.8131045379086348, 41.46103906022113 0.8141362309071597, 41.466035694638265 0.8151637065213807, 41.471033194932495 0.8161869623380796, 41.47603155788836 0.8172059959484564, 41.48103078026786 0.8182208049946785, 41.486030858818566 0.8192313871516153, 41.49103179028784 0.8202377400946735, 41.496033571422984 0.8212398614992596, 41.50103619896802 0.822237749048628, 41.506039669642945 0.8232314004825282, 41.51104398015724 0.8242208135654552, 41.51604912722034 0.8252059860620083, 41.521055107541684 0.8261869157367872, 41.52606191782558 0.8271636003670322, 41.53106955475196 0.8281360377895999, 41.536078014993606 0.8291042258589039, 41.54108729522329 0.83006816242936, 41.5460973921138 0.8310278453553924, 41.55110830233051 0.8319832725103536, 41.55612002251537 0.8329344418272897, 41.56113254930581 0.8338813512509878, 41.566145879339196 0.834823998726234, 41.57116000925287 0.8357623821979582, 41.576174935674246 0.8366964996374675, 41.581190655209404 0.8376263490730202, 41.58620716446162 0.8385519285402931, 41.591224460034184 0.8394732360749633, 41.596242538530106 0.8403902697133124, 41.60126139654016 0.841303027525944, 41.606281030636374 0.8422115076355426, 41.61130143738919 0.8431157081691452, 41.61632261336908 0.8440156272537899, 41.62134455514595 0.8449112630180844, 41.62636725927529 0.8458026136327794, 41.63139072229682 0.8466896773144036, 41.636414940749546 0.8475724522817858, 41.64143991117243 0.8484509367537538, 41.64646563010336 0.8493251289523367, 41.65149209406415 0.8501950271488393, 41.656519299563946 0.8510606296532277, 41.661547243111556 0.8519219347765038, 41.66657592121577 0.8527789408296711, 41.671605330383606 0.8536316461293623, 41.67663546710496 0.854480049047434, 41.68166632785989 0.8553241479870465, 41.68669790912838 0.8561639413517166, 41.69173020739043 0.8569994275449622, 41.696763219123355 0.857830604979281, 41.701796940786885 0.8586574721267037, 41.70683136883353 0.8594800274834846, 41.711866499715825 0.8602982695459493, 41.7169023298863 0.8611121968104226, 41.721938855793724 0.8619218077865768, 41.72697607386954 0.8627271010459061, 41.7320139805402 0.8635280751777933, 41.73705257223211 0.8643247287716224, 41.74209184537171 0.8651170604167823, 41.747131796380465 0.8659050687214502, 41.752172421663445 0.8666887523555902, 41.75721371762239 0.8674681100018491, 41.762255680658996 0.8682431403428728, 41.76729830717498 0.8690138420613953, 41.77234159356579 0.8697802138652183, 41.77738553621198 0.870542254521745, 41.782430131491964 0.8712999628070436, 41.787475375784155 0.8720533374971823, 41.792521265466846 0.8728023773685971, 41.797567796910926 0.8735470812294692, 41.80261496647421 0.8742874479437482, 41.80766277051317 0.8750234763810378, 41.81271120538428 0.8757551654109422, 41.81776026744387 0.8764825139040179, 41.822809953039744 0.8772055207692397, 41.82786025850864 0.8779241849663388, 41.83291118018655 0.8786385054585242, 41.83796271440942 0.8793484812090052, 41.84301485751284 0.8800541111829171, 41.84806760582323 0.880755394390137, 41.85312095565791 0.8814523298855291, 41.858174903333705 0.8821449167259308, 41.86322944516749 0.8828331539681807, 41.86828457747549 0.8835170406724817, 41.87334029656442 0.8841965759494449, 41.878396598733644 0.8848717589485153, 41.883453480282334 0.8855425888201391, 41.888510937509665 0.8862090647147621, 41.89356896671388 0.8868711857881546, 41.89862756418365 0.8875289512512489, 41.90368672620195 0.8881823603476118, 41.90874644905168 0.8888314123212347, 41.91380672901574 0.8894761064161095, 41.918867562375816 0.8901164418840737, 41.92392894540421 0.890752418035747, 41.928990874368985 0.8913840342084146, 41.9340533455382 0.8920112897394941, 41.93911635517995 0.8926341839664037, 41.944179899560666 0.8932527162375234, 41.94924397493804 0.8938668859623738, 41.954308577566714 0.8944766925716648, 41.9593737037013 0.8950821354961256, 41.96443934959642 0.8956832141664854, 41.9695055115048 0.8962799280281358, 41.974572185671185 0.8968722765884171, 41.9796393683382 0.8974602593710296, 41.98470705574847 0.8980438758996744, 41.98977524414463 0.898623125698057, 41.99484392976711 0.8991980083090766, 41.99991310884926 0.8997685233377427, 42.00498277762302 0.9003346704016059, 42.01005293232031 0.9008964491182171, 42.015123569173056 0.9014538591051858, 42.02019468441087 0.9020069000035688, 42.0252662742575 0.9025555715133651, 42.03033833493581 0.9030998733436911, 42.03541086266869 0.9036398052036643, 42.040483853679 0.9041753668026192, 42.04555730418714 0.904706557878513, 42.05063121040878 0.9052333782261117, 42.05570556855902 0.9057558276468815, 42.06078037485294 0.9062739059422882, 42.065855625505584 0.906787612914319, 42.07093131672971 0.9072969483984027, 42.07600744473438 0.9078019122831189, 42.08108400572833 0.9083025044617764, 42.08616099592028 0.9087987248276838, 42.09123841151893 0.9092905732751506, 42.09631624873088 0.909778049736623, 42.10139450376011 0.9102611541936475, 42.106473172810354 0.9107398866310087, 42.11155225208541 0.9112142470334909, 42.116631737788985 0.9116842353875607, 42.12171162612314 0.9121498517221728, 42.126791913288145 0.9126110961110022, 42.13187259548421 0.9130679686298538, 42.13695366891156 0.9135204693545316, 42.142035129770335 0.9139685983634187, 42.14711697425956 0.9144123557813137, 42.1521991985773 0.9148517417732301, 42.15728179892156 0.9152867565055113, 42.16236477149037 0.9157174001445006, 42.16744811248174 0.9161436728602422, 42.172531818093205 0.9165655748726041, 42.177615884522 0.9169831064371671, 42.1827003079653 0.9173962678102889, 42.18778508462035 0.917805059248328, 42.19287021068441 0.9182094810126884, 42.197955682355015 0.9186095334174348, 42.20304149582995 0.9190052168079665, 42.20812764730697 0.9193965315300979, 42.21321413298384 0.919783477929643, 42.21830094905847 0.9201660563590263, 42.22338809172995 0.9205442672255546, 42.22847555719794 0.9209181109637058, 42.23356334166211 0.9212875880081534, 42.238651441322126 0.9216526987935696, 42.243739852377956 0.9220134437630118, 42.24882857103166 0.9223698234160032, 42.25391759348615 0.9227218382753691, 42.25900691594432 0.9230694888640081, 42.26409653460906 0.9234127757048192, 42.269186445683864 0.9237516993310564, 42.27427664537513 0.9240862603333773, 42.27936712989034 0.9244164593222215, 42.28445789543699 0.9247422969080471, 42.28954893822252 0.925063773701311, 42.29464025445525 0.9253808903249718, 42.29973184034743 0.9256936474596996, 42.304823692112365 0.9260020458028078, 42.30991580596344 0.926306086051611, 42.315008178113956 0.9266057689034237, 42.32010080477853 0.9269010950703632, 42.325193682176476 0.9271920653219529, 42.330286806528306 0.9274786804416306, 42.33538017405456 0.9277609412128345, 42.34047378097574 0.9280388484190066, 42.34556762351405 0.9283124028608077, 42.3506616978973 0.9285816053954441, 42.35575600035445 0.92884645689171, 42.36085052711444 0.9291069582183997, 42.36594527440623 0.9293631102443319, 42.37104023846105 0.9296149138580049, 42.37613541551644 0.9298623700031521, 42.381230801811036 0.930105479633128, 42.38632639358354 0.9303442437012874, 42.39142218707258 0.9305786631610535, 42.39651817851973 0.9308087389879658, 42.40161436417355 0.931034472211153, 42.406710740283636 0.9312558638677015, 42.41180730309959 0.9314729149946982, 42.41690404887102 0.9316856266293756, 42.42200097385117 0.9318939998334463, 42.427098074300815 0.9320980357203124, 42.43219534648174 0.9322977354099382, 42.4372927866557 0.9324931000222885, 42.44239039108452 0.9326841306775859, 42.44748815603435 0.9328708285227787, 42.452586077779465 0.9330531947544302, 42.45768415259499 0.9332312305744962, 42.46278237675607 0.9334049371849327, 42.46788074653789 0.9335743157881028, 42.47297925822085 0.9337393676151964, 42.478077908093844 0.9339000939448356, 42.483176692446584 0.9340564960600625, 42.48827560756874 0.9342085752439179, 42.49337464975011 0.9343563327800327, 42.49847381528654 0.9344997699827957, 42.503573100482726 0.9346388882117819, 42.50867250164406 0.9347736888301771, 42.513772015075965 0.9349041732011667, 42.518871637084 0.9350303426887421, 42.52397136398065 0.935152198689403, 42.529071192087564 0.9352697426425894, 42.53417111772699 0.9353829759906837, 42.539271137221185 0.9354919001760663, 42.544371246892645 0.9355965166421689, 42.549471443071724 0.9356968268664697, 42.554571722098046 0.9357928323671363, 42.55967208031189 0.9358845346647264, 42.564772514053466 0.9359719352797973, 42.56987301966334 0.9360550357342264, 42.5749735934908 0.9361338375853544, 42.58007423189467 0.9362083424290977, 42.58517493123424 0.9362785518633157, 42.590275687868825 0.9363444674858667, 42.5953764981581 0.9364060908962228, 42.600477358471494 0.9364634237306668, 42.60557826518801 0.9365164676621295, 42.61067921468709 0.9365652243651232, 42.61578020334817 0.9366096955141602, 42.6208812275512 0.9366498827856351, 42.62598228368676 0.936685787893134, 42.63108336815513 0.9367174125843178, 42.63618447735693 0.9367447586081062, 42.64128560769279 0.936767827713419, 42.646386755564 0.9367866216513872, 42.651487917383356 0.936801142211557, 42.656589089573366 0.9368113912160367, 42.66169026855691 0.9368173704879655, 42.66679145075679 0.9368190818504808, 42.67189263259667 0.9368165271292318, 42.67699381051257 0.936809708188789, 42.68209498095028 0.9367986269243969, 42.687196140355844 0.936783285232131, 42.69229728517533 0.9367636850080672, 42.69739841185573 0.9367398281510937, 42.70249951685728 0.9367117165994925, 42.70760059665002 0.9366793523205565, 42.71270164770417 0.9366427372822521, 42.71780266648999 0.9366018734525462, 42.722903649478795 0.9365567628025051, 42.728004593156044 0.936507407342875, 42.73310549401692 0.9364538091118364, 42.73820634855678 0.936395970148118, 42.74330715327103 0.9363338924904486, 42.7484079046563 0.9362675781809306, 42.75350859922412 0.9361970293014987, 42.758609233495775 0.9361222479600766, 42.763709803992725 0.9360432362650336, 42.76881030723637 0.9359599963247393, 42.773910739749596 0.9358725302511899, 42.77901109807097 0.9357808401962321, 42.784111378748726 0.9356849283363643, 42.78921157833128 0.935584796848451, 42.79431169336703 0.9354804479093564, 42.799411720405985 0.935371883699801, 42.80451165601454 0.9352591064402593, 42.80961149676883 0.9351421183746401, 42.81471123924509 0.9350209217471527, 42.819810880019546 0.9348955188020066, 42.8249104156702 0.9347659117874678, 42.83000984279218 0.9346321029913564, 42.8351091579903 0.9344940947238113, 42.84020835786948 0.9343518892952244, 42.845307439034656 0.9342054890159864, 42.85040639809264 0.9340548962007148, 42.85550523166809 0.9339001132032831, 42.86060393639534 0.9337411423988755, 42.865702508908825 0.9335779861628885, 42.87080094584293 0.9334106468707177, 42.875899243834176 0.9332391269021243, 42.880997399537506 0.9330634286757469, 42.88609540961756 0.9328835546306284, 42.89119327073905 0.9326995072059923, 42.896290979566714 0.9325112888410616, 42.90138853276749 0.9323189019795279, 42.90648592702737 0.9321223491035039, 42.91158315904206 0.9319216327146901, 42.91668022550735 0.9317167553149431, 42.921777123119035 0.9315077194061194, 42.926873848575234 0.9312945274946132, 42.931970398593734 0.9310771821247217, 42.93706676990206 0.930855685859603, 42.9421629592278 0.9306300412625543, 42.947258963298566 0.9304002508968715, 42.95235477884444 0.9301663173304229, 42.95745040261562 0.9299282431684004, 42.9625458313722 0.929686031034213, 42.96764106187428 0.9294396835513937, 42.97273609088199 0.9291892033434749, 42.97783091515803 0.9289345930385615, 42.98292553148577 0.9286758553014519, 42.98801993665846 0.9284129928145943, 42.993114127469454 0.928146008260551, 42.99820810071212 0.9278749043218845, 43.00330185318244 0.9275996836856962, 43.00839538169753 0.9273203490751042, 43.01348868308456 0.927036903230386, 43.01858175417074 0.9267493488919241, 43.02367459178332 0.9264576888001008, 43.02876719275224 0.9261619256997743, 43.033859553929 0.9258620623710984, 43.038951672175266 0.9255581016109592, 43.04404354435279 0.9252500462163442, 43.049135167323314 0.9249378989842403, 43.05422653795138 0.9246216627160158, 43.05931765312338 0.924301340247583, 43.064408509736175 0.9239769344312254, 43.06949910468661 0.9236484481193252, 43.074589434871584 0.9233158841642641, 43.07967949719075 0.9229792454226824, 43.084769288566086 0.9226385347849716, 43.08985880593009 0.922293755157587, 43.09494804621538 0.921944909447082, 43.10003700635451 0.9215920005600103, 43.10512568328295 0.9212350314070386, 43.11021407395863 0.9208740049317661, 43.11530217535035 0.9205089240936094, 43.12038998442701 0.920139791852085, 43.12547749815746 0.9197666111667089, 43.13056471351338 0.9193893850009408, 43.13565162748926 0.9190081163503223, 43.14073823709074 0.9186228082260102, 43.14582453932346 0.9182334636392652, 43.15091053119316 0.9178400856013487, 43.15599620970825 0.9174426771272756, 43.16108157190026 0.9170412412632671, 43.1661666148121 0.9166357810710027, 43.17125133548678 0.916226299612274, 43.17633573096729 0.915812799948871, 43.18141979829939 0.9153952851461364, 43.186503534551996 0.914973758299715, 43.19158693680586 0.9145482225206, 43.19667000214178 0.9141186809199046, 43.201752727640574 0.9136851366087424, 43.2068351103857 0.9132475927015605, 43.21191714748397 0.9128060523421782, 43.21699883605437 0.9123605186896908, 43.22208017321598 0.9119109949033235, 43.22716115608788 0.911457484142302, 43.23224178179168 0.9109999895689593, 43.237322047472496 0.9105385143740485, 43.242401950287984 0.9100730617635581, 43.24748148739589 0.9096036349436225, 43.25256065595404 0.9091302371203762, 43.257639453122614 0.9086528715028276, 43.262717876085354 0.9081715413274298, 43.26779592203903 0.9076862498458655, 43.2728735881805 0.9071970003099801, 43.27795087170667 0.9067037959716185, 43.283027769816776 0.9062066400852642, 43.28810427973348 0.9057055359318443, 43.29318039869303 0.9052004868075351, 43.29825612393181 0.9046914960086959, 43.303331452686166 0.9041785668316866, 43.30840638219475 0.9036617025752691, 43.3134809097195 0.9031409065636301, 43.31855503253649 0.9026161821362517, 43.323628747921965 0.9020875326328239, 43.32870205315217 0.9015549613930365, 43.333774945505425 0.9010184717587479, 43.338847422283266 0.9004780670961986, 43.343919480801944 0.899933750786985, 43.34899111837787 0.899385526212943, 43.35406233232753 0.8988333967559082, 43.35913311996925 0.898277365799655, 43.36420347864449 0.897717436751283, 43.369273405709905 0.8971536130333267, 43.374342898522485 0.8965858980685972, 43.37941195443916 0.8960142952799037, 43.384480570818674 0.8954388080917728, 43.38954874504256 0.8948594399509806, 43.394616474508254 0.8942761943198272, 43.39968375661353 0.8936890746609304, 43.40475058875615 0.8930980844369076, 43.4098169683355 0.8925032271118807, 43.41488289277343 0.8919045061711279, 43.41994835950842 0.8913019251155517, 43.425013365979275 0.8906954874464165, 43.4300779096249 0.8900851966649893, 43.435141987885565 0.8894710562738404, 43.44020559822363 0.8888530697955931, 43.44526873811888 0.8882312407685969, 43.45033140505144 0.8876055727316193, 43.45539359650152 0.8869760692234294, 43.46045530995057 0.8863427337839125, 43.465516542901725 0.8857055699718921, 43.470577292876136 0.8850645813620104, 43.47563755739556 0.884419771529396, 43.480697333981745 0.8837711440491779, 43.48575662015754 0.8831187024974252, 43.49081541346694 0.8824624504680301, 43.495873711472775 0.8818023915707939, 43.500931511738564 0.8811385294160775, 43.50598881182783 0.880470867614243, 43.51104560930501 0.8797994097764344, 43.51610190175512 0.879124159530493, 43.521157686782864 0.8784451205202529, 43.52621296199368 0.8777622963901879, 43.53126772499302 0.8770756907847729, 43.53632197338716 0.876385307349124, 43.54137570480229 0.8756911497439295, 43.54642891688501 0.87499322164593, 43.55148160728293 0.8742915267326021, 43.55653377364359 0.8735860686814221, 43.561585413615276 0.8728768511703817, 43.566636524865395 0.8721638778919324, 43.57168710508268 0.8714471525546235, 43.57673715195695 0.8707266788678472, 43.581786663178086 0.8700024605409956, 43.58683563643645 0.8692745012838631, 43.59188406944084 0.8685428048195983, 43.59693195992212 0.8678073748874569, 43.60197930561257 0.8670682152276554, 43.607026104244405 0.8663253295804111, 43.612072353550296 0.8655787216862486, 43.617118051280436 0.864828395297944, 43.62216319520801 0.864074354184353, 43.62720778310771 0.8633166021154202, 43.632251812754305 0.862555142861092, 43.63729528192284 0.8617899801915426, 43.642338188405006 0.8610211178881366, 43.64738053001628 0.8602485597482744, 43.65242230457398 0.8594723095705933, 43.65746350989541 0.8586923711537293, 43.66250414379815 0.8579087482964841, 43.66754420411543 0.8571214448078006, 43.67258368870506 0.8563304645125559, 43.677622595427025 0.8555358112370247, 43.68266092214127 0.8547374888074798, 43.687698666707966 0.8539355010503064, 43.69273582700194 0.8531298518010195, 43.697772400923334 0.8523205449109242, 43.70280838637481 0.8515075842328955, 43.70784378125909 0.8506909736198098, 43.71287858347897 0.849870716924613, 43.71791279095085 0.8490468180084043, 43.72294640161725 0.8482192807478796, 43.72797941342356 0.8473881090214904, 43.73301182431524 0.8465533067076914, 43.738043632237805 0.8457148776849772, 43.743074835149294 0.8448728258390623, 43.748105431034475 0.8440271550710057, 43.75313541788156 0.8431778692838281, 43.75816479367873 0.8423249723805503, 43.763193556414215 0.8414684682642163, 43.76822170408776 0.840608360844203, 43.77324923472632 0.8397446540449199, 43.7782761463609 0.8388773517929604, 43.783302437022435 0.8380064580149159, 43.78832810474189 0.8371319766373883, 43.79335314756068 0.8362539115924815, 43.79837756354791 0.8353722668269594, 43.8034013507773 0.834487046290002, 43.80842450732256 0.8335982539307901, 43.8134470312574 0.8327058936985062, 43.818468920664884 0.8318099695470625, 43.823490173656175 0.8309104854445972, 43.828510788347685 0.8300074453619107, 43.83353076285588 0.8291008532698062, 43.838550095297165 0.828190713139085, 43.84356878379629 0.8272770289445673, 43.8485868265063 0.8263598046747926, 43.8536042215863 0.8254390443212247, 43.858620967195435 0.8245147518753271, 43.86363706149275 0.8235869313285642, 43.868652502644686 0.8226555866757767, 43.87366728884605 0.8217207219249526, 43.87868141829855 0.8207823410872805, 43.883694889203916 0.8198404481739484, 43.88870769976388 0.8188950471961438, 43.893719848186514 0.8179461421678618, 43.898731332708195 0.8169937371156045, 43.903742151573184 0.8160378360693593, 43.90875230302574 0.8150784430591141, 43.91376178531015 0.8141155621148565, 43.91877059667614 0.8131491972688779, 43.92377873540149 0.8121793525652767, 43.928786199772894 0.8112060320519218, 43.93379298807707 0.810229239776686, 43.93879909860077 0.8092489797874409, 43.94380452963534 0.808265256133925, 43.948809279499734 0.8072780728769366, 43.95381334652303 0.8062874340813304, 43.95881672903427 0.8052933438119654, 43.96381942536256 0.8042958061337034, 43.96882143384087 0.8032948251128955, 43.973822752829136 0.8022904048261656, 43.97882338069864 0.8012825493544661, 43.983823315820686 0.800271262778763, 43.98882255656661 0.7992565491800231, 43.99382110131093 0.7982384126403844, 43.99881894845436 0.7972168572514442, 44.00381609641025 0.7961918871093768, 44.00881254359201 0.7951635063103866, 44.013808288413095 0.7941317189506772, 44.01880332928956 0.7930965291273563, 44.023797664662645 0.7920579409461636, 44.02879129298761 0.791015958517636, 44.033784212719866 0.7899705859523638, 44.03877642231478 0.7889218273609354, 44.043767920229904 0.7878696868546206, 44.048758704946785 0.7868141685524922, 44.05374877496243 0.7857552765786042, 44.05873812877404 0.7846930150570909, 44.06372676487886 0.7836273881120881, 44.068714681775724 0.7825583998682304, 44.07370187798639 0.7814860544571328, 44.07868835204933 0.7804103560155362, 44.08367410250344 0.7793313086802977, 44.088659127887595 0.7782489165882742, 44.09364342674193 0.7771631838766819, 44.09862699762806 0.7760741146889047, 44.10360983912579 0.7749817131735419, 44.108591949815484 0.7738859834793582, 44.1135733282775 0.772786929755116, 44.118553973093135 0.771684556149826, 44.12353388286371 0.7705788668178976, 44.12851305621009 0.769469865919004, 44.13349149175394 0.7683575576130387, 44.138469188116936 0.7672419460598935, 44.14344614392139 0.7661230354196216, 44.14842235780814 0.7650008298569323, 44.15339782843882 0.7638753335417778, 44.158372554476244 0.7627465506443913, 44.163346534583155 0.7616144853350064, 44.168319767422794 0.7604791417839566, 44.17329225167527 0.759340524165531, 44.17826398604276 0.7581986366591918, 44.183234969228934 0.7570534834447489, 44.188205199937514 0.7559050687020119, 44.19317467687243 0.7547533966108501, 44.19814339875289 0.7535984713544395, 44.203111364321316 0.7524402971209971, 44.208078572322094 0.751278878099161, 44.21304502149961 0.7501142184775699, 44.21801071059836 0.7489463224448928, 44.22297563837649 0.7477751941925175, 44.22793980361634 0.7466008379166758, 44.23290320510273 0.7454232578141011, 44.237865841620525 0.7442424580815259, 44.242827711954625 0.7430584429156963, 44.24778881490191 0.741871216515548, 44.25274914928429 0.7406807830846077, 44.25770871392685 0.7394871468269805, 44.262667507654676 0.7382903119467734, 44.26762552929284 0.7370902826480958, 44.27258277767684 0.7358870631367813, 44.2775392516678 0.7346806576229501, 44.2824949501308 0.7334710703173757, 44.28744987193091 0.7322583054308318, 44.29240401593323 0.731042367174095, 44.2973573810116 0.7298232597592625, 44.30230996606604 0.7286009874023643, 44.30726177000141 0.7273755543201552, 44.31221279172249 0.726146964729389, 44.31716303013412 0.7249152228468222, 44.322112484148484 0.7236803328901963, 44.32706115270406 0.72244229908078, 44.332009034745134 0.7212011256406284, 44.33695612921604 0.7199568167917965, 44.34190243506111 0.7187093767563386, 44.34684795123071 0.7174588097570272, 44.35179267670133 0.7162051200197248, 44.35673661045653 0.714948311771127, 44.361679751479855 0.7136883892379319, 44.36662209875487 0.7124253566468356, 44.37156365126999 0.711159218225036, 44.37650440803937 0.7098899782023675, 44.38144436808552 0.7086176408095207, 44.38638353043095 0.7073422102771884, 44.391321894098155 0.706063690836062, 44.39625945811355 0.7047820867171714, 44.401196221528494 0.7034974021537148, 44.406132183404154 0.7022096413797416, 44.4110673428017 0.7009188086293029, 44.41600169878236 0.699624908136452, 44.420935250410345 0.6983279441354576, 44.425867996773825 0.6970279208622994, 44.430799936972335 0.6957248425537716, 44.43573107010546 0.694418713446671, 44.440661395272826 0.6931095377777949, 44.445590911576296 0.6917973197840708, 44.450519618140504 0.6904820637036977, 44.45544751410301 0.6891637737755995, 44.4603745986015 0.6878424542387102, 44.46530087077372 0.6865181093319623, 44.47022632975905 0.6851907432943581, 44.47515097471818 0.683860360365776, 44.480074804826394 0.682526964786691, 44.48499781925916 0.6811905607975903, 44.48992001719207 0.6798511526389613, 44.49484139780181 0.6785087445513207, 44.499761960284836 0.6771633407756962, 44.50468170385371 0.6758149455535285, 44.5096006277215 0.6744635631262715, 44.51451873110122 0.6731091977353797, 44.519436013206736 0.6717518536223158, 44.524352473269914 0.6703915350287443, 44.52926811054028 0.6690282461965295, 44.534182924268094 0.6676619913675423, 44.539096913703595 0.6662927747836537, 44.544010078097564 0.6649206006867341, 44.548922416717005 0.6635454733185887, 44.553833928847965 0.662167396920947, 44.55874461377759 0.6607863757355362, 44.56365447079306 0.6594024140040815, 44.56856349918184 0.6580155159683032, 44.57347169824574 0.6566256858696611, 44.57837906730696 0.6552329279492419, 44.58328560568926 0.6538372464481066, 44.58819131271637 0.6524386456073139, 44.593096187712206 0.651037129667918, 44.59800023001319 0.6496327028705616, 44.6029034389772 0.6482253694551753, 44.607805813964276 0.6468151336616204, 44.61270735433442 0.645401999729759, 44.61760805944771 0.6439859718994492, 44.62250792867494 0.6425670544100431, 44.627406961409264 0.6411452514998358, 44.6323051570466 0.6397205674069861, 44.63720251498295 0.6382930063696535, 44.642099034614304 0.6368625726259981, 44.64699471534554 0.6354292704136277, 44.651889556604644 0.6339931039687332, 44.65678355782317 0.632554077527281, 44.661676718432695 0.6311121953252354, 44.66656903786483 0.6296674615985632, 44.67146051555846 0.6282198805826741, 44.67635115097581 0.6267694565112025, 44.68124094358375 0.6253161936174312, 44.68612989284915 0.6238600961346399, 44.69101799823892 0.6224011682961095, 44.695905259225746 0.6209394143345991, 44.70079167530564 0.6194748384807726, 44.70567724598045 0.6180074449647718, 44.710561970752025 0.61653723801674, 44.71544584912217 0.6150642218668185, 44.72032888059732 0.6135884007446737, 44.725211064706734 0.6121097788775866, 44.7300924009869 0.6106283604920897, 44.73497288897424 0.6091441498147154, 44.73985252820525 0.607657151071998, 44.74473131821986 0.6061673684900581, 44.749609258580165 0.6046748062924081, 44.754486348856865 0.6031794687015424, 44.75936258862072 0.6016813599399501, 44.76423797744246 0.6001804842301237, 44.769112514895426 0.5986768457942103, 44.77398620057406 0.597170448851581, 44.778859034082906 0.5956612976202581, 44.78373101502669 0.594149396318255, 44.788602143010095 0.592634749163584, 44.79347241763968 0.5911173603739879, 44.79834183854172 0.5895972341643351, 44.80321040535435 0.5880743747477711, 44.808078117715844 0.5865487863374195, 44.81294497526452 0.5850204731464019, 44.817810977639915 0.5834894393876341, 44.82267612449982 0.581955689271134, 44.82754041551545 0.5804192270047716, 44.832403850358375 0.5788800567963668, 44.837266428700104 0.5773381828537419, 44.84212815021305 0.57579360938457, 44.84698901458607 0.5742463405936735, 44.85184902152308 0.5726963806832759, 44.856708170728524 0.5711437338555064, 44.86156646190685 0.5695884043124958, 44.86642389476303 0.5680303962562769, 44.87128046901672 0.5664697138861423, 44.87613618440405 0.564906361398316, 44.880991040662025 0.5633403429888564, 44.88584503752767 0.5617716628538236, 44.89069817473828 0.5602003251892211, 44.89555045204396 0.5586263341884803, 44.90040186921267 0.557049694041474, 44.9052524260136 0.5554704089378162, 44.91010212221596 0.5538884830671184, 44.91495095758911 0.5523039206189634, 44.91979893191338 0.5507167257805938, 44.92464604498797 0.5491269027352254, 44.929492296614015 0.5475344556656767, 44.93433768659254 0.5459393887547688, 44.939182214724674 0.5443417061853073, 44.94402588082074 0.5427414121380181, 44.94886868471073 0.5411385107891432, 44.95371062622725 0.5395330063143436, 44.95855170520286 0.5379249028892827, 44.96339192147015 0.5363142046896188, 44.9682312748692 0.534700915889252, 44.97306976526037 0.5330850406573082, 44.9779073925074 0.5314665831621087, 44.98274415647413 0.5298455475719747, 44.9875800570243 0.5282219380552294, 44.99241509402761 0.5265957587786739, 44.99724926737416 0.524967013903843, 45.00208257695849 0.5233357075911347, 45.00691502267512 0.5217018440009444, 45.01174660441865 0.5200654272936681, 45.016577322088104 0.5184264616284923, 45.021407175602874 0.5167849511592142, 45.02623616488795 0.515140900038134, 45.03106428986831 0.5134943124175535, 45.03589155046897 0.5118451924497718, 45.04071794661832 0.5101935442861332, 45.04554347826444 0.508539372072483, 45.050368145362405 0.5068826799527084, 45.055191947867314 0.5052234720706968, 45.060014885734226 0.5035617525703333, 45.06483695892072 0.5018975255947709, 45.06965816740313 0.5002307952816868, 45.074478511166205 0.4985615657662732, 45.07929799019477 0.4968898411837096, 45.08411660447366 0.4952156256691785, 45.08893435398945 0.4935389233573217, 45.09375123874622 0.4918597383774382, 45.09856725875805 0.4901780748557687, 45.10338241403915 0.4884939369185156, 45.10819670460374 0.4868073286918813, 45.113010130467195 0.4851182543016933, 45.11782269166097 0.4834267178686652, 45.12263438822803 0.4817327235098328, 45.127445220211634 0.4800362753421486, 45.13225518765501 0.4783373774825654, 45.137064290602154 0.4766360340477896, 45.1418725291115 0.4749322491497426, 45.1466799032545 0.4732260268960278, 45.15148641310309 0.4715173713940964, 45.156292058729164 0.4698062867513966, 45.16109684020508 0.4680927770752266, 45.165900757615944 0.4663768464685065, 45.170703811061216 0.4646584990291982, 45.17550600064116 0.4629377388549964, 45.180307326456 0.4612145700435989, 45.18510778860623 0.4594889966926191, 45.1899073872033 0.4577610228957569, 45.19470612237422 0.4560306527411464, 45.19950399424724 0.4542978903164944, 45.20430100295058 0.4525627397095077, 45.20909714861255 0.4508252050078587, 45.21389243137071 0.4490852902958101, 45.218686851379175 0.4473429996514995, 45.22348040879381 0.4455983371524225, 45.22827310377047 0.4438513068760743, 45.23306493646502 0.4421019128999406, 45.237855907040895 0.4403501592986202, 45.24264601567883 0.4385960501400975, 45.24743526256191 0.4368395894914345, 45.25222364787331 0.4350807814196919, 45.25701117179614 0.4333196299919278, 45.26179783451951 0.4315561392728394, 45.26658363625028 0.4297903133201363, 45.271368577198444 0.4280221561902435, 45.27615265757412 0.4262516719395889, 45.28093587758732 0.4244788646245977, 45.28571823745277 0.4227037382998177, 45.29049973740278 0.4209262970125784, 45.295280377674054 0.419146544808471, 45.30006015850319 0.4173644857330898, 45.304839080126875 0.415580123832027, 45.309617142785164 0.4137934631494252, 45.31439434673552 0.4120045077221439, 45.31917069224081 0.4102132615847556, 45.32394617956392 0.4084197287718319, 45.32872080896773 0.4066239133179471, 45.33349458071763 0.4048258192565871, 45.338267495095614 0.4030254506140504, 45.34303955239044 0.4012228114137164, 45.347810752890894 0.3994179056789536, 45.35258109688573 0.3976107374331305, 45.35735058466547 0.3958013106988361, 45.362119216536264 0.3939896294917362, 45.36688699281236 0.3921756978238816, 45.37165391380809 0.3903595197072941, 45.37641997983777 0.3885410991539932, 45.38118519121696 0.3867204401754566, 45.38594954827543 0.3848975467765816, 45.390713051352556 0.3830724229578792, 45.39547570078783 0.3812450727197842, 45.40023749692079 0.3794155000627293, 45.4049984400917 0.3775837089868074, 45.40975853065379 0.3757497034862529, 45.414517768971294 0.3739134875503434, 45.41927615540866 0.3720750651682004, 45.4240336903305 0.3702344403289484, 45.42879037410177 0.3683916170214945, 45.43354620709871 0.3665465992291389, 45.43830118970972 0.3646993909291816, 45.44305532232373 0.3628499960986257, 45.4478086053297 0.360998418714474, 45.45256103911683 0.3591446627536204, 45.45731262408407 0.3572887321881392, 45.46206336064363 0.355430630983559, 45.46681324920866 0.3535703631049435, 45.47156229019237 0.3517079325173539, 45.47631048400799 0.3498433431858011, 45.48105783107696 0.3479765990711597, 45.485804331834935 0.3461077041271288, 45.490549986718925 0.3442366623066951, 45.49529479616599 0.3423634775628444, 45.50003876061317 0.3404881538485448, 45.50478188050423 0.338610695113318, 45.509524156297715 0.3367311052990002, 45.51426558845425 0.3348493883463896, 45.51900617743438 0.3329655481962869, 45.5237459236987 0.3310795887894876, 45.52848482771306 0.3291915140640023, 45.533222889958516 0.3273013279497867, 45.53796011091888 0.325409034375345, 45.54269649107795 0.3235146372691814, 45.547432030919495 0.3216181405598025, 45.55216673093137 0.3197195481735373, 45.556900591616646 0.3178188640284567, 45.56163361348198 0.3159160920406759, 45.566365797034116 0.3140112361263072, 45.571097142779706 0.3121043002014652, 45.57582765122846 0.310195288180612, 45.58055732290494 0.3082842039699534, 45.58528615833845 0.3063710514731222, 45.590014158058246 0.3044558345937479, 45.59474132259356 0.3025385572354599, 45.59946765247585 0.3006192233006755, 45.60419314825077 0.2986978366837499, 45.60891781046985 0.2967744012757569, 45.613641639684566 0.294848920967763, 45.61836463644647 0.2929213996508324, 45.62308680130858 0.2909918412151685, 45.627808134837245 0.2890602495432858, 45.632528637605844 0.2871266285136496, 45.63724831018785 0.2851909820046886, 45.641967153156706 0.2832533138948346, 45.64668516708688 0.2813136280619344, 45.65140235256503 0.2793719283766468, 45.65611871018606 0.2774282187047871, 45.66083424054508 0.2754825029120765, 45.66554894423716 0.2735347848642396, 45.670262821857996 0.2715850684266284, 45.67497587401426 0.2696333574580248, 45.67968810132202 0.2676796558115694, 45.684399504397696 0.2657239673402166, 45.68911008385762 0.2637662958969209, 45.69381984031859 0.2618066453344236, 45.69852877440697 0.2598450194996078, 45.703236886759605 0.2578814222329626, 45.70794417801393 0.2559158573746555, 45.71265064880733 0.2539483287648513, 45.71735629977742 0.2519788402436017, 45.72206113157 0.2500073956458084, 45.72676514484226 0.2480339987992083, 45.731468340252306 0.2460586535310095, 45.73617071845819 0.2440813636684227, 45.74087228011808 0.242102133038608, 45.745573025897016 0.2401209654645173, 45.75027295647239 0.2381378647616145, 45.754972072522804 0.2361528347445926, 45.75967037472691 0.234165879228147, 45.764367863763354 0.232177002026956, 45.76906454031636 0.2301862069520949, 45.77376040508283 0.2281934978063914, 45.77845545876148 0.2261988783915206, 45.78314970205099 0.2242023525091573, 45.78784313565008 0.2222039239609768, 45.792535760261785 0.220203596545741, 45.797227576602104 0.2182013740535377, 45.80191858538945 0.2161972602728489, 45.80660878734222 0.214191258992154, 45.811298183178835 0.2121833739999327, 45.815986773621 0.2101736090824683, 45.820674559403486 0.2081619680174452, 45.82536154126423 0.2061484545804462, 45.83004771994122 0.2041330725470574, 45.834733096172364 0.2021158256928607, 45.8394176706981 0.2000967177917772, 45.844101444271516 0.1980757526091555, 45.84878441764979 0.1960529339075939, 45.85346659159008 0.1940282654496925, 45.85814796684957 0.1920017509980486, 45.86282854418721 0.1899733943140449, 45.867508324374036 0.187943199150781, 45.87218730818615 0.1859111692578944, 45.87686549639969 0.1838773083850107, 45.881542889790744 0.1818416202817584, 45.886219489136685 0.1798041086969079, 45.89089529522616 0.1777647773713809, 45.895570308853884 0.1757236300418827, 45.90024453081466 0.1736806704450753, 45.90491796190325 0.1716359023176206, 45.90959060291528 0.1695893293956074, 45.914262454656665 0.1675409554078365, 45.91893351794048 0.165490784078111, 45.92360379357986 0.1634388191301393, 45.928273282387984 0.1613850642876261, 45.932941985178545 0.1593295232739142, 45.9376099027745 0.1572721998057218, 45.94227703600683 0.1552130975940065, 45.94694338570685 0.1531522203495365, 45.95160895270585 0.1510895717830772, 45.95627373783539 0.14902515560518, 45.96093774193521 0.1469589755205124, 45.965600965853966 0.1448910352272636, 45.970263410440786 0.14282133842329, 45.97492507654481 0.1407498888064512, 45.97958596501531 0.1386766900744914, 45.984246076708544 0.1366017459200361, 45.98890541249051 0.1345250600285886, 45.9935639732279 0.1324466360851223, 45.99822175978744 0.1303664777746107, 46.00287877303591 0.1282845887819805, 46.00753501384591 0.1262009727878114, 46.01219048310041 0.1241156334650128, 46.016845181683436 0.1220285744857071, 46.021499110478985 0.1199397995220166, 46.02615227037109 0.1178493122460508, 46.030804662248606 0.1157571163263351, 46.0354562870111 0.1136632154233141, 46.04010714555965 0.1115676131963272, 46.044757238795356 0.109470313304711, 46.049406567619286 0.1073713194077997, 46.05405513293637 0.1052706351621686, 46.05870293566268 0.1031682642163665, 46.06334997671637 0.1010642102174931, 46.06799625701551 0.0989584768126509, 46.07264177747823 0.0968510676489396, 46.07728653902553 0.0947419863711025, 46.08193054258921 0.0926312366150067, 46.08657378910367 0.0905188220144253, 46.09121627950326 0.0884047462031315, 46.09585801472237 0.0862890128149013, 46.10049899569756 0.0841716254818134, 46.10513922337629 0.0820525878276558, 46.10977869870924 0.0799319034736785, 46.114417422647165 0.077809576041131, 46.119055396140794 0.0756856091512654, 46.12369262014246 0.0735600064240585, 46.12832909561483 0.071432771471357, 46.13296482352469 0.0693039079018122, 46.13759980483877 0.067173419324065, 46.142234040523846 0.065041309346756, 46.14686753154782 0.0629075815776145, 46.15150027888837 0.0607722396166693, 46.15613228352805 0.0586352870600935, 46.1607635464494 0.0564967275040346, 46.16539406863505 0.0543565645446368, 46.17002385106835 0.0522148017774085, 46.17465289474165 0.0500714427906732, 46.17928120065303 0.0479264911682122, 46.183908769800645 0.0457799504937392, 46.18853560318263 0.0436318243509652, 46.193161701797656 0.0414821163231785, 46.19778706665258 0.0393308299870904, 46.202411698760734 0.0371779689142095, 46.20703559913558 0.0350235366759023, 46.211658768790606 0.0328675368435386, 46.21628120873965 0.03070997298822, 46.22090292000382 0.0285508486751259, 46.2255239036114 0.0263901674636089, 46.230144160590996 0.0242279329127724, 46.234763691971224 0.0220641485817198, 46.23938249878082 0.0198988180294041, 46.24400058205502 0.0177319448095441, 46.24861794283681 0.0155635324694598, 46.25323458216965 0.0133935845560843, 46.25785050109704 0.0112221046163476, 46.26246570066255 0.0090490961971005, 46.26708018191527 0.0068745628406785, 46.27169394591265 0.0046985080825431, 46.27630699371285 0.0025209354575837, 46.28091932637404 0.0003418485006872, 46.28553094495439 -0.0018387492532947, 46.29014185051671 -0.0040208542733858, 46.2947520441326 -0.0062044630359614, 46.29936152687459 -0.008389572018216, 46.30397029981523 -0.0105761776973412, 46.30857836402707 -0.012764276550542, 46.31318572058661 -0.0149538650580359, 46.31779237057956 -0.0171449397071804, 46.32239831509305 -0.0193374969863713, 46.32700355521415 -0.0215315333840043, 46.33160809202994 -0.0237270453884743, 46.33621192663055 -0.0259240294909005, 46.34081506011515 -0.02812248219052, 46.34541749358454 -0.0303223999880736, 46.350019228139566 -0.0325237793843051, 46.35462026488103 -0.0347266168799584, 46.359220604912245 -0.0369309089778289, 46.36382024934563 -0.039136652188457, 46.36841919929588 -0.0413438430242017, 46.37301745587761 -0.043552477997425, 46.377615020205475 -0.0457625536204889, 46.38221189339602 -0.0479740664073588, 46.386808076574816 -0.0501870128796453, 46.3914035708701 -0.0524013895612301, 46.39599837741013 -0.0546171929759922, 46.40059249732314 -0.0568344196478134, 46.40518593173887 -0.059053066101807, 46.4097786817957 -0.0612731288704846, 46.41437074863527 -0.0634946044891138, 46.41896213339926 -0.0657174894929672, 46.42355283722934 -0.0679417804173139, 46.4281428612682 -0.0701674737983513, 46.43273220666693 -0.0723945661793375, 46.43732087458034 -0.0746230541067817, 46.44190886616332 -0.0768529341272145, 46.446496182570726 -0.0790842027871626, 46.45108282495824 -0.0813168566338349, 46.4556687944893 -0.083550892221087, 46.46025409233174 -0.08578630610653, 46.46483871965345 -0.0880230948478208, 46.46942267762232 -0.0902612550026164, 46.4740059674068 -0.092500783129056, 46.47858859018256 -0.0947416757914533, 46.483170547130214 -0.0969839295583694, 46.48775183943051 -0.0992275409984463, 46.49233246826414 -0.101472506680329, 46.49691243481223 -0.1037188231729971, 46.50149174026248 -0.1059664870510745, 46.50607038580811 -0.1082154948938873, 46.51064837264252 -0.1104658432809047, 46.51522570195905 -0.1127175287915929, 46.51980237495133 -0.1149705480056451, 46.52437839281899 -0.1172248975079193, 46.528953756767564 -0.1194805738884405, 46.533528468002814 -0.1217375737374627, 46.538102527730565 -0.1239958936452361, 46.54267593715678 -0.1262555302021492, 46.54724869749285 -0.1285164800030265, 46.55182080995663 -0.1307787396480123, 46.55639227576639 -0.1330423057375692, 46.56096309614039 -0.1353071748721593, 46.56553327229696 -0.1375733436523236, 46.57010280545921 -0.1398408086826253, 46.57467169685703 -0.1421095665733969, 46.5792399477208 -0.1443796139354146, 46.58380755928099 -0.1466509473794576, 46.588374532768 -0.1489235635163507, 46.59294086941638 -0.1511974589606032, 46.597506570467566 -0.1534726303330544, 46.60207163716369 -0.1557490742551661, 46.60663607074687 -0.158026787348397, 46.61119987245931 -0.1603057662342302, 46.61576304354669 -0.1625860075371512, 46.62032558526214 -0.1648675078878138, 46.62488749885959 -0.1671502639176275, 46.629448785593034 -0.1694342722579992, 46.63400944671646 -0.1717195295403461, 46.63856948348689 -0.1740060323986837, 46.643128897168765 -0.1762937774733936, 46.64768768902767 -0.1785827614058187, 46.65224586032919 -0.1808729808373023, 46.656803412338874 -0.183164432409186, 46.66136034632489 -0.1854571127649908, 46.66591666356292 -0.1877510185546196, 46.67047236532997 -0.190046146429136, 46.67502745290308 -0.1923424930396067, 46.67958192755932 -0.1946400550370986, 46.68413579057783 -0.1969388290744868, 46.68868904324534 -0.199238811811001, 46.693241686850186 -0.2015399999072627, 46.69779372268071 -0.2038423900238904, 46.70234515202525 -0.2061459788215063, 46.706895976173946 -0.2084507629622244, 46.711446196424326 -0.2107567391144176, 46.715995814075896 -0.2130639039480944, 46.72054483042813 -0.2153722541332603, 46.725093246780546 -0.217681786339924, 46.72964106443409 -0.2199924972393139, 46.734188284697 -0.2223043835087176, 46.73873490887979 -0.2246174418273053, 46.743280938293005 -0.2269316688742482, 46.74782637424712 -0.2292470613287138, 46.75237121805387 -0.2315636158708836, 46.756915471031995 -0.2338813291868876, 46.761459134502786 -0.2362001979650214, 46.76600220978757 -0.2385202188935872, 46.77054469820765 -0.2408413886608868, 46.77508660108534 -0.2431637039559851, 46.779627919749935 -0.2454871614732794, 46.78416865553367 -0.2478117579094327, 46.78870880976883 -0.2501374899611135, 46.79324838378768 -0.2524643543249941, 46.79778737892323 -0.2547923476984042, 46.80232579651506 -0.2571214667841175, 46.80686363790592 -0.2594517082875816, 46.81140090443856 -0.2617830689142588, 46.81593759745572 -0.2641155453696154, 46.82047371830084 -0.2664491343596522, 46.82500926832344 -0.2687838325955748, 46.82954424887656 -0.2711196367915248, 46.83407866131326 -0.2734565436616773, 46.838612506986614 -0.2757945499202036, 46.843145787250194 -0.2781336522816862, 46.84767850346354 -0.2804738474654016, 46.85221065699003 -0.2828151321936321, 46.85674224919309 -0.2851575031887125, 46.8612732814361 -0.2875009571729772, 46.86580375508294 -0.2898454908690826, 46.870333671503026 -0.2921911010041289, 46.87486303206988 -0.294537784308427, 46.879391838157105 -0.2968855375123626, 46.88392009113829 -0.2992343573463219, 46.88844779238736 -0.3015842405409408, 46.89297494328358 -0.3039351838309812, 46.89750154521046 -0.3062871839545557, 46.902027599551666 -0.3086402376498709, 46.90655310769088 -0.3109943416551367, 46.91107807101202 -0.31334949270876, 46.91560249090402 -0.3157056875529683, 46.920126368760315 -0.3180629229334601, 46.92464970597453 -0.3204211955960593, 46.92917250394026 -0.3227805022865869, 46.933694764051324 -0.325140839751019, 46.93821648770624 -0.3275022047388724, 46.942737676308255 -0.3298645940032202, 46.94725833126078 -0.3322280042972955, 46.951778453967265 -0.334592432374331, 46.95629804583129 -0.3369578749876732, 46.96081710826091 -0.3393243288939364, 46.965335642668975 -0.3416917908533482, 46.969853650468664 -0.3440602576263281, 46.97437113307313 -0.3464297259732954, 46.97888809189563 -0.3488001926547554, 46.983404528353596 -0.3511716544342237, 46.98792044386947 -0.3535441080788711, 46.99243583986603 -0.3559175503560862, 46.99695071776602 -0.3582919780332606, 47.00146507899229 -0.3606673878778494, 47.00597892497168 -0.3630437766598872, 47.01049225713631 -0.3654211411528353, 47.01500507691868 -0.3677994781303905, 47.01951738575124 -0.3701787843662462, 47.024029185066574 -0.3725590566341553, 47.028540476300776 -0.3749402917106256, 47.03305126089502 -0.3773224863761183, 47.037561540290916 -0.3797056374114061, 47.042071315930045 -0.3820897415972567, 47.046580589254035 -0.38447479571448, 47.051089361708016 -0.3868607965461829, 47.055597634742426 -0.3892477408790253, 47.06010540980822 -0.3916356254999755, 47.064612688356306 -0.3940244471960017, 47.069119471837666 -0.396414202754099, 47.0736257617065 -0.3988048889634218, 47.078131559422424 -0.401196502616699, 47.08263686644551 -0.4035890405069927, 47.0871416842359 -0.4059824994273684, 47.09164601425369 -0.4083768761709135, 47.096149857962104 -0.4107721675326825, 47.10065321682981 -0.4131683703112077, 47.105156092326 -0.415565481305375, 47.109658485919866 -0.4179634973140676, 47.114160399080625 -0.4203624151361893, 47.11866183328047 -0.422762231572463, 47.123162789996954 -0.425162943427001, 47.12766327070834 -0.4275645475042908, 47.132163276892776 -0.4299670406088158, 47.136662810028504 -0.432370419545076, 47.14116187159658 -0.4347746811192497, 47.145660463083416 -0.4371798221407975, 47.15015858597616 -0.4395858394195647, 47.15465624176192 -0.4419927297653969, 47.15915343192784 -0.444400489988147, 47.16365015796371 -0.4468091168992165, 47.16814642136483 -0.4492186073131632, 47.172642223627136 -0.4516289580449263, 47.177137566246586 -0.4540401659094484, 47.18163245071914 -0.4564522277216805, 47.18612687854334 -0.458865140298027, 47.19062085122315 -0.4612789004579711, 47.19511437026323 -0.4636935050213868, 47.19960743716824 -0.4661089508081448, 47.20410005344285 -0.4685252346381257, 47.20859222059431 -0.4709423533324232, 47.21308394013543 -0.4733603037147587, 47.217575213579764 -0.475779082609203, 47.22206604244087 -0.4781986868398225, 47.22655642823228 -0.4806191132306931, 47.23104637246998 -0.4830403586072602, 47.23553587667515 -0.4854624197979888, 47.24002494236968 -0.4878852936317523, 47.24451357107549 -0.4903089769374235, 47.24900176431448 -0.4927334665438782, 47.25348952361096 -0.4951587592811491, 47.25797685049465 -0.4975848519818464, 47.26246374649597 -0.5000117414789259, 47.266950213145364 -0.5024394246053467, 47.27143625197324 -0.5048678981940726, 47.27592186451245 -0.5072971590791548, 47.2804070523011 -0.509727204097085, 47.28489181687806 -0.5121580300846866, 47.289376159782194 -0.5145896338787792, 47.293860082552385 -0.5170220123161916, 47.298343586729885 -0.5194551622347702, 47.30282667386117 -0.5218890804746331, 47.30730934549351 -0.5243237638762053, 47.31179160317409 -0.5267592092799074, 47.316273448450175 -0.529195413526169, 47.32075488287143 -0.5316323734563775, 47.325235907992614 -0.5340700859140135, 47.3297165253693 -0.5365085477428384, 47.334196736557004 -0.5389477557866135, 47.33867654311129 -0.5413877068891022, 47.34315594659009 -0.5438283978949712, 47.347634948556504 -0.5462698256508101, 47.35211355057429 -0.5487119870034524, 47.356591754207244 -0.5511548787997358, 47.36106956101909 -0.5535984978865023, 47.36554697257611 -0.5560428411114325, 47.370023990449575 -0.558487905323949, 47.37450061621145 -0.5609336873736894, 47.37897685143366 -0.5633801841102882, 47.38345269768819 -0.5658273923833904, 47.38792815654946 -0.568275309043431, 47.39240322959695 -0.5707239309424246, 47.39687791841071 -0.5731732549325707, 47.40135222457076 -0.5756232778660657, 47.40582614965716 -0.5780739965951156, 47.410299695252625 -0.5805254079725576, 47.41477286294488 -0.5829775088524171, 47.41924565432217 -0.585430296088854, 47.42371807097274 -0.5878837665360288, 47.42819011448493 -0.5903379170481075, 47.43266178644959 -0.5927927444800469, 47.437133088462375 -0.595248245688205, 47.441604022119314 -0.5977044175290788, 47.446074589016476 -0.6001612568591692, 47.45054479074998 -0.6026187605349853, 47.455014628918754 -0.6050769254136205, 47.459484105126414 -0.6075357483531465, 47.46395322097697 -0.6099952262117226, 47.4684219780745 -0.612455355847511, 47.47289037802309 -0.6149161341186834, 47.47735842242978 -0.617377557883947, 47.481826112906106 -0.6198396240028383, 47.48629345106403 -0.6223023293349644, 47.49076043851546 -0.6247656707399283, 47.4952270768724 -0.6272296450773469, 47.49969336774996 -0.6296942492072858, 47.50415931276761 -0.6321594799904399, 47.50862491354513 -0.6346253342875542, 47.5130901717023 -0.6370918089593741, 47.51755508885901 -0.6395589008666519, 47.5220196666384 -0.6420266068705045, 47.52648390666779 -0.6444949238325128, 47.530947810574766 -0.646963848614285, 47.53541137998693 -0.649433378077432, 47.539874616531975 -0.6519035090835725, 47.544337521841065 -0.6543742384945742, 47.54880009754936 -0.656845563172597, 47.55326234529219 -0.6593174799798119, 47.557724266704916 -0.6617899857783941, 47.56218586342307 -0.664263077430524, 47.56664713708575 -0.6667367517985175, 47.57110808933592 -0.6692110057448363, 47.57556872181662 -0.6716858361319481, 47.58002903617093 -0.6741612398223177, 47.5844890340421 -0.6766372136784117, 47.588948717077294 -0.6791137545626693, 47.593408086927155 -0.6815908593375014, 47.59786714524243 -0.6840685248653212, 47.602325893673935 -0.6865467480085425, 47.606784333872675 -0.6890255256295603, 47.611242467493796 -0.6915048545905419, 47.61570029619569 -0.6939847317534722, 47.62015782163687 -0.6964651539803273, 47.62461504547579 -0.6989461181330873, 47.62907196937131 -0.7014276210737117, 47.63352859498641 -0.7039096596639487, 47.63798492398703 -0.7063922307654006, 47.64244095803913 -0.7088753312396626, 47.64689669880867 -0.7113589579483344, 47.65135214796208 -0.7138431077529588, 47.65580730717024 -0.7163277775145034, 47.66026217810671 -0.7188129640936052, 47.66471676244506 -0.7212986643508966, 47.66917106185886 -0.723784875147007, 47.673625078022276 -0.7262715933424786, 47.678078812614075 -0.7287588157971118, 47.68253226731536 -0.731246539370339, 47.68698544380724 -0.7337347609215931, 47.691438343770784 -0.7362234773103068, 47.695890968887866 -0.738712685395762, 47.70034332084515 -0.7412023820362615, 47.704795401331225 -0.7436925640897094, 47.70924721203471 -0.7461832284140044, 47.71369875464428 -0.7486743718670508, 47.71815003084944 -0.7511659913065208, 47.72260104234471 -0.753658083588887, 47.727051790826145 -0.7561506455702239, 47.7315022779899 -0.7586436741066033, 47.73595250553205 -0.7611371660540993, 47.74040247514987 -0.763631118268446, 47.74485218854566 -0.7661255276039395, 47.74930164742297 -0.7686203909145001, 47.75375085348537 -0.771115705054048, 47.75819980843643 -0.7736114668765002, 47.76264851398122 -0.7761076732352904, 47.76709697182969 -0.7786043209822369, 47.77154518369285 -0.7811014069688209, 47.77599315128168 -0.783598928046527, 47.780440876307175 -0.7860968810668382, 47.7848883604822 -0.788595262880519, 47.78933560552442 -0.7910940703364868, 47.793782613152295 -0.793593300283365, 47.79822938508429 -0.7960929495697728, 47.802675923038855 -0.7985930150443272, 47.80712222873668 -0.8010934935547074, 47.81156830390309 -0.8035943819467192, 47.816014150263854 -0.8060956770659433, 47.8204597695448 -0.8085973757579568, 47.82490516347175 -0.8110994748683197, 47.82935033377329 -0.8136019712413513, 47.83379528218218 -0.8161048617194312, 47.83824001043157 -0.8186081431447753, 47.84268452025462 -0.8211118123595991, 47.84712881338455 -0.8236158662060649, 47.85157289155781 -0.8261203015247046, 47.856016756514656 -0.8286251151540869, 47.86046040999561 -0.8311303039326602, 47.86490385374117 -0.833635864698876, 47.869347089492024 -0.8361417942910836, 47.87379011899253 -0.8386480895455968, 47.878232943990405 -0.8411547472968661, 47.88267556623346 -0.8436617643792692, 47.887117987469544 -0.8461691376271865, 47.89156020944683 -0.8486768638748065, 47.89600223391754 -0.851184939953845, 47.90044406263679 -0.8536933626943153, 47.90488569735972 -0.8562021289261961, 47.90932713984147 -0.8587112354794629, 47.91376839183773 -0.8612206791837569, 47.918209455108645 -0.8637304568658096, 47.92265033141663 -0.8662405653508645, 47.92709102252415 -0.8687510014641573, 47.93153153019368 -0.8712617620309231, 47.935971856188445 -0.8737728438758355, 47.940412002276446 -0.8762842438202704, 47.94485197022744 -0.878795958684395, 47.94929176181113 -0.8813079852883703, 47.9537313787973 -0.8838203204523617, 47.958170822956866 -0.8863329609956491, 47.962610096065575 -0.8888459037338974, 47.96704919990049 -0.8913591454818559, 47.97148813623856 -0.8938726830542687, 47.97592690685688 -0.8963865132658823, 47.980365513534096 -0.8989006329301011, 47.984803958053675 -0.901415038856577, 47.98924224219991 -0.903929727854315, 47.99368036775706 -0.9064446967323192, 47.9981183365094 -0.9089599422995743, 48.00255615024354 -0.9114754613631421, 48.00699381075048 -0.913991250726377, 48.01143131982172 -0.9165073071922084, 48.01586867924879 -0.9190236275635699, 48.020305890823245 -0.92154020864333, 48.02474295633963 -0.9240570472317178, 48.029179877596434 -0.9265741401254592, 48.0336166563924 -0.929091484121037, 48.03805329452629 -0.931609076014931, 48.04248979379703 -0.9341269126034526, 48.046926156007196 -0.9366449906795131, 48.05136238296264 -0.9391633070329168, 48.05579847646931 -0.9416818584533541, 48.06023443833324 -0.9442006417305114, 48.06467027036077 -0.9467196536537013, 48.06910597436248 -0.9492388910080796, 48.073541552151525 -0.9517583505762245, 48.07797700554114 -0.9542780291406794, 48.08241233634452 -0.9567979234839874, 48.08684754637557 -0.9593180303879605, 48.09128263745283 -0.961838346629599, 48.09571761139675 -0.9643588689839527, 48.10015247002772 -0.9668795942260605, 48.10458721516618 -0.9694005191309657, 48.10902184863373 -0.9719216404724249, 48.1134563722568 -0.9744429550189531, 48.117890787863 -0.9769644595377356, 48.12232509727997 -0.9794861507959577, 48.12675930233539 -0.9820080255607964, 48.1311934048587 -0.9845300805973237, 48.13562740668404 -0.9870523126653158, 48.14006130964625 -0.9895747185237348, 48.14449511558018 -0.9920972949315422, 48.1489288263207 -0.9946200386476467, 48.15336244370534 -0.9971429464278203, 48.15779596957576 -0.9996660150229003, 48.16222940577397 -1.002189241183288, 48.166662754142024 -1.0047126216593891, 48.171096016522064 -1.0072361532014187, 48.17552919475975 -1.0097598325553223, 48.179962290704076 -1.0122836564628175, 48.18439530620422 -1.014807621665441, 48.188828243109356 -1.017331724904726, 48.193261103269066 -1.0198559629217077, 48.197693888537074 -1.0223803324519443, 48.202126600769795 -1.0249048302276214, 48.20655924182362 -1.0274294529808792, 48.21099181355493 -1.0299541974438573, 48.21542431782093 -1.0324790603476277, 48.219856756483516 -1.035004038416974, 48.22428913140622 -1.0375291283743717, 48.22872144445265 -1.040054326942296, 48.233153697486365 -1.042579630843222, 48.23758589237238 -1.0451050367976054, 48.242018030980454 -1.0476305415192368, 48.246450115181354 -1.0501561417205305, 48.25088214684584 -1.0526818341138973, 48.255314127844684 -1.055207615411719, 48.25974606005095 -1.0577334823230082, 48.264177945342105 -1.0602594315504394, 48.268609785596084 -1.0627854597959905, 48.273041582690794 -1.0653115637616382, 48.277473338504315 -1.0678377401491757, 48.28190505491792 -1.0703639856554492, 48.286336733816576 -1.0728902969719007, 48.29076837708533 -1.0754166707896944, 48.29519998660928 -1.0779431037999976, 48.2996315642739 -1.0804695926933985, 48.304063111968766 -1.082996134154013, 48.30849463158611 -1.0855227248618882, 48.31292612501818 -1.088049361497003, 48.31735759415721 -1.0905760407393406, 48.32178904089632 -1.0931027592675064, 48.3262204671333 -1.0956295137524839, 48.3306518747676 -1.0981563008626367, 48.33508326569861 -1.1006831172663283, 48.33951464182578 -1.1032099596319132, 48.34394600505014 -1.10573682462504, 48.3483773572774 -1.108263708903641, 48.352808700414 -1.1107906091242805, 48.35724003636645 -1.113317521943528, 48.36167136704127 -1.1158444440178688, 48.366102694347695 -1.1183713719991049, 48.37053402019906 -1.120898302531982, 48.374965346509015 -1.1234252322606593, 48.379396675191195 -1.1259521578292921, 48.38382800815953 -1.1284790758816292, 48.388259347331676 -1.1310059830546724, 48.392690694628364 -1.133532875979928, 48.397122051970435 -1.1360597512887431, 48.40155342127875 -1.138586605612463, 48.40598480447479 -1.1411134355812314, 48.410416203484566 -1.1436402378168362, 48.41484762023603 -1.1461670089375127, 48.41927905665717 -1.1486937455614865, 48.42371051467591 -1.1512204443069822, 48.42814199622168 -1.1537471017894863, 48.43257350322856 -1.156273714615518, 48.43700503763169 -1.1588002793897638, 48.44143660136613 -1.1613267927169038, 48.445868196367 -1.163853251201547, 48.45029982457202 -1.166379651443261, 48.45473148792302 -1.168905990033522, 48.459163188362204 -1.1714322635630825, 48.46359492783177 -1.1739584686226903, 48.46802670827415 -1.176484601802628, 48.47245853163553 -1.179010659685611, 48.47689039986515 -1.1815366388482231, 48.48132231491233 -1.184062535866878, 48.485754278726354 -1.186588347317986, 48.49018629325731 -1.189114069776461, 48.494618360459754 -1.1916396998077123, 48.499050482290116 -1.1941652339734292, 48.503482660704805 -1.196690668835288, 48.507914897660214 -1.1992160009549635, 48.512347195114415 -1.2017412268905785, 48.51677955503016 -1.204266343190331, 48.52121197937092 -1.2067913464007032, 48.52564447010028 -1.2093162330681777, 48.5300770291818 -1.2118409997390687, 48.53450965858195 -1.2143656429533487, 48.53894236027092 -1.216890159242779, 48.54337513621916 -1.2194145451385734, 48.54780798839709 -1.221938797171949, 48.55224091877553 -1.224462911873238, 48.556673929329506 -1.2269868857633033, 48.56110702203664 -1.2295107153572447, 48.56554019887452 -1.2320343971700773, 48.569973461820794 -1.2345579277168188, 48.574406812854214 -1.2370813035098995, 48.57884025395822 -1.2396045210508264, 48.58327378711748 -1.2421275768382338, 48.58770741431665 -1.2446504673707541, 48.59214113754046 -1.2471731891469546, 48.59657495877599 -1.2496957386597438, 48.601008880014476 -1.2522181123919844, 48.605442903247685 -1.254740306825505, 48.60987703046729 -1.2572623184421357, 48.61431126366524 -1.2597841437231168, 48.618745604837265 -1.2623057791404995, 48.623180055982 -1.2648272211590923, 48.627614619098146 -1.2673484662435093, 48.63204929618447 -1.2698695108583598, 48.63648408924053 -1.2723903514660744, 48.64091900027055 -1.2749109845174698, 48.64535403128024 -1.2774314064595196, 48.64978918427533 -1.2799516137391942, 48.654224461261556 -1.2824716028034269, 48.65865986424677 -1.2849913700937294, 48.663095395243104 -1.2875109120403958, 48.66753105626329 -1.29003022507233, 48.67196684932003 -1.2925493056184363, 48.6764027764262 -1.2950681501070909, 48.68083883959829 -1.297586754957181, 48.68527504085584 -1.300105116579405, 48.6897113822185 -1.302623231384192, 48.694147865705936 -1.3051410957819682, 48.69858449333859 -1.3076587061809168, 48.70302126714154 -1.3101760589767861, 48.70745818914137 -1.3126931505610382, 48.711895261364674 -1.3152099773251367, 48.71633248583811 -1.3177265356604997, 48.72076986459031 -1.3202428219527433, 48.72520739965411 -1.3227588325757589, 48.72964509306278 -1.3252745639020207, 48.73408294684969 -1.327790012304007, 48.73852096304831 -1.3303051741535195, 48.74295914369599 -1.332820045811684, 48.74739749083297 -1.335334623631112, 48.75183600649964 -1.3378489039641799, 48.75627469273634 -1.3403628831632588, 48.76071355158441 -1.3428765575778896, 48.76515258508971 -1.3453899235442162, 48.769591795299405 -1.3479029773944238, 48.77403118426071 -1.350415715460703, 48.778470754020844 -1.3529281340751402, 48.78291050662945 -1.3554402295624897, 48.787350444140166 -1.357951998235419, 48.791790568607 -1.3604634364054657, 48.79623088208393 -1.3629745403841647, 48.800671386625346 -1.3654853064819337, 48.80511208428955 -1.3679957309969102, 48.80955297713727 -1.3705058102196603, 48.8139940672293 -1.3730155404406377, 48.81843535662643 -1.3755249179502922, 48.82287684739074 -1.3780339390347602, 48.82731854158884 -1.3805425999659184, 48.83176044128824 -1.3830508970127007, 48.83620254855646 -1.385558826444043, 48.84064486546109 -1.3880663845285424, 48.84508739407275 -1.3905735675249304, 48.849530136465454 -1.393080371680774, 48.85397309471342 -1.3955867932430392, 48.85841627089086 -1.3980928284586882, 48.86285966707261 -1.4005984735724077, 48.86730328533788 -1.4031037248144422, 48.87174712776748 -1.4056085784093884, 48.87619119644223 -1.4081130305818352, 48.88063549344297 -1.4106170775563052, 48.8850800208527 -1.413120715550064, 48.8895247807584 -1.4156239407663682, 48.89396977524755 -1.418126749406871, 48.89841500640764 -1.4206291376732314, 48.90286047632645 -1.423131101765992, 48.90730618709537 -1.4256326378725899, 48.91175214080817 -1.4281337421719553, 48.91619833955861 -1.430634410842874, 48.920644785440494 -1.4331346400641247, 48.92509148054902 -1.4356344260093994, 48.9295384269838 -1.438133764836512, 48.93398562684526 -1.4406326527001896, 48.9384330822339 -1.4431310857551622, 48.94288079525028 -1.4456290601556205, 48.947328767998165 -1.4481265720439866, 48.95177700258433 -1.4506236175512586, 48.95622550111565 -1.4531201928079625, 48.96067426569904 -1.455616293944622, 48.9651232984423 -1.4581119170882824, 48.969572601457436 -1.4606070583496382, 48.97402217685774 -1.4631017138345959, 48.97847202675645 -1.4655958796490614, 48.982922153266905 -1.468089551898688, 48.987372558505 -1.470582726678892, 48.991823244590066 -1.4730754000714492, 48.99627421364167 -1.4755675681571838, 49.000725467779375 -1.478059227016924, 49.005177009123365 -1.4805503727289564, 49.00962883979782 -1.4830410013551352, 49.01408096192853 -1.485531108950782, 49.01853337764132 -1.488020691571204, 49.02298608906196 -1.490509745271583, 49.02743909831847 -1.492998266098025, 49.03189240754243 -1.495486250081333, 49.03634601886578 -1.4979736932508374, 49.040799934420484 -1.5004605916358713, 49.045254156338935 -1.5029469412637544, 49.049708686757306 -1.5054327381454278, 49.0541635278136 -1.507917978283868, 49.05861868164584 -1.5104026576819964, 49.06307415039205 -1.5128867723426662, 49.06752993619214 -1.5153703182603044, 49.071986041189724 -1.5178532914128302, 49.07644246752882 -1.5203356877762506, 49.080899217353455 -1.5228175033265734, 49.085356292808044 -1.5252987340380295, 49.08981369604049 -1.5277793758684566, 49.0942714292006 -1.5302594247668233, 49.0987294944382 -1.5327388766820085, 49.10318789390311 -1.5352177275628407, 49.10764662974692 -1.5376959733498845, 49.11210570412468 -1.5401736099665186, 49.11656511919198 -1.5426506333339847, 49.121024877104375 -1.545127039373525, 49.1254849800178 -1.5476028240045476, 49.12994543009174 -1.5500779831292644, 49.13440622948762 -1.5525525126404587, 49.1388673803669 -1.5550264084308205, 49.14332888489104 -1.5574996663929763, 49.14779074522322 -1.5599722824107758, 49.15225296352999 -1.5624442523504505, 49.15671554197841 -1.564915572076122, 49.16117848273541 -1.5673862374519076, 49.16564178796843 -1.5698562443398252, 49.17010545984826 -1.5723255885839786, 49.17456950054738 -1.5747942660194147, 49.179033912238296 -1.5772622724811138, 49.18349869709355 -1.579729603803943, 49.18796385728746 -1.5821962558128024, 49.19242939499755 -1.5846622243149786, 49.1968953124017 -1.5871275051159588, 49.20136161167774 -1.5895920940212251, 49.205828295004 -1.5920559868334827, 49.210295364562256 -1.5945191793362021, 49.2147628225357 -1.5969816673047208, 49.21923067110751 -1.599443446514353, 49.22369891246095 -1.601904512740165, 49.228167548781116 -1.6043648617455555, 49.23263658225575 -1.606824489277343, 49.237106015072804 -1.6092833910810787, 49.24157584942026 -1.6117415629023175, 49.24604608748685 -1.6141990004822775, 49.25051673146561 -1.6166556995401111, 49.254987783550796 -1.6191116557879734, 49.25945924593675 -1.6215668649380162, 49.26393112081774 -1.6240213227019777, 49.26840341038797 -1.626475024781377, 49.272876116841466 -1.6289279668670402, 49.277349242372246 -1.6313801446492886, 49.281822789174356 -1.6338315538184462, 49.286296759446465 -1.6362821900516917, 49.29077115540315 -1.6387320489815815, 49.295245979262276 -1.6411811262312141, 49.29972123324176 -1.6436294174236874, 49.3041969195566 -1.6460769181864612, 49.30867304038389 -1.6485236242038441, 49.31314959787416 -1.6509695311999657, 49.317626594177426 -1.6534146348997794, 49.322104031444205 -1.6558589310272152, 49.32658191190755 -1.6583024151461367, 49.3310602379721 -1.660745082487905, 49.33553901206374 -1.6631869282424705, 49.340018236608394 -1.6656279475997828, 49.344497913937445 -1.668068135922413, 49.34897804573593 -1.6705074897525116, 49.353458633418654 -1.6729460061254922, 49.35793967839949 -1.6753836820784316, 49.36242118214379 -1.6778205145528755, 49.36690314777803 -1.680256497405745, 49.37138558040882 -1.6826916208170934, 49.37586848525863 -1.6851258747518494, 49.380351867549585 -1.6875592491754894, 49.38483572975672 -1.6899917391307715, 49.38932006489667 -1.692423357141435, 49.393804863952 -1.6948541194905589, 49.39829011790529 -1.6972840424612219, 49.4027758206062 -1.6997131370308989, 49.40726199804571 -1.7021413546991842, 49.41174869640022 -1.7045686096121868, 49.416235962158645 -1.7069948153376893, 49.42072384169038 -1.7094198856615501, 49.425212372995816 -1.7118437496360224, 49.42970158036445 -1.7142663613242723, 49.434191486815514 -1.716687677106596, 49.43868211536825 -1.7191076533632896, 49.44317348529164 -1.7215262534175892, 49.44766559883184 -1.7239434721074327, 49.45215845340757 -1.726359313207936, 49.4566520464372 -1.7287737804947996, 49.46114637560285 -1.7311868772526413, 49.46564144234403 -1.733598599769885, 49.470137250898894 -1.7360089391237685, 49.47463380557238 -1.7384178862671877, 49.47913111066296 -1.7408254321648877, 49.48362916985474 -1.7432315689003541, 49.488127985722095 -1.7456362905779383, 49.492627560722866 -1.74803959151429, 49.497127897314826 -1.750441466026062, 49.50162899802729 -1.7528419082886515, 49.50613086572165 -1.755240911820827, 49.510633503355734 -1.7576384699507088, 49.51513691388745 -1.760034576006399, 49.51964110026909 -1.762429223323581, 49.52414606538005 -1.7648224053378565, 49.528651812048196 -1.7672141155553285, 49.533158343100354 -1.7696043474835759, 49.537665661363555 -1.7719930946294036, 49.54217376967867 -1.7743803504501474, 49.546682670908474 -1.7767661083248478, 49.5511923679177 -1.7791503616256226, 49.55570286357105 -1.7815331037245843, 49.56021416073181 -1.7839143279844343, 49.56472626225785 -1.7862940277332147, 49.569239171005826 -1.7886721962909884, 49.573752889832406 -1.7910488269778235, 49.57826742159448 -1.7934239131086798, 49.58278276915124 -1.7957974479524792, 49.58729893536304 -1.798169424753746, 49.59181592309026 -1.8005398367567826, 49.596333735193305 -1.802908677204735, 49.60085237453255 -1.8052759393086382, 49.605371843968356 -1.8076416162439761, 49.609892146361055 -1.8100057011843804, 49.61441328457106 -1.8123681873034039, 49.61893526145878 -1.8147290677542316, 49.62345807988495 -1.8170883356436114, 49.62798174271031 -1.819445984071852, 49.632506252795594 -1.8218020061392617, 49.63703161300148 -1.824156394936135, 49.64155782618846 -1.8265091435038279, 49.646084895216845 -1.8288602448687563, 49.65061282294705 -1.8312096920573375, 49.655141612239376 -1.8335574780919823, 49.6596712659537 -1.8359035959513825, 49.664201786949555 -1.8382480385873183, 49.66873317808652 -1.8405907989511756, 49.67326544222414 -1.842931869993222, 49.67779858222129 -1.8452712446299788, 49.682332600936206 -1.8476089157390005, 49.68686750122707 -1.8499448761956734, 49.69140328595201 -1.8522791188752568, 49.69593995796864 -1.8546116366304577, 49.700477520133354 -1.856942422265812, 49.7050159753024 -1.8592714685796647, 49.70955532633203 -1.8615987683703588, 49.714095576078 -1.8639243144234496, 49.71863672739427 -1.866248099472789, 49.72317878313433 -1.868570116239155, 49.72772174615164 -1.8708903574433284, 49.73226561929947 -1.8732088157996278, 49.73681040542923 -1.875525483972571, 49.74135610739155 -1.8778403546035345, 49.745902728037066 -1.8801534203337682, 49.75045027021621 -1.8824646738018112, 49.75499873677747 -1.884774107603692, 49.759548130567694 -1.8870817143016423, 49.7640984544337 -1.88938748645696, 49.76864971122222 -1.8916914166300878, 49.77320190377821 -1.8939934973479369, 49.77775503494422 -1.896293721093699, 49.782309107562696 -1.8985920803476335, 49.78686412447603 -1.900888567589854, 49.79142008852511 -1.9031831752762547, 49.79597700254767 -1.9054758958115932, 49.80053486938101 -1.9077667215941294, 49.80509369186245 -1.9100556450221213, 49.80965347282823 -1.9123426584777854, 49.814214215110674 -1.9146277542882093, 49.818775921541345 -1.9169109247686567, 49.82333859495179 -1.9191921622343897, 49.82790223817277 -1.9214714589907305, 49.832466854030784 -1.9237488072879612, 49.83703244535087 -1.926024199357418, 49.84159901495808 -1.9282976274304162, 49.84616656567692 -1.9305690837324445, 49.85073510032751 -1.932838560437228, 49.85530462172769 -1.935106049691389, 49.85987513269521 -1.9373715436413133, 49.864446636047546 -1.9396350344302042, 49.869019134597885 -1.9418965141547269, 49.873592631156015 -1.9441559748762773, 49.8781671285317 -1.9464134086553762, 49.88274262953452 -1.9486688075509588, 49.88731913696998 -1.9509221635815532, 49.89189665363921 -1.9531734687229139, 49.89647518234313 -1.9554227149487362, 49.90105472588264 -1.9576698942320345, 49.90563528705479 -1.9599149985117168, 49.9102168686513 -1.9621580196775827, 49.914799473463404 -1.9643989496156136, 49.919383104282346 -1.966637780211547, 49.923967763896044 -1.968874503322921, 49.92855345508603 -1.9711091107531018, 49.933140180633096 -1.9733415942993116, 49.937727943318066 -1.9755719457587164, 49.942316745918745 -1.9778001569056936, 49.94690659120549 -1.9800262194572782, 49.95149748194746 -1.9822501251216365, 49.95608942091384 -1.9844718656069276, 49.96068241087133 -1.9866914326027014, 49.96527645457859 -1.9889088177384033, 49.96987155479272 -1.9911240126313643, 49.97446771427079 -1.9933370088989126, 49.979064935767674 -1.9955477981433325, 49.98366322202946 -1.9977563719060112, 49.988262575800015 -1.9999627217129372, 49.99286299982318 -2.0021668390901004, 49.9974644968409 -2.0043687155510854, 50.00206706958569 -2.0065683425484697, 50.006670720787206 -2.0087657115161024, 50.011275453175074 -2.0109608138878237, 50.01588126947724 -2.0131536410870288, 50.02048817241171 -2.0153441844764446, 50.02509616469294 -2.0175324353969555, 50.029705249035366 -2.0197183851894214, 50.03431542815187 -2.0219020251856614, 50.038926704744924 -2.0240833466573624, 50.04353908151273 -2.026262340851672, 50.04815256115352 -2.0284389990156666, 50.052767146364005 -2.030613312388346, 50.05738283983001 -2.0327852721490722, 50.06199964423248 -2.0349548694504795, 50.06661756225235 -2.037122095445076, 50.07123659656907 -2.0392869412778993, 50.075856749850686 -2.0414493980346244, 50.08047802475976 -2.043609456772612, 50.08510042395883 -2.045767108549051, 50.089723950108976 -2.0479223444139327, 50.09434860585919 -2.0500751553578636, 50.098974393852565 -2.0522255323421925, 50.103601316732124 -2.054373466328058, 50.108229377139345 -2.056518948269385, 50.112858577702966 -2.058661969060314, 50.11748892104537 -2.060802519565446, 50.122120409788934 -2.0629405906491773, 50.12675304655438 -2.0650761731683533, 50.13138683394874 -2.0672092579192585, 50.13602177457259 -2.069339835669064, 50.14065787102645 -2.0714678971847507, 50.14529512590892 -2.0735934332250796, 50.14993354180406 -2.0757164344871306, 50.15457312128935 -2.077836891639969, 50.15921386694224 -2.0799547953525215, 50.16385578133787 -2.08207013628443, 50.16849886703589 -2.084182905032294, 50.17314312658938 -2.0862930921665046, 50.17778856255147 -2.0884006882573694, 50.18243517747247 -2.0905056838643374, 50.18708297388607 -2.0926080694822553, 50.191731954319806 -2.094707835582166, 50.196382121301205 -2.0968049726350713, 50.20103347735428 -2.0988994710990077, 50.20568602498509 -2.1009913213663762, 50.21033976669405 -2.103080513808859, 50.21499470498158 -2.105167038798135, 50.21965084234356 -2.1072508866898345, 50.22430818125715 -2.1093320477725914, 50.22896672419463 -2.111410512317567, 50.23362647362822 -2.113486270595914, 50.2382874320243 -2.1155593128587786, 50.242949601829515 -2.1176296292905246, 50.24761298548647 -2.1196972100615996, 50.252277585437724 -2.1217620453423964, 50.2569434041181 -2.1238241252781616, 50.261610443942246 -2.1258834399487845, 50.26627870732163 -2.127939979423677, 50.27094819666763 -2.1299937337720114, 50.275618914381496 -2.1320446930314785, 50.28029086284446 -2.1340928471774303, 50.28496404443537 -2.136138186177882, 50.28963846153287 -2.1381807000001194, 50.294314116502555 -2.1402203785726117, 50.298991011690724 -2.142257211766341, 50.303669149442186 -2.144291189447647, 50.30834853210108 -2.146322301481116, 50.313029161995175 -2.14835053768449, 50.31771104143452 -2.150375887824717, 50.32239417272827 -2.1523983416661996, 50.327078558184226 -2.1544178889696974, 50.3317642000902 -2.1564345194410537, 50.33645110071855 -2.1584482227436834, 50.34113926234118 -2.160458988539893, 50.34582868722746 -2.162466806485118, 50.350519377623144 -2.164471666172684, 50.35521133576143 -2.1664735571629623, 50.35990456387552 -2.1684724690160264, 50.364599064193705 -2.170468391279906, 50.36929483891789 -2.172461313435596, 50.37399189024074 -2.174451224940905, 50.37869022035493 -2.1764381152536183, 50.38338983144493 -2.1784219738116133, 50.38809072566723 -2.1804027899848557, 50.392792905172364 -2.1823805531288363, 50.397496372110766 -2.184355252598845, 50.402201128619765 -2.1863268777195226, 50.40690717680938 -2.1882954177520237, 50.411614518786294 -2.1902608619496235, 50.41632315665665 -2.1922231995644146, 50.4210330925073 -2.1941824198053976, 50.42574432840088 -2.1961385118272365, 50.43045686639846 -2.198091464781126, 50.43517070855928 -2.2000412678144583, 50.43988585691698 -2.2019879100193673, 50.44460231348563 -2.2039313804462135, 50.449320080278895 -2.205871668144326, 50.454039159305985 -2.207808762153914, 50.458759552544876 -2.209742651450673, 50.463481261960034 -2.211673324982466, 50.468204289515846 -2.213600771697048, 50.47292863716742 -2.2155249805236714, 50.477654306835795 -2.217445940324212, 50.48238130043427 -2.2193636399452226, 50.48710961987601 -2.2212780682329596, 50.4918392670571 -2.223189214001248, 50.49657024384149 -2.2250970660026814, 50.50130255208948 -2.2270016129830537, 50.50603619366023 -2.2289028436860687, 50.510771170386626 -2.230800746807427, 50.515507484075194 -2.232695310994844, 50.52024513653125 -2.2345865248939503, 50.5249841295562 -2.2364743771433533, 50.529724464916505 -2.2383588563207457, 50.53446614436075 -2.2402399509725597, 50.53920916963739 -2.242117649644971, 50.54395354248467 -2.2439919408669797, 50.548699264601645 -2.245862813101549, 50.55344633767792 -2.247730254795778, 50.55819476340291 -2.2495942543963783, 50.56294454344531 -2.25145480031684, 50.567695679437556 -2.253311880912215, 50.57244817300828 -2.2551654845316147, 50.577202025784246 -2.257015599521148, 50.581957239359326 -2.258862214176239, 50.58671381530004 -2.2607053167501494, 50.59147175517209 -2.262544895494861, 50.59623106053413 -2.264380938651961, 50.600991732902514 -2.2662134344006017, 50.60575377377791 -2.2680423708967226, 50.61051718466085 -2.269867736296139, 50.61528196703409 -2.2716895187295103, 50.62004812233736 -2.273507706266753, 50.624815652004095 -2.275322286968801, 50.62958455746631 -2.2771332488947573, 50.634354840123265 -2.278940580059442, 50.63912650134053 -2.280744268432149, 50.64389954248214 -2.2825443019800953, 50.648673964905605 -2.2843406686620793, 50.653449769922844 -2.286133356378107, 50.658226958826425 -2.2879223530031267, 50.66300553290877 -2.289707646411935, 50.667785493443475 -2.291489224456089, 50.67256684165657 -2.293267074928625, 50.67734957876676 -2.2950411856135142, 50.682133705991106 -2.2968115442927775, 50.68691922450988 -2.298578138705223, 50.6917061354673 -2.3003409565472923, 50.696494440006084 -2.3020999855136575, 50.70128413926038 -2.303855213289407, 50.70607523431341 -2.3056066275026517, 50.71086772622964 -2.3073542157605345, 50.71566161607333 -2.3090979656699613, 50.72045690488383 -2.310837864811294, 50.725253593650876 -2.3125739007121435, 50.7300516833584 -2.3143060608938897, 50.734851174986915 -2.3160343328745, 50.73965206947123 -2.317758704125686, 50.74445436771312 -2.319479162085833, 50.74925807061365 -2.3211956941925815, 50.75406317905883 -2.3229082878691645, 50.75886969387798 -2.324616930484422, 50.763677615887005 -2.326321609394366, 50.76848694590067 -2.328022311953999, 50.77329768469606 -2.329719025484115, 50.77810983300437 -2.3314117372638825, 50.782923391553986 -2.3331004345699538, 50.78773836106443 -2.3347851046713477, 50.79255474219735 -2.33646573478756, 50.79737253559139 -2.3381423121183333, 50.80219174188478 -2.3398148238631147, 50.807012361685636 -2.3414832571970012, 50.81183439554632 -2.3431475992501105, 50.81665784401314 -2.3448078371476977, 50.8214827076269 -2.346463958010807, 50.82630898687229 -2.348115948917944, 50.831136682201446 -2.349763796922945, 50.83596579406609 -2.3514074890793055, 50.84079632289321 -2.353047012422986, 50.84562826904737 -2.354682353945555, 50.85046163288332 -2.356313500631667, 50.855296414751976 -2.3579404394634174, 50.860132614949954 -2.3595631573868623, 50.864970233733644 -2.3611816413213993, 50.869809271358456 -2.3627958781857896, 50.87464972805814 -2.364405854885445, 50.87949160399938 -2.3660115582844092, 50.884334899335855 -2.367612975238731, 50.88917961421811 -2.3692100926026587, 50.89402574874255 -2.3708028971995643, 50.89887330296016 -2.3723913758269037, 50.903722276920504 -2.373975515281329, 50.90857267065208 -2.3755553023484266, 50.91342448411274 -2.377130723776693, 50.91827771724555 -2.378701766306864, 50.92313236999038 -2.38026841667813, 50.927988442230784 -2.3818306616026694, 50.9328459338025 -2.383388487769692, 50.937704844539695 -2.384941881867669, 50.94256517425356 -2.386490830575042, 50.947426922681686 -2.388035320538221, 50.95229008954702 -2.3895753383972327, 50.95715467456844 -2.391110870790506, 50.96202067740368 -2.392641904332539, 50.96688809766331 -2.3941684256193794, 50.97175693495668 -2.3956904212465826, 50.976627188865066 -2.3972078777999726, 50.9814988588945 -2.398720781839187, 50.986371944538426 -2.4002291199195054, 50.99124644528409 -2.4017328785943266, 50.996122360550174 -2.403232044396177, 51.00099968971258 -2.4047266038445736, 51.00587843214628 -2.4062165434587643, 51.01075858718942 -2.4077018497483946, 51.01564015410572 -2.4091825092036863, 51.02052313214992 -2.4106585083125163, 51.02540752056619 -2.4121298335604626, 51.030293318521295 -2.4135964714161977, 51.03518052514737 -2.4150584083408435, 51.040069139575266 -2.4165156307952884, 51.044959160885895 -2.417968125231669, 51.049850588091225 -2.4194158780900596, 51.054743420198285 -2.420858875809661, 51.05963765619505 -2.4222971048271504, 51.064533294984884 -2.4237305515679965, 51.06943033544765 -2.4251592024545525, 51.07432877645937 -2.4265830439088307, 51.079228616829276 -2.4280020623468235, 51.084129855309726 -2.4294162441794134, 51.08903249065123 -2.430825575817314, 51.09393652156966 -2.432230043669593, 51.098841946696744 -2.4336296341413184, 51.103748764651705 -2.4350243336369655, 51.10865697404291 -2.4364141285609517, 51.113566573395175 -2.4377990053172836, 51.118477561194524 -2.4391789503097736, 51.12338993592518 -2.4405539499422955, 51.128303696013845 -2.4419239906208787, 51.13321883981548 -2.4432890587542464, 51.1381353656805 -2.4446491407512867, 51.143053271932644 -2.4460042230230354, 51.14797255680449 -2.447354291987827, 51.15289321850919 -2.4486993340655507, 51.15781525525194 -2.450039335677082, 51.16273866515567 -2.451374283253399, 51.16766344629503 -2.4527041632314166, 51.17258959674301 -2.454028962048308, 51.17751711451787 -2.4553486661503037, 51.182445997558936 -2.456663261996733, 51.18737624379936 -2.457972736047944, 51.192307851146474 -2.4592770747696706, 51.19724081741271 -2.460576264647488, 51.20217514038861 -2.4618702921715334, 51.20711081785627 -2.463159143834072, 51.21204784751235 -2.4644428061489343, 51.21698622700381 -2.4657212656424914, 51.2219259539755 -2.4669945088417036, 51.22686702601255 -2.4682625222912153, 51.23180944062103 -2.4695252925590805, 51.23675319530149 -2.4707828062149617, 51.24169828752286 -2.472035049839311, 51.24664471465704 -2.4732820100455535, 51.25159247405746 -2.474523673453403, 51.256541563065035 -2.4757600266873885, 51.261491978927225 -2.476991056407991, 51.266443718849146 -2.4782167492919416, 51.271396780032426 -2.4794370920175033, 51.276351159605596 -2.4806520712942906, 51.28130685462681 -2.4818616738621984, 51.286263862150925 -2.48306588646252, 51.29122217918635 -2.4842646958586196, 51.29618180264856 -2.4854580888580156, 51.30114272944195 -2.4866460522734815, 51.30610495644747 -2.4878285729299976, 51.31106848044498 -2.489005637705248, 51.31603329818698 -2.490177233491137, 51.320999406416604 -2.491343347184948, 51.32596680178541 -2.4925039657359003, 51.3309354808938 -2.4936590761223143, 51.33590544033884 -2.494808665324495, 51.3408766766468 -2.4959527203663647, 51.3458491862677 -2.497091228318652, 51.350822965647644 -2.49822417625462, 51.35579801118539 -2.499351551278862, 51.36077431918451 -2.5004733405592527, 51.36575188593699 -2.5015895312712884, 51.37073070770866 -2.5027001106091404, 51.37571078066273 -2.5038050658399533, 51.380692100937424 -2.5049043842486984, 51.38567466465799 -2.5059980531302317, 51.390658467850756 -2.5070860598551943, 51.39564350649624 -2.5081683918292828, 51.400629776570085 -2.509245036462132, 51.40561727397199 -2.5103159812245175, 51.410605994539885 -2.511381213637019, 51.41559593410816 -2.5124407212232085, 51.42058708843259 -2.51349449157558, 51.425579453160594 -2.51454251238176, 51.43057302393157 -2.515584771336323, 51.43556779638503 -2.5166212561338472, 51.440563766160395 -2.5176519544689104, 51.44556092889711 -2.518676854036087, 50.99747322018125 -5.358240897104871, 50.99254856613345 -5.357665963277597, 50.98762434636621 -5.357087322171473, 50.98270056345562 -5.356504975758563, 50.97777721997778 -5.35591892601093, 50.97285431850877 -5.355329174900637, 50.96793186162468 -5.354735724399748, 50.96300985190159 -5.354138576480324, 50.95808829191561 -5.353537733114432, 50.95316718424281 -5.352933196274132, 50.948246531459304 -5.352324967931489, 50.94332633614104 -5.351713050058724, 50.93840660085364 -5.351097444645428, 50.933487328142995 -5.350478153713916, 50.92856852055289 -5.349855179290126, 50.923650180627085 -5.349228523399993, 50.9187323109093 -5.348598188069457, 50.913814913940406 -5.347964175329091, 50.908897992245336 -5.347326487234871, 50.90398154834359 -5.34668512585143, 50.899065584754695 -5.346040093243412, 50.89415010399814 -5.345391391475458, 50.88923510859276 -5.344739022613267, 50.88432060104389 -5.344082988743536, 50.879406583844485 -5.343423291972201, 50.87449305948711 -5.342759934405915, 50.869580030464235 -5.34209291815133, 50.864667499268386 -5.341422245315132, 50.859755468384954 -5.340747918014741, 50.85484394028214 -5.34006993839337, 50.849932917425676 -5.339388308598032, 50.84502240228129 -5.3387030307757435, 50.84011239731468 -5.338014107073519, 50.83520290498911 -5.337321539642008, 50.830293927750375 -5.336625330657325, 50.82538546803682 -5.335925482306492, 50.82047752828681 -5.335221996776567, 50.815570110938644 -5.334514876254607, 50.81066321843021 -5.333804122928321, 50.805756853186764 -5.33308973900334, 50.8008510176196 -5.332371726705068, 50.79594571413928 -5.331650088259926, 50.7910409451564 -5.330924825894339, 50.78613671308154 -5.3301959418347415, 50.78123302031885 -5.329463438316393, 50.776329869254084 -5.328727317599961, 50.77142726226965 -5.327987581950658, 50.76652520174795 -5.327244233633689, 50.76162369007145 -5.326497274914268, 50.75672272962046 -5.325746708060423, 50.75182232275769 -5.324992535363733, 50.74692247183709 -5.324234759127496, 50.742023179212566 -5.323473381655091, 50.737124447237996 -5.322708405249905, 50.732226278266936 -5.321939832215771, 50.727328674640624 -5.321167664872517, 50.722431638684995 -5.320391905559855, 50.71753517272504 -5.319612556618748, 50.71263927908576 -5.318829620390154, 50.707743960092095 -5.318043099215034, 50.70284921806305 -5.3172529954419625, 50.697955055298195 -5.316459311443967, 50.693061474093255 -5.315662049598972, 50.688168476743996 -5.314861212284908, 50.68327606554607 -5.314056801879698, 50.6783842427933 -5.313248820763661, 50.673493010761554 -5.312437271339115, 50.668602371717014 -5.31162215602024, 50.66371232792581 -5.310803477221331, 50.65882288165404 -5.309981237356685, 50.65393403516751 -5.309155438840965, 50.6490457907197 -5.308326084103564, 50.64415815054787 -5.307493175593226, 50.63927111688818 -5.306656715760004, 50.634384691976834 -5.305816707053962, 50.629498878049986 -5.304973151925156, 50.62461367733776 -5.304126052830636, 50.619729092050264 -5.303275412250767, 50.614845124393405 -5.3024212326707705, 50.609961776573066 -5.30156351657586, 50.60507905079517 -5.300702266451254, 50.600196949263626 -5.299837484784403, 50.595315474163954 -5.298969174083596, 50.590434627671556 -5.29809733686849, 50.585554411961766 -5.2972219756588625, 50.580674829209926 -5.29634309297449, 50.57579588159102 -5.295460691335505, 50.570917571267266 -5.294574773276116, 50.56603990038423 -5.2936853413488265, 50.56116287108638 -5.2927923981073715, 50.55628648551814 -5.291895946105476, 50.551410745824 -5.290995987896879, 50.54653565414198 -5.290092526042164, 50.541661212589524 -5.28918556312399, 50.53678742327992 -5.288275101729438, 50.53191428832647 -5.28736114444559, 50.527041809842466 -5.286443693859533, 50.522169989939016 -5.2855227525606425, 50.51729883070796 -5.284598323158323, 50.51242833423127 -5.283670408272328, 50.507558502590776 -5.28273901052249, 50.50268933786837 -5.281804132528647, 50.497820842145494 -5.280865776911057, 50.49295301748986 -5.2799239463038905, 50.48808586595262 -5.27897864335813, 50.483219389583965 -5.278029870725761, 50.47835359043402 -5.277077631058772, 50.473488470552965 -5.276121927009155, 50.46862403198371 -5.275162761236052, 50.46376027674823 -5.274200136419287, 50.45889720686474 -5.2732340552424, 50.45403482435147 -5.272264520388936, 50.4491731312266 -5.27129153454243, 50.44431212950569 -5.2703151003889985, 50.43945182118405 -5.269335220634208, 50.43459220824776 -5.2683518979925035, 50.429733292682805 -5.2673651351783715, 50.42487507647525 -5.2663749349063105, 50.42001756161053 -5.2653812998913665, 50.41516075005891 -5.2643842328627555, 50.41030464377478 -5.263383736564618, 50.405449244711754 -5.262379813741803, 50.40059455482341 -5.26137246713916, 50.395740576063346 -5.260361699501565, 50.390887310376556 -5.259347513581724, 50.38603475968712 -5.258329912151403, 50.38118292591601 -5.257308897985205, 50.37633181098421 -5.2562844738577414, 50.37148141681268 -5.255256642543615, 50.36663174531893 -5.254225406820541, 50.361782798399055 -5.2531907694851485, 50.356934577941274 -5.252152733341202, 50.35208708583367 -5.25111130119247, 50.347240323964414 -5.2500664758427265, 50.34239429422067 -5.249018260096563, 50.33754899847266 -5.24796665677323, 50.33270443857596 -5.246911668704646, 50.3278606163857 -5.2458532987231585, 50.32301753375695 -5.244791549661104, 50.318175192544714 -5.243726424350898, 50.31333359459349 -5.242657925633827, 50.30849274172744 -5.241586056368265, 50.30365263576843 -5.240510819414526, 50.298813278538375 -5.239432217632934, 50.293974671859104 -5.2383502538838, 50.289136817547735 -5.237264931031394, 50.2842997173991 -5.236176251958169, 50.2794633732017 -5.235084219551829, 50.274627786744034 -5.2339888367000755, 50.26979295981455 -5.23289010629061, 50.264958894200205 -5.231788031212392, 50.26012559166882 -5.2306826143695915, 50.255293053975564 -5.229573858676524, 50.25046128287538 -5.228461767047689, 50.24563028012319 -5.227346342397585, 50.24080004747366 -5.226227587640908, 50.2359705866684 -5.225105505702522, 50.231141899430106 -5.223980099521982, 50.226313987480005 -5.222851372039991, 50.221486852539314 -5.221719326197256, 50.216660496329254 -5.220583964934484, 50.21183492056424 -5.21944529119755, 50.20701012693622 -5.218303307949307, 50.20218611713257 -5.2171580181560735, 50.19736289284068 -5.2160094247841755, 50.192540455747945 -5.214857530799935, 50.18771880753906 -5.21370233917162, 50.182897949877656 -5.21254385288308, 50.1780778844172 -5.211382074925628, 50.1732586128111 -5.210217008290619, 50.168440136712725 -5.209048655969407, 50.16362245777487 -5.20787702095383, 50.15880557763418 -5.206702106247244, 50.15398949791072 -5.205523914864914, 50.14917422022382 -5.204342449822649, 50.144359746192784 -5.203157714136257, 50.139546077436876 -5.201969710821578, 50.13473321556565 -5.200778442901238, 50.12992116216711 -5.199583913412894, 50.12510991882637 -5.198386125396221, 50.12029948712855 -5.197185081890891, 50.11548986865873 -5.195980785936578, 50.1106810649976 -5.194773240575976, 50.105873077703194 -5.19356244886715, 50.10106590832632 -5.192348413873065, 50.09625955841779 -5.191131138656686, 50.09145402952842 -5.189910626280978, 50.086649323207524 -5.188686879809889, 50.081845440985184 -5.187459902320073, 50.07704238437812 -5.186229696897032, 50.07224015490273 -5.184996266626439, 50.06743875407547 -5.18375961459397, 50.0626381834125 -5.182519743885474, 50.057838444416575 -5.181276657595381, 50.05303953857119 -5.180030358830532, 50.04824146735832 -5.17878085069873, 50.043444232259915 -5.177528136307782, 50.03864783475794 -5.176272218765496, 50.03385227632704 -5.1750131011842395, 50.02905755841912 -5.173750786690612, 50.024263682481575 -5.172485278413973, 50.01947064996186 -5.171216579483684, 50.01467846230739 -5.16994469302911, 50.00988712096259 -5.168669622181469, 50.00509662734986 -5.167391370085291, 50.000306982882094 -5.166109939890915, 49.99551818897218 -5.164825334748708, 49.99073024703293 -5.163537557809033, 49.985943158476296 -5.1622466122227815, 49.98115692469683 -5.160952501151104, 49.97637154707335 -5.1596552277644445, 49.97158702698401 -5.158354795233584, 49.96680336580705 -5.157051206729299, 49.962020564920586 -5.155744465422435, 49.95723862569135 -5.154434574490331, 49.952457549465166 -5.153121537122321, 49.947677337585574 -5.151805356509044, 49.942897991396116 -5.1504860358411335, 49.938119512240334 -5.149163578309223, 49.93334190145597 -5.147837987107172, 49.92856516035765 -5.146509265441696, 49.923789290254206 -5.145177416522712, 49.91901429245448 -5.143842443560145, 49.91424016826733 -5.142504349763916, 49.90946691899929 -5.14116313834519, 49.90469454593587 -5.139818812526475, 49.8999230503513 -5.138471375536366, 49.89515243351971 -5.137120830603505, 49.890382696715236 -5.13576718095654, 49.88561384121138 -5.1344104298244355, 49.88084586826564 -5.133050580444551, 49.876078779118274 -5.131687636063256, 49.87131257500868 -5.1303215999273615, 49.866547257176286 -5.1289524752836835, 49.861782826860434 -5.127580265379066, 49.85701928529038 -5.1262049734654545, 49.85225663367366 -5.124826602805835, 49.847494873215 -5.123445156664628, 49.842734005119034 -5.122060638306252, 49.837974030590466 -5.120673050995128, 49.833214950828996 -5.119282397998139, 49.828456767011204 -5.117888682593493, 49.82369948030713 -5.116491908062672, 49.81894309188668 -5.11509207768715, 49.81418760291989 -5.113689194748405, 49.809433014574736 -5.112283262528841, 49.8046793279989 -5.110874284320573, 49.79992654432778 -5.109462263421502, 49.7951746646967 -5.108047203129607, 49.79042369024094 -5.1066291067428695, 49.78567362209529 -5.105207977559494, 49.78092446137923 -5.103783818884738, 49.776176209194404 -5.102356634032069, 49.77142886664142 -5.100926426315423, 49.76668243482097 -5.0994931990487355, 49.76193691483358 -5.098056955545952, 49.757192307770346 -5.0966176991252725, 49.752448614700356 -5.095175433114665, 49.74770583668959 -5.093730160843475, 49.74296397480413 -5.092281885641048, 49.73822303010992 -5.0908306108367265, 49.73348300366824 -5.0893763397618965, 49.72874389651744 -5.087919075757806, 49.72400570968895 -5.086458822168663, 49.719268444214215 -5.084995582338685, 49.714532101124654 -5.083529359612082, 49.709796681449845 -5.08206015733385, 49.70506218619916 -5.080587978857358, 49.70032861636966 -5.079112827541077, 49.695595972958316 -5.077634706743544, 49.690864256962 -5.0761536198232955, 49.68613346937718 -5.074669570139071, 49.681403611185054 -5.073182561055706, 49.67667468334906 -5.071692595945137, 49.671946686831724 -5.070199678179705, 49.667219622595454 -5.068703811131739, 49.66249349160272 -5.067204998173598, 49.65776829480628 -5.065703242681354, 49.65304403313719 -5.064198548039458, 49.64832070752357 -5.062690917633507, 49.6435983188935 -5.0611803548491, 49.63887686817506 -5.059666863071828, 49.63415635629141 -5.058150445689134, 49.62943678414289 -5.056631106096912, 49.62471815262331 -5.055108847693491, 49.62000046262646 -5.053583673877199, 49.61528371504615 -5.0520555880463665, 49.61056791077412 -5.050524593600056, 49.60585305068173 -5.0489906939446065, 49.60113913562871 -5.047453892490511, 49.596426166474664 -5.045914192648317, 49.59171414407918 -5.044371597828558, 49.587003069301225 -5.042826111441988, 49.58229294298409 -5.041277736904749, 49.57758376595407 -5.039726477638783, 49.57287553903665 -5.038172337066315, 49.56816826305734 -5.036615318609575, 49.56346193884155 -5.035055425690812, 49.55875656720434 -5.033492661735689, 49.55405214893972 -5.031927030176775, 49.54934868483918 -5.030358534447473, 49.54464617569423 -5.028787177981189, 49.53994462229633 -5.027212964211325, 49.53524402543137 -5.025635896573053, 49.53054438586261 -5.024055978508649, 49.52584570434767 -5.022473213462172, 49.521147981644134 -5.020887604877681, 49.51645121850965 -5.019299156199235, 49.511755415699284 -5.017707870871647, 49.50706057394729 -5.0161137523460075, 49.502366693977564 -5.014516804076505, 49.49767377651397 -5.012917029517359, 49.492981822280356 -5.011314432122783, 49.4882908319997 -5.009709015347236, 49.48360080637826 -5.008100782649983, 49.47891174610681 -5.0064897374947215, 49.474223651875555 -5.0048758833453135, 49.469536524374725 -5.003259223665619, 49.46485036429435 -5.001639761919542, 49.460165172312855 -5.000017501574176, 49.45548094908882 -4.998392446102003, 49.45079769527901 -4.996764598976041, 49.446115411540106 -4.9951339636692955, 49.441434098528845 -4.993500543654781, 49.436753756895094 -4.991864342407277, 49.43207438726671 -4.990225363407292, 49.42739599026703 -4.98858361013649, 49.42271856651943 -4.986939086076534, 49.41804211664727 -4.985291794709091, 49.413366641270585 -4.983641739516636, 49.40869214098805 -4.981988923986914, 49.40401861638989 -4.980333351609752, 49.3993460680662 -4.978675025874975, 49.39467449660717 -4.977013950272418, 49.3900039026017 -4.975350128292215, 49.38533428662052 -4.973683563428699, 49.38066564922108 -4.972014259179304, 49.37599799096049 -4.970342219041535, 49.37133131239589 -4.968667446512898, 49.36666561408408 -4.966989945090969, 49.36200089656838 -4.965309718276278, 49.357337160374264 -4.96362676957327, 49.35267440602598 -4.961941102486656, 49.34801263404777 -4.960252720521153, 49.34335184496385 -4.958561627181476, 49.33869203928986 -4.95686782597411, 49.33403321752046 -4.955171320409819, 49.329375380147184 -4.953472114000009, 49.324718527661624 -4.951770210256091, 49.3200626605553 -4.950065612689468, 49.31540777931518 -4.948358324812453, 49.310753884406545 -4.9466483501415945, 49.30610097628836 -4.944935692194679, 49.301449055419646 -4.943220354489497, 49.29679812225938 -4.9415023405438365, 49.29214817726443 -4.93978165387585, 49.2874992208723 -4.938058298007142, 49.28285125350969 -4.9363322764611945, 49.278204275603315 -4.9346035927615155, 49.27355828757982 -4.932872250431614, 49.26891328986518 -4.931138252995112, 49.26426928286977 -4.9294016039781985, 49.259626266988754 -4.927662306909582, 49.254984242616665 -4.925920365318069, 49.25034321014799 -4.924175782732468, 49.24570316997715 -4.92242856268161, 49.2410641224876 -4.920678708695995, 49.23642606804381 -4.918926224309023, 49.23178900700831 -4.917171113054381, 49.22715293974371 -4.915413378465761, 49.222517866612556 -4.91365302407685, 49.217883787970855 -4.911890053422257, 49.21325070415359 -4.910124470039511, 49.20861861549159 -4.908356277466735, 49.20398752231568 -4.906585479242041, 49.19935742495665 -4.904812078903547, 49.194728323741984 -4.903036079989794, 49.190100218978685 -4.901257486041906, 49.185473110966036 -4.899476300601982, 49.1808470000033 -4.897692527212123, 49.17622188638978 -4.895906169414431, 49.17159777042331 -4.8941172307511644, 49.16697465238404 -4.892325714766589, 49.162352532540204 -4.890531625006324, 49.15773141115968 -4.888734965016019, 49.15311128851047 -4.886935738341322, 49.148492164860045 -4.88513394852792, 49.14387404046231 -4.883329599122874, 49.13925691555501 -4.8815226936748575, 49.134640790374995 -4.879713235732636, 49.13002566515909 -4.877901228844981, 49.12541154014405 -4.876086676560662, 49.12079841555744 -4.874269582429257, 49.11618629160758 -4.872449950002015, 49.11157516850042 -4.870627782830392, 49.106965046441914 -4.868803084465847, 49.10235592563801 -4.866975858459836, 49.09774780628927 -4.865146108364214, 49.093140688575865 -4.8633138377323535, 49.08853457267307 -4.86147905011799, 49.08392945875618 -4.8596417490748625, 49.07932534700046 -4.857801938156701, 49.07472223757853 -4.855959620917407, 49.07012013064374 -4.854114800912056, 49.065519026340944 -4.852267481696238, 49.06091892481503 -4.850417666825546, 49.05631982621086 -4.848565359855577, 49.0517217306722 -4.8467105643419774, 49.047124638326515 -4.8448532838411795, 49.042528549288804 -4.842993521910225, 49.037933463673724 -4.841131282106173, 49.03333938159592 -4.839266567986077, 49.02874630316981 -4.837399383107007, 49.02415422849736 -4.835529731026459, 49.01956315766443 -4.8336576153025055, 49.01497309075572 -4.831783039493249, 49.01038402785596 -4.8299060071568025, 49.00579596904984 -4.828026521851269, 49.00120891441382 -4.826144587134944, 48.99662286400552 -4.824260206566549, 48.99203781787996 -4.822373383704859, 48.987453776092174 -4.820484122108657, 48.98287073869718 -4.8185924253367185, 48.97828870574522 -4.816698296947867, 48.97370767726697 -4.814801740501108, 48.96912765328802 -4.812902759555497, 48.9645486338339 -4.811001357670086, 48.95997061893021 -4.809097538403929, 48.95539360860013 -4.8071913053160715, 48.95081760284861 -4.8052826619654985, 48.946242601672026 -4.803371611911165, 48.94166860506678 -4.801458158712029, 48.937095613029236 -4.7995423059270435, 48.93252362555478 -4.79762405711515, 48.92795264262346 -4.7957034158350345, 48.923382664203075 -4.793780385645176, 48.918813690261054 -4.791854970104054, 48.9142457207648 -4.789927172770137, 48.90967875568148 -4.787996997201898, 48.90511279496664 -4.786064446957479, 48.90054783856011 -4.78412952559458, 48.89598388640061 -4.782192236670876, 48.8914209384269 -4.780252583744039, 48.886858994577665 -4.778310570371739, 48.882298054783796 -4.776366200111373, 48.87773811895806 -4.774419476519696, 48.8731791870107 -4.772470403153377, 48.86862125885198 -4.7705189835690875, 48.864064334392104 -4.768565221323492, 48.85950841353678 -4.766609119972966, 48.854953496173025 -4.764650683072681, 48.85039958218303 -4.762689914177489, 48.84584667144901 -4.760726816842253, 48.84129476385312 -4.758761394621827, 48.83674385927527 -4.756793651070917, 48.832193957577765 -4.754823589743071, 48.82764505861496 -4.752851214191319, 48.82309716224115 -4.750876527968678, 48.818550268310595 -4.7488995346281735, 48.814004376676635 -4.7469202377227475, 48.80945948717771 -4.744938640804132, 48.80491559964082 -4.7429547474231235, 48.80037271389265 -4.740968561130494, 48.7958308297599 -4.7389800854770145, 48.79128994706896 -4.736989324013433, 48.786750065634784 -4.7349962802894225, 48.78221118525771 -4.7330009578532914, 48.77767330573709 -4.731003360253256, 48.773136426872284 -4.729003491037533, 48.7686005484626 -4.72700135375433, 48.7640656702995 -4.724996951951026, 48.7595317921575 -4.722990289173185, 48.7549989138089 -4.720981368966136, 48.75046703502601 -4.718970194875211, 48.745936155581134 -4.716956770445739, 48.74140627524182 -4.714941099222482, 48.73687739375782 -4.712923184748076, 48.73234951087464 -4.7109030305646495, 48.7278226263378 -4.708880640214333, 48.72329673989283 -4.706856017239257, 48.71877185128275 -4.704829165181217, 48.71424796023361 -4.702800087579769, 48.709725066464465 -4.700768787973532, 48.70520316969432 -4.698735269901124, 48.70068226964223 -4.696699536901167, 48.696162366026066 -4.694661592512116, 48.69164345854905 -4.69262144027029, 48.687125546904205 -4.690579083710533, 48.68260863078433 -4.688534526367655, 48.67809270988226 -4.686487771776465, 48.67357778389035 -4.6844388234717105, 48.66906385248951 -4.68238768498631, 48.66455091534729 -4.68033435985108, 48.66003897213061 -4.678278851596734, 48.655528022506296 -4.676221163753977, 48.651018066141205 -4.674161299853501, 48.64650910269383 -4.672099263424587, 48.642001131807135 -4.670035057993846, 48.63749415312237 -4.667968687087596, 48.632988166280754 -4.66590015423215, 48.628483170923516 -4.663829462953826, 48.623979166686674 -4.6617566167779785, 48.61947615318944 -4.659681619226874, 48.614974130047685 -4.65760447382216, 48.6104730968773 -4.6555251840854925, 48.605973053294164 -4.653443753538517, 48.6014739989112 -4.651360185702306, 48.59697593332497 -4.649274484094699, 48.592478856126256 -4.6471866522323975, 48.587982766905874 -4.645096693632109, 48.58348766525462 -4.643004611810535, 48.578993550761886 -4.640910410284086, 48.574500423002355 -4.638814092566097, 48.57000828154215 -4.6367156621681165, 48.565517125947295 -4.634615122601668, 48.5610269557838 -4.632512477378277, 48.556537770617126 -4.6304077300093445, 48.55204957000059 -4.628300884003717, 48.54756235347607 -4.626191942867814, 48.54307612058496 -4.624080910107957, 48.53859087086867 -4.621967789230463, 48.53410660386842 -4.619852583741618, 48.52962331911653 -4.617735297145455, 48.52514101613151 -4.615615932942552, 48.52065969443071 -4.613494494633189, 48.51617935353152 -4.611370985717651, 48.51169999295123 -4.609245409696212, 48.507221612201114 -4.60711777006766, 48.50274421077702 -4.604988070326992, 48.49826778817233 -4.602856313968601, 48.49379234388044 -4.600722504486891, 48.489317877394804 -4.598586645376261, 48.48484438820517 -4.596448740130159, 48.48037187578561 -4.5943087922379044, 48.4759003396059 -4.592166805187693, 48.47142977913587 -4.590022782467728, 48.46696019384528 -4.587876727566208, 48.462491583202 -4.585728643970795, 48.45802394665924 -4.583578535165141, 48.45355728366348 -4.581426404631048, 48.44909159366119 -4.57927225585031, 48.44462687609881 -4.577116092304726, 48.440163130421936 -4.574957917475833, 48.43570035606354 -4.57279773484155, 48.431238552447276 -4.570635547877107, 48.426777718996576 -4.568471360057668, 48.42231785513484 -4.566305174858394, 48.41785896028519 -4.564136995754358, 48.41340103386075 -4.561966826217639, 48.408944075262895 -4.559794669716773, 48.4044880838923 -4.557620529720099, 48.40003305914961 -4.55544440969594, 48.395579000435426 -4.553266313112614, 48.39112590714318 -4.551086243436176, 48.38667377865261 -4.548904204128389, 48.3822226143419 -4.546720198650538, 48.37777241358927 -4.544534230463905, 48.373323175772924 -4.542346303029771, 48.36887490026642 -4.540156419807904, 48.36442758642864 -4.537964584253285, 48.35998123361563 -4.535770799819975, 48.35553584118341 -4.5335750699620245, 48.35109140848801 -4.531377398133485, 48.34664793488274 -4.529177787787493, 48.34220541970657 -4.526976242372292, 48.33776386229362 -4.524772765334504, 48.33332326197803 -4.52256736012075, 48.32888361809399 -4.520360030177655, 48.32444492997422 -4.518150778951346, 48.320007196938406 -4.515939609883364, 48.31557041829919 -4.513726526412764, 48.31113459336911 -4.511511531978573, 48.30669972146072 -4.50929463001982, 48.30226580188593 -4.507075823975309, 48.29783283394577 -4.504855117279819, 48.29340081693179 -4.502632513364665, 48.28896975013525 -4.500408015661045, 48.28453963284743 -4.498181627600163, 48.280110464359375 -4.495953352613147, 48.275682243953604 -4.49372319412804, 48.271254970901 -4.491491155568707, 48.266828644471666 -4.489257240358719, 48.26240326393565 -4.487021451921649, 48.25797882856305 -4.484783793681048, 48.25355533761787 -4.482544269058034, 48.24913279035132 -4.480302881468453, 48.24471118601287 -4.478059634327471, 48.24029052385201 -4.475814531050255, 48.23587080311825 -4.47356757505197, 48.23145202305722 -4.471318769746227, 48.227034182900944 -4.469068118541163, 48.22261728187845 -4.4668156248437, 48.21820131921878 -4.464561292060772, 48.21378629415094 -4.462305123599299, 48.20937220590175 -4.460047122865282, 48.204959053684895 -4.4577872932592415, 48.20054683670921 -4.4555256381796955, 48.19613555418356 -4.4532621610251635, 48.191725205316835 -4.450996865194165, 48.18731578931672 -4.448729754084724, 48.18290730537913 -4.44646083108982, 48.178499752693156 -4.444190099599494, 48.17409313044772 -4.441917563003742, 48.169687437831804 -4.4396432246925635, 48.16528267403387 -4.437367088055736, 48.16087883823256 -4.435089156478664, 48.15647592959757 -4.43280943334277, 48.15207394729829 -4.430527922029334, 48.14767289050409 -4.428244625919634, 48.143272758384185 -4.425959548394876, 48.13887355010014 -4.423672692832885, 48.13447526480268 -4.421384062606714, 48.130077901641776 -4.419093661089064, 48.125681459767314 -4.416801491652623, 48.12128593832922 -4.414507557670077, 48.11689133647209 -4.412211862511359, 48.11249765332877 -4.409914409540319, 48.10810488803054 -4.407615202119988, 48.103713039708694 -4.405314243613409, 48.099322107494515 -4.403011537383613, 48.09493209051548 -4.40070708679248, 48.090542987885556 -4.398400895197774, 48.08615479871575 -4.396092965956343, 48.08176752211696 -4.393783302425026, 48.077381157200186 -4.391471907960675, 48.07299570307496 -4.389158785917943, 48.06861115884246 -4.386843939638693, 48.064227523600856 -4.384527372460148, 48.0598447964483 -4.382209087719523, 48.05546297648296 -4.379889088754029, 48.05108206280062 -4.377567378902694, 48.04670205447347 -4.375243961522428, 48.04232295056027 -4.372918839980389, 48.03794475011959 -4.370592017643848, 48.033567452209994 -4.368263497880077, 48.02919105589178 -4.365933284052038, 48.024815560256634 -4.363601379443273, 48.02044096442383 -4.361267787267608, 48.01606726751357 -4.3589325107365, 48.01169446864608 -4.356595553061401, 48.00732256693845 -4.354256917459049, 48.00295156137934 -4.351916607365567, 47.998581450785586 -4.349574626510341, 47.99421223396208 -4.347230978643215, 47.98984390971373 -4.344885667514036, 47.985476476847566 -4.3425386968685045, 47.98110993450081 -4.340190069832293, 47.976744282488866 -4.337839788256767, 47.972379520710646 -4.335487853836602, 47.96801564906499 -4.333134268266475, 47.96365266745057 -4.330779033241516, 47.95929057491408 -4.328422152016439, 47.954929367744874 -4.326063632893977, 47.950569041675394 -4.32370348519635, 47.94620959243812 -4.321341718245779, 47.9418510157655 -4.318978341364485, 47.937493309355645 -4.3166133602515515, 47.933136481111205 -4.314246761796662, 47.92878054223607 -4.31187852680454, 47.924425503935865 -4.309508636076823, 47.92007137741614 -4.307137070415149, 47.91571817494771 -4.3047638087110585, 47.9113659178559 -4.302388813619819, 47.90701463203784 -4.300012039598701, 47.90266434342588 -4.297633441041912, 47.89831507795226 -4.295252972343655, 47.893966860317256 -4.292870590155751, 47.8896196969236 -4.29048628465756, 47.88527358015885 -4.288100071709226, 47.88092850205412 -4.285711967824094, 47.87658445464051 -4.283321989515509, 47.872241430079356 -4.280930153057032, 47.867899424412705 -4.27853646758032, 47.86355843812891 -4.276140934033919, 47.85921847196043 -4.273743552917147, 47.854879526639685 -4.271344324729322, 47.85054160288905 -4.268943249988069, 47.84620470061658 -4.2665403306859115, 47.84186881833148 -4.264135571349112, 47.83753395440508 -4.261728976753641, 47.83320010720872 -4.2593205516754695, 47.828867275114014 -4.256910300889999, 47.82453545664204 -4.254498228885337, 47.820204650705364 -4.25208433939698, 47.81587485627986 -4.249668636038685, 47.811546072341386 -4.247251122424208, 47.80721829786582 -4.244831802167307, 47.80289153179803 -4.242410678930003, 47.79856577295621 -4.239987756571421, 47.7942410201262 -4.237563039001001, 47.78991727209387 -4.235136530128189, 47.78559452764507 -4.232708233862422, 47.781272785567985 -4.230278154103612, 47.77695204466588 -4.227846294690355, 47.77263230374799 -4.225412659436982, 47.76831356162354 -4.22297725215777, 47.76399581710178 -4.220540076666986, 47.75967906899009 -4.218101136779433, 47.75536331607621 -4.215660436315438, 47.751048557136244 -4.213217979098628, 47.746734790946114 -4.210773768952669, 47.742422016281715 -4.208327809701235, 47.738110231918526 -4.205880105167478, 47.73379943662289 -4.203430659165123, 47.729489629153235 -4.200979475499598, 47.72518080826768 -4.198526557976044, 47.7208729727244 -4.196071910399613, 47.71656612128128 -4.193615536575326, 47.712260252687216 -4.191157440303592, 47.70795536567957 -4.188697625378901, 47.70365145899494 -4.1862360955953495, 47.69934853136991 -4.183772854747029, 47.695046581541 -4.181307906628004, 47.69074560823826 -4.178841255028126, 47.68644561017952 -4.176372903729322, 47.68214658608119 -4.173902856512633, 47.67784853465972 -4.171431117159106, 47.67355145463155 -4.168957689449775, 47.669255344708446 -4.166482577162787, 47.66496020358905 -4.164005784068109, 47.66066602996961 -4.161527313934272, 47.65637282254648 -4.159047170529815, 47.652080580015955 -4.156565357623273, 47.64778930107127 -4.154081878981218, 47.643498984392494 -4.151596738361807, 47.63920962865619 -4.149109939520938, 47.634921232538915 -4.146621486214508, 47.6306337947172 -4.144131382198418, 47.62634731386571 -4.141639631227335, 47.62206178864657 -4.13914623704786, 47.61777721771686 -4.136651203403327, 47.61349359973365 -4.13415453403706, 47.60921093335402 -4.131656232692388, 47.60492921723394 -4.129156303111923, 47.600648450018085 -4.126654749030871, 47.59636863034443 -4.12415157418005, 47.59208975685087 -4.1216467822902185, 47.5878118281753 -4.119140377092137, 47.58353484295505 -4.116632362316196, 47.57925879981769 -4.114122741686349, 47.57498369738242 -4.111611518921061, 47.57070953426824 -4.109098697738628, 47.566436309094115 -4.106584281857341, 47.56216402047875 -4.104068274995331, 47.557892667032874 -4.101550680865333, 47.55362224735743 -4.099031503173513, 47.54935276005281 -4.096510745625659, 47.545084203719384 -4.093988411927549, 47.540816576957454 -4.091464505784913, 47.53654987836106 -4.088939030899214, 47.53228410651334 -4.086411990964525, 47.528019259996334 -4.083883389674179, 47.52375533739213 -4.081353230721517, 47.51949233728276 -4.078821517799865, 47.51523025824566 -4.076288254599374, 47.51096909884658 -4.073753444802252, 47.50670885764954 -4.071217092089481, 47.50244953321853 -4.06867920014204, 47.49819112411756 -4.066139772640921, 47.49393362890739 -4.063598813264869, 47.48967704613697 -4.061056325684454, 47.48542137435249 -4.058512313568365, 47.481166612100175 -4.055966780585288, 47.476912757926236 -4.0534197304039115, 47.47265981037476 -4.050871166691441, 47.46840776797833 -4.048321093107052, 47.46415662926564 -4.045769513307218, 47.45990639276537 -4.043216430948399, 47.45565705700621 -4.040661849687063, 47.45140862051555 -4.038105773178747, 47.44716108181003 -4.035548205071453, 47.44291443940114 -4.032989149009526, 47.43866869180028 -4.030428608637291, 47.4344238375189 -4.027866587599069, 47.43017987506767 -4.025303089538641, 47.42593680294768 -4.022738118093, 47.421694619653486 -4.020171676894498, 47.41745332367951 -4.017603769575399, 47.41321291352018 -4.015034399767969, 47.408973387669526 -4.012463571104187, 47.40473474461334 -4.009891287210151, 47.40049698282964 -4.007317551706374, 47.396260100796034 -4.004742368213153, 47.39202409699025 -4.002165740350788, 47.387788969889776 -3.9995876717394507, 47.38355471796528 -3.997008165994405, 47.379321339678576 -3.9944272267245164, 47.375088833490786 -3.991844857538212, 47.3708571978631 -3.989261062043923, 47.36662643125665 -3.9866758438500383, 47.36239653212713 -3.9840892065610194, 47.358167498920494 -3.981501153774239, 47.353939330081666 -3.9789116890863316, 47.3497120240556 -3.97632081609393, 47.3454855792872 -3.973728538393658, 47.34125999421731 -3.971134859579164, 47.337035267276384 -3.9685397832366003, 47.332811396893355 -3.965943312950969, 47.32858838149711 -3.9633454523072666, 47.32436621951655 -3.96074620489049, 47.32014490937762 -3.958145574283475, 47.31592444949573 -3.955543564061378, 47.311704838284015 -3.9529401777976614, 47.307486074155584 -3.9503354190657882, 47.303268155523554 -3.947729291439217, 47.29905108079897 -3.9451217984899034, 47.29483484838262 -3.9425129437822637, 47.29061945667205 -3.9399027308783454, 47.28640490406481 -3.9372911633401984, 47.28219118895844 -3.934678244729873, 47.27797830974916 -3.9320639786084186, 47.27376626482338 -3.929448368529721, 47.26955505256337 -3.9268314180445643, 47.26534467135136 -3.9242131307037136, 47.26113511956951 -3.921593510057936, 47.25692639559919 -3.918972559657363, 47.25271849781287 -3.916350283045553, 47.248511424577686 -3.9137266837621785, 47.244305174260745 -3.9111017653468556, 47.240099745229145 -3.908475531339205, 47.23589513584947 -3.9058479852784695, 47.23169134448036 -3.9032191306980346, 47.22748836947422 -3.900588971126639, 47.223286209183215 -3.897957510092893, 47.21908486195953 -3.895324751125411, 47.214884326155094 -3.8926906977526006, 47.210684600114966 -3.8900553534977997, 47.206485682177004 -3.887418721879011, 47.20228757067869 -3.884780806413981, 47.19809026395754 -3.8821416106204625, 47.193893760350946 -3.879501138016109, 47.18969805819046 -3.876859392114312, 47.185503155799736 -3.8742163764225626, 47.18130905150177 -3.8715720944479055, 47.17711574361953 -3.8689265496973864, 47.17292323047602 -3.866279745678022, 47.16873151038953 -3.863631685893324, 47.164540581669705 -3.860982373840388, 47.16035044262536 -3.8583318130156226, 47.15616109156526 -3.8556800069154336, 47.15197252679818 -3.853026959036224, 47.14778474662916 -3.85037267287168, 47.14359774935419 -3.847717151908888, 47.13941153326789 -3.8450603996339527, 47.135226096664915 -3.8424024195329762, 47.131041437839905 -3.839743215092056, 47.12685755508464 -3.8370827897952164, 47.12267444668173 -3.8344211471197025, 47.11849211091194 -3.8317582905413885, 47.11431054605597 -3.829094223536148, 47.11012975039458 -3.8264289495798534, 47.10594972220642 -3.8237624721468424, 47.101770459760964 -3.821094794704771, 47.09759196132527 -3.8184259207194686, 47.09341422516634 -3.8157558536567695, 47.0892372495512 -3.813084596982503, 47.08506103274536 -3.8104121541613973, 47.08088557300548 -3.807738528651746, 47.07671086858507 -3.8050637239095177, 47.07253691773758 -3.8023877433906783, 47.06836371871653 -3.7997105905511956, 47.064191269774334 -3.797032268846264, 47.06001956915505 -3.7943527817250278, 47.05584861509885 -3.791672132633792, 47.05167840584586 -3.7889903250188413, 47.04750893963618 -3.78630736232646, 47.04334021470925 -3.7836232480024132, 47.0391722292967 -3.780937985486899, 47.03500498162557 -3.7782515782167576, 47.030838469922784 -3.7755640296287876, 47.02667269241529 -3.7728753431597806, 47.02250764732957 -3.770185522246193, 47.018343332885024 -3.7674945703194593, 47.014179747295714 -3.764802490807171, 47.0100168887756 -3.7621092871368305, 47.005854755538564 -3.7594149627359315, 47.001693345798266 -3.7567195210317643, 46.99753265776202 -3.7540229654471697, 46.99337268963115 -3.751325299400717, 46.9892134396067 -3.7486265263108085, 46.98505490588977 -3.7459266495958503, 46.98089708668123 -3.7432256726741198, 46.976739980176475 -3.7405235989599768, 46.97258358456433 -3.737820431863106, 46.96842789803322 -3.735116174792912, 46.96427291877159 -3.7324108311588025, 46.96011864496779 -3.729704404370126, 46.95596507480534 -3.7269968978329566, 46.95181220646061 -3.724288314948524, 46.947660038109454 -3.721578659117677, 46.94350856792765 -3.7188679337412536, 46.93935779409098 -3.7161561422200706, 46.93520771477115 -3.7134432879521473, 46.93105832813236 -3.710729374330387, 46.92690963233806 -3.708014404747146, 46.922761625551686 -3.705298382594784, 46.918614305936636 -3.7025813112656425, 46.9144676716529 -3.6998631941497706, 46.91032172085274 -3.6971440346319957, 46.90617645168731 -3.6944238360964285, 46.9020318623078 -3.6917026019271875, 46.89788795086536 -3.6889803355083783, 46.893744715508355 -3.68625704022224, 46.889602154377215 -3.683532719445771, 46.885460265610995 -3.680807376555058, 46.88131904734875 -3.6780810149261858, 46.87717849772956 -3.6753536379352463, 46.87303861489017 -3.672625248956826, 46.86889939695939 -3.6698958513603337, 46.86476084206431 -3.667165448514065, 46.860622948332 -3.664434043786311, 46.85648571388955 -3.6617016405453673, 46.852349136862166 -3.658968242158338, 46.84821321536721 -3.6562338519872872, 46.84407794751993 -3.653498473392946, 46.839943331435535 -3.650762109736039, 46.83580936522928 -3.648024764377294, 46.831676047014916 -3.64528644067651, 46.82754337489845 -3.6425471419886564, 46.82341134698339 -3.6398068716671452, 46.81927996137327 -3.637065633065391, 46.815149216171605 -3.6343234295368068, 46.811019109480696 -3.6315802644340707, 46.80688963939543 -3.6288361411052694, 46.80276080400771 -3.626091062896695, 46.798632601409516 -3.6233450331546395, 46.794505029692765 -3.6205980552253973, 46.79037808694848 -3.617850132454693, 46.78625177126046 -3.6151012681839436, 46.78212608070922 -3.6123514657525777, 46.77800101337523 -3.609600728500009, 46.773876567339016 -3.606849059765661, 46.76975274068029 -3.6040964628885224, 46.76562953147189 -3.6013429412036646, 46.761506937782904 -3.5985884980440397, 46.757384957682405 -3.595833136742576, 46.75326358923943 -3.5930768606322023, 46.74914283052246 -3.590319673045521, 46.745022679593454 -3.587561577311452, 46.74090313451031 -3.5848025767566063, 46.73678419333082 -3.582042674707562, 46.7326658541128 -3.579281874490896, 46.72854811491364 -3.576520179432938, 46.724430973784514 -3.573757592856669, 46.72031442877216 -3.5709941180826514, 46.71619847792328 -3.5682297584314, 46.7120831192845 -3.5654645172234276, 46.70796835090215 -3.5626983977790614, 46.703854170816726 -3.559931403415582, 46.69974057706395 -3.5571635374477713, 46.695627567679466 -3.5543948031903367, 46.69151514069886 -3.5516252039579905, 46.68740329415748 -3.5488547430653012, 46.6832920260852 -3.546083423824082, 46.67918133450684 -3.5433112495436014, 46.67507121744711 -3.540538223533031, 46.670961672930616 -3.5377643491015367, 46.666852698981806 -3.5349896295581917, 46.66274429362003 -3.532214068209582, 46.65863645485928 -3.5294376683597273, 46.6545291807134 -3.5266604333125326, 46.65042246919616 -3.523882366371899, 46.64631631832119 -3.521103470841653, 46.64221072609732 -3.518323750023411, 46.63810569052787 -3.5155432072162403, 46.63400120961584 -3.512761845719067, 46.62989728136424 -3.5099796688308222, 46.62579390377594 -3.5071966798503778, 46.62169107484937 -3.504412882074601, 46.617588792577244 -3.501628278797815, 46.6134870549519 -3.4988428733141776, 46.60938585996574 -3.4960566689178565, 46.60528520561099 -3.49326966890297, 46.60118508987569 -3.4904818765618963, 46.59708551074197 -3.4876932951846045, 46.59298646619156 -3.4849039280608864, 46.58888795420617 -3.4821137784805343, 46.58478997276743 -3.4793228497333115, 46.58069251985301 -3.4765311451074226, 46.57659559343454 -3.4737386678887305, 46.572499191483224 -3.4709454213629174, 46.56840331197023 -3.4681514088156575, 46.56430795286666 -3.465356633532605, 46.56021311213986 -3.462561098798029, 46.55611878775109 -3.4597648078939605, 46.552024977661084 -3.4569677641022385, 46.54793167983054 -3.4541699707046933, 46.54383889222012 -3.4513714309831403, 46.53974661278692 -3.448572148218176, 46.53565483948188 -3.445772125688297, 46.53156357025527 -3.4429713666717907, 46.527472803057506 -3.4401698744469527, 46.52338253583879 -3.4373676522920573, 46.519292766546045 -3.434564703484309, 46.51520349311989 -3.4317610312989624, 46.511114713500355 -3.428956639011068, 46.507026425627416 -3.426151529895671, 46.502938627441054 -3.4233457072278144, 46.49885131687797 -3.420539174281596, 46.49476449186856 -3.417731934329325, 46.49067815034256 -3.4149239906431137, 46.48659229022975 -3.4121153464950744, 46.48250690945982 -3.4093060051573096, 46.47842200595928 -3.406495969901107, 46.47433757764843 -3.403685243996137, 46.470253622446776 -3.400873830711887, 46.46617013827387 -3.398061733317841, 46.462087123049194 -3.395248955083477, 46.458004574689184 -3.392435499277569, 46.45392249110398 -3.389621369167452, 46.449840870202955 -3.3868065680202895, 46.44575970989552 -3.3839910991032496, 46.441679008091015 -3.381174965683491, 46.437598762695764 -3.3783581710275774, 46.43351897160981 -3.3755407184008503, 46.429439632732446 -3.3727226110685002, 46.425360743962926 -3.369903852295712, 46.42128230320052 -3.3670844453476763, 46.41720430834142 -3.3642643934890755, 46.41312675727564 -3.36144369998356, 46.40904964789241 -3.3586223680946543, 46.404972978080934 -3.3558004010858777, 46.4008967457304 -3.352977802220753, 46.39682094872701 -3.3501545747623895, 46.39274558495072 -3.347330721973057, 46.38867065228076 -3.3445062471149263, 46.38459614859633 -3.3416811534501623, 46.380522071776625 -3.3388554442409295, 46.376448419697795 -3.3360291227490837, 46.37237519022983 -3.3332021922358472, 46.368302381241975 -3.3303746559623675, 46.36422999060347 -3.327546517189794, 46.36015801618355 -3.324717779179272, 46.35608645584833 -3.3218884451917288, 46.352015307457876 -3.319058518487671, 46.347944568871505 -3.3162280023275494, 46.3438742379485 -3.3133968999718144, 46.339804312548196 -3.3105652146809224, 46.33573479052669 -3.307732949715207, 46.33166566973411 -3.3049001083347944, 46.327596948019874 -3.302066693799787, 46.32352862323339 -3.299232709370282, 46.31946069322407 -3.296398158306383, 46.31539315583804 -3.2935630438681844, 46.31132600891551 -3.2907273693157766, 46.30725925029602 -3.2878911379092512, 46.30319287781915 -3.285054352908696, 46.29912688932439 -3.282217017574201, 46.29506128264792 -3.279379135165967, 46.29099605562003 -3.2765407089443777, 46.286931206070484 -3.273701742169834, 46.28286673182899 -3.2708622381027417, 46.27880263072526 -3.268022200003506, 46.27473890058541 -3.265181631132794, 46.27067553922988 -3.262340534751704, 46.26661254447854 -3.2594989141213673, 46.26254991415131 -3.256656772502917, 46.25848764606799 -3.2538141131574956, 46.25442573804471 -3.2509709393466544, 46.25036418789198 -3.2481272543325597, 46.24630299341989 -3.245283061377432, 46.24224215243846 -3.242438363743488, 46.2381816627577 -3.23959316469296, 46.23412152218369 -3.236747467488601, 46.2300617285172 -3.2339012753938863, 46.22600227955856 -3.2310545916723425, 46.221943173108144 -3.2282074195874952, 46.2178844069662 -3.225359762402892, 46.2138259789288 -3.222511623382834, 46.20976788678688 -3.219663005792558, 46.20571012833102 -3.2168139128973583, 46.2016527013518 -3.2139643479625306, 46.19759560363968 -3.211114314253404, 46.193538832980664 -3.2082638150362555, 46.189482387155905 -3.20541285357843, 46.185426263946276 -3.2025614331473236, 46.1813704611326 -3.19970955701033, 46.17731497649557 -3.196857228434902, 46.17325980781115 -3.194004450689683, 46.16920495285066 -3.1911512270445015, 46.16515040938527 -3.188297560769236, 46.161096175186096 -3.1854434551337647, 46.15704224802399 -3.1825889134080487, 46.15298862566487 -3.1797339388635004, 46.14893530587029 -3.1768785347727975, 46.14488228640168 -3.174022704408662, 46.140829565020475 -3.171166451043814, 46.13677713948771 -3.1683097779510923, 46.132725007559216 -3.1654526884051046, 46.12867316698676 -3.162595185681777, 46.12462161552206 -3.1597372730570705, 46.120570350916836 -3.156878953806948, 46.116519370922305 -3.1540202312075465, 46.112468673284155 -3.1511611085370363, 46.10841825574448 -3.1483015890749075, 46.10436811604532 -3.145441676100664, 46.10031825192874 -3.1425813728938143, 46.096268661136136 -3.1397206827341395, 46.09221934140293 -3.1368596089039764, 46.08817029046134 -3.133998154687046, 46.08412150604354 -3.1311363233670826, 46.080072985881685 -3.128274118227819, 46.076024727707136 -3.1254115425533517, 46.07197672924519 -3.1225485996304583, 46.067928988218426 -3.1196852927471124, 46.06388150234938 -3.1168216251912995, 46.05983426936063 -3.113957600251003, 46.05578728697363 -3.111093221214727, 46.05174055290361 -3.1082284913740543, 46.04769406486342 -3.1053634140216873, 46.04364782056595 -3.1024979924503295, 46.0396018177241 -3.0996322299526904, 46.03555605404933 -3.09676612982221, 46.031510527246695 -3.0938996953557676, 46.027465235019356 -3.0910329298512482, 46.02342017507048 -3.088165836606529, 46.01937534510322 -3.0852984189194927, 46.01533074281894 -3.082430680089034, 46.011286365912575 -3.0795626234177447, 46.007242212077585 -3.07669425220906, 46.003198279007385 -3.073825569766407, 45.999154564395425 -3.07095657939322, 45.99511106593292 -3.0680872843943208, 45.99106778130466 -3.065217688078429, 45.98702470819436 -3.062347793754944, 45.98298184428577 -3.0594776047332664, 45.97893918726255 -3.056607124322807, 45.9748967348056 -3.0537363558348165, 45.970854484589694 -3.05086530258454, 45.96681243428883 -3.047993967887739, 45.96277058157697 -3.0451223550601703, 45.958728924128074 -3.042250467417635, 45.9546874596126 -3.0393783082783274, 45.95064618569532 -3.036505880964433, 45.94660510004047 -3.0336331887985124, 45.94256420031226 -3.030760235103122, 45.93852348417479 -3.027887023200905, 45.93448294928806 -3.0250135564175102, 45.93044259330692 -3.022139838082394, 45.92640241388587 -3.019265871525257, 45.9223624086794 -3.016391660075799, 45.918322575341755 -3.013517207063901, 45.914282911522314 -3.0106425158233816, 45.91024341486565 -3.0077675896918086, 45.90620408301621 -3.0048924320069004, 45.9021649136184 -3.0020170461063787, 45.89812590431627 -2.9991414353282826, 45.89408705274852 -2.99626560301492, 45.890048356550125 -2.993389552511645, 45.886009813355955 -2.9905132871638735, 45.88197142080089 -2.98763681031702, 45.87793317651911 -2.9847601253170937, 45.8738950781388 -2.981883235515287, 45.86985712328502 -2.9790061442654876, 45.865819309582804 -2.97612885492161, 45.8617816346572 -2.9732513708375645, 45.85774409613213 -2.9703736953682394, 45.85370669162518 -2.967495831874304, 45.84966941875153 -2.96461778371856, 45.84563227512642 -2.9617395542638136, 45.84159525836502 -2.9588611468728687, 45.83755836608092 -2.9559825649100735, 45.83352159588108 -2.953103811745999, 45.829484945370886 -2.9502248907527875, 45.82544841215565 -2.9473458053025783, 45.82141199384071 -2.94446655876752, 45.81737568802905 -2.9415871545220935, 45.81333949231719 -2.938707595947142, 45.809303404300614 -2.935827886424582, 45.80526742157477 -2.9329480293363273, 45.801231541735085 -2.930068028064325, 45.79719576237372 -2.9271878859938716, 45.793160081076905 -2.924307606516438, 45.78912449543017 -2.9214271930241607, 45.78508900301908 -2.918546648909174, 45.781053601429036 -2.9156659775637372, 45.777018288241294 -2.9127851823846314, 45.77298306103182 -2.909904266774307, 45.7689479173762 -2.9070232341355684, 45.76491285485007 -2.904142087871229, 45.760877871028754 -2.9012608313844255, 45.756842963482406 -2.898379468084026, 45.752808129776895 -2.895498001383772, 45.74877336747788 -2.8926164346975534, 45.74473867415105 -2.8897347714392634, 45.740704047361454 -2.8868530150235436, 45.73666948466795 -2.88397116887228, 45.73263498362587 -2.881089236411435, 45.728600541790556 -2.878207221067021, 45.7245661567173 -2.8753251262650457, 45.72053182596038 -2.872442955432819, 45.716497547067696 -2.869560712005174, 45.71246331758494 -2.866678399419635, 45.70842913505777 -2.863796021113733, 45.70439499703188 -2.8609135805249983, 45.700360901051056 -2.85803108109335, 45.69632684465232 -2.8551485262670777, 45.69229282537126 -2.8522659194962934, 45.688258840743465 -2.84938326423111, 45.684224888304506 -2.8465005639216665, 45.680190965587 -2.8436178220219017, 45.67615707011728 -2.8407350419938484, 45.67212319942089 -2.8378522273005804, 45.66808935102335 -2.834969381405166, 45.66405552245009 -2.832086507770815, 45.66002171122239 -2.8292036098662727, 45.65598791485605 -2.8263206911675685, 45.651954130866514 -2.8234377551512275, 45.64792035676922 -2.8205548052937797, 45.64388659007925 -2.817671845072198, 45.63985282830641 -2.8147888779708046, 45.63581906895612 -2.8119059074798884, 45.63178530953366 -2.8090229370899134, 45.62775154754436 -2.8061399702913463, 45.62371778049277 -2.803257010575741, 45.61968400587712 -2.800374061443568, 45.6156502211926 -2.7974911263996676, 45.61161642393437 -2.794608208948902, 45.607582611597614 -2.791725312596136, 45.60354878167594 -2.7888424408484735, 45.59951493165621 -2.785959597222954, 45.59548105902335 -2.783076785239389, 45.59144716126232 -2.780194008417593, 45.58741323585807 -2.7773112702773872, 45.5833792802929 -2.7744285743425805, 45.5793452920426 -2.7715459241467766, 45.575311268582034 -2.7686633232250526, 45.571277207386 -2.765780775112483, 45.56724310592924 -2.7628982833442923, 45.56320896168222 -2.7600158514623048, 45.55917477210947 -2.7571334830175407, 45.55514053467503 -2.7542511815616955, 45.55110624684299 -2.7513689506464654, 45.547071906077086 -2.7484867938240862, 45.54303750983581 -2.7456047146552014, 45.5390030555735 -2.742722716707141, 45.534968540744366 -2.7398408035474238, 45.53093396280262 -2.736958978743564, 45.526899319201576 -2.7340772458645626, 45.522864607388016 -2.731195608490131, 45.51882982480587 -2.728314070204671, 45.514794968899054 -2.7254326345926003, 45.51076003711148 -2.7225513052383454, 45.50672502688518 -2.719670085729536, 45.502689935655255 -2.7167889796653943, 45.49865476085533 -2.7139079906477557, 45.494619499919 -2.7110271222784545, 45.49058415027979 -2.7081463781593778, 45.4865487093679 -2.7052657618982754, 45.48251317460726 -2.702385277113739, 45.47847754342107 -2.699504927425542, 45.4744418132326 -2.696624716453455, 45.47040598146484 -2.6937446478176463, 45.46637004553577 -2.6908647251472, 45.4623340028585 -2.6879849520799675, 45.45829785084586 -2.6851053322541674, 45.454261586910704 -2.6822258693080228, 45.45022520846516 -2.6793465668810974, 45.44618871291498 -2.676467428624581, 45.44215209766265 -2.673588458195623, 45.43811536011062 -2.670709659251419, 45.43407849766133 -2.6678310354491614, 45.430041507715494 -2.6649525904493427, 45.42600438766684 -2.662074327925474, 45.42196713490736 -2.659196251554284, 45.417929746829074 -2.6563183650125075, 45.41389222082395 -2.653440671976933, 45.40985455428062 -2.650563176130798, 45.40581674458139 -2.64768588116944, 45.4017787891079 -2.6448087907895297, 45.39774068524181 -2.6419319086877415, 45.39370243036444 -2.6390552385612573, 45.389664021851836 -2.6361787841176634, 45.38562545707509 -2.6333025490742297, 45.38158673340506 -2.630426537148592, 45.37754784821264 -2.627550752058387, 45.37350879886781 -2.6246751975230715, 45.3694695827338 -2.621799877275567, 45.365430197170866 -2.6189247950548458, 45.36139063953922 -2.6160499545999114, 45.3573509071991 -2.6131753596497673, 45.35331099750862 -2.6103010139477982, 45.34927090781926 -2.6074269212513004, 45.345230635481165 -2.6045530853203207, 45.3411901778445 -2.601679509914904, 45.33714953225937 -2.5988061987952786, 45.33310869607163 -2.595933155730403, 45.329067666621306 -2.593060384501761, 45.32502644124788 -2.5901878888917973, 45.32098501729089 -2.587315672682959, 45.31694339208931 -2.584443739658757, 45.31290156297622 -2.5815720936156237, 45.30885952728069 -2.57870073835859, 45.30481728233172 -2.5758296776928478, 45.30077482545831 -2.572958915423584, 45.29673215398792 -2.5700884553593655, 45.292689265241016 -2.5672183013242904, 45.288646156536025 -2.564348457146912, 45.28460282519139 -2.561478926655788, 45.280559268525494 -2.5586097136795427, 45.276515483853366 -2.555740822054489, 45.272471468483566 -2.5528722556314807, 45.268427219723996 -2.550004018262997, 45.2643827348825 -2.547136113801511, 45.26033801126665 -2.544268546100265, 45.25629304617841 -2.541401319025298, 45.252247836915274 -2.5385344364532525, 45.24820238077452 -2.5356679022610886, 45.244156675053446 -2.5328017203257662, 45.24011071704809 -2.5299358945272155, 45.236064504047555 -2.5270704287618395, 45.232018033338534 -2.5242053269317126, 45.227971302207706 -2.5213405929389134, 45.22392430794173 -2.518476230685568, 45.219877047824234 -2.5156122440813125, 45.21582951913224 -2.5127486370516783, 45.211781719142024 -2.5098854135242274, 45.207733645129785 -2.507022577426517, 45.20368529437145 -2.504160132686861, 45.19963666413729 -2.501298083247339, 45.195587751692635 -2.4984364330620146, 45.191538554302696 -2.4955751860853534, 45.18748906923263 -2.4927143462718235, 45.183439293746375 -2.489853917579072, 45.179389225100984 -2.4869939039822864, 45.1753388605511 -2.484134309462656, 45.17128819735144 -2.48127513800138, 45.16723723275663 -2.4784163935797205, 45.163185964018126 -2.4755580801872887, 45.15913438838118 -2.4727002018302637, 45.15508250309022 -2.4698427625167807, 45.15103030538971 -2.4669857662549712, 45.14697779252372 -2.4641292170539693, 45.142924961730635 -2.4612731189380517, 45.13887181024432 -2.4584174759432043, 45.134818335298604 -2.4555622921057223, 45.13076453412731 -2.4527075714619033, 45.12671040396265 -2.44985331805227, 45.12265594202988 -2.4469995359363765, 45.11860114555229 -2.444146229179133, 45.114546011753134 -2.4412934018454417, 45.11049053785564 -2.438441058000385, 45.10643472107916 -2.435589201719842, 45.102378558636936 -2.432737837096509, 45.09832204774173 -2.429886968224547, 45.09426518560628 -2.427036599198112, 45.0902079694427 -2.424186734113135, 45.08615039645687 -2.4213373770833035, 45.0820924638511 -2.4184885322325207, 45.078034168827585 -2.415640203684813, 45.07397550858859 -2.412792395564216, 45.06991648033405 -2.4099451120013984, 45.065857081257036 -2.407098357147094, 45.06179730854931 -2.4042521351558164, 45.05773715940261 -2.401406450182073, 45.05367663100851 -2.398561306380971, 45.04961572055363 -2.395716707922278, 45.045554425219535 -2.3928726589909153, 45.041492742187515 -2.390029163772505, 45.03743066863887 -2.387186226452672, 45.03336820175371 -2.3843438512207342, 45.0293053387053 -2.3815020422868005, 45.02524207666453 -2.3786608038682315, 45.02117841280227 -2.375820140182395, 45.01711434428939 -2.3729800554468046, 45.013049868293166 -2.3701405538901303, 45.008984981974685 -2.3673016397602, 45.004919682494524 -2.3644633173067344, 45.00085396701319 -2.3616255907794477, 44.99678783269057 -2.35878846443009, 44.99272127667999 -2.355951942530617, 44.98865429613104 -2.35311602936455, 44.984586888193284 -2.3502807292155508, 44.980519050016284 -2.3474460463672937, 44.97645077874725 -2.344611985111336, 44.972382071527235 -2.3417785497604324, 44.968312925496214 -2.338945744630866, 44.96424333779417 -2.3361135740389187, 44.960173305560815 -2.3332820423019114, 44.95610282593046 -2.330451153755056, 44.952031896032864 -2.327620912748636, 44.9479605129977 -2.3247913236334083, 44.94388867395463 -2.3219623907601306, 44.93981637603158 -2.319134118485453, 44.93574361634974 -2.3163065111893006, 44.93167039202863 -2.3134795732573323, 44.92759670018776 -2.3106533090752075, 44.92352253794651 -2.3078277230291353, 44.91944790241971 -2.3050028195212837, 44.915372790717065 -2.3021786029719444, 44.91129719994802 -2.299355077802393, 44.90722112722195 -2.2965322484339015, 44.90314456964708 -2.293710119292239, 44.89906752432498 -2.29088869482705, 44.89498998835505 -2.2880679794958705, 44.890911958836696 -2.28524797775624, 44.88683343286924 -2.282428694066011, 44.88275440754808 -2.279610132897574, 44.878674879963114 -2.2767922987438456, 44.87459484720381 -2.273975196099287, 44.870514306359624 -2.2711588294583573, 44.86643325451907 -2.2683432033192257, 44.86235168876433 -2.265528322204236, 44.858269606174986 -2.26271419064542, 44.85418700383067 -2.2599008131748426, 44.85010387881094 -2.257088194324769, 44.84602022819182 -2.2542763386412403, 44.84193604904373 -2.2514652506925477, 44.83785133843654 -2.2486549350489984, 44.833766093440104 -2.245845396280899, 44.82968031112346 -2.243036638961949, 44.82559398854951 -2.240228667690497, 44.82150712277845 -2.237421487075793, 44.817419710870446 -2.234615101727136, 44.813331749885634 -2.2318095162539997, 44.80924323688089 -2.2290047352795757, 44.80515416890751 -2.226200763450326, 44.80106454301625 -2.2233976054149642, 44.79697435625791 -2.2205952658222077, 44.79288360568237 -2.217793749324334, 44.78879228833312 -2.214993060599725, 44.78470040125082 -2.212193204338372, 44.78060794147609 -2.2093941852303174, 44.776514906049506 -2.2065960079658042, 44.77242129200857 -2.2037986772494333, 44.768327096385676 -2.2010021978092076, 44.76423231621272 -2.1982065743752903, 44.76013694852162 -2.1954118116778454, 44.756040990343436 -2.1926179144510556, 44.75194443870331 -2.1898248874557997, 44.747847290624044 -2.187032735463843, 44.74374954312841 -2.1842414632469795, 44.739651193239084 -2.1814510755773355, 44.73555223797527 -2.1786615772435236, 44.7314526743511 -2.175872973057857, 44.727352499380295 -2.1730852678344887, 44.723251710076624 -2.1702984663875737, 44.719150303452736 -2.16751257353645, 44.715048276515475 -2.1647275941287276, 44.71094562626972 -2.161943533021594, 44.70684234972031 -2.159160395072242, 44.70273844387201 -2.156378185138501, 44.69863390572571 -2.153596908097532, 44.69452873227779 -2.150816568848993, 44.69042292052444 -2.1480371722938116, 44.68631646746178 -2.1452587233329115, 44.68220937008458 -2.1424812268745113, 44.67810162538189 -2.139704687856455, 44.67399323034132 -2.136929111224103, 44.669884181950444 -2.1341545019228154, 44.665774477196656 -2.1313808648992514, 44.661664113063026 -2.128608205123239, 44.65755308652891 -2.1258365275846143, 44.653441394573534 -2.1230658372738738, 44.649329034176155 -2.1202961391815256, 44.645216002314065 -2.1175274383089238, 44.64110229595926 -2.1147597396872895, 44.63698791208277 -2.11199304835294, 44.63287284765567 -2.109227369342195, 44.62875709964858 -2.1064627076940834, 44.62464066502734 -2.103699068475187, 44.62052354075513 -2.1009364567681605, 44.616405723795 -2.0981748776558513, 44.61228721111001 -2.095414336221304, 44.608167999660566 -2.092654837563746, 44.60404808640242 -2.0898963868104805, 44.59992746829089 -2.087138989091621, 44.59580614228128 -2.08438264953728, 44.591684105328035 -2.0816273732831245, 44.587561354380675 -2.078873165496123, 44.583437886387095 -2.076120031354203, 44.579313698295074 -2.0733679760352985, 44.575188787052326 -2.0706170047183092, 44.57106314960295 -2.0678671226053704, 44.56693678288733 -2.065118334922416, 44.56280968384572 -2.0623706468964627, 44.55868184941834 -2.0596240637545344, 44.55455327654382 -2.056878590734704, 44.5504239621561 -2.0541342331075567, 44.54629390318822 -2.051390996149624, 44.54216309657324 -2.0486488851374363, 44.538031539243846 -2.045907905350662, 44.53389922812883 -2.043168062098659, 44.529766160154935 -2.04042936070717, 44.52563233224884 -2.0376918065021097, 44.521497741337186 -2.0349554048097724, 44.51736238434406 -2.0322201609760406, 44.51322625818982 -2.0294860803754826, 44.50908935979448 -2.0267531683849436, 44.5049516860781 -2.024021430381267, 44.50081323395968 -2.0212908717497067, 44.49667400035413 -2.01856149790979, 44.49253398217522 -2.0158333142897815, 44.48839317633676 -2.0131063263179425, 44.4842515797523 -2.0103805394248293, 44.48010918933207 -2.007655959070267, 44.475966001983934 -2.0049325907342896, 44.4718220146157 -2.0022104398973304, 44.46767722413524 -1.9994895120400626, 44.463531627448376 -1.9967698126614721, 44.45938522145762 -1.9940513472918113, 44.455238003065155 -1.9913341214643914, 44.45108996917318 -1.9886181407125207, 44.446941116683064 -1.9859034105774707, 44.44279144249266 -1.9831899366361525, 44.43864094349882 -1.9804777244754372, 44.434489616598384 -1.9777667796821967, 44.430337458687994 -1.9750571078456398, 44.42618446666148 -1.9723487145852905, 44.42203063741076 -1.9696416055418573, 44.41787596782765 -1.9669357863564876, 44.413720454803986 -1.9642312626706202, 44.40956409522993 -1.9615280401455553, 44.40540688599292 -1.9588261244745173, 44.40124882398015 -1.9561255213536166, 44.397089906078804 -1.9534262364789674, 44.39293012917537 -1.9507282755562776, 44.38876949015342 -1.9480316443283512, 44.38460798589591 -1.9453363485469632, 44.380445613285715 -1.9426423939638826, 44.37628236920555 -1.939949786334271, 44.372118250535735 -1.9372585314468607, 44.367953254155324 -1.9345686351095495, 44.36378737694331 -1.9318801031304593, 44.35962061577865 -1.9291929413184283, 44.355452967538824 -1.9265071555067572, 44.351284429099444 -1.9238227515587678, 44.347114997336 -1.9211397353396222, 44.342944669123995 -1.9184581127145082, 44.33877344133816 -1.9157778895627728, 44.33460131085124 -1.9130990718011955, 44.330428274535606 -1.910421665352665, 44.32625432926367 -1.9077456761400766, 44.32207947190755 -1.9050711100926814, 44.31790369933759 -1.902397973177705, 44.31372700842355 -1.899726271376407, 44.30954939603514 -1.897056010670066, 44.305370859042 -1.8943871970421557, 44.301191394312355 -1.891719836508436, 44.29701099871341 -1.8890539351092241, 44.29282966911226 -1.8863894988854497, 44.28864740237604 -1.8837265338784697, 44.28446419537139 -1.8810650461521679, 44.28028004496415 -1.8784050418038223, 44.276094948020166 -1.875746526933418, 44.27190890140523 -1.873089507640946, 44.26772190198484 -1.870433990039953, 44.26353394662363 -1.8677799802837072, 44.25934503218604 -1.8651274845327097, 44.25515515553651 -1.8624765089474664, 44.25096431353939 -1.8598270596951418, 44.24677250305855 -1.8571791429825992, 44.24257972095767 -1.854532765031349, 44.23838596410043 -1.8518879320629222, 44.23419122935045 -1.84924465030156, 44.22999551357126 -1.8466029260061354, 44.225798813626234 -1.8439627654594215, 44.221601126378765 -1.8413241749446647, 44.21740244869221 -1.8386871607459043, 44.2132027774301 -1.836051729173976, 44.20900210945602 -1.8334178865724802, 44.20480044163365 -1.8307856392870163, 44.20059777082659 -1.828154993663283, 44.196394093898704 -1.8255259560653518, 44.19218940771439 -1.8228985328967053, 44.18798370913804 -1.8202727305659192, 44.1837769950341 -1.8176485554815696, 44.179569262267236 -1.8150260140632912, 44.17536050770305 -1.8124051127731013, 44.17115072820731 -1.8097858580831774, 44.16693992064584 -1.8071682564656948, 44.162728081884616 -1.8045523143988016, 44.15851520879086 -1.8019380384016388, 44.154301298232326 -1.7993254350105463, 44.150086347076765 -1.7967145107619225, 44.145870352192034 -1.7941052721950235, 44.141653310447445 -1.7914977258854778, 44.13743521871329 -1.7888918784339993, 44.1332160738599 -1.7862877364418026, 44.12899587275761 -1.7836853065112237, 44.1247746122783 -1.7810845952746626, 44.120552289295375 -1.7784856093971126, 44.116328900682355 -1.7758883555451939, 44.112104443312774 -1.7732928403858412, 44.10787891406148 -1.7706990706092174, 44.103652309805625 -1.7681070529442526, 44.09942462742256 -1.7655167941235599, 44.09519586378963 -1.762928300879789, 44.090966015785305 -1.7603415799623692, 44.086735080290985 -1.7577566381636895, 44.08250305418854 -1.7551734822829148, 44.07826993435981 -1.7525921191192086, 44.07403571768753 -1.7500125554831378, 44.06980040105792 -1.747434798230003, 44.06556398135802 -1.7448588542260772, 44.06132645547488 -1.742284730337638, 44.057087820296196 -1.7397124334383929, 44.05284807271354 -1.7371419704460802, 44.048607209619846 -1.7345733482945924, 44.04436522790808 -1.732006573917842, 44.04012212447167 -1.7294416542544162, 44.03587789620809 -1.726878596284448, 44.03163254001691 -1.7243174070098355, 44.02738605279772 -1.7217580934326682, 44.02313843145045 -1.7192006625578469, 44.01888967287909 -1.7166451214282465, 44.01463977399057 -1.7140914771140412, 44.010388731691855 -1.7115397366860001, 44.00613654289017 -1.708989907216491, 44.00188320449668 -1.7064419958117627, 43.997628713426465 -1.7038960096104239, 43.99337306659468 -1.7013519557523753, 43.98911626091666 -1.698809841378374, 43.98485829331143 -1.6962696736590017, 43.98059916070275 -1.6937314598017708, 43.9763388600146 -1.6911952070164904, 43.972077388171044 -1.6886609225133768, 43.96781474209983 -1.6861286135282576, 43.96355091873443 -1.683598287337213, 43.959285915008806 -1.6810699512198495, 43.955019727856985 -1.6785436124559503, 43.9507523542163 -1.6760192783474017, 43.94648379103059 -1.6734969562393471, 43.942214035244476 -1.6709766534819497, 43.937943083802566 -1.668458377425436, 43.933670933652564 -1.6659421354389692, 43.92939758174951 -1.6634279349370111, 43.925123025049544 -1.6609157833406545, 43.92084726050878 -1.6584056880710065, 43.9165702850862 -1.6558976565654884, 43.91229209574886 -1.653391696308226, 43.908012689465295 -1.6508878147916584, 43.903732063204046 -1.6483860195082294, 43.89945021393625 -1.6458863179645609, 43.89516713864191 -1.6433887177148319, 43.89088283430288 -1.640893226323183, 43.886597297901005 -1.6383998513537508, 43.882310526420625 -1.635908600383211, 43.87802251685557 -1.6334194810362603, 43.873733266201945 -1.630932500949084, 43.86944277145587 -1.6284476677578674, 43.86515102961586 -1.6259649891101247, 43.86085803769054 -1.6234844727015876, 43.85656379269121 -1.621006126240824, 43.85226829162926 -1.6185299574363998, 43.84797153151833 -1.6160559740073588, 43.843673509382896 -1.6135841837210336, 43.8393742222505 -1.6111145943586511, 43.83507366714869 -1.6086472137014398, 43.830771841107406 -1.6061820495405916, 43.826468741167936 -1.6037191097156296, 43.822164364375105 -1.601258402080722, 43.81785870777368 -1.5987999344900399, 43.8135517684109 -1.5963437148074873, 43.809243543346035 -1.593889750945377, 43.80493402964217 -1.5914380508310506, 43.80062322436237 -1.588988622391848, 43.79631112457226 -1.5865414735649044, 43.791997727350285 -1.5840966123359317, 43.78768302977883 -1.5816540467056708, 43.7833670289403 -1.579213784674867, 43.77904972191986 -1.5767758342544012, 43.774731105816294 -1.574340203503915, 43.770411177732434 -1.571906900497708, 43.766089934771095 -1.56947593331008, 43.76176737403825 -1.5670473100261142, 43.75744349265421 -1.5646210387799224, 43.75311828774329 -1.5621971277195366, 43.74879175642991 -1.5597755849929913, 43.744463895842024 -1.5573564187600932, 43.740134703122706 -1.5549396372298534, 43.73580417541904 -1.5525252486241388, 43.73147230987803 -1.5501132611648165, 43.72713910365101 -1.5477036830869122, 43.722804553905135 -1.5452965226746924, 43.71846865781128 -1.5428917882239435, 43.71413141254038 -1.5404894880304534, 43.70979281526838 -1.5380896304050145, 43.705452863187844 -1.5356922237074107, 43.70111155349469 -1.5332972763074015, 43.69676888338487 -1.5309047965747735, 43.692424850060476 -1.528514792896666, 43.68807945074074 -1.5261272737084792, 43.68373268264788 -1.5237422474539397, 43.6793845430041 -1.5213597225768498, 43.67503502903917 -1.518979707541277, 43.67068413800031 -1.5166022108582753, 43.666331867137195 -1.5142272410455353, 43.6619782136996 -1.511854806620962, 43.657623174946515 -1.5094849161261654, 43.65326674815445 -1.5071175781476893, 43.648908930601884 -1.5047528012770912, 43.644549719567465 -1.5023905941064148, 43.64018911234113 -1.5000309652553614, 43.63582710622994 -1.497673923385742, 43.63146369854241 -1.495319477162907, 43.627098886587504 -1.4929676352531793, 43.62273266768776 -1.49061840635486, 43.61836503918214 -1.4882717992046413, 43.613995998410516 -1.4859278225414807, 43.60962554271362 -1.483586485106151, 43.605253669448444 -1.4812477956759218, 43.60088037598702 -1.4789117630619122, 43.596505659702 -1.4765783960765244, 43.592129517967436 -1.474247703535301, 43.587751948176496 -1.4719196942946566, 43.58337294773563 -1.4695943772395932, 43.57899251405158 -1.467271761255697, 43.574610644533564 -1.4649518552337304, 43.57022733661263 -1.4626346681091544, 43.56584258773086 -1.4603202088402802, 43.56145639533051 -1.458008486385604, 43.557068756857895 -1.4556995097117902, 43.55267966978352 -1.4533932878328557, 43.5482891315865 -1.4510898297798436, 43.54389713974595 -1.448789144583821, 43.539503691747626 -1.4464912412882744, 43.5351087851028 -1.4441961289848047, 43.53071241732897 -1.441903816776668, 43.52631458594366 -1.4396143137671586, 43.521915288474425 -1.4373276290777157, 43.51751452247456 -1.4350437718760747, 43.51311228550136 -1.4327627513372492, 43.50870857511235 -1.4304845766365877, 43.504303388879464 -1.428209256974383, 43.499896724399 -1.4259368015928882, 43.49548857926963 -1.4236672197383808, 43.49107895109067 -1.4214005206582958, 43.486667837480944 -1.4191367136322461, 43.482255236080796 -1.4168758079753978, 43.47784114453172 -1.4146178130047533, 43.47342556047698 -1.4123627380402217, 43.46900848158455 -1.4101105924406099, 43.464589905539825 -1.4078613855924513, 43.46016983002871 -1.405615126882879, 43.455748252741 -1.4033718257050574, 43.451325171395574 -1.4011314914960704, 43.446900583724144 -1.3988941337124383, 43.44247448745851 -1.3966597618107648, 43.43804688033809 -1.3944283852587216, 43.433617760134 -1.3922000135698127, 43.42918712462554 -1.3899746562694, 43.42475497159208 -1.387752322882911, 43.42032129882624 -1.385533022954155, 43.41588610415194 -1.3833167660702435, 43.41144938539764 -1.381103561824524, 43.407011140392214 -1.3788934198109635, 43.402571366984986 -1.3766863496505217, 43.39813006305313 -1.3744823610010382, 43.393687226475876 -1.3722814635230123, 43.38924285513417 -1.3700836668791971, 43.38479694693694 -1.3678889807676187, 43.38034949981518 -1.3656974149142331, 43.375900511700515 -1.3635089790457586, 43.37144998052927 -1.3613236828946056, 43.366997904271976 -1.3591415362344983, 43.36254428091426 -1.3569625488573767, 43.358089108441796 -1.3547867305552628, 43.353632384850435 -1.3526140911318836, 43.34917410817316 -1.3504446404337365, 43.34471427645142 -1.3482783883170886, 43.34025288772685 -1.3461153446383936, 43.335789940059655 -1.3439555192745258, 43.331325431544926 -1.341798922140675, 43.326859360281595 -1.3396455631562458, 43.32239172436985 -1.3374954522419586, 43.31792252193836 -1.3353485993483374, 43.313451751144015 -1.3332050144554866, 43.30897941014498 -1.3310647075447783, 43.30450549710366 -1.3289276886018726, 43.30003001021985 -1.326793967649611, 43.295552947712444 -1.3246635547299306, 43.29107430780052 -1.3225364598849276, 43.286594088713834 -1.3204126931667959, 43.28211228872393 -1.3182922646673285, 43.27762890611258 -1.316175184488016, 43.27314393916181 -1.3140614627305423, 43.268657386174766 -1.3119511095156378, 43.264169245493555 -1.3098441349990408, 43.259679515464434 -1.3077405493402465, 43.25518819443542 -1.3056403627002473, 43.25069528078796 -1.303543585268549, 43.24620077293352 -1.30145022726027, 43.24170466928462 -1.29936029889144, 43.237206968260075 -1.2972738103831358, 43.232707668322014 -1.2951907719914517, 43.22820676795098 -1.2931111939873392, 43.22370426562761 -1.2910350866418094, 43.21920015984821 -1.2889624602378476, 43.21469444915494 -1.2868933250934398, 43.2101871320983 -1.284827691532928, 43.20567820722954 -1.2827655698812022, 43.20116767312958 -1.2807069704845282, 43.19665552841805 -1.2786519037170156, 43.19214177171712 -1.2766003799546448, 43.18762640165322 -1.2745524095762364, 43.18310941689612 -1.272508002990001, 43.17859081614124 -1.2704671706215165, 43.17407059808434 -1.2684299228965825, 43.16954876143398 -1.2663962702491633, 43.16502530494903 -1.2643662231451893, 43.16050022740063 -1.2623397920584052, 43.15597352756032 -1.2603169874628135, 43.15144520422771 -1.2582978198490993, 43.146915256247155 -1.2562822997345935, 43.14238368246703 -1.2542704376390155, 43.137850481739235 -1.2522622440840405, 43.133315652960135 -1.2502577296160384, 43.12877919505658 -1.2482569047983096, 43.12424110695607 -1.2462597801944881, 43.11970138759847 -1.2442663663746096, 43.11516003597755 -1.2422766739365214, 43.110617051101755 -1.2402907134856203, 43.106072431979875 -1.2383084956274917, 43.101526177650044 -1.2363300309817034, 43.09697828719889 -1.234355330190989, 43.09242875971765 -1.2323844039002672, 43.087877594301425 -1.2304172627561614, 43.083324790093265 -1.2284539174263422, 43.07877034626843 -1.2264943785926543, 43.07421426200283 -1.224538656937209, 43.06965653648675 -1.2225867631478984, 43.06509716896817 -1.2206387079357808, 43.060536158709546 -1.2186945020177178, 43.05597350497394 -1.2167541561108082, 43.05140920705848 -1.2148176809445832, 43.04684326430998 -1.2128850872667627, 43.042275676079235 -1.2109563858265096, 43.03770644172259 -1.209031587374805, 43.03313556065034 -1.2071107026803418, 43.02856303230314 -1.2051937425217887, 43.023988856122074 -1.2032807176779323, 43.01941303156773 -1.2013716389332734, 43.014835558161494 -1.199466517090052, 43.0102564354365 -1.1975653629539433, 43.005675662927395 -1.1956681873310082, 43.00109324021144 -1.1937750010382475, 42.99650916691319 -1.1918858149048133, 42.99192344265966 -1.1900006397604888, 42.987336067087384 -1.1881194864371545, 42.98274703989444 -1.1862423657803227, 42.97815636080354 -1.1843692886409547, 42.97356402953767 -1.1825002658700599, 42.968970045849055 -1.180635308324107, 42.96437440955052 -1.1787744268708547, 42.959777120462405 -1.1769176323794588, 42.95517817840897 -1.1750649357196772, 42.950577583269094 -1.1732163477695527, 42.94597533496148 -1.1713718794131847, 42.94137143340586 -1.169531541534815, 42.93676587853965 -1.1676953450207668, 42.932158670367706 -1.1658633007652695, 42.92754980891079 -1.1640354196644216, 42.922939294190996 -1.16221171261443, 42.918327126274555 -1.1603921905151757, 42.913713305281824 -1.1585768642710412, 42.909097831336474 -1.156765744786684, 42.90448070457217 -1.1549588429672566, 42.89986192518969 -1.153156169721207, 42.89524149341718 -1.1513577359583325, 42.89061940948319 -1.1495635525884405, 42.885995673649546 -1.1477736305218473, 42.88137028624325 -1.1459879806698687, 42.87674324759889 -1.1442066139439382, 42.872114558056396 -1.1424295412553893, 42.86748421801772 -1.1406567735144222, 42.86285222792478 -1.1388883216305083, 42.85821858822014 -1.1371241965131043, 42.85358329937022 -1.1353644090704316, 42.84894636191357 -1.1336089702069556, 42.84430777640238 -1.1318578908264338, 42.83966754339155 -1.1301111818323992, 42.83502566349089 -1.1283688541236874, 42.83038213736181 -1.1266309185947259, 42.82573696566779 -1.1248973861397744, 42.82109014908886 -1.1231682676511117, 42.816441688380145 -1.1214435740120912, 42.811791584317895 -1.1197233161035502, 42.8071398376796 -1.1180075048061386, 42.80248644929018 -1.116296150993273, 42.79783142003615 -1.1145892655289908, 42.79317475080808 -1.1128868592767012, 42.788516442508296 -1.1111889430976416, 42.78385649611376 -1.1094955278391663, 42.77919491263086 -1.107806624343164, 42.77453169306652 -1.106122243451398, 42.76986683846824 -1.1044423959967413, 42.765200349952906 -1.1027670927968212, 42.760532228644244 -1.1010963446677706, 42.75586247567432 -1.0994301624236047, 42.7511910922479 -1.097768556859956, 42.746518079607036 -1.096111538763003, 42.74184343899431 -1.0944591189187933, 42.73716717168699 -1.092811308103439, 42.732489279037566 -1.0911681170714531, 42.727809762408434 -1.089529556574511, 42.723128623168165 -1.0878956373623154, 42.718445862755296 -1.0862663701621225, 42.7137614826528 -1.084641765686919, 42.70907548434449 -1.0830218346494436, 42.704387869344075 -1.0814065877517998, 42.69969863924481 -1.0797960356679022, 42.69500779565289 -1.0781901890670493, 42.690315340179254 -1.0765890586167168, 42.68562127450217 -1.0749926549581625, 42.680925600350314 -1.0734009887130211, 42.67622831945363 -1.0718140705024477, 42.671529433568594 -1.0702319109363516, 42.666828944533975 -1.0686545205897766, 42.66212685420448 -1.0670819100310274, 42.65742316443853 -1.0655140898266813, 42.652717877159766 -1.0639510705134385, 42.64801099434693 -1.062392862602717, 42.6433025179805 -1.0608394766051379, 42.63859245006516 -1.0592909230193883, 42.63388079268981 -1.057747212302573, 42.629167547961664 -1.0562083549027477, 42.6244527179912 -1.0546743612662783, 42.619736304952475 -1.053145241805852, 42.61501831107816 -1.0516210069031497, 42.610298738603134 -1.0501016669386987, 42.605577589784986 -1.0485872322801724, 42.6008548669669 -1.0470777132468991, 42.596130572512116 -1.0455731201468397, 42.59140470878686 -1.0440734632862125, 42.58667727822012 -1.0425787529334378, 42.58194828330185 -1.041088999320327, 42.57721772652443 -1.0396042126771885, 42.57248561040239 -1.0381244032202346, 42.5677519375367 -1.036649581110467, 42.56301671054952 -1.0351797564953773, 42.55827993206584 -1.033714939520572, 42.5535416047734 -1.0322551402892248, 42.548801731422024 -1.0308003688626002, 42.54406031476415 -1.0293506353001827, 42.53931735757437 -1.0279059496456708, 42.53457286271438 -1.0264663218805818, 42.52982683306734 -1.0250317619711233, 42.5250792715193 -1.0236022798813489, 42.52033018101976 -1.0221778855275918, 42.51557956458033 -1.0207585887794424, 42.51082742521527 -1.019344399504533, 42.50607376596157 -1.0179353275524863, 42.50131858994374 -1.016531382703678, 42.49656190030734 -1.0151325747218392, 42.491803700201004 -1.0137389133681325, 42.48704399283804 -1.0123504083499588, 42.48228278149301 -1.010967069323769, 42.47752006944293 -1.009588905944009, 42.47275585998875 -1.0082159278442369, 42.46799015651896 -1.0068481445816784, 42.46322296244202 -1.0054855656961261, 42.45845428116991 -1.0041282007241925, 42.453684116180874 -1.0027760591418653, 42.44891247101272 -1.0014291503707464, 42.44413934920533 -1.0000874838305016, 42.43936475432422 -0.9987510689162957, 42.43458869002203 -0.9974199149401014, 42.42981115996983 -0.9960940311962473, 42.42503216784271 -0.9947734269750105, 42.420251717384126 -0.9934581114980969, 42.41546981239447 -0.9921480939300424, 42.410686456675904 -0.9908433834336241, 42.40590165405822 -0.9895439891431655, 42.40111540845681 -0.9882499201048937, 42.396327723803594 -0.9869611853480351, 42.391538604035226 -0.985677793896553, 42.38674805315891 -0.9843997546967659, 42.38195607523572 -0.9831270766357839, 42.37716267432804 -0.9818597685991775, 42.37236785452865 -0.98059783943793, 42.367571620014736 -0.9793412979067291, 42.362773974978076 -0.9780901527436371, 42.35797492361611 -0.9768444126799887, 42.35317447019849 -0.9756040863615412, 42.34837261904447 -0.9743691823751084, 42.34356937447444 -0.9731397093062277, 42.33876474084186 -0.9719156756995232, 42.33395872258214 -0.9706970899982029, 42.32915132414318 -0.9694839606300325, 42.324342549979654 -0.9682762960140754, 42.31953240461996 -0.9670741044743505, 42.31472089263794 -0.9658773942763588, 42.30990801860823 -0.9646861736844957, 42.3050937871415 -0.96350045091492, 42.30027820292713 -0.9623202340779454, 42.29546127066507 -0.9611455312698362, 42.29064299506324 -0.9599763505756868, 42.28582338090433 -0.9588126999759802, 42.28100243301203 -0.9576545873940245, 42.27618015621069 -0.9565020207520781, 42.27135655536342 -0.9553550079160287, 42.26653163540839 -0.9542135566424836, 42.26170540129235 -0.9530776746755216, 42.25687785797147 -0.9519473697450739, 42.252049010477066 -0.9508226494669996, 42.247218863876896 -0.9497035214020684, 42.2423874232394 -0.9485899931098811, 42.23755469367433 -0.9474820720849177, 42.23272068036216 -0.9463797657099715, 42.22788538849036 -0.9452830813568514, 42.223048823257095 -0.9441920263797293, 42.218210989935464 -0.943106608009649, 42.2133718938305 -0.9420268334251705, 42.20853154024813 -0.9409527098033649, 42.203689934537586 -0.9398842442470705, 42.19884708211426 -0.9388214437459848, 42.19400298839904 -0.9377643152802935, 42.18915765882492 -0.9367128658086183, 42.184311098898675 -0.9356671021580356, 42.17946331415483 -0.9346270311060227, 42.17461431012904 -0.9335926594280485, 42.16976409240184 -0.9325639938161798, 42.16491266661491 -0.9315410408486837, 42.1600600384144 -0.930523807095647, 42.15520621345972 -0.9295122991013536, 42.150351197482095 -0.9285065232709496, 42.1454949962368 -0.927506485962889, 42.1406376154805 -0.9265121935329333, 42.13577906101542 -0.9255236522445386, 42.13091933870019 -0.9245408682472663, 42.12605845439685 -0.9235638476836421, 42.12119641398177 -0.922592596666031, 42.11633322340035 -0.9216271211609909, 42.11146888861885 -0.920667427091078, 42.10660341560511 -0.9197135203753676, 42.10173681037257 -0.9187654068323327, 42.09686907898624 -0.9178230921667263, 42.092000227513864 -0.916886582077195, 42.087130262038144 -0.9159558822280095, 42.08225918870743 -0.915030998131894, 42.07738701368821 -0.9141119352598259, 42.07251374314875 -0.9131986990785055, 42.067639383302 -0.912291294946662, 42.06276394040802 -0.9113897281094275, 42.05788742072903 -0.9104940038065299, 42.05300983054244 -0.9096041272395559, 42.04813117618739 -0.908720103453636, 42.043251464018944 -0.907841937453792, 42.038370700394026 -0.9069696342400695, 42.03348889171253 -0.9061031986984632, 42.02860604441725 -0.9052426356011427, 42.02372216495285 -0.9043879497153468, 42.01883725977874 -0.9035391457671359, 42.01395133541196 -0.9026962283216581, 42.00906439838364 -0.9018592019047603, 42.00417645522675 -0.901028071036909, 41.99928751251439 -0.9002028401217845, 41.99439757685849 -0.8993835134500384, 41.989506654872606 -0.8985700953076933, 41.984614753184225 -0.8977625899371436, 41.97972187847439 -0.8969610014138891, 41.974828037436986 -0.8961653337735251, 41.969933236767545 -0.8953755910460035, 41.96503748319875 -0.8945917771399844, 41.96014078349902 -0.893813895847376, 41.955243144438214 -0.8930419509553527, 41.95034457279871 -0.8922759462077378, 41.945445075411186 -0.8915158851809117, 41.94054465911802 -0.8907617714108367, 41.93564333076306 -0.8900136084280142, 41.930741097223326 -0.8892713996407661, 41.925837965408626 -0.8885351483370809, 41.92093394223009 -0.8878048577998584, 41.916029034609636 -0.8870805312698984, 41.91112324951247 -0.8863621718180799, 41.90621659391477 -0.8856497824724173, 41.901309074793865 -0.8849433662560502, 41.89640069915585 -0.8842429260716638, 41.89149147403666 -0.8835484646966801, 41.886581406473645 -0.8828599849026836, 41.881670503512886 -0.882177489422089, 41.87675877223856 -0.8815009808157012, 41.87184621974529 -0.8808304615973427, 41.866932853128525 -0.8801659342768801, 41.86201867950757 -0.879507401248222, 41.8571037060289 -0.8788548647734693, 41.85218793984048 -0.8782083271075803, 41.84727138809683 -0.8775677904708565, 41.842354057985034 -0.8769332569117222, 41.83743595670237 -0.8763047284254184, 41.83251709144654 -0.8756822070043419, 41.827597469434096 -0.8750656945325025, 41.822677097905895 -0.8744551927540158, 41.81775598410443 -0.8738507034037379, 41.812834135276674 -0.8732522281876608, 41.80791155869647 -0.8726597686419009, 41.80298826164738 -0.872073326240634, 41.79806425141325 -0.8714929024562583, 41.793139535291694 -0.8709184986636336, 41.788214120601545 -0.8703501160884906, 41.78328801466337 -0.8697877559439682, 41.77836122480055 -0.8692314194209184, 41.77343375835716 -0.8686811075456408, 41.768505622686554 -0.8681368212707458, 41.76357682514223 -0.8675985615477522, 41.75864737308684 -0.8670663292447222, 41.75371727390047 -0.8665401250710864, 41.748786534965134 -0.8660199497185226, 41.743855163664314 -0.8655058038631317, 41.738923167396074 -0.8649976880262278, 41.73399055356679 -0.86449560264048, 41.72905732958291 -0.8639995481373342, 41.72412350285614 -0.8635095248815616, 41.71918908081114 -0.863025533071138, 41.7142540708746 -0.8625475728783826, 41.7093184804738 -0.8620756444661554, 41.70438231704463 -0.8616097478576785, 41.699445588029654 -0.8611498829696429, 41.69450830087153 -0.8606960497160507, 41.68957046301522 -0.8602482479623695, 41.68463208191347 -0.8598064774031077, 41.67969316502076 -0.8593707376951512, 41.67475371979172 -0.8589410284907741, 41.669813753684494 -0.8585173493235165, 41.66487327416102 -0.8580996996006983, 41.65993228868338 -0.8576880787235289, 41.65499080471409 -0.8572824860617697, 41.65004882971788 -0.8568829208179679, 41.64510637116033 -0.856489382139309, 41.64016343650693 -0.8561018691714399, 41.6352200332229 -0.8557203809672889, 41.63027616877307 -0.8553449164345506, 41.625331850622224 -0.8549754744682478, 41.62038708623479 -0.8546120539459486, 41.61544188307225 -0.8542546535922271, 41.61049624859455 -0.853903272052425, 41.605550190261596 -0.8535579079710435, 41.600603715531 -0.8532185599288549, 41.5956568318546 -0.8528852263478379, 41.590709546683286 -0.8525579056256513, 41.585761867467596 -0.852236596152469, 41.58081380165128 -0.8519212961911522, 41.57586535667238 -0.8516120038980822, 41.570916539968785 -0.8513087174263644, 41.565967358975804 -0.8510114348918428, 41.56101782111752 -0.8507201542473739, 41.55606793381496 -0.8504348734012596, 41.551117704488945 -0.8501555902598416, 41.54616714055209 -0.849882302635565, 41.541216249405316 -0.8496150082075109, 41.536265038448654 -0.8493537046446022, 41.53131351508031 -0.849098389598675, 41.52636168668329 -0.8488490605759185, 41.521409560632804 -0.8486057150088058, 41.516457144304034 -0.8483683503291312, 41.51150444506512 -0.8481369639113794, 41.506551470265606 -0.8479115529785426, 41.50159822725197 -0.8476921147288681, 41.49664472337 -0.847478646355262, 41.491690965949516 -0.8472711449376562, 41.48673696230521 -0.8470696074482458, 41.48178271975114 -0.8468740308549332, 41.47682824559712 -0.846684412098983, 41.47187354712931 -0.8465007479730469, 41.46691863162567 -0.8463230352182568, 41.46196350636403 -0.846151270575076, 41.45700817860954 -0.8459854507128943, 41.452052655603154 -0.8458255721650059, 41.44709694458307 -0.8456716314493362, 41.442141052785836 -0.8455236250753473, 41.43718498742432 -0.8453815494326372, 41.43222875569386 -0.8452454008218748, 41.42727236478942 -0.8451151755416265, 41.422315821898884 -0.8449908698580672, 41.41735913417909 -0.8448724798940086, 41.412402308778226 -0.8447600017326119, 41.40744535284427 -0.8446534314559684, 41.40248827350736 -0.8445527650709072, 41.39753107786834 -0.844457998460711, 41.39257377302536 -0.8443691274971881, 41.387616366074134 -0.8442861480426299, 41.382658864080156 -0.8442090558420786, 41.377701274088594 -0.8441378465616599, 41.37274360314428 -0.8440725158660304, 41.36778585828305 -0.8440130593877487, 41.36282804650314 -0.8439594726241864, 41.35787017479282 -0.8439117510371273, 41.352912250140115 -0.8438698900873917, 41.347954279511974 -0.8438338851656668, 41.34299626984042 -0.8438037315462537, 41.33803822805415 -0.8437794244924854, 41.33308016107932 -0.8437609592597695, 41.32812207580753 -0.8437483309962627, 41.32316397910548 -0.8437415347730084, 41.318205877839326 -0.8437405656593572, 41.313247778866284 -0.8437454186987137, 41.30828968900019 -0.8437560888089658, 41.30333161504177 -0.8437725708700984, 41.298373563791614 -0.84379485976166, 41.29341554202926 -0.8438229503061436, 41.288457556492226 -0.8438568372122783, 41.28349961391308 -0.8438965151753016, 41.278541721022556 -0.8439419788858101, 41.273583884515816 -0.8439932229440775, 41.26862611105576 -0.8440502418683291, 41.26366840730409 -0.844113030173809, 41.258710779915624 -0.8441815823593158, 41.253753235498294 -0.8442558928116941, 41.24879578064048 -0.8443359558711274, 41.24383842193049 -0.844421765877612, 41.238881165939524 -0.8445133171327337, 41.23392401918906 -0.8446106038263655, 41.22896698819158 -0.8447136201281812, 41.22401007945883 -0.8448223602063261, 41.21905329947111 -0.8449368181623798, 41.21409665466587 -0.8450569880070733, 41.20914015147738 -0.8451828637446045, 41.20418379633637 -0.8453144393719056, 41.19922759562811 -0.845451708795306, 41.19427155570711 -0.8455946658596373, 41.18931568292733 -0.8457433044085616, 41.18435998363245 -0.8458976182664417, 41.179404464111855 -0.8460576011552323, 41.17444913063702 -0.8462232467630457, 41.16949398947932 -0.8463945487778758, 41.16453904688854 -0.8465715008492214, 41.159584309060065 -0.8467540965296084, 41.15462978218083 -0.84694232935653, 41.14967547243686 -0.8471361928659257, 41.14472138597836 -0.8473356805333603, 41.139767528909 -0.8475407857559883, 41.13481390732939 -0.8477515019257279, 41.129860527336284 -0.8479678224284907, 41.12490739497734 -0.8481897405717687, 41.119954516265715 -0.848417249608041, 41.1150018972138 -0.8486503427886488, 41.11004954382445 -0.848889013350449, 41.10509746204217 -0.8491332544423246, 41.100145657789604 -0.849383059180126, 41.09519413698939 -0.8496384206796337, 41.09024290554488 -0.8498993320291637, 41.08529196929915 -0.8501657862308338, 41.08034133408343 -0.8504377762698953, 41.07539100572859 -0.8507152951310766, 41.07044099003367 -0.8509983357560418, 41.06549129274255 -0.8512868910119236, 41.0605419195937 -0.85158095375844, 41.05559287632366 -0.8518805168528706, 41.05064416862412 -0.8521855730951018, 41.045695802141395 -0.8524961152268874, 41.040747782519794 -0.852812135987395, 41.03580011539841 -0.8531336281094741, 41.03085280636051 -0.8534605842583303, 41.025905860955476 -0.8537929970581319, 41.02095928473226 -0.8541308591324723, 41.01601308322897 -0.8544741630925522, 41.0110672619208 -0.854822901477408, 41.00612182626021 -0.8551770668000224, 41.00117678169967 -0.8555366515733402, 40.996232133672564 -0.8559016482896952, 40.9912878875476 -0.8562720493712311, 40.98634404867972 -0.8566478472251651, 40.981400622423656 -0.8570290342585264, 40.97645761410488 -0.8574156028483164, 40.97151502898757 -0.8578075453087607, 40.96657287232823 -0.8582048539462087, 40.96163114938243 -0.8586075210661014, 40.95668986536561 -0.8590155389350448, 40.95174902543889 -0.8594288997670838, 40.94680863475957 -0.8598475957725286, 40.94186869848232 -0.8602716191593348, 40.93692922171167 -0.8607009620896497, 40.93199020950659 -0.8611356166840294, 40.927051666924406 -0.8615755750615199, 40.92211359901715 -0.8620208293366153, 40.917176010778405 -0.8624713715735628, 40.912238907165474 -0.8629271938054138, 40.907302293135096 -0.8633882880647524, 40.902366173634874 -0.8638546463767272, 40.89743055354809 -0.8643262607143503, 40.892495437730496 -0.8648031230283243, 40.88756083103776 -0.8652852252692688, 40.882626738311345 -0.8657725593769967, 40.87769316432533 -0.8662651172400706, 40.87276011383385 -0.8667628907318737, 40.86782759159105 -0.8672658717257846, 40.862895602330774 -0.8677740520807002, 40.857964150719305 -0.8682874236073144, 40.85303324140895 -0.8688059781063033, 40.848102879051865 -0.8693297073782865, 40.843173068273295 -0.8698586032058564, 40.83824381363307 -0.870392657327943, 40.83331511968136 -0.8709318614769972, 40.82838699096798 -0.871476207385256, 40.823459432009045 -0.8720256867639409, 40.818532447259024 -0.8725802912858, 40.813606041165805 -0.873140012619473, 40.80868021817641 -0.8737048424331226, 40.80375498269795 -0.8742747723716852, 40.79883033908033 -0.8748497940468769, 40.79390629166904 -0.8754298990678576, 40.78898284480807 -0.8760150790429674, 40.78406000279581 -0.8766053255559663, 40.779137769878346 -0.8772006301623598, 40.77421615029875 -0.8778009844160931, 40.769295148297765 -0.8784063798699105, 40.764374768065764 -0.879016808051442, 40.75945501374546 -0.8796322604645369, 40.75453588947769 -0.8802527286121079, 40.74961739939985 -0.880878203995493, 40.7446995475951 -0.8815086780911161, 40.73978233810334 -0.882144142355519, 40.73486577496323 -0.8827845882446892, 40.72994986220894 -0.8834300072127146, 40.725034603817384 -0.8840803906895764, 40.72012000372607 -0.8847357300886777, 40.71520606587174 -0.8853960168230955, 40.71029279418558 -0.8860612423037718, 40.70538019253922 -0.8867313979188288, 40.70046826476828 -0.887406475042571, 40.69555701470785 -0.8880864650491088, 40.6906464461865 -0.8887713593102868, 40.68573656297169 -0.8894611491767705, 40.680827368797594 -0.8901558259876702, 40.67591886739799 -0.8908553810819795, 40.6710110624994 -0.8915598057964127, 40.66610395776619 -0.8922690914483894, 40.66119755683155 -0.8929832293456237, 40.65629186332843 -0.8937022107957558, 40.65138688088183 -0.8944260271042457, 40.64648261305425 -0.8951546695593066, 40.6415790633784 -0.8958881294409553, 40.63667623538685 -0.8966263980291604, 40.63177413260392 -0.8973694666019064, 40.626872758491295 -0.8981173264220657, 40.62197211648184 -0.8988699687455595, 40.61707221000826 -0.899627384828272, 40.612173042494994 -0.9003895659243745, 40.60727461730414 -0.9011565032751037, 40.602376937769286 -0.901928188115788, 40.59748000722389 -0.9027046116817251, 40.59258382899342 -0.9034857652068182, 40.58768840634158 -0.9042716399142174, 40.58279374250339 -0.9050622270220712, 40.577899840713684 -0.9058575177484989, 40.573006704199855 -0.906657503310562, 40.56811433612854 -0.9074621749167273, 40.56322273963687 -0.9082715237712863, 40.558331917861786 -0.909085541078502, 40.55344187393352 -0.9099042180419028, 40.548552610922954 -0.9107275458585261, 40.54366413187012 -0.9115555157220363, 40.53877643981484 -0.9123881188260683, 40.53388953779107 -0.913225346363806, 40.529003428775376 -0.9140671895239639, 40.52411811571154 -0.9149136394927094, 40.519233601542986 -0.915764687456181, 40.51434988920838 -0.9166203246002942, 40.509466981591366 -0.9174805421084076, 40.50458488154041 -0.918345331162244, 40.49970359190341 -0.9192146829435007, 40.49482311552453 -0.9200885886338144, 40.48994345519605 -0.920967039414002, 40.48506461367207 -0.9218500264642784, 40.48018659370588 -0.9227375409648437, 40.475309398048 -0.923629574095938, 40.47043302940082 -0.9245261170385083, 40.46555749042524 -0.9254271609741113, 40.46068278378075 -0.926332697084323, 40.45580891212508 -0.9272427165508003, 40.45093587807231 -0.9281572105571522, 40.44606368419121 -0.9290761702890096, 40.44119233304856 -0.9299995869320976, 40.436321827209994 -0.9309274516722175, 40.43145216920273 -0.9318597556980366, 40.42658336150488 -0.9327964902018728, 40.42171540659135 -0.933737646376282, 40.416848306936586 -0.9346832154138699, 40.411982064982276 -0.9356331885106466, 40.40711668311732 -0.9365875568681078, 40.402252163725876 -0.937546311688246, 40.397388509191906 -0.9385094441730758, 40.39252572187278 -0.9394769455281432, 40.38766380406996 -0.9404488069664246, 40.38280275807782 -0.9414250197018343, 40.377942586190755 -0.9424055749482905, 40.37308329068272 -0.9433904639230118, 40.36822487376971 -0.9443796778526198, 40.36336733765743 -0.9453732079653999, 40.35851068455161 -0.9463710454896369, 40.353654916643386 -0.9473731816563881, 40.348800036065576 -0.9483796077078455, 40.3439460449363 -0.9493903148889976, 40.33909294537369 -0.9504052944448331, 40.33424073948629 -0.9514245376224449, 40.32938942932623 -0.9524480356812703, 40.32453901692523 -0.9534757798852347, 40.31968950431495 -0.9545077614982692, 40.314840893521314 -0.9555439717857273, 40.309993186518355 -0.9565844020257916, 40.30514638525268 -0.9576290435034441, 40.30030049167061 -0.9586778875037287, 40.295455507715516 -0.9597309253125081, 40.290611435285584 -0.9607881482280933, 40.2857682762439 -0.9618495475584694, 40.280926032452626 -0.9629151146118771, 40.27608470577271 -0.9639848406969248, 40.27124429802831 -0.9650587171333906, 40.26640481100095 -0.9661367352539842, 40.261566246469805 -0.9672188863921375, 40.25672860621368 -0.9683051618813838, 40.25189189198394 -0.9693955530643847, 40.247056105482926 -0.9704900513000211, 40.242221248408 -0.9715886479488455, 40.23738732245648 -0.9726913343714158, 40.23255432930727 -0.9737981019348981, 40.227722270586526 -0.9749089420254204, 40.222891147910964 -0.9760238460324882, 40.21806096289731 -0.9771428053456082, 40.21323171715158 -0.9782658113584364, 40.20840341222716 -0.9793928554849742, 40.203576049661386 -0.9805239291454463, 40.19874963099157 -0.9816590237600789, 40.19392415774966 -0.9827981307513203, 40.18909963141998 -0.9839412415613684, 40.18427605346186 -0.9850883476427653, 40.17945342533445 -0.9862394404481462, 40.1746317484948 -0.9873945114310665, 40.16981102436088 -0.9885535520623416, 40.1649912543161 -0.9897165538280913, 40.16017243974261 -0.9908835082149658, 40.15535458202209 -0.9920544067098473, 40.150537682507895 -0.9932292408129274, 40.145721742510105 -0.9944080020447071, 40.14090676333516 -0.9955906819273954, 40.1360927462895 -0.9967772719832132, 40.131279692662034 -0.9979677637430848, 40.12646760369308 -0.9991621487620854, 40.12165648061462 -1.0003604185994444, 40.11684632465863 -1.0015625648143913, 40.112037137048205 -1.0027685789708036, 40.10722891895834 -1.003978452657799, 40.10242167154776 -1.0051921774730204, 40.097615395975225 -1.006409745014119, 40.092810093395904 -1.0076311468806916, 40.08800576492376 -1.0088563746951174, 40.08320241164594 -1.0100854200945377, 40.078400034649206 -1.0113182747163458, 40.073598635019415 -1.0125549301984482, 40.06879821381201 -1.0137953781963542, 40.06399877204525 -1.0150396103871457, 40.05920031073517 -1.0162876184492236, 40.05440283089766 -1.0175393940610213, 40.04960633353031 -1.0187949289121132, 40.044810819586225 -1.0200542147190796, 40.0400162900119 -1.021317243202513, 40.035222745753806 -1.022584006083006, 40.030430187749865 -1.0238544950865935, 40.02563861689303 -1.0251287019678625, 40.02084803406156 -1.0264066184907323, 40.01605844013366 -1.0276882364191295, 40.01126983598464 -1.0289735475189217, 40.006482222452256 -1.0302625435808614, 40.00169560034823 -1.0315552164129163, 39.996909970483784 -1.032851557823397, 39.99212533366964 -1.0341515596209745, 39.98734169069088 -1.0354552136320037, 39.98255904229581 -1.0367625117082386, 39.977777389229885 -1.0380734457033967, 39.97299673223856 -1.039388007471199, 39.968217072053946 -1.0407061888749425, 39.96343840936548 -1.042027981808564, 39.9586607448541 -1.0433533781721185, 39.95388407920072 -1.0446823698656593, 39.94910841308128 -1.046014948792959, 39.94433374713226 -1.047351106887225, 39.93956008197143 -1.048690836095665, 39.93478741821639 -1.050034128365575, 39.93001575648367 -1.0513809756451002, 39.925245097361056 -1.0527313699046186, 39.9204754414056 -1.0540853031383144, 39.915706789172866 -1.0554427673415367, 39.91093914121832 -1.056803754509669, 39.906172498081816 -1.0581682566506736, 39.90140686026403 -1.059536265803928, 39.89664222825965 -1.0609077740136312, 39.89187860256337 -1.0622827733239824, 39.887115983663996 -1.063661255784037, 39.88235437201207 -1.0650432134746883, 39.87759376804266 -1.0664286384896542, 39.87283417219077 -1.0678175229226887, 39.86807558489019 -1.0692098588686345, 39.863318006546436 -1.0706056384466165, 39.85856143753724 -1.0720048537996247, 39.85380587823921 -1.073407497071657, 39.84905132902885 -1.0748135604067492, 39.84429779026776 -1.0762230359622431, 39.83954526228075 -1.0776359159280866, 39.83479374538716 -1.0790521924991294, 39.8300432399063 -1.0804718578702202, 39.82529374615238 -1.0818949042409076, 39.82054526440391 -1.083321323843482, 39.81579779492417 -1.0847511089241735, 39.81105133797643 -1.0861842517292626, 39.80630589382305 -1.087620744505881, 39.8015614627014 -1.089060579524777, 39.79681804482127 -1.0905037490828324, 39.79207564039102 -1.0919502454782846, 39.787334249618944 -1.0934000610093766, 39.78259387270167 -1.0948531879858125, 39.77785450980043 -1.0963096187517996, 39.77311616106979 -1.0977693456580078, 39.76837882666441 -1.09923236105511, 39.76364250673556 -1.1006986572970834, 39.75890720140303 -1.1021682267696196, 39.75417291076901 -1.1036410618760684, 39.749439634935506 -1.105117155019971, 39.74470737400422 -1.1065964986052137, 39.73997612805756 -1.1080790850555957, 39.73524589714859 -1.1095649068253584, 39.73051668132785 -1.111053956371312, 39.725788480645896 -1.112546226150268, 39.72106129514618 -1.1140417086266492, 39.7163351248387 -1.1155403963005455, 39.71160996972376 -1.117042281682492, 39.70688582980161 -1.1185473572830238, 39.70216270507114 -1.1200556156141468, 39.69744059550624 -1.121567049215217, 39.69271950105867 -1.1230816506497447, 39.68799942167943 -1.1245994124820717, 39.683280357319525 -1.1261203272765643, 39.67856230791814 -1.1276443876108586, 39.673845273383286 -1.1291715860977565, 39.669129253617854 -1.1307019153558198, 39.664414248524714 -1.1322353680036115, 39.65970025800381 -1.13377193666312, 39.65498728192683 -1.1353116139890198, 39.650275320149774 -1.1368543926541084, 39.6455643725285 -1.1384002653313745, 39.64085443891867 -1.1399492246940504, 39.63614551915998 -1.1415012634343173, 39.63143761306496 -1.1430563742766509, 39.62673072044351 -1.1446145499486733, 39.622024841105514 -1.1461757831780086, 39.61731997485602 -1.14774006669819, 39.61261612147089 -1.1493073932783495, 39.60791328071516 -1.1508777557008836, 39.60321145235375 -1.1524511467482128, 39.598510636151126 -1.1540275592034535, 39.593810831852835 -1.155606985873346, 39.58911203918139 -1.157189419593483, 39.58441425785793 -1.1587748532012123, 39.57971748760353 -1.1603632795338794, 39.57502172813275 -1.161954691437303, 39.57032697913155 -1.1635490817939498, 39.56563324027822 -1.1651464434961925, 39.56094051125104 -1.1667467694364038, 39.556248791727334 -1.1683500525082207, 39.551558081363964 -1.169956285632229, 39.54686837979815 -1.1715654617548534, 39.54217968666638 -1.1731775738235606, 39.53749200160508 -1.1747926147858183, 39.53280532424282 -1.1764105775997309, 39.52811965418108 -1.1780314552600226, 39.52343499101548 -1.1796552407692908, 39.51875133434162 -1.181281927130131, 39.514068683753905 -1.182911507346899, 39.50938703882573 -1.1845439744529032, 39.50470639911341 -1.1861793215051821, 39.5000267641727 -1.1878175415614725, 39.4953481335594 -1.1894586276795178, 39.49067050682083 -1.1911025729290663, 39.485993883478685 -1.192749370416144, 39.48131826304989 -1.1943990132536073, 39.476643645051354 -1.1960514945543126, 39.471970028998555 -1.197706807433138, 39.467297414386536 -1.1993649450347585, 39.46262580069463 -1.2010259005265371, 39.45795518740184 -1.2026896670764091, 39.45328557398714 -1.2043562378523196, 39.44861695992118 -1.2060256060345727, 39.443949344650385 -1.2076977648395568, 39.439282727616714 -1.209372707490207, 39.43461710826218 -1.2110504272094587, 39.42995248602747 -1.2127309172222265, 39.42528886033383 -1.2144141707830056, 39.4206262305876 -1.2161001811690568, 39.41596459619469 -1.2177889416582253, 39.41130395656101 -1.2194804455283625, 39.40664431108499 -1.2211746860690043, 39.401985659141864 -1.2228716566058244, 39.397328000102384 -1.2245713504714628, 39.392671333337326 -1.2262737609985586, 39.38801565821642 -1.2279788815213908, 39.38336097409162 -1.2296867054025653, 39.37870728029989 -1.231397226028606, 39.37405457617772 -1.2331104367867887, 39.369402861061594 -1.2348263310643883, 39.364752134281794 -1.2365449022587682, 39.36010239514644 -1.2382661438035822, 39.35545364295864 -1.2399900491406433, 39.35080587702149 -1.2417166117117646, 39.34615909663743 -1.2434458249598812, 39.34151330109336 -1.2451776823539646, 39.33686848966058 -1.2469121773891387, 39.33222466160971 -1.2486493035616735, 39.32758181621138 -1.250389054367839, 39.322939952731595 -1.252131423311688, 39.318299070415286 -1.2538764039330756, 39.31365916850129 -1.2556239897821402, 39.30902024622843 -1.2573741744090214, 39.304382302835194 -1.2591269513644403, 39.2997453375473 -1.2608823142215213, 39.29510934957382 -1.2626402565824066, 39.29047433812273 -1.264400772051167, 39.28584030240204 -1.2661638542318765, 39.281207241616734 -1.2679294967339265, 39.276575154952454 -1.2696976932012114, 39.27194404158714 -1.2714684372913925, 39.26731390069873 -1.2732417226621648, 39.26268473146502 -1.2750175429714048, 39.25805653305416 -1.2767958918946491, 39.25342930461665 -1.2785767631395717, 39.24880304530116 -1.280360150417255, 39.244177754256356 -1.2821460474387825, 39.23955343062925 -1.2839344479182584, 39.23493007355009 -1.285725345601097, 39.23030768213916 -1.287518734251247, 39.225686255516635 -1.289314607632899, 39.22106579280269 -1.2911129595102584, 39.216446293111055 -1.2929137836597233, 39.211827755537385 -1.2947170738922351, 39.20721017917412 -1.2965228240248072, 39.202593563113716 -1.2983310278744535, 39.19797790644797 -1.300141679259465, 39.19336320825528 -1.3019547720241667, 39.18874946760162 -1.303770300037159, 39.184136683552445 -1.3055882571679718, 39.17952485517326 -1.3074086372861358, 39.17491398152601 -1.309231434268171, 39.1703040616553 -1.3110566420251517, 39.165695094600366 -1.3128842544788077, 39.16108707940045 -1.3147142655508728, 39.15648001509468 -1.3165466691633774, 39.1518739007128 -1.3183814592572891, 39.14726873526983 -1.320218629803558, 39.142664517779544 -1.3220581747757885, 39.138061247255635 -1.3239000881475842, 39.13345892271033 -1.3257443638956752, 39.128857543141066 -1.327590996027526, 39.12425710753682 -1.3294399785680682, 39.11965761488655 -1.331291305542434, 39.11505906417912 -1.3331449709757621, 39.11046145439823 -1.3350009689043694, 39.105864784511596 -1.3368592933982437, 39.10126905348406 -1.3387199385336919, 39.09667426028037 -1.3405828983870192, 39.09208040386496 -1.3424481670354078, 39.08748748319142 -1.3443157385794084, 39.08289549720167 -1.3461856071448752, 39.078304444837066 -1.3480577668589255, 39.073714325038964 -1.349932211848677, 39.069125136746486 -1.3518089362461698, 39.06453687888413 -1.3536879342158186, 39.05994955037045 -1.3555691999351152, 39.055363150124 -1.357452727581589, 39.050777677063344 -1.359338511332834, 39.04619313010079 -1.3612265453805719, 39.0416095081348 -1.3631168239483178, 39.037026810061896 -1.365009341263929, 39.032445034778625 -1.3669040915552624, 39.027864181180924 -1.3688010690515449, 39.023284248153686 -1.3707002680071676, 39.01870523457216 -1.3726016826985834, 39.01412713931125 -1.3745053074029925, 39.00954996124583 -1.3764111363975964, 39.00497369924836 -1.3783191639655208, 39.00039835217748 -1.3802293844222497, 38.995823918887226 -1.3821417920942622, 38.991250398231685 -1.384056381308046, 38.98667778906483 -1.385973146390196, 38.98210609023442 -1.387892081682255, 38.97753530057573 -1.3898131815559063, 38.97296541892249 -1.3917364403864516, 38.968396444108464 -1.3936618525491942, 38.96382837496678 -1.3955894124209274, 38.95926121032033 -1.3975191144036707, 38.9546949489834 -1.3994509529204922, 38.95012958977011 -1.4013849223951065, 38.945565131494455 -1.4033210172512265, 38.94100157296824 -1.4052592319183084, 38.93643891299068 -1.4071995608572974, 38.93187715035672 -1.409141998539876, 38.927316283861295 -1.4110865394377359, 38.922756312299306 -1.4130331780226473, 38.91819723446025 -1.4149819087802797, 38.913639049122025 -1.4169327262260336, 38.909081755061 -1.4188856248791395, 38.90452535105357 -1.4208405992588307, 38.89996983587569 -1.422797643885493, 38.89541520829437 -1.4247567533029026, 38.8908614670683 -1.4267179220765673, 38.88630861095588 -1.428681144772824, 38.881756638715494 -1.4306464159580057, 38.87720554910385 -1.4326137302029676, 38.87265534086643 -1.4345830821084908, 38.86810601274419 -1.4365544662875243, 38.86355756347803 -1.4385278773530514, 38.85900999180889 -1.4405033099180753, 38.85446329647358 -1.4424807586067678, 38.84991747619793 -1.4444602180733193, 38.845372529705934 -1.4464416829769096, 38.84082845572156 -1.44842514797672, 38.83628525296856 -1.450410607732529, 38.83174292016363 -1.4523980569239352, 38.82720145601483 -1.4543874902544496, 38.82266085922975 -1.4563789024290068, 38.81812112851595 -1.4583722881525416, 38.81358226258002 -1.4603676421327485, 38.80904426011903 -1.462364959104323, 38.804507119824656 -1.4643642338172354, 38.79997084038851 -1.4663654610216297, 38.795435420502194 -1.468368635467651, 38.790900858854826 -1.4703737519128781, 38.78636715412525 -1.4723808051449476, 38.78183430498979 -1.4743897899590919, 38.777302310124746 -1.476400701150541, 38.77277116820635 -1.4784135335146729, 38.76824087790592 -1.4804282818614012, 38.76371143788568 -1.482444941027271, 38.75918284680691 -1.4844635058516773, 38.75465510333086 -1.4864839711740125, 38.750128206118404 -1.4885063318348193, 38.74560215382313 -1.4905305826966941, 38.741076945091976 -1.4925567186421025, 38.73655257857169 -1.4945847345542231, 38.73202905290899 -1.496614625316232, 38.72750636674942 -1.4986463858150447, 38.72298451872962 -1.5006800109649834, 38.7184635074823 -1.502715495692569, 38.713943331640166 -1.5047528349243784, 38.709423989835905 -1.5067920235869883, 38.70490548069952 -1.5088330566154633, 38.70038780285199 -1.5108759289733162, 38.69587095491238 -1.5129206356300164, 38.6913549354998 -1.5149671715550346, 38.686839743233264 -1.5170155317180494, 38.682325376727135 -1.5190657111037793, 38.67781183458802 -1.5211177047217828, 38.67329911542186 -1.5231715075839456, 38.668787217834556 -1.5252271147021526, 38.664276140431646 -1.527284521089477, 38.65976588181216 -1.5293437217804724, 38.65525644056946 -1.5314047118283283, 38.650747815296654 -1.533467486286852, 38.64624000458692 -1.5355320402098531, 38.641733007032386 -1.5375983686545867, 38.63722682121743 -1.5396664667043436, 38.63272144572285 -1.5417363294543114, 38.62821687912947 -1.543807951999741, 38.623713120018074 -1.5458813294358797, 38.619210166967356 -1.5479564568653519, 38.61470801854798 -1.550033329418046, 38.61020667332879 -1.5521119422301513, 38.605706129878655 -1.554192290437858, 38.6012063867664 -1.5562743691774656, 38.59670744255716 -1.5583581735981205, 38.592209295809056 -1.5604436988736734, 38.58771194507934 -1.562530940180781, 38.583215388925325 -1.5646198926960995, 38.5787196259041 -1.5667105515969997, 38.57422465456756 -1.5688029120793545, 38.569730473462045 -1.5708969693587749, 38.56523708113365 -1.5729927186518307, 38.56074447612845 -1.5750901551750915, 38.556252656991944 -1.577189274147312, 38.55176162226331 -1.5792900708104765, 38.547271370477944 -1.581392540420595, 38.542781900171164 -1.583496678233869, 38.53829320987835 -1.5856024795065051, 38.5338052981335 -1.5877099394994714, 38.529318163463834 -1.5898190534993633, 38.52483180439422 -1.5919298168013454, 38.52034621944951 -1.5940422247005896, 38.515861407154574 -1.5961562724922749, 38.51137736603198 -1.598271955480212, 38.50689409459761 -1.600389268993324, 38.50241159136612 -1.6025082083650724, 38.497929854852195 -1.6046287689289205, 38.493448883570416 -1.6067509460185134, 38.488968676031995 -1.6088747349809165, 38.484489230742355 -1.6110001311855044, 38.4800105462064 -1.6131271300037644, 38.47553262092904 -1.6152557268071817, 38.47105545341496 -1.6173859169680291, 38.46657904216434 -1.6195176958765685, 38.46210338567282 -1.6216510589409778, 38.457628482435815 -1.6237860015702064, 38.45315433094879 -1.6259225191732043, 38.44868092970668 -1.6280606071609545, 38.44420827719905 -1.6302002609661044, 38.43973637191229 -1.6323414760344055, 38.43526521233266 -1.6344842478117898, 38.430794796946486 -1.636628571744192, 38.42632512423909 -1.6387744432816154, 38.421856192690036 -1.6409218578978517, 38.417388000776796 -1.6430708110753047, 38.412920546976835 -1.6452212982963899, 38.40845382976765 -1.6473733150435232, 38.403987847625025 -1.6495268568061376, 38.39952259901914 -1.651681919097555, 38.39505808241892 -1.6538384974361755, 38.39059429629334 -1.6559965873404014, 38.3861312391113 -1.6581561843287036, 38.381668909339275 -1.6603172839302198, 38.37720730543862 -1.6624798816961164, 38.37274642587001 -1.664643973180283, 38.3682862690942 -1.6668095539366083, 38.36382683357178 -1.6689766195193463, 38.35936811776013 -1.6711451654971867, 38.35491012011228 -1.6733151874577348, 38.35045283908101 -1.6754866809898776, 38.345996273119056 -1.6776596416825016, 38.341540420678996 -1.6798340651255075, 38.33708528020935 -1.6820099469265921, 38.332630850155354 -1.6841872827086424, 38.328177128962054 -1.6863660680950323, 38.32372411507455 -1.6885462987091346, 38.31927180693745 -1.6907279701764517, 38.314820202990994 -1.6929110781429948, 38.31036930167305 -1.6950956182662413, 38.30591910142134 -1.6972815862037927, 38.301469600673656 -1.6994689776132503, 38.297020797866985 -1.701657788155922, 38.29257269143354 -1.7038480135147867, 38.28812527980384 -1.706039649380686, 38.28367856140838 -1.7082326914444719, 38.27923253467767 -1.7104271353969986, 38.274787198040976 -1.712622976935033, 38.27034254992298 -1.7148202117773643, 38.265898588747326 -1.717018835647905, 38.26145531293762 -1.7192188442705663, 38.257012720917515 -1.7214202333692865, 38.252570811108846 -1.7236229986765577, 38.24812958192924 -1.725827135945699, 38.24368903179564 -1.7280326409331397, 38.239249159125045 -1.730239509395311, 38.234809962334346 -1.7324477370887976, 38.23037143983825 -1.7346573197815478, 38.22593359004763 -1.7368682532602697, 38.22149641137305 -1.7390805333134334, 38.21705990222505 -1.7412941557295065, 38.2126240610141 -1.7435091162974214, 38.208188886147894 -1.745725410820135, 38.20375437603098 -1.7479430351167693, 38.19932052906773 -1.7501619850073409, 38.19488734366248 -1.7523822563118696, 38.19045481821943 -1.7546038448513683, 38.186022951139606 -1.7568267464631773, 38.18159174082148 -1.7590509569979844, 38.17716118566346 -1.761276472306872, 38.17273128406391 -1.7635032882409187, 38.16830203442093 -1.765731400652987, 38.16387343512915 -1.7679608054140432, 38.15944548458126 -1.7701914984056166, 38.15501818116991 -1.7724234755093655, 38.150591523287744 -1.774656732606951, 38.1461655093269 -1.7768912655828701, 38.141740137675924 -1.779127070340857, 38.13731540672195 -1.781364142792635, 38.1328913148521 -1.783602478849952, 38.128467860453455 -1.785842074424556, 38.12404504191236 -1.7880829254323733, 38.11962285761165 -1.7903250278090064, 38.11520130593309 -1.7925683774958399, 38.11078038525849 -1.7948129704342595, 38.106360093969585 -1.7970588025656526, 38.101940430447165 -1.7993058698372182, 38.097521393068654 -1.8015541682155702, 38.09310298021075 -1.803803693671371, 38.08868519025016 -1.806054442175282, 38.08426802156358 -1.8083064096979895, 38.079851472526414 -1.810559592217693, 38.07543554151074 -1.8128139857307946, 38.07102022688825 -1.8150695862364028, 38.066605527030575 -1.8173263897336225, 38.06219144030934 -1.8195843922216612, 38.05777796509461 -1.8218435897091263, 38.053365099753584 -1.8241039782215722, 38.04895284265317 -1.8263655537863306, 38.044541192160246 -1.8286283124307336, 38.04013014664171 -1.8308922501823657, 38.03571970446254 -1.8331573630799214, 38.03130986398525 -1.8354236471773269, 38.026900623572125 -1.8376910985296067, 38.02249198158548 -1.839959713191787, 38.01808393638755 -1.842229487219391, 38.01367648633847 -1.844500416680619, 38.00926962979625 -1.8467724976570903, 38.00486336511875 -1.849045726231067, 38.00045769066391 -1.8513200984848146, 37.99605260478944 -1.8535956105014344, 37.99164810585088 -1.8558722583780345, 37.987244192201906 -1.8581500382232974, 37.98284086219615 -1.8604289461462489, 37.97843811418725 -1.8627089782559174, 37.97403594652862 -1.8649901306626133, 37.969634357571366 -1.8672723994917124, 37.96523334566504 -1.8695557808783725, 37.960832909159166 -1.8718402709579154, 37.956433046403305 -1.8741258658656683, 37.95203375574669 -1.8764125617387821, 37.94763503553617 -1.878700354730239, 37.943236884117375 -1.8809892410011382, 37.93883929983589 -1.883279216712645, 37.93444228103733 -1.8855702780259236, 37.93004582606691 -1.8878624211046002, 37.92564993326743 -1.8901556421285617, 37.92125460098066 -1.8924499372842871, 37.916859827548436 -1.894745302758277, 37.91246561131252 -1.8970417347370314, 37.90807195061426 -1.8993392294102565, 37.90367884379264 -1.9016377829842008, 37.899286289185895 -1.9039373916704305, 37.89489428513226 -1.9062380516805133, 37.890502829969954 -1.9085397592260172, 37.88611192203665 -1.9108425105224736, 37.88172155966761 -1.913146301801632, 37.87733174119748 -1.9154511292993854, 37.87294246496095 -1.9177569892516297, 37.86855372929266 -1.92006387789426, 37.864165532526606 -1.9223717914680076, 37.85977787299451 -1.924680726229482, 37.855390749027656 -1.926990678438552, 37.85100415895736 -1.9293016443550859, 37.84661810111485 -1.9316136202389584, 37.84223257383064 -1.9339266023557637, 37.83784757543315 -1.936240586986388, 37.833463104250384 -1.9385555704142463, 37.82907915861042 -1.940871548922755, 37.82469573684126 -1.9431885187953621, 37.82031283727009 -1.945506476322088, 37.81593045822208 -1.9478254178074887, 37.811548598022156 -1.9501453395580695, 37.80716725499528 -1.9524662378803368, 37.80278642746633 -1.9547881090808674, 37.79840611375928 -1.9571109494736225, 37.794026312196245 -1.9594347553862654, 37.78964702109917 -1.961759523147945, 37.785268238789996 -1.964085249087811, 37.78088996359064 -1.9664119295351425, 37.776512193821965 -1.9687395608273528, 37.772134927803165 -1.9710681393146599, 37.76775816385334 -1.973397661348408, 37.7633819002915 -1.975728123279943, 37.75900613543671 -1.9780595214608154, 37.75463086760686 -1.9803918522513846, 37.750256095118395 -1.982725112023913, 37.74588181628757 -1.9850592971515044, 37.741508029430726 -1.9873944040072635, 37.73713473286409 -1.9897304289645967, 37.73276192490277 -1.9920673684062926, 37.72838960386046 -1.9944052187261165, 37.72401776805081 -1.9967439763184602, 37.71964641578742 -1.999083637577715, 37.715275545383896 -2.0014241988986865, 37.710905155152645 -2.00376565668612, 37.706535243404836 -2.0061080073549236, 37.7021658084516 -2.008451247320461, 37.69779684860409 -2.0107953729980985, 37.69342836217336 -2.0131403808037387, 37.68906034746924 -2.0154862671635585, 37.68469280280042 -2.017833028512977, 37.680325726475544 -2.020180661287742, 37.67595911680329 -2.022529161923604, 37.67159297209222 -2.024878526856982, 37.66722729064965 -2.027228752534899, 37.66286207078188 -2.0295798354128265, 37.6584973107952 -2.031931771946472, 37.65413300899588 -2.0342845585915392, 37.649769163690095 -2.0366381918045535, 37.645405773182794 -2.0389926680529142, 37.641042835778016 -2.0413479838117476, 37.636680349779766 -2.0437041355563434, 37.63231831349209 -2.0460611197619945, 37.62795672521891 -2.0484189329049562, 37.62359558326287 -2.0507775714725196, 37.61923488592584 -2.053137031959006, 37.614874631509686 -2.055497310858849, 37.61051481831625 -2.057858404666481, 37.60615544464726 -2.0602203098774523, 37.60179650880323 -2.062583022998446, 37.597438009083916 -2.0649465405425342, 37.59307994378911 -2.06731085902287, 37.58872231121854 -2.0696759749526046, 37.584365109671886 -2.0720418848461546, 37.58000833744753 -2.0744085852291003, 37.575651992843255 -2.0767760726328417, 37.57129607415683 -2.0791443435888213, 37.566940579686026 -2.081513394628488, 37.562585507728485 -2.083883222284698, 37.55823085658059 -2.0862538231014556, 37.55387662453824 -2.088625193628053, 37.54952280989727 -2.0909973304138147, 37.54516941095353 -2.093370230008065, 37.54081642600269 -2.0957438889616786, 37.53646385333931 -2.098118303836588, 37.532111691257356 -2.1004934711995333, 37.527759938050835 -2.1028693876172775, 37.52340859201376 -2.105246049656581, 37.519057651439944 -2.1076234538858936, 37.51470711462212 -2.1100015968846764, 37.51035697985256 -2.112380475236794, 37.506007245423525 -2.114760085526126, 37.50165790962731 -2.1171404243365486, 37.49730897075599 -2.11952148825374, 37.4929604271005 -2.1219032738741475, 37.48861227695143 -2.1242857777982134, 37.48426451859932 -2.126668996626385, 37.4799171503347 -2.12905292695911, 37.475570170447945 -2.13143756539875, 37.4712235772283 -2.13382290855828, 37.46687736896469 -2.1362089530543376, 37.462531543946014 -2.1385956955035637, 37.458186100461184 -2.1409831325225985, 37.453841036798885 -2.1433712607300968, 37.449496351246815 -2.145760076755146, 37.445152042092296 -2.148149577230197, 37.44080810762271 -2.1505397587877044, 37.43646454612537 -2.152930618060119, 37.43212135588743 -2.1553221516819945, 37.427778535195046 -2.157714356298086, 37.42343608233405 -2.1601072285562424, 37.41909399559027 -2.162500765104314, 37.414752273249576 -2.1648949625901497, 37.41041091359757 -2.167289817663773, 37.40606991491895 -2.169685326985172, 37.40172927549814 -2.172081487217197, 37.39738899361952 -2.1744782950226953, 37.39304906756749 -2.1768757470645133, 37.388709495626266 -2.1792738400077307, 37.384370276079125 -2.1816725705271405, 37.38003140720907 -2.1840719353001843, 37.375692887299124 -2.186471931004303, 37.37135471463233 -2.1888725543169376, 37.36701688749148 -2.191273801917803, 37.362679404158506 -2.193675670496077, 37.358342262915116 -2.1960781567434, 37.35400546204301 -2.1984812573514114, 37.34966899982388 -2.2008849690117493, 37.34533287453922 -2.203289288418356, 37.34099708446966 -2.205694212274368, 37.33666162789562 -2.2080997372852145, 37.332326503097555 -2.210505860156328, 37.32799170835585 -2.2129125775931358, 37.323657241950755 -2.2153198863034005, 37.31932310216169 -2.217727783003849, 37.314989287267856 -2.2201362644133673, 37.31065579554852 -2.2225453272508418, 37.306322625282924 -2.2249549682351595, 37.301989774750055 -2.2273651840875206, 37.29765724222816 -2.2297759715377556, 37.29332502599526 -2.2321873273177104, 37.28899312432939 -2.2345992481592276, 37.28466153550859 -2.2370117307941504, 37.2803302578107 -2.2394247719566405, 37.27599928951277 -2.2418383683892613, 37.27166862889175 -2.244252516836487, 37.26733827422454 -2.246667214042787, 37.26300822378807 -2.249082456752635, 37.258678475859035 -2.2514982417127967, 37.254349028713435 -2.253914565678177, 37.250019880627136 -2.256331425405486, 37.24569102987595 -2.258748817651428, 37.24136247473573 -2.2611667391727144, 37.23703421348212 -2.263585186728316, 37.23270624439008 -2.266004157085082, 37.228378565734424 -2.2684236470115744, 37.22405117578995 -2.270843653276352, 37.219724072831504 -2.2732641726479774, 37.21539725513367 -2.275685201897234, 37.211070720970426 -2.2781067378025246, 37.2067444686156 -2.2805287771438802, 37.20241849634301 -2.2829513167013307, 37.19809280242649 -2.2853743532549093, 37.19376738513967 -2.2877978835868213, 37.18944224275557 -2.2902219044866325, 37.185117373547065 -2.292646412745465, 37.18079277578703 -2.295071405154439, 37.17646844774836 -2.2974968785046768, 37.172144387703746 -2.2999228295894176, 37.1678205939253 -2.3023492552090064, 37.163497064684975 -2.3047761521652737, 37.15917379825475 -2.3072035172600525, 37.15485079290663 -2.309631347295176, 37.15052804691236 -2.3120596390745307, 37.14620555854323 -2.3144883894088646, 37.14188332607031 -2.3169175951103504, 37.13756134776474 -2.3193472529911636, 37.1332396218976 -2.3217773598634777, 37.128918146739856 -2.324207912541456, 37.124596920561906 -2.3266389078458714, 37.12027594163404 -2.329070342598872, 37.11595520822653 -2.3315022136226053, 37.11163471860969 -2.3339345177392197, 37.10731447105363 -2.3363672517727676, 37.10299446382794 -2.3388004125536477, 37.0986746952021 -2.341233996913571, 37.0943551634456 -2.343668001684255, 37.090035866827904 -2.346102423697412, 37.085716803618354 -2.3485372597865912, 37.08139797208577 -2.3509725067914635, 37.07707937049888 -2.353408161552973, 37.07276099712642 -2.3558442209120627, 37.06844285023712 -2.358280681709678, 37.06412492809955 -2.360717540788517, 37.05980722898182 -2.363154794997148, 37.055489751151924 -2.3655924411853744, 37.05117249287786 -2.368030476202993, 37.04685545242766 -2.370468896899807, 37.04253862806916 -2.3729077001272865, 37.038222018069774 -2.3753468827425364, 37.033905620696814 -2.3777864416038508, 37.0295894342176 -2.3802263735695237, 37.02527345689944 -2.3826666754978487, 37.02095768700953 -2.3851073442487047, 37.016642122814595 -2.3875483766873695, 37.01232676258132 -2.389989769680268, 37.00801160457632 -2.392431520093822, 37.00369664706626 -2.394873624794458, 36.9993818883177 -2.3973160806501013, 36.99506732659674 -2.399758884533838, 36.9907529601694 -2.4022020333198646, 36.98643878730173 -2.4046455238823743, 36.98212480625974 -2.407089353095564, 36.97781101530935 -2.4095335178350448, 36.97349741271609 -2.4119780149813534, 36.96918399674538 -2.414422841416098, 36.96487076566267 -2.416867994020887, 36.96055771773338 -2.4193134696773297, 36.956244851222834 -2.4217592652683644, 36.951932164396 -2.4242053776816217, 36.947619655517734 -2.426651803805769, 36.943307322852895 -2.429098540529469, 36.938995164666366 -2.431545584741389, 36.934683179222915 -2.4339929333314387, 36.93037136478695 -2.4364405831939853, 36.926059719622806 -2.4388885312243915, 36.921748241994806 -2.4413367743180197, 36.91743693016728 -2.4437853093702313, 36.913125782404464 -2.446234133277554, 36.90881479697026 -2.448683242940743, 36.9045039721285 -2.451132635261513, 36.900193306143 -2.4535823071415805, 36.895882797277594 -2.4560322554826604, 36.89157244379601 -2.45848247718755, 36.887262243961665 -2.4609329691630477, 36.882952196037934 -2.4633837283168716, 36.878642298288135 -2.4658347515567387, 36.87433254897563 -2.468286035790369, 36.87002294636369 -2.4707375779264855, 36.86571348871528 -2.473189374877578, 36.86140417429329 -2.475641423557022, 36.857095001360655 -2.4780937208781912, 36.85278596818023 -2.4805462637544586, 36.84847707301488 -2.482999049100128, 36.84416831412711 -2.485452073833039, 36.83985968977944 -2.487905334871878, 36.83555119823433 -2.4903588291353262, 36.83124283775426 -2.4928125535420715, 36.82693460660166 -2.4952665050116516, 36.82262650303867 -2.4977206804669163, 36.818318525327385 -2.5001750768315185, 36.81401067172989 -2.502629691029111, 36.80970294050829 -2.5050845199833476, 36.8053953299246 -2.507539560618661, 36.801087838240605 -2.50999480986257, 36.79678046371803 -2.5124502646433524, 36.79247320461861 -2.5149059218892855, 36.78816605920405 -2.517361778528647, 36.78385902573606 -2.5198178314904296, 36.77955210247603 -2.522274077706484, 36.775245287685415 -2.5247305141093808, 36.77093857962556 -2.527187137631686, 36.766631976557896 -2.529643945205972, 36.76232547674374 -2.532100933765448, 36.75801907844424 -2.534558100245946, 36.753712779920455 -2.5370154415839608, 36.74940657943347 -2.5394729547159893, 36.74510047524435 -2.541930636578526, 36.74079446561413 -2.544388484108655, 36.73648854880366 -2.546846494245879, 36.73218272307375 -2.5493046639303247, 36.72787698668521 -2.551762990102122, 36.72357133789882 -2.5542214697013987, 36.719265774975355 -2.556680099668805, 36.71496029617542 -2.5591388769471775, 36.710654899759575 -2.5615977984799283, 36.706349583988384 -2.5640568612104664, 36.70204434712238 -2.5665160620822016, 36.697739187422115 -2.5689753980390075, 36.69343410314795 -2.5714348660267254, 36.68912909256021 -2.573894462991717, 36.68482415391924 -2.5763541858803465, 36.680519285485374 -2.5788140316389754, 36.676214485518926 -2.5812739972143732, 36.67190975228006 -2.5837340795550574, 36.667605084028935 -2.5861942756100156, 36.6633004790257 -2.5886545823282336, 36.658995935530484 -2.5911149966586975, 36.65469145180343 -2.5935755155507474, 36.65038702610454 -2.596036135955252, 36.64608265669382 -2.5984968548234963, 36.64177834183122 -2.600957669106761, 36.63747407977675 -2.603418575756331, 36.63316986879038 -2.60587957172379, 36.62886570713198 -2.608340653962035, 36.62456159306139 -2.6108018194243194, 36.620257524838486 -2.6132630650639013, 36.61595350072311 -2.6157243878340344, 36.61164951897513 -2.6181857846882255, 36.6073455778543 -2.6206472525810796, 36.603041675620375 -2.6231087884675026, 36.59873781053311 -2.6255703893024034, 36.59443398085229 -2.628032052040691, 36.590130184837626 -2.630493773637471, 36.58582642074885 -2.6329555510487284, 36.58152268684562 -2.635417381230691, 36.57721898138764 -2.637879261139588, 36.57291530263459 -2.6403411877316456, 36.568611648846144 -2.642803157963241, 36.56430801828195 -2.64526516879141, 36.56000440920165 -2.6477272171733666, 36.55570081986489 -2.6501893000663297, 36.551397248531295 -2.652651414427515, 36.547093693460525 -2.6551135572142495, 36.54279015291221 -2.6575757253843406, 36.538486625146014 -2.660037915895734, 36.5341831084216 -2.6625001257063716, 36.529879600998605 -2.664962351774197, 36.525576101136714 -2.66742459105721, 36.52127260709558 -2.6698868405136573, 36.516969117134906 -2.6723490971018573, 36.51266562951437 -2.674811357780124, 36.50836214249367 -2.6772736195067757, 36.50405865433246 -2.6797358792401385, 36.49975516329054 -2.682198133938586, 36.49545166762762 -2.684660380560505, 36.49114816560346 -2.687122616064284, 36.48684465547783 -2.6895848374083076, 36.482541135510495 -2.6920470415509272, 36.47823760396128 -2.694509225450331, 36.47393405909007 -2.6969713860646642, 36.46963049915671 -2.6994335203520716, 36.46532692242105 -2.7018956252706965, 36.46102332714298 -2.7043576977786015, 36.456719711582494 -2.7068197348334797, 36.45241607399957 -2.7092817333929275, 36.44811241265422 -2.711743690414542, 36.443808725806434 -2.7142056028559187, 36.43950501171624 -2.7166674676745197, 36.43520126864381 -2.7191292818272355, 36.4308974948493 -2.721591042270802, 36.4265936885929 -2.7240527459619606, 36.42228984813481 -2.726514389857448, 36.41798597173523 -2.72897597091382, 36.413682057654526 -2.731437486086864, 36.40937810415312 -2.7338989323321696, 36.40507410949141 -2.736360306605327, 36.400770071929806 -2.738821605861924, 36.39646598972875 -2.7412828270573053, 36.392161861148864 -2.7437439671458193, 36.387857684450786 -2.746205023081561, 36.38355345789519 -2.748665991818625, 36.37924917974269 -2.751126870311103, 36.37494484825402 -2.753587655512797, 36.370640461690066 -2.7560483443763357, 36.366336018311806 -2.758508933854059, 36.36203151638018 -2.760969420898307, 36.35772695415616 -2.763429802461419, 36.35342232990077 -2.7658900754953843, 36.34911764187527 -2.768350236950834, 36.344812888340975 -2.7708102837780784, 36.34050806755921 -2.773270212927424, 36.33620317779132 -2.7757300213491796, 36.33189821729866 -2.7781897059932303, 36.3275931843429 -2.7806492638078915, 36.323288077185765 -2.783108691741114, 36.31898289408896 -2.7855679867408467, 36.3146776333142 -2.7880271457550396, 36.31037229312329 -2.790486165731153, 36.3060668717783 -2.792945043614887, 36.301761367541395 -2.795403776351551, 36.29745577867477 -2.797862360886453, 36.29315010344053 -2.800320794164901, 36.288844340100965 -2.8027790731316364, 36.28453848691864 -2.805237194729448, 36.28023254215622 -2.8076951559007126, 36.27592650407633 -2.810152953587801, 36.27162037094165 -2.812610584733088, 36.267314141014914 -2.8150680462782933, 36.263007812559266 -2.817525335163008, 36.25870138383788 -2.8199824483263836, 36.25439485311394 -2.8224393827075716, 36.25008821865068 -2.824896135245727, 36.2457814787114 -2.8273527028792564, 36.24147463155981 -2.8298090825442492, 36.23716767545969 -2.8322652711763494, 36.23286060867485 -2.8347212657111975, 36.22855342946908 -2.837177063084437, 36.224246136106295 -2.8396326602308624, 36.21993872685086 -2.8420880540827915, 36.21563119996726 -2.8445432415720893, 36.21132355371991 -2.8469982196306187, 36.20701578637326 -2.8494529851902426, 36.202707896191924 -2.851907535181852, 36.19839988144095 -2.8543618665336523, 36.19409174038548 -2.856815976173389, 36.189783471290625 -2.8592698610288068, 36.18547507242153 -2.861723518027649, 36.181166542043485 -2.864176944096575, 36.17685787842236 -2.8666301361594506, 36.172549079824044 -2.869083091139691, 36.16824014451443 -2.8715358059607103, 36.16393107075944 -2.8739882775459207, 36.159621856825204 -2.876440502817515, 36.155312500978376 -2.878892478694738, 36.15100300148572 -2.8813442020964017, 36.14669335661397 -2.8837956699413176, 36.142383564629895 -2.8862468791482887, 36.13807362380047 -2.8886978266347394, 36.13376353239325 -2.891148509314996, 36.12945328867589 -2.8935989241029674, 36.12514289091603 -2.8960490679125606, 36.12083233738127 -2.898498937657673, 36.11652162633958 -2.9009485302506524, 36.11221075605947 -2.9033978426006364, 36.107899724809506 -2.9058468716163657, 36.1035885308583 -2.9082956142065806, 36.09927717247446 -2.910744067280007, 36.09496564792689 -2.9131922277436297, 36.090653955485166 -2.915640092501124, 36.086342093418885 -2.9180876584557947, 36.08203005999767 -2.9205349225109427, 36.07771785349117 -2.9229818815698523, 36.073405472169355 -2.925428532533855, 36.06909291430289 -2.9278748723008947, 36.0647801781625 -2.9303208977685755, 36.06046726201886 -2.932766605834497, 36.056154164142754 -2.9352119933962326, 36.05184088280529 -2.937657057349174, 36.04752741627829 -2.9401017945852654, 36.043213762833666 -2.9425462019961444, 36.03889992074329 -2.944990276473446, 36.03458588827904 -2.947434014908759, 36.03027166371333 -2.9498774141912563, 36.025957245319226 -2.9523204712066304, 36.02164263136985 -2.954763182840303, 36.01732782013836 -2.957205545977699, 36.013012809897916 -2.9596475575041716, 36.008697598922176 -2.9620892143023703, 36.00438218548557 -2.9645305132514395, 36.000066567862504 -2.9669714512302847, 35.99575074432743 -2.9694120251178133, 35.991434713154796 -2.9718522317928358, 35.98711847261971 -2.9742920681311897, 35.98280202099796 -2.9767315310052407, 35.978485356565386 -2.9791706172871595, 35.974168477597836 -2.9816093238491175, 35.96985138237117 -2.984047647563152, 35.96553406916199 -2.986485585298044, 35.96121653624761 -2.988923133919175, 35.95689878190539 -2.991360290291771, 35.95258080441266 -2.9937970512810548, 35.94826260204685 -2.9962334137520723, 35.94394417308613 -2.9986693745662634, 35.939625515809375 -3.001104930581735, 35.935306628495525 -3.003540078656472, 35.9309875094235 -3.0059748156484534, 35.926668156872296 -3.0084091384154252, 35.92234856912174 -3.0108430438111924, 35.91802874445243 -3.0132765286863616, 35.91370868114496 -3.015709589891439, 35.90938837747991 -3.0181422242769367, 35.90506783173796 -3.020574428693043, 35.90074704220075 -3.0230061999856694, 35.89642600715062 -3.025437534997673, 35.89210472486993 -3.027868430571846, 35.88778319364101 -3.0302988835509796, 35.883461411746346 -3.032728890777445, 35.87913937746945 -3.035158449088988, 35.874817089094506 -3.037587555320487, 35.87049454490576 -3.040016206306782, 35.86617174318738 -3.042444398882705, 35.86184868222374 -3.0448721298825485, 35.857525360300365 -3.0472993961356334, 35.8532017757034 -3.049726194468631, 35.84887792671901 -3.05215252170819, 35.844553811633375 -3.0545783746809585, 35.84022942873283 -3.057003750212878, 35.835904776305014 -3.0594286451245907, 35.831579852638136 -3.0618530562343356, 35.82725465602041 -3.064276980360337, 35.82292918474008 -3.066700414320824, 35.81860343708557 -3.069123354933115, 35.814277411346765 -3.071545799008939, 35.80995110581403 -3.0739677433578816, 35.805624518777755 -3.076389184789526, 35.80129764852836 -3.078810120113457, 35.796970493356504 -3.081230546138098, 35.79264305155435 -3.0836504596659777, 35.78831532141454 -3.0860698574977476, 35.783987301229686 -3.0884887364340603, 35.77965898929242 -3.090907093275568, 35.77533038389576 -3.0933249248214802, 35.77100148333436 -3.0957422278649944, 35.76667228590325 -3.0981589991977354, 35.762342789897474 -3.1005752356113288, 35.75801299361214 -3.1029909338974013, 35.75368289534274 -3.105406090845755, 35.74935249338648 -3.1078207032400034, 35.74502178604092 -3.1102347678624476, 35.740690771603596 -3.112648281495384, 35.73635944837207 -3.1150612409211123, 35.7320278146445 -3.117473642919683, 35.72769586872078 -3.119885484264969, 35.72336360890113 -3.1222967617297885, 35.71903103348573 -3.124707472086959, 35.71469814077475 -3.127117612109285, 35.71036492906917 -3.1295271785667813, 35.70603139667164 -3.1319361682232447, 35.701697541885004 -3.134344577841633, 35.697363363012144 -3.1367524041849033, 35.693028858355916 -3.139159644015978, 35.68869402622026 -3.141566294094636, 35.684358864911 -3.143972351174989, 35.680023372734134 -3.1463778120105546, 35.675687547995686 -3.148782673354852, 35.671351389001686 -3.15118693196131, 35.66701489405891 -3.1535905845787244, 35.662678061475305 -3.1559936279491696, 35.658340889558886 -3.1583960588141915, 35.65400337661766 -3.160797873915332, 35.64966552095976 -3.1631990699940906, 35.64532732089631 -3.1655996437904377, 35.64098877474204 -3.1679995920425763, 35.63664988081184 -3.1703989114886038, 35.63231063742065 -3.1727975988666186, 35.6279710428831 -3.175195650913839, 35.62363109550852 -3.1775930643495256, 35.61929079360127 -3.1799898358761958, 35.61495013546552 -3.1823859621957262, 35.610609119405424 -3.1847814400099934, 35.60626774372734 -3.1871762660241933, 35.60192600676815 -3.1895704369902216, 35.59758390688731 -3.191963949694459, 35.593241442444786 -3.1943568009240972, 35.58889861180058 -3.1967489874663277, 35.58455541330331 -3.1991405060865006, 35.580211845187506 -3.2015313533305063, 35.575867905621806 -3.2039215256174405, 35.57152359277404 -3.2063110193648643, 35.56717890481202 -3.2086998309903327, 35.56283383996694 -3.2110879570260105, 35.558488396934145 -3.213475394843449, 35.554142574615305 -3.215862142187465, 35.54979637191309 -3.218248196804574, 35.545449787730135 -3.22063355644129, 35.54110282063665 -3.2230182182325833, 35.53675546741022 -3.225402176015624, 35.53240772422682 -3.2277854225209177, 35.52805958726202 -3.2301679504781555, 35.5237110526914 -3.2325497526170306, 35.519362118403166 -3.2349308248032673, 35.51501278908952 -3.2373111753609667, 35.51066307113198 -3.2396908157075273, 35.50631297091208 -3.2420697572603476, 35.50196249480329 -3.244448011422083, 35.497611640249964 -3.2468255732253333, 35.49326037868307 -3.249202390011689, 35.48890867682233 -3.251578400485438, 35.48455650138744 -3.253953543350868, 35.480203819126025 -3.256327757362741, 35.475850601743744 -3.2587009902453077, 35.47149683157184 -3.2610732089451404, 35.467142492313876 -3.263444382891554, 35.46278756767349 -3.2658144815138654, 35.45843204145876 -3.268183474433067, 35.454075904128565 -3.2705513434688003, 35.449719156675464 -3.272918089761283, 35.44536180102497 -3.2752837161619053, 35.441003839102606 -3.2776482255220554, 35.43664527276491 -3.2800116205660848, 35.432286101720976 -3.282373900059025, 35.42792632316343 -3.284735058126694, 35.42356593414174 -3.287095088630828, 35.41920493170532 -3.2894539854331577, 35.41484331294154 -3.2918117424639837, 35.41048107561554 -3.2941683548789418, 35.40611821807714 -3.2965238188906327, 35.40175473869526 -3.298878130746308, 35.3973906358389 -3.301231286693224, 35.39302590785934 -3.3035832829441794, 35.38866055290982 -3.3059341153263353, 35.3842945690194 -3.3082837794249484, 35.37992795421524 -3.310632270821547, 35.37556070652444 -3.312979585097652, 35.3711928239831 -3.3153257178478417, 35.36682430469299 -3.317670664762843, 35.36245514678526 -3.320014421576349, 35.3580853483912 -3.322356984022253, 35.353714907642114 -3.3246983478344516, 35.349343822667294 -3.327038508737881, 35.3449720915861 -3.329377462413008, 35.34059971251483 -3.331715204526525, 35.33622668356978 -3.3340517307451223, 35.331853002867206 -3.336387036735487, 35.32747866852687 -3.3387211181626184, 35.323103678680006 -3.3410539706858544, 35.318728031460296 -3.343385589963346, 35.31435172500141 -3.3457159716532403, 35.309974757437004 -3.348045111413659, 35.30559712690332 -3.350373004895914, 35.30121883154236 -3.352699647735806, 35.296839869496864 -3.355025035566986, 35.29246023890967 -3.357349164023109, 35.288079937923634 -3.3596720287377053, 35.28369896468593 -3.3619936253367912, 35.279317317350575 -3.364313949434633, 35.27493499407213 -3.3666329966444706, 35.27055199300517 -3.368950762579546, 35.266168312304465 -3.371267242852726, 35.2617839501301 -3.3735824330668818, 35.2573989046479 -3.3758963288141035, 35.25301317402396 -3.3782089256859447, 35.248626756424386 -3.380520219273957, 35.24423965001574 -3.38283020516886, 35.239851852971206 -3.3851388789496064, 35.235463363468824 -3.3874462361864364, 35.23107417968676 -3.3897522724493854, 35.22668429980317 -3.3920569833084904, 35.22229372199713 -3.394360364332181, 35.217902444455376 -3.3966624110754893, 35.21351046536845 -3.39896311908678, 35.20911778292689 -3.4012624839143686, 35.204724395321264 -3.4035605011065715, 35.20033030074375 -3.4058571662089316, 35.19593549739499 -3.4081524747526117, 35.191539983478314 -3.410446422264117, 35.18714375719708 -3.4127390042699552, 35.18274681675463 -3.41503021629663, 35.17834916035699 -3.417320053866198, 35.173950786218924 -3.419608512486199, 35.169551692556965 -3.42189558766122, 35.16515187758761 -3.424181274895844, 35.16075133952746 -3.426465569694618, 35.15635007659711 -3.4287484675554882, 35.15194808702565 -3.4310299639627453, 35.14754536904318 -3.4333100543989787, 35.14314192087981 -3.435588734346779, 35.13873774076582 -3.4378659992885248, 35.134332826937126 -3.4401418446975813, 35.12992717763727 -3.442416266035248, 35.125520791110354 -3.4446892587619824, 35.12111366560045 -3.4469608183382388, 35.11670579935205 -3.4492309402238486, 35.112297190617 -3.4514996198673087, 35.107887837653614 -3.4537668527072736, 35.10347773872038 -3.4560326341820655, 35.09906689207578 -3.4582969597300073, 35.094655295979265 -3.4605598247880285, 35.09024294869914 -3.4628212247797325, 35.085829848508716 -3.465081155121331, 35.081415993681325 -3.467339611228958, 35.07700138249031 -3.469596588518744, 35.0725860132108 -3.47185208240416, 35.068169884128 -3.474106088284069, 35.06375299353047 -3.476358601552344, 35.05933533970683 -3.4786096176028565, 35.054916920945644 -3.480859131829474, 35.050497735538755 -3.4831071396215054, 35.04607778178831 -3.4853536363535067, 35.04165705799864 -3.4875986173970634, 35.03723556247401 -3.4898420781237567, 35.03281329351876 -3.49208401390511, 35.02839024944231 -3.4943244201056034, 35.023966428563995 -3.4965632920760723, 35.019541829204215 -3.4988006251657873, 35.01511644968342 -3.501036414724022, 35.01069028832228 -3.503270656099746, 35.00626334344869 -3.5055033446321655, 35.00183561339918 -3.5077344756489106, 34.99740709651081 -3.509964044476937, 34.99297779112059 -3.5121920464432024, 34.98854769556625 -3.514418476873769, 34.98411680819489 -3.516643331082417, 34.97968512736044 -3.518866604373992, 34.97525265141699 -3.521088292053141, 34.970819378718645 -3.5233083894245096, 34.96638530762107 -3.5255268917907525, 34.96195043649102 -3.5277437944403713, 34.95751476370011 -3.5299590926557456, 34.95307828761997 -3.53217278171923, 34.94864100662221 -3.5343848569131775, 34.94420291908151 -3.536595313516156, 34.93976402338457 -3.5388041467918945, 34.93532431792101 -3.5410113520004884, 34.93088380108045 -3.5432169244020346, 34.92644247125254 -3.545420859256596, 34.922000326832226 -3.5476231518178842, 34.91755736622607 -3.5498237973256446, 34.91311358784218 -3.5520227910177575, 34.9086689900887 -3.554220128132108, 34.90422357137393 -3.5564158039063307, 34.89977733011416 -3.5586098135687725, 34.89533026473582 -3.5608021523359397, 34.890882373666024 -3.5629928154235717, 34.88643365533185 -3.565181798047405, 34.881984108161156 -3.5673690954223285, 34.877533730592404 -3.5695547027511814, 34.873082521071986 -3.5717386152278245, 34.868630478046434 -3.5739208280459063, 34.864177599962375 -3.5761013363990757, 34.85972388526818 -3.5782801354789426, 34.85526933242503 -3.5804572204630807, 34.850813939899446 -3.582632586523147, 34.846357706157946 -3.5848062288307814, 34.84190062966709 -3.5869781425576215, 34.83744270889719 -3.5891483228712704, 34.83298394233226 -3.591316764924807, 34.828524328459345 -3.59348346386804, 34.82406386576553 -3.59564841485078, 34.81960255273791 -3.597811613022777, 34.81514038787027 -3.599973053526898, 34.81067736966919 -3.602132731492703, 34.80621349664278 -3.6042906420482352, 34.801748767299095 -3.606446780321539, 34.7972831801466 -3.6086011414402748, 34.792816733703674 -3.610753720522125, 34.78834942649942 -3.612904512674047, 34.78388125706348 -3.615053513002472, 34.77941222392545 -3.6172007166138287, 34.7749423256162 -3.6193461186133344, 34.770471560679596 -3.621489714093573, 34.76599992766724 -3.623631498139608, 34.761527425130815 -3.625771465836406, 34.75705405162202 -3.6279096122689327, 34.75257980569555 -3.630045932519343, 34.74810468592102 -3.632180421655718, 34.743628690872754 -3.6343130747417276, 34.73915181912507 -3.6364438868410485, 34.7346740692523 -3.638572853017342, 34.73019543983467 -3.6406999683288737, 34.72571592946736 -3.6428252278203206, 34.721235536747855 -3.6449486265342537, 34.71675426027363 -3.6470701595132415, 34.71227209864239 -3.6491898217996406, 34.70778905046158 -3.6513076084272496, 34.7033051143515 -3.6534235144185145, 34.69882028893336 -3.6555375347951053, 34.69433457282835 -3.657649664578691, 34.68984796465867 -3.659759898790067, 34.68536046306004 -3.6618682324385383, 34.680872066677736 -3.6639746605252648, 34.676382774157226 -3.66607917805124, 34.671892584143976 -3.668181780017454, 34.667401495286214 -3.6702824614226146, 34.6629095062484 -3.6723812172521075, 34.65841661570082 -3.6744780424864896, 34.65392282231378 -3.6765729321063128, 34.64942812475762 -3.6786658810921256, 34.64493252170858 -3.680756884419749, 34.64043601185952 -3.68284593705183, 34.63593859390617 -3.6849330339487456, 34.6314402665442 -3.687018170070865, 34.62694102846961 -3.6891013403783934, 34.6224408783886 -3.691182539823638, 34.617939815021835 -3.6932617633478886, 34.613437837090984 -3.695339005891613, 34.60893494331777 -3.6974142623952813, 34.60443113242499 -3.6994875277985577, 34.59992640315013 -3.701558797030252, 34.59542075424123 -3.7036280650113946, 34.59091418444655 -3.705695326662847, 34.586406692514366 -3.707760576905472, 34.581898277196075 -3.709823810657897, 34.57738893726085 -3.7118850228261304, 34.572878671484105 -3.7139442083117413, 34.56836747864125 -3.716001362016296, 34.563855357507705 -3.718056478841348, 34.55934230686584 -3.7201095536837148, 34.55482832551592 -3.7221605814279317, 34.550313412261076 -3.72420955695657, 34.54579756590448 -3.7262564751522005, 34.54128078524958 -3.728301330897178, 34.53676306911187 -3.730344119066002, 34.532244416321895 -3.732384834523302, 34.52772482571112 -3.7344234721330856, 34.52320429611107 -3.7364600267593566, 34.51868282635476 -3.738494493265155, 34.514160415292054 -3.740526866502909, 34.50963706178323 -3.7425571413184784, 34.505112764688725 -3.7445853125576236, 34.50058752286895 -3.7466113750661076, 34.496061335188635 -3.748635323687099, 34.49153420053213 -3.750657153251909, 34.48700611778942 -3.752676858588458, 34.48247708585046 -3.754694434524665, 34.4779471036053 -3.7567098758884163, 34.47341616995309 -3.758723177502306, 34.468884283811676 -3.760734334178139, 34.46435144410118 -3.762743340726408, 34.459817649741716 -3.7647501919576025, 34.455282899654065 -3.7667548826818296, 34.45074719277403 -3.7687574077009236, 34.446210528051886 -3.7707577618087034, 34.44167290443849 -3.7727559397986647, 34.437134320884724 -3.7747519364643023, 34.43259477634409 -3.776745746597713, 34.42805426978985 -3.7787373649805813, 34.4235128002042 -3.7807267863898826, 34.418970366569376 -3.7827140056025677, 34.414426967867605 -3.7846990173955866, 34.40988260308793 -3.786681816542477, 34.40533727124046 -3.7886623978061778, 34.40079097133944 -3.790640755947574, 34.39624370239908 -3.792616885727551, 34.39169546343388 -3.7945907819068547, 34.38714625347135 -3.796562439240021, 34.38259607155701 -3.7985318524729927, 34.37804491673765 -3.800499016351084, 34.37349278806012 -3.8024639256196098, 34.368939684572894 -3.8044265750231236, 34.36438560534362 -3.806386959297505, 34.35983054945216 -3.8083450731731046, 34.35527451597854 -3.8103009113801845, 34.35071750400279 -3.8122544686490096, 34.3461595126101 -3.8142057397076297, 34.34160054090821 -3.8161547192744356, 34.337040588010986 -3.8181014020651762, 34.33247965303233 -3.820045782795604, 34.32791773508621 -3.82198785618142, 34.32335483329802 -3.8239276169337195, 34.31879094681389 -3.8258650597551966, 34.31422607478216 -3.8278001793476495, 34.309660216351176 -3.829732970412878, 34.30509337067041 -3.831663427652248, 34.30052553690785 -3.8335915457600858, 34.295956714246465 -3.835517319424989, 34.29138690186967 -3.8374407433353888, 34.28681609896094 -3.8393618121797193, 34.28224430470783 -3.8412805206449163, 34.27767151832137 -3.8431968634095615, 34.27309773902068 -3.8451108351493284, 34.2685229660249 -3.8470224305398864, 34.26394719855324 -3.8489316442568913, 34.25937043583516 -3.8508384709725476, 34.25479267712311 -3.8527429053514233, 34.250213921672525 -3.854644942057053, 34.24563416873889 -3.8565445757529724, 34.24105341757852 -3.8584418011024533, 34.23647166746591 -3.860336612763127, 34.23188891769279 -3.862229005387259, 34.227305167551584 -3.8641189736269035, 34.22272041633474 -3.8660065121341143, 34.21813466333835 -3.867891615559877, 34.21354790788274 -3.8697742785482343, 34.208960149297866 -3.871654495740439, 34.20437138691373 -3.873532261777734, 34.19978162006039 -3.8754075713013627, 34.19519084807776 -3.8772804189499346, 34.19059907033031 -3.87915079935556, 34.18600628618624 -3.8810187071493614, 34.18141249501376 -3.882884136962461, 34.176817696181836 -3.8847470834257973, 34.172221889077775 -3.8866075411658585, 34.16762507310774 -3.888465504804577, 34.16302724767874 -3.8903209689636755, 34.1584284121978 -3.8921739282648815, 34.153828566075575 -3.8940243773291225, 34.14922770874785 -3.8958723107718134, 34.14462583966104 -3.8977177232060476, 34.14002295826159 -3.8995606092449075, 34.13541906399598 -3.9014009635014757, 34.13081415632088 -3.9032387805868183, 34.126208234718774 -3.9050740551069194, 34.12160129867613 -3.906906781666968, 34.11699334767946 -3.908736954872155, 34.11238438121605 -3.910564569327529, 34.10777439879254 -3.9123896196347663, 34.10316339993515 -3.914212100392107, 34.09855138417105 -3.9160320061976397, 34.093938351027376 -3.917849331649454, 34.08932430003527 -3.919664071345028, 34.084709230752345 -3.921476219877805, 34.08009314274695 -3.923285771839582, 34.075476035587485 -3.925092721822155, 34.07085790884239 -3.9268970644173145, 34.06623876209139 -3.92869879421538, 34.06161859494085 -3.93049790580319, 34.05699740700106 -3.932294393767079, 34.05237519788226 -3.9340882526933836, 34.04775196719575 -3.9358794771683243, 34.04312771457384 -3.9376680617758435, 34.03850243966853 -3.939454001097755, 34.03387614213249 -3.9412372897157892, 34.02924882161844 -3.943017922211674, 34.02462047778396 -3.944795893166724, 34.01999111031467 -3.946571197159818, 34.01536071890633 -3.948343828768959, 34.01072930325467 -3.950113782572155, 34.006096863055575 -3.951881053147405, 34.00146339801808 -3.9536456350718496, 33.996828907878296 -3.9554075229208845, 33.99219339237559 -3.957166711269692, 33.987556851249344 -3.9589231946934533, 33.982919284240445 -3.9606769677672835, 33.97828069111333 -3.9624280250652903, 33.97364107165109 -3.9641763611607743, 33.96900042563728 -3.9659219706270172, 33.964358752855496 -3.967664848037299, 33.95971605309571 -3.969404987964765, 33.95507232617766 -3.9711423849819276, 33.9504275719297 -3.972877033661118, 33.94578179018017 -3.97460892857466, 33.94113498075768 -3.976338064294888, 33.936487143507 -3.9780644353941312, 33.9318382782994 -3.9797880364447376, 33.92718838500855 -3.9815088620190484, 33.922537463508164 -3.983226906689411, 33.91788551367431 -3.984942165028221, 33.91323253540979 -3.986654631608464, 33.90857852863392 -3.9883643010034864, 33.90392349326628 -3.990071167786642, 33.89926742922643 -3.9917752265312836, 33.89461033644293 -3.9934764718111553, 33.88995221487518 -3.995174898201343, 33.8852930644892 -3.996870500277225, 33.88063288525096 -3.9985632726141715, 33.875971677127076 -4.000253209787598, 33.87130944010436 -4.001940306374233, 33.86664617419431 -4.003624556952414, 33.861981879409875 -4.005305956100573, 33.857316555764 -4.00698449839714, 33.85265020327374 -4.0086601784209, 33.84798282198607 -4.010332990753234, 33.843314411961394 -4.012002929976686, 33.83864497326011 -4.013669990673798, 33.83397450594275 -4.015334167427126, 33.829303010082754 -4.016995454820623, 33.824630485784155 -4.01865384744155, 33.81995693315542 -4.020309339877653, 33.815282352304926 -4.021961926716667, 33.81060674334262 -4.023611602546522, 33.805930106403416 -4.025258361958398, 33.8012524416436 -4.0269021995462415, 33.79657374922008 -4.028543109904087, 33.791894029289814 -4.0301810876259685, 33.78721328201667 -4.031816127306972, 33.782531507597064 -4.033448223547108, 33.77784870623691 -4.035077370947823, 33.77316487814212 -4.0367035641105655, 33.76848002351893 -4.03832679763684, 33.76379414259196 -4.03994706613133, 33.759107235614195 -4.041564364203625, 33.75441930284098 -4.043178686463728, 33.7497303445277 -4.044790027521639, 33.7450403609329 -4.0463983819879905, 33.740349352345234 -4.048003744479259, 33.735657319069816 -4.049606109615135, 33.73096426141193 -4.051205472015337, 33.72627017967686 -4.052801826299592, 33.72157507418169 -4.05439516709017, 33.71687894527636 -4.055985489016456, 33.71218179331652 -4.057572786709071, 33.7074836186578 -4.059157054798634, 33.70278442165704 -4.060738287916047, 33.698084202695924 -4.062316480698135, 33.69338296217997 -4.063891627787394, 33.6886807005156 -4.065463723826546, 33.683977418109265 -4.06703276345831, 33.67927311537397 -4.068598741327115, 33.67456779275655 -4.070161652086186, 33.66986145071464 -4.0717214903915595, 33.66515408970587 -4.073278250899274, 33.66044571018819 -4.074831928265448, 33.655736312638126 -4.076382517151452, 33.65102589756219 -4.077930012227111, 33.64631446546969 -4.079474408163031, 33.64160201686984 -4.081015699629805, 33.6368885522752 -4.082553881299029, 33.63217407222952 -4.084088947851798, 33.62745857729387 -4.085620893974472, 33.62274206802948 -4.087149714353459, 33.618024544997624 -4.0886754036751825, 33.613306008772106 -4.0901979566301465, 33.608586459960755 -4.091717367919981, 33.60386589917721 -4.093233632248186, 33.59914432703503 -4.094746744318266, 33.59442174414924 -4.096256698834205, 33.58969815116134 -4.0977634905092435, 33.584973548736805 -4.0992671140649675, 33.58024793754191 -4.100767564223258, 33.57552131824297 -4.102264835705997, 33.57079369151391 -4.1037589232379, 33.5660650580639 -4.10524982155676, 33.56133541861224 -4.106737525404145, 33.5566047738783 -4.108222029521629, 33.55187312458181 -4.1097033286509514, 33.5471404714635 -4.111181417542102, 33.542406815293766 -4.112656290956774, 33.53767215684529 -4.1141279436575475, 33.53293649689072 -4.115596370407003, 33.52819983620703 -4.1170615659695144, 33.5234621756047 -4.118523525123421, 33.51872351590992 -4.119982242653618, 33.51398385794897 -4.121437713345033, 33.50924320254825 -4.122889931982637, 33.50450155054942 -4.124338893358131, 33.49975890282812 -4.125784592278157, 33.49501526026454 -4.127227023551346, 33.49027062373886 -4.128666181986337, 33.48552499413343 -4.13010206239278, 33.48077837236055 -4.131534659594173, 33.476030759354046 -4.132963968423998, 33.471282156048254 -4.13438998371596, 33.46653256337746 -4.135812700303764, 33.46178198228643 -4.137232113026192, 33.45703041375605 -4.1386482167396, 33.452277858774956 -4.140061006304146, 33.44752431833186 -4.141470476579985, 33.44276979341636 -4.142876622427766, 33.4380142850434 -4.1442794387210355, 33.43325779425488 -4.145678920347117, 33.428500322094045 -4.147075062194013, 33.423741869604115 -4.14846785914972, 33.418982437835055 -4.149857306105828, 33.414222027872796 -4.1512433979731505, 33.4094606408153 -4.152626129668936, 33.404698277760545 -4.154005496110435, 33.39993493980683 -4.155381492215082, 33.3951706280728 -4.156754112911665, 33.390405343708586 -4.158123353146581, 33.385639087867055 -4.1594892078677415, 33.38087186170109 -4.160851672023065, 33.376103666367634 -4.162210740562859, 33.37133450305768 -4.163566408457266, 33.366564372979006 -4.164918670686224, 33.361793277339494 -4.166267522229742, 33.35702121734709 -4.167612958067866, 33.35224819422533 -4.168954973190116, 33.3474742092325 -4.1702935626071564, 33.34269926363165 -4.171628721332521, 33.337923358685764 -4.1729604443797434, 33.33314649566022 -4.174288726763853, 33.32836867585123 -4.175613563519402, 33.32358990057654 -4.176934949694609, 33.318810171154404 -4.178252880337986, 33.31402948890302 -4.179567350498038, 33.30924785515201 -4.18087835523078, 33.30446527126753 -4.182185889616314, 33.29968173862308 -4.183489948739574, 33.29489725859214 -4.184790527685489, 33.29011183254942 -4.18608762153984, 33.28532546189664 -4.18738122540689, 33.28053814806149 -4.188671334408726, 33.27574989247276 -4.189957943668161, 33.2709606965592 -4.19124104830801, 33.26617056175765 -4.192520643456805, 33.26137948954161 -4.19379672426923, 33.25658748139519 -4.195069285907447, 33.251794538802415 -4.196338323533616, 33.24700066324795 -4.197603832310329, 33.2422058562393 -4.1988658074170715, 33.23741011931379 -4.200124244055348, 33.232613454010746 -4.201379137428143, 33.227815861869495 -4.202630482738445, 33.2230173444349 -4.2038782751934685, 33.21821790328734 -4.205122510027659, 33.21341754002131 -4.206363182486252, 33.20861625623132 -4.207600287814508, 33.20381405351213 -4.208833821257864, 33.199010933477325 -4.21006377807674, 33.19420689777334 -4.211290153557627, 33.1894019480499 -4.212512942989627, 33.18459608595671 -4.213732141661843, 33.17978931314719 -4.214947744866397, 33.174981631307936 -4.21615974792272, 33.17017304214325 -4.217368146164774, 33.16536354735759 -4.218572934926648, 33.16055314865548 -4.219774109542483, 33.15574184775681 -4.220971665359546, 33.150929646416955 -4.222165597755385, 33.146116546396314 -4.223355902111807, 33.14130254945524 -4.22454257381062, 33.136487657356334 -4.2257256082355665, 33.131671871890624 -4.2269050007953295, 33.12685519486891 -4.22808074691591, 33.12203762810237 -4.229252842023657, 33.11721917340222 -4.230421281544929, 33.11239983259458 -4.23158606091979, 33.107579607551045 -4.232747175630066, 33.102758500151864 -4.233904621165506, 33.09793651227729 -4.235058393015865, 33.093113645807534 -4.236208486670892, 33.088289902622854 -4.23735489762034, 33.083465284603484 -4.23849762135396, 33.07863979362967 -4.239636653361506, 33.07381343158164 -4.240771989132728, 32.94295601423652 -3.5592003396007375))