POLYGON ((12.960240060015007 0.9000000000000004, 12.965294935384208 0.9, 12.97034981075341 0.8999999999999998, 12.975404686122616 0.8999999999999999, 12.980459561491822 0.8999999999999999, 12.98551443686103 0.9, 12.990569312230232 0.8999999999999998, 12.99562418759944 0.9, 13.000679062968647 0.9000000000000004, 13.005733938337853 0.9000000000000001, 13.010788813707055 0.8999999999999999, 13.015843689076261 0.9000000000000001, 13.020898564445467 0.8999999999999999, 13.02595343981467 0.8999999999999999, 13.031008315183879 0.9000000000000001, 13.036063190553085 0.9000000000000002, 13.041118065922293 0.9000000000000002, 13.046172941291498 0.9000000000000004, 13.051227816660703 0.9000000000000002, 13.056282692029903 0.9000000000000001, 13.061337567399107 0.8999999999999999, 13.066392442768313 0.8999999999999998, 13.071447318137517 0.8999999999999999, 13.076502193506721 0.9, 13.081557068875927 0.8999999999999999, 13.08661194424513 0.8999999999999998, 13.09166681961434 0.8999999999999999, 13.096721694983543 0.8999999999999997, 13.101776570352753 0.9000000000000001, 13.106831445721959 0.8999999999999999, 13.111886321091161 0.8999999999999998, 13.116941196460367 0.8999999999999998, 13.121996071829573 0.8999999999999998, 13.127050947198777 0.8999999999999999, 13.132105822567983 0.8999999999999999, 13.137160697937189 0.9000000000000002, 13.142215573306396 0.9000000000000005, 13.147270448675597 0.9000000000000001, 13.152325324044801 0.8999999999999999, 13.157380199414007 0.9, 13.162435074783215 0.9000000000000001, 13.167489950152417 0.8999999999999999, 13.172544825521621 0.8999999999999999, 13.177599700890827 0.8999999999999999, 13.182654576260035 0.8999999999999997, 13.187709451629239 0.8999999999999998, 13.192764326998446 0.8999999999999999, 13.197819202367652 0.8999999999999999, 13.202874077736857 0.8999999999999999, 13.207928953106062 0.8999999999999999, 13.212983828475267 0.8999999999999999, 13.21803870384447 0.9000000000000001, 13.223093579213675 0.8999999999999999, 13.228148454582877 0.8999999999999998, 13.233203329952083 0.8999999999999999, 13.238258205321287 0.8999999999999997, 13.243313080690493 0.8999999999999998, 13.248367956059703 0.8999999999999999, 13.25342283142891 0.9, 13.258477706798116 0.9, 13.263532582167324 0.9000000000000001, 13.268587457536526 0.9, 13.273642332905732 0.9, 13.278697208274936 0.8999999999999999, 13.283752083644139 0.8999999999999999, 13.288806959013339 0.8999999999999997, 13.293861834382543 0.8999999999999996, 13.29891670975175 0.8999999999999997, 13.303971585120953 0.8999999999999994, 13.309026460490161 0.8999999999999996, 13.314081335859367 0.8999999999999996, 13.319136211228576 0.8999999999999998, 13.324191086597779 0.8999999999999997, 13.329245961966985 0.8999999999999997, 13.334300837336189 0.8999999999999997, 13.339355712705398 0.8999999999999999, 13.344410588074599 0.8999999999999997, 13.349465463443808 0.8999999999999999, 13.354520338813014 0.9, 13.35957521418222 0.9000000000000001, 13.364630089551422 0.8999999999999999, 13.36968496492063 0.9000000000000001, 13.374739840289832 0.8999999999999999, 13.379794715659042 0.9, 13.384849591028244 0.8999999999999997, 13.38990446639745 0.9, 13.394959341766656 0.8999999999999999, 13.400014217135862 0.8999999999999999, 13.405069092505068 0.9000000000000001, 13.410123967874272 0.9, 13.415178843243476 0.8999999999999998, 13.420233718612684 0.8999999999999998, 13.425288593981884 0.8999999999999999, 13.430343469351088 0.8999999999999998, 13.435398344720292 0.8999999999999998, 13.440453220089495 0.8999999999999997, 13.4455080954587 0.8999999999999996, 13.450562970827907 0.8999999999999998, 13.455617846197113 0.8999999999999997, 13.460672721566318 0.8999999999999997, 13.465727596935528 0.8999999999999998, 13.470782472304734 0.8999999999999999, 13.475837347673941 0.8999999999999999, 13.480892223043147 0.9, 13.485947098412353 0.9000000000000001, 13.491001973781556 0.8999999999999999, 13.496056849150758 0.8999999999999998, 13.501111724519964 0.8999999999999998, 13.506166599889172 0.8999999999999999, 13.511221475258376 0.8999999999999999, 13.516276350627582 0.8999999999999999, 13.521331225996791 0.8999999999999999, 13.526386101365995 0.8999999999999998, 13.5314409767352 0.8999999999999998, 13.536495852104402 0.8999999999999997, 13.541550727473606 0.8999999999999996, 13.54660560284281 0.8999999999999996, 13.551660478212016 0.8999999999999999, 13.556715353581222 0.8999999999999999, 13.56177022895043 0.9000000000000001, 13.566825104319634 0.9000000000000001, 13.571879979688838 0.9000000000000001, 13.576934855058044 0.9, 13.581989730427246 0.8999999999999998, 13.587044605796454 0.8999999999999999, 13.592099481165656 0.8999999999999996, 13.597154356534862 0.8999999999999999, 13.602209231904066 0.8999999999999998, 13.607264107273274 0.9, 13.61231898264248 0.8999999999999999, 13.617373858011684 0.8999999999999999, 13.622428733380891 0.9000000000000001, 13.627483608750097 0.9, 13.6325384841193 0.9, 13.637593359488504 0.8999999999999998, 13.642648234857708 0.8999999999999997, 13.647703110226914 0.8999999999999997, 13.652757985596116 0.8999999999999998, 13.65781286096532 0.8999999999999997, 13.66286773633453 0.8999999999999998, 13.667922611703737 0.8999999999999999, 13.672977487072943 0.8999999999999998, 13.678032362442151 0.9, 13.683087237811357 0.8999999999999999, 13.688142113180566 0.9000000000000001, 13.69319698854977 0.9000000000000001, 13.698251863918975 0.9000000000000002, 13.703306739288184 0.9000000000000004, 13.708361614657386 0.9000000000000002, 13.713416490026589 0.9000000000000001, 13.718471365395793 0.9, 13.723526240764995 0.8999999999999999, 13.7285811161342 0.9, 13.733635991503403 0.8999999999999999, 13.738690866872611 0.8999999999999999, 13.743745742241813 0.8999999999999998, 13.748800617611018 0.8999999999999997, 13.753855492980222 0.8999999999999997, 13.758910368349428 0.8999999999999996, 13.763965243718634 0.8999999999999997, 13.76902011908784 0.8999999999999999, 13.774074994457047 0.9000000000000002, 13.779129869826255 0.9000000000000002, 13.784184745195459 0.9000000000000002, 13.789239620564665 0.9000000000000001, 13.794294495933867 0.8999999999999999, 13.799349371303073 0.8999999999999998, 13.804404246672282 0.8999999999999999, 13.809459122041487 0.8999999999999999, 13.814513997410689 0.8999999999999998, 13.819568872779893 0.8999999999999998, 13.824623748149104 0.9000000000000001, 13.82967862351831 0.9, 13.834733498887516 0.9, 13.83978837425672 0.9, 13.844843249625924 0.9, 13.84989812499513 0.8999999999999999, 13.854953000364333 0.8999999999999999, 13.86000787573354 0.8999999999999999, 13.865062751102746 0.9000000000000001, 13.870117626471952 0.9000000000000002, 13.875172501841156 0.9000000000000001, 13.880227377210366 0.9000000000000002, 13.885282252579568 0.9000000000000001, 13.890337127948776 0.9000000000000001, 13.89539200331798 0.9000000000000001, 13.900446878687184 0.8999999999999999, 13.90550175405639 0.9, 13.910556629425592 0.8999999999999999, 13.915611504794796 0.8999999999999999, 13.920666380163999 0.8999999999999998, 13.925721255533208 0.9, 13.930776130902412 0.9, 13.93583100627162 0.9000000000000001, 13.940885881640826 0.9000000000000002, 13.945940757010032 0.9000000000000001, 13.950995632379234 0.8999999999999998, 13.956050507748438 0.8999999999999998, 13.96110538311764 0.8999999999999998, 13.966160258486841 0.8999999999999996, 13.971215133856047 0.8999999999999995, 13.976270009225255 0.8999999999999996, 13.981324884594462 0.8999999999999999, 13.98637975996367 0.8999999999999999, 13.991434635332878 0.8999999999999999, 13.996489510702082 0.8999999999999999, 14.001544386071288 0.9, 14.006599261440497 0.9000000000000001, 14.011654136809698 0.9, 14.0167090121789 0.9000000000000001, 14.02176388754811 0.9000000000000001, 14.026818762917317 0.9000000000000001, 14.031873638286521 0.9000000000000002, 14.036928513655726 0.9000000000000001, 14.04198338902493 0.9000000000000001, 14.047038264394137 0.9000000000000002, 14.052093139763338 0.8999999999999999, 14.057148015132542 0.8999999999999996, 14.062202890501743 0.8999999999999996, 14.067257765870949 0.8999999999999996, 14.072312641240156 0.8999999999999996, 14.077367516609362 0.8999999999999998, 14.082422391978568 0.9, 14.087477267347774 0.9, 14.092532142716982 0.9000000000000002, 14.097587018086188 0.9000000000000002, 14.10264189345539 0.9, 14.107696768824598 0.9, 14.112751644193802 0.8999999999999998, 14.117806519563006 0.8999999999999998, 14.122861394932212 0.8999999999999998, 14.127916270301416 0.8999999999999998, 14.132971145670622 0.8999999999999999, 14.138026021039828 0.9, 14.143080896409037 0.9, 14.14813577177824 0.9, 14.153190647147447 0.9000000000000002, 14.158245522516657 0.9000000000000005, 14.163300397885859 0.9000000000000004, 14.168355273255063 0.9000000000000002, 14.173410148624267 0.9000000000000001, 14.178465023993471 0.9, 14.183519899362677 0.9, 14.188574774731881 0.8999999999999999, 14.193629650101085 0.9, 14.198684525470291 0.9, 14.203739400839494 0.8999999999999999, 14.2087942762087 0.9, 14.213849151577906 0.8999999999999999, 14.218904026947113 0.9, 14.223958902316317 0.8999999999999999, 14.229013777685523 0.9, 14.234068653054731 0.9000000000000001, 14.239123528423935 0.9000000000000001, 14.244178403793143 0.9000000000000002, 14.249233279162347 0.9000000000000004, 14.254288154531551 0.9000000000000001, 14.259343029900757 0.9000000000000004, 14.264397905269963 0.9000000000000004, 14.269452780639167 0.9000000000000004, 14.274507656008371 0.9000000000000002, 14.279562531377575 0.9000000000000001, 14.284617406746783 0.9000000000000001, 14.289672282115989 0.9000000000000002, 14.294727157485193 0.9000000000000001, 14.299782032854399 0.9000000000000001, 14.304836908223608 0.9000000000000004, 14.309891783592805 0.8999999999999999, 14.314946658962016 0.9000000000000001, 14.320001534331217 0.8999999999999999, 14.325056409700423 0.9, 14.330111285069627 0.9, 14.335166160438833 0.9000000000000001, 14.340221035808039 0.9, 14.345275911177241 0.9000000000000001, 14.350330786546449 0.9000000000000001, 14.355385661915655 0.9, 14.360440537284857 0.8999999999999998, 14.365495412654068 0.8999999999999999, 14.370550288023274 0.8999999999999999, 14.37560516339248 0.9000000000000001, 14.380660038761683 0.9000000000000001, 14.385714914130887 0.9, 14.390769789500094 0.9000000000000002, 14.395824664869298 0.9000000000000002, 14.4008795402385 0.8999999999999999, 14.405934415607708 0.9, 14.410989290976913 0.8999999999999999, 14.416044166346122 0.9000000000000001, 14.421099041715328 0.9000000000000001, 14.426153917084532 0.9, 14.431208792453738 0.9000000000000002, 14.436263667822942 0.9000000000000002, 14.44131854319215 0.9000000000000001, 14.446373418561354 0.9000000000000001, 14.451428293930558 0.9000000000000002, 14.456483169299762 0.9000000000000001, 14.461538044668968 0.9000000000000004, 14.466592920038174 0.9000000000000001, 14.471647795407376 0.9000000000000001, 14.476702670776582 0.9000000000000001, 14.481757546145786 0.9, 14.486812421514992 0.9, 14.491867296884202 0.9000000000000001, 14.496922172253406 0.9000000000000001, 14.501977047622608 0.9, 14.507031922991814 0.9000000000000002, 14.51208679836102 0.9000000000000002, 14.517141673730219 0.9, 14.522196549099432 0.9000000000000002, 14.527251424468634 0.9000000000000001, 14.53230629983784 0.9000000000000001, 14.537361175207046 0.9000000000000001, 14.542416050576248 0.9, 14.547470925945456 0.9, 14.552525801314662 0.9, 14.557580676683866 0.8999999999999999, 14.562635552053072 0.8999999999999999, 14.56769042742228 0.8999999999999999, 14.572745302791484 0.8999999999999998, 14.577800178160693 0.9000000000000001, 14.582855053529896 0.8999999999999999, 14.587909928899101 0.8999999999999999, 14.592964804268306 0.9000000000000001, 14.598019679637511 0.9000000000000001, 14.603074555006712 0.8999999999999999, 14.60812943037592 0.9, 14.613184305745122 0.8999999999999999, 14.61823918111433 0.9000000000000002, 14.623294056483536 0.9000000000000002, 14.62834893185274 0.9000000000000001, 14.633403807221946 0.9, 14.638458682591155 0.9000000000000004, 14.64351355796036 0.9000000000000001, 14.648568433329563 0.9000000000000001, 14.653623308698768 0.9000000000000001, 14.658678184067972 0.9000000000000001, 14.663733059437176 0.9, 14.668787934806376 0.9000000000000001, 14.673842810175582 0.9, 14.67889768554479 0.9000000000000001, 14.683952560913992 0.9000000000000001, 14.689007436283198 0.8999999999999999, 14.694062311652406 0.9000000000000001, 14.699117187021614 0.9000000000000002, 14.70417206239082 0.9000000000000001, 14.709226937760029 0.9000000000000004, 14.714281813129233 0.9000000000000004, 14.719336688498437 0.9000000000000004, 14.724391563867641 0.9000000000000002, 14.729446439236847 0.9000000000000004, 14.734501314606051 0.9000000000000004, 14.739556189975255 0.9000000000000004, 14.744611065344458 0.9000000000000001, 14.749665940713665 0.9000000000000002, 14.754720816082868 0.9, 14.759775691452075 0.9, 14.764830566821285 0.9000000000000001, 14.76988544219049 0.9000000000000001, 14.774940317559693 0.9000000000000001, 14.779995192928903 0.9000000000000004, 14.785050068298101 0.8999999999999999, 14.790104943667307 0.8999999999999999, 14.795159819036515 0.9, 14.80021469440572 0.9, 14.805269569774923 0.8999999999999999, 14.81032444514413 0.8999999999999999, 14.815379320513337 0.9000000000000001, 14.82043419588254 0.8999999999999999, 14.825489071251745 0.8999999999999999, 14.83054394662095 0.9, 14.835598821990153 0.8999999999999999, 14.840653697359361 0.9, 14.845708572728569 0.9000000000000001, 14.850763448097773 0.9000000000000001, 14.855818323466977 0.9000000000000001, 14.860873198836181 0.9000000000000002, 14.865928074205385 0.9, 14.87098294957459 0.8999999999999999, 14.876037824943797 0.9, 14.881092700313003 0.9, 14.886147575682212 0.9000000000000001, 14.891202451051418 0.9000000000000002, 14.896257326420624 0.9000000000000001, 14.90131220178983 0.9000000000000002, 14.906367077159032 0.9000000000000002, 14.911421952528237 0.9000000000000002, 14.916476827897442 0.9000000000000004, 14.921531703266645 0.9, 14.92658657863585 0.9000000000000001, 14.931641454005053 0.9000000000000001, 14.936696329374257 0.9, 14.941751204743467 0.9000000000000004, 14.94680608011267 0.9000000000000001, 14.951860955481873 0.9, 14.956915830851079 0.9, 14.961970706220283 0.9000000000000001, 14.967025581589489 0.9000000000000001, 14.972080456958693 0.9000000000000001, 14.977135332327899 0.9, 14.982190207697107 0.9000000000000001, 14.987245083066313 0.9000000000000002, 14.99229995843552 0.9000000000000004, 14.997354833804724 0.9000000000000002, 15.002409709173932 0.9000000000000004, 15.007464584543134 0.9, 15.012519459912342 0.9, 15.017574335281545 0.8999999999999999, 15.02262921065075 0.8999999999999999, 15.027684086019953 0.8999999999999998, 15.03273896138916 0.8999999999999999, 15.037793836758366 0.9, 15.04284871212757 0.9, 15.047903587496778 0.9000000000000001, 15.052958462865982 0.9000000000000001, 15.05801333823519 0.9000000000000002, 15.063068213604392 0.9000000000000002, 15.068123088973598 0.9, 15.073177964342802 0.9000000000000001, 15.078232839712006 0.9000000000000001, 15.08328771508121 0.9000000000000002, 15.088342590450418 0.9000000000000001, 15.093397465819624 0.9000000000000001, 15.09845234118883 0.9000000000000002, 15.103507216558038 0.9000000000000001, 15.108562091927238 0.9000000000000001, 15.113616967296444 0.9, 15.118671842665648 0.9, 15.123726718034849 0.8999999999999998, 15.12878159340406 0.9000000000000002, 15.133836468773264 0.9000000000000001, 15.138891344142474 0.9000000000000001, 15.14394621951168 0.9000000000000002, 15.149001094880882 0.9000000000000001, 15.154055970250088 0.9000000000000002, 15.15911084561929 0.8999999999999999, 15.164165720988496 0.8999999999999998, 15.1692205963577 0.8999999999999998, 15.174275471726903 0.8999999999999996, 15.179330347096112 0.8999999999999998, 15.184385222465318 0.8999999999999998, 15.189440097834526 0.8999999999999999, 15.194494973203733 0.9, 15.19954984857294 0.9000000000000004, 15.204604723942142 0.9000000000000002, 15.20965959931135 0.9000000000000002, 15.214714474680553 0.9000000000000002, 15.219769350049756 0.9, 15.22482422541896 0.9, 15.229879100788164 0.8999999999999999, 15.234933976157368 0.8999999999999999, 15.239988851526578 0.9000000000000001, 15.245043726895783 0.9, 15.25009860226499 0.9000000000000001, 15.255153477634197 0.9000000000000004, 15.2602083530034 0.9000000000000004, 15.265263228372604 0.9000000000000002, 15.270318103741808 0.9000000000000001, 15.275372979111012 0.9000000000000002, 15.28042785448022 0.9000000000000004, 15.285482729849422 0.9000000000000001, 15.29053760521863 0.9000000000000002, 15.295592480587832 0.8999999999999999, 15.300647355957043 0.9000000000000001, 15.305702231326245 0.9000000000000001, 15.31075710669545 0.9000000000000001, 15.315811982064659 0.9000000000000002, 15.320866857433858 0.9000000000000001, 15.325921732803064 0.9000000000000002, 15.330976608172268 0.9000000000000001, 15.336031483541472 0.9, 15.34108635891068 0.9000000000000001, 15.346141234279889 0.9000000000000002, 15.351196109649095 0.9000000000000002, 15.356250985018299 0.9000000000000004, 15.361305860387505 0.9000000000000001, 15.366360735756702 0.8999999999999999, 15.371415611125911 0.9000000000000001, 15.37647048649512 0.9000000000000001, 15.381525361864322 0.8999999999999999, 15.386580237233527 0.8999999999999999, 15.391635112602737 0.8999999999999999, 15.39668998797194 0.8999999999999997, 15.401744863341145 0.8999999999999998, 15.406799738710351 0.9000000000000001, 15.411854614079557 0.9000000000000001, 15.416909489448763 0.9000000000000004, 15.421964364817969 0.9000000000000002, 15.42701924018717 0.9000000000000001, 15.432074115556375 0.9, 15.437128990925583 0.9000000000000001, 15.442183866294783 0.8999999999999999, 15.447238741663993 0.9, 15.452293617033204 0.9000000000000002, 15.457348492402406 0.9000000000000002, 15.462403367771609 0.9000000000000001, 15.467458243140813 0.9, 15.472513118510019 0.9, 15.47756799387922 0.8999999999999998, 15.482622869248425 0.9000000000000001, 15.487677744617628 0.8999999999999998, 15.492732619986837 0.9, 15.497787495356041 0.8999999999999999, 15.502842370725249 0.9, 15.507897246094457 0.9000000000000001, 15.512952121463663 0.9, 15.518006996832868 0.9000000000000001, 15.523061872202078 0.9000000000000001, 15.528116747571282 0.9000000000000002, 15.533171622940488 0.9, 15.538226498309688 0.9000000000000001, 15.543281373678894 0.8999999999999999, 15.548336249048099 0.9, 15.553391124417304 0.9000000000000002, 15.558445999786507 0.9000000000000001, 15.56350087515571 0.9000000000000001, 15.568555750524913 0.9, 15.573610625894121 0.9000000000000001, 15.578665501263329 0.9000000000000001, 15.583720376632535 0.9000000000000001, 15.58877525200174 0.9000000000000001, 15.593830127370945 0.9000000000000001, 15.598885002740145 0.8999999999999999, 15.603939878109351 0.9, 15.608994753478559 0.9, 15.614049628847761 0.8999999999999998, 15.619104504216965 0.8999999999999998, 15.624159379586171 0.8999999999999997, 15.629214254955377 0.8999999999999997, 15.634269130324586 0.8999999999999999, 15.639324005693794 0.9, 15.644378881063002 0.9000000000000001, 15.649433756432208 0.9000000000000002, 15.65448863180141 0.9000000000000001, 15.659543507170616 0.9000000000000002, 15.66459838253982 0.9000000000000001, 15.66965325790902 0.9000000000000001, 15.674708133278225 0.9000000000000001, 15.67976300864743 0.9000000000000001, 15.684817884016637 0.9000000000000002, 15.689872759385846 0.9000000000000002, 15.69492763475505 0.9, 15.699982510124254 0.9, 15.705037385493464 0.9000000000000001, 15.710092260862664 0.8999999999999999, 15.715147136231868 0.8999999999999999, 15.720202011601074 0.9, 15.725256886970278 0.9, 15.730311762339486 0.9000000000000001, 15.735366637708692 0.9000000000000002, 15.740421513077898 0.9000000000000002, 15.745476388447104 0.9000000000000005, 15.75053126381631 0.9000000000000002, 15.755586139185517 0.9000000000000005, 15.760641014554716 0.9000000000000001, 15.765695889923922 0.9000000000000001, 15.770750765293126 0.9000000000000004, 15.77580564066233 0.9, 15.780860516031536 0.9000000000000001, 15.785915391400746 0.9000000000000004, 15.790970266769952 0.9000000000000002, 15.79602514213916 0.9000000000000002, 15.80108001750836 0.9, 15.806134892877564 0.8999999999999999, 15.811189768246768 0.8999999999999999, 15.816244643615974 0.8999999999999999, 15.821299518985176 0.8999999999999998, 15.826354394354384 0.9, 15.831409269723592 0.9000000000000001, 15.836464145092798 0.9000000000000001, 15.841519020462002 0.9000000000000004, 15.846573895831211 0.9000000000000004, 15.851628771200417 0.9000000000000005, 15.85668364656962 0.9000000000000002, 15.861738521938824 0.9000000000000004, 15.866793397308028 0.9000000000000001, 15.871848272677232 0.9000000000000002, 15.876903148046434 0.9000000000000001, 15.881958023415642 0.9000000000000001, 15.887012898784846 0.9, 15.892067774154057 0.9000000000000002, 15.897122649523263 0.9000000000000004, 15.902177524892465 0.9000000000000001, 15.90723240026167 0.9000000000000001, 15.912287275630876 0.9, 15.91734215100008 0.9000000000000001, 15.922397026369284 0.8999999999999999, 15.927451901738488 0.8999999999999999, 15.932506777107697 0.9, 15.937561652476903 0.9000000000000001, 15.942616527846111 0.9000000000000001, 15.947671403215322 0.9000000000000004, 15.95272627858452 0.9000000000000004, 15.957781153953723 0.9, 15.96283602932293 0.9000000000000002, 15.967890904692135 0.9000000000000002, 15.972945780061336 0.9000000000000001, 15.978000655430543 0.9000000000000004, 15.98305553079975 0.9000000000000002, 15.988110406168957 0.9000000000000002, 15.993165281538158 0.9000000000000002, 15.998220156907363 0.9000000000000001, 16.00327503227657 0.9, 16.008329907645777 0.9000000000000001, 16.013384783014985 0.9000000000000001, 16.01843965838419 0.9000000000000004, 16.023494533753393 0.9000000000000001, 16.0285494091226 0.9000000000000002, 16.033604284491805 0.9000000000000002, 16.03865915986101 0.9000000000000002, 16.04371403523021 0.9000000000000001, 16.048768910599414 0.9000000000000001, 16.053823785968618 0.9, 16.058878661337825 0.9, 16.06393353670703 0.9, 16.068988412076237 0.9, 16.074043287445445 0.9000000000000001, 16.07909816281465 0.9, 16.084153038183857 0.9, 16.08920791355306 0.9000000000000001, 16.094262788922265 0.9, 16.099317664291465 0.8999999999999999, 16.104372539660673 0.8999999999999999, 16.109427415029877 0.8999999999999999, 16.11448229039908 0.9, 16.119537165768286 0.9, 16.12459204113749 0.9, 16.129646916506697 0.9, 16.1347017918759 0.9000000000000001, 16.13975666724511 0.9000000000000001, 16.144811542614313 0.9, 16.14986641798352 0.9, 16.15492129335273 0.9000000000000001, 16.159976168721933 0.9000000000000001, 16.165031044091137 0.9000000000000001, 16.170085919460345 0.9, 16.175140794829552 0.9000000000000001, 16.180195670198753 0.8999999999999999, 16.185250545567957 0.8999999999999999, 16.190305420937165 0.8999999999999999, 16.19536029630637 0.9000000000000001, 16.20041517167557 0.8999999999999998, 16.205470047044777 0.9000000000000001, 16.210524922413985 0.9000000000000001, 16.215579797783192 0.9000000000000002, 16.2206346731524 0.9000000000000002, 16.225689548521608 0.9000000000000002, 16.23074442389081 0.9000000000000001, 16.235799299260016 0.9000000000000002, 16.240854174629217 0.9000000000000001, 16.245909049998428 0.9000000000000002, 16.25096392536763 0.9000000000000002, 16.256018800736832 0.9000000000000001, 16.261073676106033 0.9, 16.266128551475237 0.9, 16.271183426844445 0.8999999999999999, 16.27623830221365 0.8999999999999999, 16.281293177582857 0.8999999999999998, 16.28634805295206 0.8999999999999999, 16.291402928321265 0.8999999999999999, 16.29645780369047 0.8999999999999998, 16.301512679059677 0.8999999999999999, 16.306567554428877 0.8999999999999997, 16.31162242979809 0.9000000000000002, 16.316677305167293 0.9000000000000001, 16.3217321805365 0.9000000000000002, 16.326787055905708 0.9000000000000002, 16.331841931274916 0.9000000000000004, 16.336896806644116 0.9, 16.341951682013324 0.9, 16.347006557382528 0.8999999999999999, 16.352061432751736 0.9000000000000001, 16.35711630812094 0.9000000000000001, 16.362171183490144 0.9000000000000001, 16.36722605885935 0.9000000000000002, 16.37228093422856 0.9000000000000004, 16.377335809597767 0.9000000000000004, 16.38239068496697 0.9000000000000002, 16.38744556033618 0.9000000000000005, 16.39250043570538 0.9000000000000002, 16.39755531107458 0.9, 16.40261018644378 0.9, 16.40766506181299 0.9, 16.412719937182192 0.8999999999999999, 16.4177748125514 0.9000000000000001, 16.422829687920604 0.9000000000000001, 16.427884563289812 0.9, 16.43293943865902 0.9, 16.437994314028224 0.9000000000000001, 16.443049189397428 0.9, 16.448104064766635 0.9, 16.45315894013584 0.9000000000000001, 16.458213815505044 0.9000000000000001, 16.463268690874248 0.9, 16.468323566243456 0.9000000000000002, 16.473378441612663 0.9000000000000005, 16.478433316981867 0.9000000000000001, 16.48348819235107 0.9000000000000002, 16.488543067720283 0.9000000000000002, 16.493597943089483 0.9000000000000002, 16.49865281845869 0.9000000000000004, 16.50370769382789 0.8999999999999999, 16.508762569197096 0.8999999999999999, 16.513817444566296 0.8999999999999997, 16.518872319935504 0.8999999999999999, 16.52392719530471 0.9, 16.528982070673916 0.9000000000000001, 16.53403694604312 0.9000000000000001, 16.539091821412327 0.9000000000000001, 16.54414669678153 0.8999999999999999, 16.549201572150732 0.8999999999999998, 16.55425644751994 0.8999999999999997, 16.559311322889148 0.8999999999999999, 16.564366198258355 0.9000000000000001, 16.56942107362756 0.9000000000000001, 16.574475948996763 0.9000000000000001, 16.579530824365975 0.9000000000000005, 16.584585699735175 0.9000000000000001, 16.58964057510438 0.8999999999999999, 16.594695450473584 0.8999999999999999, 16.59975032584279 0.9, 16.604805201211995 0.9, 16.609860076581203 0.9000000000000001, 16.614914951950407 0.9, 16.619969827319615 0.9000000000000004, 16.625024702688822 0.9000000000000002, 16.630079578058023 0.9000000000000001, 16.63513445342723 0.9000000000000001, 16.640189328796435 0.9000000000000001, 16.645244204165643 0.9000000000000002, 16.650299079534843 0.9000000000000001, 16.65535395490405 0.9000000000000004, 16.66040883027326 0.9000000000000002, 16.665463705642463 0.9000000000000002, 16.67051858101167 0.9000000000000002, 16.675573456380874 0.9000000000000002, 16.680628331750082 0.9000000000000004, 16.685683207119283 0.9, 16.690738082488483 0.9000000000000001, 16.695792957857687 0.9, 16.700847833226895 0.9000000000000001, 16.7059027085961 0.9, 16.710957583965307 0.9000000000000001, 16.716012459334515 0.9000000000000002, 16.72106733470372 0.9000000000000001, 16.72612221007292 0.9000000000000001, 16.731177085442123 0.8999999999999998, 16.73623196081133 0.8999999999999999, 16.74128683618053 0.8999999999999999, 16.746341711549743 0.9, 16.751396586918947 0.9, 16.756451462288155 0.9, 16.761506337657362 0.9000000000000001, 16.766561213026566 0.9000000000000004, 16.771616088395774 0.9000000000000002, 16.776670963764975 0.9000000000000004, 16.78172583913418 0.9000000000000001, 16.786780714503383 0.9, 16.79183558987259 0.9, 16.79689046524179 0.9, 16.801945340611 0.9, 16.807000215980207 0.9, 16.812055091349407 0.8999999999999998, 16.81710996671862 0.9000000000000001, 16.822164842087822 0.9000000000000002, 16.827219717457027 0.9000000000000002, 16.83227459282623 0.9, 16.83732946819544 0.8999999999999999, 16.842384343564635 0.8999999999999998, 16.847439218933847 0.8999999999999999, 16.852494094303054 0.9000000000000001, 16.857548969672255 0.8999999999999999, 16.862603845041466 0.9000000000000001, 16.86765872041067 0.9000000000000002, 16.872713595779874 0.9000000000000002, 16.877768471149082 0.9000000000000002, 16.88282334651829 0.9000000000000002, 16.887878221887494 0.9, 16.892933097256698 0.9, 16.897987972625906 0.9000000000000002, 16.90304284799511 0.9, 16.908097723364307 0.8999999999999999, 16.913152598733515 0.9000000000000001, 16.918207474102722 0.9000000000000001, 16.923262349471926 0.9, 16.928317224841127 0.8999999999999999, 16.933372100210338 0.9000000000000001, 16.93842697557954 0.8999999999999999, 16.943481850948746 0.9, 16.948536726317954 0.9000000000000002, 16.95359160168716 0.9, 16.958646477056362 0.9, 16.963701352425566 0.8999999999999999, 16.968756227794778 0.9, 16.973811103163982 0.9, 16.978865978533186 0.9000000000000004, 16.983920853902394 0.9000000000000002, 16.988975729271594 0.9000000000000001, 16.9940306046408 0.8999999999999999, 16.999085480010006 0.9, 17.004140355379207 0.8999999999999999, 17.00919523074841 0.8999999999999998, 17.014250106117615 0.8999999999999999, 17.019304981486826 0.9, 17.02435985685603 0.9000000000000001, 17.02941473222524 0.9000000000000002, 17.034469607594442 0.9, 17.03952448296365 0.9000000000000001, 17.044579358332854 0.9000000000000001, 17.04963423370206 0.9000000000000001, 17.05468910907127 0.9000000000000002, 17.059743984440473 0.9000000000000002, 17.064798859809674 0.9000000000000001, 17.069853735178878 0.8999999999999998, 17.074908610548086 0.8999999999999999, 17.07996348591729 0.8999999999999999, 17.085018361286494 0.8999999999999999, 17.0900732366557 0.9000000000000001, 17.09512811202491 0.9000000000000001, 17.10018298739411 0.8999999999999999, 17.105237862763317 0.9, 17.11029273813252 0.8999999999999999, 17.11534761350173 0.8999999999999999, 17.120402488870933 0.9000000000000001, 17.125457364240138 0.9, 17.13051223960934 0.9000000000000001, 17.135567114978546 0.9000000000000001, 17.140621990347757 0.9000000000000004, 17.14567686571696 0.9000000000000004, 17.15073174108617 0.9000000000000005, 17.155786616455377 0.9000000000000004, 17.16084149182458 0.9000000000000001, 17.16589636719379 0.9000000000000002, 17.17095124256299 0.9000000000000001, 17.176006117932193 0.9000000000000002, 17.181060993301394 0.8999999999999999, 17.186115868670598 0.9, 17.191170744039802 0.9000000000000001, 17.196225619409006 0.9, 17.20128049477821 0.9, 17.206335370147414 0.8999999999999998, 17.211390245516622 0.8999999999999998, 17.21644512088583 0.9, 17.221499996255037 0.9, 17.226554871624238 0.8999999999999998, 17.231609746993445 0.9, 17.23666462236265 0.9000000000000001, 17.241719497731857 0.9000000000000002, 17.24677437310107 0.9000000000000004, 17.25182924847027 0.9000000000000002, 17.256884123839477 0.9000000000000002, 17.261938999208677 0.9, 17.266993874577885 0.9, 17.272048749947086 0.8999999999999999, 17.277103625316297 0.9, 17.2821585006855 0.9000000000000001, 17.28721337605471 0.9000000000000004, 17.29226825142391 0.9000000000000001, 17.29732312679312 0.9000000000000002, 17.30237800216232 0.9000000000000005, 17.30743287753153 0.9000000000000004, 17.31248775290073 0.9000000000000002, 17.31754262826994 0.9000000000000001, 17.322597503639145 0.9, 17.32765237900835 0.8999999999999999, 17.332707254377553 0.8999999999999999, 17.337762129746757 0.8999999999999998, 17.34281700511597 0.9000000000000002, 17.347871880485172 0.9000000000000002, 17.352926755854373 0.9000000000000001, 17.35798163122358 0.8999999999999999, 17.36303650659278 0.8999999999999999, 17.36809138196199 0.8999999999999999, 17.373146257331193 0.8999999999999997, 17.3782011327004 0.9, 17.383256008069605 0.9, 17.38831088343881 0.9000000000000002, 17.393365758808017 0.9000000000000004, 17.398420634177224 0.9000000000000002, 17.403475509546432 0.9000000000000002, 17.408530384915633 0.9000000000000001, 17.413585260284844 0.9000000000000001, 17.418640135654044 0.8999999999999999, 17.423695011023245 0.8999999999999999, 17.42874988639245 0.9, 17.433804761761657 0.9, 17.43885963713086 0.9000000000000001, 17.44391451250007 0.9000000000000001, 17.448969387869273 0.9, 17.454024263238484 0.9000000000000001, 17.459079138607684 0.9000000000000001, 17.46413401397689 0.9, 17.4691888893461 0.9000000000000001, 17.4742437647153 0.9000000000000001, 17.47929864008451 0.9000000000000005, 17.484353515453712 0.9000000000000001, 17.48940839082292 0.9000000000000004, 17.494463266192128 0.9000000000000002, 17.499518141561328 0.9000000000000001, 17.50457301693054 0.9000000000000005, 17.50962789229974 0.9000000000000002, 17.51468276766894 0.8999999999999999, 17.519737643038145 0.8999999999999999, 17.524792518407352 0.9, 17.529847393776556 0.8999999999999999, 17.534902269145768 0.9000000000000001, 17.53995714451497 0.9000000000000001, 17.545012019884176 0.9, 17.55006689525338 0.9, 17.555121770622584 0.8999999999999999, 17.56017664599179 0.8999999999999998, 17.565231521360992 0.9, 17.570286396730204 0.9000000000000001, 17.5753412720994 0.9000000000000001, 17.580396147468612 0.9000000000000004, 17.585451022837816 0.9000000000000002, 17.590505898207027 0.9000000000000002, 17.59556077357623 0.9000000000000001, 17.60061564894544 0.9000000000000001, 17.605670524314647 0.9000000000000001, 17.610725399683847 0.8999999999999999, 17.615780275053048 0.8999999999999999, 17.620835150422256 0.9, 17.625890025791456 0.8999999999999998, 17.630944901160664 0.8999999999999999, 17.635999776529868 0.9, 17.641054651899076 0.9000000000000001, 17.64610952726828 0.9, 17.651164402637484 0.9000000000000002, 17.656219278006684 0.8999999999999999, 17.66127415337589 0.8999999999999997, 17.666329028745096 0.8999999999999999, 17.6713839041143 0.8999999999999998, 17.67643877948351 0.9000000000000001, 17.68149365485272 0.9000000000000002, 17.686548530221923 0.9000000000000002, 17.69160340559113 0.9000000000000002, 17.696658280960335 0.9000000000000002, 17.701713156329536 0.9000000000000001, 17.706768031698747 0.9000000000000001, 17.711822907067948 0.9, 17.716877782437155 0.9000000000000001, 17.72193265780636 0.8999999999999999, 17.726987533175567 0.9000000000000001, 17.73204240854477 0.9, 17.737097283913972 0.9, 17.742152159283176 0.9, 17.747207034652387 0.9000000000000001, 17.752261910021588 0.8999999999999999, 17.757316785390792 0.8999999999999998, 17.762371660759992 0.8999999999999997, 17.767426536129197 0.8999999999999996, 17.77248141149841 0.8999999999999995, 17.777536286867615 0.8999999999999998, 17.782591162236827 0.9, 17.787646037606027 0.9000000000000001, 17.792700912975235 0.9000000000000004, 17.79775578834444 0.9000000000000004, 17.802810663713643 0.9000000000000002, 17.807865539082847 0.9, 17.81292041445205 0.9, 17.81797528982126 0.8999999999999999, 17.823030165190467 0.9, 17.82808504055967 0.9000000000000002, 17.833139915928875 0.9, 17.838194791298083 0.9000000000000001, 17.843249666667287 0.9000000000000005, 17.84830454203649 0.9000000000000002, 17.85335941740569 0.9, 17.858414292774896 0.9, 17.8634691681441 0.8999999999999998, 17.868524043513304 0.8999999999999997, 17.873578918882504 0.8999999999999995, 17.878633794251716 0.8999999999999995, 17.883688669620927 0.8999999999999998, 17.888743544990135 0.8999999999999999, 17.893798420359342 0.9000000000000002, 17.898853295728546 0.9000000000000001, 17.903908171097754 0.9000000000000002, 17.908963046466962 0.9000000000000004, 17.914017921836162 0.9000000000000001, 17.919072797205366 0.9000000000000001, 17.924127672574567 0.9, 17.929182547943775 0.8999999999999999, 17.934237423312975 0.8999999999999997, 17.93929229868218 0.8999999999999997, 17.944347174051387 0.8999999999999999, 17.94940204942059 0.8999999999999999, 17.954456924789802 0.9000000000000001, 17.959511800159007 0.9000000000000001, 17.96456667552821 0.9000000000000001, 17.969621550897415 0.9000000000000002, 17.97467642626662 0.9, 17.979731301635823 0.9000000000000001, 17.984786177005027 0.9000000000000001, 17.989841052374235 0.9000000000000002, 17.994895927743443 0.9000000000000001, 17.999950803112647 0.9, 18.005005678481847 0.8999999999999999, 18.01006055385106 0.8999999999999999, 18.01511542922026 0.9, 18.020170304589467 0.9, 18.02522517995867 0.8999999999999999, 18.03028005532788 0.9, 18.035334930697083 0.8999999999999999, 18.040389806066287 0.8999999999999999, 18.045444681435487 0.8999999999999996, 18.0504995568047 0.9000000000000001, 18.055554432173906 0.9000000000000001, 18.06060930754311 0.9000000000000002, 18.065664182912318 0.9000000000000004, 18.070719058281522 0.9, 18.07577393365073 0.9000000000000002, 18.080828809019927 0.9, 18.085883684389138 0.9, 18.090938559758342 0.8999999999999999, 18.095993435127546 0.9, 18.101048310496754 0.9000000000000002, 18.10610318586596 0.9000000000000001, 18.111158061235166 0.9000000000000001, 18.116212936604363 0.9, 18.121267811973574 0.9000000000000001, 18.126322687342775 0.8999999999999999, 18.131377562711975 0.8999999999999998, 18.13643243808119 0.9, 18.141487313450394 0.9, 18.1465421888196 0.8999999999999999, 18.1515970641888 0.8999999999999998, 18.15665193955801 0.9, 18.161706814927214 0.8999999999999998, 18.16676169029642 0.8999999999999999, 18.171816565665623 0.8999999999999999, 18.176871441034837 0.9000000000000002, 18.18192631640404 0.9000000000000001, 18.186981191773246 0.9000000000000001, 18.19203606714245 0.9000000000000001, 18.197090942511654 0.9000000000000004, 18.202145817880865 0.9000000000000004, 18.207200693250073 0.9000000000000005, 18.21225556861927 0.9000000000000001, 18.217310443988477 0.9000000000000001, 18.222365319357678 0.8999999999999999, 18.22742019472689 0.9, 18.232475070096097 0.9000000000000001, 18.237529945465297 0.9000000000000001, 18.2425848208345 0.9, 18.247639696203702 0.8999999999999999, 18.25269457157291 0.9000000000000001, 18.25774944694211 0.9, 18.262804322311315 0.8999999999999999, 18.267859197680522 0.9, 18.27291407304973 0.9000000000000001, 18.277968948418938 0.9000000000000002, 18.283023823788138 0.8999999999999999, 18.288078699157346 0.9000000000000001, 18.293133574526554 0.9000000000000001, 18.298188449895758 0.9000000000000002, 18.303243325264965 0.9000000000000002, 18.30829820063417 0.9000000000000001, 18.313353076003374 0.9, 18.318407951372578 0.9000000000000001, 18.323462826741782 0.9000000000000001, 18.328517702110986 0.9000000000000001, 18.333572577480194 0.9000000000000001, 18.338627452849398 0.9000000000000001, 18.343682328218602 0.9, 18.348737203587806 0.9000000000000001, 18.35379207895701 0.9, 18.358846954326218 0.8999999999999999, 18.363901829695422 0.8999999999999998, 18.36895670506463 0.8999999999999999, 18.374011580433837 0.9000000000000001, 18.37906645580304 0.8999999999999998, 18.384121331172253 0.9, 18.38917620654145 0.8999999999999999, 18.394231081910657 0.9, 18.399285957279858 0.8999999999999999, 18.404340832649062 0.8999999999999999, 18.409395708018273 0.8999999999999999, 18.414450583387477 0.9000000000000001, 18.41950545875668 0.9, 18.424560334125886 0.9, 18.429615209495097 0.9, 18.4346700848643 0.9000000000000001, 18.43972496023351 0.9000000000000002, 18.444779835602706 0.8999999999999999, 18.44983471097191 0.8999999999999999, 18.45488958634112 0.9, 18.459944461710318 0.8999999999999997, 18.464999337079526 0.8999999999999997, 18.470054212448737 0.9000000000000001, 18.47510908781794 0.9, 18.48016396318715 0.9000000000000001, 18.48521883855635 0.9000000000000001, 18.490273713925557 0.9000000000000001, 18.495328589294765 0.9000000000000001, 18.50038346466397 0.9, 18.50543834003317 0.8999999999999999, 18.510493215402377 0.9, 18.51554809077158 0.9, 18.520602966140796 0.9000000000000002, 18.52565784151 0.9000000000000004, 18.530712716879204 0.9000000000000004, 18.535767592248405 0.9000000000000002, 18.54082246761761 0.9000000000000001, 18.545877342986813 0.9, 18.550932218356017 0.9, 18.55598709372522 0.9000000000000001, 18.561041969094425 0.9, 18.566096844463637 0.9000000000000001, 18.571151719832837 0.8999999999999998, 18.576206595202045 0.9, 18.58126147057125 0.9, 18.586316345940457 0.9000000000000001, 18.591371221309657 0.8999999999999999, 18.59642609667887 0.9, 18.60148097204807 0.9, 18.60653584741728 0.9000000000000002, 18.611590722786485 0.9000000000000001, 18.616645598155692 0.9000000000000004, 18.621700473524896 0.9000000000000001, 18.6267553488941 0.9000000000000004, 18.6318102242633 0.9, 18.63686509963251 0.9000000000000001, 18.641919975001716 0.9000000000000001, 18.646974850370917 0.9000000000000001, 18.652029725740125 0.8999999999999999, 18.657084601109332 0.9000000000000002, 18.662139476478533 0.9, 18.667194351847744 0.9000000000000002, 18.672249227216945 0.8999999999999999, 18.677304102586156 0.9000000000000001, 18.682358977955356 0.9000000000000001, 18.687413853324557 0.8999999999999997, 18.69246872869377 0.9000000000000001, 18.69752360406297 0.8999999999999999, 18.70257847943218 0.9000000000000002, 18.70763335480138 0.8999999999999999, 18.712688230170592 0.9000000000000004, 18.717743105539796 0.9000000000000002, 18.722797980908997 0.9000000000000002, 18.727852856278204 0.9000000000000002, 18.732907731647412 0.9000000000000004, 18.737962607016616 0.9000000000000004, 18.743017482385817 0.9000000000000001, 18.748072357755024 0.9000000000000001, 18.75312723312423 0.9000000000000001, 18.75818210849343 0.9, 18.76323698386264 0.9, 18.76829185923184 0.9000000000000001, 18.77334673460105 0.9, 18.778401609970256 0.8999999999999999, 18.783456485339453 0.8999999999999998, 18.788511360708664 0.8999999999999999, 18.79356623607787 0.9000000000000001, 18.798621111447076 0.8999999999999999, 18.803675986816287 0.9, 18.808730862185488 0.9, 18.813785737554696 0.9, 18.818840612923903 0.9000000000000002, 18.823895488293108 0.9000000000000002, 18.828950363662315 0.9000000000000002, 18.834005239031516 0.9000000000000001, 18.83906011440072 0.9000000000000001, 18.844114989769928 0.9000000000000001, 18.849169865139128 0.9000000000000002, 18.85422474050834 0.9000000000000001, 18.859279615877544 0.9, 18.864334491246748 0.9000000000000002, 18.869389366615952 0.9, 18.874444241985152 0.9000000000000001, 18.87949911735436 0.9000000000000001, 18.884553992723568 0.9000000000000001, 18.889608868092772 0.9, 18.894663743461976 0.9, 18.899718618831184 0.9000000000000001, 18.904773494200388 0.9, 18.909828369569595 0.9000000000000001, 18.914883244938803 0.9000000000000002, 18.919938120308004 0.9000000000000001, 18.924992995677208 0.9000000000000001, 18.93004787104641 0.8999999999999999, 18.935102746415616 0.8999999999999999, 18.94015762178482 0.8999999999999999, 18.945212497154024 0.9, 18.950267372523236 0.9000000000000002, 18.95532224789244 0.9, 18.960377123261644 0.9, 18.965431998630848 0.8999999999999999, 18.97048687400006 0.9, 18.975541749369263 0.9, 18.98059662473847 0.9, 18.985651500107675 0.8999999999999999, 18.99070637547688 0.8999999999999999, 18.995761250846087 0.9, 19.000816126215287 0.9000000000000001, 19.005871001584495 0.9000000000000001, 19.0109258769537 0.9000000000000002, 19.01598075232291 0.9000000000000004, 19.021035627692108 0.9000000000000002, 19.026090503061315 0.9000000000000001, 19.031145378430523 0.9000000000000002, 19.03620025379973 0.9000000000000002, 19.041255129168928 0.9, 19.046310004538135 0.8999999999999999, 19.051364879907343 0.9, 19.056419755276544 0.9, 19.061474630645748 0.9, 19.066529506014955 0.9000000000000001, 19.071584381384156 0.8999999999999999, 19.07663925675336 0.8999999999999998, 19.081694132122568 0.9, 19.086749007491775 0.8999999999999999, 19.09180388286098 0.8999999999999998, 19.09685875823019 0.9000000000000001, 19.101913633599395 0.9000000000000002, 19.106968508968603 0.9000000000000002, 19.112023384337807 0.8999999999999999, 19.117078259707007 0.9, 19.12213313507622 0.9000000000000001, 19.127188010445423 0.9000000000000002, 19.132242885814627 0.9000000000000001, 19.137297761183834 0.9000000000000002, 19.142352636553035 0.8999999999999999, 19.147407511922246 0.9000000000000001, 19.152462387291443 0.8999999999999998, 19.15751726266065 0.9, 19.16257213802985 0.8999999999999999, 19.167627013399063 0.9, 19.172681888768263 0.8999999999999999, 19.17773676413747 0.9, 19.182791639506675 0.9000000000000001, 19.18784651487588 0.9, 19.192901390245087 0.8999999999999999, 19.19795626561429 0.8999999999999999, 19.203011140983495 0.8999999999999999, 19.208066016352703 0.9, 19.213120891721907 0.9, 19.21817576709111 0.9000000000000001, 19.22323064246032 0.9000000000000002, 19.228285517829526 0.9000000000000001, 19.233340393198734 0.9000000000000001, 19.23839526856794 0.9, 19.243450143937146 0.9000000000000001, 19.24850501930635 0.9, 19.25355989467555 0.9, 19.25861477004476 0.8999999999999999, 19.263669645413966 0.8999999999999999, 19.268724520783167 0.8999999999999998, 19.27377939615237 0.9, 19.278834271521575 0.9, 19.283889146890775 0.8999999999999998, 19.288944022259983 0.9, 19.293998897629194 0.9, 19.299053772998395 0.9, 19.304108648367603 0.9000000000000001, 19.30916352373681 0.9, 19.314218399106014 0.9, 19.319273274475215 0.8999999999999998, 19.32432814984442 0.8999999999999998, 19.329383025213627 0.8999999999999998, 19.334437900582838 0.9, 19.339492775952046 0.9000000000000001, 19.344547651321253 0.9000000000000001, 19.34960252669046 0.9000000000000001, 19.354657402059658 0.9000000000000001, 19.359712277428866 0.9000000000000002, 19.364767152798066 0.9000000000000001, 19.36982202816727 0.9, 19.374876903536478 0.9, 19.379931778905686 0.8999999999999999, 19.384986654274886 0.8999999999999998, 19.39004152964409 0.8999999999999998, 19.395096405013298 0.8999999999999999, 19.400151280382502 0.8999999999999999, 19.40520615575171 0.9000000000000002, 19.410261031120914 0.9000000000000002, 19.41531590649013 0.9000000000000004, 19.420370781859326 0.9000000000000001, 19.425425657228537 0.9000000000000001, 19.430480532597738 0.9, 19.435535407966942 0.9, 19.44059028333615 0.9000000000000002, 19.445645158705354 0.9000000000000001, 19.450700034074558 0.9000000000000001, 19.455754909443762 0.9000000000000004, 19.460809784812962 0.9000000000000001, 19.46586466018217 0.9, 19.470919535551378 0.8999999999999999, 19.475974410920582 0.9, 19.481029286289786 0.9, 19.486084161658997 0.9, 19.491139037028205 0.9000000000000002, 19.4961939123974 0.8999999999999998, 19.501248787766606 0.8999999999999999, 19.506303663135814 0.9000000000000001, 19.511358538505018 0.8999999999999999, 19.516413413874226 0.8999999999999999, 19.52146828924343 0.9000000000000001, 19.52652316461264 0.9000000000000001, 19.531578039981845 0.9, 19.53663291535105 0.9000000000000002, 19.54168779072025 0.9000000000000001, 19.54674266608945 0.8999999999999999, 19.551797541458658 0.9000000000000001, 19.556852416827862 0.9, 19.561907292197066 0.9, 19.566962167566277 0.8999999999999999, 19.57201704293548 0.8999999999999998, 19.577071918304693 0.9000000000000001, 19.5821267936739 0.9, 19.587181669043105 0.9000000000000001, 19.5922365444123 0.9000000000000001, 19.59729141978151 0.9000000000000002, 19.60234629515071 0.9000000000000001, 19.607401170519914 0.9, 19.61245604588912 0.9000000000000001, 19.617510921258326 0.8999999999999999, 19.622565796627534 0.9, 19.62762067199674 0.9000000000000001, 19.632675547365952 0.9000000000000001, 19.637730422735153 0.9, 19.642785298104357 0.9, 19.647840173473565 0.9000000000000002, 19.652895048842772 0.9000000000000002, 19.657949924211973 0.9000000000000004, 19.663004799581177 0.9000000000000002, 19.66805967495038 0.9000000000000001, 19.673114550319585 0.9000000000000001, 19.67816942568879 0.9, 19.683224301057994 0.8999999999999999, 19.6882791764272 0.9, 19.693334051796402 0.8999999999999996, 19.69838892716561 0.9, 19.703443802534814 0.8999999999999999, 19.708498677904018 0.8999999999999998, 19.713553553273222 0.8999999999999999, 19.718608428642433 0.9000000000000001, 19.72366330401163 0.8999999999999999, 19.728718179380845 0.9, 19.733773054750053 0.9000000000000001, 19.738827930119257 0.9000000000000004, 19.74388280548846 0.9000000000000001, 19.74893768085767 0.9000000000000001, 19.753992556226876 0.9000000000000002, 19.759047431596077 0.9000000000000001, 19.764102306965285 0.9000000000000002, 19.76915718233448 0.9, 19.77421205770369 0.9, 19.779266933072897 0.8999999999999999, 19.7843218084421 0.8999999999999999, 19.7893766838113 0.8999999999999998, 19.794431559180513 0.9000000000000001, 19.799486434549717 0.8999999999999999, 19.80454130991892 0.9, 19.80959618528813 0.9000000000000002, 19.814651060657337 0.9, 19.819705936026544 0.9, 19.82476081139574 0.8999999999999999, 19.829815686764952 0.8999999999999999, 19.834870562134157 0.8999999999999999, 19.839925437503364 0.8999999999999999, 19.84498031287257 0.8999999999999999, 19.85003518824177 0.8999999999999997, 19.85509006361098 0.8999999999999999, 19.86014493898018 0.8999999999999999, 19.865199814349392 0.9000000000000002, 19.870254689718603 0.9000000000000002, 19.8753095650878 0.9000000000000002, 19.880364440457008 0.9000000000000002, 19.885419315826212 0.9000000000000002, 19.89047419119542 0.9000000000000001, 19.895529066564617 0.8999999999999999, 19.900583941933828 0.9000000000000001, 19.905638817303032 0.9, 19.910693692672233 0.9, 19.91574856804144 0.8999999999999999, 19.920803443410644 0.8999999999999999, 19.92585831877985 0.8999999999999998, 19.930913194149056 0.9, 19.93596806951826 0.9000000000000001, 19.941022944887468 0.9000000000000001, 19.946077820256676 0.9000000000000004, 19.95113269562588 0.9000000000000002, 19.956187570995084 0.9000000000000005, 19.961242446364285 0.8999999999999999, 19.966297321733492 0.9, 19.971352197102696 0.8999999999999998, 19.976407072471904 0.8999999999999997, 19.981461947841105 0.8999999999999997, 19.986516823210312 0.8999999999999998, 19.991571698579516 0.8999999999999999, 19.996626573948724 0.9, 20.001681449317925 0.8999999999999999, 20.00673632468713 0.8999999999999999, 20.01179120005634 0.9, 20.01684607542554 0.9, 20.021900950794745 0.8999999999999998, 20.026955826163952 0.8999999999999998, 20.032010701533157 0.8999999999999997, 20.037065576902364 0.8999999999999999, 20.04212045227157 0.8999999999999998, 20.04717532764078 0.8999999999999999, 20.052230203009984 0.8999999999999999, 20.057285078379195 0.9, 20.0623399537484 0.8999999999999999, 20.067394829117603 0.9000000000000001, 20.072449704486807 0.9, 20.07750457985601 0.9, 20.082559455225216 0.9, 20.087614330594416 0.9, 20.092669205963624 0.9, 20.097724081332824 0.8999999999999999, 20.102778956702032 0.8999999999999999, 20.107833832071233 0.8999999999999998, 20.112888707440444 0.8999999999999999, 20.11794358280965 0.9000000000000001, 20.122998458178863 0.9000000000000001, 20.128053333548067 0.9000000000000002, 20.13310820891727 0.9, 20.138163084286475 0.9, 20.14321795965568 0.8999999999999999, 20.148272835024883 0.9000000000000001, 20.15332771039409 0.9, 20.158382585763295 0.9000000000000001, 20.163437461132503 0.9000000000000001, 20.168492336501703 0.9000000000000002, 20.173547211870908 0.9000000000000001, 20.178602087240115 0.9000000000000001, 20.183656962609323 0.9, 20.18871183797852 0.8999999999999999, 20.193766713347728 0.8999999999999999, 20.198821588716932 0.9, 20.20387646408614 0.9000000000000001, 20.208931339455344 0.9, 20.21398621482455 0.8999999999999999, 20.219041090193755 0.9, 20.224095965562963 0.9, 20.22915084093217 0.9, 20.23420571630137 0.8999999999999999, 20.23926059167058 0.9, 20.244315467039783 0.8999999999999999, 20.24937034240899 0.8999999999999997, 20.25442521777819 0.8999999999999999, 20.259480093147396 0.8999999999999998, 20.264534968516607 0.9, 20.26958984388581 0.9000000000000001, 20.274644719255015 0.8999999999999999, 20.27969959462423 0.9000000000000001, 20.28475446999343 0.9000000000000004, 20.289809345362634 0.9000000000000002, 20.29486422073183 0.9, 20.299919096101043 0.9000000000000001, 20.304973971470243 0.8999999999999999, 20.310028846839444 0.8999999999999997, 20.31508372220865 0.8999999999999997, 20.32013859757786 0.9, 20.32519347294707 0.9, 20.33024834831627 0.9000000000000001, 20.335303223685486 0.9000000000000002, 20.34035809905469 0.9000000000000004, 20.345412974423894 0.9000000000000002, 20.350467849793095 0.9, 20.3555227251623 0.9, 20.36057760053151 0.9000000000000002, 20.36563247590071 0.9000000000000001, 20.370687351269915 0.9000000000000001, 20.37574222663912 0.9000000000000002, 20.380797102008323 0.9000000000000001, 20.385851977377527 0.9000000000000001, 20.39090685274673 0.9000000000000001, 20.395961728115935 0.9, 20.401016603485143 0.9, 20.40607147885435 0.9, 20.411126354223562 0.9000000000000001, 20.416181229592766 0.9, 20.42123610496197 0.9, 20.426290980331174 0.9, 20.43134585570037 0.8999999999999998, 20.43640073106958 0.9, 20.441455606438783 0.8999999999999999, 20.446510481807987 0.8999999999999999, 20.4515653571772 0.9000000000000002, 20.456620232546406 0.9000000000000002, 20.46167510791561 0.9000000000000001, 20.466729983284818 0.9000000000000001, 20.47178485865402 0.9, 20.47683973402323 0.9000000000000001, 20.48189460939243 0.9000000000000002, 20.48694948476163 0.9, 20.492004360130842 0.9, 20.497059235500046 0.9000000000000001, 20.50211411086925 0.9000000000000001, 20.507168986238458 0.9000000000000001, 20.512223861607662 0.9000000000000001, 20.517278736976866 0.9000000000000001, 20.522333612346074 0.9000000000000002, 20.527388487715275 0.9000000000000001, 20.532443363084486 0.9000000000000002, 20.537498238453693 0.9000000000000001, 20.542553113822898 0.9000000000000004, 20.547607989192098 0.9000000000000002, 20.552662864561306 0.9000000000000001, 20.557717739930503 0.8999999999999999, 20.562772615299714 0.9, 20.567827490668915 0.8999999999999999, 20.572882366038122 0.8999999999999999, 20.577937241407326 0.9, 20.582992116776534 0.9, 20.588046992145742 0.8999999999999999, 20.59310186751495 0.9000000000000001, 20.598156742884154 0.9, 20.60321161825336 0.8999999999999999, 20.60826649362256 0.8999999999999998, 20.613321368991762 0.8999999999999999, 20.618376244360967 0.9, 20.623431119730174 0.9000000000000001, 20.62848599509938 0.9000000000000002, 20.63354087046858 0.9, 20.638595745837783 0.8999999999999998, 20.643650621206987 0.8999999999999999, 20.648705496576195 0.8999999999999998, 20.6537603719454 0.8999999999999996, 20.658815247314603 0.8999999999999997, 20.66387012268381 0.8999999999999997, 20.66892499805302 0.8999999999999998, 20.67397987342222 0.8999999999999998, 20.679034748791434 0.9000000000000001, 20.684089624160634 0.8999999999999999, 20.689144499529842 0.9000000000000002, 20.694199374899046 0.9000000000000002, 20.69925425026825 0.9, 20.704309125637458 0.9000000000000001, 20.70936400100666 0.9, 20.714418876375866 0.9, 20.71947375174507 0.9, 20.724528627114278 0.9000000000000001, 20.729583502483482 0.8999999999999997, 20.734638377852686 0.8999999999999994, 20.739693253221894 0.899999999999999, 20.744748128591098 0.899999999999999, 20.749803003960313 0.8999999999999995, 20.75485787932951 0.9, 20.75991275469872 0.9000000000000019, 20.76496763006793 0.900000000000003, 20.770022505437133 0.9000000000000022, 20.77507738080634 0.899999999999999, 20.78013225617554 0.8999999999999934, 20.78518713154475 0.8999999999999888, 20.79024200691395 0.8999999999999898, 20.795296882283147 0.9, 20.800351757652354 0.900000000000021, 20.805406633021562 0.9000000000000397, 20.810461508390777 0.9000000000000408, 20.81551638375998 0.900000000000008, 20.82057125912919 0.8999999999999343, 20.82562613449839 0.8999999999998595, 20.830681009867597 0.8999999999998426, 20.8357358852368 0.8999999999999412, 20.840790760606 0.9000000000001976, 20.845845635975206 0.9000000000004896, 20.85090051134441 0.9000000000006013, 20.85595538671361 0.9000000000003143, 20.86101026208282 0.8999999999994405, 20.86606513745203 0.899999999998318, 20.87112001282124 0.8999999999977438, 20.876174888190448 0.89999999999853, 20.881229763559656 0.9000000000014488, 20.886284638928853 0.900000000005684, 20.891339514298057 0.9000000000083446, 20.89639438966726 0.9000000000063987, 20.90144926503646 0.8999999999968489, 20.90650414040568 0.8999999999811448, 20.91155901577488 0.8999999999695588, 20.91661389114408 0.8999999999734054, 20.921668766513285 0.9000000000039929, 20.92672364188249 0.9000000000612003, 20.93177851725169 0.9000000001095994, 20.936833392620894 0.9000000001069663, 20.9418882679901 0.9000000000110767, 20.946943143359324 0.8999999998066027, 20.951998018728542 0.8999999996105066, 20.95705289409775 0.8999999995803578, 20.962107769466932 0.8999999998737361, 20.96716264483609 0.9000000005901504, 20.97221752020524 0.9000000013651764, 20.97727239557443 0.9000000016120319, 20.9823272709437 0.9000000007425364, 20.987382146313077 0.8999999982789572, 20.992437021682488 0.8999999952723833, 20.997491897051788 0.8999999938905201, 21.002546772420818 0.8999999963265201, 21.007601647789446 0.9000000045967189, 21.012656523157855 0.9000000159436474, 21.017711398526593 0.9000000224067097, 21.022766273896238 0.9000000157624275, 21.027821149267346 0.8999999879607631, 21.032876024639513 0.8999999442769678, 21.037930900010746 0.8999999125207443, 21.04298577537886 0.8999999226779777, 21.048040650741708 0.900000004558232, 21.053095526099753 0.9000001450113602, 21.058150401459454 0.9000002321417169, 21.06320527682814 0.9000001402319604, 21.068260152213103 0.8999997435647495, 21.0733150276081 0.8999989211743069, 21.07836990291861 0.8999975830130654, 21.08342477801483 0.8999956514032379, 21.088479652766818 0.8999930486997513, 21.093534527044678 0.899989697257534, 21.09858940072885 0.8999855386717664, 21.1036442737426 0.8999805939237252, 21.108699146020207 0.8999749044664642, 21.113754017495975 0.8999685117530604, 21.11880888810418 0.8999614572354772, 21.123863757769115 0.899953770416694, 21.128918626380344 0.8999454393333396, 21.133973493819905 0.8999364430330562, 21.139028359969835 0.8999267605634863, 21.14408322471218 0.899916370981877, 21.149138087937388 0.8999052603715076, 21.154192949559135 0.899893434250407, 21.159247809495053 0.8998809014689617, 21.16430266766278 0.8998676708775568, 21.16935752397995 0.8998537513114748, 21.174412378359396 0.899839148330291, 21.17946723070321 0.8998238601486361, 21.184522080912025 0.8998078839816532, 21.189576928886478 0.8997912170444847, 21.194631774527224 0.8997738565657796, 21.199686617737434 0.8997558010903962, 21.20474145842487 0.899737051564152, 21.20979629649778 0.8997176091882114, 21.21485113186442 0.8996974751637393, 21.219905964433025 0.8996766506840971, 21.224960794111315 0.8996551365203102, 21.230015620806256 0.8996329328138685, 21.23507044442476 0.899610039654938, 21.240125264873704 0.8995864571336835, 21.245180082060024 0.8995621853446688, 21.250234895891257 0.8995372245317605, 21.255289706275732 0.8995115751211059, 21.26034451312181 0.8994852375499272, 21.265399316337852 0.8994582122554469, 21.270454115832244 0.8994304996746264, 21.275508911513885 0.8994021002384212, 21.280563703292156 0.8993730143717795, 21.285618491076466 0.8993432424993878, 21.290673274776243 0.8993127850459337, 21.29572805430092 0.899281642437915, 21.300782829560564 0.8992498151315732, 21.305837600465757 0.8992173036074749, 21.31089236692709 0.8991841083469005, 21.315947128855132 0.8991502298311296, 21.321001886160555 0.8991156685438024, 21.32605663875478 0.8990804249971933, 21.33111138654977 0.8990444997226446, 21.336166129457467 0.8990078932518428, 21.341220867389847 0.8989706061164758, 21.34627560025897 0.8989326388512938, 21.35133032797776 0.8988939920192132, 21.356385050459608 0.8988546661983174, 21.361439767617934 0.8988146619668376, 21.366494479366143 0.8987739799030041, 21.371549185617774 0.898732620589429, 21.376603886287384 0.8986905846397467, 21.38165858128997 0.8986478726809792, 21.38671327054053 0.8986044853402031, 21.39176795395405 0.8985604232444935, 21.396822631445733 0.8985156870265365, 21.401877302931883 0.89847027734989, 21.40693196832918 0.8984241948886764, 21.411986627554324 0.8983774403170267, 21.417041280523986 0.898330014309072, 21.422095927155144 0.8982819175462535, 21.427150567365977 0.8982331507413944, 21.43220520107496 0.8981837146157375, 21.43725982820062 0.8981336098905265, 21.442314448661428 0.8980828372870056, 21.447369062376275 0.898031397535615, 21.452423669265297 0.8979792913975556, 21.45747826924892 0.8979265196404517, 21.46253286224755 0.8978730830319283, 21.467587448181597 0.897818982339633, 21.47264202697198 0.8977642183425912, 21.477696598540927 0.8977087918495382, 21.482751162810864 0.897652703673997, 21.48780571970423 0.8975959546294909, 21.49286026914347 0.8975385455296365, 21.49791481105165 0.8974804772017495, 21.502969345353183 0.897421750501203, 21.50802387197261 0.8973623662868051, 21.513078390834504 0.8973023254173642, 21.518132901863428 0.8972416287519297, 21.523187404984746 0.8971802771656568, 21.528241900125128 0.8971182715596809, 21.533296387211333 0.8970556128374924, 21.538350866170145 0.8969923019025834, 21.543405336928362 0.8969283396589429, 21.54845979941377 0.8968637270290348, 21.55351425355536 0.8967984649588329, 21.55856869928223 0.8967325543958339, 21.56362313652346 0.8966659962875345, 21.568677565208198 0.896598791582339, 21.573731985266715 0.8965309412496286, 21.57878639663047 0.8964624462798232, 21.58384079923095 0.8963933076642622, 21.588895192999637 0.8963235263942845, 21.593949577868116 0.8962531034626853, 21.59900395376929 0.8961820398847634, 21.6040583206371 0.8961103366935246, 21.609112678405516 0.8960379949224515, 21.614167027008502 0.8959650156050281, 21.619221366380174 0.8958913997770006, 21.624275696456124 0.8958171484986323, 21.629330017172883 0.8957422628451877, 21.634384328466968 0.8956667438921466, 21.639438630274917 0.8955905927149896, 21.644492922533455 0.8955138103924889, 21.64954720518099 0.8954363980291166, 21.65460147815668 0.8953583567414213, 21.65965574139968 0.895279687646021, 21.664709994849154 0.8952003918595344, 21.669764238444596 0.8951204705031942, 21.67481847212721 0.8950399247246249, 21.6798726958389 0.8949587556808204, 21.684926909521522 0.8948769645287845, 21.68998111311693 0.8947945524255211, 21.695035306567437 0.8947115205342907, 21.700089489817195 0.8946278700447247, 21.705143662810837 0.8945436021534028, 21.710197825492997 0.8944587180569037, 21.71525197780831 0.8943732189518113, 21.720306119702023 0.8942871060429533, 21.72536025112122 0.8942003805607198, 21.73041437201337 0.8941130437404409, 21.735468482325928 0.8940250968174469, 21.740522582006363 0.8939365410271112, 21.74557667100294 0.8938473776152968, 21.750630749265728 0.8937576078518883, 21.755684816745074 0.8936672330101174, 21.760738873391315 0.8935762543632171, 21.7657929191548 0.8934846731845828, 21.77084695398691 0.8933924907604635, 21.775900977840724 0.8932997083989946, 21.780954990669528 0.8932063274104449, 21.786008992426574 0.8931123491050824, 21.791062983065164 0.8930177747935856, 21.796116962539852 0.8929226058018161, 21.801170930806762 0.8928268434749361, 21.80622488782214 0.8927304891593555, 21.811278833542207 0.8926335442014846, 21.81633276792328 0.8925360099485634, 21.82138669092315 0.8924378877651812, 21.826440602500995 0.8923391790323658, 21.831494502616057 0.8922398851317918, 21.836548391227595 0.8921400074451332, 21.84160226829497 0.8920395473555306, 21.846656133779256 0.8919385062652324, 21.851709987642714 0.8918368855898738, 21.85676382984763 0.8917346867453647, 21.86181766035628 0.8916319111476158, 21.866871479131163 0.8915285602149378, 21.87192528613667 0.8914246353863073, 21.87697908133815 0.8913201381112449, 21.88203286470096 0.8912150698393533, 21.88708663619046 0.8911094320202366, 21.89214039577235 0.891003226106973, 21.89719414341431 0.8908964535730146, 21.90224787908477 0.890789115899216, 21.90730160275213 0.8906812145664423, 21.912355314384826 0.8905727510555594, 21.9174090139518 0.8904637268533441, 21.92246270142414 0.8903541434704538, 21.927516376773493 0.8902440024235749, 21.932570039971477 0.8901333052293939, 21.93762369098975 0.8900220534046015, 21.94267732980056 0.889910248469218, 21.947730956377953 0.8897978919525296, 21.952784570696263 0.8896849853854188, 21.957838172729815 0.8895715302987689, 21.962891762452966 0.8894575282237026, 21.967945339841542 0.889342980719891, 21.972998904874235 0.889227889402231, 21.978052457530065 0.8891122558919328, 21.98310599778806 0.8889960818102085, 21.988159525627207 0.8888793687764048, 21.99321304102542 0.8887621183296596, 21.998266543959115 0.8886443319001982, 22.003320034404588 0.8885260109104723, 22.008373512338167 0.8884071567829347, 22.01342697773673 0.888287770960335, 22.018480430589403 0.8881678553151299, 22.023533870896937 0.8880474121298046, 22.02858729866058 0.8879264437032054, 22.03364071388156 0.8878049523341774, 22.038694116557444 0.8876829401737332, 22.04374750664124 0.8875604075848149, 22.048800884056384 0.8874373537428814, 22.053854248725777 0.8873137778020208, 22.058907600572322 0.8871896789163218, 22.063960939544828 0.8870650572408286, 22.069014265785633 0.8869399204049653, 22.07406757952458 0.8868142794184379, 22.079120880991926 0.8866881453075567, 22.08417417041796 0.8865615290986321, 22.089227447875544 0.8864344356759201, 22.094280712685624 0.8863068405849014, 22.099333963944936 0.8861787106208453, 22.10438720075014 0.8860500125775022, 22.109440422198386 0.8859207132676578, 22.11449362829807 0.8857908149614179, 22.119546821858815 0.8856604289344426, 22.12460000622685 0.8855296873411612, 22.129653184748374 0.8853987223360023, 22.13470636073346 0.8852676646658337, 22.139759532607137 0.8851364548484071, 22.144812689018657 0.8850046527212788, 22.14986581745282 0.8848717727755809, 22.15491890539438 0.8847373295024454, 22.15997194025631 0.8846008364994579, 22.16502490654459 0.8844617711932434, 22.17007778492085 0.8843195631760006, 22.17513055578281 0.8841736387564183, 22.180183199528216 0.8840234242431863, 22.18523569709506 0.8838683659809241, 22.19028803933015 0.8837082777803196, 22.195340225764358 0.8835432955010071, 22.200392256222578 0.8833735659055407, 22.2054441305297 0.883199235756475, 22.210495848212847 0.8830204407218307, 22.21554740584106 0.8828372062514993, 22.2205987982896 0.8826494946855061, 22.22565002041375 0.8824572676193332, 22.23070106706879 0.8822604866484622, 22.235751933260293 0.8820591189194588, 22.240802614872116 0.8818531640205148, 22.245853108106285 0.881642633290895, 22.250903409165257 0.8814275380861593, 22.255953514251487 0.8812078897617094, 22.261003419502323 0.8809836971778345, 22.266053120825237 0.8807549603835209, 22.27110261407697 0.8805216774836775, 22.276151895114282 0.8802838465832132, 22.281200959794095 0.8800414657928, 22.286249804005145 0.8797945342818582, 22.291298423704927 0.8795430535065643, 22.296346814859866 0.8792870252211421, 22.301394973436416 0.8790264511798158, 22.306442895400906 0.8787613331284236, 22.311490576715173 0.878491672455318, 22.316538013335006 0.8782174700653874, 22.32158520121573 0.8779387268292158, 22.326632136312693 0.8776554436173876, 22.3316788145819 0.8773676213102471, 22.336725231991032 0.8770752609594368, 22.34177138451774 0.8767783637627042, 22.346817268140004 0.8764769309224798, 22.35186287883578 0.8761709636411934, 22.356908212584063 0.8758604631216594, 22.36195326537289 0.8755454305701479, 22.36699803319512 0.8752258671947567, 22.372042512043652 0.8749017742036014, 22.377086697911366 0.8745731528047956, 22.382130586793572 0.87424000421859, 22.387174174697634 0.8739023297265386, 22.392217457634768 0.8735601306295124, 22.397260431616182 0.8732134082283896, 22.402303092653064 0.8728621638240618, 22.407345436760842 0.8725063987329982, 22.412387459967217 0.8721461143169221, 22.417429158302106 0.87178131194573, 22.422470527795408 0.8714119929893175, 22.427511564477133 0.8710381588179051, 22.432552264384135 0.8706598108276693, 22.437592623565102 0.8702769504592719, 22.442632638069835 0.8698895791577449, 22.447672303948167 0.8694976983681204, 22.452711617250333 0.8691013095368398, 22.457750574036375 0.8687004141447944, 22.46278917037654 0.8682950137085097, 22.467827402341534 0.8678851097461556, 22.472865266002067 0.8674707037759025, 22.47790275742999 0.8670517973197797, 22.482939872709913 0.866628391942416, 22.487976607934332 0.8662004892348799, 22.493012959195863 0.8657680907886358, 22.498048922587124 0.8653311981951479, 22.503084494203314 0.8648898130540992, 22.508119670154596 0.8644439370127214, 22.513154446556484 0.8639935717353051, 22.518188819524507 0.8635387188861646, 22.523222785174198 0.8630793801296198, 22.52825633962608 0.8626155571451034, 22.53328947901644 0.8621472516599932, 22.53832219948472 0.8616744654111517, 22.543354497170363 0.8611972001354418, 22.5483863682129 0.8607154575699908, 22.55341780876018 0.860229239476111, 22.558448814975 0.8597385476583627, 22.563479383021686 0.8592433839257905, 22.568509509064565 0.8587437500874404, 22.573539189268452 0.8582396479537272, 22.578568419810342 0.8577310793688242, 22.58359719687984 0.8572180462119644, 22.58862551666714 0.8567005503640106, 22.593653375362436 0.8561785937058265, 22.59868076915744 0.8556521781222446, 22.603707694259565 0.8551213055400311, 22.608734146885745 0.8545859779111321, 22.613760123252995 0.8540461971878364, 22.61878561957835 0.8535019653224326, 22.62381063208229 0.852953284275957, 22.628835157003518 0.8524001560561695, 22.633859190586882 0.8518425826863721, 22.6388827290772 0.8512805661898759, 22.643905768719314 0.8507141085900117, 22.648928305764702 0.8501432119264453, 22.653950336483643 0.8495678782849945, 22.65897185714968 0.8489881097595698, 22.663992864036402 0.8484039084440826, 22.66901335341754 0.8478152764328754, 22.674033321577845 0.8472222158462648, 22.67905276481906 0.8466247288448498, 22.68407167944444 0.8460228175926988, 22.689090061757213 0.8454164842538797, 22.69410790806148 0.844805730994409, 22.699125214676947 0.84419056001589, 22.704141977936988 0.843570973551043, 22.70915819417543 0.8429469738336361, 22.714173859726113 0.8423185630974367, 22.719188970925284 0.8416857435815276, 22.724203524128743 0.841048517567959, 22.72921751570177 0.8404068873595861, 22.734230942009717 0.8397608552594006, 22.739243799417892 0.8391104235703933, 22.744256084296982 0.8384555946068603, 22.749267793039248 0.8377963707289147, 22.754278922042435 0.8371327543082787, 22.759289467704278 0.8364647477166753, 22.764299426422582 0.8357923533259488, 22.769308794605017 0.8351155735281612, 22.774317568679994 0.8344344107578814, 22.779325745078523 0.8337488674550471, 22.784333320231667 0.8330589460595968, 22.789340290570944 0.8323646490124919, 22.794346652543187 0.831665978784944, 22.799352402612623 0.8309629378826963, 22.804357537244453 0.8302555288133765, 22.809362052903857 0.8295437540846122, 22.814365946057872 0.8288276162075441, 22.819369213193838 0.8281071177322842, 22.82437185081178 0.8273822612332296, 22.829373855411905 0.8266530492851464, 22.834375223494433 0.8259194844627993, 22.839375951564104 0.8251815693493778, 22.844376036149306 0.8244393065719652, 22.84937547378613 0.8236926987718964, 22.85437426101063 0.8229417485905138, 22.859372394358907 0.8221864586691954, 22.86436987037622 0.8214268316657768, 22.869366685631523 0.8206628702807625, 22.8743628366976 0.8198945772214828, 22.879358320147205 0.819121955195268, 22.88435313255347 0.8183450069100646, 22.88934727050467 0.8175637351002437, 22.894340730609617 0.8167781425359776, 22.899333509478588 0.8159882319899857, 22.90432560372186 0.8151940062349881, 22.90931700995125 0.8143954680463158, 22.91430772479971 0.8135926202350119, 22.919297744915472 0.8127854656379859, 22.92428706694712 0.8119740070927268, 22.929275687543242 0.8111582474367228, 22.934263603356623 0.8103381895143612, 22.939250811065445 0.8095138362116806, 22.944237307357366 0.8086851904302742, 22.949223088920043 0.8078522550717604, 22.95420815244118 0.8070150330377718, 22.959192494617437 0.806173527244254, 22.964176112171618 0.8053277406487757, 22.96915900183126 0.8044776762164302, 22.974141160323892 0.8036233369123111, 22.979122584377343 0.8027647257019705, 22.984103270735005 0.8019018455750211, 22.989083216163163 0.8010346995565173, 22.994062417429973 0.8001632906743571, 22.99904087130357 0.7992876219564368, 23.004018574553573 0.7984076964328838, 23.008995523971873 0.7975235171672628, 23.013971716367493 0.7966350872489157, 23.01894714854994 0.7957424097678507, 23.02392181732867 0.7948454878140746, 23.028895719517468 0.7939443244838429, 23.033868851957223 0.7930389229130392, 23.03884121149945 0.7921292862530386, 23.043812794995702 0.7912154176552522, 23.048783599297508 0.7902973202710994, 23.05375362126586 0.7893749972653841, 23.058722857789835 0.7884484518427957, 23.063691305763722 0.7875176872154226, 23.068658962081834 0.7865827065953536, 23.073625823638775 0.7856435131951091, 23.07859188734576 0.7847001102501291, 23.083557150138546 0.7837525010297087, 23.08852160895487 0.7828006888058726, 23.093485260732468 0.7818446768506429, 23.0984481024107 0.7808844684382305, 23.103410130952803 0.7799200668749018, 23.10837134334018 0.7789514754912491, 23.113331736554656 0.7779786976184697, 23.11829130757805 0.7770017365877618, 23.12325005339697 0.7760205957365389, 23.128207971027027 0.7750352784400988, 23.133165057494775 0.7740457880880139, 23.138121309826786 0.7730521280698821, 23.143076725049653 0.7720543017753166, 23.148031300200476 0.7710523126072997, 23.15298503234601 0.7700461640064561, 23.1579379185582 0.7690358594199891, 23.162889955908984 0.7680214022951022, 23.16784114147071 0.7670027960795067, 23.17279147233409 0.7659800442436113, 23.177740945615188 0.764953150289131, 23.182689558431903 0.763922117720067, 23.187637307902143 0.762886950040422, 23.192584191145826 0.7618476507566148, 23.197530205308905 0.7608042234063581, 23.202475347555453 0.7597566715491835, 23.207419615049936 0.7587049987450658, 23.21236300495681 0.7576492085539791, 23.217305514446245 0.7565893045425811, 23.222247140719375 0.7555252903137519, 23.227187880987753 0.7544571694825893, 23.232127732462974 0.753384945664203, 23.237066692356628 0.7523086224737386, 23.242004757892694 0.7512282035403931, 23.246941926325704 0.7501436925282364, 23.251878194914916 0.7490550931066554, 23.25681356091956 0.747962408945037, 23.261748021599498 0.7468656437134605, 23.266681574235424 0.7457648011050859, 23.271614216133223 0.7446598848410301, 23.276545944600333 0.7435508986440871, 23.281476756944173 0.7424378462370508, 23.286406650474852 0.7413207313456206, 23.29133562253104 0.740199557726305, 23.296263670468612 0.7390743291541712, 23.30119079164367 0.7379450494045421, 23.30611698341232 0.7368117222527395, 23.311042243137916 0.7356743514816747, 23.315966568216453 0.7345329409085833, 23.320889956053236 0.7333874943604002, 23.32581240405352 0.7322380156640597, 23.330733909622676 0.7310845086465967, 23.335654470180966 0.7299269771502689, 23.340574083179465 0.7287654250488338, 23.34549274607308 0.7275998562199555, 23.3504104563167 0.7264302745412958, 23.355327211366248 0.7252566838915319, 23.360243008701516 0.7240790881730762, 23.365157845826392 0.722897491312324, 23.37007172024584 0.721711897236734, 23.374984629464823 0.7205223098737634, 23.379896570992102 0.7193287331545304, 23.384807542367625 0.7181311710403616, 23.389717541146737 0.7169296275074608, 23.394626564884877 0.7157241065321359, 23.399534611137494 0.7145146120906963, 23.40444167746948 0.7133011481683562, 23.409347761479594 0.7120837187822008, 23.41425286077415 0.7108623279564463, 23.41915697295946 0.7096369797153061, 23.42406009564211 0.7084076780832252, 23.428962226446803 0.7071744271012774, 23.433863363028305 0.7059372308380395, 23.43876350304417 0.7046960933646701, 23.443662644151956 0.7034510187523292, 23.44856078401094 0.7022020110736836, 23.453457920307628 0.7009490744256912, 23.45835405075055 0.69969221292492, 23.463249173048876 0.6984314306884989, 23.46814328491176 0.6971667318335576, 23.473036384053778 0.6958981204819186, 23.47792846822312 0.6946256007845257, 23.482819535180834 0.6933491769034789, 23.48770958268802 0.692068853000899, 23.49259860850577 0.6907846332389226, 23.49748661040766 0.6894965217901966, 23.502373586201266 0.688204522856005, 23.5072595336999 0.686908640642464, 23.512144450716875 0.6856088793556925, 23.517028335066087 0.6843052432022821, 23.52191118458336 0.6829977364067893, 23.526792997132674 0.6816863632168193, 23.53167377057985 0.6803711278814869, 23.536553502790717 0.6790520346499092, 23.54143219163386 0.6777290877734052, 23.546309835008525 0.6764022915276807, 23.55118643083302 0.6750716502036102, 23.556061977025944 0.6737371680922942, 23.56093647150588 0.6723988494848333, 23.56580991219916 0.6710566986783076, 23.570682297067357 0.6697107199970331, 23.575553624082062 0.66836091777308, 23.580423891214892 0.667007296338521, 23.585293096437546 0.6656498600255115, 23.59016123773795 0.6642886131783576, 23.595028313136908 0.6629235601660742, 23.599894320659256 0.6615547053606741, 23.604759258329825 0.6601820531341698, 23.609623124174618 0.6588056078594392, 23.61448591624559 0.6574253739282592, 23.61934763261995 0.6560413557507949, 23.624208271375917 0.6546535577379737, 23.629067830591755 0.6532619843007209, 23.633926308350066 0.6518666398530539, 23.638783702767032 0.6504675288327173, 23.64364001197441 0.6490646556884491, 23.64849523410402 0.647658024869048, 23.653349367287685 0.6462476408233138, 23.658202409668093 0.6448335080074766, 23.663054359423494 0.6434156309021656, 23.667905214739456 0.6419940139930064, 23.672754973801542 0.640568661765625, 23.677603634795673 0.6391395787058927, 23.68245119592812 0.6377067693131956, 23.687297655435785 0.6362702381072607, 23.692143011558073 0.6348299896094967, 23.696987262534407 0.6333860283413102, 23.701830406606387 0.6319383588255078, 23.706672442045353 0.6304869856040426, 23.711513367144192 0.6290319132327382, 23.7163531801963 0.6275731462677289, 23.721191879495038 0.6261106892651502, 23.726029463340407 0.6246445467852496, 23.730865930067925 0.6231747234104142, 23.735701278024997 0.6217012237304422, 23.74053550555904 0.6202240523351369, 23.745368611017543 0.6187432138143365, 23.750200592762607 0.6172587127666919, 23.75503144919079 0.6157705538116268, 23.75986117870361 0.6142787415715585, 23.764689779702596 0.6127832806689024, 23.76951725059014 0.6112841757265834, 23.774343589793222 0.6097814313818374, 23.779168795766047 0.6082750522877993, 23.783992866964308 0.606765043098435, 23.788815801843644 0.6052514084677121, 23.79363759886338 0.6037341530516432, 23.798458256515673 0.6022132815247521, 23.803277773310192 0.6006887985714008, 23.808096147756757 0.5991607088760404, 23.812913378365188 0.5976290171231239, 23.817729463654796 0.5960937280022683, 23.822544402181002 0.594554846222698, 23.827358192507766 0.5930123764982907, 23.832170833199072 0.5914663235429221, 23.836982322819104 0.5899166920705899, 23.84179265995079 0.5883634868051008, 23.84660184320908 0.586806712487041, 23.85140987121205 0.5852463738586423, 23.85621674257779 0.5836824756621392, 23.861022455926108 0.5821150226406299, 23.865827009905185 0.5805440195515318, 23.870630403186478 0.5789694711640276, 23.875432634442156 0.5773913822476471, 23.88023370234439 0.5758097575719197, 23.885033605570943 0.5742246019090986, 23.889832342834517 0.5726359200484039, 23.89462991286125 0.5710437167855826, 23.899426314377326 0.5694479969163981, 23.904221546108918 0.56784876523662, 23.909015606795176 0.566246026548073, 23.913808495210333 0.5646397856689508, 23.918600210134468 0.5630300474201874, 23.92339075034767 0.561416816622719, 23.928180114630646 0.5598000980977582, 23.932968301786786 0.5581798966766822, 23.937755310648146 0.5565562172037175, 23.942541140048615 0.5549290645239119, 23.94732578882211 0.553298443482313, 23.95210925580543 0.5516643589252247, 23.956891539866767 0.5500268157124311, 23.961672639893436 0.5483858187119256, 23.96645255477301 0.5467413727918204, 23.97123128339306 0.5450934828202252, 23.97600882464922 0.5434421536685738, 23.980785177472754 0.5417873902230359, 23.985560340804813 0.5401291973738592, 23.990334313586565 0.5384675800112949, 23.995107094759277 0.5368025430256406, 23.999878683280794 0.5351340913136586, 24.004649078141718 0.533462229784914, 24.00941827833653 0.5317869633504757, 24.014186282859686 0.5301082969214124, 24.018953090706926 0.5284262354092621, 24.02371870090007 0.5267407837353583, 24.028483112485794 0.5250519468303478, 24.03324632451177 0.5233597296252487, 24.03800833602564 0.5216641370510763, 24.04276914607952 0.5199651740404306, 24.047528753758844 0.5182628455377905, 24.052287158164166 0.5165571564930198, 24.057044358396112 0.5148481118560105, 24.061800353555316 0.5131357165766574, 24.06655514275322 0.5114199756085063, 24.07130872513616 0.5097008939169203, 24.076061099857508 0.5079784764696481, 24.08081226607066 0.5062527282344365, 24.085562222929354 0.5045236541791509, 24.090310969607245 0.5027912592780328, 24.09505850530779 0.5010555485148767, 24.099804829236877 0.499316526874263, 24.104549940600403 0.4975741993407704, 24.109293838606362 0.495828570899607, 24.114036522491464 0.4940796465446815, 24.11877799151338 0.4923274312762427, 24.12351824493028 0.490571930094684, 24.12825728200031 0.4888131480004006, 24.13299510198781 0.4870510899955506, 24.13773170419125 0.4852857610920074, 24.14246708792075 0.4835171663049726, 24.147201252486443 0.481745310649648, 24.151934197198518 0.4799701991412468, 24.156665921380686 0.4781918367986004, 24.161396424389796 0.4764102286493901, 24.16612570558769 0.474625379722627, 24.17085376433618 0.4728372950473244, 24.17558059999784 0.471045979652674, 24.18030621195786 0.4692514385735171, 24.18503059962794 0.4674536768513087, 24.1897537624213 0.4656526995278806, 24.194475699751173 0.4638485116450672, 24.199196411033824 0.4620411182454086, 24.20391589571591 0.4602305243784897, 24.20863415326152 0.4584167350979358, 24.21335118313494 0.4565997554574178, 24.218066984800444 0.454779590510606, 24.222781557730322 0.4529562453128854, 24.227494901430642 0.4511297249268817, 24.232207015416417 0.4493000344171361, 24.236917899202677 0.4474671788481929, 24.241627552304557 0.4456311632846194, 24.24633597425312 0.4437919927941116, 24.25104316461022 0.4419496724504282, 24.255749122941275 0.4401042073280201, 24.260453848811668 0.4382556025013409, 24.265157341787972 0.4364038630450514, 24.269859601461324 0.4345489940382158, 24.27456062744622 0.4326910005640864, 24.27926041935806 0.4308298877060783, 24.283958976812272 0.4289656605476066, 24.288656299428308 0.4270983241727415, 24.293352386856686 0.4252278836705737, 24.298047238762397 0.4233543441325273, 24.30274085481048 0.4214777106500414, 24.307433234666 0.4195979883145531, 24.31212437800361 0.4177151822188875, 24.316814284530665 0.4158292974605966, 24.32150295396147 0.413940339138234, 24.32619038601034 0.4120483123503535, 24.330876580391823 0.4101532221955446, 24.335561536838156 0.4082550737746095, 24.34024525510988 0.4063538721919108, 24.344927734970135 0.4044496225521361, 24.349608976182044 0.4025423299599689, 24.35428897851034 0.4006319995202808, 24.358967741745488 0.3987186363408832, 24.363645265698576 0.3968022455319474, 24.36832155018124 0.3948828322037131, 24.372996595005166 0.3929604014664182, 24.377670399986876 0.3910349584307278, 24.38234296497382 0.3891065082100267, 24.387014289825558 0.3871750559187606, 24.391684374401688 0.3852406066713777, 24.3963532185618 0.3833031655823294, 24.40102082217629 0.3813627377668596, 24.40568718514671 0.379419328342505, 24.4103523073802 0.3774729424272154, 24.415016188783895 0.3755235851389385, 24.41967882926535 0.3735712615956448, 24.424340228750726 0.3716159769163672, 24.429000387192335 0.3696577362216208, 24.43365930454443 0.3676965446320352, 24.43831698076127 0.3657324072682371, 24.442973415799067 0.3637653292509299, 24.44762860963995 0.361795315701832, 24.45228256228445 0.3598223717433777, 24.456935273733478 0.3578465024980161, 24.46158674398793 0.3558677130881989, 24.466236973054148 0.3538860086364925, 24.470885960968733 0.3519013942661171, 24.475533707778773 0.3499138751005221, 24.48018021353136 0.3479234562631541, 24.484825478273613 0.3459301428774602, 24.48946950206406 0.3439339400669346, 24.494112284990795 0.3419348529551849, 24.49875382714663 0.3399328866658376, 24.50339412862435 0.3379280463225207, 24.508033189517256 0.335920337048854, 24.512671009937527 0.3339097639681987, 24.51730759002158 0.3318963322035874, 24.52194292990744 0.329880046878027, 24.526577029733144 0.327860913114528, 24.53120988963884 0.3258389360360313, 24.535841509790174 0.3238141207646776, 24.54047189036961 0.3217864724220822, 24.54510103155991 0.3197559961298483, 24.54972893354383 0.317722697009579, 24.554355596509705 0.3156865801826058, 24.558981020675045 0.3136476507688248, 24.563605206266818 0.3116059138876664, 24.568228153512024 0.3095613746585638, 24.572849862637657 0.3075140382009445, 24.57747033388211 0.305463909633477, 24.58208956751182 0.3034109940729538, 24.58670756379749 0.3013552966358799, 24.591324323009825 0.2992968224387599, 24.59593984542004 0.297235576598058, 24.60055413131768 0.29517156422868, 24.605167181015187 0.2931047904435854, 24.60977899482648 0.2910352603556143, 24.61438957306546 0.2889629790776026, 24.6189989160481 0.2868879517221775, 24.623607024114822 0.2848101833994624, 24.628213897621965 0.2827296792179542, 24.6328195369261 0.2806464442861242, 24.637423942383833 0.2785604837124414, 24.64202711435706 0.2764718026047253, 24.64662905323546 0.2743804060674038, 24.65122975941774 0.2722862992037965, 24.65582923330262 0.2701894871172226, 24.660427475288838 0.2680899749110002, 24.665024485785835 0.2659877676870413, 24.669620265229902 0.2638828705437244, 24.674214814061532 0.2617752885788837, 24.678808132721173 0.2596650268903505, 24.683400221649766 0.257552090575884, 24.687991081305263 0.255436484730467, 24.69258071216764 0.2533182144454877, 24.69716911471837 0.2511972848121007, 24.701756289438897 0.249073700921457, 24.70634223681249 0.2469474678643892, 24.710926957345215 0.2448185907277181, 24.715510451558767 0.24268707459552, 24.720092719975135 0.2405529245518179, 24.72467376311628 0.2384161456806376, 24.729253581508832 0.2362767430651033, 24.73383217570561 0.2341347217832749, 24.738409546268578 0.2319900869114439, 24.74298569375972 0.2298428435258968, 24.74756061874102 0.2276929967029175, 24.752134321783828 0.2255405515168098, 24.756706803485187 0.2233855130364236, 24.76127806444651 0.22122788632968, 24.765848105269235 0.2190676764645032, 24.770416926555093 0.2169048885087416, 24.77498452892105 0.214739527526733, 24.779550913005775 0.2125715985778173, 24.78411607944957 0.2104011067209477, 24.788680028892763 0.2082280570150814, 24.793242761977066 0.2060524545188255, 24.797804279364883 0.2038743042856315, 24.80236458173446 0.2016936113650032, 24.806923669764455 0.199510380806341, 24.811481544133535 0.1973246176590455, 24.816038205524052 0.1951363269715307, 24.820593654642607 0.1929455137857054, 24.825147892205614 0.1907521831408518, 24.829700918929525 0.188556340076248, 24.83425273553077 0.1863579896311685, 24.838803342733417 0.1841571368427088, 24.843352741286118 0.1819537867409015, 24.847900931942544 0.1797479443543464, 24.85244791545637 0.1775396147116437, 24.856993692581423 0.1753288028413447, 24.861538264084356 0.1731155137680764, 24.866081630753417 0.1708997525098606, 24.870623793378932 0.1686815240840808, 24.87516475275124 0.1664608335081207, 24.879704509661572 0.1642376857990724, 24.884243064919183 0.1620120859681785, 24.888780419349903 0.1597840390213051, 24.89331657378016 0.1575535499641216, 24.89785152903641 0.1553206238022939, 24.90238528594768 0.1530852655405878, 24.9069178453649 0.150847480176202, 24.91144920814996 0.1486072727025458, 24.915979375164813 0.146364648113, 24.920508347271397 0.1441196114009486, 24.92503612533731 0.1418721675577663, 24.92956271025352 0.1396223215664858, 24.93408810291705 0.1373700784079756, 24.938612304224943 0.135115443063101, 24.9431353150743 0.1328584205127064, 24.947657136372193 0.1305990157337841, 24.952177769047232 0.1283372336950069, 24.95669721403084 0.126073079363969, 24.961215472254416 0.1238065577082617, 24.96573254464987 0.1215376736952875, 24.97024843216386 0.1192664322864347, 24.974763135760597 0.1169928384359624, 24.979276656405304 0.1147168970977165, 24.983788995063193 0.1124386132255465, 24.98830015270107 0.110157991772636, 24.99281013030467 0.1078750376841794, 24.997318928872303 0.10558975590008, 25.001826549402516 0.1033021513601431, 25.006332992893835 0.1010122290041742, 25.01083826034846 0.0987199937703562, 25.015342352789965 0.0964254505874142, 25.0198452712496 0.0941286043806633, 25.02434701675865 0.0918294600754171, 25.028847590348374 0.0895280225969841, 25.03334699305707 0.0872242968674317, 25.037845225944196 0.0849182877990324, 25.042342290073226 0.0826100003022107, 25.04683818650759 0.080299439287395, 25.051332916310937 0.0779866096649347, 25.055826480558096 0.0756715163397583, 25.06031888034241 0.0733541642078577, 25.064810116758974 0.0710345581643866, 25.06930019090287 0.0687127031044985, 25.073789103869927 0.066388603922974, 25.078276856771353 0.06406226550686, 25.082763450732752 0.0617336927359516, 25.08724888688027 0.0594028904897671, 25.09173316634008 0.0570698636478216, 25.096216290240392 0.0547346170885633, 25.1006982597279 0.0523971556807426, 25.105179075959214 0.0500574842879319, 25.109658740091028 0.0477156077736548, 25.114137253280006 0.045371531001438, 25.118614616687104 0.0430252588324891, 25.123090831493172 0.0406767961171851, 25.12756589888488 0.0383261477027327, 25.13203982004889 0.0359733184363383, 25.136512596171883 0.0336183131652007, 25.140984228448065 0.031261136732258, 25.145454718090594 0.0289017939697094, 25.14992406631555 0.0265402897080904, 25.154392274339 0.0241766287779332, 25.1588593433773 0.021810816009635, 25.163325274658057 0.0194428562270202, 25.167790069425067 0.0170727542445098, 25.172253728923376 0.014700514875802, 25.176716254398023 0.0123261429345981, 25.18117764709491 0.0099496432340669, 25.18563790827472 0.0075710205783936, 25.190097039210475 0.0051902797642654, 25.19455504117554 0.0028074255881365, 25.199011915443336 0.0004224628464607, 25.20346766328937 -0.0019646036656592, 25.207922286006394 -0.0043537691640701, 25.2123757848955 -0.006745028869911, 25.216828161257826 -0.0091383780043587, 25.22127941639452 -0.01153381178859, 25.22572955161094 -0.0139313254465101, 25.230178568230613 -0.0163309142138354, 25.234626467582007 -0.0187325733294718, 25.239073250993563 -0.0211362980323223, 25.243518919793765 -0.0235420835613087, 25.247963475318215 -0.0259499251601478, 25.252406918919608 -0.0283598180840647, 25.256849251953152 -0.0307717575899795, 25.261290475774075 -0.0331857389348126, 25.265730591737793 -0.0356017573756373, 25.270169601210156 -0.0380198081767511, 25.27460750557155 -0.0404398866125495, 25.27904430620341 -0.042861987958177, 25.283480004487213 -0.0452861074887823, 25.287914601805202 -0.047712240480074, 25.292348099553 -0.0501403822173641, 25.296780499137466 -0.0525705279939963, 25.30121180196578 -0.0550026731035588, 25.305642009445137 -0.0574368128396427, 25.310071122984564 -0.0598729424972175, 25.3144991440087 -0.0623110573827502, 25.318926073949864 -0.0647511528084292, 25.323351914240483 -0.0671932240864845, 25.327776666312946 -0.0696372665291429, 25.332200331603257 -0.0720832754513693, 25.33662291156382 -0.0745312461806395, 25.34104440765176 -0.0769811740480015, 25.345464821324178 -0.079433054384507, 25.349884154038207 -0.0818868825212174, 25.354302407257002 -0.0843426537939169, 25.358719582459354 -0.0868003635506779, 25.3631356811266 -0.0892600071415434, 25.36755070474006 -0.0917215799165533, 25.371964654781202 -0.0941850772258717, 25.376377532740303 -0.0966504944267704, 25.380789340121243 -0.0991178268874949, 25.385200078429058 -0.1015870699772277, 25.389609749168784 -0.1040582190651484, 25.39401835384601 -0.1065312695208959, 25.398425893977798 -0.109006216723574, 25.402832371092035 -0.1114830560612111, 25.407237786717022 -0.1139617829221871, 25.41164214238109 -0.1164423926948824, 25.416045439613875 -0.1189248807688288, 25.420447679958478 -0.1214092425451644, 25.424848864965792 -0.1238954734317282, 25.429248996186782 -0.1263835688364374, 25.43364807517244 -0.1288735241672125, 25.438046103476342 -0.1313653348342767, 25.442443082666713 -0.133858996260634, 25.446839014316797 -0.1363545038737012, 25.45123389999985 -0.1388518531008993, 25.455627741289103 -0.1413510393696471, 25.460020539762315 -0.1438520581114104, 25.464412297011616 -0.1463549047706365, 25.46880301463204 -0.1488595747943783, 25.473192694218625 -0.151366063629689, 25.477581337366463 -0.153874366723672, 25.4819689456774 -0.156384479529692, 25.486355520766335 -0.1588963975131477, 25.4907410642496 -0.1614101161407998, 25.495125577743565 -0.1639256308794127, 25.499509062864863 -0.1664429371960167, 25.50389152123921 -0.1689620305662609, 25.508272954503198 -0.171482906476094, 25.512653364294028 -0.1740055604120688, 25.517032752248927 -0.1765299878607349, 25.52141112000586 -0.1790561843093915, 25.525788469213925 -0.1815841452561272, 25.53016480153052 -0.1841138662071436, 25.53454011861328 -0.1866453426688448, 25.538914422119817 -0.1891785701476304, 25.54328771370936 -0.1917135441515001, 25.547659995053607 -0.19425026020089, 25.552031267830106 -0.196788713822066, 25.556401533716432 -0.1993289005413306, 25.560770794390187 -0.2018708158849867, 25.56513905153178 -0.204414455382247, 25.569506306834633 -0.2069598145755862, 25.573872561995834 -0.2095068890112492, 25.57823781871249 -0.2120556742354779, 25.5826020786817 -0.2146061657945245, 25.586965343605126 -0.2171583592393926, 25.59132761519683 -0.219712250134074, 25.595688895173033 -0.2222678340447639, 25.6000491852499 -0.2248251065376572, 25.60440848714372 -0.2273840631790344, 25.60876680257724 -0.229944699542112, 25.61312413328425 -0.2325070112119054, 25.61748048099959 -0.2350709937745756, 25.62183584745812 -0.2376366428162881, 25.626190234395 -0.2402039539235435, 25.630543643553736 -0.2427729226920215, 25.634896076686925 -0.2453435447274097, 25.639247535547632 -0.2479158156358987, 25.643598021888923 -0.2504897310236821, 25.647947537464614 -0.2530652864977991, 25.652296084038447 -0.2556424776764023, 25.656643663381168 -0.2582213001854846, 25.660990277263664 -0.2608017496512027, 25.665335927456823 -0.26338382169971, 25.669680615733032 -0.265967511958856, 25.674024343875605 -0.2685528160690661, 25.67836711367283 -0.2711397296764254, 25.682708926913023 -0.27372824842705, 25.687049785384474 -0.2763183679670557, 25.691389690877998 -0.2789100839455087, 25.69572864519577 -0.2815033920247355, 25.700066650143086 -0.2840982878707742, 25.704403707525262 -0.2866947671496669, 25.708739819147635 -0.289292825527462, 25.713074986819432 -0.2918924586748793, 25.717409212360725 -0.294493662275616, 25.72174249759344 -0.2970964320156015, 25.72607484433954 -0.2997007635807619, 25.730406254421005 -0.302306652657102, 25.734736729665315 -0.3049140949373181, 25.739066271909653 -0.307523086125958, 25.743394882992206 -0.3101336219287885, 25.747722564751125 -0.3127456980515758, 25.75204931902483 -0.3153593102003687, 25.756375147658726 -0.3179744540899679, 25.760700052506387 -0.3205911254453469, 25.765024035421842 -0.3232093199920469, 25.769347098259114 -0.3258290334556129, 25.773669242872792 -0.328450261562297, 25.777990471125793 -0.331073000048956, 25.782310784887464 -0.3336972446606302, 25.786630186027317 -0.3363229911425661, 25.790948676414864 -0.3389502352400136, 25.795266257920712 -0.3415789726996317, 25.79958293242472 -0.3442091992801359, 25.803898701811477 -0.34684091074637, 25.808213567965613 -0.3494741028632251, 25.812527532771732 -0.3521087713955891, 25.81684059811632 -0.3547449121108012, 25.82115276589557 -0.3573825207890736, 25.825464038008853 -0.3600215932148327, 25.829774416355548 -0.362662125172511, 25.834083902835054 -0.3653041124465415, 25.8383924993496 -0.3679475508252297, 25.842700207811003 -0.3705924361097727, 25.847007030133057 -0.3732387641040428, 25.851312968229553 -0.3758865306119091, 25.85561802401429 -0.3785357314372752, 25.859922199405183 -0.3811863623896724, 25.864225496328938 -0.383838419290734, 25.86852791671342 -0.386491897963669, 25.872829462486457 -0.3891467942316811, 25.877130135576042 -0.391803103918131, 25.881429937915478 -0.3944608228538757, 25.885728871445746 -0.3971199468805098, 25.89002693810843 -0.3997804718404601, 25.894324139845125 -0.4024423935761531, 25.89862047859769 -0.4051057079304373, 25.90291595631453 -0.4077704107554493, 25.907210574950355 -0.4104364979123405, 25.91150433646014 -0.4131039652626297, 25.915797242798867 -0.4157728086678398, 25.92008929592214 -0.4184430239903955, 25.924380497792992 -0.421114607103524, 25.928670850379394 -0.4237875538875849, 25.932960355649413 -0.4264618602230633, 25.93724901557108 -0.4291375219904408, 25.941536832113552 -0.431814535071835, 25.945823807254065 -0.4344928953612584, 25.95010994297339 -0.4371725987579981, 25.954395241252346 -0.4398536411613659, 25.958679704071738 -0.4425360184706693, 25.962963333414134 -0.4452197265878743, 25.967246131270397 -0.4479047614273426, 25.97152809963378 -0.4505911189070466, 25.975809240497544 -0.4532787949449626, 25.98008955585496 -0.4559677854590696, 25.9843690477019 -0.4586580863713586, 25.98864771804223 -0.4613496936160526, 25.992925568881343 -0.4640426031296928, 25.9972026022246 -0.4667368108488168, 26.001478820077416 -0.4694323127100052, 26.005754224448808 -0.4721291046554164, 26.010028817355124 -0.4748271826385416, 26.014302600813608 -0.4775265426142501, 26.01857557684152 -0.4802271805374118, 26.022847747456193 -0.4829290923630515, 26.027119114679582 -0.4856322740534269, 26.03138968054003 -0.4883367215808396, 26.035659447066337 -0.4910424309183372, 26.03992841628733 -0.4937493980389674, 26.044196590232072 -0.496457618916181, 26.048463970935135 -0.4991670895322154, 26.0527305604364 -0.5018778058777812, 26.056996360775948 -0.5045897639439295, 26.061261373993883 -0.5073029597217162, 26.065525602130805 -0.5100173892030201, 26.069789047233545 -0.5127330483898155, 26.074051711353135 -0.5154499332908538, 26.07831359654067 -0.5181680399150111, 26.082574704847254 -0.5208873642711609, 26.086835038324857 -0.5236079023696238, 26.0910945990322 -0.5263296502317745, 26.09535338903111 -0.5290526038840877, 26.099611410383417 -0.5317767593530707, 26.103868665150962 -0.5345021126652257, 26.108125155396962 -0.5372286598493613, 26.112380883191577 -0.5399563969458134, 26.11663585060711 -0.5426853199985149, 26.12089005971589 -0.5454154250514024, 26.125143512590224 -0.5481467081484138, 26.129396211304456 -0.550879165336906, 26.13364815793971 -0.5536127926756641, 26.137899354578526 -0.5563475862258548, 26.14214980330344 -0.5590835420486412, 26.14639950619699 -0.5618206562052106, 26.150648465344517 -0.5645589247614979, 26.154896682837663 -0.5672983437941902, 26.159144160768953 -0.5700389093814585, 26.16339090123089 -0.5727806176014741, 26.167636906316062 -0.5755234645325038, 26.171882178120587 -0.5782674462589978, 26.17612671874618 -0.5810125588751343, 26.180370530295058 -0.5837587984759424, 26.184613614869406 -0.5865061611564553, 26.1888559745716 -0.5892546430119693, 26.19309761150832 -0.5920042401452792, 26.19733852779108 -0.5947549486675048, 26.20157872553158 -0.5975067646901968, 26.205818206841585 -0.6002596843249096, 26.210056973833147 -0.6030137036837598, 26.214295028623255 -0.6057688188875805, 26.21853237333283 -0.6085250260640861, 26.222769010082864 -0.6112823213411763, 26.227004940994373 -0.6140407008467477, 26.23124016818892 -0.6168001607097079, 26.235474693793503 -0.6195606970686266, 26.23970851993816 -0.6223223060674531, 26.243941648752916 -0.625084983850198, 26.248174082367843 -0.6278487265608728, 26.252405822913904 -0.6306135303451126, 26.25663687252774 -0.6333793913588096, 26.260867233348243 -0.6361463057618375, 26.265096907514298 -0.6389142697140754, 26.26932589716478 -0.6416832793754067, 26.27355420443992 -0.6444533309081559, 26.277781831485697 -0.6472244204850616, 26.282008780449605 -0.6499965442816313, 26.28623505347915 -0.6527696984733697, 26.290460652721826 -0.655543879235788, 26.294685580327048 -0.6583190827478624, 26.298909838449724 -0.6610953051986486, 26.303133429245765 -0.6638725427790294, 26.307356354871104 -0.6666507916798888, 26.311578617481658 -0.6694300480921389, 26.31580021923588 -0.6722103082113036, 26.32002116229727 -0.6749915682422546, 26.32424144882997 -0.677773824390991, 26.328461080998128 -0.6805570728635162, 26.33268006096592 -0.6833413098659489, 26.336898390900664 -0.6861265316101789, 26.34111607297417 -0.6889127343164232, 26.345333109358606 -0.6916999142055403, 26.349549502226107 -0.6944880674983928, 26.353765253748996 -0.6972771904161238, 26.357980366103263 -0.7000672791867639, 26.362194841468675 -0.7028583300454851, 26.366408682025224 -0.7056503392277901, 26.370621889952844 -0.708443302969177, 26.374834467431818 -0.7112372175056928, 26.37904641664659 -0.7140320790811584, 26.38325773978475 -0.7168278839451955, 26.387468439033956 -0.7196246283475685, 26.39167851658191 -0.7224223085380426, 26.395887974616727 -0.7252209207673129, 26.40009681533112 -0.7280204612946033, 26.40430504092021 -0.7308209263836938, 26.408512653579137 -0.7336223122984035, 26.412719655503032 -0.7364246153025555, 26.416926048887813 -0.739227831661434, 26.42113183593415 -0.7420319576492468, 26.42533701884449 -0.7448369895435767, 26.42954159982131 -0.747642923622009, 26.43374558106704 -0.7504497561621316, 26.437948964785292 -0.7532574834436745, 26.44215175318442 -0.7560661017553507, 26.446353948474023 -0.7588756073882358, 26.45055555286373 -0.7616859966334046, 26.454756568563127 -0.7644972657819308, 26.458956997783414 -0.7673094111278659, 26.463156842740357 -0.7701224289739148, 26.467356105650552 -0.7729363156243446, 26.47155478873062 -0.7757510673834265, 26.475752894197164 -0.778566680555457, 26.479950424268864 -0.7813831514486264, 26.484147381168636 -0.7842004763791312, 26.488343767119936 -0.7870186516641499, 26.49253958434619 -0.7898376736208574, 26.496734835070896 -0.7926575385665259, 26.500929521520103 -0.7954782428232489, 26.50512364592365 -0.7982997827202385, 26.509317210511675 -0.8011221545872778, 26.51351021751431 -0.8039453547541461, 26.517702669161814 -0.8067693795508458, 26.52189456768746 -0.8095942253130864, 26.526085915327773 -0.8124198883826774, 26.53027671431942 -0.8152463651017302, 26.534466966899082 -0.8180736518123564, 26.53865667530366 -0.8209017448570873, 26.5428458417735 -0.8237306405848974, 26.547034468551615 -0.8265603353497678, 26.551222557881104 -0.8293908255058084, 26.555410112005056 -0.8322221074071324, 26.559597133166957 -0.8350541774085726, 26.56378362361404 -0.8378870318719408, 26.56796958559569 -0.8407206671629802, 26.572155021361283 -0.8435550796474779, 26.576339933160213 -0.8463902656912168, 26.58052432324248 -0.8492262216611068, 26.584708193862028 -0.8520629439313777, 26.58889154727439 -0.8549004288792015, 26.59307438573512 -0.8577386728817594, 26.59725671149974 -0.8605776723162274, 26.601438526824698 -0.8634174235614208, 26.605619833970426 -0.8662579230035184, 26.609800635198496 -0.8690991670307686, 26.61398093277049 -0.8719411520314234, 26.618160728947977 -0.874783874393736, 26.622340025993775 -0.8776273305082197, 26.626518826174607 -0.880471516772493, 26.630697131757966 -0.8833164295855638, 26.634874945011326 -0.8861620653464355, 26.639052268202185 -0.8890084204541301, 26.643229103599715 -0.891855491310637, 26.647405453476676 -0.8947032743245121, 26.651581320106384 -0.8975517659051965, 26.65575670576212 -0.9004009624621309, 26.65993161271719 -0.9032508604048096, 26.664106043247006 -0.9061014561464128, 26.668279999630236 -0.9089527461059664, 26.672453484145887 -0.9118047267030213, 26.676626499072917 -0.9146573943571278, 26.6807990466904 -0.9175107454879766, 26.684971129279873 -0.9203647765196074, 26.68914274912576 -0.9232194838810752, 26.693313908512614 -0.9260748640017098, 26.697484609725002 -0.9289309133108444, 26.701654855047675 -0.9317876282380988, 26.7058246467682 -0.934645005217993, 26.70999398717657 -0.9375030406891737, 26.71416287856287 -0.9403617310904165, 26.718331323217136 -0.9432210728604926, 26.722499323429737 -0.9460810624386713, 26.726666881494193 -0.9489416962695454, 26.73083399970593 -0.9518029708009481, 26.735000680360397 -0.9546648824807641, 26.739166925753082 -0.9575274277568734, 26.74333273817988 -0.9603906030779349, 26.747498119940122 -0.9632544048981754, 26.75166307333453 -0.9661188296742438, 26.755827600663885 -0.9689838738628053, 26.759991704228945 -0.9718495339205239, 26.764155386331193 -0.9747158063051968, 26.768318649275518 -0.9775826874802115, 26.772481495367924 -0.9804501739106697, 26.776643926914357 -0.9833182620616691, 26.780805946220845 -0.9861869483983133, 26.784967555594317 -0.989056229387281, 26.789128757345196 -0.9919261015006245, 26.79328955378457 -0.9947965612115413, 26.797449947223562 -0.99766760499323, 26.801609939973275 -1.0005392293188922, 26.8057695343462 -1.003411430663807, 26.80992873265801 -1.0062842055082009, 26.814087537224864 -1.0091575503330188, 26.818245950362936 -1.01203146161921, 26.82240397438841 -1.014905935847753, 26.826561611619198 -1.0177809695022015, 26.830718864376166 -1.0206565590704817, 26.83487573498043 -1.023532701040939, 26.83903222575314 -1.0264093919019237, 26.843188339015516 -1.029286628141875, 26.84734407709085 -1.0321644062522564, 26.85149944230503 -1.0350427227282428, 26.8556544369841 -1.037921574065235, 26.859809063454108 -1.0408009567586305, 26.863963324041233 -1.0436808673040128, 26.868117221074098 -1.046561302200363, 26.872270756883523 -1.0494422579496676, 26.876423933800382 -1.05232373105402, 26.880576754155573 -1.0552057180155154, 26.884729220280207 -1.05808821533656, 26.88888133450819 -1.0609712195231866, 26.893033099175184 -1.063854727083732, 26.89718451661688 -1.066738734526573, 26.90133558916898 -1.0696232383600883, 26.905486319167576 -1.0725082350931587, 26.90963670895168 -1.0753937212384634, 26.913786760861672 -1.0782796933104033, 26.91793647723792 -1.0811661478233812, 26.922085860420797 -1.084053081291806, 26.926234912751276 -1.0869404902308175, 26.930383636573417 -1.0898283711592576, 26.934532034232248 -1.0927167205971406, 26.938680108072806 -1.0956055350644824, 26.942827860440122 -1.098494811081294, 26.946975293680104 -1.1013845451685997, 26.951122410141718 -1.1042747338509171, 26.95526921217458 -1.1071653736535139, 26.959415702128343 -1.1100564611016632, 26.963561882352618 -1.112947992720641, 26.967707755198255 -1.1158399650370256, 26.971853323019 -1.1187323745805209, 26.975998588169038 -1.1216252178812811, 26.980143553002524 -1.1245184914694641, 26.984288219873665 -1.1274121918752495, 26.98843259113823 -1.1303063156303983, 26.99257666915462 -1.1332008592693315, 26.996720456281533 -1.1360958193267285, 27.00086395487761 -1.1389911923372615, 27.005007167301592 -1.1418869748356646, 27.009150095914144 -1.1447831633584764, 27.01329274307827 -1.1476797544443862, 27.017435111157077 -1.1505767446322124, 27.021577202513697 -1.1534741304607738, 27.02571901951137 -1.156371908468998, 27.029860564515637 -1.1592700751977774, 27.03400183989395 -1.1621686271896696, 27.03814284801383 -1.1650675609872825, 27.042283591242786 -1.1679668731332267, 27.046424071948596 -1.1708665601702977, 27.050564292501598 -1.1737666186432347, 27.05470425527372 -1.1766670450979533, 27.058843962636903 -1.1795678360803783, 27.062983416963085 -1.1824689881364403, 27.067122620624602 -1.1853704978123494, 27.071261575996573 -1.1882723616562338, 27.07540028545527 -1.1911745762170272, 27.079538751376983 -1.1940771380436657, 27.083676976137973 -1.1969800436850815, 27.087814962115132 -1.1998832896906066, 27.091952711688204 -1.2027868726113695, 27.096090227237692 -1.2056907889990036, 27.10022751114413 -1.2085950354051458, 27.10436456578806 -1.2114996083814344, 27.10850139355091 -1.214404504479987, 27.11263799681695 -1.2173097202543974, 27.116774377970984 -1.2202152522585386, 27.1209105393978 -1.2231210970462798, 27.125046483482205 -1.2260272511714982, 27.129182212610274 -1.2289337111886287, 27.13331772917072 -1.2318404736532707, 27.137453035552557 -1.234747535121167, 27.141588134144815 -1.2376548921480575, 27.145723027336555 -1.2405625412896968, 27.149857717518486 -1.243470479102417, 27.153992207083647 -1.2463787021433712, 27.158126498425265 -1.24928720696978, 27.162260593936587 -1.2521959901388633, 27.166394496010906 -1.2551050482078607, 27.170528207043567 -1.25801437773454, 27.17466172943187 -1.2609239752771901, 27.178795065573233 -1.2638338373941203, 27.182928217865044 -1.2667439606436413, 27.187061188704906 -1.2696543415840964, 27.191193980492724 -1.272564976774207, 27.195326595630036 -1.2754758627729637, 27.199459036518405 -1.2783869961393621, 27.203591305559396 -1.2812983734323948, 27.207723405154905 -1.2842099912110867, 27.211855337709366 -1.2871218460346716, 27.215987105628454 -1.2900339344624905, 27.22011871131782 -1.2929462530538836, 27.22425015718313 -1.2958587983681873, 27.228381445630596 -1.298771566964706, 27.23251257906925 -1.3016845554025593, 27.236643559908988 -1.3045977602408048, 27.24077439055971 -1.3075111780385043, 27.244905073431323 -1.3104248053547192, 27.249035610934534 -1.3133386387484278, 27.253166005482733 -1.316252674778352, 27.257296259489838 -1.3191669100031602, 27.26142637536976 -1.3220813409815166, 27.26555635553642 -1.324995964272088, 27.26968620240495 -1.3279107764332925, 27.273815918392966 -1.3308257740230043, 27.27794550591843 -1.3337409535990332, 27.282074967399325 -1.336656311719184, 27.286204305253655 -1.3395718449412553, 27.290333521900973 -1.342487549822538, 27.294462619763145 -1.345403422919584, 27.298591601262217 -1.3483194607888926, 27.3027204688202 -1.3512356599869617, 27.306849224859228 -1.35415201707025, 27.31097787180337 -1.3570685285943946, 27.315106412078617 -1.3599851911142278, 27.319234848111048 -1.3629020011845443, 27.323363182326737 -1.3658189553601408, 27.327491417151954 -1.3687360501957155, 27.331619555015234 -1.3716532822447562, 27.33574759834669 -1.3745706480599604, 27.339875549576405 -1.3774881441940106, 27.34400341113448 -1.3804057671995862, 27.34813118545139 -1.383323513629146, 27.352258874960132 -1.3862413800335533, 27.356386482094816 -1.3891593629629717, 27.360514009289567 -1.3920774589675668, 27.364641458978504 -1.3949956645975, 27.368768833596338 -1.3979139764024946, 27.372896135580472 -1.4008323909303124, 27.37702336736904 -1.403750904728166, 27.381150531400177 -1.4066695143432706, 27.385277630112032 -1.409588216322841, 27.389404665943644 -1.4125070072133208, 27.393531641336676 -1.4154258835590054, 27.39765855873321 -1.4183448419038178, 27.40178542057535 -1.4212638787916752, 27.405912229305205 -1.424182990766485, 27.410038987366267 -1.427102174370813, 27.41416569720455 -1.4300214261448043, 27.41829236126631 -1.4329407426283551, 27.42241898199783 -1.4358601203613637, 27.426545561845412 -1.4387795558836654, 27.4306721032571 -1.441699045733341, 27.43479860868288 -1.4446185864463963, 27.43892508057288 -1.4475381745587166, 27.443051521377217 -1.4504578066061917, 27.44717793354617 -1.4533774791245417, 27.451304319532127 -1.4562971886470257, 27.45543068178913 -1.459216931705003, 27.459557022771243 -1.4621367048297806, 27.46368334493255 -1.4650565045526707, 27.467809650727432 -1.4679763274046096, 27.47193594261269 -1.470896169913421, 27.476062223046373 -1.473816028605392, 27.48018849448654 -1.4767359000068003, 27.484314759391232 -1.4796557806439177, 27.488441020219025 -1.4825756670422896, 27.492567279431125 -1.4854955557238525, 27.496693539489527 -1.48841544320943, 27.50081980285625 -1.4913353260198488, 27.504946071993288 -1.494255200675934, 27.509072349363525 -1.4971750636972103, 27.513198637432442 -1.5000949115993412, 27.517324938666 -1.503014740897269, 27.52145125553015 -1.5059345481059385, 27.525577590490876 -1.508854329740275, 27.529703946015427 -1.51177408231313, 27.533830324573476 -1.514693802333555, 27.537956728634917 -1.5176134863101922, 27.54208316066964 -1.5205331307516792, 27.546209623147618 -1.523452732166561, 27.550336118540567 -1.526372287060387, 27.554462649322225 -1.529291791935231, 27.55858921796645 -1.5322112432929749, 27.5627158269471 -1.5351306376355027, 27.5668424787382 -1.5380499714644134, 27.570969175815883 -1.5409692412774056, 27.575095920657866 -1.5438884435693236, 27.57922271574189 -1.5468075748349412, 27.583349563545703 -1.549726631569037, 27.587476466547404 -1.5526456102657233, 27.591603427227675 -1.5555645074141455, 27.59573044806838 -1.5584833195012138, 27.599857531551386 -1.5614020430138227, 27.603984680158558 -1.56432067443887, 27.608111896372375 -1.5672392102620154, 27.612239182677857 -1.5701576469636256, 27.616366541560716 -1.5730759810226613, 27.620493975506665 -1.5759942089180818, 27.624621487001427 -1.5789123271288374, 27.62874907853171 -1.581830332131718, 27.632876752586682 -1.5847482203981285, 27.637004511655903 -1.58766598839865, 27.64113235822892 -1.5905836326038671, 27.645260294795307 -1.5935011494843003, 27.64938832384615 -1.596418535507063, 27.653516447874747 -1.5993357871341947, 27.657644669374584 -1.6022529008273212, 27.66177299083913 -1.6051698730480648, 27.66590141476198 -1.6080867002578114, 27.670029943638678 -1.6110033789132412, 27.674158579966527 -1.6139199054667672, 27.67828732624292 -1.6168362763706479, 27.682416184965234 -1.619752488077138, 27.6865451586311 -1.622668537037863, 27.690674249740507 -1.625584419698527, 27.694803460794706 -1.628500132501594, 27.698932794294993 -1.631415671889502, 27.703062252742633 -1.6343310343046866, 27.707191838639428 -1.6372462161882346, 27.711321554489725 -1.640161213974449, 27.715451402798685 -1.643076024095497, 27.719581386071482 -1.6459906429835418, 27.723711506813267 -1.6489050670707464, 27.727841767530116 -1.6518192927867743, 27.731972170730636 -1.6547333165542828, 27.73610271892386 -1.657647134794718, 27.740233414618846 -1.660560743929526, 27.744364260324634 -1.6634741403800855, 27.748495258551703 -1.6663873205637398, 27.752626411812763 -1.6693002808913442, 27.756757722620712 -1.6722130177731718, 27.760889193488453 -1.6751255276194978, 27.76502082692899 -1.678037806840314, 27.76915262545722 -1.6809498518398636, 27.773284591589864 -1.6838616590169848, 27.77741672784368 -1.6867732247703073, 27.78154903673544 -1.6896845454984604, 27.78568152078218 -1.692595617599269, 27.789814182503388 -1.695506437463064, 27.793947024419897 -1.6984170014761126, 27.798080049052533 -1.7013273060246399, 27.80221325892215 -1.704237347494868, 27.80634665655006 -1.7071471222713368, 27.81048024445996 -1.7100566267305137, 27.814614025176272 -1.7129658572464488, 27.818748001223366 -1.715874810193192, 27.82288217512567 -1.7187834819447894, 27.827016549408548 -1.7216918688719713, 27.83115112659988 -1.7245999673370371, 27.835285909227927 -1.727507773700954, 27.83942089982096 -1.7304152843246932, 27.843556100907257 -1.7333224955691129, 27.847691515016628 -1.736229403789769, 27.851827144680936 -1.7391360053347436, 27.85596299243224 -1.7420422965515552, 27.860099060802565 -1.7449482737877187, 27.86423535232411 -1.7478539333902807, 27.868371869531032 -1.75075927169887, 27.872508614959116 -1.7536642850472226, 27.876645591144186 -1.7565689697689142, 27.88078280062206 -1.7594733221975212, 27.884920245928896 -1.7623773386653367, 27.88905792960322 -1.7652810154955214, 27.89319585418461 -1.768184349007262, 27.89733402221263 -1.7710873355197236, 27.901472436226864 -1.773989971352078, 27.905611098767565 -1.7768922528207298, 27.90975001237749 -1.7797941762321905, 27.913889179599934 -1.7826957378907557, 27.918028602978215 -1.7855969341007172, 27.92216828505563 -1.7884977611663226, 27.926308228376705 -1.7913982153868162, 27.930448435488202 -1.794298293052146, 27.934588908937137 -1.7971979904512518, 27.93872965127052 -1.800097303873073, 27.942870665035432 -1.8029962296062185, 27.947011952780716 -1.8058947639317362, 27.951153517056973 -1.8087929031230943, 27.95529536041487 -1.8116906434534261, 27.959437485405086 -1.8145879811958694, 27.963579894578537 -1.8174849126224737, 27.967722590488375 -1.820381433995359, 27.97186557568897 -1.8232775415713371, 27.97600885273469 -1.8261732316071684, 27.980152424179906 -1.8290685003596092, 27.984296292579575 -1.8319633440827794, 27.988440460491212 -1.8348577590194357, 27.992584930472972 -1.837751741409287, 27.996729705083045 -1.8406452874920434, 28.000874786879606 -1.8435383935073804, 28.005020178421812 -1.8464310556899923, 28.009165882270892 -1.8493232702640567, 28.013311900988313 -1.8522150334524123, 28.017458237135557 -1.8551063414779008, 28.021604893274166 -1.8579971905630626, 28.025751871967337 -1.8608875769222508, 28.02989917578006 -1.8637774967609255, 28.03404680727742 -1.8666669462840952, 28.038194769024493 -1.8695559216967665, 28.042343063586582 -1.8724444192028216, 28.046491693531078 -1.8753324349952407, 28.050640661426524 -1.8782199652608937, 28.054789969841487 -1.881107006186589, 28.05893962134453 -1.8839935539591293, 28.063089618504755 -1.8868796047624348, 28.06723996389357 -1.8897651547679566, 28.071390660082987 -1.8926502001437768, 28.075541709645034 -1.8955347370579814, 28.079693115151755 -1.8984187616786166, 28.0838448791762 -1.901302270167878, 28.087997004293552 -1.9041852586760921, 28.092149493079244 -1.9070677233521474, 28.0963023481087 -1.9099496603449262, 28.10045557195741 -1.9128310658029128, 28.104609167202504 -1.9157119358651935, 28.10876313642267 -1.91859226666137, 28.112917482196696 -1.9214720543206325, 28.11707220710339 -1.9243512949721713, 28.121227313721768 -1.9272299847436711, 28.1253828046329 -1.930108119750362, 28.129538682418865 -1.9329856961012983, 28.133694949661752 -1.9358627099054893, 28.137851608943638 -1.9387391572719483, 28.142008662847214 -1.9416150343058538, 28.14616611395734 -1.9444903370986097, 28.150323964859343 -1.9473650617385212, 28.154482218138597 -1.950239204313892, 28.158640876380442 -1.9531127609129215, 28.16279994217135 -1.9559857276163186, 28.16695941809962 -1.958858100492453, 28.171119306753706 -1.961729875608546, 28.17527961072208 -1.9646010490318198, 28.17944033259332 -1.9674716168287352, 28.183601474957822 -1.9703415750539692, 28.187763040407418 -1.9732109197528929, 28.19192503153398 -1.9760796469706197, 28.1960874509294 -1.9789477527522674, 28.20025030118585 -1.9818152331405194, 28.20441358489736 -1.9846820841638104, 28.208577304658633 -1.987548301845409, 28.21274146306437 -1.9904138822085728, 28.21690606270927 -1.9932788212765462, 28.221071106188806 -1.9961431150667173, 28.225236596100316 -1.9990067595819305, 28.229402535041444 -2.001869750822817, 28.233568925609823 -2.0047320847900068, 28.237735770403145 -2.0075937574837632, 28.241903072020396 -2.010454764893911, 28.246070833062046 -2.0133151029985195, 28.250239056128606 -2.0161747677750235, 28.254407743820643 -2.019033755200865, 28.258576898738884 -2.02189206125181, 28.262746523485767 -2.0247496818891166, 28.26691662066464 -2.0276066130666073, 28.27108719287886 -2.030462850738042, 28.27525824273174 -2.0333183908571772, 28.27942977282718 -2.036173229373075, 28.283601785770824 -2.0390273622187354, 28.287774284168755 -2.0418807853237295, 28.29194727062703 -2.0447334946176308, 28.29612074775173 -2.0475854860298197, 28.300294718149946 -2.0504367554801224, 28.30446918443025 -2.053287298874503, 28.308644149201324 -2.056137112117835, 28.312819615071863 -2.0589861911149963, 28.316995584650677 -2.061834531769607, 28.321172060548022 -2.064682129970792, 28.32534904537509 -2.0675289815983753, 28.329526541743114 -2.070375082532028, 28.333704552263274 -2.0732204286514184, 28.337883079547204 -2.076065015832143, 28.342062126208088 -2.0789088399326663, 28.34624169485955 -2.081751896806947, 28.350421788115227 -2.084594182308948, 28.354602408588757 -2.0874356922925115, 28.358783558894604 -2.0902764226022867, 28.36296524164857 -2.093116369067472, 28.367147459466633 -2.095955527515784, 28.371330214964736 -2.0987938937749355, 28.375513510758914 -2.101631463671548, 28.37969734946641 -2.1044682330174798, 28.38388173370532 -2.1073041976140146, 28.388066666093728 -2.1101393532622024, 28.392252149249742 -2.1129736957630927, 28.39643818579178 -2.115807220913727, 28.400624778339797 -2.1186399244928555, 28.404811929514132 -2.1214718022739985, 28.408999641935168 -2.124302850030684, 28.413187918223265 -2.1271330635363284, 28.41737676099945 -2.1299624385548768, 28.421566172885885 -2.132790970833784, 28.42575615650487 -2.1356186561188464, 28.429946714478675 -2.138445490155858, 28.434137849429664 -2.1412714686894567, 28.438329563981114 -2.144096587448739, 28.442521860756937 -2.1469208421516877, 28.446714742381083 -2.1497442285160497, 28.450908211477504 -2.15256674225957, 28.455102270670388 -2.1553883790955823, 28.4592969225851 -2.158209134718211, 28.46349216984729 -2.161029004816342, 28.46768801508261 -2.163847985078866, 28.471884460916733 -2.1666660711945127, 28.476081509975877 -2.1694832588414226, 28.480279164887133 -2.172299543680725, 28.484477428277682 -2.1751149213720122, 28.48867630277469 -2.1779293875748738, 28.492875791005407 -2.1807429379473855, 28.49707589559786 -2.1835555681304024, 28.501276619180608 -2.1863672737538553, 28.505477964382195 -2.189178050447505, 28.509679933831176 -2.191987893841113, 28.51388253015632 -2.1947967995588864, 28.5180857559872 -2.1976047632048354, 28.522289613953596 -2.2004117803783743, 28.52649410668526 -2.203217846678915, 28.530699236811973 -2.206022957705557, 28.53490500696393 -2.2088271090447003, 28.53911141977191 -2.2116302962660366, 28.54331847786673 -2.2144325149381165, 28.547526183879185 -2.217233760629486, 28.551734540440172 -2.2200340289063702, 28.555943550181077 -2.222833315315619, 28.560153215733585 -2.225631615394468, 28.5643635397294 -2.228428924680087, 28.568574524800177 -2.231225238709629, 28.572786173577775 -2.234020553012488, 28.576998488694496 -2.236814863097348, 28.58121147278269 -2.2396081644694834, 28.585425128474753 -2.24240045263416, 28.589639458403038 -2.245191723095907, 28.593854465200184 -2.2479819713434, 28.59807015149905 -2.250771192850102, 28.602286519932512 -2.2535593830888665, 28.606503573133416 -2.256346537532542, 28.610721313734683 -2.2591326516499803, 28.61493974436941 -2.2619177208883863, 28.61915886767077 -2.264701740687678, 28.623378686271938 -2.2674847064877697, 28.627599202806078 -2.270266613728444, 28.63182041990638 -2.273047457838072, 28.636042340206103 -2.2758272342251384, 28.6402649663385 -2.2786059382961286, 28.644488300936825 -2.2813835654575247, 28.648712346634326 -2.2841601111139807, 28.652937106064332 -2.2869355706501695, 28.657162581860163 -2.289709939438457, 28.661388776655173 -2.292483212851032, 28.665615693082717 -2.2952553862600835, 28.669843333776004 -2.2980264550305587, 28.674071701367883 -2.3007964145048994, 28.678300798491094 -2.3035652600211787, 28.68253062777842 -2.30633298691747, 28.686761191862598 -2.309099590531161, 28.690992493376125 -2.311865066183068, 28.695224534951247 -2.3146294091769906, 28.699457319220166 -2.3173926148159536, 28.70369084881511 -2.3201546784029796, 28.707925126368192 -2.3229155952367693, 28.712160154510997 -2.3256753605926934, 28.71639593587492 -2.328433969738289, 28.72063247309134 -2.3311914179410866, 28.724869768791656 -2.333947700468429, 28.729107825606864 -2.336702812574696, 28.73334664616735 -2.339456749493311, 28.737586233103443 -2.342209506455786, 28.741826589045466 -2.34496107869363, 28.746067716623646 -2.3477114614358925, 28.750309618467423 -2.3504606498894343, 28.754552297205805 -2.3532086392493428, 28.758795755467784 -2.3559554247106007, 28.763039995882348 -2.358701001468161, 28.76728502107809 -2.361445364707285, 28.771530833682558 -2.364188509589492, 28.775777436323146 -2.3669304312727277, 28.780024831627255 -2.369671124914943, 28.784273022222216 -2.372410585672736, 28.78852201073436 -2.3751488086824764, 28.79277179978922 -2.3778857890649707, 28.797022392012334 -2.3806215219406264, 28.801273790029203 -2.383356002429845, 28.80552599646496 -2.386089225645925, 28.809779013943288 -2.3888211866768594, 28.81403284508754 -2.391551880605008, 28.818287492521055 -2.394281302512733, 28.822542958867167 -2.3970094474816737, 28.826799246748017 -2.3997363105753937, 28.83105635878455 -2.4024618868385974, 28.835314297597677 -2.405186171315105, 28.839573065808274 -2.4079091590487285, 28.843832666036857 -2.410630845077991, 28.8480931009021 -2.413351224415546, 28.852354373022134 -2.41607029206617, 28.856616485015067 -2.41878804303464, 28.860879439498984 -2.421504472325336, 28.865143239090706 -2.4242195749265147, 28.869407886405373 -2.426933345804917, 28.873673384057994 -2.429645779925779, 28.877939734663595 -2.4323568722543447, 28.882206940836845 -2.4350666177517333, 28.88647500519017 -2.437775011353177, 28.890743930335223 -2.4404820479838993, 28.895013718883565 -2.443187722569096, 28.899284373446783 -2.445892030033744, 28.903555896635083 -2.4485949652882106, 28.907828291056475 -2.45129652321936, 28.91210155931873 -2.4539966987119235, 28.916375704029658 -2.4566954866506383, 28.92065072779672 -2.4593928819168163, 28.924926633224864 -2.4620888793658744, 28.92920342291791 -2.4647834738413987, 28.93348109947966 -2.467476660186911, 28.937759665513898 -2.470168433245794, 28.942039123622923 -2.4728587878477915, 28.946319476406238 -2.4755477187977193, 28.95060072646311 -2.4782352208977434, 28.95488287639276 -2.48092128895003, 28.959165928794064 -2.483605917753703, 28.963449886262893 -2.4862891020821354, 28.967734751393557 -2.488970836695718, 28.972020526780405 -2.4916511163547415, 28.976307215017716 -2.494329935819388, 28.980594818698165 -2.4970072898364917, 28.98488334041118 -2.4996831731268903, 28.989172782745854 -2.5023575804084346, 28.99346314829125 -2.505030506398972, 28.997754439636058 -2.507701945813376, 29.00204665936549 -2.510371893340339, 29.006339810062986 -2.5130403436549433, 29.01063389431196 -2.515707291432155, 29.014928914695826 -2.518372731346829, 29.019224873796045 -2.5210366580601593, 29.023521774190392 -2.5236990662068135, 29.02781961845622 -2.5263599504184113, 29.032118409170867 -2.529019305326568, 29.036418148911192 -2.5316771255597073, 29.040718840250083 -2.534333405719283, 29.045020485758357 -2.536988140393213, 29.049323088006886 -2.539641324169321, 29.053626649566482 -2.5422929516352744, 29.05793117300567 -2.5449430173640684, 29.06223666088879 -2.5475915159020897, 29.06654311577974 -2.5502384417929154, 29.07085054024245 -2.552883789580118, 29.07515893684017 -2.555527553803509, 29.07946830813156 -2.5581697289747702, 29.083778656673122 -2.560810309592851, 29.088089985021387 -2.5634492901566435, 29.092402295732814 -2.5660866651647765, 29.096715591361004 -2.568722429099442, 29.101029874455037 -2.5713565764167323, 29.105345147563558 -2.5739891015704166, 29.10966141323523 -2.5766199990142664, 29.11397867401783 -2.5792492631972546, 29.11829693245375 -2.5818768885388383, 29.122616191083292 -2.5845028694472703, 29.126936452446806 -2.5871272003307837, 29.131257719084505 -2.58974987559712, 29.135579993532964 -2.5923708896350113, 29.139903278324002 -2.594990236808395, 29.144227575989124 -2.5976079114795345, 29.148552889059825 -2.6002239080107, 29.152879220066296 -2.6028382207576417, 29.157206571532505 -2.6054508440453312, 29.161534945980623 -2.608061772189676, 29.16586434593282 -2.6106709995065787, 29.170194773911042 -2.6132785203109816, 29.17452623243254 -2.6158843288954903, 29.17885872400983 -2.618488419530223, 29.183192251155234 -2.621090786484315, 29.187526816381038 -2.623691424026896, 29.191862422197534 -2.626290326417834, 29.196199071108072 -2.6288874878857107, 29.20053676561459 -2.6314829026525013, 29.204875508218993 -2.6340765649401794, 29.209215301422756 -2.6366684689688196, 29.21355614772135 -2.639258608932322, 29.21789804960585 -2.6418469790055514, 29.222241009567227 -2.6444335733629445, 29.22658503009646 -2.6470183861788823, 29.23093011368131 -2.6496014116144115, 29.235276262802255 -2.6521826438002534, 29.2396234799388 -2.6547620768629367, 29.243971767570386 -2.657339704928982, 29.248321128175604 -2.6599155221212354, 29.252671564225487 -2.662489522532603, 29.25702307818748 -2.6650617002414507, 29.261375672528956 -2.6676320493260444, 29.26572934971724 -2.6702005638642845, 29.270084112214732 -2.672767237915354, 29.274439962476766 -2.675332065511049, 29.27879690295806 -2.677895040680986, 29.283154936113366 -2.680456157454786, 29.28751406439554 -2.683015409855167, 29.29187429024866 -2.685572791872326, 29.296235616114203 -2.6881282974869007, 29.300598044433645 -2.6906819206795247, 29.30496157764809 -2.6932336554295206, 29.30932621819159 -2.695783495691362, 29.31369196849189 -2.6983314353972814, 29.31805883097652 -2.7008774684787213, 29.322426808072972 -2.703421588867101, 29.32679590220516 -2.7059637904815084, 29.331166115787582 -2.708504067208928, 29.33553745123323 -2.7110424129311994, 29.339909910955082 -2.713578821530157, 29.344283497365048 -2.7161132868840516, 29.348658212865683 -2.7186458028404994, 29.35303405985481 -2.721176363231578, 29.357411040730216 -2.723704961889245, 29.361789157889557 -2.7262315926450307, 29.3661684137242 -2.728756249310597, 29.37054881061673 -2.731278925669807, 29.37493035094905 -2.733799615504448, 29.379313037103106 -2.7363183125963078, 29.38369687145809 -2.738835010718909, 29.388081856382176 -2.7413497036121575, 29.39246799424074 -2.7438623850074064, 29.396855287399134 -2.746373048636011, 29.401243738222036 -2.7488816882272786, 29.405633349064605 -2.7513882974825563, 29.41002412227509 -2.753892870082959, 29.414416060201617 -2.7563953997091466, 29.418809165192243 -2.7588958800416337, 29.423203439589262 -2.7613943047445915, 29.427598885724016 -2.763890667451209, 29.431995505926658 -2.7663849617912275, 29.436393302527318 -2.7688771813943855, 29.44079227785384 -2.771367319884184, 29.445192434221813 -2.773855370850508, 29.449593773942645 -2.7763413278719513, 29.453996299327784 -2.778825184527104, 29.458400012688124 -2.7813069343931365, 29.462804916324647 -2.7837865710210594, 29.46721101252961 -2.786264087938896, 29.471618303594994 -2.788739478673887, 29.47602679181275 -2.7912127367532027, 29.480436479469024 -2.793683855689291, 29.484847368837283 -2.7961528289621818, 29.48925946218927 -2.798619650047579, 29.493672761796745 -2.8010843124211853, 29.49808726992917 -2.803546809553108, 29.502502988842384 -2.8060071348798514, 29.506919920787134 -2.8084652818254385, 29.511338068014155 -2.810921243813871, 29.515757432773647 -2.8133750142678333, 29.520178017304897 -2.8158265865840804, 29.524599823837196 -2.8182759541356392, 29.529022854599493 -2.8207231102946633, 29.53344711182069 -2.8231680484332276, 29.53787259772316 -2.8256107619084263, 29.54229931451511 -2.8280512440447265, 29.546727264402847 -2.830489488162303, 29.55115644959269 -2.8329254875813303, 29.555586872288195 -2.835359235615866, 29.560018534677578 -2.83779072554585, 29.5644514389437 -2.840219950639388, 29.56888558726941 -2.8426469041645697, 29.57332098183682 -2.8450715793878167, 29.577757624815213 -2.8474939695481187, 29.582195518363484 -2.849914067862054, 29.58663466464017 -2.852331867545544, 29.59107506580375 -2.854747361814337, 29.595516724004433 -2.857160543866984, 29.59995964137723 -2.8595714068705433, 29.604403820055516 -2.861979943988701, 29.608849262172722 -2.8643861483851514, 29.613295969858243 -2.8667900132155815, 29.617743945224138 -2.869191531600867, 29.622193190377754 -2.8715906966524303, 29.62664370742643 -2.8739875014816922, 29.63109549847611 -2.8763819391973375, 29.6355485656171 -2.8787740028777096, 29.64000291092994 -2.8811636855822274, 29.644458536495037 -2.8835509803700217, 29.648915444392504 -2.8859358802996935, 29.65337363669104 -2.8883183784084054, 29.65783311544422 -2.8906984677049574, 29.66229388270457 -2.893076141196201, 29.66675594052465 -2.8954513918889777, 29.671219290950347 -2.8978242127781577, 29.675683936008802 -2.90019459682442, 29.68014987772372 -2.902562536982369, 29.68461711811889 -2.9049280262066155, 29.689085659215092 -2.9072910574466087, 29.693555503014007 -2.909651623618231, 29.69802665150967 -2.912009717623942, 29.70249910669609 -2.914365332366163, 29.706972870566293 -2.9167184607456758, 29.71144794509726 -2.9190690956359906, 29.715924332252676 -2.921417229888106, 29.72040203399586 -2.923762856352346, 29.724881052289945 -2.926105967878771, 29.729361389086748 -2.9284465572988765, 29.733843046319617 -2.93078461741381, 29.738326025920163 -2.9331201410219117, 29.742810329819996 -2.9354531209215233, 29.747295959944278 -2.9377835499007077, 29.75178291819646 -2.940111420713155, 29.756271206475503 -2.942436726105366, 29.760760826680325 -2.944759458823844, 29.765251780706866 -2.9470796116104756, 29.76974407042966 -2.9493971771743435, 29.774237697714007 -2.9517121482103437, 29.778732664425142 -2.9540245174133126, 29.783228972427242 -2.9563342774764827, 29.787726623566318 -2.9586414210661935, 29.792225619673363 -2.9609459408264955, 29.796725962578915 -2.963247829400765, 29.801227654113266 -2.965547079432048, 29.805730696093377 -2.967843683544273, 29.810235090315746 -2.9701376343320685, 29.814740838575155 -2.9724289243875837, 29.819247942666355 -2.9747175463029585, 29.823756404375754 -2.977003492658761, 29.828266225465626 -2.9792867560021716, 29.83277740769393 -2.9815673288743807, 29.8372899528186 -2.9838452038165824, 29.84180386259317 -2.986120373364043, 29.846319138746335 -2.9883928300188463, 29.850835782998164 -2.9906625662715385, 29.855353797068716 -2.9929295746126527, 29.859873182676065 -2.995193847530156, 29.86439394151576 -2.9974553774829444, 29.8689160752691 -2.99971415691152, 29.873439585617174 -3.0019701782560957, 29.87796447424039 -3.004223433956043, 29.882490742800815 -3.0064739164278875, 29.887018392940448 -3.008721618063156, 29.891547426300313 -3.010966531252109, 29.89607784452127 -3.0132086483848552, 29.90060964923083 -3.0154479618354424, 29.90514284203154 -3.0176844639478824, 29.909677424523217 -3.0199181470628895, 29.914213398305627 -3.022149003521169, 29.918750764969978 -3.024377025653471, 29.923289526079472 -3.0266022057580297, 29.927829683191547 -3.0288245361264505, 29.9323712378637 -3.0310440090503454, 29.936914191648455 -3.0332606168158183, 29.941458546069985 -3.0354743516772302, 29.9460043026423 -3.0376852058775805, 29.950551462879396 -3.039893171659852, 29.955100028292737 -3.042098241264324, 29.959650000367585 -3.0443004069029787, 29.964201380573485 -3.04649966077092, 29.968754170379817 -3.0486959950630306, 29.973308371254856 -3.050889401973079, 29.9778639846444 -3.053079873671476, 29.982421011972857 -3.0552674023064346, 29.986979454663782 -3.057451980025288, 29.991539314140407 -3.059633598975036, 29.996100591808055 -3.061812251284791, 30.00066328904546 -3.063987929057099, 30.0052274072292 -3.066160624392345, 30.00979294773582 -3.0683303293908732, 30.01435991192864 -3.0704970361403605, 30.018928301140438 -3.0726607366990675, 30.023498116699578 -3.074821423121081, 30.028069359934477 -3.0769790874604865, 30.032642032164592 -3.0791337217631174, 30.037216134676513 -3.081285318044421, 30.04179166874924 -3.083433868312855, 30.046368635661825 -3.0855793645768816, 30.050947036687592 -3.087721798839924, 30.055526873066874 -3.0898611630761192, 30.06010814602812 -3.0919974492490523, 30.06469085679974 -3.094130649322291, 30.06927500660677 -3.0962607552565267, 30.073860596642966 -3.098387758985798, 30.078447628085065 -3.100511652429694, 30.0830361021097 -3.10263242750766, 30.0876260198916 -3.104750076137644, 30.09221738257721 -3.106864590214453, 30.09681019129063 -3.1089759616147177, 30.101404447155428 -3.1110841822145785, 30.106000151294243 -3.113189243889488, 30.11059730480513 -3.11529113849566, 30.115195908758732 -3.1173898578679107, 30.1197959642243 -3.1194853938399385, 30.124397472270722 -3.12157773824519, 30.129000433946356 -3.123666882901746, 30.133604850267602 -3.125752819603829, 30.138210722248154 -3.1278355401436064, 30.1428180509016 -3.129915036313182, 30.147426837225026 -3.1319912998928747, 30.152037082179934 -3.1340643226375877, 30.156648786723167 -3.1361340962989175, 30.161261951811596 -3.1382006126284505, 30.165876578389312 -3.1402638633690865, 30.170492667362193 -3.142323840237701, 30.175110219629033 -3.1443805349463254, 30.1797292360886 -3.1464339392069878, 30.184349717630113 -3.1484840447255125, 30.18897166510322 -3.150530843182055, 30.193595079347336 -3.152574326250138, 30.198219961201893 -3.1546144856032807, 30.202846311499272 -3.1566513129106673, 30.20747413103218 -3.1586847998170025, 30.212103420579403 -3.1607149379584154, 30.21673418091974 -3.1627417189710303, 30.2213664128269 -3.1647651344879946, 30.22600011703576 -3.166785176119732, 30.230635294263294 -3.1688018354661827, 30.23527194522635 -3.1708151041272274, 30.23991007063823 -3.172824973700756, 30.244549671174923 -3.1748314357640024, 30.249190747490406 -3.176834481881979, 30.253833300238327 -3.1788341036195376, 30.258477330069876 -3.1808302925402265, 30.263122837601006 -3.182823040189144, 30.26776982342149 -3.184812338097696, 30.272418288120537 -3.186798177796969, 30.27706823228564 -3.1887805508172176, 30.281719656471356 -3.190759448672456, 30.28637256120221 -3.192734862861876, 30.29102694700158 -3.194706784884122, 30.295682814391775 -3.1966752062373303, 30.30034016386459 -3.198640118405506, 30.3049989958781 -3.200601512857031, 30.309659310888623 -3.2025593810594817, 30.314321109351805 -3.2045137144801332, 30.31898439169519 -3.2064645045740803, 30.323649158309294 -3.2084117427803616, 30.328315409582068 -3.2103554205369083, 30.332983145901075 -3.2122955292814845, 30.337652367628106 -3.2142320604414487, 30.342323075084952 -3.21616500542798, 30.346995268589943 -3.21809435565086, 30.35166894846114 -3.220020102519778, 30.35634411499304 -3.22194223743558, 30.36102076843754 -3.2238607517831217, 30.365698909042038 -3.225775636945576, 30.370378537053767 -3.227686884306064, 30.375059652698397 -3.229594485240232, 30.37974225615671 -3.2314984311081782, 30.384426347603885 -3.2333987132680595, 30.389111927215005 -3.235295323078013, 30.393798995145357 -3.2371882518898696, 30.398487551503372 -3.23907749104058, 30.40317759639073 -3.240963031864953, 30.407869129909102 -3.242844865697791, 30.41256215214177 -3.2447229838685763, 30.417256663123585 -3.2465973776927712, 30.42195266288149 -3.2484680384835483, 30.426650151442384 -3.250334957554072, 30.43134912881611 -3.2521981262130453, 30.43604959496259 -3.2540575357561394, 30.440751549832754 -3.2559131774766668, 30.4454549933775 -3.257765042667938, 30.45015992553163 -3.259613122619511, 30.45486634617892 -3.261457408609032, 30.459574255193 -3.26329789191179, 30.46428365244752 -3.2651345638030724, 30.468994537800786 -3.2669674155550212, 30.47370691105899 -3.268796438429068, 30.478420772017287 -3.2706216236843715, 30.48313612047077 -3.2724429625800897, 30.48785295619982 -3.2742604463727565, 30.492571278931706 -3.2760740663094725, 30.497291088381832 -3.2778838136352246, 30.502012384265576 -3.2796896795950015, 30.50673516628389 -3.2814916554316196, 30.511459434083765 -3.283289732379795, 30.516185187299644 -3.2850839016723583, 30.520912425565943 -3.2868741545421365, 30.525641148502768 -3.2886604822202012, 30.53037135567546 -3.2904428759309035, 30.53510304663628 -3.2922213268969913, 30.53983622093751 -3.293995826341214, 30.54457087811699 -3.295766365484944, 30.549307017657018 -3.297532935544262, 30.554044639026515 -3.2992955277339737, 30.558783741694413 -3.3010541332688854, 30.563524325114912 -3.3028087433627995, 30.56826638868587 -3.304559349225692, 30.573009931791717 -3.306305942066621, 30.57775495381685 -3.3080485130946475, 30.582501454130444 -3.3097870535182103, 30.58724943204459 -3.3115215545434245, 30.59199888685804 -3.3132520073758673, 30.59674981786957 -3.3149784032211143, 30.601502224361905 -3.316700733284523, 30.606256105560043 -3.3184189887706776, 30.61101146067594 -3.3201331608839846, 30.615768288921583 -3.3218432408288527, 30.620526589491902 -3.323549219809923, 30.62528636152348 -3.325251089032644, 30.6300476041404 -3.3269488397026388, 30.634810316466755 -3.3286424630255294, 30.63957449760829 -3.3303319502076887, 30.644340146611935 -3.3320172924579112, 30.649107262512803 -3.3336984809854737, 30.653875844345993 -3.335375506999653, 30.658645891126703 -3.337048361711086, 30.663417401810975 -3.3387170363344603, 30.668190375343915 -3.340381522085202, 30.672964810670592 -3.342041810178746, 30.677740706714243 -3.343697891832615, 30.682518062338886 -3.3453497582700034, 30.687296876398594 -3.3469974007150576, 30.692077147747348 -3.3486408103919327, 30.696858875215067 -3.350279978527752, 30.70164205757264 -3.3519148963569, 30.706426693582088 -3.3535455551148536, 30.711212782005333 -3.3551719460371117, 30.716000321577525 -3.3567940603631996, 30.720789310975434 -3.3584118893414407, 30.725579748868103 -3.360025424221326, 30.730371633924317 -3.361634656252388, 30.73516496478314 -3.3632395766894576, 30.739959740026247 -3.3648401767975984, 30.744755958228772 -3.366436447843046, 30.74955361796539 -3.368028381092117, 30.754352717777707 -3.36961596781795, 30.759153256151432 -3.371199199305199, 30.763955231566868 -3.3727780668396297, 30.768758642503627 -3.374352561707175, 30.77356348740451 -3.3759226752023723, 30.778369764658464 -3.3774883986323663, 30.78317747265013 -3.3790497233053034, 30.787986609763017 -3.3806066405296247, 30.79279717433988 -3.382159141624459, 30.797609164672142 -3.383707217922376, 30.802422579047978 -3.385250860756803, 30.807237415753807 -3.3867900614616673, 30.812053673031073 -3.388324811383961, 30.81687134907307 -3.3898551018846623, 30.821690442070697 -3.3913809243254334, 30.82651095021231 -3.3929022700687566, 30.831332871636913 -3.3944191304928433, 30.836156204439032 -3.3959314969900865, 30.840980946711603 -3.397439360953391, 30.84580709654382 -3.3989427137769495, 30.850634651971216 -3.400441546873615, 30.855463610989048 -3.4019358516702467, 30.860293971591584 -3.403425619594043, 30.865125731767794 -3.4049108420741914, 30.86995888944887 -3.4063915105616513, 30.8747934425303 -3.4078676165208255, 30.87962938890703 -3.409339151416312, 30.884466726466712 -3.4108061067156874, 30.889305453035412 -3.412268473911516, 30.894145566408437 -3.413726244508857, 30.898987064380833 -3.4151794100128634, 30.903829944737698 -3.4166279619330395, 30.90867420519947 -3.4180718918070503, 30.913519843460847 -3.419511191183769, 30.918366857216476 -3.4209458516120987, 30.92321524414761 -3.422375864647177, 30.928065001868724 -3.4238012218752276, 30.932916127973588 -3.425221914892139, 30.937768620055895 -3.4266379352938037, 30.942622475691724 -3.4280492746848856, 30.947477692389565 -3.4294559247035505, 30.952334267641817 -3.430857876995965, 30.957192198940845 -3.4322551232083036, 30.962051483756067 -3.433647654998827, 30.966912119490217 -3.4350354640609364, 30.97177410353398 -3.4364185420943842, 30.97663743327788 -3.437796880799003, 30.98150210608342 -3.439170471890828, 30.986368119247878 -3.4405393071217634, 30.991235470059888 -3.441903378248525, 30.996104155807625 -3.4432626770281023, 31.00097417374356 -3.4446171952385387, 31.00584552105989 -3.4459669246934155, 31.010718194942957 -3.4473118572097388, 31.01559219257802 -3.448651984605214, 31.020467511107604 -3.4499872987242126, 31.025344147619172 -3.4513177914454203, 31.030222099196585 -3.4526434546497873, 31.035101362921452 -3.4539642802197243, 31.039981935825747 -3.4552802600698636, 31.044863814892953 -3.456591386146353, 31.049746997104506 -3.4578976503966534, 31.05463147943781 -3.4591990447709975, 31.059517258814033 -3.4604955612584845, 31.064404332112833 -3.4617871918768284, 31.069292696212912 -3.463073928644409, 31.074182347986387 -3.4643557635844004, 31.079073284243417 -3.465632688764908, 31.08396550176031 -3.466904696278613, 31.08885899731303 -3.4681717782184456, 31.093753767667316 -3.469433926685057, 31.098649809522925 -3.4706911338290594, 31.10354711955332 -3.4719433918209432, 31.108445694431897 -3.4731906928312526, 31.113345530817025 -3.474433029042473, 31.118246625298898 -3.4756703926911356, 31.123148974448487 -3.4769027760290547, 31.128052574836712 -3.4781301713080484, 31.13295742301321 -3.4793525707976403, 31.137863515460044 -3.4805699668233707, 31.142770848645938 -3.481782351721839, 31.147679419039505 -3.4829897178297684, 31.152589223080476 -3.4841920575088867, 31.15750025714433 -3.485389363176628, 31.16241251759787 -3.486581627257947, 31.167326000807293 -3.487768842178325, 31.172240703101753 -3.488951000396799, 31.17715662075168 -3.4901280944255335, 31.1820737500223 -3.491300116781399, 31.186992087177288 -3.492467059982743, 31.19191162843489 -3.4936289165907723, 31.196832369961992 -3.49478567921523, 31.201754307922677 -3.4959373404684673, 31.206677438477747 -3.4970838929660886, 31.211601757734822 -3.49822532937604, 31.216527261758607 -3.4993616424085126, 31.221453946612584 -3.5004928247749048, 31.226381808354187 -3.5016188691928303, 31.23131084298116 -3.5027397684410992, 31.236241046457376 -3.5038555153333144, 31.241172414746288 -3.504966102683478, 31.246104943801278 -3.5060715233163657, 31.251038629511616 -3.5071717701252423, 31.25597346774148 -3.5082668360302027, 31.260909454354973 -3.509356713951403, 31.265846585200578 -3.510441396826392, 31.27078485606106 -3.511520877665816, 31.275724262701935 -3.5125951494995196, 31.28066480088869 -3.5136642053573817, 31.28560646636396 -3.514728038295759, 31.2905492548065 -3.515786641444905, 31.295493161884085 -3.516840007947879, 31.300438183264173 -3.517888130948084, 31.305384314582977 -3.5189310036265486, 31.310331551417903 -3.5199686192351876, 31.31527988933984 -3.521000971033759, 31.32022932391865 -3.5220280522833285, 31.32517985068424 -3.523049856295007, 31.33013146511504 -3.5240663764444626, 31.335084162686087 -3.525077606111626, 31.340037938869827 -3.5260835386797824, 31.34499278909065 -3.527084167594927, 31.349948708730267 -3.5280794863586755, 31.35490569316892 -3.529069488474573, 31.359863737781716 -3.5300541674531423, 31.36482283788888 -3.531033516879311, 31.369782988777516 -3.5320075303830203, 31.374744185734208 -3.532976201594831, 31.379706424036556 -3.5339395241580505, 31.38466969890278 -3.5348974917997253, 31.38963400552717 -3.5358500982807106, 31.394599339103944 -3.5367973373619535, 31.399565694812836 -3.537739202825678, 31.404533067772867 -3.538675688543214, 31.409501453087174 -3.539606788409214, 31.41447084585888 -3.540532496318388, 31.41944124116944 -3.541452806198484, 31.424412634042074 -3.542367712066288, 31.429385019490223 -3.54327720795343, 31.434358392527034 -3.5441812878920724, 31.4393327481359 -3.5450799459616937, 31.44430808124748 -3.545973176325558, 31.449284386787035 -3.546860973155515, 31.45426165967869 -3.5477433306253894, 31.459239894808587 -3.548620242971703, 31.464219087017995 -3.54949170450529, 31.469199231145605 -3.5503577095412933, 31.474180322027177 -3.551218252399802, 31.47916235445332 -3.552073327478924, 31.48414532317864 -3.5529229292388527, 31.489129222956766 -3.553767052141505, 31.4941140485357 -3.5546056906588244, 31.499099794612953 -3.5554388393528744, 31.50408645585932 -3.556266492833353, 31.509074026945374 -3.5570886457103916, 31.51406250253196 -3.557905292612406, 31.519051877226364 -3.558716428268403, 31.524042145617557 -3.559522047441808, 31.529033302294476 -3.560322144896081, 31.534025341830787 -3.561116715424619, 31.539018258747184 -3.561905753924221, 31.544012047553007 -3.5626892553140004, 31.549006702757453 -3.563467214513295, 31.55400221884757 -3.5642396264865757, 31.558998590261563 -3.5650064862977993, 31.56399581143112 -3.5657677890242105, 31.568993876787353 -3.5665235297443, 31.573992780731995 -3.5672737035990383, 31.578992517624418 -3.56801830581959, 31.583993081820704 -3.56875733164415, 31.588994467675224 -3.569490776314664, 31.593996669506396 -3.5702186351531098, 31.598999681598166 -3.5709409035581805, 31.604003498233094 -3.5716575769316528, 31.609008113690113 -3.5723686506837344, 31.614013522206974 -3.573074120320516, 31.619019717995307 -3.57377398140895, 31.624026695266327 -3.5744682295169614, 31.629034448224658 -3.57515686022851, 31.634042971030713 -3.5758398692354825, 31.63905225782665 -3.5765172522742836, 31.644062302754552 -3.5771890050814537, 31.64907309994586 -3.577855123420876, 31.65408464348747 -3.578515603170388, 31.659096927454677 -3.5791704402375113, 31.664109945922753 -3.5798196305298524, 31.66912369295105 -3.5804631699978153, 31.674138162557185 -3.5811010547040136, 31.679153348752052 -3.5817332807292326, 31.68416924554623 -3.5823598441550435, 31.689185846928723 -3.5829807411240795, 31.694203146851958 -3.5835959678825082, 31.699221139264832 -3.58420552068653, 31.704239818115244 -3.5848093957951535, 31.709259177324288 -3.585407589547538, 31.714279210782916 -3.586000098372614, 31.719299912380496 -3.586586918704064, 31.72432127600423 -3.5871680469824545, 31.729343295510223 -3.587743479746277, 31.734365964731445 -3.588313213606905, 31.739389277500344 -3.5888772451774464, 31.74441322764522 -3.5894355710847385, 31.749437808960728 -3.589988188067891, 31.754463015225074 -3.5905350929209034, 31.759488840216335 -3.5910762824381486, 31.764515277705808 -3.5916117534380843, 31.7695423214306 -3.5921415028601476, 31.77456996511714 -3.5926655276816835, 31.779598202491815 -3.5931838248800614, 31.78462702727081 -3.5936963914712714, 31.789656433137917 -3.5942032245932403, 31.79468641377059 -3.5947043214079133, 31.79971696284616 -3.595199679077625, 31.80474807402792 -3.5956892948213452, 31.80977974095055 -3.596173165973122, 31.81481195724532 -3.5966512898809704, 31.819844716542995 -3.597123663894711, 31.824878012456782 -3.59759028544029, 31.829911838576155 -3.5980511520459517, 31.83494618848895 -3.5985062612471332, 31.83998105578191 -3.598955610584218, 31.84501643402138 -3.5993991976926063, 31.850052316755256 -3.5998370202933323, 31.85508869753081 -3.600269076110499, 31.860125569893206 -3.6006953628786675, 31.86516292736553 -3.6011158784436432, 31.87020076345753 -3.6015306207183606, 31.875239071678777 -3.601939587616684, 31.88027784553537 -3.602342777071479, 31.885317078511036 -3.6027401871384233, 31.890356764080583 -3.603131815922029, 31.895396895718804 -3.6035176615269346, 31.900437466895312 -3.6038977220889286, 31.905478471058508 -3.604271995871475, 31.910519901651355 -3.6046404811707333, 31.915561752116815 -3.605003176282955, 31.920604015890756 -3.6053600795516374, 31.925646686390323 -3.6057111894451555, 31.930689757029608 -3.6060565044522837, 31.93573322122259 -3.606396023062552, 31.940777072374498 -3.6067297438306847, 31.945821303875196 -3.6070576654257316, 31.950865909112967 -3.607379786528311, 31.95591088147583 -3.607696105821704, 31.960956214341692 -3.608006622074909, 31.966001901076474 -3.6083113341590116, 31.971047935045434 -3.6086102409510623, 31.97609430961316 -3.6089033413339036, 31.981141018134362 -3.609190634285382, 31.986188053955626 -3.6094721188609675, 31.99123541042329 -3.609747794118407, 31.996283080882446 -3.610017659130727, 32.00133105866589 -3.610281713118188, 32.006379337099645 -3.6105399553833672, 32.011427909509614 -3.6107923852297352, 32.0164767692217 -3.6110390019607648, 32.021525909561824 -3.6112798048799295, 32.02657532385591 -3.611514793290702, 32.031625005429845 -3.611743966496555, 32.05082495453279 -4.3911780347824765, 32.04587512724709 -4.391462650130516, 32.04092505574942 -4.391742986233307, 32.035974743722264 -4.392019042494729, 32.031024194848115 -4.392290818318663, 32.02607341280945 -4.392558313108989, 32.02112240128878 -4.392821526269591, 32.01617116396859 -4.393080457204352, 32.01121970453139 -4.393335105317153, 32.00626802665964 -4.393585470011871, 32.001316134037204 -4.393831550707015, 31.99636403035568 -4.394073346903733, 31.99141171930935 -4.394310858132198, 31.986459204592514 -4.394544083922603, 31.98150648989951 -4.3947730238056835, 31.976553578927184 -4.394997677346008, 31.97160047537634 -4.395218044161649, 31.96664718294818 -4.395434123875414, 31.961693705343844 -4.395645916110104, 31.95674004626498 -4.3958534204961, 31.951786209417204 -4.396056636726613, 31.946832198508087 -4.39625556452596, 31.9418780172452 -4.396450203618678, 31.93692366933615 -4.396640553729439, 31.931969158489864 -4.396826614611061, 31.92701448841828 -4.39700838607897, 31.92205966283374 -4.3971858679570355, 31.91710468544857 -4.397359060069121, 31.912149559975273 -4.397527962243383, 31.90719429012824 -4.397692574363776, 31.902238879623187 -4.397852896353326, 31.897283332175896 -4.398008928135855, 31.892327651502107 -4.398160669635197, 31.887371841317993 -4.398308120795461, 31.882415905341034 -4.398451281626777, 31.877459847288986 -4.39859015215269, 31.872503670879585 -4.39872473239674, 31.8675473798306 -4.398855022384545, 31.86259097786007 -4.398981022189476, 31.85763446868633 -4.3991027319326514, 31.852677856027718 -4.399220151737262, 31.84772114360257 -4.399333281726503, 31.84276433512911 -4.399442122036865, 31.837807434325043 -4.399546672870672, 31.832850444907876 -4.399646934450594, 31.827893370595127 -4.399742906999301, 31.822936215104324 -4.399834590740217, 31.81797898215211 -4.3999219859350385, 31.813021675453864 -4.400005092901298, 31.808064298724922 -4.400083911960952, 31.803106855680564 -4.40015844343595, 31.798149350035818 -4.400228687656113, 31.793191785503424 -4.400294645013045, 31.788234165795075 -4.400356315927559, 31.78327649462248 -4.400413700820638, 31.778318775697283 -4.400466800113406, 31.77336101272975 -4.400515614255137, 31.768403209426978 -4.400560143757248, 31.76344536949562 -4.4006003891394565, 31.75848749664237 -4.400636350921486, 31.753529594573628 -4.40066802962705, 31.748571666992277 -4.400695425834189, 31.743613717598635 -4.400718540160156, 31.738655750092992 -4.400737373223067, 31.7336977681756 -4.40075192564105, 31.728739775545264 -4.400762198050741, 31.72378177589561 -4.400768191153958, 31.718823772919137 -4.400769905666832, 31.71386577030834 -4.400767342305501, 31.70890777175556 -4.4007605017876745, 31.703949780948985 -4.400749384875283, 31.698991801572202 -4.400733992379478, 31.69403383730855 -4.4007143251139835, 31.689075891841366 -4.400690383892527, 31.684117968852817 -4.400662169539595, 31.679160072018234 -4.400629682942957, 31.674202205010427 -4.400592925013416, 31.669244371502252 -4.400551896661821, 31.664286575166454 -4.400506598799385, 31.659328819671817 -4.400457032369952, 31.65437110868002 -4.400403198375068, 31.649413445852023 -4.400345097822185, 31.644455834848774 -4.40028273171875, 31.639498279330514 -4.400216101077555, 31.634540782949692 -4.400145206967772, 31.62958334935412 -4.400070050492441, 31.624625982191557 -4.399990632755055, 31.619668685109737 -4.399906954859127, 31.6147114617532 -4.39981901792929, 31.609754315756916 -4.3997268231529, 31.604797250754103 -4.399630371728899, 31.599840270377985 -4.39952966485624, 31.59488337826142 -4.399424703735889, 31.589926578029655 -4.399315489614513, 31.584969873300373 -4.399202023783942, 31.580013267690926 -4.399084307537929, 31.57505676481869 -4.39896234217023, 31.5701003682989 -4.39883612898627, 31.565144081735504 -4.398705669353431, 31.560187908728718 -4.398570964659578, 31.555231852878766 -4.398432016292595, 31.550275917785765 -4.398288825640799, 31.545320107043366 -4.398141394125364, 31.540364424234387 -4.397989723222363, 31.53540887294059 -4.397833814413085, 31.53045345674377 -4.397673669178823, 31.52549817922457 -4.397509289006207, 31.520543043951996 -4.397340675436597, 31.51558805448823 -4.397167830043483, 31.51063321439534 -4.39699075440077, 31.505678527235418 -4.396809450082366, 31.500723996565956 -4.396623918682253, 31.495769625930684 -4.396434161854771, 31.49081541887073 -4.396240181265559, 31.485861378927257 -4.396041978580263, 31.48090750964094 -4.395839555466282, 31.47595381454206 -4.395632913633955, 31.471000297150066 -4.395422054838035, 31.466046960983917 -4.395206980835328, 31.46109380956257 -4.394987693382638, 31.45614084640235 -4.39476419424685, 31.451188075004346 -4.394536485253605, 31.446235498864137 -4.394304568249763, 31.441283121477273 -4.394068445082218, 31.43633094633926 -4.393828117598126, 31.431378976937655 -4.393583587673438, 31.426427216745072 -4.393334857238278, 31.42147566923251 -4.393081928228758, 31.416524337870936 -4.392824802580993, 31.411573226130198 -4.392563482235036, 31.406622337465624 -4.392297969180616, 31.401671675322625 -4.392028265441444, 31.396721243146455 -4.391754373041894, 31.39177104438233 -4.391476294006336, 31.386821082470675 -4.391194030374809, 31.38187136083394 -4.3909075842454754, 31.37692188289049 -4.390616957729987, 31.371972652058627 -4.390322152939995, 31.36702367175639 -4.390023171988087, 31.362074945390127 -4.389720017022756, 31.357126476351155 -4.389412690238849, 31.352178268029764 -4.389101193834272, 31.347230323816273 -4.388785530006936, 31.342282647098713 -4.388465700961414, 31.33733524124697 -4.388141708955325, 31.33238810962227 -4.387813556271627, 31.327441255585807 -4.387481245193439, 31.322494682498725 -4.387144778003925, 31.317548393714652 -4.386804157007324, 31.312602392567634 -4.386459384562234, 31.307656682388647 -4.3861104630358945, 31.302711266508695 -4.3857573947955535, 31.297766148258006 -4.38540018221037, 31.292821330951522 -4.385038827690194, 31.287876817889543 -4.384673333683729, 31.2829326123718 -4.38430370264123, 31.27798871769799 -4.383929937012949, 31.273045137164143 -4.383552039258557, 31.268101874045144 -4.383170011891249, 31.263158931608444 -4.382783857443128, 31.258216313121483 -4.382393578446321, 31.25327402185159 -4.381999177433146, 31.248332061055734 -4.381600656961173, 31.24339043397043 -4.3811980196374645, 31.238449143829826 -4.380791268074839, 31.23350819386809 -4.380380404886121, 31.22856758731809 -4.379965432687081, 31.22362732739413 -4.379546354136596, 31.218687417296465 -4.379123171926174, 31.213747860224963 -4.378695888748132, 31.208808659379546 -4.378264507294791, 31.20386981795485 -4.377829030270121, 31.198931339122105 -4.377389460430173, 31.193993226046015 -4.376945800545536, 31.189055481891256 -4.376498053386799, 31.184118109822332 -4.376046221724965, 31.179181112990747 -4.375590308358709, 31.174244494527 -4.3751303161315525, 31.16930825755965 -4.374666247891108, 31.164372405217254 -4.374198106484985, 31.159436940626563 -4.373725894764551, 31.15450186689303 -4.373249615624691, 31.149567187108428 -4.372769271988299, 31.14463290436431 -4.372284866778732, 31.13969902175224 -4.37179640291935, 31.13476554235715 -4.371303883346489, 31.129832469238753 -4.3708073110461, 31.124899805450717 -4.370306689015993, 31.119967554046724 -4.369802020253974, 31.11503571808015 -4.369293307758414, 31.110104300589345 -4.368780554556052, 31.10517330459099 -4.368263763714623, 31.10024273310003 -4.36774293830506, 31.09531258913143 -4.3672180813983035, 31.0903828756979 -4.366689196069407, 31.085453595788806 -4.366156285435822, 31.080524752379766 -4.365619352639954, 31.075596348446222 -4.365078400824533, 31.070668386963657 -4.364533433132289, 31.065740870899972 -4.363984452719106, 31.0608138031963 -4.363431462787723, 31.055887186787796 -4.362874466551301, 31.050961024609652 -4.362313467223001, 31.04603531959664 -4.361748468016582, 31.041110074667284 -4.361179472173241, 31.036185292717395 -4.360606482972366, 31.031260976641104 -4.360029503696177, 31.026337129332553 -4.3594485376268945, 31.021413753683415 -4.35886358805069, 31.01649085256066 -4.35827465829384, 31.01156842881684 -4.357681751705934, 31.006646485304366 -4.3570848716368555, 31.00172502487559 -4.35648402143648, 30.996804050375122 -4.3558792044668895, 30.991883564619283 -4.35527042413426, 30.986963570418034 -4.35465768385474, 30.982044070581328 -4.354040987044476, 30.977125067918795 -4.353420337120109, 30.972206565223374 -4.352795737523383, 30.967288565263843 -4.352167191732402, 30.962371070807077 -4.351534703228116, 30.957454084619958 -4.3508982754914705, 30.95253760946706 -4.350257912006748, 30.94762164808759 -4.349613616295047, 30.942706203204956 -4.348965391900355, 30.93779127754235 -4.348313242367008, 30.932876873822924 -4.347657171239338, 30.92796299476251 -4.346997182071985, 30.923049643047385 -4.3463332784609285, 30.918136821356423 -4.345665464012519, 30.913224532368496 -4.344993742333108, 30.908312778762244 -4.344318117029357, 30.90340156320027 -4.343638591729552, 30.898490888319014 -4.342955170097275, 30.893580756752478 -4.342267855799357, 30.88867117113468 -4.341576652502633, 30.883762134097783 -4.340881563876347, 30.878853648248864 -4.3401825936223855, 30.87394571617693 -4.339479745466102, 30.869038340470635 -4.3387730231333705, 30.864131523718587 -4.338062430350063, 30.859225268503195 -4.337347970849873, 30.85431957737645 -4.336629648404627, 30.849414452881078 -4.335907466797753, 30.844509897559835 -4.335181429812685, 30.839605913955353 -4.334451541232984, 30.834702504595988 -4.333717804859486, 30.829799671981515 -4.332980224527587, 30.824897418608344 -4.332238804076806, 30.819995746972822 -4.331493547346657, 30.815094659570125 -4.330744458178096, 30.81019415887181 -4.329991540439604, 30.805294247328213 -4.329234798024416, 30.800394927388925 -4.328474234826647, 30.79549620150354 -4.3277098547404105, 30.790598072116993 -4.326941661665049, 30.78570054164389 -4.326169659534039, 30.780803612486665 -4.325393852294574, 30.775907287047676 -4.324614243893875, 30.771011567729296 -4.323830838279188, 30.76611645692242 -4.323043639410212, 30.761221956986997 -4.322252651280195, 30.756328070277842 -4.321457877887985, 30.75143479914976 -4.320659323232424, 30.746542145956937 -4.319856991313003, 30.741650113032907 -4.319050886150809, 30.736758702686057 -4.318241011793224, 30.73186791722327 -4.317427372289223, 30.726977758951413 -4.316609971687778, 30.722088230174457 -4.315788814040795, 30.7171993331676 -4.314963903429162, 30.712311070189685 -4.314135243950297, 30.707423443499295 -4.313302839701803, 30.70253645535508 -4.312466694781293, 30.697650108007643 -4.311626813294155, 30.692764403675252 -4.310783199377209, 30.687879344567985 -4.309935857175204, 30.682994932895934 -4.30908479083289, 30.678111170869006 -4.308230004495185, 30.673228060680856 -4.3073715023222094, 30.668345604495837 -4.306509288501505, 30.663463804475242 -4.305643367223469, 30.658582662780365 -4.304773742678508, 30.653702181571088 -4.303900419058281, 30.648822362982173 -4.303023400577085, 30.64394320912662 -4.30214269146884, 30.639064722116686 -4.301258295968114, 30.634186904064617 -4.300370218309473, 30.629309757078023 -4.299478462731533, 30.624433283233003 -4.298583033500212, 30.61955748459263 -4.297683934892725, 30.61468236321993 -4.296781171186321, 30.60980792117793 -4.295874746658255, 30.604934160518756 -4.294964665594863, 30.60006108326208 -4.294050932309571, 30.595188691421505 -4.293133551120831, 30.590316987010688 -4.292212526347096, 30.585445972042827 -4.29128786230714, 30.580575648511747 -4.2903595633353016, 30.575706018383645 -4.289427633788069, 30.570837083622575 -4.288492078023626, 30.565968846192632 -4.287552900400159, 30.561101308055814 -4.286610105277427, 30.556234471146634 -4.2856636970364095, 30.551368337379923 -4.284713680073224, 30.546502908670057 -4.283760058784321, 30.541638186931475 -4.282802837566152, 30.536774174072757 -4.281842020819456, 30.531910871969924 -4.2808776129690775, 30.527048282487616 -4.279909618448264, 30.52218640749049 -4.278938041690278, 30.517325248843154 -4.277962887128392, 30.512464808397887 -4.276984159204628, 30.507605087974735 -4.276001862383906, 30.502746089388488 -4.2750160011348415, 30.49788781445396 -4.274026579926055, 30.493030264985446 -4.273033603226516, 30.488173442776706 -4.2720370755191714, 30.48331734959449 -4.271037001305314, 30.478461987203765 -4.270033385087489, 30.473607357369435 -4.2690262313682314, 30.46875346185423 -4.268015544651536, 30.46390030239279 -4.267001329459686, 30.45904788070053 -4.265983590327472, 30.454196198492514 -4.26496233178993, 30.449345257483785 -4.263937558382098, 30.444495059383545 -4.262909274642662, 30.43964560586833 -4.2618774851306656, 30.434796898603306 -4.260842194412219, 30.42994893925367 -4.259803407053436, 30.425101729484567 -4.258761127620444, 30.42025527094922 -4.2577153606864835, 30.415409565268405 -4.256666110844104, 30.410564614057463 -4.255613382689095, 30.40572041893172 -4.254557180817248, 30.400876981506116 -4.253497509824594, 30.396034303375934 -4.252434374318309, 30.39119238610881 -4.251367778921284, 30.386351231270304 -4.250297728257599, 30.381510840425964 -4.24922422695133, 30.376671215139517 -4.248147279627537, 30.371832356947845 -4.24706689092583, 30.366994267367325 -4.2459830654969135, 30.36215694791378 -4.244895807991775, 30.357320400103088 -4.243805123061406, 30.35248462544628 -4.242711015359256, 30.34764962542262 -4.241613489555168, 30.34281540149841 -4.24051255032566, 30.337981955139867 -4.239408202347268, 30.333149287813267 -4.23830045029653, 30.32831740097502 -4.237189298854792, 30.323486296048728 -4.236074752719451, 30.318655974451175 -4.234956816591242, 30.313826437599122 -4.23383549517091, 30.308997686909183 -4.232710793159282, 30.304169723781268 -4.2315827152648975, 30.299342549585873 -4.230451266209972, 30.294516165690442 -4.2293164507181205, 30.289690573462405 -4.228178273512953, 30.284865774268173 -4.227036739318543, 30.280041769450502 -4.2258918528693385, 30.27521856032868 -4.224743618910072, 30.27039614822099 -4.223592042185919, 30.265574534445715 -4.222437127442048, 30.260753720318096 -4.221278879424892, 30.255933707124086 -4.220117302893021, 30.251114496133155 -4.218952402611794, 30.246296088614635 -4.21778418334665, 30.241478485837828 -4.21661264986303, 30.23666168906549 -4.215437806928926, 30.23184569952808 -4.214259659324908, 30.22703051844615 -4.213078211835397, 30.222216147040246 -4.211893469244821, 30.217402586530916 -4.210705436337612, 30.212589838126778 -4.209514117902548, 30.20777790300497 -4.208319518739899, 30.202966782337537 -4.207121643651822, 30.19815647729647 -4.2059204974404665, 30.193346989053474 -4.204716084908098, 30.18853831876195 -4.203508410863215, 30.183730467547893 -4.202297480123684, 30.17892343653502 -4.201083297508143, 30.174117226847038 -4.19986586783523, 30.169311839606387 -4.198645195924001, 30.16450727591109 -4.197421286601254, 30.159703536837586 -4.196194144700654, 30.154900623461582 -4.194963775056108, 30.15009853685874 -4.1937301825015165, 30.14529727810148 -4.192493371871752, 30.140496848233116 -4.191253348010248, 30.135697248281737 -4.190010115764938, 30.130898479275256 -4.188763679983787, 30.12610054224161 -4.187514045514766, 30.121303438202222 -4.186261217207611, 30.11650716814706 -4.185005199920599, 30.111711733056588 -4.183745998514577, 30.106917133911296 -4.182483617850401, 30.102123371691633 -4.181218062788924, 30.09733044736688 -4.179949338193787, 30.092538361875565 -4.178677448936265, 30.08774711615104 -4.177402399888931, 30.082956711126617 -4.176124195924359, 30.078167147735407 -4.174842841915178, 30.073378426893743 -4.173558342737797, 30.068590549490658 -4.172270703274803, 30.06380351641268 -4.170979928409351, 30.059017328546304 -4.169686023024595, 30.0542319867771 -4.168388992003888, 30.049447491968454 -4.167088840235089, 30.044663844961388 -4.165785572610618, 30.039881046595934 -4.1644791940230945, 30.035099097712116 -4.163169709365138, 30.030317999147602 -4.1618571235297965, 30.02553775171336 -4.160541441414962, 30.020758356203576 -4.15922266792157, 30.015979813412148 -4.157900807950609, 30.011202124132982 -4.156575866403062, 30.006425289155292 -4.155247848180665, 30.00164930923871 -4.153916758189863, 29.996874185131432 -4.152582601338927, 29.992099917581587 -4.1512453825361355, 29.987326507337336 -4.149905106689763, 29.98255395513875 -4.148561778709201, 29.977782261695648 -4.147215403507989, 29.973011427710812 -4.1458659860006435, 29.968241453887025 -4.144513531101678, 29.963472340927 -4.143158043725613, 29.958704089521014 -4.141799528788408, 29.953936700330832 -4.140437991209323, 29.949170174014256 -4.139073435908077, 29.94440451122906 -4.137705867804391, 29.939639712632733 -4.136335291818017, 29.934875778865557 -4.134961712870318, 29.93011271054275 -4.133585135885025, 29.92535050827752 -4.1322055657860535, 29.920589172683073 -4.1308230074973205, 29.91582870437162 -4.129437465942817, 29.911069103933777 -4.128048946048103, 29.906310371939416 -4.12665745274024, 29.901552508957597 -4.125262990946359, 29.896795515557365 -4.123865565593584, 29.89203939230555 -4.122465181609157, 29.88728413974374 -4.121061843921615, 29.882529758397503 -4.119655557460315, 29.87777624879215 -4.1182463271546315, 29.873023611452975 -4.116834157933938, 29.868271846901234 -4.115419054727726, 29.8635209556305 -4.1140010224663275, 29.8587709381228 -4.112580066080417, 29.854021794860135 -4.1111561905006715, 29.849273526324527 -4.109729400657768, 29.844526132991327 -4.108299701482444, 29.839779615307368 -4.106867097905693, 29.83503397371178 -4.105431594858578, 29.83028920864372 -4.10399319727216, 29.82554532054229 -4.102551910077503, 29.820802309836722 -4.10110773820555, 29.81606017692853 -4.09966068658691, 29.81131892221443 -4.098210760152136, 29.806578546091178 -4.09675796383178, 29.801839048955344 -4.095302302556391, 29.797100431189968 -4.093843781256069, 29.792362693152587 -4.092382404860072, 29.787625835197993 -4.090918178297572, 29.782889857680964 -4.089451106497734, 29.77815476095582 -4.087981194389705, 29.77342054535963 -4.086508446901699, 29.768687211207162 -4.085032868960729, 29.76395475881172 -4.083554465493731, 29.75922318848658 -4.082073241427637, 29.75449250054397 -4.080589201689303, 29.749762695275553 -4.079102351204049, 29.745033772954294 -4.0776126948957945, 29.740305733852455 -4.076120237688415, 29.735578578242325 -4.07462498450578, 29.730852306394173 -4.073126940271571, 29.726126918554954 -4.071626109907245, 29.721402414956664 -4.070122498332828, 29.716678795831058 -4.0686161104683265, 29.711956061409886 -4.067106951233744, 29.70723421192153 -4.065595025548696, 29.70251324756918 -4.06408033832987, 29.697793168544592 -4.062562894492628, 29.69307397503947 -4.061042698952324, 29.68835566724552 -4.059519756624314, 29.68363824534932 -4.057994072423252, 29.678921709511304 -4.056465651260217, 29.674206059883634 -4.054934498045155, 29.669491296618453 -4.05340061768801, 29.66477741986792 -4.051864015098729, 29.660064429776845 -4.050324695186103, 29.655352326464083 -4.048782662854839, 29.65064111004271 -4.04723792300873, 29.645930780625843 -4.045690480551577, 29.641221338326517 -4.044140340387173, 29.63651278324796 -4.042587507417555, 29.63180511546856 -4.041031986540348, 29.62709833506283 -4.039473782652486, 29.62239244210532 -4.037912900650905, 29.617687436670423 -4.036349345432516, 29.61298331882005 -4.034783121891746, 29.60828008859315 -4.033214234918469, 29.603577746026186 -4.0316426894020605, 29.598876291155644 -4.030068490231905, 29.59417572401765 -4.028491642297306, 29.58947604463327 -4.026912150484266, 29.584777253002933 -4.025330019674269, 29.580079349125555 -4.023745254748467, 29.57538233300008 -4.022157860588014, 29.570686204624707 -4.020567842073894, 29.565990963980255 -4.018975204082919, 29.561296611029448 -4.017379951487569, 29.556603145734172 -4.015782089160121, 29.55191056805631 -4.014181621972855, 29.54721887795651 -4.012578554797726, 29.542528075375994 -4.010972892501636, 29.53783816024056 -4.009364639947473, 29.533149132475554 -4.007753801998011, 29.52846099200634 -4.006140383516027, 29.523773738756336 -4.00452438936375, 29.51908737262791 -4.002905824397505, 29.514401893510612 -4.001284693470013, 29.50971730129379 -3.9996610014339415, 29.505033595866774 -3.998034753141956, 29.500350777116097 -3.9964059534458714, 29.495668844906103 -3.994774607190827, 29.490987799090693 -3.9931407192188146, 29.486307639523737 -3.9915042943718086, 29.481628366059077 -3.9898653374917834, 29.476949978546656 -3.98822385341946, 29.47227247681366 -3.9865798469882274, 29.46759586067895 -3.984933323028805, 29.462920129961397 -3.98328428637191, 29.458245284479872 -3.9816327418482618, 29.453571324048138 -3.979978694286827, 29.448898248457006 -3.978322148508723, 29.444226057490887 -3.976663109332871, 29.439554750934178 -3.9750015815781867, 29.434884328571286 -3.973337570063591, 29.43021479018014 -3.9716710796056494, 29.4255461355161 -3.970002115012739, 29.420878364329614 -3.9683306810914596, 29.416211476371146 -3.9666567826484074, 29.411545471391143 -3.9649804244901765, 29.40688034913211 -3.963301611420315, 29.402216109314764 -3.9616203482340175, 29.397552751656153 -3.9599366397250586, 29.392890275873288 -3.958250490687216, 29.388228681683167 -3.9565619059142465, 29.383567968793336 -3.9548708901960996, 29.378908136890693 -3.953177448314364, 29.37424918565934 -3.9514815850495113, 29.369591114783404 -3.9497833051820135, 29.364933923946882 -3.9480826134922933, 29.360277612822944 -3.9463795147561704, 29.355622181065335 -3.9446740137412113, 29.350967628325776 -3.9429661152141247, 29.346313954255997 -3.9412558239416167, 29.3416611585075 -3.9395431446902953, 29.3370092407196 -3.9378280822213467, 29.332358200513625 -3.936110641287924, 29.32770803750941 -3.9343908266425283, 29.323058751326798 -3.932668643037661, 29.318410341585274 -3.9309440952256476, 29.313762807890935 -3.9292171879525823, 29.309116149833287 -3.9274879259568176, 29.304470367000842 -3.9257563139762315, 29.299825458982053 -3.9240223567486923, 29.295181425364852 -3.922286059011797, 29.29053826572274 -3.9205474254961192, 29.285895979614047 -3.9188064609248463, 29.281254566596438 -3.9170631700208243, 29.27661402622752 -3.9153175575068926, 29.271974358064142 -3.9135696281054853, 29.267335561647815 -3.911819386531258, 29.26269763650633 -3.910066837491888, 29.258060582166976 -3.9083119856947963, 29.253424398157048 -3.9065548358474094, 29.248789084002773 -3.90479539265659, 29.244154639214347 -3.903033660820717, 29.23952106328955 -3.901269645031601, 29.23488835572585 -3.899503349980888, 29.230256516020717 -3.897734780360221, 29.225625543670237 -3.8959639408604962, 29.220995438153924 -3.8941908361634794, 29.216366198940136 -3.8924154709447976, 29.211737825496993 -3.8906378498799628, 29.20711031729264 -3.8888579776444887, 29.20248367379356 -3.887075858912943, 29.197857894449182 -3.8852914983501594, 29.193232978698983 -3.8835049006152715, 29.188608925982255 -3.8817160703673275, 29.18398573573832 -3.8799250122653848, 29.179363407404526 -3.8781317309673247, 29.174741940400878 -3.876336231120773, 29.17012133413846 -3.8745385173680598, 29.16550158802828 -3.872738594351468, 29.16088270148133 -3.8709364667132786, 29.156264673906293 -3.869132139094364, 29.151647504694402 -3.8673256161248757, 29.147031193228887 -3.8655169024300586, 29.1424157388929 -3.863706002635128, 29.13780114106964 -3.8618929213653033, 29.133187399139647 -3.860077663244133, 29.128574512465963 -3.858260232884055, 29.123962480404455 -3.8564406348929565, 29.11935130231096 -3.854618873878709, 29.11474097754134 -3.8527949544491897, 29.11013150544852 -3.8509688812103446, 29.105522885367932 -3.849140658756667, 29.100915116628606 -3.847310291678434, 29.09630819855954 -3.8454777845659134, 29.091702130489764 -3.8436431420093755, 29.08709691174505 -3.8418063685969024, 29.08249254163384 -3.839967468904833, 29.077889019458816 -3.8381264475055947, 29.07328634452263 -3.836283308971607, 29.06868451612795 -3.8344380578752895, 29.06408353357392 -3.8325906987866176, 29.059483396142586 -3.8307412362635898, 29.054884103110727 -3.82888967486055, 29.050285653755154 -3.827036019131844, 29.045688047352638 -3.825180273631814, 29.041091283176236 -3.8233224429121044, 29.036495360482125 -3.8214625315121977, 29.031900278521686 -3.8196005439681455, 29.027306036546335 -3.8177364848160034, 29.022712633807476 -3.8158703585918228, 29.01812006955256 -3.814002169828723, 29.01352834301241 -3.8121319230474997, 29.00893745341353 -3.810259622765721, 29.004347399982414 -3.8083852735009556, 28.999758181945552 -3.80650887977077, 28.99516979852529 -3.804630446089574, 28.99058224892769 -3.802749976959332, 28.9859955323548 -3.8008674768789446, 28.98140964800868 -3.7989829503473103, 28.976824595091344 -3.7970964018633246, 28.972240372800584 -3.795207835922534, 28.967656980318196 -3.793317257007933, 28.963074416822238 -3.7914246695995852, 28.95849268149079 -3.789530078177556, 28.9539117735019 -3.787633487221906, 28.949331692029265 -3.785734901209172, 28.944752436230942 -3.7838343246032586, 28.94017400526147 -3.7819317618652386, 28.935596398275393 -3.7800272174561886, 28.931019614427242 -3.778120695837182, 28.92644365286716 -3.7762122014656256, 28.921868512729933 -3.7743017387862188, 28.917294193147036 -3.772389312240909, 28.912720693249952 -3.7704749262716466, 28.908148012170155 -3.7685585853203785, 28.9035761490347 -3.766640293825276, 28.899005102955595 -3.7647200562117336, 28.89443487304173 -3.7627978769024506, 28.889865458401946 -3.760873760320124, 28.885296858145132 -3.7589477108874543, 28.88072907137573 -3.7570197330232835, 28.87616209718348 -3.7550898311336156, 28.87159593465508 -3.75315800962179, 28.86703058287723 -3.751224272891147, 28.86246604093663 -3.7492886253450255, 28.85790230791561 -3.7473510713828597, 28.853339382882112 -3.745411615391197, 28.8487772649011 -3.7434702617539135, 28.844215953037548 -3.741527014854889, 28.839655446356424 -3.7395818790780035, 28.835095743918426 -3.7376348588032298, 28.830536844770155 -3.7356859583975943, 28.825978747955283 -3.733735182225442, 28.821421452517463 -3.7317825346511153, 28.81686495750037 -3.7298280200389615, 28.812309261943557 -3.727871642749446, 28.807754364872704 -3.725913407130021, 28.80320026531064 -3.723953317525421, 28.798646962280145 -3.721991378280373, 28.794094454804018 -3.7200275937396032, 28.789542741901116 -3.71806196824403, 28.78499182257669 -3.7160945061215003, 28.780441695833108 -3.714125211697068, 28.775892360672717 -3.712154089295791, 28.771343816097897 -3.7101811432427247, 28.766796061107204 -3.7082063778592014, 28.76224909468593 -3.7062297974534486, 28.7577029158164 -3.704251406330803, 28.75315752348094 -3.7022712087966054, 28.748612916661898 -3.70028920915619, 28.744069094338034 -3.6983054117113032, 28.73952605547506 -3.6963198207505394, 28.734983799035692 -3.6943324405594815, 28.73044232398265 -3.692343275423714, 28.725901629278656 -3.690352329628823, 28.721361713883095 -3.688359607456955, 28.716822576742544 -3.6863651131770774, 28.712284216800516 -3.6843688510549994, 28.707746633000532 -3.68237082535653, 28.70320982428609 -3.680371040347476, 28.698673789597624 -3.6783695002903922, 28.69413852786301 -3.676366209434641, 28.68960403800694 -3.6743611720262392, 28.68507031895415 -3.6723543923112136, 28.68053736962932 -3.6703458745355797, 28.676005188954313 -3.668335622942308, 28.671473775838756 -3.666323641761188, 28.666943129188926 -3.6643099352184505, 28.662413247911115 -3.6622945075403286, 28.657884130911608 -3.6602773629530527, 28.65335577709415 -3.6582585056800254, 28.648828185350446 -3.656237939931508, 28.64430135456877 -3.6542156699139543, 28.639775283637405 -3.6521916998338186, 28.635249971444598 -3.650166033897555, 28.630725416876324 -3.6481386763090207, 28.626201618806856 -3.64610963125901, 28.62167857610682 -3.644078902934221, 28.61715628764685 -3.64204649552135, 28.612634752297566 -3.640012413207091, 28.608113968927547 -3.63797666017579, 28.60359393639402 -3.635939240598844, 28.599074653550346 -3.6339001586432254, 28.594556119249894 -3.6318594184759045, 28.590038332346023 -3.6298170242638492, 28.58552129169029 -3.6277729801719247, 28.581004996123294 -3.6257272903522186, 28.57648944448148 -3.6236799589520197, 28.571974635601347 -3.6216309901186134, 28.567460568319348 -3.6195803879992825, 28.562947241470376 -3.6175281567394526, 28.55843465387879 -3.615474300471995, 28.55392280436452 -3.613418823324573, 28.549411691747512 -3.6113617294248326, 28.544901314847696 -3.609303022900422, 28.540391672483675 -3.607242707877377, 28.53588276346392 -3.6051807884694544, 28.531374586592204 -3.6031172687847537, 28.526867140672305 -3.60105215293135, 28.522360424507983 -3.5989854450173113, 28.51785443690189 -3.5969171491493377, 28.513349176646997 -3.5948472694221856, 28.50884464253128 -3.5927758099244698, 28.504340833342688 -3.5907027747447566, 28.499837747869158 -3.58862816797161, 28.49533538489774 -3.5865519936924493, 28.49083374320625 -3.584474255983151, 28.48633282156723 -3.5823949589129316, 28.48183261875317 -3.5803141065509334, 28.477333133536522 -3.5782317029662876, 28.47283436468904 -3.5761477522271963, 28.468336310973786 -3.5740622583907875, 28.463838971148196 -3.571975225506982, 28.459342343969617 -3.569886657625576, 28.45484642819538 -3.5677965587963665, 28.45035122258225 -3.5657049330684014, 28.44585672587888 -3.5636117844801944, 28.44136293682797 -3.5615171170624786, 28.436869854172052 -3.5594209348457997, 28.432377476653667 -3.5573232418607077, 28.427885803014906 -3.555224042137173, 28.42339483199039 -3.5531233396952375, 28.418904562308356 -3.5510211385465804, 28.414414992696877 -3.5489174427026193, 28.409926121884016 -3.5468122561747677, 28.405437948597523 -3.544705582974017, 28.400950471558243 -3.5425974271020864, 28.396463689480345 -3.540487792551742, 28.391977601077752 -3.5383766833153922, 28.387492205064365 -3.5362641033854394, 28.383007500153862 -3.534150056753981, 28.37852348505368 -3.532034547404542, 28.37404015846426 -3.529917579311086, 28.369557519085713 -3.5277991564470796, 28.3650755656181 -3.5256792827859904, 28.360594296761366 -3.523557962301081, 28.35611371120985 -3.5214351989578057, 28.351633807650575 -3.519310996711527, 28.347154584770113 -3.517185359516935, 28.342676041255018 -3.515058291328718, 28.338198175791774 -3.5129297961014436, 28.333720987061866 -3.5107998777826537, 28.329244473739273 -3.508668540309273, 28.324768634497328 -3.506535787617341, 28.320293468009393 -3.504401623642897, 28.315818972948744 -3.502266052321914, 28.311345147984362 -3.5001290775841536, 28.30687199177744 -3.4979907033482935, 28.302399502988436 -3.495850933531871, 28.29792768027775 -3.493709772052419, 28.29345652230579 -3.4915672228274386, 28.288986027729248 -3.489423289769042, 28.28451619519693 -3.4872779767778703, 28.28004702335661 -3.485131287753098, 28.275578510856118 -3.4829832265939062, 28.27111065634321 -3.480833797199459, 28.266643458462575 -3.4786830034643312, 28.262176915850915 -3.4765308492713514, 28.25771102714368 -3.474377338501493, 28.25324579097634 -3.4722224750357342, 28.24878120598432 -3.4700662627550436, 28.244317270800522 -3.4679087055365776, 28.239853984049912 -3.465749807245588, 28.235391344355847 -3.4635895717450063, 28.230929350341725 -3.461428002897767, 28.22646800063094 -3.4592651045668097, 28.22200729384484 -3.457100880611966, 28.217547228596914 -3.4549353348811587, 28.21308780349875 -3.4527684712194517, 28.208629017161964 -3.450600293471911, 28.204170868198155 -3.4484308054835964, 28.199713355217316 -3.446260011097114, 28.195256476821825 -3.444087914143329, 28.190800231611743 -3.4419145184496083, 28.18634461818717 -3.43973982784332, 28.18188963514818 -3.437563846151833, 28.177435281093633 -3.4353865772006085, 28.17298155461508 -3.433208024803724, 28.16852845430134 -3.4310281927710364, 28.16407597874125 -3.4288470849124, 28.15962412652363 -3.426664705037666, 28.155172896236415 -3.4244810569552584, 28.1507222864606 -3.4222961444627207, 28.14627229577405 -3.420109971352604, 28.141822922754578 -3.417922541417429, 28.13737416598003 -3.415733858449723, 28.13292602402757 -3.41354392624097, 28.128478495467974 -3.4113527485724418, 28.124031578868358 -3.4091603292195964, 28.119585272795824 -3.4069666719578255, 28.115139575817437 -3.4047717805625184, 28.110694486499852 -3.4025756588083484, 28.106250003403837 -3.400378310460547, 28.10180612508607 -3.398179739277695, 28.097362850103142 -3.3959799490182365, 28.092920177011642 -3.3937789434406125, 28.088478104367866 -3.391576726302798, 28.084036630722846 -3.389373301354255, 28.079595754623032 -3.387168672337005, 28.07515547461472 -3.384962842992825, 28.0707157892442 -3.3827558170634875, 28.066276697057596 -3.38054759829048, 28.06183819659644 -3.3783381904076815, 28.057400286397282 -3.3761275971406977, 28.0529629649964 -3.3739158222147174, 28.04852623093012 -3.371702869354935, 28.044090082734613 -3.369488742286388, 28.03965451894214 -3.3672734447275308, 28.0352195380796 -3.365056980387886, 28.030785138673465 -3.3628393529763336, 28.02635131925026 -3.3606205662017565, 28.021918078336423 -3.358400623772968, 28.01748541445511 -3.356179529393214, 28.013053326123796 -3.353957286756216, 28.008621811859435 -3.351733899554765, 28.00419087017893 -3.3495093714816466, 27.9997604995992 -3.347283706229627, 27.995330698634472 -3.345056907486902, 27.990901465793097 -3.3428289789317036, 27.98647279958265 -3.3405999242409496, 27.982044698510716 -3.3383697470915585, 27.977617161084858 -3.3361384511604415, 27.973190185810537 -3.3339060401208878, 27.968763771187227 -3.3316725176359627, 27.964337915713372 -3.3294378873669404, 27.959912617887415 -3.3272021529750986, 27.95548787620779 -3.3249653181217127, 27.951063689171328 -3.3227273864652807, 27.946640055268904 -3.3204883616540406, 27.942216972990035 -3.3182482473338575, 27.937794440824224 -3.316007047150598, 27.93337245726098 -3.313764764750126, 27.928951020788638 -3.311521403776256, 27.92453012988975 -3.3092769678627456, 27.92010978304507 -3.307031460640289, 27.915689978735404 -3.3047848857395783, 27.911270715441518 -3.3025372467913074, 27.906851991643382 -3.300288547424703, 27.902433805815424 -3.2980387912593887, 27.898016156429932 -3.29578798191114, 27.89359904195915 -3.293536122995718, 27.88918246087533 -3.2912832181288803, 27.88476641165016 -3.289029270925388, 27.88035089275025 -3.286774284991056, 27.875935902639544 -3.284518263926998, 27.87152143978196 -3.2822612113342893, 27.867107502641428 -3.2800031308140025, 27.86269408968148 -3.277744025966564, 27.858281199361112 -3.2754839003842746, 27.85386883013614 -3.2732227576538815, 27.849456980462342 -3.2709606013620216, 27.845045648795487 -3.2686974350953375, 27.840634833591132 -3.266433262440079, 27.836224533300797 -3.264168086975295, 27.831814746372427 -3.261901912273646, 27.82740547125383 -3.2596347419075706, 27.82299670639282 -3.2573665794495135, 27.81858845023712 -3.2550974284717107, 27.814180701230928 -3.252827292540216, 27.80977345781448 -3.2505561752139895, 27.805366718427788 -3.2482840800515973, 27.800960481510852 -3.2460110106116042, 27.796554745503638 -3.243736970452486, 27.792149508843206 -3.2414619631275423, 27.78774476996231 -3.239185992182322, 27.783340527293337 -3.2369090611617386, 27.778936779268673 -3.2346311736107016, 27.774533524320713 -3.23235233307409, 27.770130760879507 -3.2300725430925987, 27.765728487370577 -3.2277918071986456, 27.761326702218916 -3.225510128923675, 27.756925403849507 -3.223227511799137, 27.75252459068732 -3.2209439593564673, 27.74812426115557 -3.2186594751238946, 27.74372441367272 -3.2163740626211337, 27.73932504665646 -3.2140877253665128, 27.734926158524498 -3.2118004668783606, 27.730527747694545 -3.209512290675005, 27.72612981258297 -3.207223200272389, 27.721732351601425 -3.204933199177896, 27.717335363160508 -3.2026422908969847, 27.71293884567081 -3.2003504789351127, 27.70854279754292 -3.1980577667977395, 27.704147217186474 -3.195764157988633, 27.699752103006542 -3.193469656003229, 27.69535745340676 -3.191174264334401, 27.69096326679074 -3.188877986475016, 27.686569541562125 -3.186580825917944, 27.682176276123904 -3.1842827861549097, 27.67778346887473 -3.1819838706697703, 27.673391118211434 -3.179684082943097, 27.668999222530847 -3.1773834264554455, 27.664607780229776 -3.175081904687371, 27.66021678970466 -3.1727795211186964, 27.655826249347907 -3.1704762792220427, 27.651436157549732 -3.168172182465981, 27.64704651270029 -3.165867234319039, 27.642657313189748 -3.163561438249739, 27.638268557408015 -3.161254797726162, 27.63388024374149 -3.1589473162100097, 27.629492370573885 -3.1566389971581734, 27.62510493628884 -3.154329844027429, 27.62071793927001 -3.1520198602745535, 27.61633137790091 -3.1497090493560855, 27.611945250562 -3.147397414723069, 27.607559555630697 -3.1450849598210593, 27.60317429148427 -3.1427716880953724, 27.598789456499993 -3.1404576029913214, 27.594405049055084 -3.1381427079541124, 27.59002106752419 -3.135827006424384, 27.5856375102786 -3.1335105018366995, 27.58125437568933 -3.1311931976251977, 27.576871662127424 -3.1288750972240145, 27.572489367963897 -3.126556204067254, 27.568107491567687 -3.1242365215853707, 27.563726031304128 -3.1219160532023134, 27.559344985538115 -3.119594802341351, 27.554964352634567 -3.117272772425756, 27.550584130958406 -3.1149499668787883, 27.54620431887296 -3.112626389120951, 27.54182491473768 -3.110302042566024, 27.53744591691146 -3.107976930626786, 27.53306732375317 -3.105651056716016, 27.52868913362171 -3.103324424246493, 27.52431134487481 -3.100997036628941, 27.519933955866378 -3.098668897267185, 27.515556964949493 -3.0963400095635922, 27.511180370477266 -3.094010376920535, 27.506804170802756 -3.0916800027403837, 27.50242836427825 -3.0893488904241018, 27.498052949252234 -3.087017043366046, 27.493677924072 -3.0846844649586207, 27.489303287084926 -3.082351158594237, 27.484929036638324 -3.0800171276653026, 27.480555171079004 -3.0776823755632914, 27.476181688750128 -3.0753469056734586, 27.471808587993447 -3.0730107213785307, 27.46743586715067 -3.0706738260612227, 27.463063524563495 -3.068336223104249, 27.45869155857332 -3.065997915889745, 27.4543199675182 -3.0636589077942147, 27.449948749734354 -3.061319202191032, 27.445577903558004 -3.058978802453539, 27.441207427325338 -3.0566377119550716, 27.436837319372366 -3.054295934068628, 27.432467578032178 -3.0519534721622863, 27.428098201635592 -3.0496103296003985, 27.423729188513438 -3.047266509747234, 27.419360536996518 -3.044922015967056, 27.414992245415522 -3.0425768516239504, 27.410624312098626 -3.040231020077847, 27.406256735371453 -3.037884524684434, 27.401889513559507 -3.0355373687992167, 27.397522644988303 -3.033189555777703, 27.39315612798329 -3.0308410889753175, 27.388789960867847 -3.0284919717440917, 27.38442414196249 -3.026142207431413, 27.38005866958753 -3.023791799384334, 27.375693542063285 -3.021440750949907, 27.371328757710053 -3.0190890654751597, 27.366964314846474 -3.016736746304469, 27.36260021178808 -3.0143837967772926, 27.3582364468501 -3.01203022023256, 27.353873018347734 -3.0096760200091954, 27.34950992459621 -3.007321199446121, 27.345147163909463 -3.004965761880273, 27.34078473459823 -3.0026097106435228, 27.336422634972752 -3.0002530490669486, 27.33206086334326 -2.997895780481627, 27.327699418019975 -2.9955379082186337, 27.32333829731221 -2.993179435607673, 27.318977499525957 -2.990820365973549, 27.31461702296645 -2.9884607026399745, 27.31025686593894 -2.986100448930668, 27.305897026748692 -2.983739608169346, 27.30153750370031 -2.9813781836787627, 27.29717829509528 -2.979016178776874, 27.292819399234066 -2.9766535967801295, 27.288460814417153 -2.9742904410049773, 27.28410253894503 -2.9719267147678696, 27.279744571117767 -2.9695624213846434, 27.275386909232417 -2.967197564166771, 27.271029551584753 -2.9648321464238307, 27.26667249647055 -2.96246617146539, 27.262315742185574 -2.960099642601021, 27.257959287025322 -2.9577325631399223, 27.253603129282553 -2.955364936387452, 27.249247267248414 -2.9529967656466933, 27.244891699214016 -2.9506280542206937, 27.240536423470466 -2.9482588054125, 27.236181438308734 -2.945889022524958, 27.23182674201737 -2.943518708857626, 27.227472332882982 -2.9411478677074254, 27.22311820919211 -2.9387765023712022, 27.218764369231316 -2.9364046161458037, 27.21441081128706 -2.934032212327974, 27.210057533643763 -2.9316592942117556, 27.20570453458359 -2.9292858650882714, 27.201351812388598 -2.9269119282484977, 27.19699936534086 -2.9245374869834118, 27.192647191722415 -2.9221625445839505, 27.188295289813563 -2.9197871043389063, 27.183943657892158 -2.917411169533964, 27.179592294235853 -2.9150347434545645, 27.175241197122308 -2.912657829386147, 27.170890364829148 -2.910280430614137, 27.16653979563268 -2.90790255042234, 27.16218948780651 -2.9055241920913617, 27.157839439623963 -2.9031453589014355, 27.15348964935835 -2.900766054132795, 27.14914011528298 -2.898386281065672, 27.144790835670133 -2.8960060429791286, 27.14044180878932 -2.893625343149065, 27.13609303290958 -2.8912441848508577, 27.131744506299963 -2.888862571359879, 27.12739622722949 -2.8864805059515013, 27.123048193966476 -2.8840979919002923, 27.11870040477643 -2.8817150324777754, 27.1143528579242 -2.8793316309547623, 27.110005551674657 -2.876947790602068, 27.105658484292647 -2.874563514690503, 27.101311654042505 -2.8721788064903726, 27.09696505918579 -2.8697936692693298, 27.092618697983113 -2.8674081062941537, 27.088272568695132 -2.8650221208316276, 27.083926669582468 -2.8626357161485307, 27.079580998905424 -2.860248895511305, 27.075235554921772 -2.8578616621838884, 27.07089033588815 -2.8554740194290904, 27.066545340061204 -2.8530859705097127, 27.062200565697562 -2.8506975186885617, 27.057856011053648 -2.84830866722825, 27.053511674383522 -2.8459194193893325, 27.049167553939856 -2.8435297784311238, 27.044823647975257 -2.841139747612912, 27.04047995474237 -2.838749330193991, 27.0361364724937 -2.836358529433552, 27.03179319947965 -2.8339673485891175, 27.027450133948978 -2.831575790916863, 27.02310727415034 -2.829183859672924, 27.018764618332412 -2.826791558113433, 27.014422164743827 -2.824398889494479, 27.01007991163139 -2.8220058570708497, 27.005737857239986 -2.8196124640959375, 27.001395999814406 -2.8172187138230673, 26.99705433759943 -2.814824609505562, 26.992712868839806 -2.8124301543967243, 26.98837159177882 -2.810035351748899, 26.984030504657547 -2.8076402048130515, 26.97968960571697 -2.805244716840044, 26.975348893198024 -2.80284889108074, 26.971008365341657 -2.800452730785996, 26.966668020387587 -2.798056239205991, 26.96232785657325 -2.795659419589622, 26.95798787213581 -2.793262275185643, 26.953648065312425 -2.790864809242801, 26.94930843434027 -2.7884670250098504, 26.944968977455567 -2.786068925735099, 26.940629692892124 -2.7836705146657224, 26.93629057888337 -2.7812717950487214, 26.93195163366274 -2.7788727701310925, 26.92761285546368 -2.776473443159837, 26.9232742425189 -2.774073817381681, 26.918935793058697 -2.771673896042412, 26.914597505312827 -2.7692736823876136, 26.910259377511053 -2.7668731796628707, 26.90592140788312 -2.7644723911137636, 26.901583594658295 -2.762071319985741, 26.897245936063374 -2.7596699695235922, 26.89290843032446 -2.7572683429719107, 26.88857107566764 -2.7548664435752954, 26.88423387031901 -2.752464274578341, 26.8798968125043 -2.7500618392255802, 26.87555990044692 -2.747659140761151, 26.871223132369337 -2.745256182429025, 26.866886506494026 -2.7428529674731754, 26.862550021043457 -2.7404494991375787, 26.85821367423988 -2.7380457806661758, 26.85387746430341 -2.735641815302631, 26.849541389453066 -2.733237606290458, 26.845205447907855 -2.7308331568731696, 26.840869637886787 -2.7284284702942814, 26.83653395760871 -2.7260235497973095, 26.832198405290505 -2.723618398625811, 26.82786297914769 -2.721213020023374, 26.82352767739576 -2.718807417233588, 26.81919249825019 -2.716401593500036, 26.81485743992638 -2.713995552066319, 26.810522500638 -2.711589296176235, 26.80618767859713 -2.7091828290737574, 26.80185297201582 -2.706776154002872, 26.7975183791061 -2.7043692742075582, 26.79318389807997 -2.701962192931811, 26.78884952714789 -2.699554913419968, 26.784515264518596 -2.697147438916765, 26.78018110840071 -2.694739772666956, 26.775847057002853 -2.6923319179153, 26.771513108533632 -2.689923877906558, 26.767179261200354 -2.687515655885932, 26.762845513208426 -2.6851072550992643, 26.7585118627631 -2.68269867879245, 26.754178308069637 -2.680289930211386, 26.74984484733327 -2.6778810126019703, 26.745511478758186 -2.6754719292105857, 26.741178200546525 -2.673062683284539, 26.73684501090021 -2.6706532780712355, 26.732511908021163 -2.6682437168180835, 26.728178890111295 -2.665834002772493, 26.723845955371655 -2.6634241391823616, 26.719513102001205 -2.6610141292967926, 26.71518032819856 -2.6586039763650753, 26.71084763216236 -2.656193683636495, 26.706515012091202 -2.653783254360338, 26.70218246618305 -2.6513726917863614, 26.697849992633717 -2.648961999165826, 26.69351758963853 -2.646551179750291, 26.689185255392864 -2.64414023679132, 26.684852988092064 -2.6417291735404715, 26.680520785930987 -2.6393179932497484, 26.67618864710226 -2.6369066991729806, 26.671856569797956 -2.6344952945644766, 26.66752455221015 -2.6320837826785506, 26.66319259253092 -2.6296721667695118, 26.65886068895196 -2.627260450092014, 26.654528839662937 -2.6248486359025915, 26.650197042852813 -2.622436727458406, 26.64586529671059 -2.620024728016624, 26.64153359942522 -2.6176126408344134, 26.6372019491854 -2.615200469169245, 26.632870344177814 -2.612788216280767, 26.62853878258827 -2.610375885429572, 26.624207262602567 -2.6079634798762505, 26.619875782406517 -2.6055510028813953, 26.61554434018572 -2.603138457705846, 26.611212934123913 -2.6007258476127126, 26.60688156240378 -2.5983131758663442, 26.60255022320804 -2.5959004457311035, 26.598218914719375 -2.5934876604713497, 26.593887635120343 -2.5910748233516347, 26.589556382591756 -2.5886619376388627, 26.58522515531324 -2.586249006601526, 26.580893951464414 -2.5838360335081525, 26.57656276922489 -2.581423021627268, 26.57223160677419 -2.5790099742275356, 26.567900462290226 -2.5765968945799935, 26.56356933394962 -2.574183785957653, 26.55923821992892 -2.5717706516335843, 26.5549071184047 -2.569357494880863, 26.550576027553472 -2.566944318972657, 26.54624494555029 -2.564531127184482, 26.541913870568777 -2.562117922794246, 26.537582800782488 -2.559704709079959, 26.53325173436495 -2.5572914893196317, 26.52892066948969 -2.5548782667913437, 26.52458960432895 -2.5524650447754405, 26.520258537053376 -2.5500518265550816, 26.515927465833563 -2.5476386154135997, 26.511596388840065 -2.5452254146343254, 26.507265304243454 -2.5428122275006344, 26.502934210213137 -2.5403990572980746, 26.498603104916857 -2.5379859073154574, 26.49427198652223 -2.5355727808418655, 26.489940853196856 -2.533159681166378, 26.485609703108334 -2.5307466115780946, 26.481278534423282 -2.528333575368181, 26.47694734530652 -2.5259205758315226, 26.4726161339227 -2.5235076162633994, 26.468284898436462 -2.521094699959091, 26.463953637012455 -2.518681830213886, 26.459622347814495 -2.51626901032491, 26.455291029004666 -2.5138562435932936, 26.450959678744802 -2.5114435333206897, 26.446628295196742 -2.509030882808757, 26.44229687652232 -2.506618295359153, 26.437965420882662 -2.504205774275252, 26.433633926437047 -2.5017933228649287, 26.429302391344443 -2.4993809444367834, 26.42497081376381 -2.4969686422994153, 26.42063919185413 -2.4945564197614276, 26.416307523773778 -2.492144280132955, 26.41197580767927 -2.4897322267289566, 26.407644041726783 -2.4873202628653406, 26.403312224072465 -2.4849083918580117, 26.398980352872464 -2.482496617022874, 26.39464842628247 -2.480084941677206, 26.390316442456278 -2.4776733691434236, 26.38598439954727 -2.475261902745153, 26.38165229570881 -2.472850545806022, 26.377320129094283 -2.470439301649657, 26.372987897856646 -2.4680281736008935, 26.368655600147044 -2.4656171649899767, 26.364323234116092 -2.4632062791486526, 26.359990797914424 -2.4607955194086735, 26.355658289692666 -2.4583848891017888, 26.351325707601106 -2.4559743915608148, 26.34699304978824 -2.4535640301241943, 26.342660314401975 -2.451153808132211, 26.338327499590214 -2.4487437289251504, 26.333994603500887 -2.4463337958433002, 26.3296616242816 -2.443924012227881, 26.325328560078276 -2.441514381425899, 26.32099540903613 -2.4391049067865636, 26.31666216930042 -2.436695591659088, 26.312328839016377 -2.434286439392683, 26.307995416329007 -2.431877453337395, 26.303661899381613 -2.429468636849228, 26.29932828631676 -2.427059993286801, 26.29499457527701 -2.4246515260087462, 26.290660764404926 -2.4222432383736945, 26.286326851842862 -2.4198351337409942, 26.2819928357316 -2.4174272154760255, 26.277658714211096 -2.4150194869471626, 26.27332448542129 -2.4126119515228037, 26.268990147502148 -2.4102046125713463, 26.264655698593465 -2.4077974734618146, 26.26032113683352 -2.405390537569293, 26.25598646035976 -2.402983808272258, 26.251651667309588 -2.4005772889492194, 26.247316755820453 -2.3981709829786935, 26.24298172402964 -2.395764893739747, 26.238646570072962 -2.3933590246176153, 26.234311292085327 -2.390953379001381, 26.229975888201597 -2.3885479602801807, 26.22564035655667 -2.386142771843153, 26.221304695285315 -2.383737817079928, 26.216968902520904 -2.3813330993863238, 26.212632976395838 -2.37892862216242, 26.208296915042528 -2.3765243888083827, 26.20396071659335 -2.3741204027243716, 26.19962437918062 -2.3717166673109857, 26.19528790093529 -2.369313185975048, 26.190951279987335 -2.366909962128061, 26.186614514466694 -2.364506999181647, 26.182277602503298 -2.3621043005474207, 26.177940542227002 -2.3597018696373837, 26.173603331766422 -2.3572997098698005, 26.169265969249096 -2.3548978246680172, 26.16492845280256 -2.352496217455531, 26.160590780554344 -2.350094891655842, 26.156252950631927 -2.3476938506927922, 26.151914961161523 -2.345293097996512, 26.147576810268355 -2.342892637002633, 26.14323849607758 -2.3404924711469643, 26.13890001671434 -2.3380926038653134, 26.134561370303768 -2.3356930385938073, 26.130222554969784 -2.333293778774892, 26.125883568835295 -2.3308948278568837, 26.12154441002313 -2.328496189288322, 26.117205076656127 -2.3260978665177436, 26.112865566857085 -2.3236998629939793, 26.10852587874769 -2.3213021821722695, 26.1041860104485 -2.318904827514124, 26.09984596008005 -2.31650780248132, 26.09550572576288 -2.314111110535628, 26.091165305617473 -2.3117147551390906, 26.086824697763273 -2.309318739760176, 26.082483900318685 -2.3069230678739103, 26.07814291140202 -2.3045277429556132, 26.07380172913163 -2.302132768480609, 26.0694603516258 -2.2997381479244754, 26.065118777001818 -2.2973438847693353, 26.060777003375893 -2.294949982504227, 26.056435028864193 -2.2925564446185156, 26.052092851582863 -2.2901632746015657, 26.04775046964803 -2.2877704759429958, 26.043407881174836 -2.2853780521390896, 26.039065084277368 -2.282986006693346, 26.034722077069645 -2.280594343109622, 26.030378857665706 -2.2782030648917737, 26.026035424179536 -2.275812175543908, 26.021691774724196 -2.273421678576953, 26.017347907411676 -2.271031577509315, 26.01300382035394 -2.268641875859786, 26.008659511662934 -2.266252577147158, 26.00431497945058 -2.263863684890474, 25.999970221827876 -2.2614752026157876, 25.99562523690482 -2.259087133856871, 25.99128002279133 -2.2566994821478947, 25.986934577597335 -2.2543122510230313, 25.982588899432752 -2.2519254440167167, 25.978242986406563 -2.2495390646706173, 25.973896836626807 -2.247153116534331, 25.96955044820143 -2.2447676031578574, 25.965203819238422 -2.242382528091196, 25.96085694784571 -2.2399978948846337, 25.95650983213035 -2.2376137070959503, 25.952162470198452 -2.235229968291025, 25.947814860156083 -2.2328466820361363, 25.943467000109322 -2.2304638518975626, 25.939118888164188 -2.228081481441893, 25.93477052242586 -2.225699574243537, 25.930421900998596 -2.223318133885115, 25.926073021986625 -2.220937163949647, 25.92172388349417 -2.2185566680201467, 25.91737448362541 -2.216176649679976, 25.913024820483685 -2.2137971125206746, 25.908674892171494 -2.2114180601420688, 25.904324696791303 -2.2090394961443494, 25.899974232445523 -2.2066614241277107, 25.895623497236613 -2.204283847692744, 25.89127248926613 -2.2019067704486313, 25.886921206634863 -2.199530196012862, 25.882569647443574 -2.1971541280032634, 25.878217809792993 -2.194778570037658, 25.873865691783855 -2.1924035257343393, 25.86951329151603 -2.1900289987206705, 25.86516060708865 -2.187654992632286, 25.86080763660085 -2.1852815111051225, 25.85645437815171 -2.182908557775113, 25.852100829840325 -2.180536136278748, 25.847746989764925 -2.178164250262113, 25.84339285602308 -2.175792903379455, 25.839038426712353 -2.1734220992852857, 25.834683699930263 -2.1710518416341085, 25.830328673774325 -2.1686821340810947, 25.825973346341225 -2.1663129802915977, 25.821617715727047 -2.1639443839389463, 25.817261780027827 -2.161576348696683, 25.812905537339642 -2.159208878238354, 25.808548985758474 -2.1568419762383084, 25.804192123379536 -2.1544756463817096, 25.799834948297505 -2.1521098923614432, 25.795477458607007 -2.149744717870557, 25.791119652402706 -2.1473801266021018, 25.78676152777917 -2.14501612225012, 25.782403082830207 -2.1426527085201372, 25.77804431564916 -2.1402898891250577, 25.773685224329338 -2.137927667777902, 25.76932580696407 -2.1355660481916927, 25.764966061646586 -2.1332050340806887, 25.760605986469397 -2.1308446291713397, 25.756245579524563 -2.1284848371970493, 25.751884838904168 -2.126125661891304, 25.747523762700283 -2.123767106987586, 25.743162349004887 -2.121409176220916, 25.73880059590928 -2.119051873339187, 25.734438501504407 -2.1166952020967105, 25.73007606388122 -2.114339166247844, 25.725713281130655 -2.1119837695469497, 25.72135015134358 -2.1096290157503153, 25.716986672610155 -2.107274908627822, 25.712622843020288 -2.104921451955198, 25.708258660663866 -2.1025686495081883, 25.703894123630782 -2.1002165050625416, 25.699529230010832 -2.0978650223964372, 25.69516397789314 -2.095514205302335, 25.690798365366646 -2.093164057577896, 25.68643239052025 -2.0908145830207854, 25.68206605144285 -2.088465785428667, 25.677699346223264 -2.0861176686022658, 25.673332272949715 -2.0837702363571173, 25.66896482971026 -2.081423492513239, 25.664597014592946 -2.079077440890653, 25.66022882568585 -2.0767320853093785, 25.655860261076885 -2.074387429593287, 25.65149131885349 -2.0720434775814898, 25.647121997102957 -2.0697002331168584, 25.642752293912583 -2.0673577000422667, 25.638382207369677 -2.06501588220059, 25.634011735561398 -2.0626747834395474, 25.629640876574495 -2.060334407622286, 25.625269628495612 -2.0579947586150094, 25.620897989411404 -2.055655840283925, 25.616525957408538 -2.053317656495257, 25.612153530573522 -2.0509802111212725, 25.607780706992543 -2.0486435080496035, 25.603407484751706 -2.0463075511702873, 25.59903386193715 -2.0439723443733624, 25.594659836634985 -2.041637891548916, 25.590285406931205 -2.03930419659449, 25.58591057091156 -2.0369712634226262, 25.581535326661747 -2.0346390959476692, 25.577159672267495 -2.0323076980839674, 25.572783605814507 -2.029977073746006, 25.56840712538838 -2.0276472268573236, 25.564030229074536 -2.025318161355835, 25.559652914958374 -2.0229898811807274, 25.555275181125293 -2.02066239027119, 25.55089702566071 -2.0183356925667177, 25.546518446649987 -2.016009792017506, 25.54213944217846 -2.013684692587047, 25.537760010331468 -2.0113603982396557, 25.533380149194347 -2.0090369129396515, 25.528999856852426 -2.006714240651945, 25.524619131390995 -2.0043923853541097, 25.520237970895288 -2.0020713510358967, 25.515856373450557 -1.9997511416875513, 25.511474337142037 -1.997431761299315, 25.50709186005495 -1.9951132138624683, 25.50270894027463 -1.992795503382731, 25.498325575886405 -1.9904786338764093, 25.49394176497562 -1.9881626093600535, 25.489557505627623 -1.9858474338502163, 25.48517279592778 -1.9835331113651644, 25.4807876339616 -1.9812196459393077, 25.476402017814685 -1.9789070416159134, 25.472015945572622 -1.9765953024383367, 25.46762941532101 -1.9742844324499327, 25.46324242514549 -1.9719744356967654, 25.45885497313195 -1.9696653162424644, 25.45446705736639 -1.967357078157681, 25.4500786759348 -1.9650497255130799, 25.445689826923182 -1.9627432623793262, 25.44130050841762 -1.9604376928311926, 25.436910718504553 -1.9581330209619479, 25.43252045527053 -1.9558292508700703, 25.428129716802104 -1.953526386654042, 25.42373850118581 -1.9512244324123453, 25.419346806508372 -1.948923392249481, 25.41495463085695 -1.9466232702886406, 25.41056197231881 -1.9443240706566256, 25.406168828981222 -1.9420257974802408, 25.401775198931432 -1.93972845488634, 25.397381080256988 -1.9374320470102102, 25.392986471045937 -1.935136578005162, 25.388591369386454 -1.9328420520268303, 25.38419577336665 -1.930548473230846, 25.379799681074708 -1.9282558457730572, 25.375403090599157 -1.9259641738205298, 25.371006000029148 -1.923673461556908, 25.366608407453885 -1.921383713167174, 25.362210310962556 -1.919094932836305, 25.357811708644377 -1.9168071247498717, 25.35341259858924 -1.9145202931074974, 25.349012978887643 -1.912234442123108, 25.34461284763017 -1.9099495760112726, 25.340212202907367 -1.9076656989865617, 25.33581104280986 -1.905382815264886, 25.331409365428975 -1.903100929079327, 25.327007168856543 -1.900820044674848, 25.322604451184407 -1.8985401662966446, 25.3182012105044 -1.8962612981899136, 25.31379744490852 -1.8939834446024242, 25.309393152489747 -1.8917066098013215, 25.304988331341544 -1.889430798062591, 25.3005829795574 -1.8871560136622663, 25.29617709523077 -1.8848822608763762, 25.2917706764554 -1.8826095439854817, 25.28736372132619 -1.880337867291007, 25.28295622793844 -1.878067235100388, 25.278548194387398 -1.8757976517210622, 25.27413961876836 -1.8735291214604737, 25.269730499177037 -1.8712616486334572, 25.2653208337105 -1.8689952375757102, 25.26091062046603 -1.866729892626578, 25.256499857540895 -1.8644656181254065, 25.252088543032404 -1.8622024184116759, 25.2476766750386 -1.8599402978359059, 25.24326425165886 -1.857679260767925, 25.23885127099268 -1.855419311579508, 25.23443773113958 -1.8531604546424292, 25.230023630199092 -1.8509026943290143, 25.2256089662719 -1.8486460350266625, 25.221193737459885 -1.846390481139252, 25.216777941864997 -1.8441360370715036, 25.2123615775892 -1.8418827072281365, 25.207944642734546 -1.8396304960153893, 25.203527135404627 -1.8373794078584147, 25.19910905370405 -1.8351294471951631, 25.19469039573742 -1.8328806184638282, 25.19027115960936 -1.8306329261026058, 25.185851343424773 -1.8283863745530144, 25.181430945290433 -1.8261409682783791, 25.177009963313903 -1.8238967117508162, 25.172588395602727 -1.8216536094424622, 25.168166240264433 -1.819411665825453, 25.163743495407203 -1.8171708853782083, 25.159320159141362 -1.8149312726018922, 25.15489622957779 -1.8126928320028235, 25.150471704827343 -1.8104555680873229, 25.146046583000874 -1.8082194853617826, 25.141620862210246 -1.8059845883433958, 25.13719454056927 -1.8037508815712398, 25.132767616192016 -1.8015183695870352, 25.128340087192544 -1.7992870569325057, 25.12391195168499 -1.7970569481498866, 25.119483207785088 -1.7948280477970968, 25.115053853610515 -1.7926003604502945, 25.110623887279033 -1.790373890686658, 25.10619330690842 -1.7881486430833686, 25.10176211061663 -1.7859246222193093, 25.09733029652384 -1.7837018326938912, 25.092897862751716 -1.7814802791201345, 25.088464807421936 -1.7792599661113007, 25.0840311286562 -1.777040898280653, 25.079596824576665 -1.7748230802455667, 25.075161893308234 -1.7726065166472822, 25.070726332976808 -1.7703912121356207, 25.066290141708297 -1.7681771713604153, 25.06185331762858 -1.7659643989715075, 25.057415858864573 -1.763752899627034, 25.052977763546128 -1.7615426780094807, 25.048539029803635 -1.7593337388057797, 25.044099655767475 -1.7571260867028595, 25.03965963956808 -1.7549197263878955, 25.035218979337653 -1.7527146625621008, 25.030777673211148 -1.7505108999481998, 25.026335719323736 -1.7483084432707372, 25.0218931158106 -1.7461072972542573, 25.017449860807066 -1.7439074666245293, 25.013005952451177 -1.7417089561273826, 25.008561388883138 -1.7395117705250045, 25.00411616824321 -1.7373159145800599, 24.999670288671698 -1.7351213930552174, 24.995223748309346 -1.7329282107167554, 24.9907765453004 -1.7307363723556455, 24.986328677790507 -1.7285458827731828, 24.981880143925352 -1.7263567467706977, 24.977430941850603 -1.7241689691495214, 24.972981069713178 -1.7219825547190462, 24.96853052566394 -1.7197975083141948, 24.96407930785455 -1.7176138347749415, 24.959627414436657 -1.715431538941257, 24.95517484356194 -1.7132506256533708, 24.950721593384284 -1.711071099766533, 24.94626766206083 -1.7088929661589625, 24.941813047749065 -1.706716229710822, 24.93735774860643 -1.704540895302277, 24.932901762790614 -1.7023669678149684, 24.92844508846282 -1.700194452152247, 24.923987723786883 -1.6980233532339537, 24.91952966692671 -1.695853675980337, 24.91507091604622 -1.693685425311648, 24.910611469310073 -1.6915186061527419, 24.906151324887354 -1.6893532234550446, 24.901690480948716 -1.6871892821794952, 24.897228935664828 -1.6850267872870468, 24.892766687206347 -1.6828657437386791, 24.888303733745772 -1.6807061565059545, 24.883840073460185 -1.6785480305869287, 24.87937570452738 -1.6763913709837324, 24.874910625125146 -1.6742361826984973, 24.870444833431385 -1.6720824707339736, 24.865978327627335 -1.6699302401114746, 24.861511105898096 -1.6677794958736374, 24.85704316642894 -1.6656302430642729, 24.85257450740517 -1.6634824867271913, 24.848105127012623 -1.6613362319090725, 24.843635023441912 -1.659191483682261, 24.8391641948862 -1.6570482471326387, 24.834692639538677 -1.6549065273462105, 24.830220355592513 -1.6527663294089794, 24.82574734124246 -1.6506276584150046, 24.821273594688794 -1.648490519486693, 24.816799114133 -1.6463549177526806, 24.812323897776555 -1.6442208583416027, 24.807847943821024 -1.642088346382411, 24.803371250471248 -1.639957387020616, 24.798893815936943 -1.6378279854261986, 24.79441563842823 -1.6357001467711083, 24.789936716155207 -1.6335738762272929, 24.785457047328478 -1.631449178968833, 24.78097663016402 -1.6293260601945168, 24.776495462881282 -1.6272045251190592, 24.7720135436998 -1.625084578957443, 24.767530870839106 -1.6229662269246488, 24.76304744252023 -1.6208494742428383, 24.758563256970486 -1.618734326163795, 24.75407831241881 -1.6166207879469325, 24.749592607094122 -1.6145088648516643, 24.745106139225406 -1.6123985621376513, 24.740618907045228 -1.6102898850807397, 24.736130908791893 -1.6081828389827868, 24.73164214270425 -1.606077429148003, 24.727152607021125 -1.6039736608805943, 24.722662299981852 -1.6018715394868974, 24.718171219831717 -1.5997710702988774, 24.713679364819974 -1.5976722586654584, 24.709186733195928 -1.595575109935869, 24.704693323208897 -1.593479629459335, 24.700199133110022 -1.5913858225927124, 24.69570416115773 -1.5892936947232226, 24.691208405612237 -1.587203251245636, 24.686711864733788 -1.585114497554724, 24.682214536782688 -1.5830274390455992, 24.677716420023643 -1.5809420811310253, 24.673217512727764 -1.5788584292496917, 24.668717813166698 -1.5767764888423612, 24.664217319612078 -1.5746962653497938, 24.65971603033627 -1.5726177642155532, 24.655213943618715 -1.5705409909108832, 24.650711057742924 -1.568465950922796, 24.64620737099242 -1.5663926497384855, 24.64170288165076 -1.5643210928451539, 24.637197588004074 -1.5622512857398165, 24.63269148834671 -1.5601832339504673, 24.628184580974605 -1.558116943011195, 24.623676864183707 -1.5560524184560867, 24.619168336270175 -1.5539896658199677, 24.61465899553597 -1.5519286906589211, 24.610148840289646 -1.5498694985530213, 24.6056378688401 -1.5478120950836274, 24.60112607949624 -1.545756485832098, 24.59661347056826 -1.5437026763844446, 24.59210004037497 -1.5416506723574255, 24.58758578723864 -1.539600479380262, 24.58307070948158 -1.5375521030822115, 24.5785548054261 -1.5355055490926235, 24.57403807339883 -1.5334608230549693, 24.56952051173534 -1.5314179306421392, 24.565002118772338 -1.5293768775307008, 24.560482892846494 -1.5273376693972194, 24.555962832295098 -1.5253003119202306, 24.551441935463263 -1.5232648108053768, 24.546920200701823 -1.521231171778011, 24.542397626361765 -1.519199400563936, 24.537874210794033 -1.517169502888951, 24.533349952352335 -1.5151414844876716, 24.528824849400465 -1.5131153511273343, 24.524298900304515 -1.5110911085827154, 24.519772103430622 -1.5090687626285921, 24.51524445714513 -1.5070483190404365, 24.51071595982129 -1.5050297836154085, 24.506186609840498 -1.5030131621761684, 24.501656405584637 -1.5009984605468372, 24.497125345435556 -1.4989856845515321, 24.49259342777686 -1.4969748400196061, 24.488060651002726 -1.4949659328126268, 24.483527013511356 -1.4929589688044078, 24.478992513700987 -1.4909539538687866, 24.474457149969904 -1.4889508938797975, 24.469920920722128 -1.4869497947284303, 24.465383824371845 -1.4849506623355633, 24.46084585933423 -1.4829535026251213, 24.456307024024483 -1.4809583215210256, 24.4517673168589 -1.4789651249503504, 24.447226736264327 -1.476973918870406, 24.442685280673505 -1.474984709255357, 24.438142948519257 -1.4729975020795545, 24.433599738234378 -1.471012303317382, 24.42905564825645 -1.469029118956431, 24.424510677034746 -1.467047955016893, 24.41996482302033 -1.465068817523899, 24.415418084664253 -1.46309171250258, 24.410870460418316 -1.4611166459800513, 24.406321948744687 -1.4591436240113533, 24.401772548113165 -1.457172652672176, 24.397222256993764 -1.455203738038696, 24.392671073856487 -1.453236886187092, 24.38811899717536 -1.451272103204181, 24.383566025437354 -1.449309395210883, 24.379012157131992 -1.4473487683349322, 24.37445739074881 -1.4453902287040643, 24.3699017247779 -1.443433782447364, 24.365345157719705 -1.4414794357196896, 24.36078768808399 -1.4395271946990476, 24.35622931438085 -1.4375770655642635, 24.351670035120364 -1.4356290544941648, 24.34710984881631 -1.433683167676668, 24.342548753996436 -1.431739411334327, 24.337986749191852 -1.429797791697947, 24.333423832933637 -1.4278583149983344, 24.328860003753345 -1.4259209874673884, 24.324295260192798 -1.423985815362259, 24.319729600804145 -1.4220528049654202, 24.315163024139984 -1.420121962560447, 24.31059552875291 -1.4181932944309166, 24.306027113199175 -1.4162668068688673, 24.301457776050036 -1.4143425062012094, 24.296887515880627 -1.4124203987638397, 24.29231633126611 -1.4105004908926586, 24.28774422078207 -1.4085827889245885, 24.283171183015057 -1.4066672992214546, 24.278597216562922 -1.404754028170707, 24.274022320024024 -1.402842982160968, 24.269446491996725 -1.4009341675808633, 24.264869731083333 -1.399027590827725, 24.260292035902186 -1.3971232583341395, 24.25571340507566 -1.3952211765416154, 24.251133837226124 -1.3933213518916567, 24.24655333097652 -1.3914237908269518, 24.24197188496182 -1.3895284998159947, 24.237389497828733 -1.387635485352334, 24.232806168224418 -1.3857447539305503, 24.228221894796064 -1.3838563120452276, 24.22363667619558 -1.3819701662007735, 24.219050511091897 -1.3800863229370182, 24.214463398157807 -1.3782047888017754, 24.20987533606611 -1.3763255703428563, 24.205286323490355 -1.3744486741096866, 24.200696359117888 -1.3725741066794204, 24.196105441647546 -1.3707018746525224, 24.19151356977854 -1.3688319846301875, 24.186920742210088 -1.3669644432136183, 24.182326957647543 -1.365099257016033, 24.17773221481415 -1.3632364326857178, 24.17313651243639 -1.3613759768773221, 24.168539849240755 -1.3595178962454941, 24.163942223955047 -1.3576621974473906, 24.159343635323008 -1.355808887170647, 24.154744082099015 -1.3539579721232329, 24.150143563037624 -1.3521094590134894, 24.145542076893463 -1.3502633545498393, 24.140939622429563 -1.3484196654561051, 24.13633619842728 -1.3465783984894846, 24.131731803670334 -1.3447395604115366, 24.127126436942458 -1.342903157983821, 24.122520097029707 -1.3410691979720424, 24.117912782736774 -1.339237687175091, 24.11330449287735 -1.3374086324078056, 24.108695226265144 -1.3355820404851213, 24.104084981714088 -1.3337579182223576, 24.09947375804972 -1.3319362724555521, 24.094861554114807 -1.3301171100516094, 24.09024836875353 -1.3283004378799494, 24.085634200810098 -1.3264862628099945, 24.08101904913294 -1.3246745917183205, 24.07640291259153 -1.3228654315168964, 24.07178579006183 -1.321058789128616, 24.06716768041982 -1.3192546714763744, 24.06254858254222 -1.317453085484318, 24.05792849532178 -1.315654038102959, 24.053307417666456 -1.3138575363078844, 24.048685348484845 -1.3120635870756787, 24.044062286685516 -1.310272197382941, 24.039438231184825 -1.3084833742186555, 24.034813180921102 -1.3066971246068106, 24.03018713483649 -1.304913455577533, 24.025560091873164 -1.3031323741609484, 24.02093205097547 -1.3013538873905621, 24.01630301110852 -1.2995780023319992, 24.011672971248885 -1.2978047260686516, 24.007041930373287 -1.296034065684103, 24.002409887458654 -1.2942660282622778, 23.997776841495213 -1.2925006209070364, 23.993142791493486 -1.2907378507526959, 23.988507736465724 -1.2889777249361392, 23.983871675424147 -1.287220250594249, 23.979234607386434 -1.2854654348717998, 23.97459653139453 -1.2837132849489101, 23.96995744649718 -1.2819638080155957, 23.96531735174317 -1.2802170112618745, 23.960676246182558 -1.2784729018796117, 23.9560341288855 -1.2767314870890047, 23.95139099893789 -1.2749927741324039, 23.946746855426007 -1.273256770252744, 23.942101697436232 -1.271523482693077, 23.937455524066714 -1.2697929187125168, 23.932808334439425 -1.2680650856027282, 23.928160127679217 -1.266339990659315, 23.92351090291095 -1.264617641177878, 23.918860659264038 -1.262898044460044, 23.91420939589377 -1.261181207841708, 23.909557111964606 -1.259467138670864, 23.90490380664097 -1.2577558442955195, 23.90024947908841 -1.2560473320650563, 23.89559412849296 -1.2543416093550692, 23.890937754059113 -1.2526386835647059, 23.886280354991996 -1.2509385620939526, 23.88162193049682 -1.249241252342869, 23.876962479790855 -1.247546761726148, 23.87230200211773 -1.2458550976904827, 23.8676404967246 -1.244166267686799, 23.862977962858594 -1.2424802791660206, 23.858314399771693 -1.2407971395850468, 23.85364980674364 -1.2391168564349362, 23.848984183063994 -1.2374394372188737, 23.84431752802234 -1.2357648894400564, 23.839649840909594 -1.2340932206032045, 23.834981121039462 -1.232424438239296, 23.830311367744905 -1.2307585499014635, 23.82564058035949 -1.2290955631435343, 23.82096875821692 -1.2274354855194805, 23.816295900665256 -1.2257783245993787, 23.811622007079983 -1.224124087984005, 23.80694707683965 -1.2224727832775844, 23.80227110932283 -1.2208244180843406, 23.79759410391482 -1.2191790000157765, 23.792916060031608 -1.2175365367164972, 23.788236977097892 -1.2158970358405086, 23.783556854538364 -1.2142605050418172, 23.778875691780073 -1.2126269519768593, 23.774193488277167 -1.210996384330314, 23.76951024350132 -1.2093688098050954, 23.764825956924508 -1.2077442361044233, 23.760140628019144 -1.2061226709319741, 23.75545425627723 -1.204504122011058, 23.750766841217256 -1.2028885970915715, 23.746078382359613 -1.2012761039253013, 23.741388879224683 -1.1996666502640463, 23.736698331344144 -1.1980602438704917, 23.732006738282124 -1.1964568925386865, 23.727314099608588 -1.1948566040682989, 23.722620414893477 -1.1932593862589922, 23.71792568371186 -1.1916652469151827, 23.713229905671508 -1.1900741938716792, 23.70853308039308 -1.1884862349752596, 23.703835207497274 -1.1869013780727307, 23.699136286606524 -1.1853196310124814, 23.694436317370965 -1.1837410016675818, 23.689735299462583 -1.1821654979306433, 23.685033232554 -1.1805931276948125, 23.68033011631815 -1.1790238988535364, 23.675625950447976 -1.1774578193173735, 23.670920734666634 -1.1758948970228056, 23.666214468699827 -1.1743351399084774, 23.661507152273263 -1.1727785559130441, 23.65679878512475 -1.1712251529850928, 23.652089367027727 -1.1696749391024808, 23.647378897762213 -1.1681279222484326, 23.64266737710818 -1.16658411040617, 23.637954804851777 -1.1650435115637503, 23.633241180815286 -1.1635061337376709, 23.628526504834152 -1.1619719849547905, 23.62381077674386 -1.1604410732419832, 23.619093996382478 -1.1589134066280804, 23.614376163620225 -1.1573889931659807, 23.609657278348898 -1.155867840924764, 23.604937340460694 -1.1543499579738141, 23.600216349848644 -1.1528353523830863, 23.5954943064313 -1.1513240322405411, 23.590771210157246 -1.1498160056552904, 23.586047060976775 -1.1483112807376517, 23.581321858840308 -1.1468098655980334, 23.57659560371623 -1.1453117683593983, 23.571868295609267 -1.1438169971701722, 23.567139934528594 -1.1423255601818663, 23.562410520483382 -1.1408374655459894, 23.55768005349405 -1.139352721421334, 23.55294853362125 -1.1378713359926238, 23.54821596093455 -1.1363933174503509, 23.54348233550351 -1.1349186739850055, 23.53874765740405 -1.1334474137909931, 23.53401192675189 -1.1319795450872399, 23.529275143678127 -1.1305150761021499, 23.524537308313874 -1.1290540150641488, 23.51979842079348 -1.1275963702035285, 23.515058481287568 -1.126142149771687, 23.5103174899897 -1.1246913620333705, 23.505575447093822 -1.123244015253533, 23.50083235279524 -1.121800117697885, 23.496088207320128 -1.1203596776490794, 23.49134301092516 -1.1189227034064957, 23.486596763868295 -1.1174892032702246, 23.48184946640794 -1.1160591855405846, 23.47710111882715 -1.114632658530605, 23.472351721446078 -1.113209630572443, 23.467601274587942 -1.1117901099998357, 23.46284977857602 -1.110374105146556, 23.458097233752106 -1.1089616243553024, 23.453343640500048 -1.107552675989093, 23.448588999209537 -1.106147268413763, 23.443833310270282 -1.1047454099951497, 23.439076574085007 -1.103347109104955, 23.43431879110142 -1.1019523741351192, 23.429559961776903 -1.1005612134819471, 23.42480008656888 -1.0991736355417412, 23.42003916594353 -1.0977896487144767, 23.415277200412525 -1.096409261419115, 23.410514190502166 -1.0950324820807267, 23.405750136738774 -1.0936593191243897, 23.400985039654408 -1.0922897809773906, 23.39621889982509 -1.0909238760839384, 23.391451717847165 -1.0895616128960615, 23.38668349431707 -1.0882029998658276, 23.381914229834866 -1.0868480454465785, 23.37714392504175 -1.0854967581061592, 23.37237258060509 -1.0841491463216346, 23.367600197192658 -1.0828052185702166, 23.362826775474424 -1.0814649833298136, 23.358052316157877 -1.080128449090348, 23.353276819982327 -1.0787956243519201, 23.348500287688083 -1.0774665176149518, 23.34372272001668 -1.0761411373802174, 23.33894411774331 -1.0748194921581662, 23.334164481680094 -1.0735015904698777, 23.32938381264108 -1.0721874408369745, 23.324602111440925 -1.070877051781244, 23.319819378924024 -1.069570431832059, 23.315035615976207 -1.0682675895293685, 23.310250823486392 -1.0669685334139118, 23.30546500234381 -1.065673272026494, 23.300678153463675 -1.0643818139137025, 23.295890277806436 -1.063094167632181, 23.291101376337064 -1.0618103417395806, 23.28631145002065 -1.060530344793576, 23.28152049984495 -1.0592541853561737, 23.276728526845922 -1.0579818719985998, 23.271935532065694 -1.0567134132932625, 23.267141516546474 -1.0554488178125796, 23.26234648135021 -1.0541880941319721, 23.25755042758948 -1.0529312508345572, 23.25275335638488 -1.0516782965046685, 23.247955268856966 -1.0504292397266382, 23.24315616614364 -1.0491840890870472, 23.23835604943499 -1.0479428531792583, 23.23355491993091 -1.0467055405979062, 23.228752778831307 -1.045472159937627, 23.223949627351452 -1.0442427197944721, 23.219145466760136 -1.043017228769415, 23.21434029833778 -1.0417956954645011, 23.20953412336478 -1.0405781284817726, 23.204726943135448 -1.039364536424091, 23.19991875899849 -1.0381549278975177, 23.195109572315882 -1.036949311508895, 23.190299384449613 -1.0357476958650653, 23.185488196774504 -1.0345500895732003, 23.180676010720397 -1.0333565012418815, 23.175862827731898 -1.0321669394800674, 23.17104864925361 -1.030981412896718, 23.166233476742253 -1.029799930100697, 23.16141731171012 -1.0286224997004239, 23.156600155685464 -1.027449130304194, 23.151782010196506 -1.026279830520301, 23.146962876783217 -1.0251146089565506, 23.142142757041686 -1.0239534742184153, 23.137321652584742 -1.0227964349106664, 23.132499565025256 -1.0216434996380794, 23.127676495987725 -1.0204946770045429, 23.12285244715334 -1.0193499756096478, 23.118027420220532 -1.0182094040516827, 23.11320141688771 -1.017072970928933, 23.108374438865187 -1.0159406848383756, 23.103546487920614 -1.0148125543706752, 23.09871756583888 -1.013688588114597, 23.09388767440489 -1.0125687946589055, 23.08905681541602 -1.0114531825905595, 23.084224990727648 -1.0103417604881046, 23.07939220221204 -1.0092345369276414, 23.074558451741463 -1.0081315204852717, 23.06972374120159 -1.0070327197346831, 23.064888072536792 -1.0059381432389882, 23.06005144770755 -1.0048477995584062, 23.055213868674336 -1.003761697253153, 23.05037533741236 -1.0026798448802663, 23.045535855956178 -1.0016022509839821, 23.040695426355274 -1.000528924105316, 23.03585405065913 -0.9994598727852843, 23.031011730933795 -0.9983951055607286, 23.026168469305063 -0.9973346309534443, 23.021324267912185 -0.9962784574818371, 23.016479128894414 -0.9952265936643091, 23.011633054409977 -0.9941790480137959, 23.00678604667684 -0.9931358290259898, 23.001938107924758 -0.9920969451931911, 22.997089240383485 -0.9910624050076888, 22.992239446304776 -0.9900322169546216, 22.987388727999598 -0.9890063894998243, 22.982537087788845 -0.9879849311059102, 22.97768452799353 -0.9869678502354515, 22.972831050960256 -0.985955155341699, 22.96797665909371 -0.9849468548568029, 22.96312135480655 -0.9839429572100092, 22.958265140511696 -0.9829434708304482, 22.95340801865209 -0.9819484041351944, 22.94854999172658 -0.9809577655188205, 22.94369106224015 -0.9799715633734392, 22.938831232698412 -0.9789898060908889, 22.933970505641938 -0.9780125020475743, 22.92910888366415 -0.9770396595965709, 22.92424636936287 -0.9760712870890162, 22.91938296533714 -0.9751073928754552, 22.914518674226475 -0.9741479852869499, 22.909653498719077 -0.9731930726311074, 22.90478744150605 -0.9722426632141402, 22.89992050528074 -0.9712967653410913, 22.895052692782734 -0.9703553872928463, 22.890184006795117 -0.969418537327562, 22.885314450102673 -0.968486223702512, 22.880444025494015 -0.9675584546728029, 22.875572735809747 -0.966635238464207, 22.870700583927825 -0.9657165832814089, 22.865827572727017 -0.9648024973286277, 22.860953705092378 -0.9638929888062735, 22.85607898396613 -0.9629880658800531, 22.851203412321006 -0.9620877366971269, 22.846326993130045 -0.9611920094044814, 22.84144972937614 -0.9603008921426951, 22.83657162410327 -0.9594143930125342, 22.8316926803789 -0.9585325200995017, 22.826812901270486 -0.9576552814890688, 22.82193228986044 -0.956782685256327, 22.817050849294166 -0.9559147394324904, 22.812168582733715 -0.9550514520371796, 22.80728549334117 -0.9541928310899982, 22.80240158430043 -0.9533388845943361, 22.79751685885729 -0.9524896205076185, 22.792631320268402 -0.951645046779179, 22.78774497179073 -0.950805171358137, 22.782857816711534 -0.9499700021696331, 22.777969858375638 -0.9491395470933062, 22.773081100134313 -0.9483138140037141, 22.768191545339885 -0.9474928107745115, 22.763301197384397 -0.9466765452459975, 22.75841005971034 -0.9458650252161213, 22.753518135763436 -0.9450582584800972, 22.748625428992288 -0.944256252830592, 22.743731942894467 -0.9434590160166288, 22.73883768100874 -0.942666555750568, 22.73394264687512 -0.9418788797436306, 22.729046844039793 -0.9410959957012293, 22.724150276105785 -0.9403179112751587, 22.719252946706842 -0.93954463408825, 22.71435485947699 -0.9387761717630508, 22.709456018061882 -0.938012531910533, 22.704556426168814 -0.9372537220801834, 22.699656087525447 -0.936499749801153, 22.694755005859495 -0.9357506226025705, 22.689853184918576 -0.9350063479925571, 22.68495062851177 -0.9342669334144064, 22.68004734046 -0.9335323862989456, 22.675143324584493 -0.9328027140766416, 22.670238584737266 -0.9320779241437092, 22.665333124826034 -0.9313580238343726, 22.660426948764396 -0.9306430204763282, 22.655520060467524 -0.9299329213953772, 22.65061246389312 -0.9292277338674424, 22.64570416304455 -0.9285274651147987, 22.64079516192745 -0.927832122357071, 22.635885464552164 -0.9271417128080698, 22.63097507498185 -0.9264562436162024, 22.62606399731297 -0.9257757218887055, 22.62115223564247 -0.9251001547321731, 22.61623979407784 -0.924429549239469, 22.611326676785815 -0.9237639124261832, 22.606412887953848 -0.9231032512808963, 22.60149843176942 -0.9224475727921368, 22.59658331244012 -0.9217968839208062, 22.591667534232332 -0.9211511915470504, 22.58675110142312 -0.9205105025363373, 22.581834018290074 -0.9198748237533558, 22.576916289143476 -0.9192441620154912, 22.57199791834456 -0.9186185240664384, 22.567078910258974 -0.9179979166435106, 22.562159269254963 -0.9173823464800233, 22.55723899974612 -0.9167718202402176, 22.552318106184345 -0.9161663445299828, 22.547396593022732 -0.915565925953374, 22.542474464721863 -0.9149705711024209, 22.53755172579688 -0.9143802864816626, 22.532628380787 -0.9137950785569582, 22.52770443423156 -0.9132149537939938, 22.522779890686383 -0.912639918630596, 22.517854754763693 -0.91206997940931, 22.512929031087726 -0.9115051424523265, 22.508002724283156 -0.9109454140811212, 22.50307583900408 -0.9103908005647432, 22.498148379953605 -0.9098413080850012, 22.493220351839486 -0.9092969428154557, 22.488291759371982 -0.9087577109249616, 22.483362607304 -0.9082236185023294, 22.47843290042415 -0.9076946715694166, 22.47350264352213 -0.9071708761460201, 22.468571841395512 -0.9066522382364202, 22.46364049889339 -0.9061387637428564, 22.45870862088576 -0.9056304585263516, 22.45377621224265 -0.9051273284477733, 22.448843277852053 -0.9046293793305508, 22.443909822653396 -0.9041366168907209, 22.438975851595277 -0.9036490468251859, 22.434041369627067 -0.9031666748291223, 22.42910638172968 -0.9026895065282452, 22.424170892925584 -0.9022175474566367, 22.419234908240117 -0.9017508031421131, 22.41429843270256 -0.9012892791032442, 22.409361471385708 -0.9008329807572275, 22.40442402938927 -0.9003819134586495, 22.399486111813317 -0.8999360825611705, 22.394547723769282 -0.8994954933904846, 22.38960887041702 -0.8990601511529184, 22.384669556929325 -0.898630061022958, 22.37972978847923 -0.8982052281744124, 22.374789570263417 -0.8977856577193744, 22.3698489075208 -0.8973713546596152, 22.364907805494685 -0.8969623239854658, 22.3599662694307 -0.896558570680825, 22.355024304610797 -0.8961600996289323, 22.350081916345736 -0.8957669156332363, 22.345139109947073 -0.8953790234949951, 22.340195890734456 -0.894996427991607, 22.335252264070856 -0.8946191337728796, 22.330308235333682 -0.8942471454461498, 22.325363809900455 -0.8938804676183476, 22.320418993167653 -0.8935191048370328, 22.315473790571126 -0.8931630615262061, 22.310528207551652 -0.8928123420944508, 22.305582249551748 -0.8924669509446326, 22.300635922044943 -0.8921268923756133, 22.295689230531913 -0.8917921705955597, 22.29074218051421 -0.8914627898095974, 22.28579477750015 -0.8911387541987279, 22.28084702703605 -0.8908200678077854, 22.275898934681543 -0.890506734633877, 22.270950505996396 -0.8901987586736496, 22.266001746556906 -0.8898961438601174, 22.26105266197378 -0.8895988939941695, 22.256103257861962 -0.8893070128602487, 22.251153539838043 -0.8890205042360481, 22.246203513545996 -0.8887393717858867, 22.241253184652503 -0.8884636190800271, 22.236302558824928 -0.888193249685886, 22.231351641737128 -0.8879282671418617, 22.226400439095627 -0.88766867484005, 22.221448956617234 -0.887414476126543, 22.216497200018917 -0.8871656743465862, 22.2115451750332 -0.8869222727698174, 22.206592887420364 -0.8866842745307846, 22.20164034294358 -0.8864516827500383, 22.19668754736792 -0.8862245005379225, 22.191734506482774 -0.8860027308756796, 22.186781226094173 -0.885786376656008, 22.18182771200848 -0.8855754407698757, 22.176873970038972 -0.8853699260678578, 22.17192000602556 -0.8851698352449081, 22.166965825814533 -0.8849751709585059, 22.162011435252587 -0.8847859358638431, 22.15705684020124 -0.884602132519796, 22.15210204654203 -0.8844237633557144, 22.14714706015789 -0.8842508307918322, 22.14219188693426 -0.8840833372302966, 22.13723653277712 -0.8839212849242742, 22.132281003602547 -0.8837646760536566, 22.127325305326714 -0.883613512797683, 22.12236944387331 -0.8834677972739601, 22.117413425185212 -0.883327531442445, 22.112457255208284 -0.8831927172382484, 22.10750093988914 -0.8830633565899078, 22.1025444851876 -0.8829394513009504, 22.097587897075304 -0.8828210030629174, 22.092631181524368 -0.8827080135633915, 22.08767434450996 -0.882600484455519, 22.08271739202225 -0.8824984172263258, 22.077760330055888 -0.8824018133128076, 22.072803164605652 -0.8823106741503158, 22.067845901673397 -0.8822250010795083, 22.062888547271793 -0.8821447952961964, 22.057931107414394 -0.882070057983953, 22.052973588115826 -0.8820007903087721, 22.048015995399947 -0.8819369932804483, 22.04305833529544 -0.8818786678269745, 22.038100613831073 -0.8818258148754688, 22.033142837038483 -0.8817784352875894, 22.028185010956697 -0.8817365297587274, 22.023227141625892 -0.8817000989582682, 22.018269235086475 -0.8816691435474968, 22.01331129738275 -0.8816436640504693, 22.00835333456229 -0.881623660876745, 22.00339535267276 -0.8816091344323768, 21.99843735776249 -0.8816000850825624, 21.99347935588253 -0.8815965130236363, 21.988521353084636 -0.8815984184083118, 21.98356335542055 -0.8816058013857583, 21.978605368941373 -0.8816186619776406, 21.973647399697455 -0.8816370000457072, 21.968689453739064 -0.8816608154415752, 21.96373153711658 -0.8816901080039556, 21.95877365588092 -0.881724877488069, 21.95381581608323 -0.881765123615913, 21.948858023774562 -0.8818108461067083, 21.943900284997223 -0.881862044422306, 21.938942605777648 -0.8819187175577872, 21.933984992140587 -0.8819808644589511, 21.929027450114216 -0.882048484169944, 21.924069985760607 -0.8821215767079476, 21.91911260516114 -0.8822001426455061, 21.914155314397284 -0.8822841825572046, 21.909198119481303 -0.8823736951481587, 21.904241026249395 -0.8824686743653009, 21.89928404051016 -0.8825691134096633, 21.894327168105864 -0.8826750064231307, 21.88937041538524 -0.8827863616978289, 21.884413789088228 -0.8829031984558569, 21.879457295964826 -0.8830255362008111, 21.874500942071908 -0.8831533753487353, 21.869544731063037 -0.883286650135412, 21.864588666071256 -0.8834252804631129, 21.85963275050977 -0.8835691939890794, 21.854676994218813 -0.8837184962770537, 21.849721413456464 -0.8838734705433298, 21.84476602475911 -0.8840344077083792, 21.839810837710647 -0.8842014069567756, 21.83485583024488 -0.8843736946304521, 21.829900971294162 -0.8845502488294141, 21.824946229604105 -0.8847300449216974, 21.81999156735475 -0.8849119625010592, 21.81503693856495 -0.8850947621117009, 21.810082296743648 -0.8852771968591098, 21.805127602085655 -0.8854581985911933, 21.800172853233356 -0.885637727020101, 21.795218062545306 -0.8858161085497108, 21.79026324228735 -0.8859936671020141, 21.785308398738653 -0.8861705664082082, 21.780353529225927 -0.8863467306488444, 21.77539863034271 -0.8865220643872257, 21.77044369906902 -0.8866964824923922, 21.765488735089367 -0.8868699719575822, 21.760533739243606 -0.8870425505858746, 21.755578712371307 -0.8872142361714556, 21.75062365492736 -0.8873850361177212, 21.74566856669826 -0.8875549397728107, 21.74071344740364 -0.8877239346791644, 21.73575829678716 -0.8878920089982443, 21.73080311478956 -0.8880591559680838, 21.725847901448123 -0.8882253713143203, 21.72089265680063 -0.8883906507741856, 21.715937380863355 -0.8885549894117227, 21.7109820736107 -0.888718380977955, 21.7060267350122 -0.8888808190722636, 21.70107136503974 -0.8890422973359049, 21.696115963686825 -0.889202809797064, 21.691160530958673 -0.889362350693099, 21.686205066860612 -0.8895209142632432, 21.681249571400407 -0.8896784947175832, 21.676294044590918 -0.8898350862045634, 21.671338486445702 -0.8899906828647909, 21.6663828969792 -0.8901452788452663, 21.661427276215402 -0.8902988683569155, 21.656471624183705 -0.8904514456474383, 21.65151594091363 -0.8906030049650603, 21.646560226438694 -0.8907535405751603, 21.64160448080137 -0.8909030467811252, 21.636648704045324 -0.8910515178914441, 21.63169289621507 -0.8911989482192247, 21.626737057363925 -0.8913453321254794, 21.621781187550425 -0.8914906639995807, 21.616825286833176 -0.8916349382313791, 21.611869355275022 -0.891778149234337, 21.60691339294821 -0.8919202914749105, 21.60195739992631 -0.892061359426776, 21.597001376283725 -0.8922013475688404, 21.592045322103807 -0.8923402504340311, 21.587089237475187 -0.8924780625871507, 21.58213312248655 -0.8926147785935538, 21.577176977230977 -0.8927503930465501, 21.572220801811092 -0.8928849006009913, 21.567264596330805 -0.8930182959199277, 21.562308360894946 -0.8931505736727056, 21.55735209561745 -0.8932817285909255, 21.552395800617447 -0.8934117554417074, 21.547439476014176 -0.8935406489927895, 21.542483121931387 -0.8936684040449062, 21.537526738502404 -0.8937950154679122, 21.532570325861716 -0.8939204781403527, 21.52761388414485 -0.8940447869485668, 21.522657413496567 -0.8941679368501093, 21.517700914066605 -0.8942899228406973, 21.512744386004808 -0.8944107399167365, 21.50778782946579 -0.8945303831137675, 21.50283124461351 -0.8946488475431764, 21.49787463161299 -0.8947661283250421, 21.492917990630378 -0.8948822205893068, 21.4879613218412 -0.8949971195466624, 21.483004625425565 -0.8951108204473096, 21.478047901563656 -0.8952233185422662, 21.473091150440784 -0.8953346091291235, 21.468134372251154 -0.895444687586885, 21.46317756718989 -0.8955535493027572, 21.45822073545341 -0.8956611896766458, 21.45326387724751 -0.8957676041990644, 21.448306992782076 -0.8958727883999046, 21.44335008226709 -0.8959767378101586, 21.43839314591795 -0.8960794480163593, 21.43343618395839 -0.8961809146906274, 21.428479196612873 -0.8962811335123885, 21.423522184107348 -0.8963801001774047, 21.41856514667703 -0.8964778104807137, 21.4136080845606 -0.8965742602546456, 21.40865099799687 -0.8966694453332159, 21.40369388723038 -0.8967633616169801, 21.39873675251326 -0.896856005095052, 21.39377959409818 -0.8969473717626834, 21.3888224122396 -0.8970374576368214, 21.383865207200905 -0.8971262588443871, 21.37890797924834 -0.8972137715470616, 21.373950728648367 -0.8972999919092189, 21.368993455673355 -0.8973849161726201, 21.364036160602357 -0.8974685406663448, 21.359078843714794 -0.8975508617241476, 21.354121505292113 -0.8976318757082704, 21.34916414562425 -0.8977115790991246, 21.344206765003335 -0.8977899684077576, 21.3392493637218 -0.897867040149585, 21.33429194207809 -0.8979427909301403, 21.329334500376337 -0.8980172174396762, 21.324377038920886 -0.8980903163717404, 21.31941955801842 -0.8981620844570911, 21.314462057983363 -0.8982325185505149, 21.309504539131748 -0.8983016155326061, 21.304547001779994 -0.8983693722908865, 21.299589446250547 -0.8984357858165796, 21.294631872870415 -0.8985008531807671, 21.28967428196676 -0.8985645714566769, 21.2847166738693 -0.8986269377652468, 21.279759048914563 -0.8986879493536194, 21.27480140744016 -0.8987476034895644, 21.26984374978427 -0.8988058974516335, 21.26488607629077 -0.8988628286371668, 21.259928387307145 -0.8989183945171509, 21.25497068318094 -0.8989725925640415, 21.250012964262393 -0.8990254203089753, 21.245055230907376 -0.89907687540546, 21.24009748347248 -0.8991269555223125, 21.23513972231492 -0.899175658344569, 21.230181947797302 -0.8992229816902808, 21.225224160284846 -0.8992689234426715, 21.22026636014284 -0.8993134814866494, 21.215308547739216 -0.8993566537936479, 21.21035072344627 -0.8993984384768122, 21.205392887636688 -0.8994388336624104, 21.200435040683875 -0.8994778374718118, 21.195477182965544 -0.8995154479962717, 21.190519314861085 -0.8995516633156135, 21.185561436749957 -0.8995864815258822, 21.180603549015505 -0.8996199013366626, 21.175645652046008 -0.8996519222443239, 21.170687746230104 -0.8996825437968008, 21.165729831955236 -0.8997117648703905, 21.16077190960349 -0.8997395812390023, 21.1558139795554 -0.8997659877813831, 21.150856042192473 -0.899790979725803, 21.14589809791879 -0.8998145603458083, 21.140940147160954 -0.899836740962589, 21.135982190346564 -0.899857533246511, 21.131024227883167 -0.8998769394779919, 21.12606626010889 -0.8998949294123326, 21.121108287346846 -0.8999114657673768, 21.116150309927882 -0.899926515702742, 21.111192328300206 -0.8999401135317668, 21.10623434300291 -0.8999523456188808, 21.101276354577344 -0.8999632995605331, 21.096318363487114 -0.899972998485923, 21.09136036999209 -0.8999812965134242, 21.08640237431915 -0.8999880204014524, 21.08144437671555 -0.899993025454756, 21.076486377632843 -0.8999964529397285, 21.071528377640302 -0.8999986089300802, 21.066570377308 -0.8999998013914194, 21.061612377040884 -0.90000031296022, 21.05665437685479 -0.9000003665964493, 21.05169637670956 -0.900000176671196, 21.04673837656506 -0.8999999574322558, 21.041780376393493 -0.8999998590028198, 21.03682237619959 -0.8999998626288801, 21.031864375993358 -0.8999999220837498, 21.02690637578482 -0.8999999911407409, 21.02194837558262 -0.9000000298442927, 21.01699037538718 -0.9000000365843229, 21.012032375195755 -0.9000000242396089, 21.007074375005626 -0.9000000057159045, 21.002116374814214 -0.899999993224127, 20.997158374620845 -0.8999999898722222, 20.992200374426236 -0.8999999923685231, 20.987242374231112 -0.8999999972883301, 20.982284374036194 -0.90000000125163, 20.977326373841812 -0.9000000026660367, 20.972368373647814 -0.9000000022909579, 20.967410373454 -0.9000000010459883, 20.962452373260177 -0.8999999998499405, 20.9574943730662 -0.8999999993221353, 20.952536372872117 -0.899999999331808, 20.947578372677967 -0.8999999996326639, 20.942620372483812 -0.8999999999784072, 20.937662372289694 -0.9000000001635868, 20.93270437209561 -0.900000000189138, 20.927746371901552 -0.9000000001210376, 20.922788371707494 -0.9000000000252857, 20.917830371513432 -0.8999999999633853, 20.912872371319356 -0.8999999999480146, 20.90791437112527 -0.8999999999619217, 20.90295637093118 -0.8999999999874225, 20.8979983707371 -0.9000000000071713, 20.89304037054301 -0.9000000000138395, 20.888082370348933 -0.9000000000115416, 20.883124370154864 -0.900000000005016, 20.87816636996078 -0.8999999999989913, 20.8732083697667 -0.8999999999964502, 20.868250369572618 -0.8999999999966121, 20.863292369378534 -0.8999999999982073, 20.858334369184455 -0.8999999999999662, 20.853376368990382 -0.9000000000008683, 20.848418368796295 -0.9000000000009654, 20.843460368602216 -0.9000000000005981, 20.838502368408136 -0.9000000000001064, 20.833544368214053 -0.8999999999998016, 20.828586368019977 -0.8999999999997329, 20.823628367825897 -0.89999999999981, 20.81867036763181 -0.8999999999999422, 20.813712367437738 -0.9000000000000407, 20.80875436724366 -0.900000000000072, 20.80379636704958 -0.9000000000000583, 20.798838366855502 -0.9000000000000241, 20.79388036666142 -0.8999999999999937, 20.78892236646734 -0.8999999999999814, 20.783964366273253 -0.8999999999999827, 20.779006366079177 -0.8999999999999913, 20.774048365885097 -0.9000000000000001, 20.769090365691017 -0.9000000000000046, 20.76413236549694 -0.9000000000000051, 20.75917436530286 -0.9000000000000031, 20.754216365108785 -0.9000000000000008, 20.749258364914702 -0.899999999999999, 20.744300364720623 -0.8999999999999987, 20.739342364526532 -0.8999999999999988, 20.734384364332456 -0.8999999999999999, 20.72942636413838 -0.9000000000000001, 20.724468363944297 -0.9000000000000002, 20.71951036375022 -0.9000000000000004, 20.714552363556145 -0.9000000000000004, 20.70959436336206 -0.8999999999999999, 20.704636363167985 -0.9, 20.699678362973906 -0.9000000000000001, 20.694720362779826 -0.9000000000000002, 20.68976236258574 -0.9, 20.68480436239166 -0.9000000000000001, 20.679846362197576 -0.8999999999999999, 20.674888362003497 -0.8999999999999999, 20.669930361809417 -0.8999999999999999, 20.664972361615337 -0.8999999999999999, 20.660014361421254 -0.8999999999999997, 20.655056361227174 -0.8999999999999999, 20.650098361033095 -0.8999999999999999, 20.645140360839015 -0.9, 20.64018236064494 -0.9, 20.635224360450852 -0.8999999999999998, 20.63026636025678 -0.9, 20.625308360062697 -0.9, 20.620350359868624 -0.9, 20.615392359674544 -0.9, 20.61043435948046 -0.9, 20.605476359286385 -0.9000000000000001, 20.6005183590923 -0.9, 20.59556035889822 -0.9, 20.590602358704135 -0.9, 20.585644358510056 -0.9, 20.58068635831597 -0.9, 20.575728358121893 -0.9000000000000001, 20.570770357927824 -0.9000000000000001, 20.56581235773374 -0.9000000000000001, 20.56085435753966 -0.8999999999999999, 20.55589635734558 -0.8999999999999999, 20.5509383571515 -0.8999999999999998, 20.545980356957415 -0.8999999999999997, 20.54102235676334 -0.8999999999999998, 20.536064356569252 -0.8999999999999996, 20.531106356375176 -0.9, 20.5261483561811 -0.9000000000000001, 20.52119035598702 -0.9000000000000001, 20.516232355792937 -0.9000000000000002, 20.511274355598857 -0.9000000000000001, 20.506316355404778 -0.9000000000000001, 20.501358355210694 -0.9000000000000002, 20.496400355016622 -0.9000000000000001, 20.49144235482254 -0.8999999999999998, 20.486484354628463 -0.8999999999999998, 20.48152635443438 -0.9, 20.4765683542403 -0.8999999999999999, 20.471610354046227 -0.9000000000000001, 20.466652353852147 -0.9, 20.461694353658068 -0.9000000000000001, 20.456736353463985 -0.9000000000000002, 20.451778353269898 -0.9, 20.446820353075815 -0.8999999999999998, 20.441862352881735 -0.8999999999999999, 20.436904352687655 -0.9, 20.43194635249357 -0.8999999999999997, 20.42698835229949 -0.8999999999999997, 20.422030352105416 -0.9, 20.417072351911337 -0.8999999999999999, 20.412114351717257 -0.9, 20.40715635152318 -0.9000000000000001, 20.402198351329098 -0.8999999999999999, 20.397240351135018 -0.9, 20.39228235094094 -0.9000000000000001, 20.38732435074686 -0.9000000000000001, 20.382366350552775 -0.8999999999999999, 20.377408350358696 -0.9000000000000001, 20.372450350164616 -0.9, 20.367492349970533 -0.9000000000000001, 20.362534349776453 -0.8999999999999999, 20.357576349582374 -0.8999999999999997, 20.35261834938829 -0.8999999999999999, 20.34766034919421 -0.8999999999999999, 20.342702349000138 -0.9, 20.33774434880606 -0.9, 20.33278634861198 -0.9, 20.327828348417896 -0.9, 20.32287034822382 -0.9, 20.317912348029736 -0.9, 20.312954347835657 -0.8999999999999999, 20.307996347641573 -0.8999999999999997, 20.3030383474475 -0.9, 20.298080347253414 -0.9, 20.293122347059338 -0.9, 20.28816434686526 -0.9000000000000001, 20.283206346671182 -0.9000000000000001, 20.278248346477103 -0.9000000000000001, 20.273290346283023 -0.9, 20.268332346088943 -0.8999999999999999, 20.26337434589486 -0.9, 20.258416345700777 -0.8999999999999998, 20.253458345506697 -0.8999999999999997, 20.248500345312618 -0.8999999999999999, 20.243542345118534 -0.8999999999999999, 20.23858434492445 -0.8999999999999998, 20.23362634473037 -0.8999999999999999, 20.22866834453629 -0.8999999999999998, 20.22371034434222 -0.9000000000000002, 20.218752344148132 -0.8999999999999999, 20.213794343954056 -0.9, 20.208836343759977 -0.9, 20.203878343565897 -0.8999999999999998, 20.19892034337182 -0.9, 20.193962343177738 -0.9, 20.189004342983658 -0.9, 20.18404634278958 -0.9000000000000001, 20.179088342595495 -0.8999999999999999, 20.174130342401423 -0.9, 20.16917234220734 -0.9, 20.16421434201326 -0.8999999999999999, 20.159256341819177 -0.9, 20.154298341625097 -0.9, 20.149340341431017 -0.8999999999999999, 20.14438234123693 -0.8999999999999999, 20.139424341042854 -0.8999999999999998, 20.134466340848775 -0.9, 20.129508340654702 -0.9000000000000001, 20.124550340460615 -0.9, 20.119592340266543 -0.9000000000000001, 20.114634340072456 -0.9, 20.109676339878376 -0.9000000000000001, 20.104718339684297 -0.8999999999999999, 20.099760339490217 -0.8999999999999999, 20.094802339296134 -0.9, 20.089844339102054 -0.9, 20.084886338907975 -0.9000000000000001, 20.0799283387139 -0.9000000000000004, 20.07497033851981 -0.9000000000000001, 20.070012338325736 -0.9, 20.06505433813166 -0.9000000000000004, 20.06009633793758 -0.9000000000000002, 20.0551383377435 -0.9000000000000005, 20.050180337549417 -0.9000000000000002, 20.04522233735534 -0.9000000000000004, 20.040264337161265 -0.9000000000000004, 20.03530633696718 -0.9000000000000002, 20.030348336773095 -0.9, 20.02539033657902 -0.9000000000000001, 20.020432336384935 -0.8999999999999999, 20.015474336190856 -0.8999999999999998, 20.010516335996776 -0.8999999999999999, 20.0055583358027 -0.9000000000000001, 20.000600335608617 -0.9000000000000001, 19.99564233541454 -0.9, 19.990684335220454 -0.8999999999999998, 19.985726335026378 -0.8999999999999999, 19.980768334832295 -0.9, 19.975810334638215 -0.8999999999999999, 19.970852334444135 -0.9000000000000001, 19.96589433425006 -0.9, 19.960936334055983 -0.9000000000000002, 19.955978333861903 -0.9000000000000001, 19.951020333667824 -0.9000000000000002, 19.94606233347374 -0.9000000000000001, 19.941104333279654 -0.8999999999999999, 19.936146333085574 -0.8999999999999999, 19.93118833289149 -0.8999999999999998, 19.926230332697415 -0.8999999999999998, 19.921272332503342 -0.8999999999999999, 19.916314332309256 -0.8999999999999999, 19.911356332115176 -0.8999999999999998, 19.906398331921096 -0.9000000000000001, 19.901440331727017 -0.9000000000000001, 19.896482331532933 -0.9, 19.891524331338857 -0.9000000000000001, 19.88656633114477 -0.9000000000000001, 19.881608330950698 -0.9000000000000001, 19.876650330756615 -0.9, 19.871692330562542 -0.9000000000000001, 19.866734330368455 -0.8999999999999999, 19.86177633017438 -0.9000000000000002, 19.856818329980303 -0.9, 19.85186032978622 -0.9000000000000001, 19.84690232959214 -0.9000000000000004, 19.841944329398057 -0.9, 19.836986329203974 -0.9, 19.832028329009887 -0.8999999999999997, 19.827070328815807 -0.8999999999999998, 19.822112328621735 -0.9, 19.817154328427655 -0.8999999999999999, 19.812196328233576 -0.9, 19.8072383280395 -0.8999999999999999, 19.802280327845416 -0.8999999999999999, 19.797322327651337 -0.9000000000000001, 19.79236432745726 -0.9000000000000001, 19.787406327263174 -0.8999999999999999, 19.782448327069105 -0.9000000000000002, 19.777490326875018 -0.9, 19.772532326680942 -0.9, 19.767574326486862 -0.9, 19.762616326292783 -0.8999999999999999, 19.757658326098703 -0.9, 19.75270032590462 -0.9000000000000001, 19.747742325710536 -0.9000000000000001, 19.74278432551646 -0.9000000000000004, 19.737826325322377 -0.9000000000000002, 19.732868325128294 -0.8999999999999999, 19.72791032493421 -0.8999999999999999, 19.722952324740135 -0.9, 19.717994324546055 -0.8999999999999998, 19.713036324351975 -0.8999999999999999, 19.70807832415789 -0.8999999999999998, 19.703120323963812 -0.8999999999999999, 19.698162323769733 -0.9000000000000001, 19.693204323575657 -0.9000000000000001, 19.688246323381573 -0.9000000000000001, 19.683288323187497 -0.9000000000000001, 19.678330322993418 -0.9000000000000001, 19.673372322799338 -0.9000000000000002, 19.66841432260526 -0.9000000000000001, 19.66345632241118 -0.9, 19.6584983222171 -0.9000000000000001, 19.653540322023016 -0.8999999999999999, 19.64858232182894 -0.9000000000000004, 19.643624321634853 -0.9, 19.638666321440777 -0.9000000000000002, 19.633708321246697 -0.9, 19.628750321052614 -0.8999999999999999, 19.623792320858538 -0.8999999999999999, 19.618834320664455 -0.9, 19.61387632047037 -0.8999999999999999, 19.608918320276295 -0.8999999999999998, 19.603960320082216 -0.8999999999999999, 19.59900231988814 -0.9, 19.594044319694056 -0.9, 19.589086319499977 -0.9, 19.584128319305897 -0.9, 19.57917031911182 -0.9000000000000001, 19.57421231891774 -0.9000000000000001, 19.569254318723658 -0.9, 19.56429631852958 -0.9000000000000001, 19.5593383183355 -0.9, 19.55438031814142 -0.9, 19.549422317947336 -0.9000000000000001, 19.54446431775325 -0.8999999999999999, 19.53950631755917 -0.9, 19.53454831736509 -0.8999999999999999, 19.52959031717101 -0.9, 19.524632316976938 -0.9000000000000001, 19.51967431678285 -0.8999999999999998, 19.514716316588775 -0.8999999999999998, 19.509758316394695 -0.9, 19.504800316200622 -0.9000000000000001, 19.499842316006543 -0.9000000000000002, 19.49488431581246 -0.9000000000000002, 19.489926315618376 -0.9, 19.484968315424293 -0.9000000000000001, 19.480010315230214 -0.9000000000000001, 19.47505231503613 -0.9, 19.470094314842058 -0.9000000000000001, 19.46513631464797 -0.9000000000000001, 19.460178314453895 -0.9, 19.455220314259815 -0.9, 19.450262314065736 -0.8999999999999999, 19.445304313871656 -0.8999999999999999, 19.440346313677576 -0.8999999999999999, 19.4353883134835 -0.9000000000000001, 19.430430313289417 -0.9, 19.425472313095337 -0.9, 19.420514312901258 -0.8999999999999999, 19.41555631270717 -0.8999999999999997, 19.410598312513088 -0.8999999999999997, 19.405640312319015 -0.8999999999999999, 19.40068231212494 -0.9, 19.395724311930856 -0.9, 19.39076631173678 -0.9000000000000002, 19.385808311542696 -0.8999999999999999, 19.38085031134862 -0.9000000000000004, 19.375892311154534 -0.9, 19.37093431096045 -0.9000000000000001, 19.36597631076637 -0.9000000000000001, 19.361018310572288 -0.9, 19.35606031037821 -0.8999999999999999, 19.35110231018413 -0.8999999999999999, 19.346144309990056 -0.8999999999999999, 19.341186309795976 -0.8999999999999999, 19.3362283096019 -0.9, 19.33127030940782 -0.9000000000000001, 19.326312309213733 -0.9, 19.321354309019654 -0.9, 19.316396308825578 -0.9000000000000001, 19.311438308631494 -0.9000000000000001, 19.30648030843741 -0.8999999999999999, 19.301522308243335 -0.9, 19.296564308049255 -0.9, 19.291606307855176 -0.9, 19.286648307661096 -0.9, 19.281690307467017 -0.9000000000000001, 19.276732307272937 -0.9000000000000001, 19.271774307078857 -0.9000000000000002, 19.266816306884774 -0.9000000000000001, 19.261858306690698 -0.9000000000000001, 19.256900306496615 -0.9000000000000004, 19.25194230630253 -0.9000000000000002, 19.246984306108455 -0.9000000000000001, 19.242026305914372 -0.9, 19.237068305720292 -0.8999999999999998, 19.232110305526216 -0.9, 19.227152305332133 -0.8999999999999998, 19.22219430513806 -0.9, 19.217236304943977 -0.8999999999999999, 19.2122783047499 -0.9000000000000002, 19.20732030455582 -0.9000000000000002, 19.202362304361735 -0.9000000000000001, 19.19740430416766 -0.9000000000000004, 19.19244630397358 -0.9000000000000005, 19.1874883037795 -0.9000000000000004, 19.18253030358542 -0.9000000000000005, 19.177572303391337 -0.9, 19.17261430319725 -0.9, 19.167656303003174 -0.9, 19.162698302809094 -0.8999999999999999, 19.157740302615014 -0.8999999999999998, 19.152782302420935 -0.8999999999999998, 19.14782430222686 -0.8999999999999998, 19.142866302032782 -0.9000000000000001, 19.137908301838696 -0.9, 19.13295030164462 -0.9000000000000001, 19.127992301450536 -0.9000000000000001, 19.12303430125646 -0.9000000000000002, 19.11807630106237 -0.8999999999999998, 19.113118300868294 -0.9000000000000001, 19.10816030067421 -0.8999999999999999, 19.103202300480135 -0.9000000000000001, 19.09824430028606 -0.9000000000000004, 19.093286300091975 -0.9000000000000001, 19.0883282998979 -0.9000000000000002, 19.08337029970382 -0.9000000000000005, 19.07841229950974 -0.9000000000000005, 19.073454299315657 -0.9, 19.068496299121577 -0.9000000000000001, 19.063538298927494 -0.8999999999999998, 19.058580298733414 -0.8999999999999999, 19.05362229853933 -0.8999999999999997, 19.04866429834525 -0.8999999999999997, 19.04370629815117 -0.8999999999999998, 19.038748297957095 -0.8999999999999999, 19.033790297763016 -0.9000000000000001, 19.028832297568936 -0.9000000000000002, 19.023874297374856 -0.9000000000000002, 19.018916297180773 -0.9, 19.01395829698669 -0.9, 19.009000296792617 -0.9000000000000001, 19.004042296598534 -0.9, 18.999084296404455 -0.9, 18.994126296210375 -0.9000000000000001, 18.9891682960163 -0.9000000000000001, 18.98421029582222 -0.9000000000000001, 18.97925229562814 -0.8999999999999999, 18.974294295434056 -0.8999999999999998, 18.969336295239973 -0.8999999999999998, 18.96437829504589 -0.8999999999999995, 18.959420294851817 -0.8999999999999998, 18.954462294657734 -0.8999999999999999, 18.949504294463658 -0.9, 18.944546294269582 -0.9000000000000001, 18.9395882940755 -0.9000000000000001, 18.934630293881415 -0.9000000000000001, 18.929672293687336 -0.9000000000000002, 18.924714293493253 -0.8999999999999999, 18.919756293299173 -0.9, 18.91479829310509 -0.8999999999999998, 18.90984029291101 -0.8999999999999997, 18.90488229271693 -0.8999999999999998, 18.89992429252285 -0.8999999999999998, 18.89496629232877 -0.9, 18.890008292134695 -0.8999999999999999, 18.885050291940615 -0.9, 18.88009229174654 -0.9000000000000004, 18.875134291552456 -0.9, 18.870176291358373 -0.8999999999999999, 18.865218291164293 -0.9, 18.86026029097021 -0.8999999999999999, 18.855302290776134 -0.9, 18.85034429058205 -0.8999999999999999, 18.845386290387975 -0.8999999999999999, 18.84042829019389 -0.9000000000000001, 18.835470289999808 -0.8999999999999999, 18.830512289805732 -0.8999999999999999, 18.82555428961166 -0.9000000000000001, 18.820596289417573 -0.9000000000000001, 18.815638289223497 -0.9000000000000001, 18.810680289029413 -0.9, 18.80572228883533 -0.8999999999999998, 18.800764288641247 -0.8999999999999997, 18.79580628844717 -0.8999999999999999, 18.79084828825309 -0.8999999999999998, 18.785890288059015 -0.8999999999999999, 18.780932287864932 -0.8999999999999999, 18.775974287670852 -0.8999999999999998, 18.771016287476773 -0.9, 18.766058287282693 -0.9, 18.761100287088617 -0.9, 18.756142286894537 -0.9, 18.75118428670045 -0.9, 18.746226286506374 -0.9, 18.741268286312298 -0.9, 18.73631028611822 -0.9, 18.73135228592413 -0.8999999999999999, 18.726394285730056 -0.8999999999999998, 18.72143628553597 -0.8999999999999998, 18.71647828534189 -0.8999999999999998, 18.711520285147813 -0.8999999999999999, 18.70656228495373 -0.9, 18.70160428475965 -0.9, 18.69664628456557 -0.8999999999999999, 18.69168828437149 -0.8999999999999999, 18.68673028417742 -0.9, 18.68177228398334 -0.9, 18.676814283789255 -0.9, 18.671856283595176 -0.8999999999999997, 18.666898283401093 -0.8999999999999998, 18.661940283207016 -0.9, 18.65698228301294 -0.9, 18.65202428281886 -0.9000000000000001, 18.647066282624778 -0.9000000000000001, 18.642108282430694 -0.9, 18.637150282236615 -0.9, 18.632192282042535 -0.9, 18.62723428184845 -0.8999999999999999, 18.622276281654365 -0.8999999999999999, 18.61731828146029 -0.8999999999999999, 18.61236028126621 -0.9, 18.607402281072133 -0.9, 18.602444280878053 -0.9000000000000001, 18.597486280683974 -0.9, 18.592528280489894 -0.9, 18.587570280295814 -0.8999999999999998, 18.582612280101735 -0.8999999999999999, 18.57765427990766 -0.8999999999999998, 18.572696279713576 -0.8999999999999998, 18.567738279519492 -0.8999999999999998, 18.56278027932541 -0.8999999999999999, 18.55782227913133 -0.8999999999999997, 18.552864278937246 -0.9, 18.547906278743167 -0.9, 18.54294827854909 -0.9000000000000001, 18.537990278355014 -0.9000000000000001, 18.533032278160935 -0.8999999999999999, 18.528074277966855 -0.9000000000000001, 18.523116277772772 -0.8999999999999999, 18.518158277578696 -0.8999999999999999, 18.513200277384612 -0.8999999999999999, 18.508242277190533 -0.8999999999999999, 18.50328427699645 -0.8999999999999999, 18.498326276802374 -0.9, 18.493368276608294 -0.9, 18.48841027641421 -0.9000000000000001, 18.483452276220138 -0.9000000000000001, 18.47849427602606 -0.9, 18.47353627583197 -0.9, 18.468578275637892 -0.8999999999999999, 18.463620275443816 -0.9, 18.458662275249733 -0.8999999999999997, 18.453704275055653 -0.9, 18.44874627486157 -0.8999999999999999, 18.443788274667494 -0.9, 18.438830274473414 -0.9, 18.433872274279334 -0.9000000000000002, 18.428914274085262 -0.9000000000000005, 18.423956273891175 -0.9000000000000002, 18.418998273697095 -0.9000000000000002, 18.414040273503012 -0.9000000000000002, 18.40908227330894 -0.9000000000000004, 18.404124273114856 -0.9000000000000002, 18.399166272920777 -0.9000000000000002, 18.394208272726697 -0.9000000000000002, 18.389250272532617 -0.9000000000000002, 18.38429227233853 -0.9, 18.379334272144455 -0.9000000000000001, 18.37437627195037 -0.8999999999999999, 18.369418271756295 -0.8999999999999998, 18.364460271562212 -0.8999999999999998, 18.35950227136814 -0.8999999999999998, 18.35454427117406 -0.8999999999999998, 18.349586270979977 -0.8999999999999999, 18.344628270785893 -0.9000000000000001, 18.33967027059181 -0.8999999999999999, 18.334712270397734 -0.9000000000000002, 18.32975427020365 -0.9000000000000002, 18.324796270009575 -0.9, 18.319838269815495 -0.9000000000000004, 18.31488026962142 -0.9000000000000004, 18.309922269427336 -0.9000000000000002, 18.30496426923326 -0.9000000000000002, 18.300006269039184 -0.9000000000000004, 18.2950482688451 -0.9000000000000004, 18.290090268651017 -0.9000000000000002, 18.28513226845693 -0.8999999999999999, 18.28017426826285 -0.8999999999999998, 18.275216268068768 -0.8999999999999998, 18.27025826787469 -0.8999999999999999, 18.265300267680615 -0.8999999999999999, 18.260342267486536 -0.8999999999999998, 18.255384267292456 -0.8999999999999999, 18.250426267098376 -0.9, 18.245468266904293 -0.9, 18.240510266710213 -0.9000000000000001, 18.23555226651614 -0.9000000000000004, 18.230594266322054 -0.9000000000000002, 18.225636266127974 -0.9000000000000001, 18.220678265933895 -0.9000000000000001, 18.215720265739815 -0.9000000000000001, 18.210762265545732 -0.8999999999999999, 18.20580426535166 -0.9000000000000002, 18.200846265157573 -0.9, 18.195888264963497 -0.9000000000000004, 18.190930264769417 -0.9000000000000002, 18.185972264575334 -0.9, 18.181014264381254 -0.9, 18.17605626418717 -0.8999999999999999, 18.171098263993095 -0.8999999999999998, 18.16614026379901 -0.8999999999999997, 18.161182263604932 -0.8999999999999998, 18.156224263410852 -0.8999999999999999, 18.151266263216773 -0.8999999999999998, 18.14630826302269 -0.8999999999999998, 18.141350262828613 -0.8999999999999999, 18.136392262634534 -0.9000000000000001, 18.131434262440457 -0.9000000000000002, 18.126476262246374 -0.9000000000000001, 18.121518262052298 -0.9000000000000002, 18.116560261858215 -0.9, 18.111602261664135 -0.8999999999999999, 18.106644261470056 -0.9, 18.101686261275976 -0.9, 18.096728261081896 -0.9000000000000001, 18.091770260887817 -0.9000000000000001, 18.086812260693737 -0.9000000000000002, 18.081854260499654 -0.9, 18.076896260305574 -0.8999999999999999, 18.071938260111494 -0.8999999999999999, 18.066980259917415 -0.8999999999999999, 18.062022259723335 -0.8999999999999998, 18.057064259529255 -0.8999999999999999, 18.05210625933518 -0.9, 18.047148259141096 -0.8999999999999999, 18.042190258947016 -0.9, 18.037232258752933 -0.8999999999999999, 18.032274258558857 -0.9000000000000001, 18.027316258364774 -0.9, 18.022358258170698 -0.9000000000000001, 18.01740025797661 -0.8999999999999999, 18.01244225778253 -0.8999999999999999, 18.007484257588455 -0.9000000000000002, 18.002526257394372 -0.9, 17.997568257200296 -0.9000000000000001, 17.992610257006216 -0.9000000000000002, 17.98765225681214 -0.9000000000000005, 17.98269425661806 -0.9000000000000005, 17.977736256423977 -0.9000000000000005, 17.972778256229894 -0.9000000000000002, 17.96782025603581 -0.8999999999999999, 17.962862255841728 -0.8999999999999997, 17.95790425564765 -0.8999999999999998, 17.952946255453572 -0.8999999999999998, 17.947988255259492 -0.8999999999999999, 17.94303025506542 -0.9, 17.938072254871336 -0.9000000000000001, 17.933114254677257 -0.9000000000000001, 17.928156254483177 -0.9000000000000001, 17.923198254289094 -0.9000000000000001, 17.918240254095014 -0.9000000000000001, 17.91328225390093 -0.9, 17.908324253706848 -0.8999999999999997, 17.903366253512765 -0.8999999999999997, 17.898408253318685 -0.8999999999999998, 17.893450253124605 -0.8999999999999998, 17.888492252930526 -0.8999999999999999, 17.88353425273645 -0.8999999999999998, 17.878576252542373 -0.9000000000000001, 17.873618252348294 -0.9000000000000001, 17.868660252154218 -0.9, 17.863702251960135 -0.9, 17.858744251766055 -0.8999999999999999, 17.85378625157197 -0.8999999999999997, 17.848828251377896 -0.8999999999999997, 17.843870251183816 -0.8999999999999998, 17.838912250989736 -0.9, 17.83395425079566 -0.9000000000000002, 17.828996250601577 -0.9000000000000004, 17.824038250407494 -0.9000000000000004, 17.819080250213414 -0.9000000000000004, 17.814122250019334 -0.9000000000000002, 17.809164249825248 -0.8999999999999998, 17.80420624963117 -0.9, 17.799248249437095 -0.9, 17.794290249243012 -0.8999999999999999, 17.789332249048933 -0.8999999999999999, 17.784374248854856 -0.8999999999999998, 17.779416248660773 -0.9, 17.774458248466694 -0.8999999999999999, 17.769500248272614 -0.8999999999999999, 17.764542248078538 -0.9000000000000001, 17.759584247884455 -0.9000000000000001, 17.75462624769038 -0.9000000000000001, 17.749668247496295 -0.9000000000000001, 17.744710247302212 -0.9000000000000001, 17.739752247108132 -0.9000000000000001, 17.73479424691405 -0.9000000000000001, 17.729836246719973 -0.9, 17.724878246525893 -0.9000000000000001, 17.71992024633181 -0.9000000000000002, 17.714962246137734 -0.9000000000000002, 17.71000424594365 -0.9000000000000001, 17.70504624574957 -0.9000000000000001, 17.70008824555549 -0.9000000000000004, 17.695130245361412 -0.9, 17.690172245167336 -0.9000000000000002, 17.685214244973256 -0.9000000000000002, 17.680256244779173 -0.9, 17.675298244585093 -0.9, 17.670340244391014 -0.9000000000000002, 17.665382244196934 -0.9000000000000001, 17.66042424400285 -0.9000000000000001, 17.655466243808775 -0.9000000000000001, 17.650508243614695 -0.9000000000000001, 17.645550243420615 -0.9, 17.64059224322654 -0.9000000000000002, 17.635634243032456 -0.9, 17.630676242838373 -0.8999999999999999, 17.625718242644297 -0.9, 17.620760242450213 -0.9, 17.615802242256137 -0.9000000000000001, 17.610844242062054 -0.9, 17.605886241867978 -0.9000000000000004, 17.6009282416739 -0.9000000000000004, 17.595970241479815 -0.9, 17.591012241285735 -0.9000000000000001, 17.58605424109166 -0.9000000000000002, 17.581096240897576 -0.9000000000000001, 17.57613824070349 -0.8999999999999999, 17.571180240509413 -0.9000000000000001, 17.566222240315334 -0.9000000000000001, 17.561264240121258 -0.9000000000000001, 17.556306239927174 -0.9, 17.551348239733095 -0.9, 17.546390239539008 -0.9000000000000001, 17.541432239344932 -0.9000000000000001, 17.536474239150852 -0.9000000000000002, 17.53151623895677 -0.9000000000000001, 17.526558238762696 -0.9000000000000002, 17.521600238568617 -0.9000000000000001, 17.516642238374537 -0.9000000000000002, 17.511684238180454 -0.9, 17.50672623798637 -0.8999999999999999, 17.501768237792295 -0.9000000000000001, 17.49681023759822 -0.9000000000000002, 17.49185223740414 -0.9000000000000004, 17.48689423721006 -0.9000000000000002, 17.481936237015976 -0.9000000000000001, 17.476978236821893 -0.9, 17.47202023662782 -0.9000000000000001, 17.467062236433737 -0.9000000000000002, 17.462104236239657 -0.8999999999999999, 17.457146236045578 -0.9000000000000002, 17.452188235851498 -0.9000000000000001, 17.44723023565741 -0.9, 17.442272235463328 -0.9000000000000001, 17.437314235269252 -0.9, 17.43235623507517 -0.9000000000000002, 17.42739823488109 -0.9000000000000001, 17.42244023468701 -0.9, 17.417482234492926 -0.8999999999999999, 17.412524234298846 -0.9000000000000001, 17.40756623410477 -0.8999999999999999, 17.40260823391069 -0.9, 17.397650233716607 -0.8999999999999998, 17.39269223352253 -0.9, 17.387734233328455 -0.9, 17.382776233134372 -0.8999999999999997, 17.377818232940292 -0.8999999999999998, 17.37286023274621 -0.8999999999999998, 17.367902232552133 -0.8999999999999999, 17.36294423235805 -0.8999999999999999, 17.357986232163977 -0.9000000000000001, 17.353028231969898 -0.9000000000000001, 17.34807023177581 -0.9, 17.343112231581728 -0.9, 17.338154231387648 -0.9000000000000001, 17.333196231193572 -0.9, 17.328238230999492 -0.8999999999999999, 17.323280230805416 -0.9000000000000002, 17.318322230611333 -0.9000000000000002, 17.313364230417253 -0.9000000000000001, 17.308406230223177 -0.9000000000000004, 17.303448230029097 -0.9000000000000004, 17.29849022983501 -0.9, 17.29353222964093 -0.9, 17.288574229446848 -0.8999999999999999, 17.283616229252768 -0.8999999999999999, 17.27865822905869 -0.8999999999999998, 17.273700228864612 -0.9, 17.268742228670526 -0.8999999999999999, 17.26378422847645 -0.9, 17.25882622828237 -0.8999999999999997, 17.25386822808829 -0.8999999999999998, 17.24891022789421 -0.9, 17.243952227700134 -0.9000000000000001, 17.238994227506055 -0.9000000000000001, 17.23403622731197 -0.9000000000000002, 17.229078227117895 -0.9000000000000001, 17.22412022692381 -0.8999999999999999, 17.219162226729733 -0.9000000000000001, 17.214204226535653 -0.9000000000000001, 17.209246226341577 -0.9000000000000002, 17.2042882261475 -0.9000000000000004, 17.199330225953418 -0.9000000000000004, 17.194372225759334 -0.9000000000000001, 17.18941422556525 -0.9000000000000002, 17.184456225371164 -0.9, 17.17949822517708 -0.8999999999999998, 17.174540224983 -0.8999999999999999, 17.16958222478893 -0.8999999999999999, 17.16462422459485 -0.8999999999999998, 17.159666224400773 -0.8999999999999999, 17.154708224206697 -0.9, 17.149750224012614 -0.9, 17.14479222381854 -0.9000000000000001, 17.139834223624458 -0.9000000000000001, 17.134876223430375 -0.9000000000000001, 17.1299182232363 -0.9000000000000001, 17.124960223042216 -0.8999999999999999, 17.120002222848136 -0.9000000000000001, 17.115044222654053 -0.8999999999999999, 17.110086222459973 -0.9, 17.105128222265886 -0.9, 17.100170222071814 -0.9000000000000001, 17.09521222187773 -0.8999999999999999, 17.09025422168365 -0.8999999999999999, 17.085296221489575 -0.8999999999999998, 17.08033822129549 -0.8999999999999999, 17.075380221101412 -0.8999999999999998, 17.070422220907332 -0.8999999999999999, 17.06546422071325 -0.8999999999999998, 17.06050622051917 -0.8999999999999998, 17.05554822032509 -0.9, 17.050590220131006 -0.8999999999999998, 17.04563221993693 -0.9, 17.04067421974285 -0.9, 17.035716219548775 -0.9, 17.030758219354695 -0.9000000000000001, 17.025800219160608 -0.8999999999999999, 17.02084221896653 -0.8999999999999999, 17.015884218772445 -0.8999999999999998, 17.010926218578362 -0.8999999999999998, 17.00596821838429 -0.8999999999999999, 17.001010218190213 -0.9000000000000001, 16.996052217996134 -0.9, 16.99109421780206 -0.9000000000000005, 16.986136217607978 -0.9000000000000002, 16.981178217413895 -0.9000000000000004, 16.97622021721981 -0.9000000000000001, 16.971262217025732 -0.9000000000000001, 16.966304216831652 -0.9000000000000002, 16.961346216637573 -0.9, 16.956388216443493 -0.9000000000000001, 16.951430216249413 -0.9, 16.946472216055334 -0.8999999999999999, 16.941514215861254 -0.8999999999999999, 16.93655621566717 -0.8999999999999999, 16.931598215473095 -0.8999999999999999, 16.92664021527901 -0.8999999999999999, 16.921682215084928 -0.8999999999999999, 16.91672421489085 -0.8999999999999997, 16.91176621469677 -0.8999999999999998, 16.906808214502686 -0.8999999999999997, 16.90185021430861 -0.8999999999999997, 16.896892214114533 -0.8999999999999998, 16.891934213920457 -0.8999999999999998, 16.886976213726374 -0.8999999999999999, 16.882018213532298 -0.9000000000000001, 16.87706021333822 -0.9000000000000001, 16.872102213144135 -0.9000000000000002, 16.867144212950056 -0.9000000000000001, 16.862186212755972 -0.9, 16.857228212561896 -0.9000000000000001, 16.852270212367813 -0.8999999999999999, 16.847312212173737 -0.9, 16.84235421197966 -0.9000000000000002, 16.83739621178557 -0.9000000000000001, 16.832438211591498 -0.9000000000000002, 16.827480211397408 -0.9000000000000001, 16.822522211203328 -0.9000000000000001, 16.81756421100925 -0.9000000000000002, 16.81260621081517 -0.9000000000000001, 16.80764821062109 -0.9000000000000001, 16.80269021042701 -0.9000000000000001, 16.79773221023293 -0.9000000000000001, 16.792774210038846 -0.9000000000000001, 16.78781620984477 -0.9000000000000002, 16.78285820965069 -0.9000000000000001, 16.77790020945661 -0.9000000000000001, 16.77294220926253 -0.9, 16.767984209068448 -0.9, 16.763026208874372 -0.9, 16.758068208680292 -0.9, 16.753110208486213 -0.9000000000000001, 16.74815220829213 -0.8999999999999999, 16.74319420809805 -0.9, 16.738236207903974 -0.9000000000000002, 16.73327820770989 -0.9, 16.72832020751581 -0.9, 16.72336220732173 -0.9, 16.718404207127648 -0.9, 16.713446206933572 -0.9000000000000002, 16.708488206739492 -0.9000000000000001, 16.703530206545413 -0.9, 16.69857220635133 -0.8999999999999998, 16.69361420615725 -0.8999999999999999, 16.688656205963166 -0.8999999999999997, 16.68369820576909 -0.8999999999999999, 16.678740205575004 -0.8999999999999998, 16.67378220538093 -0.9, 16.668824205186855 -0.9, 16.66386620499277 -0.9000000000000001, 16.65890820479869 -0.9, 16.653950204604612 -0.9000000000000001, 16.64899220441053 -0.8999999999999999, 16.644034204216453 -0.9000000000000002, 16.639076204022373 -0.8999999999999999, 16.634118203828287 -0.8999999999999998, 16.629160203634207 -0.8999999999999999, 16.624202203440127 -0.9, 16.619244203246044 -0.8999999999999999, 16.614286203051964 -0.9, 16.60932820285789 -0.9000000000000001, 16.604370202663805 -0.9, 16.599412202469725 -0.9000000000000002, 16.594454202275646 -0.9, 16.58949620208157 -0.9, 16.584538201887487 -0.8999999999999999, 16.579580201693414 -0.8999999999999999, 16.57462220149933 -0.8999999999999999, 16.56966420130525 -0.8999999999999999, 16.56470620111117 -0.8999999999999998, 16.55974820091709 -0.8999999999999999, 16.554790200723016 -0.8999999999999998, 16.549832200528932 -0.8999999999999998, 16.544874200334853 -0.8999999999999999, 16.539916200140773 -0.9, 16.53495819994669 -0.9, 16.53000019975261 -0.9000000000000001, 16.52504219955853 -0.9000000000000001, 16.520084199364447 -0.9000000000000001, 16.515126199170368 -0.9000000000000002, 16.510168198976288 -0.9000000000000001, 16.50521019878221 -0.9, 16.500252198588132 -0.9000000000000002, 16.49529419839405 -0.9000000000000004, 16.490336198199977 -0.9000000000000004, 16.485378198005893 -0.9000000000000004, 16.480420197811814 -0.9000000000000001, 16.47546219761773 -0.9, 16.47050419742365 -0.9, 16.46554619722957 -0.8999999999999998, 16.460588197035488 -0.8999999999999998, 16.45563019684141 -0.8999999999999998, 16.45067219664732 -0.8999999999999998, 16.445714196453245 -0.8999999999999999, 16.44075619625917 -0.9000000000000001, 16.43579819606509 -0.8999999999999999, 16.43084019587101 -0.9000000000000001, 16.425882195676934 -0.9000000000000001, 16.420924195482854 -0.9000000000000001, 16.415966195288775 -0.9, 16.41100819509469 -0.8999999999999999, 16.40605019490061 -0.9, 16.40109219470653 -0.8999999999999998, 16.39613419451245 -0.8999999999999999, 16.391176194318366 -0.8999999999999998, 16.38621819412429 -0.9000000000000001, 16.381260193930206 -0.8999999999999999, 16.37630219373613 -0.9, 16.371344193542047 -0.8999999999999999, 16.366386193347964 -0.8999999999999999, 16.361428193153888 -0.8999999999999998, 16.356470192959804 -0.8999999999999999, 16.35151219276573 -0.9, 16.346554192571645 -0.8999999999999998, 16.341596192377565 -0.8999999999999999, 16.336638192183486 -0.8999999999999999, 16.33168019198941 -0.9000000000000001, 16.326722191795337 -0.9000000000000002, 16.321764191601254 -0.9000000000000002, 16.316806191407174 -0.9000000000000001, 16.311848191213098 -0.9000000000000002, 16.306890191019015 -0.9, 16.301932190824928 -0.9, 16.296974190630852 -0.9000000000000001, 16.29201619043677 -0.8999999999999999, 16.287058190242686 -0.9, 16.282100190048613 -0.9000000000000001, 16.277142189854523 -0.8999999999999999, 16.272184189660443 -0.8999999999999998, 16.26722618946637 -0.9000000000000001, 16.262268189272284 -0.8999999999999998, 16.257310189078208 -0.9, 16.252352188884128 -0.8999999999999999, 16.24739418869005 -0.8999999999999999, 16.242436188495965 -0.8999999999999999, 16.237478188301885 -0.8999999999999998, 16.23252018810781 -0.8999999999999999, 16.22756218791373 -0.9, 16.22260418771965 -0.9000000000000001, 16.217646187525574 -0.9000000000000002, 16.21268818733149 -0.9000000000000001, 16.20773018713741 -0.8999999999999999, 16.202772186943328 -0.8999999999999998, 16.197814186749248 -0.8999999999999997, 16.19285618655517 -0.8999999999999997, 16.18789818636109 -0.8999999999999997, 16.18294018616701 -0.9, 16.177982185972933 -0.9000000000000002, 16.173024185778853 -0.9000000000000002, 16.168066185584774 -0.9000000000000004, 16.163108185390694 -0.9000000000000004, 16.158150185196615 -0.9000000000000004, 16.15319218500253 -0.9000000000000001, 16.14823418480845 -0.9, 16.14327618461437 -0.9, 16.138318184420292 -0.8999999999999999, 16.133360184226213 -0.9, 16.12840218403213 -0.8999999999999999, 16.12344418383805 -0.8999999999999999, 16.11848618364397 -0.8999999999999999, 16.113528183449887 -0.9, 16.10857018325581 -0.9, 16.103612183061728 -0.8999999999999998, 16.098654182867644 -0.8999999999999999, 16.093696182673565 -0.8999999999999997, 16.088738182479485 -0.8999999999999997, 16.083780182285405 -0.8999999999999998, 16.07882218209133 -0.8999999999999999, 16.073864181897253 -0.9000000000000001, 16.068906181703174 -0.9000000000000001, 16.063948181509094 -0.9000000000000002, 16.058990181315014 -0.9000000000000002, 16.054032181120927 -0.9, 16.049074180926848 -0.9, 16.044116180732765 -0.8999999999999998, 16.039158180538685 -0.8999999999999999, 16.03420018034461 -0.8999999999999997, 16.029242180150526 -0.8999999999999997, 16.024284179956446 -0.8999999999999998, 16.019326179762363 -0.8999999999999996, 16.014368179568287 -0.8999999999999998, 16.009410179374203 -0.8999999999999998, 16.004452179180124 -0.8999999999999998, 15.99949417898605 -0.9, 15.994536178791966 -0.8999999999999999, 15.989578178597892 -0.9, 15.984620178403812 -0.9, 15.979662178209733 -0.9000000000000002, 15.974704178015655 -0.9000000000000002, 15.96974617782157 -0.9000000000000001, 15.964788177627492 -0.9000000000000001, 15.95983017743341 -0.9000000000000001, 15.954872177239329 -0.9000000000000002, 15.949914177045251 -0.9000000000000001, 15.944956176851171 -0.9000000000000002, 15.939998176657092 -0.9000000000000002, 15.935040176463007 -0.9, 15.93008217626893 -0.9, 15.925124176074847 -0.8999999999999997, 15.92016617588077 -0.8999999999999999, 15.915208175686686 -0.8999999999999999, 15.910250175492607 -0.8999999999999998, 15.905292175298527 -0.8999999999999999, 15.900334175104447 -0.8999999999999998, 15.895376174910368 -0.9, 15.890418174716288 -0.8999999999999999, 15.885460174522207 -0.8999999999999997, 15.880502174328129 -0.8999999999999999, 15.875544174134049 -0.8999999999999999, 15.87058617393997 -0.9, 15.865628173745892 -0.9000000000000002, 15.860670173551808 -0.9, 15.85571217335773 -0.9000000000000002, 15.850754173163647 -0.9, 15.84579617296957 -0.9000000000000001, 15.840838172775493 -0.9000000000000001, 15.835880172581414 -0.9000000000000002, 15.830922172387332 -0.9000000000000004, 15.82596417219325 -0.9000000000000004, 15.82100617199917 -0.9000000000000001, 15.81604817180509 -0.9000000000000001, 15.811090171611006 -0.9, 15.80613217141693 -0.9000000000000001, 15.80117417122285 -0.9000000000000001, 15.79621617102877 -0.9000000000000001, 15.79125817083469 -0.9, 15.786300170640608 -0.9, 15.78134217044653 -0.9, 15.776384170252445 -0.8999999999999999, 15.771426170058367 -0.9, 15.766468169864286 -0.8999999999999999, 15.761510169670208 -0.8999999999999999, 15.756552169476125 -0.8999999999999999, 15.751594169282047 -0.8999999999999999, 15.746636169087967 -0.8999999999999999, 15.741678168893888 -0.9, 15.736720168699808 -0.9, 15.731762168505734 -0.9000000000000004, 15.726804168311656 -0.9000000000000002, 15.72184616811757 -0.9000000000000001, 15.716888167923488 -0.9, 15.711930167729408 -0.9000000000000001, 15.706972167535328 -0.9, 15.702014167341249 -0.8999999999999998, 15.697056167147169 -0.8999999999999998, 15.692098166953091 -0.9000000000000001, 15.687140166759008 -0.8999999999999999, 15.682182166564926 -0.8999999999999998, 15.677224166370845 -0.8999999999999999, 15.672266166176767 -0.9000000000000001, 15.66730816598269 -0.9000000000000001, 15.662350165788608 -0.9000000000000001, 15.657392165594532 -0.9000000000000002, 15.65243416540045 -0.9000000000000001, 15.647476165206369 -0.9000000000000001, 15.64251816501229 -0.9000000000000002, 15.63756016481821 -0.9000000000000002, 15.632602164624126 -0.9000000000000001, 15.627644164430048 -0.9000000000000002, 15.622686164235967 -0.9000000000000001, 15.61772816404189 -0.9000000000000004, 15.61277016384781 -0.9000000000000002, 15.60781216365373 -0.9000000000000002, 15.602854163459646 -0.9, 15.597896163265569 -0.9000000000000004, 15.592938163071485 -0.9000000000000001, 15.5879801628774 -0.8999999999999996, 15.583022162683326 -0.9, 15.578064162489243 -0.8999999999999999, 15.573106162295161 -0.8999999999999998, 15.568148162101087 -0.9, 15.563190161907004 -0.8999999999999997, 15.558232161712926 -0.8999999999999999, 15.553274161518846 -0.8999999999999999, 15.54831616132477 -0.9000000000000001, 15.543358161130689 -0.9000000000000001, 15.538400160936607 -0.8999999999999999, 15.533442160742524 -0.8999999999999999, 15.528484160548446 -0.9, 15.523526160354365 -0.9, 15.518568160160289 -0.9000000000000001, 15.513610159966207 -0.9000000000000002, 15.508652159772133 -0.9000000000000002, 15.503694159578052 -0.9000000000000001, 15.498736159383975 -0.9000000000000002, 15.49377815918989 -0.8999999999999998, 15.488820158995813 -0.8999999999999999, 15.483862158801731 -0.8999999999999998, 15.478904158607648 -0.8999999999999997, 15.47394615841357 -0.8999999999999999, 15.468988158219489 -0.8999999999999999, 15.464030158025409 -0.9, 15.459072157831327 -0.9, 15.45411415763725 -0.9000000000000001, 15.44915615744317 -0.9000000000000001, 15.44419815724909 -0.9000000000000001, 15.439240157055014 -0.9000000000000004, 15.434282156860931 -0.9000000000000001, 15.429324156666853 -0.9000000000000002, 15.424366156472773 -0.9000000000000002, 15.419408156278688 -0.9000000000000002, 15.414450156084609 -0.9, 15.409492155890527 -0.9000000000000001, 15.404534155696446 -0.9, 15.399576155502366 -0.8999999999999998, 15.394618155308285 -0.8999999999999998, 15.389660155114205 -0.8999999999999999, 15.384702154920125 -0.8999999999999999, 15.379744154726048 -0.9, 15.374786154531968 -0.9000000000000001, 15.369828154337888 -0.9, 15.364870154143809 -0.9000000000000001, 15.359912153949727 -0.9000000000000001, 15.354954153755653 -0.9000000000000002, 15.349996153561573 -0.9000000000000002, 15.34503815336749 -0.8999999999999999, 15.340080153173407 -0.8999999999999999, 15.33512215297933 -0.9, 15.330164152785253 -0.9000000000000001, 15.325206152591171 -0.9, 15.32024815239709 -0.9000000000000002, 15.31529015220301 -0.9000000000000002, 15.310332152008932 -0.9000000000000005, 15.305374151814851 -0.9000000000000002, 15.30041615162077 -0.9, 15.295458151426688 -0.8999999999999999, 15.29050015123261 -0.8999999999999999, 15.285542151038527 -0.8999999999999998, 15.280584150844449 -0.8999999999999998, 15.27562615065037 -0.8999999999999999, 15.270668150456292 -0.9000000000000001, 15.265710150262214 -0.9000000000000004, 15.260752150068132 -0.9000000000000001, 15.25579414987405 -0.9000000000000004, 15.25083614967997 -0.9000000000000002, 15.24587814948589 -0.9000000000000001, 15.240920149291812 -0.9000000000000001, 15.235962149097734 -0.9000000000000001, 15.231004148903653 -0.9000000000000001, 15.226046148709571 -0.9000000000000001, 15.221088148515488 -0.9, 15.216130148321406 -0.9000000000000001, 15.211172148127325 -0.9, 15.206214147933249 -0.9000000000000001, 15.201256147739171 -0.9000000000000002, 15.196298147545093 -0.9000000000000002, 15.19134014735101 -0.9000000000000001, 15.18638214715693 -0.9000000000000001, 15.181424146962854 -0.9000000000000002, 15.17646614676877 -0.9, 15.171508146574686 -0.8999999999999999, 15.166550146380605 -0.8999999999999998, 15.161592146186521 -0.8999999999999997, 15.156634145992443 -0.8999999999999998, 15.15167614579836 -0.8999999999999997, 15.146718145604282 -0.8999999999999998, 15.141760145410204 -0.8999999999999998, 15.136802145216125 -0.8999999999999999, 15.131844145022049 -0.9, 15.126886144827969 -0.8999999999999999, 15.121928144633893 -0.9000000000000001, 15.116970144439811 -0.9000000000000001, 15.112012144245732 -0.9000000000000001, 15.107054144051652 -0.9, 15.10209614385757 -0.9000000000000001, 15.097138143663486 -0.9, 15.09218014346941 -0.9000000000000002, 15.087222143275325 -0.9000000000000001, 15.082264143081245 -0.9, 15.077306142887165 -0.9000000000000002, 15.072348142693084 -0.9, 15.067390142499006 -0.9000000000000001, 15.062432142304925 -0.9, 15.057474142110848 -0.9000000000000001, 15.052516141916767 -0.8999999999999999, 15.047558141722687 -0.8999999999999999, 15.042600141528606 -0.9, 15.037642141334528 -0.9, 15.03268414114045 -0.9, 15.027726140946367 -0.8999999999999999, 15.022768140752293 -0.9, 15.017810140558211 -0.9, 15.01285214036413 -0.9000000000000001, 15.007894140170054 -0.9000000000000002, 15.002936139975972 -0.9000000000000001, 14.997978139781889 -0.9, 14.993020139587811 -0.9000000000000002, 14.988062139393726 -0.9, 14.983104139199646 -0.9, 14.978146139005569 -0.9000000000000001, 14.97318813881149 -0.9000000000000002, 14.968230138617407 -0.9, 14.963272138423328 -0.9000000000000002, 14.958314138229252 -0.9000000000000004, 14.95335613803517 -0.9000000000000002, 14.948398137841089 -0.9000000000000001, 14.94344013764701 -0.9000000000000001, 14.938482137452924 -0.8999999999999998, 14.933524137258848 -0.8999999999999999, 14.928566137064767 -0.8999999999999998, 14.923608136870685 -0.8999999999999998, 14.918650136676607 -0.8999999999999999, 14.913692136482528 -0.9000000000000001, 14.90873413628845 -0.9000000000000002, 14.903776136094367 -0.9000000000000002, 14.898818135900289 -0.9000000000000001, 14.893860135706207 -0.9000000000000002, 14.888902135512128 -0.9000000000000002, 14.883944135318048 -0.9000000000000001, 14.878986135123968 -0.9, 14.874028134929889 -0.9000000000000001, 14.869070134735807 -0.9, 14.864112134541731 -0.9000000000000002, 14.859154134347646 -0.9000000000000001, 14.854196134153566 -0.9000000000000001, 14.84923813395949 -0.9000000000000001, 14.844280133765409 -0.9000000000000004, 14.839322133571327 -0.9000000000000001, 14.834364133377246 -0.9000000000000001, 14.829406133183168 -0.9000000000000002, 14.824448132989083 -0.9, 14.819490132795007 -0.9000000000000001, 14.814532132600927 -0.9, 14.809574132406846 -0.8999999999999998, 14.804616132212763 -0.8999999999999999, 14.799658132018683 -0.8999999999999999, 14.794700131824603 -0.8999999999999999, 14.789742131630524 -0.9, 14.784784131436444 -0.8999999999999999, 14.779826131242366 -0.8999999999999999, 14.774868131048287 -0.9, 14.769910130854209 -0.9000000000000001, 14.764952130660127 -0.8999999999999998, 14.759994130466051 -0.9000000000000001, 14.755036130271971 -0.9000000000000001, 14.750078130077888 -0.9000000000000001, 14.74512012988381 -0.9000000000000001, 14.740162129689727 -0.9, 14.735204129495648 -0.9, 14.73024612930157 -0.9000000000000004, 14.725288129107486 -0.9000000000000001, 14.720330128913407 -0.9000000000000001, 14.715372128719325 -0.9, 14.71041412852525 -0.9, 14.705456128331168 -0.8999999999999998, 14.700498128137088 -0.8999999999999999, 14.695540127943005 -0.8999999999999999, 14.69058212774893 -0.9, 14.685624127554851 -0.9000000000000002, 14.680666127360768 -0.9, 14.675708127166692 -0.9, 14.670750126972607 -0.8999999999999998, 14.665792126778523 -0.8999999999999999, 14.660834126584442 -0.8999999999999997, 14.655876126390362 -0.8999999999999999, 14.650918126196283 -0.8999999999999999, 14.6459601260022 -0.8999999999999997, 14.641002125808122 -0.8999999999999998, 14.636044125614047 -0.9000000000000001, 14.63108612541997 -0.9, 14.626128125225888 -0.9, 14.621170125031814 -0.9000000000000001, 14.616212124837729 -0.9, 14.611254124643647 -0.9000000000000001, 14.606296124449566 -0.8999999999999998, 14.601338124255486 -0.8999999999999999, 14.596380124061405 -0.8999999999999999, 14.591422123867323 -0.8999999999999998, 14.586464123673249 -0.9000000000000001, 14.581506123479167 -0.8999999999999999, 14.57654812328509 -0.8999999999999999, 14.571590123091008 -0.8999999999999999, 14.56663212289693 -0.9, 14.561674122702852 -0.9000000000000001, 14.556716122508773 -0.9000000000000001, 14.55175812231469 -0.9000000000000001, 14.546800122120608 -0.9000000000000001, 14.541842121926528 -0.9000000000000002, 14.53688412173245 -0.9000000000000004, 14.531926121538369 -0.9000000000000004, 14.526968121344288 -0.9000000000000001, 14.522010121150206 -0.9000000000000001, 14.517052120956127 -0.9, 14.512094120762049 -0.9000000000000001, 14.507136120567965 -0.9, 14.502178120373886 -0.9000000000000004, 14.49722012017981 -0.9000000000000004, 14.492262119985728 -0.9000000000000004, 14.487304119791647 -0.9000000000000004, 14.482346119597567 -0.9000000000000002, 14.47738811940349 -0.9000000000000001, 14.472430119209402 -0.8999999999999998, 14.467472119015323 -0.8999999999999996, 14.462514118821241 -0.8999999999999998, 14.45755611862716 -0.8999999999999998, 14.452598118433082 -0.8999999999999999, 14.447640118239008 -0.9000000000000001, 14.442682118044926 -0.9000000000000001, 14.437724117850845 -0.9000000000000001, 14.432766117656769 -0.9000000000000002, 14.427808117462687 -0.9000000000000001, 14.422850117268608 -0.9, 14.417892117074528 -0.9000000000000002, 14.41293411688045 -0.9000000000000002, 14.407976116686363 -0.9, 14.403018116492285 -0.8999999999999999, 14.398060116298204 -0.8999999999999998, 14.393102116104126 -0.9, 14.388144115910046 -0.9000000000000001, 14.383186115715967 -0.9000000000000001, 14.378228115521889 -0.9000000000000004, 14.373270115327811 -0.9000000000000005, 14.368312115133724 -0.9, 14.363354114939648 -0.9000000000000001, 14.358396114745565 -0.8999999999999999, 14.353438114551482 -0.8999999999999998, 14.348480114357404 -0.8999999999999997, 14.343522114163326 -0.8999999999999997, 14.338564113969246 -0.8999999999999999, 14.333606113775165 -0.8999999999999999, 14.328648113581083 -0.8999999999999998, 14.323690113387004 -0.8999999999999999, 14.318732113192926 -0.9, 14.313774112998846 -0.8999999999999999, 14.308816112804765 -0.8999999999999999, 14.303858112610683 -0.8999999999999999, 14.298900112416606 -0.8999999999999998, 14.293942112222528 -0.8999999999999999, 14.288984112028448 -0.9000000000000001, 14.28402611183437 -0.9000000000000002, 14.279068111640289 -0.9, 14.274110111446213 -0.9000000000000001, 14.269152111252133 -0.9000000000000001, 14.264194111058051 -0.9, 14.259236110863966 -0.8999999999999999, 14.25427811066989 -0.9000000000000002, 14.249320110475807 -0.8999999999999999, 14.244362110281727 -0.9000000000000001, 14.239404110087648 -0.9000000000000001, 14.234446109893568 -0.9000000000000002, 14.229488109699489 -0.9000000000000002, 14.224530109505405 -0.9000000000000001, 14.219572109311327 -0.9000000000000002, 14.214614109117248 -0.9000000000000002, 14.209656108923166 -0.9000000000000002, 14.204698108729088 -0.9000000000000004, 14.199740108535009 -0.9000000000000002, 14.194782108340927 -0.9000000000000002, 14.189824108146848 -0.9000000000000002, 14.184866107952763 -0.9000000000000001, 14.179908107758685 -0.9, 14.174950107564605 -0.9, 14.169992107370522 -0.8999999999999998, 14.165034107176444 -0.8999999999999999, 14.160076106982364 -0.8999999999999999, 14.155118106788285 -0.8999999999999999, 14.150160106594205 -0.8999999999999999, 14.145202106400125 -0.9, 14.140244106206048 -0.9000000000000001, 14.135286106011963 -0.8999999999999997, 14.130328105817883 -0.9, 14.125370105623805 -0.8999999999999997, 14.120412105429725 -0.9000000000000001, 14.115454105235646 -0.8999999999999999, 14.110496105041566 -0.9000000000000001, 14.105538104847485 -0.8999999999999999, 14.100580104653401 -0.8999999999999998, 14.095622104459325 -0.8999999999999999, 14.090664104265246 -0.8999999999999999, 14.085706104071164 -0.9, 14.080748103877085 -0.9, 14.075790103683008 -0.9000000000000001, 14.070832103488927 -0.9000000000000001, 14.065874103294844 -0.9, 14.060916103100766 -0.9000000000000002, 14.055958102906683 -0.8999999999999998, 14.051000102712601 -0.8999999999999999, 14.046042102518522 -0.9, 14.04108410232444 -0.8999999999999998, 14.036126102130362 -0.9000000000000001, 14.031168101936284 -0.9000000000000001, 14.026210101742205 -0.9, 14.021252101548127 -0.9000000000000001, 14.016294101354049 -0.9000000000000002, 14.011336101159968 -0.9000000000000001, 14.006378100965886 -0.9, 14.001420100771805 -0.8999999999999999, 13.996462100577723 -0.9, 13.991504100383644 -0.8999999999999999, 13.98654610018956 -0.8999999999999998, 13.981588099995482 -0.9, 13.976630099801406 -0.9, 13.971672099607327 -0.8999999999999999, 13.966714099413249 -0.9, 13.961756099219166 -0.8999999999999998, 13.956798099025088 -0.8999999999999999, 13.951840098831006 -0.8999999999999999, 13.946882098636927 -0.9, 13.941924098442845 -0.9, 13.936966098248767 -0.9000000000000001, 13.932008098054682 -0.9000000000000002, 13.927050097860608 -0.9000000000000004, 13.922092097666528 -0.9000000000000002, 13.91713409747245 -0.9000000000000004, 13.912176097278367 -0.9000000000000001, 13.90721809708429 -0.9000000000000001, 13.902260096890208 -0.9, 13.897302096696125 -0.8999999999999998, 13.892344096502047 -0.8999999999999998, 13.887386096307962 -0.8999999999999998, 13.882428096113882 -0.8999999999999997, 13.877470095919806 -0.9, 13.872512095725725 -0.9, 13.867554095531647 -0.9000000000000001, 13.862596095337567 -0.9000000000000001, 13.857638095143487 -0.9000000000000004, 13.852680094949404 -0.8999999999999999, 13.847722094755325 -0.8999999999999998, 13.842764094561245 -0.8999999999999998, 13.837806094367165 -0.8999999999999998, 13.832848094173087 -0.9, 13.827890093979004 -0.8999999999999999, 13.822932093784928 -0.9000000000000004, 13.817974093590848 -0.9000000000000004, 13.813016093396765 -0.9, 13.808058093202686 -0.9, 13.803100093008604 -0.9, 13.79814209281452 -0.8999999999999999, 13.79318409262044 -0.8999999999999998, 13.788226092426358 -0.8999999999999999, 13.78326809223228 -0.9, 13.778310092038197 -0.8999999999999999, 13.77335209184412 -0.9, 13.768394091650043 -0.9000000000000001, 13.763436091455967 -0.9000000000000002, 13.758478091261889 -0.9000000000000004, 13.753520091067806 -0.9000000000000002, 13.748562090873724 -0.9, 13.743604090679645 -0.9000000000000001, 13.738646090485567 -0.9000000000000001, 13.733688090291484 -0.9000000000000001, 13.728730090097402 -0.9, 13.723772089903324 -0.9, 13.718814089709245 -0.8999999999999999, 13.713856089515167 -0.9000000000000001, 13.708898089321089 -0.9000000000000001, 13.703940089127007 -0.9, 13.69898208893293 -0.9000000000000002, 13.694024088738846 -0.8999999999999999, 13.689066088544768 -0.9000000000000001, 13.684108088350682 -0.8999999999999999, 13.679150088156604 -0.9, 13.67419208796252 -0.8999999999999997, 13.669234087768443 -0.8999999999999998, 13.664276087574365 -0.9, 13.659318087380283 -0.9, 13.654360087186205 -0.9000000000000001, 13.649402086992126 -0.9000000000000001, 13.644444086798044 -0.9000000000000001, 13.639486086603965 -0.9000000000000001, 13.634528086409883 -0.9, 13.629570086215804 -0.8999999999999999, 13.624612086021722 -0.9, 13.619654085827646 -0.9000000000000001, 13.614696085633566 -0.9000000000000002, 13.60973808543949 -0.9000000000000005, 13.604780085245409 -0.9000000000000002, 13.599822085051324 -0.8999999999999999, 13.594864084857244 -0.8999999999999998, 13.589906084663165 -0.8999999999999999, 13.584948084469087 -0.9000000000000001, 13.579990084275003 -0.8999999999999999, 13.575032084080926 -0.9000000000000001, 13.570074083886848 -0.9000000000000001, 13.565116083692768 -0.9000000000000005, 13.560158083498687 -0.9000000000000002, 13.555200083304602 -0.9, 13.550242083110522 -0.8999999999999999, 13.54528408291644 -0.8999999999999997, 13.54032608272236 -0.8999999999999997, 13.535368082528283 -0.8999999999999997, 13.530410082334203 -0.8999999999999998, 13.525452082140125 -0.8999999999999999, 13.520494081946046 -0.8999999999999999, 13.515536081751966 -0.9000000000000002, 13.51057808155789 -0.9000000000000004, 13.505620081363809 -0.9000000000000004, 13.500662081169729 -0.9000000000000004, 13.495704080975651 -0.9000000000000005, 13.490746080781571 -0.9000000000000006, 13.485788080587488 -0.9000000000000002, 13.480830080393408 -0.9000000000000001, 13.475872080199327 -0.9000000000000002, 13.470914080005246 -0.9, 13.465956079811166 -0.8999999999999999, 13.460998079617088 -0.9000000000000001, 13.456040079423003 -0.8999999999999999, 13.451082079228925 -0.8999999999999999, 13.446124079034844 -0.8999999999999999, 13.441166078840762 -0.8999999999999999, 13.436208078646683 -0.8999999999999999, 13.431250078452603 -0.8999999999999999, 13.426292078258522 -0.8999999999999999, 13.421334078064444 -0.8999999999999999, 13.416376077870362 -0.8999999999999999, 13.411418077676286 -0.9, 13.406460077482205 -0.9000000000000002, 13.401502077288125 -0.9000000000000001, 13.396544077094045 -0.9000000000000002, 13.391586076899962 -0.8999999999999999, 13.386628076705883 -0.8999999999999999, 13.381670076511801 -0.8999999999999997, 13.376712076317723 -0.8999999999999999, 13.371754076123645 -0.9000000000000001, 13.366796075929567 -0.9, 13.36183807573549 -0.9000000000000002, 13.35688007554141 -0.9000000000000004, 13.35192207534733 -0.9000000000000002, 13.346964075153247 -0.9000000000000001, 13.342006074959166 -0.9, 13.337048074765086 -0.8999999999999999, 13.332090074571004 -0.8999999999999998, 13.327132074376928 -0.9, 13.322174074182845 -0.8999999999999999, 13.31721607398877 -0.9, 13.312258073794688 -0.8999999999999999, 13.30730007360061 -0.9000000000000004, 13.302342073406525 -0.9, 13.297384073212445 -0.9000000000000002, 13.292426073018364 -0.9000000000000001, 13.28746807282428 -0.9, 13.282510072630203 -0.9, 13.277552072436121 -0.9000000000000001, 13.27259407224204 -0.8999999999999998, 13.26763607204796 -0.8999999999999998, 13.26267807185388 -0.8999999999999998, 13.257720071659804 -0.8999999999999999, 13.252762071465725 -0.9000000000000001, 13.247804071271643 -0.8999999999999999, 13.242846071077564 -0.8999999999999999, 13.237888070883486 -0.8999999999999999, 13.232930070689402 -0.8999999999999999, 13.227972070495323 -0.8999999999999999, 13.223014070301241 -0.8999999999999997, 13.218056070107165 -0.8999999999999999, 13.213098069913087 -0.9, 13.208140069719006 -0.9, 13.203182069524923 -0.8999999999999999, 13.198224069330843 -0.9, 13.19326606913676 -0.8999999999999999, 13.18830806894268 -0.8999999999999999, 13.183350068748602 -0.8999999999999998, 13.17839206855452 -0.8999999999999999, 13.173434068360441 -0.8999999999999998, 13.168476068166363 -0.8999999999999999, 13.163518067972282 -0.8999999999999998, 13.158560067778204 -0.9, 13.153602067584119 -0.9, 13.148644067390043 -0.9000000000000004, 13.143686067195965 -0.9000000000000002, 13.138728067001884 -0.9000000000000001, 13.133770066807802 -0.8999999999999998, 13.128812066613724 -0.8999999999999998, 13.123854066419645 -0.8999999999999999, 13.118896066225565 -0.8999999999999999, 13.113938066031483 -0.9, 13.108980065837402 -0.9, 13.104022065643324 -0.9000000000000002, 13.099064065449243 -0.9000000000000001, 13.094106065255161 -0.9000000000000001, 13.089148065061085 -0.9, 13.084190064867006 -0.9, 13.079232064672926 -0.9000000000000001, 13.074274064478844 -0.9000000000000001, 13.06931606428477 -0.9000000000000005, 13.064358064090689 -0.9000000000000004, 13.059400063896607 -0.9000000000000004, 13.05444206370253 -0.9000000000000002, 13.049484063508446 -0.9000000000000004, 13.044526063314365 -0.9000000000000001, 13.039568063120285 -0.9000000000000001, 13.034610062926205 -0.9000000000000001, 13.029652062732126 -0.9000000000000001, 13.024694062538048 -0.9000000000000001, 13.019736062343968 -0.9000000000000002, 13.014778062149885 -0.9, 13.009820061955809 -0.9000000000000002, 13.004862061761727 -0.9000000000000005, 12.999904061567644 -0.9, 12.994946061373565 -0.9000000000000001, 12.989988061179485 -0.9000000000000001, 12.985030060985403 -0.8999999999999999, 12.98007206079132 -0.8999999999999998, 12.97511406059724 -0.8999999999999999, 12.97015606040316 -0.8999999999999997, 12.965198060209083 -0.8999999999999997, 12.960240060015007 -0.9000000000000001, 12.960240060015007 0.9000000000000004))