39.23,-0.07,0.00
39.24,-0.07,0.00
39.24,-0.07,0.00
39.25,-0.06,0.00
39.25,-0.06,0.00
39.25,-0.06,0.00
39.26,-0.06,0.00
39.26,-0.05,0.00
39.27,-0.05,0.00
39.27,-0.05,0.00
39.28,-0.05,0.00
39.28,-0.04,0.00
39.28,-0.04,0.00
39.29,-0.04,0.00
39.29,-0.04,0.00
39.30,-0.03,0.00
39.30,-0.03,0.00
39.31,-0.03,0.00
39.31,-0.03,0.00
39.31,-0.03,0.00
39.32,-0.02,0.00
39.32,-0.02,0.00
39.33,-0.02,0.00
39.33,-0.02,0.00
39.33,-0.01,0.00
39.34,-0.01,0.00
39.34,-0.01,0.00
39.35,-0.01,0.00
39.35,-0.00,0.00
39.36,-0.00,0.00
39.36,0.00,0.00
39.36,0.00,0.00
39.37,0.01,0.00
39.37,0.01,0.00
39.38,0.01,0.00
39.38,0.01,0.00
39.39,0.01,0.00
39.39,0.02,0.00
39.39,0.02,0.00
39.40,0.02,0.00
39.40,0.02,0.00
39.41,0.03,0.00
39.41,0.03,0.00
39.42,0.03,0.00
39.42,0.03,0.00
39.42,0.04,0.00
39.43,0.04,0.00
39.43,0.04,0.00
39.44,0.04,0.00
39.44,0.05,0.00
39.45,0.05,0.00
39.45,0.05,0.00
39.45,0.05,0.00
39.46,0.05,0.00
39.46,0.06,0.00
39.47,0.06,0.00
39.47,0.06,0.00
39.48,0.06,0.00
39.48,0.07,0.00
39.48,0.07,0.00
39.49,0.07,0.00
39.49,0.07,0.00
39.50,0.08,0.00
39.50,0.08,0.00
39.51,0.08,0.00
39.51,0.08,0.00
39.51,0.08,0.00
39.52,0.09,0.00
39.52,0.09,0.00
39.53,0.09,0.00
39.53,0.09,0.00
39.54,0.10,0.00
39.54,0.10,0.00
39.54,0.10,0.00
39.55,0.10,0.00
39.55,0.11,0.00
39.56,0.11,0.00
39.56,0.11,0.00
39.57,0.11,0.00
39.57,0.11,0.00
39.57,0.12,0.00
39.58,0.12,0.00
39.58,0.12,0.00
39.59,0.12,0.00
39.59,0.13,0.00
39.60,0.13,0.00
39.60,0.13,0.00
39.61,0.13,0.00
39.61,0.13,0.00
39.61,0.14,0.00
39.62,0.14,0.00
39.62,0.14,0.00
39.63,0.14,0.00
39.63,0.15,0.00
39.64,0.15,0.00
39.64,0.15,0.00
39.64,0.15,0.00
39.65,0.15,0.00
39.65,0.16,0.00
39.66,0.16,0.00
39.66,0.16,0.00
39.67,0.16,0.00
39.67,0.17,0.00
39.67,0.17,0.00
39.68,0.17,0.00
39.68,0.17,0.00
39.69,0.17,0.00
39.69,0.18,0.00
39.70,0.18,0.00
39.70,0.18,0.00
39.70,0.18,0.00
39.71,0.19,0.00
39.71,0.19,0.00
39.72,0.19,0.00
39.72,0.19,0.00
39.73,0.19,0.00
39.73,0.20,0.00
39.74,0.20,0.00
39.74,0.20,0.00
39.74,0.20,0.00
39.75,0.21,0.00
39.75,0.21,0.00
39.76,0.21,0.00
39.76,0.21,0.00
39.77,0.21,0.00
39.77,0.22,0.00
39.77,0.22,0.00
39.78,0.22,0.00
39.78,0.22,0.00
39.79,0.23,0.00
39.79,0.23,0.00
39.80,0.23,0.00
39.80,0.23,0.00
39.81,0.23,0.00
39.81,0.24,0.00
39.81,0.24,0.00
39.82,0.24,0.00
39.82,0.24,0.00
39.83,0.24,0.00
39.83,0.25,0.00
39.84,0.25,0.00
39.84,0.25,0.00
39.84,0.25,0.00
39.85,0.26,0.00
39.85,0.26,0.00
39.86,0.26,0.00
39.86,0.26,0.00
39.87,0.26,0.00
39.87,0.27,0.00
39.88,0.27,0.00
39.88,0.27,0.00
39.88,0.27,0.00
39.89,0.27,0.00
39.89,0.28,0.00
39.90,0.28,0.00
39.90,0.28,0.00
39.91,0.28,0.00
39.91,0.28,0.00
39.92,0.29,0.00
39.92,0.29,0.00
39.92,0.29,0.00
39.93,0.29,0.00
39.93,0.29,0.00
39.94,0.30,0.00
39.94,0.30,0.00
39.95,0.30,0.00
39.95,0.30,0.00
39.95,0.31,0.00
39.96,0.31,0.00
39.96,0.31,0.00
39.97,0.31,0.00
39.97,0.31,0.00
39.98,0.32,0.00
39.98,0.32,0.00
39.99,0.32,0.00
39.99,0.32,0.00
39.99,0.32,0.00
40.00,0.33,0.00
40.00,0.33,0.00
40.01,0.33,0.00
40.01,0.33,0.00
40.02,0.33,0.00
40.02,0.34,0.00
40.03,0.34,0.00
40.03,0.34,0.00
40.03,0.34,0.00
40.04,0.34,0.00
40.04,0.35,0.00
40.05,0.35,0.00
40.05,0.35,0.00
40.06,0.35,0.00
40.06,0.35,0.00
40.07,0.36,0.00
40.07,0.36,0.00
40.07,0.36,0.00
40.08,0.36,0.00
40.08,0.36,0.00
40.09,0.37,0.00
40.09,0.37,0.00
40.10,0.37,0.00
40.10,0.37,0.00
40.11,0.37,0.00
40.11,0.38,0.00
40.11,0.38,0.00
40.12,0.38,0.00
40.12,0.38,0.00
40.13,0.38,0.00
40.13,0.39,0.00
40.14,0.39,0.00
40.14,0.39,0.00
40.15,0.39,0.00
40.15,0.39,0.00
40.16,0.40,0.00
40.16,0.40,0.00
40.16,0.40,0.00
40.17,0.40,0.00
40.17,0.40,0.00
40.18,0.40,0.00
40.18,0.41,0.00
40.19,0.41,0.00
40.19,0.41,0.00
40.20,0.41,0.00
40.20,0.41,0.00
40.20,0.42,0.00
40.21,0.42,0.00
40.21,0.42,0.00
40.22,0.42,0.00
40.22,0.42,0.00
40.23,0.43,0.00
40.23,0.43,0.00
40.24,0.43,0.00
40.24,0.43,0.00
40.24,0.43,0.00
40.25,0.44,0.00
40.25,0.44,0.00
40.26,0.44,0.00
40.26,0.44,0.00
40.27,0.44,0.00
40.27,0.44,0.00
40.28,0.45,0.00
40.28,0.45,0.00
40.29,0.45,0.00
40.29,0.45,0.00
40.29,0.45,0.00
40.30,0.46,0.00
40.30,0.46,0.00
40.31,0.46,0.00
40.31,0.46,0.00
40.32,0.46,0.00
40.32,0.47,0.00
40.33,0.47,0.00
40.33,0.47,0.00
40.34,0.47,0.00
40.34,0.47,0.00
40.34,0.47,0.00
40.35,0.48,0.00
40.35,0.48,0.00
40.36,0.48,0.00
40.36,0.48,0.00
40.37,0.48,0.00
40.37,0.48,0.00
40.38,0.49,0.00
40.38,0.49,0.00
40.38,0.49,0.00
40.39,0.49,0.00
40.39,0.49,0.00
40.40,0.50,0.00
40.40,0.50,0.00
40.41,0.50,0.00
40.41,0.50,0.00
40.42,0.50,0.00
40.42,0.50,0.00
40.43,0.51,0.00
40.43,0.51,0.00
40.43,0.51,0.00
40.44,0.51,0.00
40.44,0.51,0.00
40.45,0.52,0.00
40.45,0.52,0.00
40.46,0.52,0.00
40.46,0.52,0.00
40.47,0.52,0.00
40.47,0.52,0.00
40.48,0.53,0.00
40.48,0.53,0.00
40.48,0.53,0.00
40.49,0.53,0.00
40.49,0.53,0.00
40.50,0.53,0.00
40.50,0.54,0.00
40.51,0.54,0.00
40.51,0.54,0.00
40.52,0.54,0.00
40.52,0.54,0.00
40.53,0.54,0.00
40.53,0.55,0.00
40.54,0.55,0.00
40.54,0.55,0.00
40.54,0.55,0.00
40.55,0.55,0.00
40.55,0.55,0.00
40.56,0.56,0.00
40.56,0.56,0.00
40.57,0.56,0.00
40.57,0.56,0.00
40.58,0.56,0.00
40.58,0.56,0.00
40.59,0.57,0.00
40.59,0.57,0.00
40.59,0.57,0.00
40.60,0.57,0.00
40.60,0.57,0.00
40.61,0.57,0.00
40.61,0.58,0.00
40.62,0.58,0.00
40.62,0.58,0.00
40.63,0.58,0.00
40.63,0.58,0.00
40.64,0.58,0.00
40.64,0.59,0.00
40.65,0.59,0.00
40.65,0.59,0.00
40.65,0.59,0.00
40.66,0.59,0.00
40.66,0.59,0.00
40.67,0.60,0.00
40.67,0.60,0.00
40.68,0.60,0.00
40.68,0.60,0.00
40.69,0.60,0.00
40.69,0.60,0.00
40.70,0.60,0.00
40.70,0.61,0.00
40.71,0.61,0.00
40.71,0.61,0.00
40.71,0.61,0.00
40.72,0.61,0.00
40.72,0.61,0.00
40.73,0.62,0.00
40.73,0.62,0.00
40.74,0.62,0.00
40.74,0.62,0.00
40.75,0.62,0.00
40.75,0.62,0.00
40.76,0.63,0.00
40.76,0.63,0.00
40.77,0.63,0.00
40.77,0.63,0.00
40.77,0.63,0.00
40.78,0.63,0.00
40.78,0.63,0.00
40.79,0.64,0.00
40.79,0.64,0.00
40.80,0.64,0.00
40.80,0.64,0.00
40.81,0.64,0.00
40.81,0.64,0.00
40.82,0.64,0.00
40.82,0.65,0.00
40.83,0.65,0.00
40.83,0.65,0.00
40.84,0.65,0.00
40.84,0.65,0.00
40.84,0.65,0.00
40.85,0.65,0.00
40.85,0.66,0.00
40.86,0.66,0.00
40.86,0.66,0.00
40.87,0.66,0.00
40.87,0.66,0.00
40.88,0.66,0.00
40.88,0.67,0.00
40.89,0.67,0.00
40.89,0.67,0.00
40.90,0.67,0.00
40.90,0.67,0.00
40.90,0.67,0.00
40.91,0.67,0.00
40.91,0.68,0.00
40.92,0.68,0.00
40.92,0.68,0.00
40.93,0.68,0.00
40.93,0.68,0.00
40.94,0.68,0.00
40.94,0.68,0.00
40.95,0.68,0.00
40.95,0.69,0.00
40.96,0.69,0.00
40.96,0.69,0.00
40.97,0.69,0.00
40.97,0.69,0.00
40.98,0.69,0.00
40.98,0.69,0.00
40.98,0.70,0.00
40.99,0.70,0.00
40.99,0.70,0.00
41.00,0.70,0.00
41.00,0.70,0.00
41.01,0.70,0.00
41.01,0.70,0.00
41.02,0.71,0.00
41.02,0.71,0.00
41.03,0.71,0.00
41.03,0.71,0.00
41.04,0.71,0.00
41.04,0.71,0.00
41.05,0.71,0.00
41.05,0.71,0.00
41.05,0.72,0.00
41.06,0.72,0.00
41.06,0.72,0.00
41.07,0.72,0.00
41.07,0.72,0.00
41.08,0.72,0.00
41.08,0.72,0.00
41.09,0.72,0.00
41.09,0.73,0.00
41.10,0.73,0.00
41.10,0.73,0.00
41.11,0.73,0.00
41.11,0.73,0.00
41.12,0.73,0.00
41.12,0.73,0.00
41.13,0.74,0.00
41.13,0.74,0.00
41.13,0.74,0.00
41.14,0.74,0.00
41.14,0.74,0.00
41.15,0.74,0.00
41.15,0.74,0.00
41.16,0.74,0.00
41.16,0.74,0.00
41.17,0.75,0.00
41.17,0.75,0.00
41.18,0.75,0.00
41.18,0.75,0.00
41.19,0.75,0.00
41.19,0.75,0.00
41.20,0.75,0.00
41.20,0.75,0.00
41.21,0.76,0.00
41.21,0.76,0.00
41.22,0.76,0.00
41.22,0.76,0.00
41.22,0.76,0.00
41.23,0.76,0.00
41.23,0.76,0.00
41.24,0.76,0.00
41.24,0.77,0.00
41.25,0.77,0.00
41.25,0.77,0.00
41.26,0.77,0.00
41.26,0.77,0.00
41.27,0.77,0.00
41.27,0.77,0.00
41.28,0.77,0.00
41.28,0.77,0.00
41.29,0.78,0.00
41.29,0.78,0.00
41.30,0.78,0.00
41.30,0.78,0.00
41.31,0.78,0.00
41.31,0.78,0.00
41.31,0.78,0.00
41.32,0.78,0.00
41.32,0.78,0.00
41.33,0.79,0.00
41.33,0.79,0.00
41.34,0.79,0.00
41.34,0.79,0.00
41.35,0.79,0.00
41.35,0.79,0.00
41.36,0.79,0.00
41.36,0.79,0.00
41.37,0.79,0.00
41.37,0.80,0.00
41.38,0.80,0.00
41.38,0.80,0.00
41.39,0.80,0.00
41.39,0.80,0.00
41.40,0.80,0.00
41.40,0.80,0.00
41.41,0.80,0.00
41.41,0.80,0.00
41.41,0.80,0.00
41.42,0.81,0.00
41.42,0.81,0.00
41.43,0.81,0.00
41.43,0.81,0.00
41.44,0.81,0.00
41.44,0.81,0.00
41.45,0.81,0.00
41.45,0.81,0.00
41.46,0.81,0.00
41.46,0.81,0.00
41.47,0.82,0.00
41.47,0.82,0.00
41.48,0.82,0.00
41.48,0.82,0.00
41.49,0.82,0.00
41.49,0.82,0.00
41.50,0.82,0.00
41.50,0.82,0.00
41.51,0.82,0.00
41.51,0.82,0.00
41.51,0.82,0.00
41.52,0.83,0.00
41.52,0.83,0.00
41.53,0.83,0.00
41.53,0.83,0.00
41.54,0.83,0.00
41.54,0.83,0.00
41.55,0.83,0.00
41.55,0.83,0.00
41.56,0.83,0.00
41.56,0.83,0.00
41.57,0.84,0.00
41.57,0.84,0.00
41.58,0.84,0.00
41.58,0.84,0.00
41.59,0.84,0.00
41.59,0.84,0.00
41.60,0.84,0.00
41.60,0.84,0.00
41.61,0.84,0.00
41.61,0.84,0.00
41.62,0.84,0.00
41.62,0.84,0.00
41.63,0.85,0.00
41.63,0.85,0.00
41.63,0.85,0.00
41.64,0.85,0.00
41.64,0.85,0.00
41.65,0.85,0.00
41.65,0.85,0.00
41.66,0.85,0.00
41.66,0.85,0.00
41.67,0.85,0.00
41.67,0.85,0.00
41.68,0.85,0.00
41.68,0.86,0.00
41.69,0.86,0.00
41.69,0.86,0.00
41.70,0.86,0.00
41.70,0.86,0.00
41.71,0.86,0.00
41.71,0.86,0.00
41.72,0.86,0.00
41.72,0.86,0.00
41.73,0.86,0.00
41.73,0.86,0.00
41.74,0.86,0.00
41.74,0.86,0.00
41.75,0.87,0.00
41.75,0.87,0.00
41.76,0.87,0.00
41.76,0.87,0.00
41.76,0.87,0.00
41.77,0.87,0.00
41.77,0.87,0.00
41.78,0.87,0.00
41.78,0.87,0.00
41.79,0.87,0.00
41.79,0.87,0.00
41.80,0.87,0.00
41.80,0.87,0.00
41.81,0.88,0.00
41.81,0.88,0.00
41.82,0.88,0.00
41.82,0.88,0.00
41.83,0.88,0.00
41.83,0.88,0.00
41.84,0.88,0.00
41.84,0.88,0.00
41.85,0.88,0.00
41.85,0.88,0.00
41.86,0.88,0.00
41.86,0.88,0.00
41.87,0.88,0.00
41.87,0.88,0.00
41.88,0.88,0.00
41.88,0.89,0.00
41.89,0.89,0.00
41.89,0.89,0.00
41.90,0.89,0.00
41.90,0.89,0.00
41.90,0.89,0.00
41.91,0.89,0.00
41.91,0.89,0.00
41.92,0.89,0.00
41.92,0.89,0.00
41.93,0.89,0.00
41.93,0.89,0.00
41.94,0.89,0.00
41.94,0.89,0.00
41.95,0.89,0.00
41.95,0.89,0.00
41.96,0.89,0.00
41.96,0.90,0.00
41.97,0.90,0.00
41.97,0.90,0.00
41.98,0.90,0.00
41.98,0.90,0.00
41.99,0.90,0.00
41.99,0.90,0.00
42.00,0.90,0.00
42.00,0.90,0.00
42.01,0.90,0.00
42.01,0.90,0.00
42.02,0.90,0.00
42.02,0.90,0.00
42.03,0.90,0.00
42.03,0.90,0.00
42.04,0.90,0.00
42.04,0.90,0.00
42.05,0.90,0.00
42.05,0.91,0.00
42.05,0.91,0.00
42.06,0.91,0.00
42.06,0.91,0.00
42.07,0.91,0.00
42.07,0.91,0.00
42.08,0.91,0.00
42.08,0.91,0.00
42.09,0.91,0.00
42.09,0.91,0.00
42.10,0.91,0.00
42.10,0.91,0.00
42.11,0.91,0.00
42.11,0.91,0.00
42.12,0.91,0.00
42.12,0.91,0.00
42.13,0.91,0.00
42.13,0.91,0.00
42.14,0.91,0.00
42.14,0.91,0.00
42.15,0.91,0.00
42.15,0.91,0.00
42.16,0.92,0.00
42.16,0.92,0.00
42.17,0.92,0.00
42.17,0.92,0.00
42.18,0.92,0.00
42.18,0.92,0.00
42.19,0.92,0.00
42.19,0.92,0.00
42.20,0.92,0.00
42.20,0.92,0.00
42.21,0.92,0.00
42.21,0.92,0.00
42.22,0.92,0.00
42.22,0.92,0.00
42.22,0.92,0.00
42.23,0.92,0.00
42.23,0.92,0.00
42.24,0.92,0.00
42.24,0.92,0.00
42.25,0.92,0.00
42.25,0.92,0.00
42.26,0.92,0.00
42.26,0.92,0.00
42.27,0.92,0.00
42.27,0.92,0.00
42.28,0.92,0.00
42.28,0.92,0.00
42.29,0.92,0.00
42.29,0.93,0.00
42.30,0.93,0.00
42.30,0.93,0.00
42.31,0.93,0.00
42.31,0.93,0.00
42.32,0.93,0.00
42.32,0.93,0.00
42.33,0.93,0.00
42.33,0.93,0.00
42.34,0.93,0.00
42.34,0.93,0.00
42.35,0.93,0.00
42.35,0.93,0.00
42.36,0.93,0.00
42.36,0.93,0.00
42.37,0.93,0.00
42.37,0.93,0.00
42.38,0.93,0.00
42.38,0.93,0.00
42.39,0.93,0.00
42.39,0.93,0.00
42.40,0.93,0.00
42.40,0.93,0.00
42.41,0.93,0.00
42.41,0.93,0.00
42.41,0.93,0.00
42.42,0.93,0.00
42.42,0.93,0.00
42.43,0.93,0.00
42.43,0.93,0.00
42.44,0.93,0.00
42.44,0.93,0.00
42.45,0.93,0.00
42.45,0.93,0.00
42.46,0.93,0.00
42.46,0.93,0.00
42.47,0.93,0.00
42.47,0.93,0.00
42.48,0.93,0.00
42.48,0.93,0.00
42.49,0.93,0.00
42.49,0.93,0.00
42.50,0.93,0.00
42.50,0.93,0.00
42.51,0.93,0.00
42.51,0.93,0.00
42.52,0.93,0.00
42.52,0.94,0.00
42.53,0.94,0.00
42.53,0.94,0.00
42.54,0.94,0.00
42.54,0.94,0.00
42.55,0.94,0.00
42.55,0.94,0.00
42.56,0.94,0.00
42.56,0.94,0.00
42.57,0.94,0.00
42.57,0.94,0.00
42.58,0.94,0.00
42.58,0.94,0.00
42.59,0.94,0.00
42.59,0.94,0.00
42.60,0.94,0.00
42.60,0.94,0.00
42.60,0.94,0.00
42.61,0.94,0.00
42.61,0.94,0.00
42.62,0.94,0.00
42.62,0.94,0.00
42.63,0.94,0.00
42.63,0.94,0.00
42.64,0.94,0.00
42.64,0.94,0.00
42.65,0.94,0.00
42.65,0.94,0.00
42.66,0.94,0.00
42.66,0.94,0.00
42.67,0.94,0.00
42.67,0.94,0.00
42.68,0.94,0.00
42.68,0.94,0.00
42.69,0.94,0.00
42.69,0.94,0.00
42.70,0.94,0.00
42.70,0.94,0.00
42.71,0.94,0.00
42.71,0.94,0.00
42.72,0.94,0.00
42.72,0.94,0.00
42.73,0.94,0.00
42.73,0.94,0.00
42.74,0.94,0.00
42.74,0.94,0.00
42.75,0.94,0.00
42.75,0.94,0.00
42.76,0.94,0.00
42.76,0.94,0.00
42.77,0.94,0.00
42.77,0.94,0.00
42.78,0.94,0.00
42.78,0.94,0.00
42.79,0.94,0.00
42.79,0.94,0.00
42.80,0.94,0.00
42.80,0.94,0.00
42.80,0.94,0.00
42.81,0.94,0.00
42.81,0.94,0.00
42.82,0.93,0.00
42.82,0.93,0.00
42.83,0.93,0.00
42.83,0.93,0.00
42.84,0.93,0.00
42.84,0.93,0.00
42.85,0.93,0.00
42.85,0.93,0.00
42.86,0.93,0.00
42.86,0.93,0.00
42.87,0.93,0.00
42.87,0.93,0.00
42.88,0.93,0.00
42.88,0.93,0.00
42.89,0.93,0.00
42.89,0.93,0.00
42.90,0.93,0.00
42.90,0.93,0.00
42.91,0.93,0.00
42.91,0.93,0.00
42.92,0.93,0.00
42.92,0.93,0.00
42.93,0.93,0.00
42.93,0.93,0.00
42.94,0.93,0.00
42.94,0.93,0.00
42.95,0.93,0.00
42.95,0.93,0.00
42.96,0.93,0.00
42.96,0.93,0.00
42.97,0.93,0.00
42.97,0.93,0.00
42.98,0.93,0.00
42.98,0.93,0.00
42.99,0.93,0.00
42.99,0.93,0.00
42.99,0.93,0.00
43.00,0.93,0.00
43.00,0.93,0.00
43.01,0.93,0.00
43.01,0.93,0.00
43.02,0.93,0.00
43.02,0.93,0.00
43.03,0.93,0.00
43.03,0.93,0.00
43.04,0.93,0.00
43.04,0.93,0.00
43.05,0.92,0.00
43.05,0.92,0.00
43.06,0.92,0.00
43.06,0.92,0.00
43.07,0.92,0.00
43.07,0.92,0.00
43.08,0.92,0.00
43.08,0.92,0.00
43.09,0.92,0.00
43.09,0.92,0.00
43.10,0.92,0.00
43.10,0.92,0.00
43.11,0.92,0.00
43.11,0.92,0.00
43.12,0.92,0.00
43.12,0.92,0.00
43.13,0.92,0.00
43.13,0.92,0.00
43.14,0.92,0.00
43.14,0.92,0.00
43.15,0.92,0.00
43.15,0.92,0.00
43.16,0.92,0.00
43.16,0.92,0.00
43.17,0.92,0.00
43.17,0.92,0.00
43.17,0.92,0.00
43.18,0.92,0.00
43.18,0.92,0.00
43.19,0.91,0.00
43.19,0.91,0.00
43.20,0.91,0.00
43.20,0.91,0.00
43.21,0.91,0.00
43.21,0.91,0.00
43.22,0.91,0.00
43.22,0.91,0.00
43.23,0.91,0.00
43.23,0.91,0.00
43.24,0.91,0.00
43.24,0.91,0.00
43.25,0.91,0.00
43.25,0.91,0.00
43.26,0.91,0.00
43.26,0.91,0.00
43.27,0.91,0.00
43.27,0.91,0.00
43.28,0.91,0.00
43.28,0.91,0.00
43.29,0.91,0.00
43.29,0.91,0.00
43.30,0.90,0.00
43.30,0.90,0.00
43.31,0.90,0.00
43.31,0.90,0.00
43.32,0.90,0.00
43.32,0.90,0.00
43.33,0.90,0.00
43.33,0.90,0.00
43.34,0.90,0.00
43.34,0.90,0.00
43.34,0.90,0.00
43.35,0.90,0.00
43.35,0.90,0.00
43.36,0.90,0.00
43.36,0.90,0.00
43.37,0.90,0.00
43.37,0.90,0.00
43.38,0.90,0.00
43.38,0.90,0.00
43.39,0.89,0.00
43.39,0.89,0.00
43.40,0.89,0.00
43.40,0.89,0.00
43.41,0.89,0.00
43.41,0.89,0.00
43.42,0.89,0.00
43.42,0.89,0.00
43.43,0.89,0.00
43.43,0.89,0.00
43.44,0.89,0.00
43.44,0.89,0.00
43.45,0.89,0.00
43.45,0.89,0.00
43.46,0.89,0.00
43.46,0.89,0.00
43.47,0.89,0.00
43.47,0.89,0.00
43.48,0.88,0.00
43.48,0.88,0.00
43.49,0.88,0.00
43.49,0.88,0.00
43.50,0.88,0.00
43.50,0.88,0.00
43.50,0.88,0.00
43.51,0.88,0.00
43.51,0.88,0.00
43.52,0.88,0.00
43.52,0.88,0.00
43.53,0.88,0.00
43.53,0.88,0.00
43.54,0.88,0.00
43.54,0.88,0.00
43.55,0.87,0.00
43.55,0.87,0.00
43.56,0.87,0.00
43.56,0.87,0.00
43.57,0.87,0.00
43.57,0.87,0.00
43.58,0.87,0.00
43.58,0.87,0.00
43.59,0.87,0.00
43.59,0.87,0.00
43.60,0.87,0.00
43.60,0.87,0.00
43.61,0.87,0.00
43.61,0.87,0.00
43.62,0.87,0.00
43.62,0.86,0.00
43.63,0.86,0.00
43.63,0.86,0.00
43.64,0.86,0.00
43.64,0.86,0.00
43.64,0.86,0.00
43.65,0.86,0.00
43.65,0.86,0.00
43.66,0.86,0.00
43.66,0.86,0.00
43.67,0.86,0.00
43.67,0.86,0.00
43.68,0.86,0.00
43.68,0.85,0.00
43.69,0.85,0.00
43.69,0.85,0.00
43.70,0.85,0.00
43.70,0.85,0.00
43.71,0.85,0.00
43.71,0.85,0.00
43.72,0.85,0.00
43.72,0.85,0.00
43.73,0.85,0.00
43.73,0.85,0.00
43.74,0.85,0.00
43.74,0.85,0.00
43.75,0.84,0.00
43.75,0.84,0.00
43.76,0.84,0.00
43.76,0.84,0.00
43.77,0.84,0.00
43.77,0.84,0.00
43.77,0.84,0.00
43.78,0.84,0.00
43.78,0.84,0.00
43.79,0.84,0.00
43.79,0.84,0.00
43.80,0.84,0.00
43.80,0.83,0.00
43.81,0.83,0.00
43.81,0.83,0.00
43.82,0.83,0.00
43.82,0.83,0.00
43.83,0.83,0.00
43.83,0.83,0.00
43.84,0.83,0.00
43.84,0.83,0.00
43.85,0.83,0.00
43.85,0.83,0.00
43.86,0.82,0.00
43.86,0.82,0.00
43.87,0.82,0.00
43.87,0.82,0.00
43.88,0.82,0.00
43.88,0.82,0.00
43.89,0.82,0.00
43.89,0.82,0.00
43.89,0.82,0.00
43.90,0.82,0.00
43.90,0.82,0.00
43.91,0.82,0.00
43.91,0.81,0.00
43.92,0.81,0.00
43.92,0.81,0.00
43.93,0.81,0.00
43.93,0.81,0.00
43.94,0.81,0.00
43.94,0.81,0.00
43.95,0.81,0.00
43.95,0.81,0.00
43.96,0.81,0.00
43.96,0.80,0.00
43.97,0.80,0.00
43.97,0.80,0.00
43.98,0.80,0.00
43.98,0.80,0.00
43.99,0.80,0.00
43.99,0.80,0.00
44.00,0.80,0.00
44.00,0.80,0.00
44.00,0.80,0.00
44.01,0.80,0.00
44.01,0.79,0.00
44.02,0.79,0.00
44.02,0.79,0.00
44.03,0.79,0.00
44.03,0.79,0.00
44.04,0.79,0.00
44.04,0.79,0.00
44.05,0.79,0.00
44.05,0.79,0.00
44.06,0.79,0.00
44.06,0.78,0.00
44.07,0.78,0.00
44.07,0.78,0.00
44.08,0.78,0.00
44.08,0.78,0.00
44.09,0.78,0.00
44.09,0.78,0.00
44.10,0.78,0.00
44.10,0.78,0.00
44.10,0.77,0.00
44.11,0.77,0.00
44.11,0.77,0.00
44.12,0.77,0.00
44.12,0.77,0.00
44.13,0.77,0.00
44.13,0.77,0.00
44.14,0.77,0.00
44.14,0.77,0.00
44.15,0.77,0.00
44.15,0.76,0.00
44.16,0.76,0.00
44.16,0.76,0.00
44.17,0.76,0.00
44.17,0.76,0.00
44.18,0.76,0.00
44.18,0.76,0.00
44.19,0.76,0.00
44.19,0.76,0.00
44.20,0.75,0.00
44.20,0.75,0.00
44.20,0.75,0.00
44.21,0.75,0.00
44.21,0.75,0.00
44.22,0.75,0.00
44.22,0.75,0.00
44.23,0.75,0.00
44.23,0.75,0.00
44.24,0.74,0.00
44.24,0.74,0.00
44.25,0.74,0.00
44.25,0.74,0.00
44.26,0.74,0.00
44.26,0.74,0.00
44.27,0.74,0.00
44.27,0.74,0.00
44.28,0.74,0.00
44.28,0.73,0.00
44.29,0.73,0.00
44.29,0.73,0.00
44.29,0.73,0.00
44.30,0.73,0.00
44.30,0.73,0.00
44.31,0.73,0.00
44.31,0.73,0.00
44.32,0.72,0.00
44.32,0.72,0.00
44.33,0.72,0.00
44.33,0.72,0.00
44.34,0.72,0.00
44.34,0.72,0.00
44.35,0.72,0.00
44.35,0.72,0.00
44.36,0.72,0.00
44.36,0.71,0.00
44.37,0.71,0.00
44.37,0.71,0.00
44.38,0.71,0.00
44.38,0.71,0.00
44.38,0.71,0.00
44.39,0.71,0.00
44.39,0.71,0.00
44.40,0.70,0.00
44.40,0.70,0.00
44.41,0.70,0.00
44.41,0.70,0.00
44.42,0.70,0.00
44.42,0.70,0.00
44.43,0.70,0.00
44.43,0.70,0.00
44.44,0.69,0.00
44.44,0.69,0.00
44.45,0.69,0.00
44.45,0.69,0.00
44.46,0.69,0.00
44.46,0.69,0.00
44.46,0.69,0.00
44.47,0.69,0.00
44.47,0.68,0.00
44.48,0.68,0.00
44.48,0.68,0.00
44.49,0.68,0.00
44.49,0.68,0.00
44.50,0.68,0.00
44.50,0.68,0.00
44.51,0.68,0.00
44.51,0.67,0.00
44.52,0.67,0.00
44.52,0.67,0.00
44.53,0.67,0.00
44.53,0.67,0.00
44.54,0.67,0.00
44.54,0.67,0.00
44.54,0.66,0.00
44.55,0.66,0.00
44.55,0.66,0.00
44.56,0.66,0.00
44.56,0.66,0.00
44.57,0.66,0.00
44.57,0.66,0.00
44.58,0.66,0.00
44.58,0.65,0.00
44.59,0.65,0.00
44.59,0.65,0.00
44.60,0.65,0.00
44.60,0.65,0.00
44.61,0.65,0.00
44.61,0.65,0.00
44.62,0.64,0.00
44.62,0.64,0.00
44.62,0.64,0.00
44.63,0.64,0.00
44.63,0.64,0.00
44.64,0.64,0.00
44.64,0.64,0.00
44.65,0.64,0.00
44.65,0.63,0.00
44.66,0.63,0.00
44.66,0.63,0.00
44.67,0.63,0.00
44.67,0.63,0.00
44.68,0.63,0.00
44.68,0.63,0.00
44.69,0.62,0.00
44.69,0.62,0.00
44.69,0.62,0.00
44.70,0.62,0.00
44.70,0.62,0.00
44.71,0.62,0.00
44.71,0.62,0.00
44.72,0.61,0.00
44.72,0.61,0.00
44.73,0.61,0.00
44.73,0.61,0.00
44.74,0.61,0.00
44.74,0.61,0.00
44.75,0.61,0.00
44.75,0.60,0.00
44.76,0.60,0.00
44.76,0.60,0.00
44.76,0.60,0.00
44.77,0.60,0.00
44.77,0.60,0.00
44.78,0.60,0.00
44.78,0.59,0.00
44.79,0.59,0.00
44.79,0.59,0.00
44.80,0.59,0.00
44.80,0.59,0.00
44.81,0.59,0.00
44.81,0.59,0.00
44.82,0.58,0.00
44.82,0.58,0.00
44.83,0.58,0.00
44.83,0.58,0.00
44.83,0.58,0.00
44.84,0.58,0.00
44.84,0.58,0.00
44.85,0.57,0.00
44.85,0.57,0.00
44.86,0.57,0.00
44.86,0.57,0.00
44.87,0.57,0.00
44.87,0.57,0.00
44.88,0.56,0.00
44.88,0.56,0.00
44.89,0.56,0.00
44.89,0.56,0.00
44.89,0.56,0.00
44.90,0.56,0.00
44.90,0.56,0.00
44.91,0.55,0.00
44.91,0.55,0.00
44.92,0.55,0.00
44.92,0.55,0.00
44.93,0.55,0.00
44.93,0.55,0.00
44.94,0.55,0.00
44.94,0.54,0.00
44.95,0.54,0.00
44.95,0.54,0.00
44.96,0.54,0.00
44.96,0.54,0.00
44.96,0.54,0.00
44.97,0.53,0.00
44.97,0.53,0.00
44.98,0.53,0.00
44.98,0.53,0.00
44.99,0.53,0.00
44.99,0.53,0.00
45.00,0.53,0.00
45.00,0.52,0.00
45.01,0.52,0.00
45.01,0.52,0.00
45.02,0.52,0.00
45.02,0.52,0.00
45.02,0.52,0.00
45.03,0.51,0.00
45.03,0.51,0.00
45.04,0.51,0.00
45.04,0.51,0.00
45.05,0.51,0.00
45.05,0.51,0.00
45.06,0.50,0.00
45.06,0.50,0.00
45.07,0.50,0.00
45.07,0.50,0.00
45.08,0.50,0.00
45.08,0.50,0.00
45.08,0.50,0.00
45.09,0.49,0.00
45.09,0.49,0.00
45.10,0.49,0.00
45.10,0.49,0.00
45.11,0.49,0.00
45.11,0.49,0.00
45.12,0.48,0.00
45.12,0.48,0.00
45.13,0.48,0.00
45.13,0.48,0.00
45.13,0.48,0.00
45.14,0.48,0.00
45.14,0.47,0.00
45.15,0.47,0.00
45.15,0.47,0.00
45.16,0.47,0.00
45.16,0.47,0.00
45.17,0.47,0.00
45.17,0.46,0.00
45.18,0.46,0.00
45.18,0.46,0.00
45.19,0.46,0.00
45.19,0.46,0.00
45.19,0.46,0.00
45.20,0.45,0.00
45.20,0.45,0.00
45.21,0.45,0.00
45.21,0.45,0.00
45.22,0.45,0.00
45.22,0.45,0.00
45.23,0.44,0.00
45.23,0.44,0.00
45.24,0.44,0.00
45.24,0.44,0.00
45.25,0.44,0.00
45.25,0.44,0.00
45.25,0.43,0.00
45.26,0.43,0.00
45.26,0.43,0.00
45.27,0.43,0.00
45.27,0.43,0.00
45.28,0.43,0.00
45.28,0.42,0.00
45.29,0.42,0.00
45.29,0.42,0.00
45.30,0.42,0.00
45.30,0.42,0.00
45.30,0.42,0.00
45.31,0.41,0.00
45.31,0.41,0.00
45.32,0.41,0.00
45.32,0.41,0.00
45.33,0.41,0.00
45.33,0.41,0.00
45.34,0.40,0.00
45.34,0.40,0.00
45.35,0.40,0.00
45.35,0.40,0.00
45.35,0.40,0.00
45.36,0.40,0.00
45.36,0.39,0.00
45.37,0.39,0.00
45.37,0.39,0.00
45.38,0.39,0.00
45.38,0.39,0.00
45.39,0.38,0.00
45.39,0.38,0.00
45.40,0.38,0.00
45.40,0.38,0.00
45.40,0.38,0.00
45.41,0.38,0.00
45.41,0.37,0.00
45.42,0.37,0.00
45.42,0.37,0.00
45.43,0.37,0.00
45.43,0.37,0.00
45.44,0.37,0.00
45.44,0.36,0.00
45.45,0.36,0.00
45.45,0.36,0.00
45.45,0.36,0.00
45.46,0.36,0.00
45.46,0.35,0.00
45.47,0.35,0.00
45.47,0.35,0.00
45.48,0.35,0.00
45.48,0.35,0.00
45.49,0.35,0.00
45.49,0.34,0.00
45.50,0.34,0.00
45.50,0.34,0.00
45.50,0.34,0.00
45.51,0.34,0.00
45.51,0.34,0.00
45.52,0.33,0.00
45.52,0.33,0.00
45.53,0.33,0.00
45.53,0.33,0.00
45.54,0.33,0.00
45.54,0.32,0.00
45.55,0.32,0.00
45.55,0.32,0.00
45.55,0.32,0.00
45.56,0.32,0.00
45.56,0.32,0.00
45.57,0.31,0.00
45.57,0.31,0.00
45.58,0.31,0.00
45.58,0.31,0.00
45.59,0.31,0.00
45.59,0.30,0.00
45.60,0.30,0.00
45.60,0.30,0.00
45.60,0.30,0.00
45.61,0.30,0.00
45.61,0.29,0.00
45.62,0.29,0.00
45.62,0.29,0.00
45.63,0.29,0.00
45.63,0.29,0.00
45.64,0.29,0.00
45.64,0.28,0.00
45.64,0.28,0.00
45.65,0.28,0.00
45.65,0.28,0.00
45.66,0.28,0.00
45.66,0.27,0.00
45.67,0.27,0.00
45.67,0.27,0.00
45.68,0.27,0.00
45.68,0.27,0.00
45.69,0.27,0.00
45.69,0.26,0.00
45.69,0.26,0.00
45.70,0.26,0.00
45.70,0.26,0.00
45.71,0.26,0.00
45.71,0.25,0.00
45.72,0.25,0.00
45.72,0.25,0.00
45.73,0.25,0.00
45.73,0.25,0.00
45.74,0.24,0.00
45.74,0.24,0.00
45.74,0.24,0.00
45.75,0.24,0.00
45.75,0.24,0.00
45.76,0.24,0.00
45.76,0.23,0.00
45.77,0.23,0.00
45.77,0.23,0.00
45.78,0.23,0.00
45.78,0.23,0.00
45.78,0.22,0.00
45.79,0.22,0.00
45.79,0.22,0.00
45.80,0.22,0.00
45.80,0.22,0.00
45.81,0.21,0.00
45.81,0.21,0.00
45.82,0.21,0.00
45.82,0.21,0.00
45.82,0.21,0.00
45.83,0.20,0.00
45.83,0.20,0.00
45.84,0.20,0.00
45.84,0.20,0.00
45.85,0.20,0.00
45.85,0.19,0.00
45.86,0.19,0.00
45.86,0.19,0.00
45.87,0.19,0.00
45.87,0.19,0.00
45.87,0.19,0.00
45.88,0.18,0.00
45.88,0.18,0.00
45.89,0.18,0.00
45.89,0.18,0.00
45.90,0.18,0.00
45.90,0.17,0.00
45.91,0.17,0.00
45.91,0.17,0.00
45.91,0.17,0.00
45.92,0.17,0.00
45.92,0.16,0.00
45.93,0.16,0.00
45.93,0.16,0.00
45.94,0.16,0.00
45.94,0.16,0.00
45.95,0.15,0.00
45.95,0.15,0.00
45.95,0.15,0.00
45.96,0.15,0.00
45.96,0.15,0.00
45.97,0.14,0.00
45.97,0.14,0.00
45.98,0.14,0.00
45.98,0.14,0.00
45.99,0.14,0.00
45.99,0.13,0.00
45.99,0.13,0.00
46.00,0.13,0.00
46.00,0.13,0.00
46.01,0.13,0.00
46.01,0.12,0.00
46.02,0.12,0.00
46.02,0.12,0.00
46.03,0.12,0.00
46.03,0.12,0.00
46.03,0.11,0.00
46.04,0.11,0.00
46.04,0.11,0.00
46.05,0.11,0.00
46.05,0.11,0.00
46.06,0.10,0.00
46.06,0.10,0.00
46.07,0.10,0.00
46.07,0.10,0.00
46.07,0.10,0.00
46.08,0.09,0.00
46.08,0.09,0.00
46.09,0.09,0.00
46.09,0.09,0.00
46.10,0.09,0.00
46.10,0.08,0.00
46.11,0.08,0.00
46.11,0.08,0.00
46.11,0.08,0.00
46.12,0.08,0.00
46.12,0.07,0.00
46.13,0.07,0.00
46.13,0.07,0.00
46.14,0.07,0.00
46.14,0.07,0.00
46.15,0.06,0.00
46.15,0.06,0.00
46.15,0.06,0.00
46.16,0.06,0.00
46.16,0.06,0.00
46.17,0.05,0.00
46.17,0.05,0.00
46.18,0.05,0.00
46.18,0.05,0.00
46.19,0.05,0.00
46.19,0.04,0.00
46.19,0.04,0.00
46.20,0.04,0.00
46.20,0.04,0.00
46.21,0.03,0.00
46.21,0.03,0.00
46.22,0.03,0.00
46.22,0.03,0.00
46.23,0.03,0.00
46.23,0.02,0.00
46.23,0.02,0.00
46.24,0.02,0.00
46.24,0.02,0.00
46.25,0.02,0.00
46.25,0.01,0.00
46.26,0.01,0.00
46.26,0.01,0.00
46.26,0.01,0.00
46.27,0.01,0.00
46.27,0.00,0.00
46.28,0.00,0.00
46.28,-0.00,0.00
46.29,-0.00,0.00
46.29,-0.00,0.00
46.30,-0.01,0.00
46.30,-0.01,0.00
46.30,-0.01,0.00
46.31,-0.01,0.00
46.31,-0.02,0.00
46.32,-0.02,0.00
46.32,-0.02,0.00
46.33,-0.02,0.00
46.33,-0.02,0.00
46.34,-0.03,0.00
46.34,-0.03,0.00
46.34,-0.03,0.00
46.35,-0.03,0.00
46.35,-0.03,0.00
46.36,-0.04,0.00
46.36,-0.04,0.00
46.37,-0.04,0.00
46.37,-0.04,0.00
46.37,-0.04,0.00
46.38,-0.05,0.00
46.38,-0.05,0.00
46.39,-0.05,0.00
46.39,-0.05,0.00
46.40,-0.06,0.00
46.40,-0.06,0.00
46.41,-0.06,0.00
46.41,-0.06,0.00
46.41,-0.06,0.00
46.42,-0.07,0.00
46.42,-0.07,0.00
46.43,-0.07,0.00
46.43,-0.07,0.00
46.44,-0.07,0.00
46.44,-0.08,0.00
46.45,-0.08,0.00
46.45,-0.08,0.00
46.45,-0.08,0.00
46.46,-0.08,0.00
46.46,-0.09,0.00
46.47,-0.09,0.00
46.47,-0.09,0.00
46.48,-0.09,0.00
46.48,-0.10,0.00
46.48,-0.10,0.00
46.49,-0.10,0.00
46.49,-0.10,0.00
46.50,-0.10,0.00
46.50,-0.11,0.00
46.51,-0.11,0.00
46.51,-0.11,0.00
46.52,-0.11,0.00
46.52,-0.11,0.00
46.52,-0.12,0.00
46.53,-0.12,0.00
46.53,-0.12,0.00
46.54,-0.12,0.00
46.54,-0.13,0.00
46.55,-0.13,0.00
46.55,-0.13,0.00
46.55,-0.13,0.00
46.56,-0.13,0.00
46.56,-0.14,0.00
46.57,-0.14,0.00
46.57,-0.14,0.00
46.58,-0.14,0.00
46.58,-0.15,0.00
46.59,-0.15,0.00
46.59,-0.15,0.00
46.59,-0.15,0.00
46.60,-0.15,0.00
46.60,-0.16,0.00
46.61,-0.16,0.00
46.61,-0.16,0.00
46.62,-0.16,0.00
46.62,-0.16,0.00
46.62,-0.17,0.00
46.63,-0.17,0.00
46.63,-0.17,0.00
46.64,-0.17,0.00
46.64,-0.18,0.00
46.65,-0.18,0.00
46.65,-0.18,0.00
46.65,-0.18,0.00
46.66,-0.18,0.00
46.66,-0.19,0.00
46.67,-0.19,0.00
46.67,-0.19,0.00
46.68,-0.19,0.00
46.68,-0.20,0.00
46.69,-0.20,0.00
46.69,-0.20,0.00
46.69,-0.20,0.00
46.70,-0.20,0.00
46.70,-0.21,0.00
46.71,-0.21,0.00
46.71,-0.21,0.00
46.72,-0.21,0.00
46.72,-0.22,0.00
46.72,-0.22,0.00
46.73,-0.22,0.00
46.73,-0.22,0.00
46.74,-0.22,0.00
46.74,-0.23,0.00
46.75,-0.23,0.00
46.75,-0.23,0.00
46.76,-0.23,0.00
46.76,-0.24,0.00
46.76,-0.24,0.00
46.77,-0.24,0.00
46.77,-0.24,0.00
46.78,-0.24,0.00
46.78,-0.25,0.00
46.79,-0.25,0.00
46.79,-0.25,0.00
46.79,-0.25,0.00
46.80,-0.26,0.00
46.80,-0.26,0.00
46.81,-0.26,0.00
46.81,-0.26,0.00
46.82,-0.26,0.00
46.82,-0.27,0.00
46.82,-0.27,0.00
46.83,-0.27,0.00
46.83,-0.27,0.00
46.84,-0.28,0.00
46.84,-0.28,0.00
46.85,-0.28,0.00
46.85,-0.28,0.00
46.85,-0.28,0.00
46.86,-0.29,0.00
46.86,-0.29,0.00
46.87,-0.29,0.00
46.87,-0.29,0.00
46.88,-0.30,0.00
46.88,-0.30,0.00
46.89,-0.30,0.00
46.89,-0.30,0.00
46.89,-0.30,0.00
46.90,-0.31,0.00
46.90,-0.31,0.00
46.91,-0.31,0.00
46.91,-0.31,0.00
46.92,-0.32,0.00
46.92,-0.32,0.00
46.92,-0.32,0.00
46.93,-0.32,0.00
46.93,-0.32,0.00
46.94,-0.33,0.00
46.94,-0.33,0.00
46.95,-0.33,0.00
46.95,-0.33,0.00
46.95,-0.34,0.00
46.96,-0.34,0.00
46.96,-0.34,0.00
46.97,-0.34,0.00
46.97,-0.34,0.00
46.98,-0.35,0.00
46.98,-0.35,0.00
46.98,-0.35,0.00
46.99,-0.35,0.00
46.99,-0.36,0.00
47.00,-0.36,0.00
47.00,-0.36,0.00
47.01,-0.36,0.00
47.01,-0.37,0.00
47.01,-0.37,0.00
47.02,-0.37,0.00
47.02,-0.37,0.00
47.03,-0.37,0.00
47.03,-0.38,0.00
47.04,-0.38,0.00
47.04,-0.38,0.00
47.04,-0.38,0.00
47.05,-0.39,0.00
47.05,-0.39,0.00
47.06,-0.39,0.00
47.06,-0.39,0.00
47.07,-0.40,0.00
47.07,-0.40,0.00
47.08,-0.40,0.00
47.08,-0.40,0.00
47.08,-0.40,0.00
47.09,-0.41,0.00
47.09,-0.41,0.00
47.10,-0.41,0.00
47.10,-0.41,0.00
47.11,-0.42,0.00
47.11,-0.42,0.00
47.11,-0.42,0.00
47.12,-0.42,0.00
47.12,-0.42,0.00
47.13,-0.43,0.00
47.13,-0.43,0.00
47.14,-0.43,0.00
47.14,-0.43,0.00
47.14,-0.44,0.00
47.15,-0.44,0.00
47.15,-0.44,0.00
47.16,-0.44,0.00
47.16,-0.45,0.00
47.17,-0.45,0.00
47.17,-0.45,0.00
47.17,-0.45,0.00
47.18,-0.45,0.00
47.18,-0.46,0.00
47.19,-0.46,0.00
47.19,-0.46,0.00
47.20,-0.46,0.00
47.20,-0.47,0.00
47.20,-0.47,0.00
47.21,-0.47,0.00
47.21,-0.47,0.00
47.22,-0.48,0.00
47.22,-0.48,0.00
47.23,-0.48,0.00
47.23,-0.48,0.00
47.23,-0.48,0.00
47.24,-0.49,0.00
47.24,-0.49,0.00
47.25,-0.49,0.00
47.25,-0.49,0.00
47.26,-0.50,0.00
47.26,-0.50,0.00
47.26,-0.50,0.00
47.27,-0.50,0.00
47.27,-0.51,0.00
47.28,-0.51,0.00
47.28,-0.51,0.00
47.29,-0.51,0.00
47.29,-0.51,0.00
47.29,-0.52,0.00
47.30,-0.52,0.00
47.30,-0.52,0.00
47.31,-0.52,0.00
47.31,-0.53,0.00
47.32,-0.53,0.00
47.32,-0.53,0.00
47.32,-0.53,0.00
47.33,-0.54,0.00
47.33,-0.54,0.00
47.34,-0.54,0.00
47.34,-0.54,0.00
47.35,-0.55,0.00
47.35,-0.55,0.00
47.35,-0.55,0.00
47.36,-0.55,0.00
47.36,-0.55,0.00
47.37,-0.56,0.00
47.37,-0.56,0.00
47.38,-0.56,0.00
47.38,-0.56,0.00
47.38,-0.57,0.00
47.39,-0.57,0.00
47.39,-0.57,0.00
47.40,-0.57,0.00
47.40,-0.58,0.00
47.41,-0.58,0.00
47.41,-0.58,0.00
47.41,-0.58,0.00
47.42,-0.58,0.00
47.42,-0.59,0.00
47.43,-0.59,0.00
47.43,-0.59,0.00
47.44,-0.59,0.00
47.44,-0.60,0.00
47.44,-0.60,0.00
47.45,-0.60,0.00
47.45,-0.60,0.00
47.46,-0.61,0.00
47.46,-0.61,0.00
47.47,-0.61,0.00
47.47,-0.61,0.00
47.47,-0.62,0.00
47.48,-0.62,0.00
47.48,-0.62,0.00
47.49,-0.62,0.00
47.49,-0.62,0.00
47.50,-0.63,0.00
47.50,-0.63,0.00
47.50,-0.63,0.00
47.51,-0.63,0.00
47.51,-0.64,0.00
47.52,-0.64,0.00
47.52,-0.64,0.00
47.53,-0.64,0.00
47.53,-0.65,0.00
47.53,-0.65,0.00
47.54,-0.65,0.00
47.54,-0.65,0.00
47.55,-0.66,0.00
47.55,-0.66,0.00
47.56,-0.66,0.00
47.56,-0.66,0.00
47.56,-0.67,0.00
47.57,-0.67,0.00
47.57,-0.67,0.00
47.58,-0.67,0.00
47.58,-0.67,0.00
47.58,-0.68,0.00
47.59,-0.68,0.00
47.59,-0.68,0.00
47.60,-0.68,0.00
47.60,-0.69,0.00
47.61,-0.69,0.00
47.61,-0.69,0.00
47.61,-0.69,0.00
47.62,-0.70,0.00
47.62,-0.70,0.00
47.63,-0.70,0.00
47.63,-0.70,0.00
47.64,-0.71,0.00
47.64,-0.71,0.00
47.64,-0.71,0.00
47.65,-0.71,0.00
47.65,-0.71,0.00
47.66,-0.72,0.00
47.66,-0.72,0.00
47.67,-0.72,0.00
47.67,-0.72,0.00
47.67,-0.73,0.00
47.68,-0.73,0.00
47.68,-0.73,0.00
47.69,-0.73,0.00
47.69,-0.74,0.00
47.70,-0.74,0.00
47.70,-0.74,0.00
47.70,-0.74,0.00
47.71,-0.75,0.00
47.71,-0.75,0.00
47.72,-0.75,0.00
47.72,-0.75,0.00
47.73,-0.76,0.00
47.73,-0.76,0.00
47.73,-0.76,0.00
47.74,-0.76,0.00
47.74,-0.76,0.00
47.75,-0.77,0.00
47.75,-0.77,0.00
47.76,-0.77,0.00
47.76,-0.77,0.00
47.76,-0.78,0.00
47.77,-0.78,0.00
47.77,-0.78,0.00
47.78,-0.78,0.00
47.78,-0.79,0.00
47.79,-0.79,0.00
47.79,-0.79,0.00
47.79,-0.79,0.00
47.80,-0.80,0.00
47.80,-0.80,0.00
47.81,-0.80,0.00
47.81,-0.80,0.00
47.81,-0.81,0.00
47.82,-0.81,0.00
47.82,-0.81,0.00
47.83,-0.81,0.00
47.83,-0.81,0.00
47.84,-0.82,0.00
47.84,-0.82,0.00
47.84,-0.82,0.00
47.85,-0.82,0.00
47.85,-0.83,0.00
47.86,-0.83,0.00
47.86,-0.83,0.00
47.87,-0.83,0.00
47.87,-0.84,0.00
47.87,-0.84,0.00
47.88,-0.84,0.00
47.88,-0.84,0.00
47.89,-0.85,0.00
47.89,-0.85,0.00
47.90,-0.85,0.00
47.90,-0.85,0.00
47.90,-0.86,0.00
47.91,-0.86,0.00
47.91,-0.86,0.00
47.92,-0.86,0.00
47.92,-0.87,0.00
47.93,-0.87,0.00
47.93,-0.87,0.00
47.93,-0.87,0.00
47.94,-0.87,0.00
47.94,-0.88,0.00
47.95,-0.88,0.00
47.95,-0.88,0.00
47.95,-0.88,0.00
47.96,-0.89,0.00
47.96,-0.89,0.00
47.97,-0.89,0.00
47.97,-0.89,0.00
47.98,-0.90,0.00
47.98,-0.90,0.00
47.98,-0.90,0.00
47.99,-0.90,0.00
47.99,-0.91,0.00
48.00,-0.91,0.00
48.00,-0.91,0.00
48.01,-0.91,0.00
48.01,-0.92,0.00
48.01,-0.92,0.00
48.02,-0.92,0.00
48.02,-0.92,0.00
48.03,-0.93,0.00
48.03,-0.93,0.00
48.04,-0.93,0.00
48.04,-0.93,0.00
48.04,-0.94,0.00
48.05,-0.94,0.00
48.05,-0.94,0.00
48.06,-0.94,0.00
48.06,-0.94,0.00
48.07,-0.95,0.00
48.07,-0.95,0.00
48.07,-0.95,0.00
48.08,-0.95,0.00
48.08,-0.96,0.00
48.09,-0.96,0.00
48.09,-0.96,0.00
48.09,-0.96,0.00
48.10,-0.97,0.00
48.10,-0.97,0.00
48.11,-0.97,0.00
48.11,-0.97,0.00
48.12,-0.98,0.00
48.12,-0.98,0.00
48.12,-0.98,0.00
48.13,-0.98,0.00
48.13,-0.99,0.00
48.14,-0.99,0.00
48.14,-0.99,0.00
48.15,-0.99,0.00
48.15,-1.00,0.00
48.15,-1.00,0.00
48.16,-1.00,0.00
48.16,-1.00,0.00
48.17,-1.00,0.00
48.17,-1.01,0.00
48.18,-1.01,0.00
48.18,-1.01,0.00
48.18,-1.01,0.00
48.19,-1.02,0.00
48.19,-1.02,0.00
48.20,-1.02,0.00
48.20,-1.02,0.00
48.21,-1.03,0.00
48.21,-1.03,0.00
48.21,-1.03,0.00
48.22,-1.03,0.00
48.22,-1.04,0.00
48.23,-1.04,0.00
48.23,-1.04,0.00
48.23,-1.04,0.00
48.24,-1.05,0.00
48.24,-1.05,0.00
48.25,-1.05,0.00
48.25,-1.05,0.00
48.26,-1.06,0.00
48.26,-1.06,0.00
48.26,-1.06,0.00
48.27,-1.06,0.00
48.27,-1.07,0.00
48.28,-1.07,0.00
48.28,-1.07,0.00
48.29,-1.07,0.00
48.29,-1.07,0.00
48.29,-1.08,0.00
48.30,-1.08,0.00
48.30,-1.08,0.00
48.31,-1.08,0.00
48.31,-1.09,0.00
48.32,-1.09,0.00
48.32,-1.09,0.00
48.32,-1.09,0.00
48.33,-1.10,0.00
48.33,-1.10,0.00
48.34,-1.10,0.00
48.34,-1.10,0.00
48.34,-1.11,0.00
48.35,-1.11,0.00
48.35,-1.11,0.00
48.36,-1.11,0.00
48.36,-1.12,0.00
48.37,-1.12,0.00
48.37,-1.12,0.00
48.37,-1.12,0.00
48.38,-1.13,0.00
48.38,-1.13,0.00
48.39,-1.13,0.00
48.39,-1.13,0.00
48.40,-1.14,0.00
48.40,-1.14,0.00
48.40,-1.14,0.00
48.41,-1.14,0.00
48.41,-1.14,0.00
48.42,-1.15,0.00
48.42,-1.15,0.00
48.43,-1.15,0.00
48.43,-1.15,0.00
48.43,-1.16,0.00
48.44,-1.16,0.00
48.44,-1.16,0.00
48.45,-1.16,0.00
48.45,-1.17,0.00
48.46,-1.17,0.00
48.46,-1.17,0.00
48.46,-1.17,0.00
48.47,-1.18,0.00
48.47,-1.18,0.00
48.48,-1.18,0.00
48.48,-1.18,0.00
48.48,-1.19,0.00
48.49,-1.19,0.00
48.49,-1.19,0.00
48.50,-1.19,0.00
48.50,-1.20,0.00
48.51,-1.20,0.00
48.51,-1.20,0.00
48.51,-1.20,0.00
48.52,-1.21,0.00
48.52,-1.21,0.00
48.53,-1.21,0.00
48.53,-1.21,0.00
48.54,-1.21,0.00
48.54,-1.22,0.00
48.54,-1.22,0.00
48.55,-1.22,0.00
48.55,-1.22,0.00
48.56,-1.23,0.00
48.56,-1.23,0.00
48.57,-1.23,0.00
48.57,-1.23,0.00
48.57,-1.24,0.00
48.58,-1.24,0.00
48.58,-1.24,0.00
48.59,-1.24,0.00
48.59,-1.25,0.00
48.59,-1.25,0.00
48.60,-1.25,0.00
48.60,-1.25,0.00
48.61,-1.26,0.00
48.61,-1.26,0.00
48.62,-1.26,0.00
48.62,-1.26,0.00
48.62,-1.27,0.00
48.63,-1.27,0.00
48.63,-1.27,0.00
48.64,-1.27,0.00
48.64,-1.28,0.00
48.65,-1.28,0.00
48.65,-1.28,0.00
48.65,-1.28,0.00
48.66,-1.28,0.00
48.66,-1.29,0.00
48.67,-1.29,0.00
48.67,-1.29,0.00
48.68,-1.29,0.00
48.68,-1.30,0.00
48.68,-1.30,0.00
48.69,-1.30,0.00
48.69,-1.30,0.00
48.70,-1.31,0.00
48.70,-1.31,0.00
48.71,-1.31,0.00
48.71,-1.31,0.00
48.71,-1.32,0.00
48.72,-1.32,0.00
48.72,-1.32,0.00
48.73,-1.32,0.00
48.73,-1.33,0.00
48.73,-1.33,0.00
48.74,-1.33,0.00
48.74,-1.33,0.00
48.75,-1.34,0.00
48.75,-1.34,0.00
48.76,-1.34,0.00
48.76,-1.34,0.00
48.76,-1.35,0.00
48.77,-1.35,0.00
48.77,-1.35,0.00
48.78,-1.35,0.00
48.78,-1.35,0.00
48.79,-1.36,0.00
48.79,-1.36,0.00
48.79,-1.36,0.00
48.80,-1.36,0.00
48.80,-1.37,0.00
48.81,-1.37,0.00
48.81,-1.37,0.00
48.82,-1.37,0.00
48.82,-1.38,0.00
48.82,-1.38,0.00
48.83,-1.38,0.00
48.83,-1.38,0.00
48.84,-1.39,0.00
48.84,-1.39,0.00
48.85,-1.39,0.00
48.85,-1.39,0.00
48.85,-1.40,0.00
48.86,-1.40,0.00
48.86,-1.40,0.00
48.87,-1.40,0.00
48.87,-1.41,0.00
48.87,-1.41,0.00
48.88,-1.41,0.00
48.88,-1.41,0.00
48.89,-1.41,0.00
48.89,-1.42,0.00
48.90,-1.42,0.00
48.90,-1.42,0.00
48.90,-1.42,0.00
48.91,-1.43,0.00
48.91,-1.43,0.00
48.92,-1.43,0.00
48.92,-1.43,0.00
48.93,-1.44,0.00
48.93,-1.44,0.00
48.93,-1.44,0.00
48.94,-1.44,0.00
48.94,-1.45,0.00
48.95,-1.45,0.00
48.95,-1.45,0.00
48.96,-1.45,0.00
48.96,-1.46,0.00
48.96,-1.46,0.00
48.97,-1.46,0.00
48.97,-1.46,0.00
48.98,-1.46,0.00
48.98,-1.47,0.00
48.99,-1.47,0.00
48.99,-1.47,0.00
48.99,-1.47,0.00
49.00,-1.48,0.00
49.00,-1.48,0.00
49.01,-1.48,0.00
49.01,-1.48,0.00
49.02,-1.49,0.00
49.02,-1.49,0.00
49.02,-1.49,0.00
49.03,-1.49,0.00
49.03,-1.50,0.00
49.04,-1.50,0.00
49.04,-1.50,0.00
49.05,-1.50,0.00
49.05,-1.51,0.00
49.05,-1.51,0.00
49.06,-1.51,0.00
49.06,-1.51,0.00
49.07,-1.51,0.00
49.07,-1.52,0.00
49.07,-1.52,0.00
49.08,-1.52,0.00
49.08,-1.52,0.00
49.09,-1.53,0.00
49.09,-1.53,0.00
49.10,-1.53,0.00
49.10,-1.53,0.00
49.10,-1.54,0.00
49.11,-1.54,0.00
49.11,-1.54,0.00
49.12,-1.54,0.00
49.12,-1.55,0.00
49.13,-1.55,0.00
49.13,-1.55,0.00
49.13,-1.55,0.00
49.14,-1.56,0.00
49.14,-1.56,0.00
49.15,-1.56,0.00
49.15,-1.56,0.00
49.16,-1.56,0.00
49.16,-1.57,0.00
49.16,-1.57,0.00
49.17,-1.57,0.00
49.17,-1.57,0.00
49.18,-1.58,0.00
49.18,-1.58,0.00
49.19,-1.58,0.00
49.19,-1.58,0.00
49.19,-1.59,0.00
49.20,-1.59,0.00
49.20,-1.59,0.00
49.21,-1.59,0.00
49.21,-1.60,0.00
49.22,-1.60,0.00
49.22,-1.60,0.00
49.22,-1.60,0.00
49.23,-1.60,0.00
49.23,-1.61,0.00
49.24,-1.61,0.00
49.24,-1.61,0.00
49.25,-1.61,0.00
49.25,-1.62,0.00
49.25,-1.62,0.00
49.26,-1.62,0.00
49.26,-1.62,0.00
49.27,-1.63,0.00
49.27,-1.63,0.00
49.28,-1.63,0.00
49.28,-1.63,0.00
49.28,-1.64,0.00
49.29,-1.64,0.00
49.29,-1.64,0.00
49.30,-1.64,0.00
49.30,-1.64,0.00
49.31,-1.65,0.00
49.31,-1.65,0.00
49.31,-1.65,0.00
49.32,-1.65,0.00
49.32,-1.66,0.00
49.33,-1.66,0.00
49.33,-1.66,0.00
49.34,-1.66,0.00
49.34,-1.67,0.00
49.34,-1.67,0.00
49.35,-1.67,0.00
49.35,-1.67,0.00
49.36,-1.67,0.00
49.36,-1.68,0.00
49.37,-1.68,0.00
49.37,-1.68,0.00
49.37,-1.68,0.00
49.38,-1.69,0.00
49.38,-1.69,0.00
49.39,-1.69,0.00
49.39,-1.69,0.00
49.40,-1.70,0.00
49.40,-1.70,0.00
49.40,-1.70,0.00
49.41,-1.70,0.00
49.41,-1.71,0.00
49.42,-1.71,0.00
49.42,-1.71,0.00
49.43,-1.71,0.00
49.43,-1.71,0.00
49.43,-1.72,0.00
49.44,-1.72,0.00
49.44,-1.72,0.00
49.45,-1.72,0.00
49.45,-1.73,0.00
49.46,-1.73,0.00
49.46,-1.73,0.00
49.46,-1.73,0.00
49.47,-1.74,0.00
49.47,-1.74,0.00
49.48,-1.74,0.00
49.48,-1.74,0.00
49.49,-1.74,0.00
49.49,-1.75,0.00
49.49,-1.75,0.00
49.50,-1.75,0.00
49.50,-1.75,0.00
49.51,-1.76,0.00
49.51,-1.76,0.00
49.52,-1.76,0.00
49.52,-1.76,0.00
49.52,-1.76,0.00
49.53,-1.77,0.00
49.53,-1.77,0.00
49.54,-1.77,0.00
49.54,-1.77,0.00
49.55,-1.78,0.00
49.55,-1.78,0.00
49.55,-1.78,0.00
49.56,-1.78,0.00
49.56,-1.79,0.00
49.57,-1.79,0.00
49.57,-1.79,0.00
49.58,-1.79,0.00
49.58,-1.79,0.00
49.58,-1.80,0.00
49.59,-1.80,0.00
49.59,-1.80,0.00
49.60,-1.80,0.00
49.60,-1.81,0.00
49.61,-1.81,0.00
49.61,-1.81,0.00
49.61,-1.81,0.00
49.62,-1.81,0.00
49.62,-1.82,0.00
49.63,-1.82,0.00
49.63,-1.82,0.00
49.64,-1.82,0.00
49.64,-1.83,0.00
49.65,-1.83,0.00
49.65,-1.83,0.00
49.65,-1.83,0.00
49.66,-1.84,0.00
49.66,-1.84,0.00
49.67,-1.84,0.00
49.67,-1.84,0.00
49.68,-1.84,0.00
49.68,-1.85,0.00
49.68,-1.85,0.00
49.69,-1.85,0.00
49.69,-1.85,0.00
49.70,-1.86,0.00
49.70,-1.86,0.00
49.71,-1.86,0.00
49.71,-1.86,0.00
49.71,-1.86,0.00
49.72,-1.87,0.00
49.72,-1.87,0.00
49.73,-1.87,0.00
49.73,-1.87,0.00
49.74,-1.88,0.00
49.74,-1.88,0.00
49.74,-1.88,0.00
49.75,-1.88,0.00
49.75,-1.88,0.00
49.76,-1.89,0.00
49.76,-1.89,0.00
49.77,-1.89,0.00
49.77,-1.89,0.00
49.78,-1.90,0.00
49.78,-1.90,0.00
49.78,-1.90,0.00
49.79,-1.90,0.00
49.79,-1.90,0.00
49.80,-1.91,0.00
49.80,-1.91,0.00
49.81,-1.91,0.00
49.81,-1.91,0.00
49.81,-1.91,0.00
49.82,-1.92,0.00
49.82,-1.92,0.00
49.83,-1.92,0.00
49.83,-1.92,0.00
49.84,-1.93,0.00
49.84,-1.93,0.00
49.85,-1.93,0.00
49.85,-1.93,0.00
49.85,-1.93,0.00
49.86,-1.94,0.00
49.86,-1.94,0.00
49.87,-1.94,0.00
49.87,-1.94,0.00
49.88,-1.95,0.00
49.88,-1.95,0.00
49.88,-1.95,0.00
49.89,-1.95,0.00
49.89,-1.95,0.00
49.90,-1.96,0.00
49.90,-1.96,0.00
49.91,-1.96,0.00
49.91,-1.96,0.00
49.92,-1.96,0.00
49.92,-1.97,0.00
49.92,-1.97,0.00
49.93,-1.97,0.00
49.93,-1.97,0.00
49.94,-1.98,0.00
49.94,-1.98,0.00
49.95,-1.98,0.00
49.95,-1.98,0.00
49.95,-1.98,0.00
49.96,-1.99,0.00
49.96,-1.99,0.00
49.97,-1.99,0.00
49.97,-1.99,0.00
49.98,-1.99,0.00
49.98,-2.00,0.00
49.99,-2.00,0.00
49.99,-2.00,0.00
49.99,-2.00,0.00
50.00,-2.00,0.00
50.00,-2.01,0.00
50.01,-2.01,0.00
50.01,-2.01,0.00
50.02,-2.01,0.00
50.02,-2.02,0.00
50.02,-2.02,0.00
50.03,-2.02,0.00
50.03,-2.02,0.00
50.04,-2.02,0.00
50.04,-2.03,0.00
50.05,-2.03,0.00
50.05,-2.03,0.00
50.06,-2.03,0.00
50.06,-2.03,0.00
50.06,-2.04,0.00
50.07,-2.04,0.00
50.07,-2.04,0.00
50.08,-2.04,0.00
50.08,-2.04,0.00
50.09,-2.05,0.00
50.09,-2.05,0.00
50.10,-2.05,0.00
50.10,-2.05,0.00
50.10,-2.05,0.00
50.11,-2.06,0.00
50.11,-2.06,0.00
50.12,-2.06,0.00
50.12,-2.06,0.00
50.13,-2.07,0.00
50.13,-2.07,0.00
50.14,-2.07,0.00
50.14,-2.07,0.00
50.14,-2.07,0.00
50.15,-2.08,0.00
50.15,-2.08,0.00
50.16,-2.08,0.00
50.16,-2.08,0.00
50.17,-2.08,0.00
50.17,-2.09,0.00
50.18,-2.09,0.00
50.18,-2.09,0.00
50.18,-2.09,0.00
50.19,-2.09,0.00
50.19,-2.10,0.00
50.20,-2.10,0.00
50.20,-2.10,0.00
50.21,-2.10,0.00
50.21,-2.10,0.00
50.22,-2.11,0.00
50.22,-2.11,0.00
50.22,-2.11,0.00
50.23,-2.11,0.00
50.23,-2.11,0.00
50.24,-2.12,0.00
50.24,-2.12,0.00
50.25,-2.12,0.00
50.25,-2.12,0.00
50.26,-2.12,0.00
50.26,-2.13,0.00
50.26,-2.13,0.00
50.27,-2.13,0.00
50.27,-2.13,0.00
50.28,-2.13,0.00
50.28,-2.13,0.00
50.29,-2.14,0.00
50.29,-2.14,0.00
50.30,-2.14,0.00
50.30,-2.14,0.00
50.30,-2.14,0.00
50.31,-2.15,0.00
50.31,-2.15,0.00
50.32,-2.15,0.00
50.32,-2.15,0.00
50.33,-2.15,0.00
50.33,-2.16,0.00
50.34,-2.16,0.00
50.34,-2.16,0.00
50.34,-2.16,0.00
50.35,-2.16,0.00
50.35,-2.17,0.00
50.36,-2.17,0.00
50.36,-2.17,0.00
50.37,-2.17,0.00
50.37,-2.17,0.00
50.38,-2.18,0.00
50.38,-2.18,0.00
50.39,-2.18,0.00
50.39,-2.18,0.00
50.39,-2.18,0.00
50.40,-2.18,0.00
50.40,-2.19,0.00
50.41,-2.19,0.00
50.41,-2.19,0.00
50.42,-2.19,0.00
50.42,-2.19,0.00
50.43,-2.20,0.00
50.43,-2.20,0.00
50.43,-2.20,0.00
50.44,-2.20,0.00
50.44,-2.20,0.00
50.45,-2.21,0.00
50.45,-2.21,0.00
50.46,-2.21,0.00
50.46,-2.21,0.00
50.47,-2.21,0.00
50.47,-2.21,0.00
50.48,-2.22,0.00
50.48,-2.22,0.00
50.48,-2.22,0.00
50.49,-2.22,0.00
50.49,-2.22,0.00
50.50,-2.23,0.00
50.50,-2.23,0.00
50.51,-2.23,0.00
50.51,-2.23,0.00
50.52,-2.23,0.00
50.52,-2.23,0.00
50.53,-2.24,0.00
50.53,-2.24,0.00
50.53,-2.24,0.00
50.54,-2.24,0.00
50.54,-2.24,0.00
50.55,-2.25,0.00
50.55,-2.25,0.00
50.56,-2.25,0.00
50.56,-2.25,0.00
50.57,-2.25,0.00
50.57,-2.25,0.00
50.58,-2.26,0.00
50.58,-2.26,0.00
50.58,-2.26,0.00
50.59,-2.26,0.00
50.59,-2.26,0.00
50.60,-2.27,0.00
50.60,-2.27,0.00
50.61,-2.27,0.00
50.61,-2.27,0.00
50.62,-2.27,0.00
50.62,-2.27,0.00
50.63,-2.28,0.00
50.63,-2.28,0.00
50.63,-2.28,0.00
50.64,-2.28,0.00
50.64,-2.28,0.00
50.65,-2.28,0.00
50.65,-2.29,0.00
50.66,-2.29,0.00
50.66,-2.29,0.00
50.67,-2.29,0.00
50.67,-2.29,0.00
50.68,-2.29,0.00
50.68,-2.30,0.00
50.68,-2.30,0.00
50.69,-2.30,0.00
50.69,-2.30,0.00
50.70,-2.30,0.00
50.70,-2.30,0.00
50.71,-2.31,0.00
50.71,-2.31,0.00
50.72,-2.31,0.00
50.72,-2.31,0.00
50.73,-2.31,0.00
50.73,-2.31,0.00
50.73,-2.32,0.00
50.74,-2.32,0.00
50.74,-2.32,0.00
50.75,-2.32,0.00
50.75,-2.32,0.00
50.76,-2.32,0.00
50.76,-2.33,0.00
50.77,-2.33,0.00
50.77,-2.33,0.00
50.78,-2.33,0.00
50.78,-2.33,0.00
50.79,-2.33,0.00
50.79,-2.34,0.00
50.79,-2.34,0.00
50.80,-2.34,0.00
50.80,-2.34,0.00
50.81,-2.34,0.00
50.81,-2.34,0.00
50.82,-2.35,0.00
50.82,-2.35,0.00
50.83,-2.35,0.00
50.83,-2.35,0.00
50.84,-2.35,0.00
50.84,-2.35,0.00
50.85,-2.35,0.00
50.85,-2.36,0.00
50.85,-2.36,0.00
50.86,-2.36,0.00
50.86,-2.36,0.00
50.87,-2.36,0.00
50.87,-2.36,0.00
50.88,-2.37,0.00
50.88,-2.37,0.00
50.89,-2.37,0.00
50.89,-2.37,0.00
50.90,-2.37,0.00
50.90,-2.37,0.00
50.91,-2.37,0.00
50.91,-2.38,0.00
50.91,-2.38,0.00
50.92,-2.38,0.00
50.92,-2.38,0.00
50.93,-2.38,0.00
50.93,-2.38,0.00
50.94,-2.39,0.00
50.94,-2.39,0.00
50.95,-2.39,0.00
50.95,-2.39,0.00
50.96,-2.39,0.00
50.96,-2.39,0.00
50.97,-2.39,0.00
50.97,-2.40,0.00
50.98,-2.40,0.00
50.98,-2.40,0.00
50.98,-2.40,0.00
50.99,-2.40,0.00
50.99,-2.40,0.00
51.00,-2.40,0.00
51.00,-2.41,0.00
51.01,-2.41,0.00
51.01,-2.41,0.00
51.02,-2.41,0.00
51.02,-2.41,0.00
51.03,-2.41,0.00
51.03,-2.41,0.00
51.04,-2.42,0.00
51.04,-2.42,0.00
51.05,-2.42,0.00
51.05,-2.42,0.00
51.05,-2.42,0.00
51.06,-2.42,0.00
51.06,-2.42,0.00
51.07,-2.42,0.00
51.07,-2.43,0.00
51.08,-2.43,0.00
51.08,-2.43,0.00
51.09,-2.43,0.00
51.09,-2.43,0.00
51.10,-2.43,0.00
51.10,-2.43,0.00
51.11,-2.44,0.00
51.11,-2.44,0.00
51.12,-2.44,0.00
51.12,-2.44,0.00
51.13,-2.44,0.00
51.13,-2.44,0.00
51.13,-2.44,0.00
51.14,-2.44,0.00
51.14,-2.45,0.00
51.15,-2.45,0.00
51.15,-2.45,0.00
51.16,-2.45,0.00
51.16,-2.45,0.00
51.17,-2.45,0.00
51.17,-2.45,0.00
51.18,-2.46,0.00
51.18,-2.46,0.00
51.19,-2.46,0.00
51.19,-2.46,0.00
51.20,-2.46,0.00
51.20,-2.46,0.00
51.21,-2.46,0.00
51.21,-2.46,0.00
51.21,-2.47,0.00
51.22,-2.47,0.00
51.22,-2.47,0.00
51.23,-2.47,0.00
51.23,-2.47,0.00
51.24,-2.47,0.00
51.24,-2.47,0.00
51.25,-2.47,0.00
51.25,-2.47,0.00
51.26,-2.48,0.00
51.26,-2.48,0.00
51.27,-2.48,0.00
51.27,-2.48,0.00
51.28,-2.48,0.00
51.28,-2.48,0.00
51.29,-2.48,0.00
51.29,-2.48,0.00
51.29,-2.49,0.00
51.30,-2.49,0.00
51.30,-2.49,0.00
51.31,-2.49,0.00
51.31,-2.49,0.00
51.32,-2.49,0.00
51.32,-2.49,0.00
51.33,-2.49,0.00
51.33,-2.49,0.00
51.34,-2.50,0.00
51.34,-2.50,0.00
51.35,-2.50,0.00
51.35,-2.50,0.00
51.36,-2.50,0.00
51.36,-2.50,0.00
51.37,-2.50,0.00
51.37,-2.50,0.00
51.38,-2.50,0.00
51.38,-2.50,0.00
51.39,-2.51,0.00
51.39,-2.51,0.00
51.39,-2.51,0.00
51.40,-2.51,0.00
51.40,-2.51,0.00
51.41,-2.51,0.00
51.41,-2.51,0.00
51.42,-2.51,0.00
51.42,-2.51,0.00
51.43,-2.52,0.00
51.43,-2.52,0.00
51.44,-2.52,0.00
51.44,-2.52,0.00
51.45,-2.52,0.00
51.45,-2.52,0.00
51.46,-2.52,0.00
51.46,-2.52,0.00
51.47,-2.52,0.00
51.47,-2.52,0.00
51.48,-2.52,0.00
51.48,-2.53,0.00
51.49,-2.53,0.00
51.49,-2.53,0.00
51.50,-2.53,0.00
51.50,-2.53,0.00
51.50,-2.53,0.00
51.51,-2.53,0.00
51.51,-2.53,0.00
51.52,-2.53,0.00
51.52,-2.53,0.00
51.53,-2.53,0.00
51.53,-2.54,0.00
51.54,-2.54,0.00
51.54,-2.54,0.00
51.55,-2.54,0.00
51.55,-2.54,0.00
51.56,-2.54,0.00
51.56,-2.54,0.00
51.57,-2.54,0.00
51.57,-2.54,0.00
51.58,-2.54,0.00
51.58,-2.54,0.00
51.59,-2.55,0.00
51.59,-2.55,0.00
51.60,-2.55,0.00
51.60,-2.55,0.00
51.61,-2.55,0.00
51.61,-2.55,0.00
51.62,-2.55,0.00
51.62,-2.55,0.00
51.62,-2.55,0.00
51.63,-2.55,0.00
51.63,-2.55,0.00
51.64,-2.55,0.00
51.64,-2.55,0.00
51.65,-2.56,0.00
51.65,-2.56,0.00
51.66,-2.56,0.00
51.66,-2.56,0.00
51.67,-2.56,0.00
51.67,-2.56,0.00
51.68,-2.56,0.00
51.68,-2.56,0.00
51.69,-2.56,0.00
51.69,-2.56,0.00
51.70,-2.56,0.00
51.70,-2.56,0.00
51.71,-2.56,0.00
51.71,-2.56,0.00
51.72,-2.57,0.00
51.72,-2.57,0.00
51.73,-2.57,0.00
51.73,-2.57,0.00
51.74,-2.57,0.00
51.74,-2.57,0.00
51.75,-2.57,0.00
51.75,-2.57,0.00
51.76,-2.57,0.00
51.76,-2.57,0.00
51.76,-2.57,0.00
51.77,-2.57,0.00
51.77,-2.57,0.00
51.78,-2.57,0.00
51.78,-2.57,0.00
51.79,-2.57,0.00
51.79,-2.57,0.00
51.80,-2.58,0.00
51.80,-2.58,0.00
51.81,-2.58,0.00
51.81,-2.58,0.00
51.82,-2.58,0.00
51.82,-2.58,0.00
51.83,-2.58,0.00
51.83,-2.58,0.00
51.84,-2.58,0.00
51.84,-2.58,0.00
51.85,-2.58,0.00
51.85,-2.58,0.00
51.86,-2.58,0.00
51.86,-2.58,0.00
51.87,-2.58,0.00
51.87,-2.58,0.00
51.88,-2.58,0.00
51.88,-2.58,0.00
51.89,-2.58,0.00
51.89,-2.59,0.00
51.90,-2.59,0.00
51.90,-2.59,0.00
51.91,-2.59,0.00
51.91,-2.59,0.00
51.92,-2.59,0.00
51.92,-2.59,0.00
51.92,-2.59,0.00
51.93,-2.59,0.00
51.93,-2.59,0.00
51.94,-2.59,0.00
51.94,-2.59,0.00
51.95,-2.59,0.00
51.95,-2.59,0.00
51.96,-2.59,0.00
51.96,-2.59,0.00
51.97,-2.59,0.00
51.97,-2.59,0.00
51.98,-2.59,0.00
51.98,-2.59,0.00
51.99,-2.59,0.00
51.99,-2.59,0.00
52.00,-2.59,0.00
52.00,-2.59,0.00
52.01,-2.59,0.00
52.01,-2.59,0.00
52.02,-2.59,0.00
52.02,-2.59,0.00
52.03,-2.60,0.00
52.03,-2.60,0.00
52.04,-2.60,0.00
52.04,-2.60,0.00
52.05,-2.60,0.00
52.05,-2.60,0.00
52.06,-2.60,0.00
52.06,-2.60,0.00
52.07,-2.60,0.00
52.07,-2.60,0.00
52.08,-2.60,0.00
52.08,-2.60,0.00
52.09,-2.60,0.00
52.09,-2.60,0.00
52.10,-2.60,0.00
52.10,-2.60,0.00
52.10,-2.60,0.00
52.11,-2.60,0.00
52.11,-2.60,0.00
52.12,-2.60,0.00
52.12,-2.60,0.00
52.13,-2.60,0.00
52.13,-2.60,0.00
52.14,-2.60,0.00
52.14,-2.60,0.00
52.15,-2.60,0.00
52.15,-2.60,0.00
52.16,-2.60,0.00
52.16,-2.60,0.00
52.17,-2.60,0.00
52.17,-2.60,0.00
52.18,-2.60,0.00
52.18,-2.60,0.00
52.19,-2.60,0.00
52.19,-2.60,0.00
52.20,-2.60,0.00
52.20,-2.60,0.00
52.21,-2.60,0.00
52.21,-2.60,0.00
52.22,-2.60,0.00
52.22,-2.60,0.00
52.23,-2.60,0.00
52.23,-2.60,0.00
52.24,-2.60,0.00
52.24,-2.60,0.00
52.25,-2.60,0.00
52.25,-2.60,0.00
52.26,-2.60,0.00
52.26,-2.60,0.00
52.27,-2.60,0.00
52.27,-2.60,0.00
52.28,-2.60,0.00
52.28,-2.60,0.00
52.29,-2.60,0.00
52.29,-2.60,0.00
52.30,-2.60,0.00
52.30,-2.60,0.00
52.30,-2.60,0.00
52.31,-2.60,0.00
52.31,-2.60,0.00
52.32,-2.60,0.00
52.32,-2.60,0.00
52.33,-2.60,0.00
52.33,-2.60,0.00
52.34,-2.60,0.00
52.34,-2.60,0.00
52.35,-2.60,0.00
52.35,-2.60,0.00
52.36,-2.60,0.00
52.36,-2.60,0.00
52.37,-2.60,0.00
52.37,-2.60,0.00
52.38,-2.60,0.00
52.38,-2.60,0.00
52.39,-2.60,0.00
52.39,-2.60,0.00
52.40,-2.60,0.00
52.40,-2.60,0.00
52.41,-2.60,0.00
52.41,-2.60,0.00
52.42,-2.60,0.00
52.42,-2.60,0.00
52.43,-2.60,0.00
52.43,-2.60,0.00
52.44,-2.60,0.00
52.44,-2.60,0.00
52.45,-2.60,0.00
52.45,-2.60,0.00
52.46,-2.60,0.00
52.46,-2.60,0.00
52.47,-2.60,0.00
52.47,-2.60,0.00
52.48,-2.60,0.00
52.48,-2.59,0.00
52.49,-2.59,0.00
52.49,-2.59,0.00
52.49,-2.59,0.00
52.50,-2.59,0.00
52.50,-2.59,0.00
52.51,-2.59,0.00
52.51,-2.59,0.00
52.52,-2.59,0.00
52.52,-2.59,0.00
52.53,-2.59,0.00
52.53,-2.59,0.00
52.54,-2.59,0.00
52.54,-2.59,0.00
52.55,-2.59,0.00
52.55,-2.59,0.00
52.56,-2.59,0.00
52.56,-2.59,0.00
52.57,-2.59,0.00
52.57,-2.59,0.00
52.58,-2.59,0.00
52.58,-2.59,0.00
52.59,-2.59,0.00
52.59,-2.59,0.00
52.60,-2.59,0.00
52.60,-2.59,0.00
52.61,-2.59,0.00
52.61,-2.59,0.00
52.62,-2.58,0.00
52.62,-2.58,0.00
52.63,-2.58,0.00
52.63,-2.58,0.00
52.64,-2.58,0.00
52.64,-2.58,0.00
52.65,-2.58,0.00
52.65,-2.58,0.00
52.66,-2.58,0.00
52.66,-2.58,0.00
52.66,-2.58,0.00
52.67,-2.58,0.00
52.67,-2.58,0.00
52.68,-2.58,0.00
52.68,-2.58,0.00
52.69,-2.58,0.00
52.69,-2.58,0.00
52.70,-2.58,0.00
52.70,-2.58,0.00
52.71,-2.58,0.00
52.71,-2.57,0.00
52.72,-2.57,0.00
52.72,-2.57,0.00
52.73,-2.57,0.00
52.73,-2.57,0.00
52.74,-2.57,0.00
52.74,-2.57,0.00
52.75,-2.57,0.00
52.75,-2.57,0.00
52.76,-2.57,0.00
52.76,-2.57,0.00
52.77,-2.57,0.00
52.77,-2.57,0.00
52.78,-2.57,0.00
52.78,-2.57,0.00
52.79,-2.57,0.00
52.79,-2.57,0.00
52.80,-2.56,0.00
52.80,-2.56,0.00
52.81,-2.56,0.00
52.81,-2.56,0.00
52.82,-2.56,0.00
52.82,-2.56,0.00
52.82,-2.56,0.00
52.83,-2.56,0.00
52.83,-2.56,0.00
52.84,-2.56,0.00
52.84,-2.56,0.00
52.85,-2.56,0.00
52.85,-2.56,0.00
52.86,-2.56,0.00
52.86,-2.56,0.00
52.87,-2.55,0.00
52.87,-2.55,0.00
52.88,-2.55,0.00
52.88,-2.55,0.00
52.89,-2.55,0.00
52.89,-2.55,0.00
52.90,-2.55,0.00
52.90,-2.55,0.00
52.91,-2.55,0.00
52.91,-2.55,0.00
52.92,-2.55,0.00
52.92,-2.55,0.00
52.93,-2.55,0.00
52.93,-2.54,0.00
52.94,-2.54,0.00
52.94,-2.54,0.00
52.95,-2.54,0.00
52.95,-2.54,0.00
52.95,-2.54,0.00
52.96,-2.54,0.00
52.96,-2.54,0.00
52.97,-2.54,0.00
52.97,-2.54,0.00
52.98,-2.54,0.00
52.98,-2.54,0.00
52.99,-2.53,0.00
52.99,-2.53,0.00
53.00,-2.53,0.00
53.00,-2.53,0.00
53.01,-2.53,0.00
53.01,-2.53,0.00
53.02,-2.53,0.00
53.02,-2.53,0.00
53.03,-2.53,0.00
53.03,-2.53,0.00
53.04,-2.53,0.00
53.04,-2.53,0.00
53.05,-2.52,0.00
53.05,-2.52,0.00
53.06,-2.52,0.00
53.06,-2.52,0.00
53.07,-2.52,0.00
53.07,-2.52,0.00
53.07,-2.52,0.00
53.08,-2.52,0.00
53.08,-2.52,0.00
53.09,-2.52,0.00
53.09,-2.51,0.00
53.10,-2.51,0.00
53.10,-2.51,0.00
53.11,-2.51,0.00
53.11,-2.51,0.00
53.12,-2.51,0.00
53.12,-2.51,0.00
53.13,-2.51,0.00
53.13,-2.51,0.00
53.14,-2.51,0.00
53.14,-2.51,0.00
53.15,-2.50,0.00
53.15,-2.50,0.00
53.16,-2.50,0.00
53.16,-2.50,0.00
53.17,-2.50,0.00
53.17,-2.50,0.00
53.18,-2.50,0.00
53.18,-2.50,0.00
53.18,-2.50,0.00
53.19,-2.49,0.00
53.19,-2.49,0.00
53.20,-2.49,0.00
53.20,-2.49,0.00
53.21,-2.49,0.00
53.21,-2.49,0.00
53.22,-2.49,0.00
53.22,-2.49,0.00
53.23,-2.49,0.00
53.23,-2.49,0.00
53.24,-2.48,0.00
53.24,-2.48,0.00
53.25,-2.48,0.00
53.25,-2.48,0.00
53.26,-2.48,0.00
53.26,-2.48,0.00
53.27,-2.48,0.00
53.27,-2.48,0.00
53.27,-2.48,0.00
53.28,-2.47,0.00
53.28,-2.47,0.00
53.29,-2.47,0.00
53.29,-2.47,0.00
53.30,-2.47,0.00
53.30,-2.47,0.00
53.31,-2.47,0.00
53.31,-2.47,0.00
53.32,-2.47,0.00
53.32,-2.46,0.00
53.33,-2.46,0.00
53.33,-2.46,0.00
53.34,-2.46,0.00
53.34,-2.46,0.00
53.35,-2.46,0.00
53.35,-2.46,0.00
53.36,-2.46,0.00
53.36,-2.45,0.00
53.36,-2.45,0.00
53.37,-2.45,0.00
53.37,-2.45,0.00
53.38,-2.45,0.00
53.38,-2.45,0.00
53.39,-2.45,0.00
53.39,-2.45,0.00
53.40,-2.44,0.00
53.40,-2.44,0.00
53.41,-2.44,0.00
53.41,-2.44,0.00
53.42,-2.44,0.00
53.42,-2.44,0.00
53.43,-2.44,0.00
53.43,-2.44,0.00
53.44,-2.43,0.00
53.44,-2.43,0.00
53.45,-2.43,0.00
53.45,-2.43,0.00
53.45,-2.43,0.00
53.46,-2.43,0.00
53.46,-2.43,0.00
53.47,-2.43,0.00
53.47,-2.42,0.00
53.48,-2.42,0.00
53.48,-2.42,0.00
53.49,-2.42,0.00
53.49,-2.42,0.00
53.50,-2.42,0.00
53.50,-2.42,0.00
53.51,-2.42,0.00
53.51,-2.41,0.00
53.52,-2.41,0.00
53.52,-2.41,0.00
53.52,-2.41,0.00
53.53,-2.41,0.00
53.53,-2.41,0.00
53.54,-2.41,0.00
53.54,-2.40,0.00
53.55,-2.40,0.00
53.55,-2.40,0.00
53.56,-2.40,0.00
53.56,-2.40,0.00
53.57,-2.40,0.00
53.57,-2.40,0.00
53.58,-2.39,0.00
53.58,-2.39,0.00
53.59,-2.39,0.00
53.59,-2.39,0.00
53.60,-2.39,0.00
53.60,-2.39,0.00
53.60,-2.39,0.00
53.61,-2.39,0.00
53.61,-2.38,0.00
53.62,-2.38,0.00
53.62,-2.38,0.00
53.63,-2.38,0.00
53.63,-2.38,0.00
53.64,-2.38,0.00
53.64,-2.38,0.00
53.65,-2.37,0.00
53.65,-2.37,0.00
53.66,-2.37,0.00
53.66,-2.37,0.00
53.67,-2.37,0.00
53.67,-2.37,0.00
53.67,-2.37,0.00
53.68,-2.36,0.00
53.68,-2.36,0.00
53.69,-2.36,0.00
53.69,-2.36,0.00
53.70,-2.36,0.00
53.70,-2.36,0.00
53.71,-2.35,0.00
53.71,-2.35,0.00
53.72,-2.35,0.00
53.72,-2.35,0.00
53.73,-2.35,0.00
53.73,-2.35,0.00
53.73,-2.35,0.00
53.74,-2.34,0.00
53.74,-2.34,0.00
53.75,-2.34,0.00
53.75,-2.34,0.00
53.76,-2.34,0.00
53.76,-2.34,0.00
53.77,-2.34,0.00
53.77,-2.33,0.00
53.78,-2.33,0.00
53.78,-2.33,0.00
53.79,-2.33,0.00
53.79,-2.33,0.00
53.80,-2.33,0.00
53.80,-2.32,0.00
53.80,-2.32,0.00
53.81,-2.32,0.00
53.81,-2.32,0.00
53.82,-2.32,0.00
53.82,-2.32,0.00
53.83,-2.32,0.00
53.83,-2.31,0.00
53.84,-2.31,0.00
53.84,-2.31,0.00
53.85,-2.31,0.00
53.85,-2.31,0.00
53.86,-2.31,0.00
53.86,-2.30,0.00
53.86,-2.30,0.00
53.87,-2.30,0.00
53.87,-2.30,0.00
53.88,-2.30,0.00
53.88,-2.30,0.00
53.89,-2.29,0.00
53.89,-2.29,0.00
53.90,-2.29,0.00
53.90,-2.29,0.00
53.91,-2.29,0.00
53.91,-2.29,0.00
53.92,-2.29,0.00
53.92,-2.28,0.00
53.92,-2.28,0.00
53.93,-2.28,0.00
53.93,-2.28,0.00
53.94,-2.28,0.00
53.94,-2.28,0.00
53.95,-2.27,0.00
53.95,-2.27,0.00
53.96,-2.27,0.00
53.96,-2.27,0.00
53.97,-2.27,0.00
53.97,-2.27,0.00
53.97,-2.26,0.00
53.98,-2.26,0.00
53.98,-2.26,0.00
53.99,-2.26,0.00
53.99,-2.26,0.00
54.00,-2.26,0.00
54.00,-2.25,0.00
54.01,-2.25,0.00
54.01,-2.25,0.00
54.02,-2.25,0.00
54.02,-2.25,0.00
54.03,-2.25,0.00
54.03,-2.24,0.00
54.03,-2.24,0.00
54.04,-2.24,0.00
54.04,-2.24,0.00
54.05,-2.24,0.00
54.05,-2.24,0.00
54.06,-2.23,0.00
54.06,-2.23,0.00
54.07,-2.23,0.00
54.07,-2.23,0.00
54.08,-2.23,0.00
54.08,-2.22,0.00
54.08,-2.22,0.00
54.09,-2.22,0.00
54.09,-2.22,0.00
54.10,-2.22,0.00
54.10,-2.22,0.00
54.11,-2.21,0.00
54.11,-2.21,0.00
54.12,-2.21,0.00
54.12,-2.21,0.00
54.13,-2.21,0.00
54.13,-2.21,0.00
54.13,-2.20,0.00
54.14,-2.20,0.00
54.14,-2.20,0.00
54.15,-2.20,0.00
54.15,-2.20,0.00
54.16,-2.20,0.00
54.16,-2.19,0.00
54.17,-2.19,0.00
54.17,-2.19,0.00
54.18,-2.19,0.00
54.18,-2.19,0.00
54.18,-2.18,0.00
54.19,-2.18,0.00
54.19,-2.18,0.00
54.20,-2.18,0.00
54.20,-2.18,0.00
54.21,-2.18,0.00
54.21,-2.17,0.00
54.22,-2.17,0.00
54.22,-2.17,0.00
54.23,-2.17,0.00
54.23,-2.17,0.00
54.23,-2.16,0.00
54.24,-2.16,0.00
54.24,-2.16,0.00
54.25,-2.16,0.00
54.25,-2.16,0.00
54.26,-2.16,0.00
54.26,-2.15,0.00
54.27,-2.15,0.00
54.27,-2.15,0.00
54.28,-2.15,0.00
54.28,-2.15,0.00
54.28,-2.14,0.00
54.29,-2.14,0.00
54.29,-2.14,0.00
54.30,-2.14,0.00
54.30,-2.14,0.00
54.31,-2.14,0.00
54.31,-2.13,0.00
54.32,-2.13,0.00
54.32,-2.13,0.00
54.32,-2.13,0.00
54.33,-2.13,0.00
54.33,-2.12,0.00
54.34,-2.12,0.00
54.34,-2.12,0.00
54.35,-2.12,0.00
54.35,-2.12,0.00
54.36,-2.11,0.00
54.36,-2.11,0.00
54.37,-2.11,0.00
54.37,-2.11,0.00
54.37,-2.11,0.00
54.38,-2.11,0.00
54.38,-2.10,0.00
54.39,-2.10,0.00
54.39,-2.10,0.00
54.40,-2.10,0.00
54.40,-2.10,0.00
54.41,-2.09,0.00
54.41,-2.09,0.00
54.41,-2.09,0.00
54.42,-2.09,0.00
54.42,-2.09,0.00
54.43,-2.08,0.00
54.43,-2.08,0.00
54.44,-2.08,0.00
54.44,-2.08,0.00
54.45,-2.08,0.00
54.45,-2.08,0.00
54.46,-2.07,0.00
54.46,-2.07,0.00
54.46,-2.07,0.00
54.47,-2.07,0.00
54.47,-2.07,0.00
54.48,-2.06,0.00
54.48,-2.06,0.00
54.49,-2.06,0.00
54.49,-2.06,0.00
54.50,-2.06,0.00
54.50,-2.05,0.00
54.50,-2.05,0.00
54.51,-2.05,0.00
54.51,-2.05,0.00
54.52,-2.05,0.00
54.52,-2.04,0.00
54.53,-2.04,0.00
54.53,-2.04,0.00
54.54,-2.04,0.00
54.54,-2.04,0.00
54.54,-2.03,0.00
54.55,-2.03,0.00
54.55,-2.03,0.00
54.56,-2.03,0.00
54.56,-2.03,0.00
54.57,-2.02,0.00
54.57,-2.02,0.00
54.58,-2.02,0.00
54.58,-2.02,0.00
54.58,-2.02,0.00
54.59,-2.01,0.00
54.59,-2.01,0.00
54.60,-2.01,0.00
54.60,-2.01,0.00
54.61,-2.01,0.00
54.61,-2.00,0.00
54.62,-2.00,0.00
54.62,-2.00,0.00
54.62,-2.00,0.00
54.63,-2.00,0.00
54.63,-1.99,0.00
54.64,-1.99,0.00
54.64,-1.99,0.00
54.65,-1.99,0.00
54.65,-1.99,0.00
54.66,-1.98,0.00
54.66,-1.98,0.00
54.66,-1.98,0.00
54.67,-1.98,0.00
54.67,-1.98,0.00
54.68,-1.97,0.00
54.68,-1.97,0.00
54.69,-1.97,0.00
54.69,-1.97,0.00
54.70,-1.97,0.00
54.70,-1.96,0.00
54.70,-1.96,0.00
54.71,-1.96,0.00
54.71,-1.96,0.00
54.72,-1.96,0.00
54.72,-1.95,0.00
54.73,-1.95,0.00
54.73,-1.95,0.00
54.74,-1.95,0.00
54.74,-1.95,0.00
54.74,-1.94,0.00
54.75,-1.94,0.00
54.75,-1.94,0.00
54.76,-1.94,0.00
54.76,-1.94,0.00
54.77,-1.93,0.00
54.77,-1.93,0.00
54.78,-1.93,0.00
54.78,-1.93,0.00
54.78,-1.93,0.00
54.79,-1.92,0.00
54.79,-1.92,0.00
54.80,-1.92,0.00
54.80,-1.92,0.00
54.81,-1.92,0.00
54.81,-1.91,0.00
54.82,-1.91,0.00
54.82,-1.91,0.00
54.82,-1.91,0.00
54.83,-1.90,0.00
54.83,-1.90,0.00
54.84,-1.90,0.00
54.84,-1.90,0.00
54.85,-1.90,0.00
54.85,-1.89,0.00
54.86,-1.89,0.00
54.86,-1.89,0.00
54.86,-1.89,0.00
54.87,-1.89,0.00
54.87,-1.88,0.00
54.88,-1.88,0.00
54.88,-1.88,0.00
54.89,-1.88,0.00
54.89,-1.88,0.00
54.89,-1.87,0.00
54.90,-1.87,0.00
54.90,-1.87,0.00
54.91,-1.87,0.00
54.91,-1.86,0.00
54.92,-1.86,0.00
54.92,-1.86,0.00
54.93,-1.86,0.00
54.93,-1.86,0.00
54.93,-1.85,0.00
54.94,-1.85,0.00
54.94,-1.85,0.00
54.95,-1.85,0.00
54.95,-1.85,0.00
54.96,-1.84,0.00
54.96,-1.84,0.00
54.97,-1.84,0.00
54.97,-1.84,0.00
54.97,-1.84,0.00
54.98,-1.83,0.00
54.98,-1.83,0.00
54.99,-1.83,0.00
54.99,-1.83,0.00
55.00,-1.82,0.00
55.00,-1.82,0.00
55.00,-1.82,0.00
55.01,-1.82,0.00
55.01,-1.82,0.00
55.02,-1.81,0.00
55.02,-1.81,0.00
55.03,-1.81,0.00
55.03,-1.81,0.00
55.04,-1.81,0.00
55.04,-1.80,0.00
55.04,-1.80,0.00
55.05,-1.80,0.00
55.05,-1.80,0.00
55.06,-1.79,0.00
55.06,-1.79,0.00
55.07,-1.79,0.00
55.07,-1.79,0.00
55.07,-1.79,0.00
55.08,-1.78,0.00
55.08,-1.78,0.00
55.09,-1.78,0.00
55.09,-1.78,0.00
55.10,-1.78,0.00
55.10,-1.77,0.00
55.11,-1.77,0.00
55.11,-1.77,0.00
55.11,-1.77,0.00
55.12,-1.76,0.00
55.12,-1.76,0.00
55.13,-1.76,0.00
55.13,-1.76,0.00
55.14,-1.76,0.00
55.14,-1.75,0.00
55.14,-1.75,0.00
55.15,-1.75,0.00
55.15,-1.75,0.00
55.16,-1.74,0.00
55.16,-1.74,0.00
55.17,-1.74,0.00
55.17,-1.74,0.00
55.17,-1.74,0.00
55.18,-1.73,0.00
55.18,-1.73,0.00
55.19,-1.73,0.00
55.19,-1.73,0.00
55.20,-1.73,0.00
55.20,-1.72,0.00
55.21,-1.72,0.00
55.21,-1.72,0.00
55.21,-1.72,0.00
55.22,-1.71,0.00
55.22,-1.71,0.00
55.23,-1.71,0.00
55.23,-1.71,0.00
55.24,-1.71,0.00
55.24,-1.70,0.00
55.24,-1.70,0.00
55.25,-1.70,0.00
55.25,-1.70,0.00
55.26,-1.69,0.00
55.26,-1.69,0.00
55.27,-1.69,0.00
55.27,-1.69,0.00
55.28,-1.69,0.00
55.28,-1.68,0.00
55.28,-1.68,0.00
55.29,-1.68,0.00
55.29,-1.68,0.00
55.30,-1.67,0.00
55.30,-1.67,0.00
55.31,-1.67,0.00
55.31,-1.67,0.00
55.31,-1.67,0.00
55.32,-1.66,0.00
55.32,-1.66,0.00
55.33,-1.66,0.00
55.33,-1.66,0.00
55.34,-1.65,0.00
55.34,-1.65,0.00
55.34,-1.65,0.00
55.35,-1.65,0.00
55.35,-1.65,0.00
55.36,-1.64,0.00
55.36,-1.64,0.00
55.37,-1.64,0.00
55.37,-1.64,0.00
55.37,-1.63,0.00
55.38,-1.63,0.00
55.38,-1.63,0.00
55.39,-1.63,0.00
55.39,-1.63,0.00
55.40,-1.62,0.00
55.40,-1.62,0.00
55.41,-1.62,0.00
55.41,-1.62,0.00
55.41,-1.61,0.00
55.42,-1.61,0.00
55.42,-1.61,0.00
55.43,-1.61,0.00
55.43,-1.60,0.00
55.44,-1.60,0.00
55.44,-1.60,0.00
55.44,-1.60,0.00
55.45,-1.60,0.00
55.45,-1.59,0.00
55.46,-1.59,0.00
55.46,-1.59,0.00
55.47,-1.59,0.00
55.47,-1.58,0.00
55.47,-1.58,0.00
55.48,-1.58,0.00
55.48,-1.58,0.00
55.49,-1.58,0.00
55.49,-1.57,0.00
55.50,-1.57,0.00
55.50,-1.57,0.00
55.50,-1.57,0.00
55.51,-1.56,0.00
55.51,-1.56,0.00
55.52,-1.56,0.00
55.52,-1.56,0.00
55.53,-1.56,0.00
55.53,-1.55,0.00
55.53,-1.55,0.00
55.54,-1.55,0.00
55.54,-1.55,0.00
55.55,-1.54,0.00
55.55,-1.54,0.00
55.56,-1.54,0.00
55.56,-1.54,0.00
55.56,-1.53,0.00
55.57,-1.53,0.00
55.57,-1.53,0.00
55.58,-1.53,0.00
55.58,-1.53,0.00
55.59,-1.52,0.00
55.59,-1.52,0.00
55.60,-1.52,0.00
55.60,-1.52,0.00
55.60,-1.51,0.00
55.61,-1.51,0.00
55.61,-1.51,0.00
55.62,-1.51,0.00
55.62,-1.51,0.00
55.63,-1.50,0.00
55.63,-1.50,0.00
55.63,-1.50,0.00
55.64,-1.50,0.00
55.64,-1.49,0.00
55.65,-1.49,0.00
55.65,-1.49,0.00
55.66,-1.49,0.00
55.66,-1.48,0.00
55.66,-1.48,0.00
55.67,-1.48,0.00
55.67,-1.48,0.00
55.68,-1.48,0.00
55.68,-1.47,0.00
55.69,-1.47,0.00
55.69,-1.47,0.00
55.69,-1.47,0.00
55.70,-1.46,0.00
55.70,-1.46,0.00
55.71,-1.46,0.00
55.71,-1.46,0.00
55.72,-1.45,0.00
55.72,-1.45,0.00
55.72,-1.45,0.00
55.73,-1.45,0.00
55.73,-1.45,0.00
55.74,-1.44,0.00
55.74,-1.44,0.00
55.75,-1.44,0.00
55.75,-1.44,0.00
55.75,-1.43,0.00
55.76,-1.43,0.00
55.76,-1.43,0.00
55.77,-1.43,0.00
55.77,-1.42,0.00
55.78,-1.42,0.00
55.78,-1.42,0.00
55.78,-1.42,0.00
55.79,-1.42,0.00
55.79,-1.41,0.00
55.80,-1.41,0.00
55.80,-1.41,0.00
55.81,-1.41,0.00
55.81,-1.40,0.00
55.81,-1.40,0.00
55.82,-1.40,0.00
55.82,-1.40,0.00
55.83,-1.39,0.00
55.83,-1.39,0.00
55.84,-1.39,0.00
55.84,-1.39,0.00
55.84,-1.39,0.00
55.85,-1.38,0.00
55.85,-1.38,0.00
55.86,-1.38,0.00
55.86,-1.38,0.00
55.87,-1.37,0.00
55.87,-1.37,0.00
55.87,-1.37,0.00
55.88,-1.37,0.00
55.88,-1.36,0.00
55.89,-1.36,0.00
55.89,-1.36,0.00
55.90,-1.36,0.00
55.90,-1.35,0.00
55.90,-1.35,0.00
55.91,-1.35,0.00
55.91,-1.35,0.00
55.92,-1.35,0.00
55.92,-1.34,0.00
55.93,-1.34,0.00
55.93,-1.34,0.00
55.93,-1.34,0.00
55.94,-1.33,0.00
55.94,-1.33,0.00
55.95,-1.33,0.00
55.95,-1.33,0.00
55.96,-1.32,0.00
55.96,-1.32,0.00
55.96,-1.32,0.00
55.97,-1.32,0.00
55.97,-1.32,0.00
55.98,-1.31,0.00
55.98,-1.31,0.00
55.99,-1.31,0.00
55.99,-1.31,0.00
55.99,-1.30,0.00
56.00,-1.30,0.00
56.00,-1.30,0.00
56.01,-1.30,0.00
56.01,-1.29,0.00
56.02,-1.29,0.00
56.02,-1.29,0.00
56.02,-1.29,0.00
56.03,-1.28,0.00
56.03,-1.28,0.00
56.04,-1.28,0.00
56.04,-1.28,0.00
56.05,-1.28,0.00
56.05,-1.27,0.00
56.05,-1.27,0.00
56.06,-1.27,0.00
56.06,-1.27,0.00
56.07,-1.26,0.00
56.07,-1.26,0.00
56.08,-1.26,0.00
56.08,-1.26,0.00
56.08,-1.25,0.00
56.09,-1.25,0.00
56.09,-1.25,0.00
56.10,-1.25,0.00
56.10,-1.24,0.00
56.11,-1.24,0.00
56.11,-1.24,0.00
56.11,-1.24,0.00
56.12,-1.24,0.00
56.12,-1.23,0.00
56.13,-1.23,0.00
56.13,-1.23,0.00
56.14,-1.23,0.00
56.14,-1.22,0.00
56.14,-1.22,0.00
56.15,-1.22,0.00
56.15,-1.22,0.00
56.16,-1.21,0.00
56.16,-1.21,0.00
56.17,-1.21,0.00
56.17,-1.21,0.00
56.17,-1.20,0.00
56.18,-1.20,0.00
56.18,-1.20,0.00
56.19,-1.20,0.00
56.19,-1.20,0.00
56.20,-1.19,0.00
56.20,-1.19,0.00
56.20,-1.19,0.00
56.21,-1.19,0.00
56.21,-1.18,0.00
56.22,-1.18,0.00
56.22,-1.18,0.00
56.23,-1.18,0.00
56.23,-1.17,0.00
56.23,-1.17,0.00
56.24,-1.17,0.00
56.24,-1.17,0.00
56.25,-1.16,0.00
56.25,-1.16,0.00
56.26,-1.16,0.00
56.26,-1.16,0.00
56.26,-1.16,0.00
56.27,-1.15,0.00
56.27,-1.15,0.00
56.28,-1.15,0.00
56.28,-1.15,0.00
56.28,-1.14,0.00
56.29,-1.14,0.00
56.29,-1.14,0.00
56.30,-1.14,0.00
56.30,-1.13,0.00
56.31,-1.13,0.00
56.31,-1.13,0.00
56.31,-1.13,0.00
56.32,-1.12,0.00
56.32,-1.12,0.00
56.33,-1.12,0.00
56.33,-1.12,0.00
56.34,-1.12,0.00
56.34,-1.11,0.00
56.34,-1.11,0.00
56.35,-1.11,0.00
56.35,-1.11,0.00
56.36,-1.10,0.00
56.36,-1.10,0.00
56.37,-1.10,0.00
56.37,-1.10,0.00
56.37,-1.09,0.00
56.38,-1.09,0.00
56.38,-1.09,0.00
56.39,-1.09,0.00
56.39,-1.08,0.00
56.40,-1.08,0.00
56.40,-1.08,0.00
56.40,-1.08,0.00
56.41,-1.08,0.00
56.41,-1.07,0.00
56.42,-1.07,0.00
56.42,-1.07,0.00
56.43,-1.07,0.00
56.43,-1.06,0.00
56.43,-1.06,0.00
56.44,-1.06,0.00
56.44,-1.06,0.00
56.45,-1.05,0.00
56.45,-1.05,0.00
56.46,-1.05,0.00
56.46,-1.05,0.00
56.46,-1.04,0.00
56.47,-1.04,0.00
56.47,-1.04,0.00
56.48,-1.04,0.00
56.48,-1.03,0.00
56.49,-1.03,0.00
56.49,-1.03,0.00
56.49,-1.03,0.00
56.50,-1.03,0.00
56.50,-1.02,0.00
56.51,-1.02,0.00
56.51,-1.02,0.00
56.52,-1.02,0.00
56.52,-1.01,0.00
56.52,-1.01,0.00
56.53,-1.01,0.00
56.53,-1.01,0.00
56.54,-1.00,0.00
56.54,-1.00,0.00
56.55,-1.00,0.00
56.55,-1.00,0.00
56.55,-0.99,0.00
56.56,-0.99,0.00
56.56,-0.99,0.00
56.57,-0.99,0.00
56.57,-0.99,0.00
56.57,-0.98,0.00
56.58,-0.98,0.00
56.58,-0.98,0.00
56.59,-0.98,0.00
56.59,-0.97,0.00
56.60,-0.97,0.00
56.60,-0.97,0.00
56.60,-0.97,0.00
56.61,-0.96,0.00
56.61,-0.96,0.00
56.62,-0.96,0.00
56.62,-0.96,0.00
56.63,-0.95,0.00
56.63,-0.95,0.00
56.63,-0.95,0.00
56.64,-0.95,0.00
56.64,-0.94,0.00
56.65,-0.94,0.00
56.65,-0.94,0.00
56.66,-0.94,0.00
56.66,-0.94,0.00
56.66,-0.93,0.00
56.67,-0.93,0.00
56.67,-0.93,0.00
56.68,-0.93,0.00
56.68,-0.92,0.00
56.69,-0.92,0.00
56.69,-0.92,0.00
56.69,-0.92,0.00
56.70,-0.91,0.00
56.70,-0.91,0.00
56.71,-0.91,0.00
56.71,-0.91,0.00
56.72,-0.90,0.00
56.72,-0.90,0.00
56.72,-0.90,0.00
56.73,-0.90,0.00
56.73,-0.90,0.00
56.74,-0.89,0.00
56.74,-0.89,0.00
56.75,-0.89,0.00
56.75,-0.89,0.00
56.75,-0.88,0.00
56.76,-0.88,0.00
56.76,-0.88,0.00
56.77,-0.88,0.00
56.77,-0.87,0.00
56.78,-0.87,0.00
56.78,-0.87,0.00
56.78,-0.87,0.00
56.79,-0.86,0.00
56.79,-0.86,0.00
56.80,-0.86,0.00
56.80,-0.86,0.00
56.81,-0.86,0.00
56.81,-0.85,0.00
56.81,-0.85,0.00
56.82,-0.85,0.00
56.82,-0.85,0.00
56.83,-0.84,0.00
56.83,-0.84,0.00
56.84,-0.84,0.00
56.84,-0.84,0.00
56.84,-0.83,0.00
56.85,-0.83,0.00
56.85,-0.83,0.00
56.86,-0.83,0.00
56.86,-0.82,0.00
56.86,-0.82,0.00
56.87,-0.82,0.00
56.87,-0.82,0.00
56.88,-0.82,0.00
56.88,-0.81,0.00
56.89,-0.81,0.00
56.89,-0.81,0.00
56.89,-0.81,0.00
56.90,-0.80,0.00
56.90,-0.80,0.00
56.91,-0.80,0.00
56.91,-0.80,0.00
56.92,-0.79,0.00
56.92,-0.79,0.00
56.92,-0.79,0.00
56.93,-0.79,0.00
56.93,-0.78,0.00
56.94,-0.78,0.00
56.94,-0.78,0.00
56.95,-0.78,0.00
56.95,-0.77,0.00
56.95,-0.77,0.00
56.96,-0.77,0.00
56.96,-0.77,0.00
56.97,-0.77,0.00
56.97,-0.76,0.00
56.98,-0.76,0.00
56.98,-0.76,0.00
56.98,-0.76,0.00
56.99,-0.75,0.00
56.99,-0.75,0.00
57.00,-0.75,0.00
57.00,-0.75,0.00
57.01,-0.74,0.00
57.01,-0.74,0.00
57.01,-0.74,0.00
57.02,-0.74,0.00
57.02,-0.74,0.00
57.03,-0.73,0.00
57.03,-0.73,0.00
57.04,-0.73,0.00
57.04,-0.73,0.00
57.04,-0.72,0.00
57.05,-0.72,0.00
57.05,-0.72,0.00
57.06,-0.72,0.00
57.06,-0.71,0.00
57.07,-0.71,0.00
57.07,-0.71,0.00
57.07,-0.71,0.00
57.08,-0.70,0.00
57.08,-0.70,0.00
57.09,-0.70,0.00
57.09,-0.70,0.00
57.10,-0.70,0.00
57.10,-0.69,0.00
57.10,-0.69,0.00
57.11,-0.69,0.00
57.11,-0.69,0.00
57.12,-0.68,0.00
57.12,-0.68,0.00
57.13,-0.68,0.00
57.13,-0.68,0.00
57.13,-0.67,0.00
57.14,-0.67,0.00
57.14,-0.67,0.00
57.15,-0.67,0.00
57.15,-0.66,0.00
57.16,-0.66,0.00
57.16,-0.66,0.00
57.16,-0.66,0.00
57.17,-0.66,0.00
57.17,-0.65,0.00
57.18,-0.65,0.00
57.18,-0.65,0.00
57.19,-0.65,0.00
57.19,-0.64,0.00
57.19,-0.64,0.00
57.20,-0.64,0.00
57.20,-0.64,0.00
57.21,-0.63,0.00
57.21,-0.63,0.00
57.22,-0.63,0.00
57.22,-0.63,0.00
57.22,-0.63,0.00
57.23,-0.62,0.00
57.23,-0.62,0.00
57.24,-0.62,0.00
57.24,-0.62,0.00
57.25,-0.61,0.00
57.25,-0.61,0.00
57.25,-0.61,0.00
57.26,-0.61,0.00
57.26,-0.60,0.00
57.27,-0.60,0.00
57.27,-0.60,0.00
57.28,-0.60,0.00
57.28,-0.59,0.00
57.28,-0.59,0.00
57.29,-0.59,0.00
57.29,-0.59,0.00
57.30,-0.59,0.00
57.30,-0.58,0.00
57.31,-0.58,0.00
57.31,-0.58,0.00
57.31,-0.58,0.00
57.32,-0.57,0.00
57.32,-0.57,0.00
57.33,-0.57,0.00
57.33,-0.57,0.00
57.34,-0.56,0.00
57.34,-0.56,0.00
39.66,-1.13,0.00
39.67,-1.13,0.00
39.67,-1.13,0.00
39.68,-1.13,0.00
39.68,-1.13,0.00
39.69,-1.12,0.00
39.69,-1.12,0.00
39.70,-1.12,0.00
39.70,-1.12,0.00
39.71,-1.12,0.00
39.71,-1.12,0.00
39.72,-1.12,0.00
39.72,-1.11,0.00
39.73,-1.11,0.00
39.73,-1.11,0.00
39.74,-1.11,0.00
39.74,-1.11,0.00
39.75,-1.11,0.00
39.75,-1.10,0.00
39.76,-1.10,0.00
39.76,-1.10,0.00
39.77,-1.10,0.00
39.77,-1.10,0.00
39.78,-1.10,0.00
39.78,-1.10,0.00
39.79,-1.09,0.00
39.79,-1.09,0.00
39.80,-1.09,0.00
39.80,-1.09,0.00
39.81,-1.09,0.00
39.81,-1.09,0.00
39.82,-1.08,0.00
39.82,-1.08,0.00
39.83,-1.08,0.00
39.83,-1.08,0.00
39.84,-1.08,0.00
39.84,-1.08,0.00
39.85,-1.08,0.00
39.85,-1.07,0.00
39.86,-1.07,0.00
39.86,-1.07,0.00
39.87,-1.07,0.00
39.87,-1.07,0.00
39.88,-1.07,0.00
39.88,-1.07,0.00
39.89,-1.06,0.00
39.89,-1.06,0.00
39.90,-1.06,0.00
39.90,-1.06,0.00
39.91,-1.06,0.00
39.91,-1.06,0.00
39.92,-1.06,0.00
39.92,-1.05,0.00
39.93,-1.05,0.00
39.93,-1.05,0.00
39.94,-1.05,0.00
39.94,-1.05,0.00
39.95,-1.05,0.00
39.95,-1.05,0.00
39.96,-1.04,0.00
39.96,-1.04,0.00
39.97,-1.04,0.00
39.97,-1.04,0.00
39.98,-1.04,0.00
39.98,-1.04,0.00
39.99,-1.04,0.00
39.99,-1.03,0.00
40.00,-1.03,0.00
40.00,-1.03,0.00
40.01,-1.03,0.00
40.01,-1.03,0.00
40.02,-1.03,0.00
40.02,-1.03,0.00
40.03,-1.02,0.00
40.03,-1.02,0.00
40.04,-1.02,0.00
40.04,-1.02,0.00
40.05,-1.02,0.00
40.05,-1.02,0.00
40.06,-1.02,0.00
40.06,-1.02,0.00
40.07,-1.01,0.00
40.07,-1.01,0.00
40.08,-1.01,0.00
40.08,-1.01,0.00
40.09,-1.01,0.00
40.09,-1.01,0.00
40.10,-1.01,0.00
40.10,-1.01,0.00
40.11,-1.00,0.00
40.11,-1.00,0.00
40.12,-1.00,0.00
40.12,-1.00,0.00
40.13,-1.00,0.00
40.13,-1.00,0.00
40.14,-1.00,0.00
40.14,-1.00,0.00
40.15,-0.99,0.00
40.15,-0.99,0.00
40.16,-0.99,0.00
40.16,-0.99,0.00
40.17,-0.99,0.00
40.17,-0.99,0.00
40.18,-0.99,0.00
40.18,-0.99,0.00
40.19,-0.98,0.00
40.19,-0.98,0.00
40.20,-0.98,0.00
40.20,-0.98,0.00
40.21,-0.98,0.00
40.21,-0.98,0.00
40.22,-0.98,0.00
40.22,-0.98,0.00
40.23,-0.97,0.00
40.23,-0.97,0.00
40.24,-0.97,0.00
40.24,-0.97,0.00
40.25,-0.97,0.00
40.25,-0.97,0.00
40.26,-0.97,0.00
40.26,-0.97,0.00
40.27,-0.97,0.00
40.27,-0.96,0.00
40.28,-0.96,0.00
40.28,-0.96,0.00
40.29,-0.96,0.00
40.29,-0.96,0.00
40.30,-0.96,0.00
40.30,-0.96,0.00
40.31,-0.96,0.00
40.31,-0.96,0.00
40.32,-0.95,0.00
40.32,-0.95,0.00
40.33,-0.95,0.00
40.33,-0.95,0.00
40.34,-0.95,0.00
40.34,-0.95,0.00
40.35,-0.95,0.00
40.35,-0.95,0.00
40.36,-0.95,0.00
40.36,-0.95,0.00
40.37,-0.94,0.00
40.37,-0.94,0.00
40.38,-0.94,0.00
40.38,-0.94,0.00
40.39,-0.94,0.00
40.40,-0.94,0.00
40.40,-0.94,0.00
40.41,-0.94,0.00
40.41,-0.94,0.00
40.42,-0.93,0.00
40.42,-0.93,0.00
40.43,-0.93,0.00
40.43,-0.93,0.00
40.44,-0.93,0.00
40.44,-0.93,0.00
40.45,-0.93,0.00
40.45,-0.93,0.00
40.46,-0.93,0.00
40.46,-0.93,0.00
40.47,-0.93,0.00
40.47,-0.92,0.00
40.48,-0.92,0.00
40.48,-0.92,0.00
40.49,-0.92,0.00
40.49,-0.92,0.00
40.50,-0.92,0.00
40.50,-0.92,0.00
40.51,-0.92,0.00
40.51,-0.92,0.00
40.52,-0.92,0.00
40.52,-0.92,0.00
40.53,-0.91,0.00
40.53,-0.91,0.00
40.54,-0.91,0.00
40.54,-0.91,0.00
40.55,-0.91,0.00
40.55,-0.91,0.00
40.56,-0.91,0.00
40.56,-0.91,0.00
40.57,-0.91,0.00
40.57,-0.91,0.00
40.58,-0.91,0.00
40.58,-0.90,0.00
40.59,-0.90,0.00
40.59,-0.90,0.00
40.60,-0.90,0.00
40.60,-0.90,0.00
40.61,-0.90,0.00
40.61,-0.90,0.00
40.62,-0.90,0.00
40.62,-0.90,0.00
40.63,-0.90,0.00
40.64,-0.90,0.00
40.64,-0.90,0.00
40.65,-0.90,0.00
40.65,-0.89,0.00
40.66,-0.89,0.00
40.66,-0.89,0.00
40.67,-0.89,0.00
40.67,-0.89,0.00
40.68,-0.89,0.00
40.68,-0.89,0.00
40.69,-0.89,0.00
40.69,-0.89,0.00
40.70,-0.89,0.00
40.70,-0.89,0.00
40.71,-0.89,0.00
40.71,-0.89,0.00
40.72,-0.89,0.00
40.72,-0.88,0.00
40.73,-0.88,0.00
40.73,-0.88,0.00
40.74,-0.88,0.00
40.74,-0.88,0.00
40.75,-0.88,0.00
40.75,-0.88,0.00
40.76,-0.88,0.00
40.76,-0.88,0.00
40.77,-0.88,0.00
40.77,-0.88,0.00
40.78,-0.88,0.00
40.78,-0.88,0.00
40.79,-0.88,0.00
40.79,-0.88,0.00
40.80,-0.87,0.00
40.80,-0.87,0.00
40.81,-0.87,0.00
40.82,-0.87,0.00
40.82,-0.87,0.00
40.83,-0.87,0.00
40.83,-0.87,0.00
40.84,-0.87,0.00
40.84,-0.87,0.00
40.85,-0.87,0.00
40.85,-0.87,0.00
40.86,-0.87,0.00
40.86,-0.87,0.00
40.87,-0.87,0.00
40.87,-0.87,0.00
40.88,-0.87,0.00
40.88,-0.87,0.00
40.89,-0.87,0.00
40.89,-0.86,0.00
40.90,-0.86,0.00
40.90,-0.86,0.00
40.91,-0.86,0.00
40.91,-0.86,0.00
40.92,-0.86,0.00
40.92,-0.86,0.00
40.93,-0.86,0.00
40.93,-0.86,0.00
40.94,-0.86,0.00
40.94,-0.86,0.00
40.95,-0.86,0.00
40.95,-0.86,0.00
40.96,-0.86,0.00
40.96,-0.86,0.00
40.97,-0.86,0.00
40.98,-0.86,0.00
40.98,-0.86,0.00
40.99,-0.86,0.00
40.99,-0.86,0.00
41.00,-0.86,0.00
41.00,-0.86,0.00
41.01,-0.86,0.00
41.01,-0.85,0.00
41.02,-0.85,0.00
41.02,-0.85,0.00
41.03,-0.85,0.00
41.03,-0.85,0.00
41.04,-0.85,0.00
41.04,-0.85,0.00
41.05,-0.85,0.00
41.05,-0.85,0.00
41.06,-0.85,0.00
41.06,-0.85,0.00
41.07,-0.85,0.00
41.07,-0.85,0.00
41.08,-0.85,0.00
41.08,-0.85,0.00
41.09,-0.85,0.00
41.09,-0.85,0.00
41.10,-0.85,0.00
41.10,-0.85,0.00
41.11,-0.85,0.00
41.12,-0.85,0.00
41.12,-0.85,0.00
41.13,-0.85,0.00
41.13,-0.85,0.00
41.14,-0.85,0.00
41.14,-0.85,0.00
41.15,-0.85,0.00
41.15,-0.85,0.00
41.16,-0.85,0.00
41.16,-0.85,0.00
41.17,-0.85,0.00
41.17,-0.85,0.00
41.18,-0.85,0.00
41.18,-0.85,0.00
41.19,-0.85,0.00
41.19,-0.85,0.00
41.20,-0.85,0.00
41.20,-0.85,0.00
41.21,-0.85,0.00
41.21,-0.85,0.00
41.22,-0.84,0.00
41.22,-0.84,0.00
41.23,-0.84,0.00
41.23,-0.84,0.00
41.24,-0.84,0.00
41.24,-0.84,0.00
41.25,-0.84,0.00
41.26,-0.84,0.00
41.26,-0.84,0.00
41.27,-0.84,0.00
41.27,-0.84,0.00
41.28,-0.84,0.00
41.28,-0.84,0.00
41.29,-0.84,0.00
41.29,-0.84,0.00
41.30,-0.84,0.00
41.30,-0.84,0.00
41.31,-0.84,0.00
41.31,-0.84,0.00
41.32,-0.84,0.00
41.32,-0.84,0.00
41.33,-0.84,0.00
41.33,-0.84,0.00
41.34,-0.84,0.00
41.34,-0.84,0.00
41.35,-0.84,0.00
41.35,-0.84,0.00
41.36,-0.84,0.00
41.36,-0.84,0.00
41.37,-0.84,0.00
41.37,-0.84,0.00
41.38,-0.84,0.00
41.38,-0.84,0.00
41.39,-0.84,0.00
41.40,-0.84,0.00
41.40,-0.84,0.00
41.41,-0.84,0.00
41.41,-0.84,0.00
41.42,-0.84,0.00
41.42,-0.84,0.00
41.43,-0.85,0.00
41.43,-0.85,0.00
41.44,-0.85,0.00
41.44,-0.85,0.00
41.45,-0.85,0.00
41.45,-0.85,0.00
41.46,-0.85,0.00
41.46,-0.85,0.00
41.47,-0.85,0.00
41.47,-0.85,0.00
41.48,-0.85,0.00
41.48,-0.85,0.00
41.49,-0.85,0.00
41.49,-0.85,0.00
41.50,-0.85,0.00
41.50,-0.85,0.00
41.51,-0.85,0.00
41.51,-0.85,0.00
41.52,-0.85,0.00
41.52,-0.85,0.00
41.53,-0.85,0.00
41.54,-0.85,0.00
41.54,-0.85,0.00
41.55,-0.85,0.00
41.55,-0.85,0.00
41.56,-0.85,0.00
41.56,-0.85,0.00
41.57,-0.85,0.00
41.57,-0.85,0.00
41.58,-0.85,0.00
41.58,-0.85,0.00
41.59,-0.85,0.00
41.59,-0.85,0.00
41.60,-0.85,0.00
41.60,-0.85,0.00
41.61,-0.85,0.00
41.61,-0.85,0.00
41.62,-0.85,0.00
41.62,-0.85,0.00
41.63,-0.86,0.00
41.63,-0.86,0.00
41.64,-0.86,0.00
41.64,-0.86,0.00
41.65,-0.86,0.00
41.65,-0.86,0.00
41.66,-0.86,0.00
41.66,-0.86,0.00
41.67,-0.86,0.00
41.67,-0.86,0.00
41.68,-0.86,0.00
41.69,-0.86,0.00
41.69,-0.86,0.00
41.70,-0.86,0.00
41.70,-0.86,0.00
41.71,-0.86,0.00
41.71,-0.86,0.00
41.72,-0.86,0.00
41.72,-0.86,0.00
41.73,-0.86,0.00
41.73,-0.86,0.00
41.74,-0.86,0.00
41.74,-0.87,0.00
41.75,-0.87,0.00
41.75,-0.87,0.00
41.76,-0.87,0.00
41.76,-0.87,0.00
41.77,-0.87,0.00
41.77,-0.87,0.00
41.78,-0.87,0.00
41.78,-0.87,0.00
41.79,-0.87,0.00
41.79,-0.87,0.00
41.80,-0.87,0.00
41.80,-0.87,0.00
41.81,-0.87,0.00
41.81,-0.87,0.00
41.82,-0.87,0.00
41.82,-0.87,0.00
41.83,-0.88,0.00
41.83,-0.88,0.00
41.84,-0.88,0.00
41.85,-0.88,0.00
41.85,-0.88,0.00
41.86,-0.88,0.00
41.86,-0.88,0.00
41.87,-0.88,0.00
41.87,-0.88,0.00
41.88,-0.88,0.00
41.88,-0.88,0.00
41.89,-0.88,0.00
41.89,-0.88,0.00
41.90,-0.88,0.00
41.90,-0.89,0.00
41.91,-0.89,0.00
41.91,-0.89,0.00
41.92,-0.89,0.00
41.92,-0.89,0.00
41.93,-0.89,0.00
41.93,-0.89,0.00
41.94,-0.89,0.00
41.94,-0.89,0.00
41.95,-0.89,0.00
41.95,-0.89,0.00
41.96,-0.89,0.00
41.96,-0.89,0.00
41.97,-0.90,0.00
41.97,-0.90,0.00
41.98,-0.90,0.00
41.98,-0.90,0.00
41.99,-0.90,0.00
41.99,-0.90,0.00
42.00,-0.90,0.00
42.00,-0.90,0.00
42.01,-0.90,0.00
42.01,-0.90,0.00
42.02,-0.90,0.00
42.02,-0.90,0.00
42.03,-0.91,0.00
42.03,-0.91,0.00
42.04,-0.91,0.00
42.05,-0.91,0.00
42.05,-0.91,0.00
42.06,-0.91,0.00
42.06,-0.91,0.00
42.07,-0.91,0.00
42.07,-0.91,0.00
42.08,-0.91,0.00
42.08,-0.91,0.00
42.09,-0.92,0.00
42.09,-0.92,0.00
42.10,-0.92,0.00
42.10,-0.92,0.00
42.11,-0.92,0.00
42.11,-0.92,0.00
42.12,-0.92,0.00
42.12,-0.92,0.00
42.13,-0.92,0.00
42.13,-0.92,0.00
42.14,-0.93,0.00
42.14,-0.93,0.00
42.15,-0.93,0.00
42.15,-0.93,0.00
42.16,-0.93,0.00
42.16,-0.93,0.00
42.17,-0.93,0.00
42.17,-0.93,0.00
42.18,-0.93,0.00
42.18,-0.94,0.00
42.19,-0.94,0.00
42.19,-0.94,0.00
42.20,-0.94,0.00
42.20,-0.94,0.00
42.21,-0.94,0.00
42.21,-0.94,0.00
42.22,-0.94,0.00
42.22,-0.94,0.00
42.23,-0.95,0.00
42.23,-0.95,0.00
42.24,-0.95,0.00
42.24,-0.95,0.00
42.25,-0.95,0.00
42.25,-0.95,0.00
42.26,-0.95,0.00
42.26,-0.95,0.00
42.27,-0.95,0.00
42.27,-0.96,0.00
42.28,-0.96,0.00
42.28,-0.96,0.00
42.29,-0.96,0.00
42.29,-0.96,0.00
42.30,-0.96,0.00
42.30,-0.96,0.00
42.31,-0.96,0.00
42.31,-0.97,0.00
42.32,-0.97,0.00
42.32,-0.97,0.00
42.33,-0.97,0.00
42.33,-0.97,0.00
42.34,-0.97,0.00
42.34,-0.97,0.00
42.35,-0.97,0.00
42.35,-0.98,0.00
42.36,-0.98,0.00
42.36,-0.98,0.00
42.37,-0.98,0.00
42.37,-0.98,0.00
42.38,-0.98,0.00
42.38,-0.98,0.00
42.39,-0.99,0.00
42.39,-0.99,0.00
42.40,-0.99,0.00
42.40,-0.99,0.00
42.41,-0.99,0.00
42.41,-0.99,0.00
42.42,-0.99,0.00
42.42,-0.99,0.00
42.43,-1.00,0.00
42.43,-1.00,0.00
42.44,-1.00,0.00
42.44,-1.00,0.00
42.45,-1.00,0.00
42.45,-1.00,0.00
42.46,-1.00,0.00
42.46,-1.01,0.00
42.47,-1.01,0.00
42.47,-1.01,0.00
42.48,-1.01,0.00
42.48,-1.01,0.00
42.49,-1.01,0.00
42.49,-1.01,0.00
42.50,-1.02,0.00
42.50,-1.02,0.00
42.51,-1.02,0.00
42.51,-1.02,0.00
42.52,-1.02,0.00
42.52,-1.02,0.00
42.53,-1.02,0.00
42.53,-1.03,0.00
42.54,-1.03,0.00
42.54,-1.03,0.00
42.55,-1.03,0.00
42.55,-1.03,0.00
42.56,-1.03,0.00
42.56,-1.04,0.00
42.57,-1.04,0.00
42.57,-1.04,0.00
42.58,-1.04,0.00
42.58,-1.04,0.00
42.59,-1.04,0.00
42.59,-1.04,0.00
42.60,-1.05,0.00
42.60,-1.05,0.00
42.61,-1.05,0.00
42.61,-1.05,0.00
42.62,-1.05,0.00
42.62,-1.05,0.00
42.63,-1.06,0.00
42.63,-1.06,0.00
42.64,-1.06,0.00
42.64,-1.06,0.00
42.65,-1.06,0.00
42.65,-1.06,0.00
42.66,-1.07,0.00
42.66,-1.07,0.00
42.67,-1.07,0.00
42.67,-1.07,0.00
42.68,-1.07,0.00
42.68,-1.07,0.00
42.69,-1.08,0.00
42.69,-1.08,0.00
42.70,-1.08,0.00
42.70,-1.08,0.00
42.71,-1.08,0.00
42.71,-1.08,0.00
42.72,-1.09,0.00
42.72,-1.09,0.00
42.73,-1.09,0.00
42.73,-1.09,0.00
42.74,-1.09,0.00
42.74,-1.09,0.00
42.75,-1.10,0.00
42.75,-1.10,0.00
42.76,-1.10,0.00
42.76,-1.10,0.00
42.77,-1.10,0.00
42.77,-1.10,0.00
42.78,-1.11,0.00
42.78,-1.11,0.00
42.79,-1.11,0.00
42.79,-1.11,0.00
42.79,-1.11,0.00
42.80,-1.12,0.00
42.80,-1.12,0.00
42.81,-1.12,0.00
42.81,-1.12,0.00
42.82,-1.12,0.00
42.82,-1.12,0.00
42.83,-1.13,0.00
42.83,-1.13,0.00
42.84,-1.13,0.00
42.84,-1.13,0.00
42.85,-1.13,0.00
42.85,-1.14,0.00
42.86,-1.14,0.00
42.86,-1.14,0.00
42.87,-1.14,0.00
42.87,-1.14,0.00
42.88,-1.14,0.00
42.88,-1.15,0.00
42.89,-1.15,0.00
42.89,-1.15,0.00
42.90,-1.15,0.00
42.90,-1.15,0.00
42.91,-1.16,0.00
42.91,-1.16,0.00
42.92,-1.16,0.00
42.92,-1.16,0.00
42.93,-1.16,0.00
42.93,-1.17,0.00
42.94,-1.17,0.00
42.94,-1.17,0.00
42.95,-1.17,0.00
42.95,-1.17,0.00
42.95,-1.17,0.00
42.96,-1.18,0.00
42.96,-1.18,0.00
42.97,-1.18,0.00
42.97,-1.18,0.00
42.98,-1.18,0.00
42.98,-1.19,0.00
42.99,-1.19,0.00
42.99,-1.19,0.00
43.00,-1.19,0.00
43.00,-1.19,0.00
43.01,-1.20,0.00
43.01,-1.20,0.00
43.02,-1.20,0.00
43.02,-1.20,0.00
43.03,-1.20,0.00
43.03,-1.21,0.00
43.04,-1.21,0.00
43.04,-1.21,0.00
43.05,-1.21,0.00
43.05,-1.21,0.00
43.06,-1.22,0.00
43.06,-1.22,0.00
43.06,-1.22,0.00
43.07,-1.22,0.00
43.07,-1.22,0.00
43.08,-1.23,0.00
43.08,-1.23,0.00
43.09,-1.23,0.00
43.09,-1.23,0.00
43.10,-1.23,0.00
43.10,-1.24,0.00
43.11,-1.24,0.00
43.11,-1.24,0.00
43.12,-1.24,0.00
43.12,-1.25,0.00
43.13,-1.25,0.00
43.13,-1.25,0.00
43.14,-1.25,0.00
43.14,-1.25,0.00
43.15,-1.26,0.00
43.15,-1.26,0.00
43.16,-1.26,0.00
43.16,-1.26,0.00
43.16,-1.26,0.00
43.17,-1.27,0.00
43.17,-1.27,0.00
43.18,-1.27,0.00
43.18,-1.27,0.00
43.19,-1.27,0.00
43.19,-1.28,0.00
43.20,-1.28,0.00
43.20,-1.28,0.00
43.21,-1.28,0.00
43.21,-1.29,0.00
43.22,-1.29,0.00
43.22,-1.29,0.00
43.23,-1.29,0.00
43.23,-1.29,0.00
43.24,-1.30,0.00
43.24,-1.30,0.00
43.24,-1.30,0.00
43.25,-1.30,0.00
43.25,-1.31,0.00
43.26,-1.31,0.00
43.26,-1.31,0.00
43.27,-1.31,0.00
43.27,-1.31,0.00
43.28,-1.32,0.00
43.28,-1.32,0.00
43.29,-1.32,0.00
43.29,-1.32,0.00
43.30,-1.33,0.00
43.30,-1.33,0.00
43.31,-1.33,0.00
43.31,-1.33,0.00
43.32,-1.33,0.00
43.32,-1.34,0.00
43.32,-1.34,0.00
43.33,-1.34,0.00
43.33,-1.34,0.00
43.34,-1.35,0.00
43.34,-1.35,0.00
43.35,-1.35,0.00
43.35,-1.35,0.00
43.36,-1.35,0.00
43.36,-1.36,0.00
43.37,-1.36,0.00
43.37,-1.36,0.00
43.38,-1.36,0.00
43.38,-1.37,0.00
43.39,-1.37,0.00
43.39,-1.37,0.00
43.39,-1.37,0.00
43.40,-1.38,0.00
43.40,-1.38,0.00
43.41,-1.38,0.00
43.41,-1.38,0.00
43.42,-1.38,0.00
43.42,-1.39,0.00
43.43,-1.39,0.00
43.43,-1.39,0.00
43.44,-1.39,0.00
43.44,-1.40,0.00
43.45,-1.40,0.00
43.45,-1.40,0.00
43.45,-1.40,0.00
43.46,-1.41,0.00
43.46,-1.41,0.00
43.47,-1.41,0.00
43.47,-1.41,0.00
43.48,-1.41,0.00
43.48,-1.42,0.00
43.49,-1.42,0.00
43.49,-1.42,0.00
43.50,-1.42,0.00
43.50,-1.43,0.00
43.51,-1.43,0.00
43.51,-1.43,0.00
43.51,-1.43,0.00
43.52,-1.44,0.00
43.52,-1.44,0.00
43.53,-1.44,0.00
43.53,-1.44,0.00
43.54,-1.45,0.00
43.54,-1.45,0.00
43.55,-1.45,0.00
43.55,-1.45,0.00
43.56,-1.46,0.00
43.56,-1.46,0.00
43.57,-1.46,0.00
43.57,-1.46,0.00
43.57,-1.47,0.00
43.58,-1.47,0.00
43.58,-1.47,0.00
43.59,-1.47,0.00
43.59,-1.47,0.00
43.60,-1.48,0.00
43.60,-1.48,0.00
43.61,-1.48,0.00
43.61,-1.48,0.00
43.62,-1.49,0.00
43.62,-1.49,0.00
43.63,-1.49,0.00
43.63,-1.49,0.00
43.63,-1.50,0.00
43.64,-1.50,0.00
43.64,-1.50,0.00
43.65,-1.50,0.00
43.65,-1.51,0.00
43.66,-1.51,0.00
43.66,-1.51,0.00
43.67,-1.51,0.00
43.67,-1.52,0.00
43.68,-1.52,0.00
43.68,-1.52,0.00
43.68,-1.52,0.00
43.69,-1.53,0.00
43.69,-1.53,0.00
43.70,-1.53,0.00
43.70,-1.53,0.00
43.71,-1.54,0.00
43.71,-1.54,0.00
43.72,-1.54,0.00
43.72,-1.54,0.00
43.73,-1.55,0.00
43.73,-1.55,0.00
43.73,-1.55,0.00
43.74,-1.55,0.00
43.74,-1.56,0.00
43.75,-1.56,0.00
43.75,-1.56,0.00
43.76,-1.56,0.00
43.76,-1.57,0.00
43.77,-1.57,0.00
43.77,-1.57,0.00
43.78,-1.57,0.00
43.78,-1.58,0.00
43.78,-1.58,0.00
43.79,-1.58,0.00
43.79,-1.58,0.00
43.80,-1.59,0.00
43.80,-1.59,0.00
43.81,-1.59,0.00
43.81,-1.59,0.00
43.82,-1.60,0.00
43.82,-1.60,0.00
43.82,-1.60,0.00
43.83,-1.61,0.00
43.83,-1.61,0.00
43.84,-1.61,0.00
43.84,-1.61,0.00
43.85,-1.62,0.00
43.85,-1.62,0.00
43.86,-1.62,0.00
43.86,-1.62,0.00
43.87,-1.63,0.00
43.87,-1.63,0.00
43.87,-1.63,0.00
43.88,-1.63,0.00
43.88,-1.64,0.00
43.89,-1.64,0.00
43.89,-1.64,0.00
43.90,-1.64,0.00
43.90,-1.65,0.00
43.91,-1.65,0.00
43.91,-1.65,0.00
43.91,-1.65,0.00
43.92,-1.66,0.00
43.92,-1.66,0.00
43.93,-1.66,0.00
43.93,-1.67,0.00
43.94,-1.67,0.00
43.94,-1.67,0.00
43.95,-1.67,0.00
43.95,-1.68,0.00
43.95,-1.68,0.00
43.96,-1.68,0.00
43.96,-1.68,0.00
43.97,-1.69,0.00
43.97,-1.69,0.00
43.98,-1.69,0.00
43.98,-1.69,0.00
43.99,-1.70,0.00
43.99,-1.70,0.00
43.99,-1.70,0.00
44.00,-1.70,0.00
44.00,-1.71,0.00
44.01,-1.71,0.00
44.01,-1.71,0.00
44.02,-1.72,0.00
44.02,-1.72,0.00
44.03,-1.72,0.00
44.03,-1.72,0.00
44.03,-1.73,0.00
44.04,-1.73,0.00
44.04,-1.73,0.00
44.05,-1.73,0.00
44.05,-1.74,0.00
44.06,-1.74,0.00
44.06,-1.74,0.00
44.07,-1.75,0.00
44.07,-1.75,0.00
44.07,-1.75,0.00
44.08,-1.75,0.00
44.08,-1.76,0.00
44.09,-1.76,0.00
44.09,-1.76,0.00
44.10,-1.76,0.00
44.10,-1.77,0.00
44.11,-1.77,0.00
44.11,-1.77,0.00
44.11,-1.77,0.00
44.12,-1.78,0.00
44.12,-1.78,0.00
44.13,-1.78,0.00
44.13,-1.79,0.00
44.14,-1.79,0.00
44.14,-1.79,0.00
44.15,-1.79,0.00
44.15,-1.80,0.00
44.15,-1.80,0.00
44.16,-1.80,0.00
44.16,-1.80,0.00
44.17,-1.81,0.00
44.17,-1.81,0.00
44.18,-1.81,0.00
44.18,-1.82,0.00
44.19,-1.82,0.00
44.19,-1.82,0.00
44.19,-1.82,0.00
44.20,-1.83,0.00
44.20,-1.83,0.00
44.21,-1.83,0.00
44.21,-1.84,0.00
44.22,-1.84,0.00
44.22,-1.84,0.00
44.22,-1.84,0.00
44.23,-1.85,0.00
44.23,-1.85,0.00
44.24,-1.85,0.00
44.24,-1.85,0.00
44.25,-1.86,0.00
44.25,-1.86,0.00
44.26,-1.86,0.00
44.26,-1.87,0.00
44.26,-1.87,0.00
44.27,-1.87,0.00
44.27,-1.87,0.00
44.28,-1.88,0.00
44.28,-1.88,0.00
44.29,-1.88,0.00
44.29,-1.88,0.00
44.29,-1.89,0.00
44.30,-1.89,0.00
44.30,-1.89,0.00
44.31,-1.90,0.00
44.31,-1.90,0.00
44.32,-1.90,0.00
44.32,-1.90,0.00
44.33,-1.91,0.00
44.33,-1.91,0.00
44.33,-1.91,0.00
44.34,-1.92,0.00
44.34,-1.92,0.00
44.35,-1.92,0.00
44.35,-1.92,0.00
44.36,-1.93,0.00
44.36,-1.93,0.00
44.36,-1.93,0.00
44.37,-1.94,0.00
44.37,-1.94,0.00
44.38,-1.94,0.00
44.38,-1.94,0.00
44.39,-1.95,0.00
44.39,-1.95,0.00
44.40,-1.95,0.00
44.40,-1.96,0.00
44.40,-1.96,0.00
44.41,-1.96,0.00
44.41,-1.96,0.00
44.42,-1.97,0.00
44.42,-1.97,0.00
44.43,-1.97,0.00
44.43,-1.97,0.00
44.43,-1.98,0.00
44.44,-1.98,0.00
44.44,-1.98,0.00
44.45,-1.99,0.00
44.45,-1.99,0.00
44.46,-1.99,0.00
44.46,-1.99,0.00
44.46,-2.00,0.00
44.47,-2.00,0.00
44.47,-2.00,0.00
44.48,-2.01,0.00
44.48,-2.01,0.00
44.49,-2.01,0.00
44.49,-2.01,0.00
44.50,-2.02,0.00
44.50,-2.02,0.00
44.50,-2.02,0.00
44.51,-2.03,0.00
44.51,-2.03,0.00
44.52,-2.03,0.00
44.52,-2.03,0.00
44.53,-2.04,0.00
44.53,-2.04,0.00
44.53,-2.04,0.00
44.54,-2.05,0.00
44.54,-2.05,0.00
44.55,-2.05,0.00
44.55,-2.05,0.00
44.56,-2.06,0.00
44.56,-2.06,0.00
44.56,-2.06,0.00
44.57,-2.07,0.00
44.57,-2.07,0.00
44.58,-2.07,0.00
44.58,-2.07,0.00
44.59,-2.08,0.00
44.59,-2.08,0.00
44.59,-2.08,0.00
44.60,-2.09,0.00
44.60,-2.09,0.00
44.61,-2.09,0.00
44.61,-2.10,0.00
44.62,-2.10,0.00
44.62,-2.10,0.00
44.62,-2.10,0.00
44.63,-2.11,0.00
44.63,-2.11,0.00
44.64,-2.11,0.00
44.64,-2.12,0.00
44.65,-2.12,0.00
44.65,-2.12,0.00
44.65,-2.12,0.00
44.66,-2.13,0.00
44.66,-2.13,0.00
44.67,-2.13,0.00
44.67,-2.14,0.00
44.68,-2.14,0.00
44.68,-2.14,0.00
44.69,-2.14,0.00
44.69,-2.15,0.00
44.69,-2.15,0.00
44.70,-2.15,0.00
44.70,-2.16,0.00
44.71,-2.16,0.00
44.71,-2.16,0.00
44.72,-2.16,0.00
44.72,-2.17,0.00
44.72,-2.17,0.00
44.73,-2.17,0.00
44.73,-2.18,0.00
44.74,-2.18,0.00
44.74,-2.18,0.00
44.75,-2.19,0.00
44.75,-2.19,0.00
44.75,-2.19,0.00
44.76,-2.19,0.00
44.76,-2.20,0.00
44.77,-2.20,0.00
44.77,-2.20,0.00
44.78,-2.21,0.00
44.78,-2.21,0.00
44.78,-2.21,0.00
44.79,-2.21,0.00
44.79,-2.22,0.00
44.80,-2.22,0.00
44.80,-2.22,0.00
44.81,-2.23,0.00
44.81,-2.23,0.00
44.81,-2.23,0.00
44.82,-2.23,0.00
44.82,-2.24,0.00
44.83,-2.24,0.00
44.83,-2.24,0.00
44.84,-2.25,0.00
44.84,-2.25,0.00
44.84,-2.25,0.00
44.85,-2.26,0.00
44.85,-2.26,0.00
44.86,-2.26,0.00
44.86,-2.26,0.00
44.86,-2.27,0.00
44.87,-2.27,0.00
44.87,-2.27,0.00
44.88,-2.28,0.00
44.88,-2.28,0.00
44.89,-2.28,0.00
44.89,-2.29,0.00
44.89,-2.29,0.00
44.90,-2.29,0.00
44.90,-2.29,0.00
44.91,-2.30,0.00
44.91,-2.30,0.00
44.92,-2.30,0.00
44.92,-2.31,0.00
44.92,-2.31,0.00
44.93,-2.31,0.00
44.93,-2.31,0.00
44.94,-2.32,0.00
44.94,-2.32,0.00
44.95,-2.32,0.00
44.95,-2.33,0.00
44.95,-2.33,0.00
44.96,-2.33,0.00
44.96,-2.34,0.00
44.97,-2.34,0.00
44.97,-2.34,0.00
44.98,-2.34,0.00
44.98,-2.35,0.00
44.98,-2.35,0.00
44.99,-2.35,0.00
44.99,-2.36,0.00
45.00,-2.36,0.00
45.00,-2.36,0.00
45.01,-2.36,0.00
45.01,-2.37,0.00
45.01,-2.37,0.00
45.02,-2.37,0.00
45.02,-2.38,0.00
45.03,-2.38,0.00
45.03,-2.38,0.00
45.04,-2.39,0.00
45.04,-2.39,0.00
45.04,-2.39,0.00
45.05,-2.39,0.00
45.05,-2.40,0.00
45.06,-2.40,0.00
45.06,-2.40,0.00
45.07,-2.41,0.00
45.07,-2.41,0.00
45.07,-2.41,0.00
45.08,-2.42,0.00
45.08,-2.42,0.00
45.09,-2.42,0.00
45.09,-2.42,0.00
45.09,-2.43,0.00
45.10,-2.43,0.00
45.10,-2.43,0.00
45.11,-2.44,0.00
45.11,-2.44,0.00
45.12,-2.44,0.00
45.12,-2.45,0.00
45.12,-2.45,0.00
45.13,-2.45,0.00
45.13,-2.45,0.00
45.14,-2.46,0.00
45.14,-2.46,0.00
45.15,-2.46,0.00
45.15,-2.47,0.00
45.15,-2.47,0.00
45.16,-2.47,0.00
45.16,-2.48,0.00
45.17,-2.48,0.00
45.17,-2.48,0.00
45.18,-2.48,0.00
45.18,-2.49,0.00
45.18,-2.49,0.00
45.19,-2.49,0.00
45.19,-2.50,0.00
45.20,-2.50,0.00
45.20,-2.50,0.00
45.21,-2.51,0.00
45.21,-2.51,0.00
45.21,-2.51,0.00
45.22,-2.51,0.00
45.22,-2.52,0.00
45.23,-2.52,0.00
45.23,-2.52,0.00
45.23,-2.53,0.00
45.24,-2.53,0.00
45.24,-2.53,0.00
45.25,-2.54,0.00
45.25,-2.54,0.00
45.26,-2.54,0.00
45.26,-2.54,0.00
45.26,-2.55,0.00
45.27,-2.55,0.00
45.27,-2.55,0.00
45.28,-2.56,0.00
45.28,-2.56,0.00
45.29,-2.56,0.00
45.29,-2.57,0.00
45.29,-2.57,0.00
45.30,-2.57,0.00
45.30,-2.57,0.00
45.31,-2.58,0.00
45.31,-2.58,0.00
45.32,-2.58,0.00
45.32,-2.59,0.00
45.32,-2.59,0.00
45.33,-2.59,0.00
45.33,-2.60,0.00
45.34,-2.60,0.00
45.34,-2.60,0.00
45.34,-2.60,0.00
45.35,-2.61,0.00
45.35,-2.61,0.00
45.36,-2.61,0.00
45.36,-2.62,0.00
45.37,-2.62,0.00
45.37,-2.62,0.00
45.37,-2.63,0.00
45.38,-2.63,0.00
45.38,-2.63,0.00
45.39,-2.63,0.00
45.39,-2.64,0.00
45.40,-2.64,0.00
45.40,-2.64,0.00
45.40,-2.65,0.00
45.41,-2.65,0.00
45.41,-2.65,0.00
45.42,-2.66,0.00
45.42,-2.66,0.00
45.43,-2.66,0.00
45.43,-2.66,0.00
45.43,-2.67,0.00
45.44,-2.67,0.00
45.44,-2.67,0.00
45.45,-2.68,0.00
45.45,-2.68,0.00
45.45,-2.68,0.00
45.46,-2.69,0.00
45.46,-2.69,0.00
45.47,-2.69,0.00
45.47,-2.69,0.00
45.48,-2.70,0.00
45.48,-2.70,0.00
45.48,-2.70,0.00
45.49,-2.71,0.00
45.49,-2.71,0.00
45.50,-2.71,0.00
45.50,-2.72,0.00
45.51,-2.72,0.00
45.51,-2.72,0.00
45.51,-2.72,0.00
45.52,-2.73,0.00
45.52,-2.73,0.00
45.53,-2.73,0.00
45.53,-2.74,0.00
45.53,-2.74,0.00
45.54,-2.74,0.00
45.54,-2.75,0.00
45.55,-2.75,0.00
45.55,-2.75,0.00
45.56,-2.75,0.00
45.56,-2.76,0.00
45.56,-2.76,0.00
45.57,-2.76,0.00
45.57,-2.77,0.00
45.58,-2.77,0.00
45.58,-2.77,0.00
45.59,-2.78,0.00
45.59,-2.78,0.00
45.59,-2.78,0.00
45.60,-2.79,0.00
45.60,-2.79,0.00
45.61,-2.79,0.00
45.61,-2.79,0.00
45.62,-2.80,0.00
45.62,-2.80,0.00
45.62,-2.80,0.00
45.63,-2.81,0.00
45.63,-2.81,0.00
45.64,-2.81,0.00
45.64,-2.82,0.00
45.64,-2.82,0.00
45.65,-2.82,0.00
45.65,-2.82,0.00
45.66,-2.83,0.00
45.66,-2.83,0.00
45.67,-2.83,0.00
45.67,-2.84,0.00
45.67,-2.84,0.00
45.68,-2.84,0.00
45.68,-2.85,0.00
45.69,-2.85,0.00
45.69,-2.85,0.00
45.70,-2.85,0.00
45.70,-2.86,0.00
45.70,-2.86,0.00
45.71,-2.86,0.00
45.71,-2.87,0.00
45.72,-2.87,0.00
45.72,-2.87,0.00
45.72,-2.88,0.00
45.73,-2.88,0.00
45.73,-2.88,0.00
45.74,-2.88,0.00
45.74,-2.89,0.00
45.75,-2.89,0.00
45.75,-2.89,0.00
45.75,-2.90,0.00
45.76,-2.90,0.00
45.76,-2.90,0.00
45.77,-2.91,0.00
45.77,-2.91,0.00
45.78,-2.91,0.00
45.78,-2.91,0.00
45.78,-2.92,0.00
45.79,-2.92,0.00
45.79,-2.92,0.00
45.80,-2.93,0.00
45.80,-2.93,0.00
45.81,-2.93,0.00
45.81,-2.94,0.00
45.81,-2.94,0.00
45.82,-2.94,0.00
45.82,-2.94,0.00
45.83,-2.95,0.00
45.83,-2.95,0.00
45.83,-2.95,0.00
45.84,-2.96,0.00
45.84,-2.96,0.00
45.85,-2.96,0.00
45.85,-2.97,0.00
45.86,-2.97,0.00
45.86,-2.97,0.00
45.86,-2.98,0.00
45.87,-2.98,0.00
45.87,-2.98,0.00
45.88,-2.98,0.00
45.88,-2.99,0.00
45.89,-2.99,0.00
45.89,-2.99,0.00
45.89,-3.00,0.00
45.90,-3.00,0.00
45.90,-3.00,0.00
45.91,-3.01,0.00
45.91,-3.01,0.00
45.91,-3.01,0.00
45.92,-3.01,0.00
45.92,-3.02,0.00
45.93,-3.02,0.00
45.93,-3.02,0.00
45.94,-3.03,0.00
45.94,-3.03,0.00
45.94,-3.03,0.00
45.95,-3.04,0.00
45.95,-3.04,0.00
45.96,-3.04,0.00
45.96,-3.04,0.00
45.97,-3.05,0.00
45.97,-3.05,0.00
45.97,-3.05,0.00
45.98,-3.06,0.00
45.98,-3.06,0.00
45.99,-3.06,0.00
45.99,-3.07,0.00
46.00,-3.07,0.00
46.00,-3.07,0.00
46.00,-3.07,0.00
46.01,-3.08,0.00
46.01,-3.08,0.00
46.02,-3.08,0.00
46.02,-3.09,0.00
46.02,-3.09,0.00
46.03,-3.09,0.00
46.03,-3.10,0.00
46.04,-3.10,0.00
46.04,-3.10,0.00
46.05,-3.10,0.00
46.05,-3.11,0.00
46.05,-3.11,0.00
46.06,-3.11,0.00
46.06,-3.12,0.00
46.07,-3.12,0.00
46.07,-3.12,0.00
46.08,-3.13,0.00
46.08,-3.13,0.00
46.08,-3.13,0.00
46.09,-3.13,0.00
46.09,-3.14,0.00
46.10,-3.14,0.00
46.10,-3.14,0.00
46.11,-3.15,0.00
46.11,-3.15,0.00
46.11,-3.15,0.00
46.12,-3.16,0.00
46.12,-3.16,0.00
46.13,-3.16,0.00
46.13,-3.16,0.00
46.14,-3.17,0.00
46.14,-3.17,0.00
46.14,-3.17,0.00
46.15,-3.18,0.00
46.15,-3.18,0.00
46.16,-3.18,0.00
46.16,-3.19,0.00
46.16,-3.19,0.00
46.17,-3.19,0.00
46.17,-3.19,0.00
46.18,-3.20,0.00
46.18,-3.20,0.00
46.19,-3.20,0.00
46.19,-3.21,0.00
46.19,-3.21,0.00
46.20,-3.21,0.00
46.20,-3.21,0.00
46.21,-3.22,0.00
46.21,-3.22,0.00
46.22,-3.22,0.00
46.22,-3.23,0.00
46.22,-3.23,0.00
46.23,-3.23,0.00
46.23,-3.24,0.00
46.24,-3.24,0.00
46.24,-3.24,0.00
46.25,-3.24,0.00
46.25,-3.25,0.00
46.25,-3.25,0.00
46.26,-3.25,0.00
46.26,-3.26,0.00
46.27,-3.26,0.00
46.27,-3.26,0.00
46.28,-3.27,0.00
46.28,-3.27,0.00
46.28,-3.27,0.00
46.29,-3.27,0.00
46.29,-3.28,0.00
46.30,-3.28,0.00
46.30,-3.28,0.00
46.31,-3.29,0.00
46.31,-3.29,0.00
46.31,-3.29,0.00
46.32,-3.30,0.00
46.32,-3.30,0.00
46.33,-3.30,0.00
46.33,-3.30,0.00
46.33,-3.31,0.00
46.34,-3.31,0.00
46.34,-3.31,0.00
46.35,-3.32,0.00
46.35,-3.32,0.00
46.36,-3.32,0.00
46.36,-3.32,0.00
46.36,-3.33,0.00
46.37,-3.33,0.00
46.37,-3.33,0.00
46.38,-3.34,0.00
46.38,-3.34,0.00
46.39,-3.34,0.00
46.39,-3.35,0.00
46.39,-3.35,0.00
46.40,-3.35,0.00
46.40,-3.35,0.00
46.41,-3.36,0.00
46.41,-3.36,0.00
46.42,-3.36,0.00
46.42,-3.37,0.00
46.42,-3.37,0.00
46.43,-3.37,0.00
46.43,-3.38,0.00
46.44,-3.38,0.00
46.44,-3.38,0.00
46.45,-3.38,0.00
46.45,-3.39,0.00
46.45,-3.39,0.00
46.46,-3.39,0.00
46.46,-3.40,0.00
46.47,-3.40,0.00
46.47,-3.40,0.00
46.48,-3.40,0.00
46.48,-3.41,0.00
46.48,-3.41,0.00
46.49,-3.41,0.00
46.49,-3.42,0.00
46.50,-3.42,0.00
46.50,-3.42,0.00
46.51,-3.43,0.00
46.51,-3.43,0.00
46.51,-3.43,0.00
46.52,-3.43,0.00
46.52,-3.44,0.00
46.53,-3.44,0.00
46.53,-3.44,0.00
46.54,-3.45,0.00
46.54,-3.45,0.00
46.54,-3.45,0.00
46.55,-3.45,0.00
46.55,-3.46,0.00
46.56,-3.46,0.00
46.56,-3.46,0.00
46.57,-3.47,0.00
46.57,-3.47,0.00
46.57,-3.47,0.00
46.58,-3.47,0.00
46.58,-3.48,0.00
46.59,-3.48,0.00
46.59,-3.48,0.00
46.60,-3.49,0.00
46.60,-3.49,0.00
46.60,-3.49,0.00
46.61,-3.50,0.00
46.61,-3.50,0.00
46.62,-3.50,0.00
46.62,-3.50,0.00
46.63,-3.51,0.00
46.63,-3.51,0.00
46.63,-3.51,0.00
46.64,-3.52,0.00
46.64,-3.52,0.00
46.65,-3.52,0.00
46.65,-3.52,0.00
46.66,-3.53,0.00
46.66,-3.53,0.00
46.66,-3.53,0.00
46.67,-3.54,0.00
46.67,-3.54,0.00
46.68,-3.54,0.00
46.68,-3.54,0.00
46.69,-3.55,0.00
46.69,-3.55,0.00
46.69,-3.55,0.00
46.70,-3.56,0.00
46.70,-3.56,0.00
46.71,-3.56,0.00
46.71,-3.57,0.00
46.72,-3.57,0.00
46.72,-3.57,0.00
46.72,-3.57,0.00
46.73,-3.58,0.00
46.73,-3.58,0.00
46.74,-3.58,0.00
46.74,-3.59,0.00
46.75,-3.59,0.00
46.75,-3.59,0.00
46.75,-3.59,0.00
46.76,-3.60,0.00
46.76,-3.60,0.00
46.77,-3.60,0.00
46.77,-3.61,0.00
46.78,-3.61,0.00
46.78,-3.61,0.00
46.78,-3.61,0.00
46.79,-3.62,0.00
46.79,-3.62,0.00
46.80,-3.62,0.00
46.80,-3.63,0.00
46.81,-3.63,0.00
46.81,-3.63,0.00
46.82,-3.63,0.00
46.82,-3.64,0.00
46.82,-3.64,0.00
46.83,-3.64,0.00
46.83,-3.65,0.00
46.84,-3.65,0.00
46.84,-3.65,0.00
46.85,-3.65,0.00
46.85,-3.66,0.00
46.85,-3.66,0.00
46.86,-3.66,0.00
46.86,-3.67,0.00
46.87,-3.67,0.00
46.87,-3.67,0.00
46.88,-3.67,0.00
46.88,-3.68,0.00
46.88,-3.68,0.00
46.89,-3.68,0.00
46.89,-3.69,0.00
46.90,-3.69,0.00
46.90,-3.69,0.00
46.91,-3.69,0.00
46.91,-3.70,0.00
46.91,-3.70,0.00
46.92,-3.70,0.00
46.92,-3.71,0.00
46.93,-3.71,0.00
46.93,-3.71,0.00
46.94,-3.71,0.00
46.94,-3.72,0.00
46.95,-3.72,0.00
46.95,-3.72,0.00
46.95,-3.73,0.00
46.96,-3.73,0.00
46.96,-3.73,0.00
46.97,-3.73,0.00
46.97,-3.74,0.00
46.98,-3.74,0.00
46.98,-3.74,0.00
46.98,-3.75,0.00
46.99,-3.75,0.00
46.99,-3.75,0.00
47.00,-3.75,0.00
47.00,-3.76,0.00
47.01,-3.76,0.00
47.01,-3.76,0.00
47.01,-3.77,0.00
47.02,-3.77,0.00
47.02,-3.77,0.00
47.03,-3.77,0.00
47.03,-3.78,0.00
47.04,-3.78,0.00
47.04,-3.78,0.00
47.05,-3.78,0.00
47.05,-3.79,0.00
47.05,-3.79,0.00
47.06,-3.79,0.00
47.06,-3.80,0.00
47.07,-3.80,0.00
47.07,-3.80,0.00
47.08,-3.80,0.00
47.08,-3.81,0.00
47.08,-3.81,0.00
47.09,-3.81,0.00
47.09,-3.82,0.00
47.10,-3.82,0.00
47.10,-3.82,0.00
47.11,-3.82,0.00
47.11,-3.83,0.00
47.12,-3.83,0.00
47.12,-3.83,0.00
47.12,-3.84,0.00
47.13,-3.84,0.00
47.13,-3.84,0.00
47.14,-3.84,0.00
47.14,-3.85,0.00
47.15,-3.85,0.00
47.15,-3.85,0.00
47.15,-3.85,0.00
47.16,-3.86,0.00
47.16,-3.86,0.00
47.17,-3.86,0.00
47.17,-3.87,0.00
47.18,-3.87,0.00
47.18,-3.87,0.00
47.19,-3.87,0.00
47.19,-3.88,0.00
47.19,-3.88,0.00
47.20,-3.88,0.00
47.20,-3.89,0.00
47.21,-3.89,0.00
47.21,-3.89,0.00
47.22,-3.89,0.00
47.22,-3.90,0.00
47.22,-3.90,0.00
47.23,-3.90,0.00
47.23,-3.90,0.00
47.24,-3.91,0.00
47.24,-3.91,0.00
47.25,-3.91,0.00
47.25,-3.92,0.00
47.26,-3.92,0.00
47.26,-3.92,0.00
47.26,-3.92,0.00
47.27,-3.93,0.00
47.27,-3.93,0.00
47.28,-3.93,0.00
47.28,-3.93,0.00
47.29,-3.94,0.00
47.29,-3.94,0.00
47.30,-3.94,0.00
47.30,-3.95,0.00
47.30,-3.95,0.00
47.31,-3.95,0.00
47.31,-3.95,0.00
47.32,-3.96,0.00
47.32,-3.96,0.00
47.33,-3.96,0.00
47.33,-3.96,0.00
47.33,-3.97,0.00
47.34,-3.97,0.00
47.34,-3.97,0.00
47.35,-3.98,0.00
47.35,-3.98,0.00
47.36,-3.98,0.00
47.36,-3.98,0.00
47.37,-3.99,0.00
47.37,-3.99,0.00
47.37,-3.99,0.00
47.38,-3.99,0.00
47.38,-4.00,0.00
47.39,-4.00,0.00
47.39,-4.00,0.00
47.40,-4.01,0.00
47.40,-4.01,0.00
47.41,-4.01,0.00
47.41,-4.01,0.00
47.41,-4.02,0.00
47.42,-4.02,0.00
47.42,-4.02,0.00
47.43,-4.02,0.00
47.43,-4.03,0.00
47.44,-4.03,0.00
47.44,-4.03,0.00
47.45,-4.03,0.00
47.45,-4.04,0.00
47.45,-4.04,0.00
47.46,-4.04,0.00
47.46,-4.05,0.00
47.47,-4.05,0.00
47.47,-4.05,0.00
47.48,-4.05,0.00
47.48,-4.06,0.00
47.49,-4.06,0.00
47.49,-4.06,0.00
47.49,-4.06,0.00
47.50,-4.07,0.00
47.50,-4.07,0.00
47.51,-4.07,0.00
47.51,-4.07,0.00
47.52,-4.08,0.00
47.52,-4.08,0.00
47.53,-4.08,0.00
47.53,-4.09,0.00
47.53,-4.09,0.00
47.54,-4.09,0.00
47.54,-4.09,0.00
47.55,-4.10,0.00
47.55,-4.10,0.00
47.56,-4.10,0.00
47.56,-4.10,0.00
47.57,-4.11,0.00
47.57,-4.11,0.00
47.58,-4.11,0.00
47.58,-4.11,0.00
47.58,-4.12,0.00
47.59,-4.12,0.00
47.59,-4.12,0.00
47.60,-4.12,0.00
47.60,-4.13,0.00
47.61,-4.13,0.00
47.61,-4.13,0.00
47.62,-4.14,0.00
47.62,-4.14,0.00
47.62,-4.14,0.00
47.63,-4.14,0.00
47.63,-4.15,0.00
47.64,-4.15,0.00
47.64,-4.15,0.00
47.65,-4.15,0.00
47.65,-4.16,0.00
47.66,-4.16,0.00
47.66,-4.16,0.00
47.66,-4.16,0.00
47.67,-4.17,0.00
47.67,-4.17,0.00
47.68,-4.17,0.00
47.68,-4.17,0.00
47.69,-4.18,0.00
47.69,-4.18,0.00
47.70,-4.18,0.00
47.70,-4.18,0.00
47.71,-4.19,0.00
47.71,-4.19,0.00
47.71,-4.19,0.00
47.72,-4.19,0.00
47.72,-4.20,0.00
47.73,-4.20,0.00
47.73,-4.20,0.00
47.74,-4.21,0.00
47.74,-4.21,0.00
47.75,-4.21,0.00
47.75,-4.21,0.00
47.75,-4.22,0.00
47.76,-4.22,0.00
47.76,-4.22,0.00
47.77,-4.22,0.00
47.77,-4.23,0.00
47.78,-4.23,0.00
47.78,-4.23,0.00
47.79,-4.23,0.00
47.79,-4.24,0.00
47.80,-4.24,0.00
47.80,-4.24,0.00
47.80,-4.24,0.00
47.81,-4.25,0.00
47.81,-4.25,0.00
47.82,-4.25,0.00
47.82,-4.25,0.00
47.83,-4.26,0.00
47.83,-4.26,0.00
47.84,-4.26,0.00
47.84,-4.26,0.00
47.85,-4.27,0.00
47.85,-4.27,0.00
47.85,-4.27,0.00
47.86,-4.27,0.00
47.86,-4.28,0.00
47.87,-4.28,0.00
47.87,-4.28,0.00
47.88,-4.28,0.00
47.88,-4.29,0.00
47.89,-4.29,0.00
47.89,-4.29,0.00
47.90,-4.29,0.00
47.90,-4.30,0.00
47.90,-4.30,0.00
47.91,-4.30,0.00
47.91,-4.30,0.00
47.92,-4.31,0.00
47.92,-4.31,0.00
47.93,-4.31,0.00
47.93,-4.31,0.00
47.94,-4.32,0.00
47.94,-4.32,0.00
47.95,-4.32,0.00
47.95,-4.32,0.00
47.95,-4.33,0.00
47.96,-4.33,0.00
47.96,-4.33,0.00
47.97,-4.33,0.00
47.97,-4.34,0.00
47.98,-4.34,0.00
47.98,-4.34,0.00
47.99,-4.34,0.00
47.99,-4.35,0.00
48.00,-4.35,0.00
48.00,-4.35,0.00
48.00,-4.35,0.00
48.01,-4.36,0.00
48.01,-4.36,0.00
48.02,-4.36,0.00
48.02,-4.36,0.00
48.03,-4.37,0.00
48.03,-4.37,0.00
48.04,-4.37,0.00
48.04,-4.37,0.00
48.05,-4.37,0.00
48.05,-4.38,0.00
48.06,-4.38,0.00
48.06,-4.38,0.00
48.06,-4.38,0.00
48.07,-4.39,0.00
48.07,-4.39,0.00
48.08,-4.39,0.00
48.08,-4.39,0.00
48.09,-4.40,0.00
48.09,-4.40,0.00
48.10,-4.40,0.00
48.10,-4.40,0.00
48.11,-4.41,0.00
48.11,-4.41,0.00
48.11,-4.41,0.00
48.12,-4.41,0.00
48.12,-4.42,0.00
48.13,-4.42,0.00
48.13,-4.42,0.00
48.14,-4.42,0.00
48.14,-4.43,0.00
48.15,-4.43,0.00
48.15,-4.43,0.00
48.16,-4.43,0.00
48.16,-4.44,0.00
48.17,-4.44,0.00
48.17,-4.44,0.00
48.17,-4.44,0.00
48.18,-4.44,0.00
48.18,-4.45,0.00
48.19,-4.45,0.00
48.19,-4.45,0.00
48.20,-4.45,0.00
48.20,-4.46,0.00
48.21,-4.46,0.00
48.21,-4.46,0.00
48.22,-4.46,0.00
48.22,-4.47,0.00
48.23,-4.47,0.00
48.23,-4.47,0.00
48.23,-4.47,0.00
48.24,-4.48,0.00
48.24,-4.48,0.00
48.25,-4.48,0.00
48.25,-4.48,0.00
48.26,-4.48,0.00
48.26,-4.49,0.00
48.27,-4.49,0.00
48.27,-4.49,0.00
48.28,-4.49,0.00
48.28,-4.50,0.00
48.29,-4.50,0.00
48.29,-4.50,0.00
48.30,-4.50,0.00
48.30,-4.51,0.00
48.30,-4.51,0.00
48.31,-4.51,0.00
48.31,-4.51,0.00
48.32,-4.52,0.00
48.32,-4.52,0.00
48.33,-4.52,0.00
48.33,-4.52,0.00
48.34,-4.52,0.00
48.34,-4.53,0.00
48.35,-4.53,0.00
48.35,-4.53,0.00
48.36,-4.53,0.00
48.36,-4.54,0.00
48.36,-4.54,0.00
48.37,-4.54,0.00
48.37,-4.54,0.00
48.38,-4.54,0.00
48.38,-4.55,0.00
48.39,-4.55,0.00
48.39,-4.55,0.00
48.40,-4.55,0.00
48.40,-4.56,0.00
48.41,-4.56,0.00
48.41,-4.56,0.00
48.42,-4.56,0.00
48.42,-4.57,0.00
48.43,-4.57,0.00
48.43,-4.57,0.00
48.43,-4.57,0.00
48.44,-4.57,0.00
48.44,-4.58,0.00
48.45,-4.58,0.00
48.45,-4.58,0.00
48.46,-4.58,0.00
48.46,-4.59,0.00
48.47,-4.59,0.00
48.47,-4.59,0.00
48.48,-4.59,0.00
48.48,-4.59,0.00
48.49,-4.60,0.00
48.49,-4.60,0.00
48.50,-4.60,0.00
48.50,-4.60,0.00
48.50,-4.61,0.00
48.51,-4.61,0.00
48.51,-4.61,0.00
48.52,-4.61,0.00
48.52,-4.61,0.00
48.53,-4.62,0.00
48.53,-4.62,0.00
48.54,-4.62,0.00
48.54,-4.62,0.00
48.55,-4.63,0.00
48.55,-4.63,0.00
48.56,-4.63,0.00
48.56,-4.63,0.00
48.57,-4.63,0.00
48.57,-4.64,0.00
48.58,-4.64,0.00
48.58,-4.64,0.00
48.58,-4.64,0.00
48.59,-4.65,0.00
48.59,-4.65,0.00
48.60,-4.65,0.00
48.60,-4.65,0.00
48.61,-4.65,0.00
48.61,-4.66,0.00
48.62,-4.66,0.00
48.62,-4.66,0.00
48.63,-4.66,0.00
48.63,-4.67,0.00
48.64,-4.67,0.00
48.64,-4.67,0.00
48.65,-4.67,0.00
48.65,-4.67,0.00
48.66,-4.68,0.00
48.66,-4.68,0.00
48.66,-4.68,0.00
48.67,-4.68,0.00
48.67,-4.68,0.00
48.68,-4.69,0.00
48.68,-4.69,0.00
48.69,-4.69,0.00
48.69,-4.69,0.00
48.70,-4.70,0.00
48.70,-4.70,0.00
48.71,-4.70,0.00
48.71,-4.70,0.00
48.72,-4.70,0.00
48.72,-4.71,0.00
48.73,-4.71,0.00
48.73,-4.71,0.00
48.74,-4.71,0.00
48.74,-4.71,0.00
48.75,-4.72,0.00
48.75,-4.72,0.00
48.75,-4.72,0.00
48.76,-4.72,0.00
48.76,-4.73,0.00
48.77,-4.73,0.00
48.77,-4.73,0.00
48.78,-4.73,0.00
48.78,-4.73,0.00
48.79,-4.74,0.00
48.79,-4.74,0.00
48.80,-4.74,0.00
48.80,-4.74,0.00
48.81,-4.74,0.00
48.81,-4.75,0.00
48.82,-4.75,0.00
48.82,-4.75,0.00
48.83,-4.75,0.00
48.83,-4.75,0.00
48.84,-4.76,0.00
48.84,-4.76,0.00
48.84,-4.76,0.00
48.85,-4.76,0.00
48.85,-4.76,0.00
48.86,-4.77,0.00
48.86,-4.77,0.00
48.87,-4.77,0.00
48.87,-4.77,0.00
48.88,-4.77,0.00
48.88,-4.78,0.00
48.89,-4.78,0.00
48.89,-4.78,0.00
48.90,-4.78,0.00
48.90,-4.78,0.00
48.91,-4.79,0.00
48.91,-4.79,0.00
48.92,-4.79,0.00
48.92,-4.79,0.00
48.93,-4.79,0.00
48.93,-4.80,0.00
48.94,-4.80,0.00
48.94,-4.80,0.00
48.95,-4.80,0.00
48.95,-4.80,0.00
48.95,-4.81,0.00
48.96,-4.81,0.00
48.96,-4.81,0.00
48.97,-4.81,0.00
48.97,-4.81,0.00
48.98,-4.82,0.00
48.98,-4.82,0.00
48.99,-4.82,0.00
48.99,-4.82,0.00
49.00,-4.82,0.00
49.00,-4.83,0.00
49.01,-4.83,0.00
49.01,-4.83,0.00
49.02,-4.83,0.00
49.02,-4.83,0.00
49.03,-4.84,0.00
49.03,-4.84,0.00
49.04,-4.84,0.00
49.04,-4.84,0.00
49.05,-4.84,0.00
49.05,-4.85,0.00
49.06,-4.85,0.00
49.06,-4.85,0.00
49.07,-4.85,0.00
49.07,-4.85,0.00
49.07,-4.86,0.00
49.08,-4.86,0.00
49.08,-4.86,0.00
49.09,-4.86,0.00
49.09,-4.86,0.00
49.10,-4.87,0.00
49.10,-4.87,0.00
49.11,-4.87,0.00
49.11,-4.87,0.00
49.12,-4.87,0.00
49.12,-4.88,0.00
49.13,-4.88,0.00
49.13,-4.88,0.00
49.14,-4.88,0.00
49.14,-4.88,0.00
49.15,-4.88,0.00
49.15,-4.89,0.00
49.16,-4.89,0.00
49.16,-4.89,0.00
49.17,-4.89,0.00
49.17,-4.89,0.00
49.18,-4.90,0.00
49.18,-4.90,0.00
49.19,-4.90,0.00
49.19,-4.90,0.00
49.20,-4.90,0.00
49.20,-4.91,0.00
49.21,-4.91,0.00
49.21,-4.91,0.00
49.22,-4.91,0.00
49.22,-4.91,0.00
49.22,-4.91,0.00
49.23,-4.92,0.00
49.23,-4.92,0.00
49.24,-4.92,0.00
49.24,-4.92,0.00
49.25,-4.92,0.00
49.25,-4.93,0.00
49.26,-4.93,0.00
49.26,-4.93,0.00
49.27,-4.93,0.00
49.27,-4.93,0.00
49.28,-4.93,0.00
49.28,-4.94,0.00
49.29,-4.94,0.00
49.29,-4.94,0.00
49.30,-4.94,0.00
49.30,-4.94,0.00
49.31,-4.95,0.00
49.31,-4.95,0.00
49.32,-4.95,0.00
49.32,-4.95,0.00
49.33,-4.95,0.00
49.33,-4.95,0.00
49.34,-4.96,0.00
49.34,-4.96,0.00
49.35,-4.96,0.00
49.35,-4.96,0.00
49.36,-4.96,0.00
49.36,-4.96,0.00
49.37,-4.97,0.00
49.37,-4.97,0.00
49.38,-4.97,0.00
49.38,-4.97,0.00
49.39,-4.97,0.00
49.39,-4.98,0.00
49.40,-4.98,0.00
49.40,-4.98,0.00
49.40,-4.98,0.00
49.41,-4.98,0.00
49.41,-4.98,0.00
49.42,-4.99,0.00
49.42,-4.99,0.00
49.43,-4.99,0.00
49.43,-4.99,0.00
49.44,-4.99,0.00
49.44,-4.99,0.00
49.45,-5.00,0.00
49.45,-5.00,0.00
49.46,-5.00,0.00
49.46,-5.00,0.00
49.47,-5.00,0.00
49.47,-5.00,0.00
49.48,-5.01,0.00
49.48,-5.01,0.00
49.49,-5.01,0.00
49.49,-5.01,0.00
49.50,-5.01,0.00
49.50,-5.01,0.00
49.51,-5.02,0.00
49.51,-5.02,0.00
49.52,-5.02,0.00
49.52,-5.02,0.00
49.53,-5.02,0.00
49.53,-5.02,0.00
49.54,-5.03,0.00
49.54,-5.03,0.00
49.55,-5.03,0.00
49.55,-5.03,0.00
49.56,-5.03,0.00
49.56,-5.03,0.00
49.57,-5.04,0.00
49.57,-5.04,0.00
49.58,-5.04,0.00
49.58,-5.04,0.00
49.59,-5.04,0.00
49.59,-5.04,0.00
49.60,-5.05,0.00
49.60,-5.05,0.00
49.61,-5.05,0.00
49.61,-5.05,0.00
49.62,-5.05,0.00
49.62,-5.05,0.00
49.63,-5.06,0.00
49.63,-5.06,0.00
49.64,-5.06,0.00
49.64,-5.06,0.00
49.65,-5.06,0.00
49.65,-5.06,0.00
49.66,-5.07,0.00
49.66,-5.07,0.00
49.67,-5.07,0.00
49.67,-5.07,0.00
49.68,-5.07,0.00
49.68,-5.07,0.00
49.69,-5.07,0.00
49.69,-5.08,0.00
49.70,-5.08,0.00
49.70,-5.08,0.00
49.71,-5.08,0.00
49.71,-5.08,0.00
49.72,-5.08,0.00
49.72,-5.09,0.00
49.73,-5.09,0.00
49.73,-5.09,0.00
49.73,-5.09,0.00
49.74,-5.09,0.00
49.74,-5.09,0.00
49.75,-5.09,0.00
49.75,-5.10,0.00
49.76,-5.10,0.00
49.76,-5.10,0.00
49.77,-5.10,0.00
49.77,-5.10,0.00
49.78,-5.10,0.00
49.78,-5.10,0.00
49.79,-5.11,0.00
49.79,-5.11,0.00
49.80,-5.11,0.00
49.80,-5.11,0.00
49.81,-5.11,0.00
49.81,-5.11,0.00
49.82,-5.12,0.00
49.82,-5.12,0.00
49.83,-5.12,0.00
49.83,-5.12,0.00
49.84,-5.12,0.00
49.84,-5.12,0.00
49.85,-5.12,0.00
49.85,-5.13,0.00
49.86,-5.13,0.00
49.86,-5.13,0.00
49.87,-5.13,0.00
49.87,-5.13,0.00
49.88,-5.13,0.00
49.88,-5.13,0.00
49.89,-5.14,0.00
49.89,-5.14,0.00
49.90,-5.14,0.00
49.90,-5.14,0.00
49.91,-5.14,0.00
49.91,-5.14,0.00
49.92,-5.14,0.00
49.92,-5.15,0.00
49.93,-5.15,0.00
49.93,-5.15,0.00
49.94,-5.15,0.00
49.94,-5.15,0.00
49.95,-5.15,0.00
49.95,-5.15,0.00
49.96,-5.15,0.00
49.96,-5.16,0.00
49.97,-5.16,0.00
49.97,-5.16,0.00
49.98,-5.16,0.00
49.98,-5.16,0.00
49.99,-5.16,0.00
49.99,-5.16,0.00
50.00,-5.17,0.00
50.00,-5.17,0.00
50.01,-5.17,0.00
50.01,-5.17,0.00
50.02,-5.17,0.00
50.02,-5.17,0.00
50.03,-5.17,0.00
50.03,-5.18,0.00
50.04,-5.18,0.00
50.04,-5.18,0.00
50.05,-5.18,0.00
50.05,-5.18,0.00
50.06,-5.18,0.00
50.06,-5.18,0.00
50.07,-5.18,0.00
50.07,-5.19,0.00
50.08,-5.19,0.00
50.08,-5.19,0.00
50.09,-5.19,0.00
50.09,-5.19,0.00
50.10,-5.19,0.00
50.10,-5.19,0.00
50.11,-5.19,0.00
50.11,-5.20,0.00
50.12,-5.20,0.00
50.12,-5.20,0.00
50.13,-5.20,0.00
50.13,-5.20,0.00
50.14,-5.20,0.00
50.14,-5.20,0.00
50.15,-5.20,0.00
50.16,-5.21,0.00
50.16,-5.21,0.00
50.17,-5.21,0.00
50.17,-5.21,0.00
50.18,-5.21,0.00
50.18,-5.21,0.00
50.19,-5.21,0.00
50.19,-5.21,0.00
50.20,-5.22,0.00
50.20,-5.22,0.00
50.21,-5.22,0.00
50.21,-5.22,0.00
50.22,-5.22,0.00
50.22,-5.22,0.00
50.23,-5.22,0.00
50.23,-5.22,0.00
50.24,-5.23,0.00
50.24,-5.23,0.00
50.25,-5.23,0.00
50.25,-5.23,0.00
50.26,-5.23,0.00
50.26,-5.23,0.00
50.27,-5.23,0.00
50.27,-5.23,0.00
50.28,-5.23,0.00
50.28,-5.24,0.00
50.29,-5.24,0.00
50.29,-5.24,0.00
50.30,-5.24,0.00
50.30,-5.24,0.00
50.31,-5.24,0.00
50.31,-5.24,0.00
50.32,-5.24,0.00
50.32,-5.24,0.00
50.33,-5.25,0.00
50.33,-5.25,0.00
50.34,-5.25,0.00
50.34,-5.25,0.00
50.35,-5.25,0.00
50.35,-5.25,0.00
50.36,-5.25,0.00
50.36,-5.25,0.00
50.37,-5.25,0.00
50.37,-5.26,0.00
50.38,-5.26,0.00
50.38,-5.26,0.00
50.39,-5.26,0.00
50.39,-5.26,0.00
50.40,-5.26,0.00
50.40,-5.26,0.00
50.41,-5.26,0.00
50.41,-5.26,0.00
50.42,-5.27,0.00
50.42,-5.27,0.00
50.43,-5.27,0.00
50.43,-5.27,0.00
50.44,-5.27,0.00
50.44,-5.27,0.00
50.45,-5.27,0.00
50.45,-5.27,0.00
50.46,-5.27,0.00
50.46,-5.27,0.00
50.47,-5.28,0.00
50.47,-5.28,0.00
50.48,-5.28,0.00
50.48,-5.28,0.00
50.49,-5.28,0.00
50.49,-5.28,0.00
50.50,-5.28,0.00
50.50,-5.28,0.00
50.51,-5.28,0.00
50.51,-5.28,0.00
50.52,-5.29,0.00
50.53,-5.29,0.00
50.53,-5.29,0.00
50.54,-5.29,0.00
50.54,-5.29,0.00
50.55,-5.29,0.00
50.55,-5.29,0.00
50.56,-5.29,0.00
50.56,-5.29,0.00
50.57,-5.29,0.00
50.57,-5.29,0.00
50.58,-5.30,0.00
50.58,-5.30,0.00
50.59,-5.30,0.00
50.59,-5.30,0.00
50.60,-5.30,0.00
50.60,-5.30,0.00
50.61,-5.30,0.00
50.61,-5.30,0.00
50.62,-5.30,0.00
50.62,-5.30,0.00
50.63,-5.30,0.00
50.63,-5.31,0.00
50.64,-5.31,0.00
50.64,-5.31,0.00
50.65,-5.31,0.00
50.65,-5.31,0.00
50.66,-5.31,0.00
50.66,-5.31,0.00
50.67,-5.31,0.00
50.67,-5.31,0.00
50.68,-5.31,0.00
50.68,-5.31,0.00
50.69,-5.31,0.00
50.69,-5.32,0.00
50.70,-5.32,0.00
50.70,-5.32,0.00
50.71,-5.32,0.00
50.71,-5.32,0.00
50.72,-5.32,0.00
50.72,-5.32,0.00
50.73,-5.32,0.00
50.73,-5.32,0.00
50.74,-5.32,0.00
50.75,-5.32,0.00
50.75,-5.32,0.00
50.76,-5.33,0.00
50.76,-5.33,0.00
50.77,-5.33,0.00
50.77,-5.33,0.00
50.78,-5.33,0.00
50.78,-5.33,0.00
50.79,-5.33,0.00
50.79,-5.33,0.00
50.80,-5.33,0.00
50.80,-5.33,0.00
50.81,-5.33,0.00
50.81,-5.33,0.00
50.82,-5.33,0.00
50.82,-5.34,0.00
50.83,-5.34,0.00
50.83,-5.34,0.00
50.84,-5.34,0.00
50.84,-5.34,0.00
50.85,-5.34,0.00
50.85,-5.34,0.00
50.86,-5.34,0.00
50.86,-5.34,0.00
50.87,-5.34,0.00
50.87,-5.34,0.00
50.88,-5.34,0.00
50.88,-5.34,0.00
50.89,-5.34,0.00
50.89,-5.35,0.00
50.90,-5.35,0.00
50.90,-5.35,0.00
50.91,-5.35,0.00
50.91,-5.35,0.00
50.92,-5.35,0.00
50.92,-5.35,0.00
50.93,-5.35,0.00
50.94,-5.35,0.00
50.94,-5.35,0.00
50.95,-5.35,0.00
50.95,-5.35,0.00
50.96,-5.35,0.00
50.96,-5.35,0.00
50.97,-5.35,0.00
50.97,-5.36,0.00
50.98,-5.36,0.00
50.98,-5.36,0.00
50.99,-5.36,0.00
50.99,-5.36,0.00
51.00,-5.36,0.00
51.00,-5.36,0.00
51.01,-5.36,0.00
51.01,-5.36,0.00
51.02,-5.36,0.00
51.02,-5.36,0.00
51.03,-5.36,0.00
51.03,-5.36,0.00
51.04,-5.36,0.00
51.04,-5.36,0.00
51.05,-5.36,0.00
51.05,-5.36,0.00
51.06,-5.37,0.00
51.06,-5.37,0.00
51.07,-5.37,0.00
51.07,-5.37,0.00
51.08,-5.37,0.00
51.08,-5.37,0.00
51.09,-5.37,0.00
51.09,-5.37,0.00
51.10,-5.37,0.00
51.11,-5.37,0.00
51.11,-5.37,0.00
51.12,-5.37,0.00
51.12,-5.37,0.00
51.13,-5.37,0.00
51.13,-5.37,0.00
51.14,-5.37,0.00
51.14,-5.37,0.00
51.15,-5.37,0.00
51.15,-5.37,0.00
51.16,-5.37,0.00
51.16,-5.38,0.00
51.17,-5.38,0.00
51.17,-5.38,0.00
51.18,-5.38,0.00
51.18,-5.38,0.00
51.19,-5.38,0.00
51.19,-5.38,0.00
51.20,-5.38,0.00
51.20,-5.38,0.00
51.21,-5.38,0.00
51.21,-5.38,0.00
51.22,-5.38,0.00
51.22,-5.38,0.00
51.23,-5.38,0.00
51.23,-5.38,0.00
51.24,-5.38,0.00
51.24,-5.38,0.00
51.25,-5.38,0.00
51.26,-5.38,0.00
51.26,-5.38,0.00
51.27,-5.38,0.00
51.27,-5.38,0.00
51.28,-5.38,0.00
51.28,-5.38,0.00
51.29,-5.39,0.00
51.29,-5.39,0.00
51.30,-5.39,0.00
51.30,-5.39,0.00
51.31,-5.39,0.00
51.31,-5.39,0.00
51.32,-5.39,0.00
51.32,-5.39,0.00
51.33,-5.39,0.00
51.33,-5.39,0.00
51.34,-5.39,0.00
51.34,-5.39,0.00
51.35,-5.39,0.00
51.35,-5.39,0.00
51.36,-5.39,0.00
51.36,-5.39,0.00
51.37,-5.39,0.00
51.37,-5.39,0.00
51.38,-5.39,0.00
51.38,-5.39,0.00
51.39,-5.39,0.00
51.39,-5.39,0.00
51.40,-5.39,0.00
51.41,-5.39,0.00
51.41,-5.39,0.00
51.42,-5.39,0.00
51.42,-5.39,0.00
51.43,-5.39,0.00
51.43,-5.39,0.00
51.44,-5.39,0.00
51.44,-5.39,0.00
51.45,-5.39,0.00
51.45,-5.40,0.00
51.46,-5.40,0.00
51.46,-5.40,0.00
51.47,-5.40,0.00
51.47,-5.40,0.00
51.48,-5.40,0.00
51.48,-5.40,0.00
51.49,-5.40,0.00
51.49,-5.40,0.00
51.50,-5.40,0.00
51.50,-5.40,0.00
51.51,-5.40,0.00
51.51,-5.40,0.00
51.52,-5.40,0.00
51.52,-5.40,0.00
51.53,-5.40,0.00
51.53,-5.40,0.00
51.54,-5.40,0.00
51.55,-5.40,0.00
51.55,-5.40,0.00
51.56,-5.40,0.00
51.56,-5.40,0.00
51.57,-5.40,0.00
51.57,-5.40,0.00
51.58,-5.40,0.00
51.58,-5.40,0.00
51.59,-5.40,0.00
51.59,-5.40,0.00
51.60,-5.40,0.00
51.60,-5.40,0.00
51.61,-5.40,0.00
51.61,-5.40,0.00
51.62,-5.40,0.00
51.62,-5.40,0.00
51.63,-5.40,0.00
51.63,-5.40,0.00
51.64,-5.40,0.00
51.64,-5.40,0.00
51.65,-5.40,0.00
51.65,-5.40,0.00
51.66,-5.40,0.00
51.66,-5.40,0.00
51.67,-5.40,0.00
51.67,-5.40,0.00
51.68,-5.40,0.00
51.69,-5.40,0.00
51.69,-5.40,0.00
51.70,-5.40,0.00
51.70,-5.40,0.00
51.71,-5.40,0.00
51.71,-5.40,0.00
51.72,-5.40,0.00
51.72,-5.40,0.00
51.73,-5.40,0.00
51.73,-5.40,0.00
51.74,-5.40,0.00
51.74,-5.40,0.00
51.75,-5.40,0.00
51.75,-5.40,0.00
51.76,-5.40,0.00
51.76,-5.40,0.00
51.77,-5.40,0.00
51.77,-5.40,0.00
51.78,-5.40,0.00
51.78,-5.40,0.00
51.79,-5.40,0.00
51.79,-5.40,0.00
51.80,-5.40,0.00
51.80,-5.40,0.00
51.81,-5.40,0.00
51.82,-5.40,0.00
51.82,-5.40,0.00
51.83,-5.40,0.00
51.83,-5.40,0.00
51.84,-5.40,0.00
51.84,-5.40,0.00
51.85,-5.40,0.00
51.85,-5.40,0.00
51.86,-5.40,0.00
51.86,-5.40,0.00
51.87,-5.40,0.00
51.87,-5.40,0.00
51.88,-5.40,0.00
51.88,-5.40,0.00
51.89,-5.40,0.00
51.89,-5.40,0.00
51.90,-5.40,0.00
51.90,-5.40,0.00
51.91,-5.40,0.00
51.91,-5.40,0.00
51.92,-5.40,0.00
51.92,-5.40,0.00
51.93,-5.40,0.00
51.93,-5.40,0.00
51.94,-5.40,0.00
51.94,-5.40,0.00
51.95,-5.40,0.00
51.96,-5.40,0.00
51.96,-5.40,0.00
51.97,-5.40,0.00
51.97,-5.40,0.00
51.98,-5.40,0.00
51.98,-5.40,0.00
51.99,-5.40,0.00
51.99,-5.40,0.00
52.00,-5.40,0.00
52.00,-5.40,0.00
52.01,-5.40,0.00
52.01,-5.40,0.00
52.02,-5.40,0.00
52.02,-5.40,0.00
52.03,-5.39,0.00
52.03,-5.39,0.00
52.04,-5.39,0.00
52.04,-5.39,0.00
52.05,-5.39,0.00
52.05,-5.39,0.00
52.06,-5.39,0.00
52.06,-5.39,0.00
52.07,-5.39,0.00
52.07,-5.39,0.00
52.08,-5.39,0.00
52.08,-5.39,0.00
52.09,-5.39,0.00
52.10,-5.39,0.00
52.10,-5.39,0.00
52.11,-5.39,0.00
52.11,-5.39,0.00
52.12,-5.39,0.00
52.12,-5.39,0.00
52.13,-5.39,0.00
52.13,-5.39,0.00
52.14,-5.39,0.00
52.14,-5.39,0.00
52.15,-5.39,0.00
52.15,-5.39,0.00
52.16,-5.39,0.00
52.16,-5.39,0.00
52.17,-5.39,0.00
52.17,-5.39,0.00
52.18,-5.39,0.00
52.18,-5.39,0.00
52.19,-5.39,0.00
52.19,-5.39,0.00
52.20,-5.38,0.00
52.20,-5.38,0.00
52.21,-5.38,0.00
52.21,-5.38,0.00
52.22,-5.38,0.00
52.22,-5.38,0.00
52.23,-5.38,0.00
52.23,-5.38,0.00
52.24,-5.38,0.00
52.25,-5.38,0.00
52.25,-5.38,0.00
52.26,-5.38,0.00
52.26,-5.38,0.00
52.27,-5.38,0.00
52.27,-5.38,0.00
52.28,-5.38,0.00
52.28,-5.38,0.00
52.29,-5.38,0.00
52.29,-5.38,0.00
52.30,-5.38,0.00
52.30,-5.38,0.00
52.31,-5.38,0.00
52.31,-5.38,0.00
52.32,-5.38,0.00
52.32,-5.37,0.00
52.33,-5.37,0.00
52.33,-5.37,0.00
52.34,-5.37,0.00
52.34,-5.37,0.00
52.35,-5.37,0.00
52.35,-5.37,0.00
52.36,-5.37,0.00
52.36,-5.37,0.00
52.37,-5.37,0.00
52.37,-5.37,0.00
52.38,-5.37,0.00
52.38,-5.37,0.00
52.39,-5.37,0.00
52.39,-5.37,0.00
52.40,-5.37,0.00
52.41,-5.37,0.00
52.41,-5.37,0.00
52.42,-5.37,0.00
52.42,-5.36,0.00
52.43,-5.36,0.00
52.43,-5.36,0.00
52.44,-5.36,0.00
52.44,-5.36,0.00
52.45,-5.36,0.00
52.45,-5.36,0.00
52.46,-5.36,0.00
52.46,-5.36,0.00
52.47,-5.36,0.00
52.47,-5.36,0.00
52.48,-5.36,0.00
52.48,-5.36,0.00
52.49,-5.36,0.00
52.49,-5.36,0.00
52.50,-5.36,0.00
52.50,-5.36,0.00
52.51,-5.35,0.00
52.51,-5.35,0.00
52.52,-5.35,0.00
52.52,-5.35,0.00
52.53,-5.35,0.00
52.53,-5.35,0.00
52.54,-5.35,0.00
52.54,-5.35,0.00
52.55,-5.35,0.00
52.55,-5.35,0.00
52.56,-5.35,0.00
52.56,-5.35,0.00
52.57,-5.35,0.00
52.58,-5.35,0.00
52.58,-5.35,0.00
52.59,-5.34,0.00
52.59,-5.34,0.00
52.60,-5.34,0.00
52.60,-5.34,0.00
52.61,-5.34,0.00
52.61,-5.34,0.00
52.62,-5.34,0.00
52.62,-5.34,0.00
52.63,-5.34,0.00
52.63,-5.34,0.00
52.64,-5.34,0.00
52.64,-5.34,0.00
52.65,-5.34,0.00
52.65,-5.34,0.00
52.66,-5.33,0.00
52.66,-5.33,0.00
52.67,-5.33,0.00
52.67,-5.33,0.00
52.68,-5.33,0.00
52.68,-5.33,0.00
52.69,-5.33,0.00
52.69,-5.33,0.00
52.70,-5.33,0.00
52.70,-5.33,0.00
52.71,-5.33,0.00
52.71,-5.33,0.00
52.72,-5.33,0.00
52.72,-5.32,0.00
52.73,-5.32,0.00
52.73,-5.32,0.00
52.74,-5.32,0.00
52.74,-5.32,0.00
52.75,-5.32,0.00
52.75,-5.32,0.00
52.76,-5.32,0.00
52.77,-5.32,0.00
52.77,-5.32,0.00
52.78,-5.32,0.00
52.78,-5.32,0.00
52.79,-5.31,0.00
52.79,-5.31,0.00
52.80,-5.31,0.00
52.80,-5.31,0.00
52.81,-5.31,0.00
52.81,-5.31,0.00
52.82,-5.31,0.00
52.82,-5.31,0.00
52.83,-5.31,0.00
52.83,-5.31,0.00
52.84,-5.31,0.00
52.84,-5.30,0.00
52.85,-5.30,0.00
52.85,-5.30,0.00
52.86,-5.30,0.00
52.86,-5.30,0.00
52.87,-5.30,0.00
52.87,-5.30,0.00
52.88,-5.30,0.00
52.88,-5.30,0.00
52.89,-5.30,0.00
52.89,-5.30,0.00
52.90,-5.29,0.00
52.90,-5.29,0.00
52.91,-5.29,0.00
52.91,-5.29,0.00
52.92,-5.29,0.00
52.92,-5.29,0.00
52.93,-5.29,0.00
52.93,-5.29,0.00
52.94,-5.29,0.00
52.94,-5.29,0.00
52.95,-5.28,0.00
52.95,-5.28,0.00
52.96,-5.28,0.00
52.96,-5.28,0.00
52.97,-5.28,0.00
52.97,-5.28,0.00
52.98,-5.28,0.00
52.98,-5.28,0.00
52.99,-5.28,0.00
52.99,-5.28,0.00
53.00,-5.27,0.00
53.01,-5.27,0.00
53.01,-5.27,0.00
53.02,-5.27,0.00
53.02,-5.27,0.00
53.03,-5.27,0.00
53.03,-5.27,0.00
53.04,-5.27,0.00
53.04,-5.27,0.00
53.05,-5.27,0.00
53.05,-5.26,0.00
53.06,-5.26,0.00
53.06,-5.26,0.00
53.07,-5.26,0.00
53.07,-5.26,0.00
53.08,-5.26,0.00
53.08,-5.26,0.00
53.09,-5.26,0.00
53.09,-5.26,0.00
53.10,-5.25,0.00
53.10,-5.25,0.00
53.11,-5.25,0.00
53.11,-5.25,0.00
53.12,-5.25,0.00
53.12,-5.25,0.00
53.13,-5.25,0.00
53.13,-5.25,0.00
53.14,-5.25,0.00
53.14,-5.24,0.00
53.15,-5.24,0.00
53.15,-5.24,0.00
53.16,-5.24,0.00
53.16,-5.24,0.00
53.17,-5.24,0.00
53.17,-5.24,0.00
53.18,-5.24,0.00
53.18,-5.24,0.00
53.19,-5.23,0.00
53.19,-5.23,0.00
53.20,-5.23,0.00
53.20,-5.23,0.00
53.21,-5.23,0.00
53.21,-5.23,0.00
53.22,-5.23,0.00
53.22,-5.23,0.00
53.23,-5.22,0.00
53.23,-5.22,0.00
53.24,-5.22,0.00
53.24,-5.22,0.00
53.25,-5.22,0.00
53.25,-5.22,0.00
53.26,-5.22,0.00
53.26,-5.22,0.00
53.27,-5.21,0.00
53.27,-5.21,0.00
53.28,-5.21,0.00
53.28,-5.21,0.00
53.29,-5.21,0.00
53.29,-5.21,0.00
53.30,-5.21,0.00
53.30,-5.21,0.00
53.31,-5.20,0.00
53.31,-5.20,0.00
53.32,-5.20,0.00
53.32,-5.20,0.00
53.33,-5.20,0.00
53.33,-5.20,0.00
53.34,-5.20,0.00
53.34,-5.20,0.00
53.35,-5.19,0.00
53.35,-5.19,0.00
53.36,-5.19,0.00
53.36,-5.19,0.00
53.37,-5.19,0.00
53.37,-5.19,0.00
53.38,-5.19,0.00
53.38,-5.19,0.00
53.39,-5.18,0.00
53.39,-5.18,0.00
53.40,-5.18,0.00
53.40,-5.18,0.00
53.41,-5.18,0.00
53.41,-5.18,0.00
53.42,-5.18,0.00
53.42,-5.17,0.00
53.43,-5.17,0.00
53.43,-5.17,0.00
53.44,-5.17,0.00
53.44,-5.17,0.00
53.45,-5.17,0.00
53.45,-5.17,0.00
53.46,-5.16,0.00
53.46,-5.16,0.00
53.47,-5.16,0.00
53.47,-5.16,0.00
53.48,-5.16,0.00
53.48,-5.16,0.00
53.49,-5.16,0.00
53.49,-5.16,0.00
53.50,-5.15,0.00
53.50,-5.15,0.00
53.51,-5.15,0.00
53.51,-5.15,0.00
53.52,-5.15,0.00
53.52,-5.15,0.00
53.53,-5.15,0.00
53.53,-5.14,0.00
53.54,-5.14,0.00
53.54,-5.14,0.00
53.55,-5.14,0.00
53.55,-5.14,0.00
53.56,-5.14,0.00
53.56,-5.14,0.00
53.57,-5.13,0.00
53.57,-5.13,0.00
53.58,-5.13,0.00
53.58,-5.13,0.00
53.59,-5.13,0.00
53.59,-5.13,0.00
53.60,-5.12,0.00
53.60,-5.12,0.00
53.61,-5.12,0.00
53.61,-5.12,0.00
53.62,-5.12,0.00
53.62,-5.12,0.00
53.63,-5.12,0.00
53.63,-5.11,0.00
53.64,-5.11,0.00
53.64,-5.11,0.00
53.65,-5.11,0.00
53.65,-5.11,0.00
53.66,-5.11,0.00
53.66,-5.11,0.00
53.67,-5.10,0.00
53.67,-5.10,0.00
53.68,-5.10,0.00
53.68,-5.10,0.00
53.69,-5.10,0.00
53.69,-5.10,0.00
53.70,-5.09,0.00
53.70,-5.09,0.00
53.71,-5.09,0.00
53.71,-5.09,0.00
53.72,-5.09,0.00
53.72,-5.09,0.00
53.73,-5.09,0.00
53.73,-5.08,0.00
53.74,-5.08,0.00
53.74,-5.08,0.00
53.75,-5.08,0.00
53.75,-5.08,0.00
53.76,-5.08,0.00
53.76,-5.07,0.00
53.77,-5.07,0.00
53.77,-5.07,0.00
53.78,-5.07,0.00
53.78,-5.07,0.00
53.79,-5.07,0.00
53.79,-5.06,0.00
53.80,-5.06,0.00
53.80,-5.06,0.00
53.81,-5.06,0.00
53.81,-5.06,0.00
53.82,-5.06,0.00
53.82,-5.05,0.00
53.83,-5.05,0.00
53.83,-5.05,0.00
53.84,-5.05,0.00
53.84,-5.05,0.00
53.85,-5.05,0.00
53.85,-5.04,0.00
53.86,-5.04,0.00
53.86,-5.04,0.00
53.87,-5.04,0.00
53.87,-5.04,0.00
53.88,-5.04,0.00
53.88,-5.03,0.00
53.89,-5.03,0.00
53.89,-5.03,0.00
53.90,-5.03,0.00
53.90,-5.03,0.00
53.90,-5.03,0.00
53.91,-5.02,0.00
53.91,-5.02,0.00
53.92,-5.02,0.00
53.92,-5.02,0.00
53.93,-5.02,0.00
53.93,-5.02,0.00
53.94,-5.01,0.00
53.94,-5.01,0.00
53.95,-5.01,0.00
53.95,-5.01,0.00
53.96,-5.01,0.00
53.96,-5.01,0.00
53.97,-5.00,0.00
53.97,-5.00,0.00
53.98,-5.00,0.00
53.98,-5.00,0.00
53.99,-5.00,0.00
53.99,-5.00,0.00
54.00,-4.99,0.00
54.00,-4.99,0.00
54.01,-4.99,0.00
54.01,-4.99,0.00
54.02,-4.99,0.00
54.02,-4.98,0.00
54.03,-4.98,0.00
54.03,-4.98,0.00
54.04,-4.98,0.00
54.04,-4.98,0.00
54.05,-4.98,0.00
54.05,-4.97,0.00
54.06,-4.97,0.00
54.06,-4.97,0.00
54.07,-4.97,0.00
54.07,-4.97,0.00
54.08,-4.96,0.00
54.08,-4.96,0.00
54.09,-4.96,0.00
54.09,-4.96,0.00
54.10,-4.96,0.00
54.10,-4.96,0.00
54.10,-4.95,0.00
54.11,-4.95,0.00
54.11,-4.95,0.00
54.12,-4.95,0.00
54.12,-4.95,0.00
54.13,-4.94,0.00
54.13,-4.94,0.00
54.14,-4.94,0.00
54.14,-4.94,0.00
54.15,-4.94,0.00
54.15,-4.94,0.00
54.16,-4.93,0.00
54.16,-4.93,0.00
54.17,-4.93,0.00
54.17,-4.93,0.00
54.18,-4.93,0.00
54.18,-4.92,0.00
54.19,-4.92,0.00
54.19,-4.92,0.00
54.20,-4.92,0.00
54.20,-4.92,0.00
54.21,-4.91,0.00
54.21,-4.91,0.00
54.22,-4.91,0.00
54.22,-4.91,0.00
54.23,-4.91,0.00
54.23,-4.91,0.00
54.24,-4.90,0.00
54.24,-4.90,0.00
54.25,-4.90,0.00
54.25,-4.90,0.00
54.25,-4.90,0.00
54.26,-4.89,0.00
54.26,-4.89,0.00
54.27,-4.89,0.00
54.27,-4.89,0.00
54.28,-4.89,0.00
54.28,-4.88,0.00
54.29,-4.88,0.00
54.29,-4.88,0.00
54.30,-4.88,0.00
54.30,-4.88,0.00
54.31,-4.87,0.00
54.31,-4.87,0.00
54.32,-4.87,0.00
54.32,-4.87,0.00
54.33,-4.87,0.00
54.33,-4.86,0.00
54.34,-4.86,0.00
54.34,-4.86,0.00
54.35,-4.86,0.00
54.35,-4.86,0.00
54.36,-4.85,0.00
54.36,-4.85,0.00
54.37,-4.85,0.00
54.37,-4.85,0.00
54.37,-4.85,0.00
54.38,-4.84,0.00
54.38,-4.84,0.00
54.39,-4.84,0.00
54.39,-4.84,0.00
54.40,-4.84,0.00
54.40,-4.83,0.00
54.41,-4.83,0.00
54.41,-4.83,0.00
54.42,-4.83,0.00
54.42,-4.83,0.00
54.43,-4.82,0.00
54.43,-4.82,0.00
54.44,-4.82,0.00
54.44,-4.82,0.00
54.45,-4.82,0.00
54.45,-4.81,0.00
54.46,-4.81,0.00
54.46,-4.81,0.00
54.47,-4.81,0.00
54.47,-4.81,0.00
54.48,-4.80,0.00
54.48,-4.80,0.00
54.48,-4.80,0.00
54.49,-4.80,0.00
54.49,-4.80,0.00
54.50,-4.79,0.00
54.50,-4.79,0.00
54.51,-4.79,0.00
54.51,-4.79,0.00
54.52,-4.78,0.00
54.52,-4.78,0.00
54.53,-4.78,0.00
54.53,-4.78,0.00
54.54,-4.78,0.00
54.54,-4.77,0.00
54.55,-4.77,0.00
54.55,-4.77,0.00
54.56,-4.77,0.00
54.56,-4.77,0.00
54.57,-4.76,0.00
54.57,-4.76,0.00
54.57,-4.76,0.00
54.58,-4.76,0.00
54.58,-4.76,0.00
54.59,-4.75,0.00
54.59,-4.75,0.00
54.60,-4.75,0.00
54.60,-4.75,0.00
54.61,-4.74,0.00
54.61,-4.74,0.00
54.62,-4.74,0.00
54.62,-4.74,0.00
54.63,-4.74,0.00
54.63,-4.73,0.00
54.64,-4.73,0.00
54.64,-4.73,0.00
54.65,-4.73,0.00
54.65,-4.73,0.00
54.66,-4.72,0.00
54.66,-4.72,0.00
54.66,-4.72,0.00
54.67,-4.72,0.00
54.67,-4.71,0.00
54.68,-4.71,0.00
54.68,-4.71,0.00
54.69,-4.71,0.00
54.69,-4.71,0.00
54.70,-4.70,0.00
54.70,-4.70,0.00
54.71,-4.70,0.00
54.71,-4.70,0.00
54.72,-4.69,0.00
54.72,-4.69,0.00
54.73,-4.69,0.00
54.73,-4.69,0.00
54.73,-4.69,0.00
54.74,-4.68,0.00
54.74,-4.68,0.00
54.75,-4.68,0.00
54.75,-4.68,0.00
54.76,-4.67,0.00
54.76,-4.67,0.00
54.77,-4.67,0.00
54.77,-4.67,0.00
54.78,-4.67,0.00
54.78,-4.66,0.00
54.79,-4.66,0.00
54.79,-4.66,0.00
54.80,-4.66,0.00
54.80,-4.65,0.00
54.81,-4.65,0.00
54.81,-4.65,0.00
54.81,-4.65,0.00
54.82,-4.65,0.00
54.82,-4.64,0.00
54.83,-4.64,0.00
54.83,-4.64,0.00
54.84,-4.64,0.00
54.84,-4.63,0.00
54.85,-4.63,0.00
54.85,-4.63,0.00
54.86,-4.63,0.00
54.86,-4.63,0.00
54.87,-4.62,0.00
54.87,-4.62,0.00
54.88,-4.62,0.00
54.88,-4.62,0.00
54.88,-4.61,0.00
54.89,-4.61,0.00
54.89,-4.61,0.00
54.90,-4.61,0.00
54.90,-4.60,0.00
54.91,-4.60,0.00
54.91,-4.60,0.00
54.92,-4.60,0.00
54.92,-4.60,0.00
54.93,-4.59,0.00
54.93,-4.59,0.00
54.94,-4.59,0.00
54.94,-4.59,0.00
54.94,-4.58,0.00
54.95,-4.58,0.00
54.95,-4.58,0.00
54.96,-4.58,0.00
54.96,-4.57,0.00
54.97,-4.57,0.00
54.97,-4.57,0.00
54.98,-4.57,0.00
54.98,-4.57,0.00
54.99,-4.56,0.00
54.99,-4.56,0.00
55.00,-4.56,0.00
55.00,-4.56,0.00
55.01,-4.55,0.00
55.01,-4.55,0.00
55.01,-4.55,0.00
55.02,-4.55,0.00
55.02,-4.54,0.00
55.03,-4.54,0.00
55.03,-4.54,0.00
55.04,-4.54,0.00
55.04,-4.53,0.00
55.05,-4.53,0.00
55.05,-4.53,0.00
55.06,-4.53,0.00
55.06,-4.52,0.00
55.07,-4.52,0.00
55.07,-4.52,0.00
55.07,-4.52,0.00
55.08,-4.52,0.00
55.08,-4.51,0.00
55.09,-4.51,0.00
55.09,-4.51,0.00
55.10,-4.51,0.00
55.10,-4.50,0.00
55.11,-4.50,0.00
55.11,-4.50,0.00
55.12,-4.50,0.00
55.12,-4.49,0.00
55.12,-4.49,0.00
55.13,-4.49,0.00
55.13,-4.49,0.00
55.14,-4.48,0.00
55.14,-4.48,0.00
55.15,-4.48,0.00
55.15,-4.48,0.00
55.16,-4.47,0.00
55.16,-4.47,0.00
55.17,-4.47,0.00
55.17,-4.47,0.00
55.18,-4.46,0.00
55.18,-4.46,0.00
55.18,-4.46,0.00
55.19,-4.46,0.00
55.19,-4.45,0.00
55.20,-4.45,0.00
55.20,-4.45,0.00
55.21,-4.45,0.00
55.21,-4.45,0.00
55.22,-4.44,0.00
55.22,-4.44,0.00
55.23,-4.44,0.00
55.23,-4.44,0.00
55.23,-4.43,0.00
55.24,-4.43,0.00
55.24,-4.43,0.00
55.25,-4.43,0.00
55.25,-4.42,0.00
55.26,-4.42,0.00
55.26,-4.42,0.00
55.27,-4.42,0.00
55.27,-4.41,0.00
55.28,-4.41,0.00
55.28,-4.41,0.00
55.29,-4.41,0.00
55.29,-4.40,0.00
55.29,-4.40,0.00
55.30,-4.40,0.00
55.30,-4.40,0.00
55.31,-4.39,0.00
55.31,-4.39,0.00
55.32,-4.39,0.00
55.32,-4.39,0.00
55.33,-4.38,0.00
55.33,-4.38,0.00
55.34,-4.38,0.00
55.34,-4.38,0.00
55.34,-4.37,0.00
55.35,-4.37,0.00
55.35,-4.37,0.00
55.36,-4.37,0.00
55.36,-4.36,0.00
55.37,-4.36,0.00
55.37,-4.36,0.00
55.38,-4.36,0.00
55.38,-4.35,0.00
55.38,-4.35,0.00
55.39,-4.35,0.00
55.39,-4.35,0.00
55.40,-4.34,0.00
55.40,-4.34,0.00
55.41,-4.34,0.00
55.41,-4.34,0.00
55.42,-4.33,0.00
55.42,-4.33,0.00
55.43,-4.33,0.00
55.43,-4.33,0.00
55.43,-4.32,0.00
55.44,-4.32,0.00
55.44,-4.32,0.00
55.45,-4.31,0.00
55.45,-4.31,0.00
55.46,-4.31,0.00
55.46,-4.31,0.00
55.47,-4.30,0.00
55.47,-4.30,0.00
55.48,-4.30,0.00
55.48,-4.30,0.00
55.48,-4.29,0.00
55.49,-4.29,0.00
55.49,-4.29,0.00
55.50,-4.29,0.00
55.50,-4.28,0.00
55.51,-4.28,0.00
55.51,-4.28,0.00
55.52,-4.28,0.00
55.52,-4.27,0.00
55.52,-4.27,0.00
55.53,-4.27,0.00
55.53,-4.27,0.00
55.54,-4.26,0.00
55.54,-4.26,0.00
55.55,-4.26,0.00
55.55,-4.26,0.00
55.56,-4.25,0.00
55.56,-4.25,0.00
55.57,-4.25,0.00
55.57,-4.25,0.00
55.57,-4.24,0.00
55.58,-4.24,0.00
55.58,-4.24,0.00
55.59,-4.23,0.00
55.59,-4.23,0.00
55.60,-4.23,0.00
55.60,-4.23,0.00
55.61,-4.22,0.00
55.61,-4.22,0.00
55.61,-4.22,0.00
55.62,-4.22,0.00
55.62,-4.21,0.00
55.63,-4.21,0.00
55.63,-4.21,0.00
55.64,-4.21,0.00
55.64,-4.20,0.00
55.65,-4.20,0.00
55.65,-4.20,0.00
55.65,-4.20,0.00
55.66,-4.19,0.00
55.66,-4.19,0.00
55.67,-4.19,0.00
55.67,-4.18,0.00
55.68,-4.18,0.00
55.68,-4.18,0.00
55.69,-4.18,0.00
55.69,-4.17,0.00
55.70,-4.17,0.00
55.70,-4.17,0.00
55.70,-4.17,0.00
55.71,-4.16,0.00
55.71,-4.16,0.00
55.72,-4.16,0.00
55.72,-4.16,0.00
55.73,-4.15,0.00
55.73,-4.15,0.00
55.74,-4.15,0.00
55.74,-4.14,0.00
55.74,-4.14,0.00
55.75,-4.14,0.00
55.75,-4.14,0.00
55.76,-4.13,0.00
55.76,-4.13,0.00
55.77,-4.13,0.00
55.77,-4.13,0.00
55.78,-4.12,0.00
55.78,-4.12,0.00
55.78,-4.12,0.00
55.79,-4.12,0.00
55.79,-4.11,0.00
55.80,-4.11,0.00
55.80,-4.11,0.00
55.81,-4.10,0.00
55.81,-4.10,0.00
55.82,-4.10,0.00
55.82,-4.10,0.00
55.82,-4.09,0.00
55.83,-4.09,0.00
55.83,-4.09,0.00
55.84,-4.09,0.00
55.84,-4.08,0.00
55.85,-4.08,0.00
55.85,-4.08,0.00
55.86,-4.08,0.00
55.86,-4.07,0.00
55.86,-4.07,0.00
55.87,-4.07,0.00
55.87,-4.06,0.00
55.88,-4.06,0.00
55.88,-4.06,0.00
55.89,-4.06,0.00
55.89,-4.05,0.00
55.89,-4.05,0.00
55.90,-4.05,0.00
55.90,-4.05,0.00
55.91,-4.04,0.00
55.91,-4.04,0.00
55.92,-4.04,0.00
55.92,-4.03,0.00
55.93,-4.03,0.00
55.93,-4.03,0.00
55.93,-4.03,0.00
55.94,-4.02,0.00
55.94,-4.02,0.00
55.95,-4.02,0.00
55.95,-4.02,0.00
55.96,-4.01,0.00
55.96,-4.01,0.00
55.97,-4.01,0.00
55.97,-4.00,0.00
55.97,-4.00,0.00
55.98,-4.00,0.00
55.98,-4.00,0.00
55.99,-3.99,0.00
55.99,-3.99,0.00
56.00,-3.99,0.00
56.00,-3.98,0.00
56.01,-3.98,0.00
56.01,-3.98,0.00
56.01,-3.98,0.00
56.02,-3.97,0.00
56.02,-3.97,0.00
56.03,-3.97,0.00
56.03,-3.97,0.00
56.04,-3.96,0.00
56.04,-3.96,0.00
56.04,-3.96,0.00
56.05,-3.95,0.00
56.05,-3.95,0.00
56.06,-3.95,0.00
56.06,-3.95,0.00
56.07,-3.94,0.00
56.07,-3.94,0.00
56.08,-3.94,0.00
56.08,-3.94,0.00
56.08,-3.93,0.00
56.09,-3.93,0.00
56.09,-3.93,0.00
56.10,-3.92,0.00
56.10,-3.92,0.00
56.11,-3.92,0.00
56.11,-3.92,0.00
56.11,-3.91,0.00
56.12,-3.91,0.00
56.12,-3.91,0.00
56.13,-3.90,0.00
56.13,-3.90,0.00
56.14,-3.90,0.00
56.14,-3.90,0.00
56.15,-3.89,0.00
56.15,-3.89,0.00
56.15,-3.89,0.00
56.16,-3.89,0.00
56.16,-3.88,0.00
56.17,-3.88,0.00
56.17,-3.88,0.00
56.18,-3.87,0.00
56.18,-3.87,0.00
56.18,-3.87,0.00
56.19,-3.87,0.00
56.19,-3.86,0.00
56.20,-3.86,0.00
56.20,-3.86,0.00
56.21,-3.85,0.00
56.21,-3.85,0.00
56.22,-3.85,0.00
56.22,-3.85,0.00
56.22,-3.84,0.00
56.23,-3.84,0.00
56.23,-3.84,0.00
56.24,-3.83,0.00
56.24,-3.83,0.00
56.25,-3.83,0.00
56.25,-3.83,0.00
56.25,-3.82,0.00
56.26,-3.82,0.00
56.26,-3.82,0.00
56.27,-3.81,0.00
56.27,-3.81,0.00
56.28,-3.81,0.00
56.28,-3.81,0.00
56.28,-3.80,0.00
56.29,-3.80,0.00
56.29,-3.80,0.00
56.30,-3.79,0.00
56.30,-3.79,0.00
56.31,-3.79,0.00
56.31,-3.79,0.00
56.32,-3.78,0.00
56.32,-3.78,0.00
56.32,-3.78,0.00
56.33,-3.78,0.00
56.33,-3.77,0.00
56.34,-3.77,0.00
56.34,-3.77,0.00
56.35,-3.76,0.00
56.35,-3.76,0.00
56.35,-3.76,0.00
56.36,-3.76,0.00
56.36,-3.75,0.00
56.37,-3.75,0.00
56.37,-3.75,0.00
56.38,-3.74,0.00
56.38,-3.74,0.00
56.38,-3.74,0.00
56.39,-3.74,0.00
56.39,-3.73,0.00
56.40,-3.73,0.00
56.40,-3.73,0.00
56.41,-3.72,0.00
56.41,-3.72,0.00
56.41,-3.72,0.00
56.42,-3.72,0.00
56.42,-3.71,0.00
56.43,-3.71,0.00
56.43,-3.71,0.00
56.44,-3.70,0.00
56.44,-3.70,0.00
56.45,-3.70,0.00
56.45,-3.70,0.00
56.45,-3.69,0.00
56.46,-3.69,0.00
56.46,-3.69,0.00
56.47,-3.68,0.00
56.47,-3.68,0.00
56.48,-3.68,0.00
56.48,-3.67,0.00
56.48,-3.67,0.00
56.49,-3.67,0.00
56.49,-3.67,0.00
56.50,-3.66,0.00
56.50,-3.66,0.00
56.51,-3.66,0.00
56.51,-3.65,0.00
56.51,-3.65,0.00
56.52,-3.65,0.00
56.52,-3.65,0.00
56.53,-3.64,0.00
56.53,-3.64,0.00
56.54,-3.64,0.00
56.54,-3.63,0.00
56.54,-3.63,0.00
56.55,-3.63,0.00
56.55,-3.63,0.00
56.56,-3.62,0.00
56.56,-3.62,0.00
56.57,-3.62,0.00
56.57,-3.61,0.00
56.57,-3.61,0.00
56.58,-3.61,0.00
56.58,-3.61,0.00
56.59,-3.60,0.00
56.59,-3.60,0.00
56.60,-3.60,0.00
56.60,-3.59,0.00
56.60,-3.59,0.00
56.61,-3.59,0.00
56.61,-3.59,0.00
56.62,-3.58,0.00
56.62,-3.58,0.00
56.63,-3.58,0.00
56.63,-3.57,0.00
56.63,-3.57,0.00
56.64,-3.57,0.00
56.64,-3.57,0.00
56.65,-3.56,0.00
56.65,-3.56,0.00
56.66,-3.56,0.00
56.66,-3.55,0.00
56.66,-3.55,0.00
56.67,-3.55,0.00
56.67,-3.54,0.00
56.68,-3.54,0.00
56.68,-3.54,0.00
56.69,-3.54,0.00
56.69,-3.53,0.00
56.70,-3.53,0.00
56.70,-3.53,0.00
56.70,-3.52,0.00
56.71,-3.52,0.00
56.71,-3.52,0.00
56.72,-3.52,0.00
56.72,-3.51,0.00
56.73,-3.51,0.00
56.73,-3.51,0.00
56.73,-3.50,0.00
56.74,-3.50,0.00
56.74,-3.50,0.00
56.75,-3.50,0.00
56.75,-3.49,0.00
56.76,-3.49,0.00
56.76,-3.49,0.00
56.76,-3.48,0.00
56.77,-3.48,0.00
56.77,-3.48,0.00
56.78,-3.47,0.00
56.78,-3.47,0.00
56.79,-3.47,0.00
56.79,-3.47,0.00
56.79,-3.46,0.00
56.80,-3.46,0.00
56.80,-3.46,0.00
56.81,-3.45,0.00
56.81,-3.45,0.00
56.82,-3.45,0.00
56.82,-3.45,0.00
56.82,-3.44,0.00
56.83,-3.44,0.00
56.83,-3.44,0.00
56.84,-3.43,0.00
56.84,-3.43,0.00
56.84,-3.43,0.00
56.85,-3.42,0.00
56.85,-3.42,0.00
56.86,-3.42,0.00
56.86,-3.42,0.00
56.87,-3.41,0.00
56.87,-3.41,0.00
56.87,-3.41,0.00
56.88,-3.40,0.00
56.88,-3.40,0.00
56.89,-3.40,0.00
56.89,-3.40,0.00
56.90,-3.39,0.00
56.90,-3.39,0.00
56.90,-3.39,0.00
56.91,-3.38,0.00
56.91,-3.38,0.00
56.92,-3.38,0.00
56.92,-3.37,0.00
56.93,-3.37,0.00
56.93,-3.37,0.00
56.93,-3.37,0.00
56.94,-3.36,0.00
56.94,-3.36,0.00
56.95,-3.36,0.00
56.95,-3.35,0.00
56.96,-3.35,0.00
56.96,-3.35,0.00
56.96,-3.35,0.00
56.97,-3.34,0.00
56.97,-3.34,0.00
56.98,-3.34,0.00
56.98,-3.33,0.00
56.99,-3.33,0.00
56.99,-3.33,0.00
56.99,-3.32,0.00
57.00,-3.32,0.00
57.00,-3.32,0.00
57.01,-3.32,0.00
57.01,-3.31,0.00
57.02,-3.31,0.00
57.02,-3.31,0.00
57.02,-3.30,0.00
57.03,-3.30,0.00
57.03,-3.30,0.00
57.04,-3.29,0.00
57.04,-3.29,0.00
57.05,-3.29,0.00
57.05,-3.29,0.00
57.05,-3.28,0.00
57.06,-3.28,0.00
57.06,-3.28,0.00
57.07,-3.27,0.00
57.07,-3.27,0.00
57.08,-3.27,0.00
57.08,-3.27,0.00
57.08,-3.26,0.00
57.09,-3.26,0.00
57.09,-3.26,0.00
57.10,-3.25,0.00
57.10,-3.25,0.00
57.11,-3.25,0.00
57.11,-3.24,0.00
57.11,-3.24,0.00
57.12,-3.24,0.00
57.12,-3.24,0.00
57.13,-3.23,0.00
57.13,-3.23,0.00
57.13,-3.23,0.00
57.14,-3.22,0.00
57.14,-3.22,0.00
57.15,-3.22,0.00
57.15,-3.21,0.00
57.16,-3.21,0.00
57.16,-3.21,0.00
57.16,-3.21,0.00
57.17,-3.20,0.00
57.17,-3.20,0.00
57.18,-3.20,0.00
57.18,-3.19,0.00
57.19,-3.19,0.00
57.19,-3.19,0.00
57.19,-3.18,0.00
57.20,-3.18,0.00
57.20,-3.18,0.00
57.21,-3.18,0.00
57.21,-3.17,0.00
57.22,-3.17,0.00
57.22,-3.17,0.00
57.22,-3.16,0.00
57.23,-3.16,0.00
57.23,-3.16,0.00
57.24,-3.16,0.00
57.24,-3.15,0.00
57.25,-3.15,0.00
57.25,-3.15,0.00
57.25,-3.14,0.00
57.26,-3.14,0.00
57.26,-3.14,0.00
57.27,-3.13,0.00
57.27,-3.13,0.00
57.28,-3.13,0.00
57.28,-3.13,0.00
57.28,-3.12,0.00
57.29,-3.12,0.00
57.29,-3.12,0.00
57.30,-3.11,0.00
57.30,-3.11,0.00
57.30,-3.11,0.00
57.31,-3.10,0.00
57.31,-3.10,0.00
57.32,-3.10,0.00
57.32,-3.10,0.00
57.33,-3.09,0.00
57.33,-3.09,0.00
57.33,-3.09,0.00
57.34,-3.08,0.00
57.34,-3.08,0.00
57.35,-3.08,0.00
57.35,-3.07,0.00
57.36,-3.07,0.00
57.36,-3.07,0.00
57.36,-3.07,0.00
57.37,-3.06,0.00
57.37,-3.06,0.00
57.38,-3.06,0.00
57.38,-3.05,0.00
57.39,-3.05,0.00
57.39,-3.05,0.00
57.39,-3.04,0.00
57.40,-3.04,0.00
57.40,-3.04,0.00
57.41,-3.04,0.00
57.41,-3.03,0.00
57.42,-3.03,0.00
57.42,-3.03,0.00
57.42,-3.02,0.00
57.43,-3.02,0.00
57.43,-3.02,0.00
57.44,-3.02,0.00
57.44,-3.01,0.00
57.44,-3.01,0.00
57.45,-3.01,0.00
57.45,-3.00,0.00
57.46,-3.00,0.00
57.46,-3.00,0.00
57.47,-2.99,0.00
57.47,-2.99,0.00
57.47,-2.99,0.00
57.48,-2.99,0.00
57.48,-2.98,0.00
57.49,-2.98,0.00
57.49,-2.98,0.00
57.50,-2.97,0.00
57.50,-2.97,0.00
57.50,-2.97,0.00
57.51,-2.96,0.00
57.51,-2.96,0.00
57.52,-2.96,0.00
57.52,-2.96,0.00
57.53,-2.95,0.00
57.53,-2.95,0.00
57.53,-2.95,0.00
57.54,-2.94,0.00
57.54,-2.94,0.00
57.55,-2.94,0.00
57.55,-2.93,0.00
57.56,-2.93,0.00
57.56,-2.93,0.00
57.56,-2.93,0.00
57.57,-2.92,0.00
57.57,-2.92,0.00
57.58,-2.92,0.00
57.58,-2.91,0.00
57.59,-2.91,0.00
57.59,-2.91,0.00
57.59,-2.90,0.00
57.60,-2.90,0.00
57.60,-2.90,0.00
57.61,-2.90,0.00
57.61,-2.89,0.00
57.61,-2.89,0.00
57.62,-2.89,0.00
57.62,-2.88,0.00
57.63,-2.88,0.00
57.63,-2.88,0.00
57.64,-2.87,0.00
57.64,-2.87,0.00
57.64,-2.87,0.00
57.65,-2.87,0.00
57.65,-2.86,0.00
57.66,-2.86,0.00
57.66,-2.86,0.00
57.67,-2.85,0.00
57.67,-2.85,0.00
57.67,-2.85,0.00
57.68,-2.84,0.00
57.68,-2.84,0.00
57.69,-2.84,0.00
57.69,-2.84,0.00
57.70,-2.83,0.00
57.70,-2.83,0.00
57.70,-2.83,0.00
57.71,-2.82,0.00
57.71,-2.82,0.00
57.72,-2.82,0.00
57.72,-2.82,0.00
57.73,-2.81,0.00
57.73,-2.81,0.00
57.73,-2.81,0.00
57.74,-2.80,0.00
57.74,-2.80,0.00
57.75,-2.80,0.00
57.75,-2.79,0.00
57.75,-2.79,0.00
57.76,-2.79,0.00
57.76,-2.79,0.00
57.77,-2.78,0.00
57.77,-2.78,0.00
57.78,-2.78,0.00
57.78,-2.77,0.00
57.78,-2.77,0.00
57.79,-2.77,0.00
57.79,-2.76,0.00
57.80,-2.76,0.00
57.80,-2.76,0.00
57.81,-2.76,0.00
57.81,-2.75,0.00
57.81,-2.75,0.00
57.82,-2.75,0.00
57.82,-2.74,0.00
57.83,-2.74,0.00
57.83,-2.74,0.00
57.84,-2.73,0.00
57.84,-2.73,0.00
57.84,-2.73,0.00
57.85,-2.73,0.00
57.85,-2.72,0.00
57.86,-2.72,0.00
57.86,-2.72,0.00
57.87,-2.71,0.00
57.87,-2.71,0.00
57.87,-2.71,0.00
57.88,-2.70,0.00
57.88,-2.70,0.00
57.89,-2.70,0.00
57.89,-2.70,0.00
57.90,-2.69,0.00
57.90,-2.69,0.00
57.90,-2.69,0.00
57.91,-2.68,0.00
57.91,-2.68,0.00
57.92,-2.68,0.00
57.92,-2.68,0.00
57.92,-2.67,0.00
57.93,-2.67,0.00
57.93,-2.67,0.00
57.94,-2.66,0.00
57.94,-2.66,0.00
57.95,-2.66,0.00
57.95,-2.65,0.00
57.95,-2.65,0.00
57.96,-2.65,0.00
57.96,-2.65,0.00
57.97,-2.64,0.00
57.97,-2.64,0.00
57.98,-2.64,0.00
57.98,-2.63,0.00
57.98,-2.63,0.00
57.99,-2.63,0.00
57.99,-2.62,0.00
58.00,-2.62,0.00
58.00,-2.62,0.00
58.01,-2.62,0.00
58.01,-2.61,0.00
58.01,-2.61,0.00
58.02,-2.61,0.00
58.02,-2.60,0.00
58.03,-2.60,0.00
58.03,-2.60,0.00
58.04,-2.60,0.00
58.04,-2.59,0.00
58.04,-2.59,0.00
58.05,-2.59,0.00
58.05,-2.58,0.00
58.06,-2.58,0.00
58.06,-2.58,0.00
58.07,-2.57,0.00
58.07,-2.57,0.00
58.07,-2.57,0.00
58.08,-2.57,0.00
58.08,-2.56,0.00
58.09,-2.56,0.00
58.09,-2.56,0.00
58.10,-2.55,0.00
58.10,-2.55,0.00
58.10,-2.55,0.00
58.11,-2.54,0.00
58.11,-2.54,0.00
58.12,-2.54,0.00
58.12,-2.54,0.00
58.13,-2.53,0.00
58.13,-2.53,0.00
58.13,-2.53,0.00
58.14,-2.52,0.00
58.14,-2.52,0.00
58.15,-2.52,0.00
58.15,-2.52,0.00
58.15,-2.51,0.00
58.16,-2.51,0.00
58.16,-2.51,0.00
58.17,-2.50,0.00
58.17,-2.50,0.00
58.18,-2.50,0.00
58.18,-2.49,0.00
58.18,-2.49,0.00
58.19,-2.49,0.00
58.19,-2.49,0.00
58.20,-2.48,0.00
58.20,-2.48,0.00
58.21,-2.48,0.00
58.21,-2.47,0.00
58.21,-2.47,0.00
58.22,-2.47,0.00
58.22,-2.47,0.00
58.23,-2.46,0.00
58.23,-2.46,0.00
58.24,-2.46,0.00
58.24,-2.45,0.00
58.24,-2.45,0.00
58.25,-2.45,0.00
58.25,-2.44,0.00
58.26,-2.44,0.00
58.26,-2.44,0.00
58.27,-2.44,0.00
58.27,-2.43,0.00
58.27,-2.43,0.00
58.28,-2.43,0.00
58.28,-2.42,0.00
58.29,-2.42,0.00
58.29,-2.42,0.00
58.30,-2.42,0.00
58.30,-2.41,0.00
58.30,-2.41,0.00
58.31,-2.41,0.00
58.31,-2.40,0.00
58.32,-2.40,0.00
58.32,-2.40,0.00
58.33,-2.40,0.00
58.33,-2.39,0.00
58.33,-2.39,0.00
58.34,-2.39,0.00
58.34,-2.38,0.00
58.35,-2.38,0.00
58.35,-2.38,0.00
58.36,-2.37,0.00
58.36,-2.37,0.00
58.36,-2.37,0.00
58.37,-2.37,0.00
58.37,-2.36,0.00
58.38,-2.36,0.00
58.38,-2.36,0.00
58.39,-2.35,0.00
58.39,-2.35,0.00
58.39,-2.35,0.00
58.40,-2.35,0.00
58.40,-2.34,0.00
58.41,-2.34,0.00
58.41,-2.34,0.00
58.42,-2.33,0.00
58.42,-2.33,0.00
