28.12,-1.93,0.00
28.12,-1.93,0.00
28.13,-1.93,0.00
28.13,-1.93,0.00
28.13,-1.94,0.00
28.14,-1.94,0.00
28.14,-1.94,0.00
28.15,-1.95,0.00
28.15,-1.95,0.00
28.16,-1.95,0.00
28.16,-1.95,0.00
28.16,-1.96,0.00
28.17,-1.96,0.00
28.17,-1.96,0.00
28.18,-1.97,0.00
28.18,-1.97,0.00
28.19,-1.97,0.00
28.19,-1.97,0.00
28.19,-1.98,0.00
28.20,-1.98,0.00
28.20,-1.98,0.00
28.21,-1.99,0.00
28.21,-1.99,0.00
28.22,-1.99,0.00
28.22,-1.99,0.00
28.22,-2.00,0.00
28.23,-2.00,0.00
28.23,-2.00,0.00
28.24,-2.01,0.00
28.24,-2.01,0.00
28.24,-2.01,0.00
28.25,-2.02,0.00
28.25,-2.02,0.00
28.26,-2.02,0.00
28.26,-2.02,0.00
28.27,-2.03,0.00
28.27,-2.03,0.00
28.27,-2.03,0.00
28.28,-2.04,0.00
28.28,-2.04,0.00
28.29,-2.04,0.00
28.29,-2.04,0.00
28.30,-2.05,0.00
28.30,-2.05,0.00
28.30,-2.05,0.00
28.31,-2.06,0.00
28.31,-2.06,0.00
28.32,-2.06,0.00
28.32,-2.06,0.00
28.33,-2.07,0.00
28.33,-2.07,0.00
28.33,-2.07,0.00
28.34,-2.08,0.00
28.34,-2.08,0.00
28.35,-2.08,0.00
28.35,-2.08,0.00
28.35,-2.09,0.00
28.36,-2.09,0.00
28.36,-2.09,0.00
28.37,-2.10,0.00
28.37,-2.10,0.00
28.38,-2.10,0.00
28.38,-2.10,0.00
28.38,-2.11,0.00
28.39,-2.11,0.00
28.39,-2.11,0.00
28.40,-2.12,0.00
28.40,-2.12,0.00
28.41,-2.12,0.00
28.41,-2.13,0.00
28.41,-2.13,0.00
28.42,-2.13,0.00
28.42,-2.13,0.00
28.43,-2.14,0.00
28.43,-2.14,0.00
28.44,-2.14,0.00
28.44,-2.15,0.00
28.44,-2.15,0.00
28.45,-2.15,0.00
28.45,-2.15,0.00
28.46,-2.16,0.00
28.46,-2.16,0.00
28.47,-2.16,0.00
28.47,-2.17,0.00
28.47,-2.17,0.00
28.48,-2.17,0.00
28.48,-2.17,0.00
28.49,-2.18,0.00
28.49,-2.18,0.00
28.50,-2.18,0.00
28.50,-2.19,0.00
28.50,-2.19,0.00
28.51,-2.19,0.00
28.51,-2.19,0.00
28.52,-2.20,0.00
28.52,-2.20,0.00
28.53,-2.20,0.00
28.53,-2.21,0.00
28.53,-2.21,0.00
28.54,-2.21,0.00
28.54,-2.21,0.00
28.55,-2.22,0.00
28.55,-2.22,0.00
28.56,-2.22,0.00
28.56,-2.23,0.00
28.56,-2.23,0.00
28.57,-2.23,0.00
28.57,-2.23,0.00
28.58,-2.24,0.00
28.58,-2.24,0.00
28.59,-2.24,0.00
28.59,-2.24,0.00
28.59,-2.25,0.00
28.60,-2.25,0.00
28.60,-2.25,0.00
28.61,-2.26,0.00
28.61,-2.26,0.00
28.61,-2.26,0.00
28.62,-2.26,0.00
28.62,-2.27,0.00
28.63,-2.27,0.00
28.63,-2.27,0.00
28.64,-2.28,0.00
28.64,-2.28,0.00
28.64,-2.28,0.00
28.65,-2.28,0.00
28.65,-2.29,0.00
28.66,-2.29,0.00
28.66,-2.29,0.00
28.67,-2.30,0.00
28.67,-2.30,0.00
28.67,-2.30,0.00
28.68,-2.30,0.00
28.68,-2.31,0.00
28.69,-2.31,0.00
28.69,-2.31,0.00
28.70,-2.32,0.00
28.70,-2.32,0.00
28.71,-2.32,0.00
28.71,-2.32,0.00
28.71,-2.33,0.00
28.72,-2.33,0.00
28.72,-2.33,0.00
28.73,-2.34,0.00
28.73,-2.34,0.00
28.74,-2.34,0.00
28.74,-2.34,0.00
28.74,-2.35,0.00
28.75,-2.35,0.00
28.75,-2.35,0.00
28.76,-2.35,0.00
28.76,-2.36,0.00
28.77,-2.36,0.00
28.77,-2.36,0.00
28.77,-2.37,0.00
28.78,-2.37,0.00
28.78,-2.37,0.00
28.79,-2.37,0.00
28.79,-2.38,0.00
28.80,-2.38,0.00
28.80,-2.38,0.00
28.80,-2.39,0.00
28.81,-2.39,0.00
28.81,-2.39,0.00
28.82,-2.39,0.00
28.82,-2.40,0.00
28.83,-2.40,0.00
28.83,-2.40,0.00
28.83,-2.40,0.00
28.84,-2.41,0.00
28.84,-2.41,0.00
28.85,-2.41,0.00
28.85,-2.42,0.00
28.86,-2.42,0.00
28.86,-2.42,0.00
28.86,-2.42,0.00
28.87,-2.43,0.00
28.87,-2.43,0.00
28.88,-2.43,0.00
28.88,-2.43,0.00
28.89,-2.44,0.00
28.89,-2.44,0.00
28.89,-2.44,0.00
28.90,-2.45,0.00
28.90,-2.45,0.00
28.91,-2.45,0.00
28.91,-2.45,0.00
28.92,-2.46,0.00
28.92,-2.46,0.00
28.93,-2.46,0.00
28.93,-2.47,0.00
28.93,-2.47,0.00
28.94,-2.47,0.00
28.94,-2.47,0.00
28.95,-2.48,0.00
28.95,-2.48,0.00
28.96,-2.48,0.00
28.96,-2.48,0.00
28.96,-2.49,0.00
28.97,-2.49,0.00
28.97,-2.49,0.00
28.98,-2.50,0.00
28.98,-2.50,0.00
28.99,-2.50,0.00
28.99,-2.50,0.00
28.99,-2.51,0.00
29.00,-2.51,0.00
29.00,-2.51,0.00
29.01,-2.51,0.00
29.01,-2.52,0.00
29.02,-2.52,0.00
29.02,-2.52,0.00
29.03,-2.52,0.00
29.03,-2.53,0.00
29.03,-2.53,0.00
29.04,-2.53,0.00
29.04,-2.54,0.00
29.05,-2.54,0.00
29.05,-2.54,0.00
29.06,-2.54,0.00
29.06,-2.55,0.00
29.06,-2.55,0.00
29.07,-2.55,0.00
29.07,-2.55,0.00
29.08,-2.56,0.00
29.08,-2.56,0.00
29.09,-2.56,0.00
29.09,-2.57,0.00
29.10,-2.57,0.00
29.10,-2.57,0.00
29.10,-2.57,0.00
29.11,-2.58,0.00
29.11,-2.58,0.00
29.12,-2.58,0.00
29.12,-2.58,0.00
29.13,-2.59,0.00
29.13,-2.59,0.00
29.13,-2.59,0.00
29.14,-2.59,0.00
29.14,-2.60,0.00
29.15,-2.60,0.00
29.15,-2.60,0.00
29.16,-2.61,0.00
29.16,-2.61,0.00
29.17,-2.61,0.00
29.17,-2.61,0.00
29.17,-2.62,0.00
29.18,-2.62,0.00
29.18,-2.62,0.00
29.19,-2.62,0.00
29.19,-2.63,0.00
29.20,-2.63,0.00
29.20,-2.63,0.00
29.21,-2.63,0.00
29.21,-2.64,0.00
29.21,-2.64,0.00
29.22,-2.64,0.00
29.22,-2.64,0.00
29.23,-2.65,0.00
29.23,-2.65,0.00
29.24,-2.65,0.00
29.24,-2.66,0.00
29.24,-2.66,0.00
29.25,-2.66,0.00
29.25,-2.66,0.00
29.26,-2.67,0.00
29.26,-2.67,0.00
29.27,-2.67,0.00
29.27,-2.67,0.00
29.28,-2.68,0.00
29.28,-2.68,0.00
29.28,-2.68,0.00
29.29,-2.68,0.00
29.29,-2.69,0.00
29.30,-2.69,0.00
29.30,-2.69,0.00
29.31,-2.69,0.00
29.31,-2.70,0.00
29.32,-2.70,0.00
29.32,-2.70,0.00
29.32,-2.70,0.00
29.33,-2.71,0.00
29.33,-2.71,0.00
29.34,-2.71,0.00
29.34,-2.71,0.00
29.35,-2.72,0.00
29.35,-2.72,0.00
29.36,-2.72,0.00
29.36,-2.73,0.00
29.36,-2.73,0.00
29.37,-2.73,0.00
29.37,-2.73,0.00
29.38,-2.74,0.00
29.38,-2.74,0.00
29.39,-2.74,0.00
29.39,-2.74,0.00
29.40,-2.75,0.00
29.40,-2.75,0.00
29.40,-2.75,0.00
29.41,-2.75,0.00
29.41,-2.76,0.00
29.42,-2.76,0.00
29.42,-2.76,0.00
29.43,-2.76,0.00
29.43,-2.77,0.00
29.44,-2.77,0.00
29.44,-2.77,0.00
29.44,-2.77,0.00
29.45,-2.78,0.00
29.45,-2.78,0.00
29.46,-2.78,0.00
29.46,-2.78,0.00
29.47,-2.79,0.00
29.47,-2.79,0.00
29.48,-2.79,0.00
29.48,-2.79,0.00
29.48,-2.80,0.00
29.49,-2.80,0.00
29.49,-2.80,0.00
29.50,-2.80,0.00
29.50,-2.81,0.00
29.51,-2.81,0.00
29.51,-2.81,0.00
29.52,-2.81,0.00
29.52,-2.82,0.00
29.53,-2.82,0.00
29.53,-2.82,0.00
29.53,-2.82,0.00
29.54,-2.83,0.00
29.54,-2.83,0.00
29.55,-2.83,0.00
29.55,-2.83,0.00
29.56,-2.84,0.00
29.56,-2.84,0.00
29.57,-2.84,0.00
29.57,-2.84,0.00
29.57,-2.85,0.00
29.58,-2.85,0.00
29.58,-2.85,0.00
29.59,-2.85,0.00
29.59,-2.86,0.00
29.60,-2.86,0.00
29.60,-2.86,0.00
29.61,-2.86,0.00
29.61,-2.87,0.00
29.62,-2.87,0.00
29.62,-2.87,0.00
29.62,-2.87,0.00
29.63,-2.88,0.00
29.63,-2.88,0.00
29.64,-2.88,0.00
29.64,-2.88,0.00
29.65,-2.88,0.00
29.65,-2.89,0.00
29.66,-2.89,0.00
29.66,-2.89,0.00
29.67,-2.89,0.00
29.67,-2.90,0.00
29.67,-2.90,0.00
29.68,-2.90,0.00
29.68,-2.90,0.00
29.69,-2.91,0.00
29.69,-2.91,0.00
29.70,-2.91,0.00
29.70,-2.91,0.00
29.71,-2.92,0.00
29.71,-2.92,0.00
29.71,-2.92,0.00
29.72,-2.92,0.00
29.72,-2.93,0.00
29.73,-2.93,0.00
29.73,-2.93,0.00
29.74,-2.93,0.00
29.74,-2.94,0.00
29.75,-2.94,0.00
29.75,-2.94,0.00
29.76,-2.94,0.00
29.76,-2.94,0.00
29.77,-2.95,0.00
29.77,-2.95,0.00
29.77,-2.95,0.00
29.78,-2.95,0.00
29.78,-2.96,0.00
29.79,-2.96,0.00
29.79,-2.96,0.00
29.80,-2.96,0.00
29.80,-2.97,0.00
29.81,-2.97,0.00
29.81,-2.97,0.00
29.82,-2.97,0.00
29.82,-2.98,0.00
29.82,-2.98,0.00
29.83,-2.98,0.00
29.83,-2.98,0.00
29.84,-2.98,0.00
29.84,-2.99,0.00
29.85,-2.99,0.00
29.85,-2.99,0.00
29.86,-2.99,0.00
29.86,-3.00,0.00
29.87,-3.00,0.00
29.87,-3.00,0.00
29.87,-3.00,0.00
29.88,-3.00,0.00
29.88,-3.01,0.00
29.89,-3.01,0.00
29.89,-3.01,0.00
29.90,-3.01,0.00
29.90,-3.02,0.00
29.91,-3.02,0.00
29.91,-3.02,0.00
29.92,-3.02,0.00
29.92,-3.03,0.00
29.93,-3.03,0.00
29.93,-3.03,0.00
29.93,-3.03,0.00
29.94,-3.03,0.00
29.94,-3.04,0.00
29.95,-3.04,0.00
29.95,-3.04,0.00
29.96,-3.04,0.00
29.96,-3.05,0.00
29.97,-3.05,0.00
29.97,-3.05,0.00
29.98,-3.05,0.00
29.98,-3.05,0.00
29.99,-3.06,0.00
29.99,-3.06,0.00
29.99,-3.06,0.00
30.00,-3.06,0.00
30.00,-3.07,0.00
30.01,-3.07,0.00
30.01,-3.07,0.00
30.02,-3.07,0.00
30.02,-3.07,0.00
30.03,-3.08,0.00
30.03,-3.08,0.00
30.04,-3.08,0.00
30.04,-3.08,0.00
30.05,-3.09,0.00
30.05,-3.09,0.00
30.06,-3.09,0.00
30.06,-3.09,0.00
30.06,-3.09,0.00
30.07,-3.10,0.00
30.07,-3.10,0.00
30.08,-3.10,0.00
30.08,-3.10,0.00
30.09,-3.10,0.00
30.09,-3.11,0.00
30.10,-3.11,0.00
30.10,-3.11,0.00
30.11,-3.11,0.00
30.11,-3.12,0.00
30.12,-3.12,0.00
30.12,-3.12,0.00
30.13,-3.12,0.00
30.13,-3.12,0.00
30.13,-3.13,0.00
30.14,-3.13,0.00
30.14,-3.13,0.00
30.15,-3.13,0.00
30.15,-3.13,0.00
30.16,-3.14,0.00
30.16,-3.14,0.00
30.17,-3.14,0.00
30.17,-3.14,0.00
30.18,-3.14,0.00
30.18,-3.15,0.00
30.19,-3.15,0.00
30.19,-3.15,0.00
30.20,-3.15,0.00
30.20,-3.16,0.00
30.20,-3.16,0.00
30.21,-3.16,0.00
30.21,-3.16,0.00
30.22,-3.16,0.00
30.22,-3.17,0.00
30.23,-3.17,0.00
30.23,-3.17,0.00
30.24,-3.17,0.00
30.24,-3.17,0.00
30.25,-3.18,0.00
30.25,-3.18,0.00
30.26,-3.18,0.00
30.26,-3.18,0.00
30.27,-3.18,0.00
30.27,-3.19,0.00
30.28,-3.19,0.00
30.28,-3.19,0.00
30.28,-3.19,0.00
30.29,-3.19,0.00
30.29,-3.20,0.00
30.30,-3.20,0.00
30.30,-3.20,0.00
30.31,-3.20,0.00
30.31,-3.20,0.00
30.32,-3.21,0.00
30.32,-3.21,0.00
30.33,-3.21,0.00
30.33,-3.21,0.00
30.34,-3.21,0.00
30.34,-3.22,0.00
30.35,-3.22,0.00
30.35,-3.22,0.00
30.36,-3.22,0.00
30.36,-3.22,0.00
30.37,-3.23,0.00
30.37,-3.23,0.00
30.37,-3.23,0.00
30.38,-3.23,0.00
30.38,-3.23,0.00
30.39,-3.24,0.00
30.39,-3.24,0.00
30.40,-3.24,0.00
30.40,-3.24,0.00
30.41,-3.24,0.00
30.41,-3.24,0.00
30.42,-3.25,0.00
30.42,-3.25,0.00
30.43,-3.25,0.00
30.43,-3.25,0.00
30.44,-3.25,0.00
30.44,-3.26,0.00
30.45,-3.26,0.00
30.45,-3.26,0.00
30.46,-3.26,0.00
30.46,-3.26,0.00
30.47,-3.27,0.00
30.47,-3.27,0.00
30.47,-3.27,0.00
30.48,-3.27,0.00
30.48,-3.27,0.00
30.49,-3.27,0.00
30.49,-3.28,0.00
30.50,-3.28,0.00
30.50,-3.28,0.00
30.51,-3.28,0.00
30.51,-3.28,0.00
30.52,-3.29,0.00
30.52,-3.29,0.00
30.53,-3.29,0.00
30.53,-3.29,0.00
30.54,-3.29,0.00
30.54,-3.29,0.00
30.55,-3.30,0.00
30.55,-3.30,0.00
30.56,-3.30,0.00
30.56,-3.30,0.00
30.57,-3.30,0.00
30.57,-3.31,0.00
30.58,-3.31,0.00
30.58,-3.31,0.00
30.59,-3.31,0.00
30.59,-3.31,0.00
30.59,-3.31,0.00
30.60,-3.32,0.00
30.60,-3.32,0.00
30.61,-3.32,0.00
30.61,-3.32,0.00
30.62,-3.32,0.00
30.62,-3.32,0.00
30.63,-3.33,0.00
30.63,-3.33,0.00
30.64,-3.33,0.00
30.64,-3.33,0.00
30.65,-3.33,0.00
30.65,-3.34,0.00
30.66,-3.34,0.00
30.66,-3.34,0.00
30.67,-3.34,0.00
30.67,-3.34,0.00
30.68,-3.34,0.00
30.68,-3.35,0.00
30.69,-3.35,0.00
30.69,-3.35,0.00
30.70,-3.35,0.00
30.70,-3.35,0.00
30.71,-3.35,0.00
30.71,-3.36,0.00
30.72,-3.36,0.00
30.72,-3.36,0.00
30.73,-3.36,0.00
30.73,-3.36,0.00
30.74,-3.36,0.00
30.74,-3.36,0.00
30.75,-3.37,0.00
30.75,-3.37,0.00
30.75,-3.37,0.00
30.76,-3.37,0.00
30.76,-3.37,0.00
30.77,-3.37,0.00
30.77,-3.38,0.00
30.78,-3.38,0.00
30.78,-3.38,0.00
30.79,-3.38,0.00
30.79,-3.38,0.00
30.80,-3.38,0.00
30.80,-3.39,0.00
30.81,-3.39,0.00
30.81,-3.39,0.00
30.82,-3.39,0.00
30.82,-3.39,0.00
30.83,-3.39,0.00
30.83,-3.39,0.00
30.84,-3.40,0.00
30.84,-3.40,0.00
30.85,-3.40,0.00
30.85,-3.40,0.00
30.86,-3.40,0.00
30.86,-3.40,0.00
30.87,-3.41,0.00
30.87,-3.41,0.00
30.88,-3.41,0.00
30.88,-3.41,0.00
30.89,-3.41,0.00
30.89,-3.41,0.00
30.90,-3.41,0.00
30.90,-3.42,0.00
30.91,-3.42,0.00
30.91,-3.42,0.00
30.92,-3.42,0.00
30.92,-3.42,0.00
30.93,-3.42,0.00
30.93,-3.42,0.00
30.94,-3.43,0.00
30.94,-3.43,0.00
30.95,-3.43,0.00
30.95,-3.43,0.00
30.96,-3.43,0.00
30.96,-3.43,0.00
30.97,-3.43,0.00
30.97,-3.44,0.00
30.98,-3.44,0.00
30.98,-3.44,0.00
30.99,-3.44,0.00
30.99,-3.44,0.00
31.00,-3.44,0.00
31.00,-3.44,0.00
31.01,-3.45,0.00
31.01,-3.45,0.00
31.02,-3.45,0.00
31.02,-3.45,0.00
31.03,-3.45,0.00
31.03,-3.45,0.00
31.04,-3.45,0.00
31.04,-3.46,0.00
31.04,-3.46,0.00
31.05,-3.46,0.00
31.05,-3.46,0.00
31.06,-3.46,0.00
31.06,-3.46,0.00
31.07,-3.46,0.00
31.07,-3.46,0.00
31.08,-3.47,0.00
31.08,-3.47,0.00
31.09,-3.47,0.00
31.09,-3.47,0.00
31.10,-3.47,0.00
31.10,-3.47,0.00
31.11,-3.47,0.00
31.11,-3.47,0.00
31.12,-3.48,0.00
31.12,-3.48,0.00
31.13,-3.48,0.00
31.13,-3.48,0.00
31.14,-3.48,0.00
31.14,-3.48,0.00
31.15,-3.48,0.00
31.15,-3.48,0.00
31.16,-3.49,0.00
31.16,-3.49,0.00
31.17,-3.49,0.00
31.17,-3.49,0.00
31.18,-3.49,0.00
31.18,-3.49,0.00
31.19,-3.49,0.00
31.19,-3.49,0.00
31.20,-3.50,0.00
31.20,-3.50,0.00
31.21,-3.50,0.00
31.21,-3.50,0.00
31.22,-3.50,0.00
31.22,-3.50,0.00
31.23,-3.50,0.00
31.23,-3.50,0.00
31.24,-3.50,0.00
31.24,-3.51,0.00
31.25,-3.51,0.00
31.25,-3.51,0.00
31.26,-3.51,0.00
31.26,-3.51,0.00
31.27,-3.51,0.00
31.27,-3.51,0.00
31.28,-3.51,0.00
31.28,-3.51,0.00
31.29,-3.52,0.00
31.29,-3.52,0.00
31.30,-3.52,0.00
31.30,-3.52,0.00
31.31,-3.52,0.00
31.31,-3.52,0.00
31.32,-3.52,0.00
31.32,-3.52,0.00
31.33,-3.52,0.00
31.33,-3.52,0.00
31.34,-3.53,0.00
31.34,-3.53,0.00
31.35,-3.53,0.00
31.35,-3.53,0.00
31.36,-3.53,0.00
31.36,-3.53,0.00
31.37,-3.53,0.00
31.37,-3.53,0.00
31.38,-3.53,0.00
31.38,-3.53,0.00
31.39,-3.54,0.00
31.39,-3.54,0.00
31.40,-3.54,0.00
31.41,-3.54,0.00
31.41,-3.54,0.00
31.42,-3.54,0.00
31.42,-3.54,0.00
31.43,-3.54,0.00
31.43,-3.54,0.00
31.44,-3.54,0.00
31.44,-3.55,0.00
31.45,-3.55,0.00
31.45,-3.55,0.00
31.46,-3.55,0.00
31.46,-3.55,0.00
31.47,-3.55,0.00
31.47,-3.55,0.00
31.48,-3.55,0.00
31.48,-3.55,0.00
31.49,-3.55,0.00
31.49,-3.55,0.00
31.50,-3.55,0.00
31.50,-3.56,0.00
31.51,-3.56,0.00
31.51,-3.56,0.00
31.52,-3.56,0.00
31.52,-3.56,0.00
31.53,-3.56,0.00
31.53,-3.56,0.00
31.54,-3.56,0.00
31.54,-3.56,0.00
31.55,-3.56,0.00
31.55,-3.56,0.00
31.56,-3.56,0.00
31.56,-3.57,0.00
31.57,-3.57,0.00
31.57,-3.57,0.00
31.58,-3.57,0.00
31.58,-3.57,0.00
31.59,-3.57,0.00
31.59,-3.57,0.00
31.60,-3.57,0.00
31.60,-3.57,0.00
31.61,-3.57,0.00
31.61,-3.57,0.00
31.62,-3.57,0.00
31.62,-3.57,0.00
31.63,-3.58,0.00
31.63,-3.58,0.00
31.64,-3.58,0.00
31.64,-3.58,0.00
31.65,-3.58,0.00
31.65,-3.58,0.00
31.66,-3.58,0.00
31.66,-3.58,0.00
31.67,-3.58,0.00
31.67,-3.58,0.00
31.68,-3.58,0.00
31.68,-3.58,0.00
31.69,-3.58,0.00
31.69,-3.58,0.00
31.70,-3.58,0.00
31.70,-3.58,0.00
31.71,-3.59,0.00
31.71,-3.59,0.00
31.72,-3.59,0.00
31.72,-3.59,0.00
31.73,-3.59,0.00
31.73,-3.59,0.00
31.74,-3.59,0.00
31.75,-3.59,0.00
31.75,-3.59,0.00
31.76,-3.59,0.00
31.76,-3.59,0.00
31.77,-3.59,0.00
31.77,-3.59,0.00
31.78,-3.59,0.00
31.78,-3.59,0.00
31.79,-3.59,0.00
31.79,-3.59,0.00
31.80,-3.59,0.00
31.80,-3.60,0.00
31.81,-3.60,0.00
31.81,-3.60,0.00
31.82,-3.60,0.00
31.82,-3.60,0.00
31.83,-3.60,0.00
31.83,-3.60,0.00
31.84,-3.60,0.00
31.84,-3.60,0.00
31.85,-3.60,0.00
31.85,-3.60,0.00
31.86,-3.60,0.00
31.86,-3.60,0.00
31.87,-3.60,0.00
31.87,-3.60,0.00
31.88,-3.60,0.00
31.88,-3.60,0.00
31.89,-3.60,0.00
31.89,-3.60,0.00
31.90,-3.60,0.00
31.90,-3.60,0.00
31.91,-3.60,0.00
31.91,-3.60,0.00
31.92,-3.61,0.00
31.92,-3.61,0.00
31.93,-3.61,0.00
31.93,-3.61,0.00
31.94,-3.61,0.00
31.94,-3.61,0.00
31.95,-3.61,0.00
31.95,-3.61,0.00
31.96,-3.61,0.00
31.96,-3.61,0.00
31.97,-3.61,0.00
31.98,-3.61,0.00
31.98,-3.61,0.00
31.99,-3.61,0.00
31.99,-3.61,0.00
32.00,-3.61,0.00
32.00,-3.61,0.00
32.01,-3.61,0.00
32.01,-3.61,0.00
32.02,-3.61,0.00
32.02,-3.61,0.00
32.03,-3.61,0.00
32.03,-3.61,0.00
32.04,-3.61,0.00
32.04,-3.61,0.00
32.05,-3.61,0.00
32.05,-3.61,0.00
32.06,-3.61,0.00
32.06,-3.61,0.00
32.07,-3.61,0.00
32.07,-3.61,0.00
32.08,-3.61,0.00
32.08,-3.61,0.00
32.09,-3.61,0.00
32.09,-3.61,0.00
32.10,-3.61,0.00
32.10,-3.61,0.00
32.11,-3.61,0.00
32.11,-3.61,0.00
32.12,-3.61,0.00
32.12,-3.61,0.00
32.13,-3.62,0.00
32.13,-3.62,0.00
32.14,-3.62,0.00
32.14,-3.62,0.00
32.15,-3.62,0.00
32.15,-3.62,0.00
32.16,-3.62,0.00
32.16,-3.62,0.00
32.17,-3.62,0.00
32.18,-3.62,0.00
32.18,-3.62,0.00
32.19,-3.62,0.00
32.19,-3.62,0.00
32.20,-3.62,0.00
32.20,-3.62,0.00
32.21,-3.62,0.00
32.21,-3.62,0.00
32.22,-3.62,0.00
32.22,-3.62,0.00
32.23,-3.62,0.00
32.23,-3.62,0.00
32.24,-3.62,0.00
32.24,-3.62,0.00
32.25,-3.62,0.00
32.25,-3.62,0.00
32.26,-3.62,0.00
32.26,-3.62,0.00
32.27,-3.62,0.00
32.27,-3.62,0.00
32.28,-3.62,0.00
32.28,-3.62,0.00
32.29,-3.62,0.00
32.29,-3.62,0.00
32.30,-3.62,0.00
32.30,-3.62,0.00
32.31,-3.62,0.00
32.31,-3.62,0.00
32.32,-3.62,0.00
32.32,-3.62,0.00
32.33,-3.61,0.00
32.33,-3.61,0.00
32.34,-3.61,0.00
32.34,-3.61,0.00
32.35,-3.61,0.00
32.35,-3.61,0.00
32.36,-3.61,0.00
32.36,-3.61,0.00
32.37,-3.61,0.00
32.38,-3.61,0.00
32.38,-3.61,0.00
32.39,-3.61,0.00
32.39,-3.61,0.00
32.40,-3.61,0.00
32.40,-3.61,0.00
32.41,-3.61,0.00
32.41,-3.61,0.00
32.42,-3.61,0.00
32.42,-3.61,0.00
32.43,-3.61,0.00
32.43,-3.61,0.00
32.44,-3.61,0.00
32.44,-3.61,0.00
32.45,-3.61,0.00
32.45,-3.61,0.00
32.46,-3.61,0.00
32.46,-3.61,0.00
32.47,-3.61,0.00
32.47,-3.61,0.00
32.48,-3.61,0.00
32.48,-3.61,0.00
32.49,-3.61,0.00
32.49,-3.61,0.00
32.50,-3.61,0.00
32.50,-3.61,0.00
32.51,-3.61,0.00
32.51,-3.61,0.00
32.52,-3.61,0.00
32.52,-3.61,0.00
32.53,-3.61,0.00
32.53,-3.61,0.00
32.54,-3.61,0.00
32.54,-3.60,0.00
32.55,-3.60,0.00
32.55,-3.60,0.00
32.56,-3.60,0.00
32.56,-3.60,0.00
32.57,-3.60,0.00
32.57,-3.60,0.00
32.58,-3.60,0.00
32.59,-3.60,0.00
32.59,-3.60,0.00
32.60,-3.60,0.00
32.60,-3.60,0.00
32.61,-3.60,0.00
32.61,-3.60,0.00
32.62,-3.60,0.00
32.62,-3.60,0.00
32.63,-3.60,0.00
32.63,-3.60,0.00
32.64,-3.60,0.00
32.64,-3.60,0.00
32.65,-3.60,0.00
32.65,-3.60,0.00
32.66,-3.60,0.00
32.66,-3.60,0.00
32.67,-3.59,0.00
32.67,-3.59,0.00
32.68,-3.59,0.00
32.68,-3.59,0.00
32.69,-3.59,0.00
32.69,-3.59,0.00
32.70,-3.59,0.00
32.70,-3.59,0.00
32.71,-3.59,0.00
32.71,-3.59,0.00
32.72,-3.59,0.00
32.72,-3.59,0.00
32.73,-3.59,0.00
32.73,-3.59,0.00
32.74,-3.59,0.00
32.74,-3.59,0.00
32.75,-3.59,0.00
32.75,-3.59,0.00
32.76,-3.58,0.00
32.76,-3.58,0.00
32.77,-3.58,0.00
32.77,-3.58,0.00
32.78,-3.58,0.00
32.78,-3.58,0.00
32.79,-3.58,0.00
32.79,-3.58,0.00
32.80,-3.58,0.00
32.80,-3.58,0.00
32.81,-3.58,0.00
32.81,-3.58,0.00
32.82,-3.58,0.00
32.83,-3.58,0.00
32.83,-3.58,0.00
32.84,-3.57,0.00
32.84,-3.57,0.00
32.85,-3.57,0.00
32.85,-3.57,0.00
32.86,-3.57,0.00
32.86,-3.57,0.00
32.87,-3.57,0.00
32.87,-3.57,0.00
32.88,-3.57,0.00
32.88,-3.57,0.00
32.89,-3.57,0.00
32.89,-3.57,0.00
32.90,-3.57,0.00
32.90,-3.57,0.00
32.91,-3.56,0.00
32.91,-3.56,0.00
32.92,-3.56,0.00
32.92,-3.56,0.00
32.93,-3.56,0.00
32.93,-3.56,0.00
32.94,-3.56,0.00
32.94,-3.56,0.00
32.95,-3.56,0.00
32.95,-3.56,0.00
32.96,-3.56,0.00
32.96,-3.56,0.00
32.97,-3.56,0.00
32.97,-3.55,0.00
32.98,-3.55,0.00
32.98,-3.55,0.00
32.99,-3.55,0.00
32.99,-3.55,0.00
33.00,-3.55,0.00
33.00,-3.55,0.00
33.01,-3.55,0.00
33.01,-3.55,0.00
33.02,-3.55,0.00
33.02,-3.55,0.00
33.03,-3.55,0.00
33.03,-3.54,0.00
33.04,-3.54,0.00
33.04,-3.54,0.00
33.05,-3.54,0.00
33.05,-3.54,0.00
33.06,-3.54,0.00
33.06,-3.54,0.00
33.07,-3.54,0.00
33.07,-3.54,0.00
33.08,-3.54,0.00
33.08,-3.53,0.00
33.09,-3.53,0.00
33.09,-3.53,0.00
33.10,-3.53,0.00
33.10,-3.53,0.00
33.11,-3.53,0.00
33.11,-3.53,0.00
33.12,-3.53,0.00
33.12,-3.53,0.00
33.13,-3.53,0.00
33.13,-3.53,0.00
33.14,-3.52,0.00
33.14,-3.52,0.00
33.15,-3.52,0.00
33.15,-3.52,0.00
33.16,-3.52,0.00
33.16,-3.52,0.00
33.17,-3.52,0.00
33.17,-3.52,0.00
33.18,-3.52,0.00
33.18,-3.52,0.00
33.19,-3.51,0.00
33.19,-3.51,0.00
33.20,-3.51,0.00
33.20,-3.51,0.00
33.21,-3.51,0.00
33.21,-3.51,0.00
33.22,-3.51,0.00
33.22,-3.51,0.00
33.23,-3.51,0.00
33.23,-3.50,0.00
33.24,-3.50,0.00
33.24,-3.50,0.00
33.25,-3.50,0.00
33.25,-3.50,0.00
33.26,-3.50,0.00
33.26,-3.50,0.00
33.27,-3.50,0.00
33.27,-3.50,0.00
33.28,-3.49,0.00
33.28,-3.49,0.00
33.29,-3.49,0.00
33.29,-3.49,0.00
33.30,-3.49,0.00
33.30,-3.49,0.00
33.31,-3.49,0.00
33.31,-3.49,0.00
33.32,-3.49,0.00
33.32,-3.48,0.00
33.33,-3.48,0.00
33.33,-3.48,0.00
33.34,-3.48,0.00
33.34,-3.48,0.00
33.35,-3.48,0.00
33.35,-3.48,0.00
33.36,-3.48,0.00
33.36,-3.47,0.00
33.37,-3.47,0.00
33.37,-3.47,0.00
33.38,-3.47,0.00
33.38,-3.47,0.00
33.39,-3.47,0.00
33.39,-3.47,0.00
33.40,-3.47,0.00
33.40,-3.46,0.00
33.41,-3.46,0.00
33.41,-3.46,0.00
33.42,-3.46,0.00
33.42,-3.46,0.00
33.43,-3.46,0.00
33.43,-3.46,0.00
33.44,-3.46,0.00
33.44,-3.45,0.00
33.45,-3.45,0.00
33.45,-3.45,0.00
33.46,-3.45,0.00
33.46,-3.45,0.00
33.47,-3.45,0.00
33.47,-3.45,0.00
33.48,-3.44,0.00
33.48,-3.44,0.00
33.49,-3.44,0.00
33.49,-3.44,0.00
33.50,-3.44,0.00
33.50,-3.44,0.00
33.51,-3.44,0.00
33.51,-3.44,0.00
33.52,-3.43,0.00
33.52,-3.43,0.00
33.53,-3.43,0.00
33.53,-3.43,0.00
33.54,-3.43,0.00
33.54,-3.43,0.00
33.55,-3.43,0.00
33.55,-3.42,0.00
33.56,-3.42,0.00
33.56,-3.42,0.00
33.57,-3.42,0.00
33.57,-3.42,0.00
33.58,-3.42,0.00
33.58,-3.42,0.00
33.59,-3.41,0.00
33.59,-3.41,0.00
33.60,-3.41,0.00
33.60,-3.41,0.00
33.61,-3.41,0.00
33.61,-3.41,0.00
33.62,-3.41,0.00
33.62,-3.40,0.00
33.63,-3.40,0.00
33.63,-3.40,0.00
33.64,-3.40,0.00
33.64,-3.40,0.00
33.65,-3.40,0.00
33.65,-3.40,0.00
33.66,-3.39,0.00
33.66,-3.39,0.00
33.67,-3.39,0.00
33.67,-3.39,0.00
33.68,-3.39,0.00
33.68,-3.39,0.00
33.69,-3.39,0.00
33.69,-3.38,0.00
33.70,-3.38,0.00
33.70,-3.38,0.00
33.71,-3.38,0.00
33.71,-3.38,0.00
33.72,-3.38,0.00
33.72,-3.37,0.00
33.72,-3.37,0.00
33.73,-3.37,0.00
33.73,-3.37,0.00
33.74,-3.37,0.00
33.74,-3.37,0.00
33.75,-3.37,0.00
33.75,-3.36,0.00
33.76,-3.36,0.00
33.76,-3.36,0.00
33.77,-3.36,0.00
33.77,-3.36,0.00
33.78,-3.36,0.00
33.78,-3.35,0.00
33.79,-3.35,0.00
33.79,-3.35,0.00
33.80,-3.35,0.00
33.80,-3.35,0.00
33.81,-3.35,0.00
33.81,-3.34,0.00
33.82,-3.34,0.00
33.82,-3.34,0.00
33.83,-3.34,0.00
33.83,-3.34,0.00
33.84,-3.34,0.00
33.84,-3.34,0.00
33.85,-3.33,0.00
33.85,-3.33,0.00
33.86,-3.33,0.00
33.86,-3.33,0.00
33.87,-3.33,0.00
33.87,-3.33,0.00
33.88,-3.32,0.00
33.88,-3.32,0.00
33.89,-3.32,0.00
33.89,-3.32,0.00
33.90,-3.32,0.00
33.90,-3.32,0.00
33.91,-3.31,0.00
33.91,-3.31,0.00
33.91,-3.31,0.00
33.92,-3.31,0.00
33.92,-3.31,0.00
33.93,-3.30,0.00
33.93,-3.30,0.00
33.94,-3.30,0.00
33.94,-3.30,0.00
33.95,-3.30,0.00
33.95,-3.30,0.00
33.96,-3.29,0.00
33.96,-3.29,0.00
33.97,-3.29,0.00
33.97,-3.29,0.00
33.98,-3.29,0.00
33.98,-3.29,0.00
33.99,-3.28,0.00
33.99,-3.28,0.00
34.00,-3.28,0.00
34.00,-3.28,0.00
34.01,-3.28,0.00
34.01,-3.28,0.00
34.02,-3.27,0.00
34.02,-3.27,0.00
34.03,-3.27,0.00
34.03,-3.27,0.00
34.04,-3.27,0.00
34.04,-3.26,0.00
34.05,-3.26,0.00
34.05,-3.26,0.00
34.05,-3.26,0.00
34.06,-3.26,0.00
34.06,-3.26,0.00
34.07,-3.25,0.00
34.07,-3.25,0.00
34.08,-3.25,0.00
34.08,-3.25,0.00
34.09,-3.25,0.00
34.09,-3.24,0.00
34.10,-3.24,0.00
34.10,-3.24,0.00
34.11,-3.24,0.00
34.11,-3.24,0.00
34.12,-3.24,0.00
34.12,-3.23,0.00
34.13,-3.23,0.00
34.13,-3.23,0.00
34.14,-3.23,0.00
34.14,-3.23,0.00
34.15,-3.22,0.00
34.15,-3.22,0.00
34.16,-3.22,0.00
34.16,-3.22,0.00
34.16,-3.22,0.00
34.17,-3.22,0.00
34.17,-3.21,0.00
34.18,-3.21,0.00
34.18,-3.21,0.00
34.19,-3.21,0.00
34.19,-3.21,0.00
34.20,-3.20,0.00
34.20,-3.20,0.00
34.21,-3.20,0.00
34.21,-3.20,0.00
34.22,-3.20,0.00
34.22,-3.19,0.00
34.23,-3.19,0.00
34.23,-3.19,0.00
34.24,-3.19,0.00
34.24,-3.19,0.00
34.25,-3.18,0.00
34.25,-3.18,0.00
34.26,-3.18,0.00
34.26,-3.18,0.00
34.26,-3.18,0.00
34.27,-3.17,0.00
34.27,-3.17,0.00
34.28,-3.17,0.00
34.28,-3.17,0.00
34.29,-3.17,0.00
34.29,-3.17,0.00
34.30,-3.16,0.00
34.30,-3.16,0.00
34.31,-3.16,0.00
34.31,-3.16,0.00
34.32,-3.16,0.00
34.32,-3.15,0.00
34.33,-3.15,0.00
34.33,-3.15,0.00
34.34,-3.15,0.00
34.34,-3.15,0.00
34.35,-3.14,0.00
34.35,-3.14,0.00
34.35,-3.14,0.00
34.36,-3.14,0.00
34.36,-3.14,0.00
34.37,-3.13,0.00
34.37,-3.13,0.00
34.38,-3.13,0.00
34.38,-3.13,0.00
34.39,-3.13,0.00
34.39,-3.12,0.00
34.40,-3.12,0.00
34.40,-3.12,0.00
34.41,-3.12,0.00
34.41,-3.11,0.00
34.42,-3.11,0.00
34.42,-3.11,0.00
34.43,-3.11,0.00
34.43,-3.11,0.00
34.43,-3.10,0.00
34.44,-3.10,0.00
34.44,-3.10,0.00
34.45,-3.10,0.00
34.45,-3.10,0.00
34.46,-3.09,0.00
34.46,-3.09,0.00
34.47,-3.09,0.00
34.47,-3.09,0.00
34.48,-3.09,0.00
34.48,-3.08,0.00
34.49,-3.08,0.00
34.49,-3.08,0.00
34.50,-3.08,0.00
34.50,-3.08,0.00
34.51,-3.07,0.00
34.51,-3.07,0.00
34.51,-3.07,0.00
34.52,-3.07,0.00
34.52,-3.06,0.00
34.53,-3.06,0.00
34.53,-3.06,0.00
34.54,-3.06,0.00
34.54,-3.06,0.00
34.55,-3.05,0.00
34.55,-3.05,0.00
34.56,-3.05,0.00
34.56,-3.05,0.00
34.57,-3.05,0.00
34.57,-3.04,0.00
34.58,-3.04,0.00
34.58,-3.04,0.00
34.58,-3.04,0.00
34.59,-3.04,0.00
34.59,-3.03,0.00
34.60,-3.03,0.00
34.60,-3.03,0.00
34.61,-3.03,0.00
34.61,-3.02,0.00
34.62,-3.02,0.00
34.62,-3.02,0.00
34.63,-3.02,0.00
34.63,-3.02,0.00
34.64,-3.01,0.00
34.64,-3.01,0.00
34.64,-3.01,0.00
34.65,-3.01,0.00
34.65,-3.00,0.00
34.66,-3.00,0.00
34.66,-3.00,0.00
34.67,-3.00,0.00
34.67,-3.00,0.00
34.68,-2.99,0.00
34.68,-2.99,0.00
34.69,-2.99,0.00
34.69,-2.99,0.00
34.70,-2.98,0.00
34.70,-2.98,0.00
34.71,-2.98,0.00
34.71,-2.98,0.00
34.71,-2.98,0.00
34.72,-2.97,0.00
34.72,-2.97,0.00
34.73,-2.97,0.00
34.73,-2.97,0.00
34.74,-2.96,0.00
34.74,-2.96,0.00
34.75,-2.96,0.00
34.75,-2.96,0.00
34.76,-2.96,0.00
34.76,-2.95,0.00
34.77,-2.95,0.00
34.77,-2.95,0.00
34.77,-2.95,0.00
34.78,-2.94,0.00
34.78,-2.94,0.00
34.79,-2.94,0.00
34.79,-2.94,0.00
34.80,-2.94,0.00
34.80,-2.93,0.00
34.81,-2.93,0.00
34.81,-2.93,0.00
34.82,-2.93,0.00
34.82,-2.92,0.00
34.83,-2.92,0.00
34.83,-2.92,0.00
34.83,-2.92,0.00
34.84,-2.91,0.00
34.84,-2.91,0.00
34.85,-2.91,0.00
34.85,-2.91,0.00
34.86,-2.91,0.00
34.86,-2.90,0.00
34.87,-2.90,0.00
34.87,-2.90,0.00
34.88,-2.90,0.00
34.88,-2.89,0.00
34.88,-2.89,0.00
34.89,-2.89,0.00
34.89,-2.89,0.00
34.90,-2.88,0.00
34.90,-2.88,0.00
34.91,-2.88,0.00
34.91,-2.88,0.00
34.92,-2.88,0.00
34.92,-2.87,0.00
34.93,-2.87,0.00
34.93,-2.87,0.00
34.94,-2.87,0.00
34.94,-2.86,0.00
34.94,-2.86,0.00
34.95,-2.86,0.00
34.95,-2.86,0.00
34.96,-2.85,0.00
34.96,-2.85,0.00
34.97,-2.85,0.00
34.97,-2.85,0.00
34.98,-2.85,0.00
34.98,-2.84,0.00
34.99,-2.84,0.00
34.99,-2.84,0.00
34.99,-2.84,0.00
35.00,-2.83,0.00
35.00,-2.83,0.00
35.01,-2.83,0.00
35.01,-2.83,0.00
35.02,-2.82,0.00
35.02,-2.82,0.00
35.03,-2.82,0.00
35.03,-2.82,0.00
35.04,-2.81,0.00
35.04,-2.81,0.00
35.04,-2.81,0.00
35.05,-2.81,0.00
35.05,-2.80,0.00
35.06,-2.80,0.00
35.06,-2.80,0.00
35.07,-2.80,0.00
35.07,-2.80,0.00
35.08,-2.79,0.00
35.08,-2.79,0.00
35.09,-2.79,0.00
35.09,-2.79,0.00
35.09,-2.78,0.00
35.10,-2.78,0.00
35.10,-2.78,0.00
35.11,-2.78,0.00
35.11,-2.77,0.00
35.12,-2.77,0.00
35.12,-2.77,0.00
35.13,-2.77,0.00
35.13,-2.76,0.00
35.13,-2.76,0.00
35.14,-2.76,0.00
35.14,-2.76,0.00
35.15,-2.75,0.00
35.15,-2.75,0.00
35.16,-2.75,0.00
35.16,-2.75,0.00
35.17,-2.74,0.00
35.17,-2.74,0.00
35.18,-2.74,0.00
35.18,-2.74,0.00
35.18,-2.73,0.00
35.19,-2.73,0.00
35.19,-2.73,0.00
35.20,-2.73,0.00
35.20,-2.72,0.00
35.21,-2.72,0.00
35.21,-2.72,0.00
35.22,-2.72,0.00
35.22,-2.71,0.00
35.23,-2.71,0.00
35.23,-2.71,0.00
35.23,-2.71,0.00
35.24,-2.70,0.00
35.24,-2.70,0.00
35.25,-2.70,0.00
35.25,-2.70,0.00
35.26,-2.69,0.00
35.26,-2.69,0.00
35.27,-2.69,0.00
35.27,-2.69,0.00
35.27,-2.68,0.00
35.28,-2.68,0.00
35.28,-2.68,0.00
35.29,-2.68,0.00
35.29,-2.67,0.00
35.30,-2.67,0.00
35.30,-2.67,0.00
35.31,-2.67,0.00
35.31,-2.66,0.00
35.31,-2.66,0.00
35.32,-2.66,0.00
35.32,-2.66,0.00
35.33,-2.65,0.00
35.33,-2.65,0.00
35.34,-2.65,0.00
35.34,-2.65,0.00
35.35,-2.64,0.00
35.35,-2.64,0.00
35.35,-2.64,0.00
35.36,-2.64,0.00
35.36,-2.63,0.00
35.37,-2.63,0.00
35.37,-2.63,0.00
35.38,-2.63,0.00
35.38,-2.62,0.00
35.39,-2.62,0.00
35.39,-2.62,0.00
35.39,-2.62,0.00
35.40,-2.61,0.00
35.40,-2.61,0.00
35.41,-2.61,0.00
35.41,-2.61,0.00
35.42,-2.60,0.00
35.42,-2.60,0.00
35.43,-2.60,0.00
35.43,-2.60,0.00
35.43,-2.59,0.00
35.44,-2.59,0.00
35.44,-2.59,0.00
35.45,-2.59,0.00
35.45,-2.58,0.00
35.46,-2.58,0.00
35.46,-2.58,0.00
35.47,-2.58,0.00
35.47,-2.57,0.00
35.47,-2.57,0.00
35.48,-2.57,0.00
35.48,-2.57,0.00
35.49,-2.56,0.00
35.49,-2.56,0.00
35.50,-2.56,0.00
35.50,-2.55,0.00
35.51,-2.55,0.00
35.51,-2.55,0.00
35.51,-2.55,0.00
35.52,-2.54,0.00
35.52,-2.54,0.00
35.53,-2.54,0.00
35.53,-2.54,0.00
35.54,-2.53,0.00
35.54,-2.53,0.00
35.55,-2.53,0.00
35.55,-2.53,0.00
35.55,-2.52,0.00
35.56,-2.52,0.00
35.56,-2.52,0.00
35.57,-2.52,0.00
35.57,-2.51,0.00
35.58,-2.51,0.00
35.58,-2.51,0.00
35.59,-2.50,0.00
35.59,-2.50,0.00
35.59,-2.50,0.00
35.60,-2.50,0.00
35.60,-2.49,0.00
35.61,-2.49,0.00
35.61,-2.49,0.00
35.62,-2.49,0.00
35.62,-2.48,0.00
35.62,-2.48,0.00
35.63,-2.48,0.00
35.63,-2.48,0.00
35.64,-2.47,0.00
35.64,-2.47,0.00
35.65,-2.47,0.00
35.65,-2.47,0.00
35.66,-2.46,0.00
35.66,-2.46,0.00
35.66,-2.46,0.00
35.67,-2.45,0.00
35.67,-2.45,0.00
35.68,-2.45,0.00
35.68,-2.45,0.00
35.69,-2.44,0.00
35.69,-2.44,0.00
35.69,-2.44,0.00
35.70,-2.44,0.00
35.70,-2.43,0.00
35.71,-2.43,0.00
35.71,-2.43,0.00
35.72,-2.42,0.00
35.72,-2.42,0.00
35.73,-2.42,0.00
35.73,-2.42,0.00
35.73,-2.41,0.00
35.74,-2.41,0.00
35.74,-2.41,0.00
35.75,-2.41,0.00
35.75,-2.40,0.00
35.76,-2.40,0.00
35.76,-2.40,0.00
35.76,-2.40,0.00
35.77,-2.39,0.00
35.77,-2.39,0.00
35.78,-2.39,0.00
35.78,-2.38,0.00
35.79,-2.38,0.00
35.79,-2.38,0.00
35.80,-2.38,0.00
35.80,-2.37,0.00
35.80,-2.37,0.00
35.81,-2.37,0.00
35.81,-2.37,0.00
35.82,-2.36,0.00
35.82,-2.36,0.00
35.83,-2.36,0.00
35.83,-2.35,0.00
35.83,-2.35,0.00
35.84,-2.35,0.00
35.84,-2.35,0.00
35.85,-2.34,0.00
35.85,-2.34,0.00
35.86,-2.34,0.00
35.86,-2.34,0.00
35.86,-2.33,0.00
35.87,-2.33,0.00
35.87,-2.33,0.00
35.88,-2.32,0.00
35.88,-2.32,0.00
35.89,-2.32,0.00
35.89,-2.32,0.00
35.90,-2.31,0.00
35.90,-2.31,0.00
35.90,-2.31,0.00
35.91,-2.31,0.00
35.91,-2.30,0.00
35.92,-2.30,0.00
35.92,-2.30,0.00
35.93,-2.29,0.00
35.93,-2.29,0.00
35.93,-2.29,0.00
35.94,-2.29,0.00
35.94,-2.28,0.00
35.95,-2.28,0.00
35.95,-2.28,0.00
35.96,-2.27,0.00
35.96,-2.27,0.00
35.96,-2.27,0.00
35.97,-2.27,0.00
35.97,-2.26,0.00
35.98,-2.26,0.00
35.98,-2.26,0.00
35.99,-2.26,0.00
35.99,-2.25,0.00
35.99,-2.25,0.00
36.00,-2.25,0.00
36.00,-2.24,0.00
36.01,-2.24,0.00
36.01,-2.24,0.00
36.02,-2.24,0.00
36.02,-2.23,0.00
36.02,-2.23,0.00
36.03,-2.23,0.00
36.03,-2.22,0.00
36.04,-2.22,0.00
36.04,-2.22,0.00
36.05,-2.22,0.00
36.05,-2.21,0.00
36.05,-2.21,0.00
36.06,-2.21,0.00
36.06,-2.21,0.00
36.07,-2.20,0.00
36.07,-2.20,0.00
36.08,-2.20,0.00
36.08,-2.19,0.00
36.08,-2.19,0.00
36.09,-2.19,0.00
36.09,-2.19,0.00
36.10,-2.18,0.00
36.10,-2.18,0.00
36.11,-2.18,0.00
36.11,-2.17,0.00
36.12,-2.17,0.00
36.12,-2.17,0.00
36.12,-2.17,0.00
36.13,-2.16,0.00
36.13,-2.16,0.00
36.14,-2.16,0.00
36.14,-2.15,0.00
36.15,-2.15,0.00
36.15,-2.15,0.00
36.15,-2.15,0.00
36.16,-2.14,0.00
36.16,-2.14,0.00
36.17,-2.14,0.00
36.17,-2.13,0.00
36.18,-2.13,0.00
36.18,-2.13,0.00
36.18,-2.13,0.00
36.19,-2.12,0.00
36.19,-2.12,0.00
36.20,-2.12,0.00
36.20,-2.11,0.00
36.21,-2.11,0.00
36.21,-2.11,0.00
36.21,-2.11,0.00
36.22,-2.10,0.00
36.22,-2.10,0.00
36.23,-2.10,0.00
36.23,-2.10,0.00
36.23,-2.09,0.00
36.24,-2.09,0.00
36.24,-2.09,0.00
36.25,-2.08,0.00
36.25,-2.08,0.00
36.26,-2.08,0.00
36.26,-2.08,0.00
36.26,-2.07,0.00
36.27,-2.07,0.00
36.27,-2.07,0.00
36.28,-2.06,0.00
36.28,-2.06,0.00
36.29,-2.06,0.00
36.29,-2.06,0.00
36.29,-2.05,0.00
36.30,-2.05,0.00
36.30,-2.05,0.00
36.31,-2.04,0.00
36.31,-2.04,0.00
36.32,-2.04,0.00
36.32,-2.04,0.00
36.32,-2.03,0.00
36.33,-2.03,0.00
36.33,-2.03,0.00
36.34,-2.02,0.00
36.34,-2.02,0.00
36.35,-2.02,0.00
36.35,-2.02,0.00
36.35,-2.01,0.00
36.36,-2.01,0.00
36.36,-2.01,0.00
36.37,-2.00,0.00
36.37,-2.00,0.00
36.38,-2.00,0.00
36.38,-1.99,0.00
36.38,-1.99,0.00
36.39,-1.99,0.00
36.39,-1.99,0.00
36.40,-1.98,0.00
36.40,-1.98,0.00
36.41,-1.98,0.00
36.41,-1.97,0.00
36.41,-1.97,0.00
36.42,-1.97,0.00
36.42,-1.97,0.00
36.43,-1.96,0.00
36.43,-1.96,0.00
36.43,-1.96,0.00
36.44,-1.95,0.00
36.44,-1.95,0.00
36.45,-1.95,0.00
36.45,-1.95,0.00
36.46,-1.94,0.00
36.46,-1.94,0.00
36.46,-1.94,0.00
36.47,-1.93,0.00
36.47,-1.93,0.00
36.48,-1.93,0.00
36.48,-1.93,0.00
36.49,-1.92,0.00
36.49,-1.92,0.00
36.49,-1.92,0.00
36.50,-1.91,0.00
36.50,-1.91,0.00
36.51,-1.91,0.00
36.51,-1.91,0.00
36.52,-1.90,0.00
36.52,-1.90,0.00
36.52,-1.90,0.00
36.53,-1.89,0.00
36.53,-1.89,0.00
36.54,-1.89,0.00
36.54,-1.89,0.00
36.55,-1.88,0.00
36.55,-1.88,0.00
36.55,-1.88,0.00
36.56,-1.87,0.00
36.56,-1.87,0.00
36.57,-1.87,0.00
36.57,-1.86,0.00
36.57,-1.86,0.00
36.58,-1.86,0.00
36.58,-1.86,0.00
36.59,-1.85,0.00
36.59,-1.85,0.00
36.60,-1.85,0.00
36.60,-1.84,0.00
36.60,-1.84,0.00
36.61,-1.84,0.00
36.61,-1.84,0.00
36.62,-1.83,0.00
36.62,-1.83,0.00
36.63,-1.83,0.00
36.63,-1.82,0.00
36.63,-1.82,0.00
36.64,-1.82,0.00
36.64,-1.82,0.00
36.65,-1.81,0.00
36.65,-1.81,0.00
36.65,-1.81,0.00
36.66,-1.80,0.00
36.66,-1.80,0.00
36.67,-1.80,0.00
36.67,-1.79,0.00
36.68,-1.79,0.00
36.68,-1.79,0.00
36.68,-1.79,0.00
36.69,-1.78,0.00
36.69,-1.78,0.00
36.70,-1.78,0.00
36.70,-1.77,0.00
36.71,-1.77,0.00
36.71,-1.77,0.00
36.71,-1.77,0.00
36.72,-1.76,0.00
36.72,-1.76,0.00
36.73,-1.76,0.00
36.73,-1.75,0.00
36.73,-1.75,0.00
36.74,-1.75,0.00
36.74,-1.74,0.00
36.75,-1.74,0.00
36.75,-1.74,0.00
36.76,-1.74,0.00
36.76,-1.73,0.00
36.76,-1.73,0.00
36.77,-1.73,0.00
36.77,-1.72,0.00
36.78,-1.72,0.00
36.78,-1.72,0.00
36.79,-1.72,0.00
36.79,-1.71,0.00
36.79,-1.71,0.00
36.80,-1.71,0.00
36.80,-1.70,0.00
36.81,-1.70,0.00
36.81,-1.70,0.00
36.81,-1.69,0.00
36.82,-1.69,0.00
36.82,-1.69,0.00
36.83,-1.69,0.00
36.83,-1.68,0.00
36.84,-1.68,0.00
36.84,-1.68,0.00
36.84,-1.67,0.00
36.85,-1.67,0.00
36.85,-1.67,0.00
36.86,-1.67,0.00
36.86,-1.66,0.00
36.87,-1.66,0.00
36.87,-1.66,0.00
36.87,-1.65,0.00
36.88,-1.65,0.00
36.88,-1.65,0.00
36.89,-1.64,0.00
36.89,-1.64,0.00
36.89,-1.64,0.00
36.90,-1.64,0.00
36.90,-1.63,0.00
36.91,-1.63,0.00
36.91,-1.63,0.00
36.92,-1.62,0.00
36.92,-1.62,0.00
36.92,-1.62,0.00
36.93,-1.62,0.00
36.93,-1.61,0.00
36.94,-1.61,0.00
36.94,-1.61,0.00
36.94,-1.60,0.00
36.95,-1.60,0.00
36.95,-1.60,0.00
36.96,-1.59,0.00
36.96,-1.59,0.00
36.97,-1.59,0.00
36.97,-1.59,0.00
36.97,-1.58,0.00
36.98,-1.58,0.00
36.98,-1.58,0.00
36.99,-1.57,0.00
36.99,-1.57,0.00
37.00,-1.57,0.00
37.00,-1.57,0.00
37.00,-1.56,0.00
37.01,-1.56,0.00
37.01,-1.56,0.00
37.02,-1.55,0.00
37.02,-1.55,0.00
37.02,-1.55,0.00
37.03,-1.54,0.00
37.03,-1.54,0.00
37.04,-1.54,0.00
37.04,-1.54,0.00
37.05,-1.53,0.00
37.05,-1.53,0.00
37.05,-1.53,0.00
37.06,-1.52,0.00
37.06,-1.52,0.00
37.07,-1.52,0.00
37.07,-1.51,0.00
37.07,-1.51,0.00
37.08,-1.51,0.00
37.08,-1.51,0.00
37.09,-1.50,0.00
37.09,-1.50,0.00
37.10,-1.50,0.00
37.10,-1.49,0.00
37.10,-1.49,0.00
37.11,-1.49,0.00
37.11,-1.49,0.00
37.12,-1.48,0.00
37.12,-1.48,0.00
37.13,-1.48,0.00
37.13,-1.47,0.00
37.13,-1.47,0.00
37.14,-1.47,0.00
37.14,-1.46,0.00
37.15,-1.46,0.00
37.15,-1.46,0.00
37.15,-1.46,0.00
37.16,-1.45,0.00
37.16,-1.45,0.00
37.17,-1.45,0.00
37.17,-1.44,0.00
37.18,-1.44,0.00
37.18,-1.44,0.00
37.18,-1.43,0.00
37.19,-1.43,0.00
37.19,-1.43,0.00
37.20,-1.43,0.00
37.20,-1.42,0.00
37.20,-1.42,0.00
37.21,-1.42,0.00
37.21,-1.41,0.00
37.22,-1.41,0.00
37.22,-1.41,0.00
37.23,-1.40,0.00
37.23,-1.40,0.00
37.23,-1.40,0.00
37.24,-1.40,0.00
37.24,-1.39,0.00
37.25,-1.39,0.00
37.25,-1.39,0.00
37.25,-1.38,0.00
37.26,-1.38,0.00
37.26,-1.38,0.00
37.27,-1.38,0.00
37.27,-1.37,0.00
37.28,-1.37,0.00
37.28,-1.37,0.00
37.28,-1.36,0.00
37.29,-1.36,0.00
37.29,-1.36,0.00
37.30,-1.35,0.00
37.30,-1.35,0.00
37.31,-1.35,0.00
37.31,-1.35,0.00
37.31,-1.34,0.00
37.32,-1.34,0.00
37.32,-1.34,0.00
37.33,-1.33,0.00
37.33,-1.33,0.00
37.33,-1.33,0.00
37.34,-1.32,0.00
37.34,-1.32,0.00
37.35,-1.32,0.00
37.35,-1.32,0.00
37.36,-1.31,0.00
37.36,-1.31,0.00
37.36,-1.31,0.00
37.37,-1.30,0.00
37.37,-1.30,0.00
37.38,-1.30,0.00
37.38,-1.30,0.00
37.38,-1.29,0.00
37.39,-1.29,0.00
37.39,-1.29,0.00
37.40,-1.28,0.00
37.40,-1.28,0.00
37.41,-1.28,0.00
37.41,-1.27,0.00
37.41,-1.27,0.00
37.42,-1.27,0.00
37.42,-1.27,0.00
37.43,-1.26,0.00
37.43,-1.26,0.00
37.43,-1.26,0.00
37.44,-1.25,0.00
37.44,-1.25,0.00
37.45,-1.25,0.00
37.45,-1.24,0.00
37.46,-1.24,0.00
37.46,-1.24,0.00
37.46,-1.24,0.00
37.47,-1.23,0.00
37.47,-1.23,0.00
37.48,-1.23,0.00
37.48,-1.22,0.00
37.49,-1.22,0.00
37.49,-1.22,0.00
37.49,-1.21,0.00
37.50,-1.21,0.00
37.50,-1.21,0.00
37.51,-1.21,0.00
37.51,-1.20,0.00
37.51,-1.20,0.00
37.52,-1.20,0.00
37.52,-1.19,0.00
37.53,-1.19,0.00
37.53,-1.19,0.00
37.54,-1.19,0.00
37.54,-1.18,0.00
37.54,-1.18,0.00
37.55,-1.18,0.00
37.55,-1.17,0.00
37.56,-1.17,0.00
37.56,-1.17,0.00
37.56,-1.16,0.00
37.57,-1.16,0.00
37.57,-1.16,0.00
37.58,-1.16,0.00
37.58,-1.15,0.00
37.59,-1.15,0.00
37.59,-1.15,0.00
37.59,-1.14,0.00
37.60,-1.14,0.00
37.60,-1.14,0.00
37.61,-1.13,0.00
37.61,-1.13,0.00
37.62,-1.13,0.00
37.62,-1.13,0.00
37.62,-1.12,0.00
37.63,-1.12,0.00
37.63,-1.12,0.00
37.64,-1.11,0.00
37.64,-1.11,0.00
37.64,-1.11,0.00
37.65,-1.11,0.00
37.65,-1.10,0.00
37.66,-1.10,0.00
37.66,-1.10,0.00
37.67,-1.09,0.00
37.67,-1.09,0.00
37.67,-1.09,0.00
37.68,-1.08,0.00
37.68,-1.08,0.00
37.69,-1.08,0.00
37.69,-1.08,0.00
37.69,-1.07,0.00
37.70,-1.07,0.00
37.70,-1.07,0.00
37.71,-1.06,0.00
37.71,-1.06,0.00
37.72,-1.06,0.00
37.72,-1.06,0.00
37.72,-1.05,0.00
37.73,-1.05,0.00
37.73,-1.05,0.00
37.74,-1.04,0.00
37.74,-1.04,0.00
37.75,-1.04,0.00
37.75,-1.03,0.00
37.75,-1.03,0.00
37.76,-1.03,0.00
37.76,-1.03,0.00
37.77,-1.02,0.00
37.77,-1.02,0.00
37.77,-1.02,0.00
37.78,-1.01,0.00
37.78,-1.01,0.00
37.79,-1.01,0.00
37.79,-1.01,0.00
37.80,-1.00,0.00
37.80,-1.00,0.00
37.80,-1.00,0.00
37.81,-0.99,0.00
37.81,-0.99,0.00
37.82,-0.99,0.00
37.82,-0.98,0.00
37.82,-0.98,0.00
37.83,-0.98,0.00
37.83,-0.98,0.00
37.84,-0.97,0.00
37.84,-0.97,0.00
37.85,-0.97,0.00
37.85,-0.96,0.00
37.85,-0.96,0.00
37.86,-0.96,0.00
37.86,-0.96,0.00
37.87,-0.95,0.00
37.87,-0.95,0.00
37.88,-0.95,0.00
37.88,-0.94,0.00
37.88,-0.94,0.00
37.89,-0.94,0.00
37.89,-0.93,0.00
37.90,-0.93,0.00
37.90,-0.93,0.00
37.90,-0.93,0.00
37.91,-0.92,0.00
37.91,-0.92,0.00
37.92,-0.92,0.00
37.92,-0.91,0.00
37.93,-0.91,0.00
37.93,-0.91,0.00
37.93,-0.91,0.00
37.94,-0.90,0.00
37.94,-0.90,0.00
37.95,-0.90,0.00
37.95,-0.89,0.00
37.96,-0.89,0.00
37.96,-0.89,0.00
37.96,-0.88,0.00
37.97,-0.88,0.00
37.97,-0.88,0.00
37.98,-0.88,0.00
37.98,-0.87,0.00
37.99,-0.87,0.00
37.99,-0.87,0.00
37.99,-0.86,0.00
38.00,-0.86,0.00
38.00,-0.86,0.00
38.01,-0.86,0.00
38.01,-0.85,0.00
38.01,-0.85,0.00
38.02,-0.85,0.00
38.02,-0.84,0.00
38.03,-0.84,0.00
38.03,-0.84,0.00
38.04,-0.84,0.00
38.04,-0.83,0.00
38.04,-0.83,0.00
38.05,-0.83,0.00
38.05,-0.82,0.00
38.06,-0.82,0.00
38.06,-0.82,0.00
38.07,-0.81,0.00
38.07,-0.81,0.00
38.07,-0.81,0.00
38.08,-0.81,0.00
38.08,-0.80,0.00
38.09,-0.80,0.00
38.09,-0.80,0.00
38.09,-0.79,0.00
38.10,-0.79,0.00
38.10,-0.79,0.00
38.11,-0.79,0.00
38.11,-0.78,0.00
38.12,-0.78,0.00
38.12,-0.78,0.00
38.12,-0.77,0.00
38.13,-0.77,0.00
38.13,-0.77,0.00
38.14,-0.77,0.00
38.14,-0.76,0.00
38.15,-0.76,0.00
38.15,-0.76,0.00
38.15,-0.75,0.00
38.16,-0.75,0.00
38.16,-0.75,0.00
38.17,-0.75,0.00
38.17,-0.74,0.00
38.18,-0.74,0.00
38.18,-0.74,0.00
38.18,-0.73,0.00
38.19,-0.73,0.00
38.19,-0.73,0.00
38.20,-0.73,0.00
38.20,-0.72,0.00
38.21,-0.72,0.00
38.21,-0.72,0.00
38.21,-0.71,0.00
38.22,-0.71,0.00
38.22,-0.71,0.00
38.23,-0.71,0.00
38.23,-0.70,0.00
38.23,-0.70,0.00
38.24,-0.70,0.00
38.24,-0.69,0.00
38.25,-0.69,0.00
38.25,-0.69,0.00
38.26,-0.68,0.00
38.26,-0.68,0.00
38.26,-0.68,0.00
38.27,-0.68,0.00
38.27,-0.67,0.00
38.28,-0.67,0.00
38.28,-0.67,0.00
38.29,-0.66,0.00
38.29,-0.66,0.00
38.29,-0.66,0.00
38.30,-0.66,0.00
38.30,-0.65,0.00
38.31,-0.65,0.00
38.31,-0.65,0.00
38.32,-0.64,0.00
38.32,-0.64,0.00
38.32,-0.64,0.00
38.33,-0.64,0.00
38.33,-0.63,0.00
38.34,-0.63,0.00
38.34,-0.63,0.00
38.35,-0.62,0.00
38.35,-0.62,0.00
38.35,-0.62,0.00
38.36,-0.62,0.00
38.36,-0.61,0.00
38.37,-0.61,0.00
38.37,-0.61,0.00
38.38,-0.61,0.00
38.38,-0.60,0.00
38.38,-0.60,0.00
38.39,-0.60,0.00
38.39,-0.59,0.00
38.40,-0.59,0.00
38.40,-0.59,0.00
38.41,-0.59,0.00
38.41,-0.58,0.00
38.41,-0.58,0.00
38.42,-0.58,0.00
38.42,-0.57,0.00
38.43,-0.57,0.00
38.43,-0.57,0.00
38.44,-0.57,0.00
38.44,-0.56,0.00
38.44,-0.56,0.00
38.45,-0.56,0.00
38.45,-0.55,0.00
38.46,-0.55,0.00
38.46,-0.55,0.00
38.47,-0.55,0.00
38.47,-0.54,0.00
38.47,-0.54,0.00
38.48,-0.54,0.00
38.48,-0.53,0.00
38.49,-0.53,0.00
38.49,-0.53,0.00
38.50,-0.53,0.00
38.50,-0.52,0.00
38.50,-0.52,0.00
38.51,-0.52,0.00
38.51,-0.51,0.00
38.52,-0.51,0.00
38.52,-0.51,0.00
38.53,-0.51,0.00
38.53,-0.50,0.00
38.53,-0.50,0.00
38.54,-0.50,0.00
38.54,-0.49,0.00
38.55,-0.49,0.00
38.55,-0.49,0.00
38.56,-0.49,0.00
38.56,-0.48,0.00
38.56,-0.48,0.00
38.57,-0.48,0.00
38.57,-0.48,0.00
38.58,-0.47,0.00
38.58,-0.47,0.00
38.59,-0.47,0.00
38.59,-0.46,0.00
38.59,-0.46,0.00
38.60,-0.46,0.00
38.60,-0.46,0.00
38.61,-0.45,0.00
38.61,-0.45,0.00
38.62,-0.45,0.00
38.62,-0.44,0.00
38.62,-0.44,0.00
38.63,-0.44,0.00
38.63,-0.44,0.00
38.64,-0.43,0.00
38.64,-0.43,0.00
38.65,-0.43,0.00
38.65,-0.43,0.00
38.65,-0.42,0.00
38.66,-0.42,0.00
38.66,-0.42,0.00
38.67,-0.41,0.00
38.67,-0.41,0.00
38.68,-0.41,0.00
38.68,-0.41,0.00
38.69,-0.40,0.00
38.69,-0.40,0.00
38.69,-0.40,0.00
38.70,-0.40,0.00
38.70,-0.39,0.00
38.71,-0.39,0.00
38.71,-0.39,0.00
38.72,-0.38,0.00
38.72,-0.38,0.00
38.72,-0.38,0.00
38.73,-0.38,0.00
38.73,-0.37,0.00
38.74,-0.37,0.00
38.74,-0.37,0.00
38.75,-0.36,0.00
38.75,-0.36,0.00
38.75,-0.36,0.00
38.76,-0.36,0.00
38.76,-0.35,0.00
38.77,-0.35,0.00
38.77,-0.35,0.00
38.78,-0.35,0.00
38.78,-0.34,0.00
38.78,-0.34,0.00
38.79,-0.34,0.00
38.79,-0.33,0.00
38.80,-0.33,0.00
38.80,-0.33,0.00
38.81,-0.33,0.00
38.81,-0.32,0.00
38.82,-0.32,0.00
38.82,-0.32,0.00
38.82,-0.32,0.00
38.83,-0.31,0.00
38.83,-0.31,0.00
38.84,-0.31,0.00
38.84,-0.30,0.00
38.85,-0.30,0.00
38.85,-0.30,0.00
38.85,-0.30,0.00
38.86,-0.29,0.00
38.86,-0.29,0.00
38.87,-0.29,0.00
38.87,-0.29,0.00
38.88,-0.28,0.00
38.88,-0.28,0.00
38.89,-0.28,0.00
38.89,-0.28,0.00
38.89,-0.27,0.00
38.90,-0.27,0.00
38.90,-0.27,0.00
38.91,-0.26,0.00
38.91,-0.26,0.00
38.92,-0.26,0.00
38.92,-0.26,0.00
38.92,-0.25,0.00
38.93,-0.25,0.00
38.93,-0.25,0.00
38.94,-0.25,0.00
38.94,-0.24,0.00
38.95,-0.24,0.00
38.95,-0.24,0.00
38.96,-0.24,0.00
38.96,-0.23,0.00
38.96,-0.23,0.00
38.97,-0.23,0.00
38.97,-0.22,0.00
38.98,-0.22,0.00
38.98,-0.22,0.00
38.99,-0.22,0.00
38.99,-0.21,0.00
38.99,-0.21,0.00
39.00,-0.21,0.00
39.00,-0.21,0.00
39.01,-0.20,0.00
39.01,-0.20,0.00
39.02,-0.20,0.00
39.02,-0.20,0.00
39.03,-0.19,0.00
39.03,-0.19,0.00
39.03,-0.19,0.00
39.04,-0.18,0.00
39.04,-0.18,0.00
39.05,-0.18,0.00
39.05,-0.18,0.00
39.06,-0.17,0.00
39.06,-0.17,0.00
39.07,-0.17,0.00
39.07,-0.17,0.00
39.07,-0.16,0.00
39.08,-0.16,0.00
39.08,-0.16,0.00
39.09,-0.16,0.00
39.09,-0.15,0.00
39.10,-0.15,0.00
39.10,-0.15,0.00
39.10,-0.15,0.00
39.11,-0.14,0.00
39.11,-0.14,0.00
39.12,-0.14,0.00
39.12,-0.14,0.00
39.13,-0.13,0.00
39.13,-0.13,0.00
39.14,-0.13,0.00
39.14,-0.12,0.00
39.14,-0.12,0.00
39.15,-0.12,0.00
39.15,-0.12,0.00
39.16,-0.11,0.00
39.16,-0.11,0.00
39.17,-0.11,0.00
39.17,-0.11,0.00
39.18,-0.10,0.00
39.18,-0.10,0.00
39.18,-0.10,0.00
39.19,-0.10,0.00
39.19,-0.09,0.00
39.20,-0.09,0.00
39.20,-0.09,0.00
39.21,-0.09,0.00
39.21,-0.08,0.00
39.22,-0.08,0.00
39.22,-0.08,0.00
39.22,-0.08,0.00
39.23,-0.07,0.00
39.23,-0.07,0.00
39.24,-0.07,0.00
39.24,-0.07,0.00
39.25,-0.06,0.00
39.25,-0.06,0.00
39.26,-0.06,0.00
39.26,-0.06,0.00
39.26,-0.05,0.00
39.27,-0.05,0.00
39.27,-0.05,0.00
39.28,-0.05,0.00
39.28,-0.04,0.00
39.29,-0.04,0.00
39.29,-0.04,0.00
39.30,-0.04,0.00
39.30,-0.03,0.00
39.30,-0.03,0.00
39.31,-0.03,0.00
39.31,-0.03,0.00
39.32,-0.02,0.00
39.32,-0.02,0.00
39.33,-0.02,0.00
39.33,-0.02,0.00
39.34,-0.01,0.00
39.34,-0.01,0.00
39.35,-0.01,0.00
39.35,-0.01,0.00
39.35,-0.00,0.00
39.36,-0.00,0.00
39.36,0.00,0.00
39.37,0.00,0.00
39.37,0.01,0.00
39.38,0.01,0.00
39.38,0.01,0.00
39.39,0.01,0.00
39.39,0.02,0.00
39.39,0.02,0.00
39.40,0.02,0.00
39.40,0.02,0.00
39.41,0.03,0.00
39.41,0.03,0.00
39.42,0.03,0.00
39.42,0.03,0.00
39.43,0.04,0.00
39.43,0.04,0.00
39.44,0.04,0.00
39.44,0.04,0.00
39.44,0.05,0.00
39.45,0.05,0.00
39.45,0.05,0.00
39.46,0.05,0.00
39.46,0.06,0.00
39.47,0.06,0.00
39.47,0.06,0.00
39.48,0.06,0.00
39.48,0.07,0.00
39.48,0.07,0.00
39.49,0.07,0.00
39.49,0.07,0.00
39.50,0.08,0.00
39.50,0.08,0.00
39.51,0.08,0.00
39.51,0.08,0.00
39.52,0.09,0.00
39.52,0.09,0.00
39.53,0.09,0.00
39.53,0.09,0.00
39.53,0.10,0.00
39.54,0.10,0.00
39.54,0.10,0.00
39.55,0.10,0.00
39.55,0.11,0.00
39.56,0.11,0.00
39.56,0.11,0.00
39.57,0.11,0.00
39.57,0.11,0.00
39.58,0.12,0.00
39.58,0.12,0.00
39.58,0.12,0.00
39.59,0.12,0.00
39.59,0.13,0.00
39.60,0.13,0.00
39.60,0.13,0.00
39.61,0.13,0.00
39.61,0.14,0.00
39.62,0.14,0.00
39.62,0.14,0.00
39.63,0.14,0.00
39.63,0.15,0.00
39.63,0.15,0.00
39.64,0.15,0.00
39.64,0.15,0.00
39.65,0.15,0.00
39.65,0.16,0.00
39.66,0.16,0.00
39.66,0.16,0.00
39.67,0.16,0.00
39.67,0.17,0.00
39.68,0.17,0.00
39.68,0.17,0.00
39.68,0.17,0.00
39.69,0.18,0.00
39.69,0.18,0.00
39.70,0.18,0.00
39.70,0.18,0.00
39.71,0.19,0.00
39.71,0.19,0.00
39.72,0.19,0.00
39.72,0.19,0.00
39.73,0.19,0.00
39.73,0.20,0.00
39.74,0.20,0.00
39.74,0.20,0.00
39.74,0.20,0.00
39.75,0.21,0.00
39.75,0.21,0.00
39.76,0.21,0.00
39.76,0.21,0.00
39.77,0.21,0.00
39.77,0.22,0.00
39.78,0.22,0.00
39.78,0.22,0.00
39.79,0.22,0.00
39.79,0.23,0.00
39.79,0.23,0.00
39.80,0.23,0.00
39.80,0.23,0.00
39.81,0.24,0.00
39.81,0.24,0.00
39.82,0.24,0.00
39.82,0.24,0.00
39.83,0.24,0.00
39.83,0.25,0.00
39.84,0.25,0.00
39.84,0.25,0.00
39.85,0.25,0.00
39.85,0.26,0.00
39.85,0.26,0.00
39.86,0.26,0.00
39.86,0.26,0.00
39.87,0.26,0.00
39.87,0.27,0.00
39.88,0.27,0.00
39.88,0.27,0.00
39.89,0.27,0.00
39.89,0.28,0.00
39.90,0.28,0.00
39.90,0.28,0.00
39.91,0.28,0.00
39.91,0.28,0.00
39.92,0.29,0.00
39.92,0.29,0.00
39.92,0.29,0.00
39.93,0.29,0.00
39.93,0.30,0.00
39.94,0.30,0.00
39.94,0.30,0.00
39.95,0.30,0.00
39.95,0.30,0.00
39.96,0.31,0.00
39.96,0.31,0.00
39.97,0.31,0.00
39.97,0.31,0.00
39.98,0.31,0.00
39.98,0.32,0.00
39.98,0.32,0.00
39.99,0.32,0.00
39.99,0.32,0.00
40.00,0.33,0.00
40.00,0.33,0.00
40.01,0.33,0.00
40.01,0.33,0.00
40.02,0.33,0.00
40.02,0.34,0.00
40.03,0.34,0.00
40.03,0.34,0.00
40.04,0.34,0.00
40.04,0.34,0.00
40.05,0.35,0.00
40.05,0.35,0.00
40.05,0.35,0.00
40.06,0.35,0.00
40.06,0.36,0.00
40.07,0.36,0.00
40.07,0.36,0.00
40.08,0.36,0.00
40.08,0.36,0.00
40.09,0.37,0.00
40.09,0.37,0.00
40.10,0.37,0.00
40.10,0.37,0.00
40.11,0.37,0.00
40.11,0.38,0.00
40.12,0.38,0.00
40.12,0.38,0.00
40.13,0.38,0.00
40.13,0.38,0.00
40.13,0.39,0.00
40.14,0.39,0.00
40.14,0.39,0.00
40.15,0.39,0.00
40.15,0.39,0.00
40.16,0.40,0.00
40.16,0.40,0.00
40.17,0.40,0.00
40.17,0.40,0.00
40.18,0.40,0.00
40.18,0.41,0.00
40.19,0.41,0.00
40.19,0.41,0.00
40.20,0.41,0.00
40.20,0.41,0.00
40.21,0.42,0.00
40.21,0.42,0.00
40.21,0.42,0.00
40.22,0.42,0.00
40.22,0.42,0.00
40.23,0.43,0.00
40.23,0.43,0.00
40.24,0.43,0.00
40.24,0.43,0.00
40.25,0.43,0.00
40.25,0.44,0.00
40.26,0.44,0.00
40.26,0.44,0.00
40.27,0.44,0.00
40.27,0.44,0.00
40.28,0.45,0.00
40.28,0.45,0.00
40.29,0.45,0.00
40.29,0.45,0.00
40.30,0.45,0.00
40.30,0.46,0.00
40.30,0.46,0.00
40.31,0.46,0.00
40.31,0.46,0.00
40.32,0.46,0.00
40.32,0.47,0.00
40.33,0.47,0.00
40.33,0.47,0.00
40.34,0.47,0.00
40.34,0.47,0.00
40.35,0.48,0.00
40.35,0.48,0.00
40.36,0.48,0.00
40.36,0.48,0.00
40.37,0.48,0.00
40.37,0.49,0.00
40.38,0.49,0.00
40.38,0.49,0.00
40.39,0.49,0.00
40.39,0.49,0.00
40.40,0.49,0.00
40.40,0.50,0.00
40.40,0.50,0.00
40.41,0.50,0.00
40.41,0.50,0.00
40.42,0.50,0.00
40.42,0.51,0.00
40.43,0.51,0.00
40.43,0.51,0.00
40.44,0.51,0.00
40.44,0.51,0.00
40.45,0.51,0.00
40.45,0.52,0.00
40.46,0.52,0.00
40.46,0.52,0.00
40.47,0.52,0.00
40.47,0.52,0.00
40.48,0.53,0.00
40.48,0.53,0.00
40.49,0.53,0.00
40.49,0.53,0.00
40.50,0.53,0.00
40.50,0.53,0.00
40.51,0.54,0.00
40.51,0.54,0.00
40.52,0.54,0.00
40.52,0.54,0.00
40.52,0.54,0.00
40.53,0.55,0.00
40.53,0.55,0.00
40.54,0.55,0.00
40.54,0.55,0.00
40.55,0.55,0.00
40.55,0.55,0.00
40.56,0.56,0.00
40.56,0.56,0.00
40.57,0.56,0.00
40.57,0.56,0.00
40.58,0.56,0.00
40.58,0.57,0.00
40.59,0.57,0.00
40.59,0.57,0.00
40.60,0.57,0.00
40.60,0.57,0.00
40.61,0.57,0.00
40.61,0.58,0.00
40.62,0.58,0.00
40.62,0.58,0.00
40.63,0.58,0.00
40.63,0.58,0.00
40.64,0.58,0.00
40.64,0.59,0.00
40.65,0.59,0.00
40.65,0.59,0.00
40.66,0.59,0.00
40.66,0.59,0.00
40.66,0.59,0.00
40.67,0.60,0.00
40.67,0.60,0.00
40.68,0.60,0.00
40.68,0.60,0.00
40.69,0.60,0.00
40.69,0.60,0.00
40.70,0.61,0.00
40.70,0.61,0.00
40.71,0.61,0.00
40.71,0.61,0.00
40.72,0.61,0.00
40.72,0.61,0.00
40.73,0.62,0.00
40.73,0.62,0.00
40.74,0.62,0.00
40.74,0.62,0.00
40.75,0.62,0.00
40.75,0.62,0.00
40.76,0.63,0.00
40.76,0.63,0.00
40.77,0.63,0.00
40.77,0.63,0.00
40.78,0.63,0.00
40.78,0.63,0.00
40.79,0.63,0.00
40.79,0.64,0.00
40.80,0.64,0.00
40.80,0.64,0.00
40.81,0.64,0.00
40.81,0.64,0.00
40.82,0.64,0.00
40.82,0.65,0.00
40.83,0.65,0.00
40.83,0.65,0.00
40.84,0.65,0.00
40.84,0.65,0.00
40.85,0.65,0.00
40.85,0.66,0.00
40.85,0.66,0.00
40.86,0.66,0.00
40.86,0.66,0.00
40.87,0.66,0.00
40.87,0.66,0.00
40.88,0.66,0.00
40.88,0.67,0.00
40.89,0.67,0.00
40.89,0.67,0.00
40.90,0.67,0.00
40.90,0.67,0.00
40.91,0.67,0.00
40.91,0.67,0.00
40.92,0.68,0.00
40.92,0.68,0.00
40.93,0.68,0.00
40.93,0.68,0.00
40.94,0.68,0.00
40.94,0.68,0.00
40.95,0.69,0.00
40.95,0.69,0.00
40.96,0.69,0.00
40.96,0.69,0.00
40.97,0.69,0.00
40.97,0.69,0.00
40.98,0.69,0.00
40.98,0.70,0.00
40.99,0.70,0.00
40.99,0.70,0.00
41.00,0.70,0.00
41.00,0.70,0.00
41.01,0.70,0.00
41.01,0.70,0.00
41.02,0.71,0.00
41.02,0.71,0.00
41.03,0.71,0.00
41.03,0.71,0.00
41.04,0.71,0.00
41.04,0.71,0.00
41.05,0.71,0.00
41.05,0.71,0.00
41.06,0.72,0.00
41.06,0.72,0.00
41.07,0.72,0.00
41.07,0.72,0.00
41.08,0.72,0.00
41.08,0.72,0.00
41.09,0.72,0.00
41.09,0.73,0.00
41.10,0.73,0.00
41.10,0.73,0.00
41.11,0.73,0.00
41.11,0.73,0.00
41.12,0.73,0.00
41.12,0.73,0.00
41.13,0.74,0.00
41.13,0.74,0.00
41.14,0.74,0.00
41.14,0.74,0.00
41.15,0.74,0.00
41.15,0.74,0.00
41.16,0.74,0.00
41.16,0.74,0.00
41.17,0.75,0.00
41.17,0.75,0.00
41.18,0.75,0.00
41.18,0.75,0.00
41.19,0.75,0.00
41.19,0.75,0.00
41.20,0.75,0.00
41.20,0.75,0.00
41.21,0.76,0.00
41.21,0.76,0.00
41.22,0.76,0.00
41.22,0.76,0.00
41.23,0.76,0.00
41.23,0.76,0.00
41.24,0.76,0.00
41.24,0.76,0.00
41.25,0.77,0.00
41.25,0.77,0.00
41.26,0.77,0.00
41.26,0.77,0.00
41.27,0.77,0.00
41.27,0.77,0.00
41.28,0.77,0.00
41.28,0.77,0.00
41.29,0.78,0.00
41.29,0.78,0.00
41.30,0.78,0.00
41.30,0.78,0.00
41.31,0.78,0.00
41.31,0.78,0.00
41.32,0.78,0.00
41.32,0.78,0.00
41.33,0.78,0.00
41.33,0.79,0.00
41.34,0.79,0.00
41.34,0.79,0.00
41.35,0.79,0.00
41.35,0.79,0.00
41.36,0.79,0.00
41.36,0.79,0.00
41.37,0.79,0.00
41.37,0.79,0.00
41.38,0.80,0.00
41.38,0.80,0.00
41.39,0.80,0.00
41.39,0.80,0.00
41.40,0.80,0.00
41.40,0.80,0.00
41.41,0.80,0.00
41.41,0.80,0.00
41.42,0.80,0.00
41.42,0.81,0.00
41.43,0.81,0.00
41.43,0.81,0.00
41.44,0.81,0.00
41.44,0.81,0.00
41.45,0.81,0.00
41.45,0.81,0.00
41.46,0.81,0.00
41.46,0.81,0.00
41.47,0.82,0.00
41.47,0.82,0.00
41.48,0.82,0.00
41.48,0.82,0.00
41.49,0.82,0.00
41.49,0.82,0.00
41.50,0.82,0.00
41.50,0.82,0.00
41.51,0.82,0.00
41.51,0.82,0.00
41.52,0.83,0.00
41.52,0.83,0.00
41.53,0.83,0.00
41.53,0.83,0.00
41.54,0.83,0.00
41.54,0.83,0.00
41.55,0.83,0.00
41.55,0.83,0.00
41.56,0.83,0.00
41.56,0.83,0.00
41.57,0.83,0.00
41.57,0.84,0.00
41.58,0.84,0.00
41.58,0.84,0.00
41.59,0.84,0.00
41.59,0.84,0.00
41.60,0.84,0.00
41.60,0.84,0.00
41.61,0.84,0.00
41.61,0.84,0.00
41.62,0.84,0.00
41.62,0.84,0.00
41.63,0.85,0.00
41.63,0.85,0.00
41.64,0.85,0.00
41.64,0.85,0.00
41.65,0.85,0.00
41.65,0.85,0.00
41.66,0.85,0.00
41.66,0.85,0.00
41.67,0.85,0.00
41.67,0.85,0.00
41.68,0.85,0.00
41.68,0.86,0.00
41.69,0.86,0.00
41.69,0.86,0.00
41.70,0.86,0.00
41.70,0.86,0.00
41.71,0.86,0.00
41.71,0.86,0.00
41.72,0.86,0.00
41.72,0.86,0.00
41.73,0.86,0.00
41.73,0.86,0.00
41.74,0.86,0.00
41.74,0.87,0.00
41.75,0.87,0.00
41.75,0.87,0.00
41.76,0.87,0.00
41.76,0.87,0.00
41.77,0.87,0.00
41.77,0.87,0.00
41.78,0.87,0.00
41.78,0.87,0.00
41.79,0.87,0.00
41.79,0.87,0.00
41.80,0.87,0.00
41.80,0.87,0.00
41.81,0.88,0.00
41.81,0.88,0.00
41.82,0.88,0.00
41.82,0.88,0.00
41.83,0.88,0.00
41.83,0.88,0.00
41.84,0.88,0.00
41.84,0.88,0.00
41.85,0.88,0.00
41.85,0.88,0.00
41.86,0.88,0.00
41.87,0.88,0.00
41.87,0.88,0.00
41.88,0.88,0.00
41.88,0.89,0.00
41.89,0.89,0.00
41.89,0.89,0.00
41.90,0.89,0.00
41.90,0.89,0.00
41.91,0.89,0.00
41.91,0.89,0.00
41.92,0.89,0.00
41.92,0.89,0.00
41.93,0.89,0.00
41.93,0.89,0.00
41.94,0.89,0.00
41.94,0.89,0.00
41.95,0.89,0.00
41.95,0.89,0.00
41.96,0.89,0.00
41.96,0.90,0.00
41.97,0.90,0.00
41.97,0.90,0.00
41.98,0.90,0.00
41.98,0.90,0.00
41.99,0.90,0.00
41.99,0.90,0.00
42.00,0.90,0.00
42.00,0.90,0.00
42.01,0.90,0.00
42.01,0.90,0.00
42.02,0.90,0.00
42.02,0.90,0.00
42.03,0.90,0.00
42.03,0.90,0.00
42.04,0.90,0.00
42.04,0.90,0.00
42.05,0.91,0.00
42.05,0.91,0.00
42.06,0.91,0.00
42.06,0.91,0.00
42.07,0.91,0.00
42.07,0.91,0.00
42.08,0.91,0.00
42.08,0.91,0.00
42.09,0.91,0.00
42.09,0.91,0.00
42.10,0.91,0.00
42.10,0.91,0.00
42.11,0.91,0.00
42.11,0.91,0.00
42.12,0.91,0.00
42.13,0.91,0.00
42.13,0.91,0.00
42.14,0.91,0.00
42.14,0.91,0.00
42.15,0.91,0.00
42.15,0.91,0.00
42.16,0.92,0.00
42.16,0.92,0.00
42.17,0.92,0.00
42.17,0.92,0.00
42.18,0.92,0.00
42.18,0.92,0.00
42.19,0.92,0.00
42.19,0.92,0.00
42.20,0.92,0.00
42.20,0.92,0.00
42.21,0.92,0.00
42.21,0.92,0.00
42.22,0.92,0.00
42.22,0.92,0.00
42.23,0.92,0.00
42.23,0.92,0.00
42.24,0.92,0.00
42.24,0.92,0.00
42.25,0.92,0.00
42.25,0.92,0.00
42.26,0.92,0.00
42.26,0.92,0.00
42.27,0.92,0.00
42.27,0.92,0.00
42.28,0.92,0.00
42.28,0.92,0.00
42.29,0.93,0.00
42.29,0.93,0.00
42.30,0.93,0.00
42.30,0.93,0.00
42.31,0.93,0.00
42.31,0.93,0.00
42.32,0.93,0.00
42.32,0.93,0.00
42.33,0.93,0.00
42.33,0.93,0.00
42.34,0.93,0.00
42.35,0.93,0.00
42.35,0.93,0.00
42.36,0.93,0.00
42.36,0.93,0.00
42.37,0.93,0.00
42.37,0.93,0.00
42.38,0.93,0.00
42.38,0.93,0.00
42.39,0.93,0.00
42.39,0.93,0.00
42.40,0.93,0.00
42.40,0.93,0.00
42.41,0.93,0.00
42.41,0.93,0.00
42.42,0.93,0.00
42.42,0.93,0.00
42.43,0.93,0.00
42.43,0.93,0.00
42.44,0.93,0.00
42.44,0.93,0.00
42.45,0.93,0.00
42.45,0.93,0.00
42.46,0.93,0.00
42.46,0.93,0.00
42.47,0.93,0.00
42.47,0.93,0.00
42.48,0.93,0.00
42.48,0.93,0.00
42.49,0.93,0.00
42.49,0.93,0.00
42.50,0.93,0.00
42.50,0.93,0.00
42.51,0.93,0.00
42.51,0.93,0.00
42.52,0.94,0.00
42.52,0.94,0.00
42.53,0.94,0.00
42.53,0.94,0.00
42.54,0.94,0.00
42.55,0.94,0.00
42.55,0.94,0.00
42.56,0.94,0.00
42.56,0.94,0.00
42.57,0.94,0.00
42.57,0.94,0.00
42.58,0.94,0.00
42.58,0.94,0.00
42.59,0.94,0.00
42.59,0.94,0.00
42.60,0.94,0.00
42.60,0.94,0.00
42.61,0.94,0.00
42.61,0.94,0.00
42.62,0.94,0.00
42.62,0.94,0.00
42.63,0.94,0.00
42.63,0.94,0.00
42.64,0.94,0.00
42.64,0.94,0.00
42.65,0.94,0.00
42.65,0.94,0.00
42.66,0.94,0.00
42.66,0.94,0.00
42.67,0.94,0.00
42.67,0.94,0.00
42.68,0.94,0.00
42.68,0.94,0.00
42.69,0.94,0.00
42.69,0.94,0.00
42.70,0.94,0.00
42.70,0.94,0.00
42.71,0.94,0.00
42.71,0.94,0.00
42.72,0.94,0.00
42.72,0.94,0.00
42.73,0.94,0.00
42.73,0.94,0.00
42.74,0.94,0.00
42.75,0.94,0.00
42.75,0.94,0.00
42.76,0.94,0.00
42.76,0.94,0.00
42.77,0.94,0.00
42.77,0.94,0.00
42.78,0.94,0.00
42.78,0.94,0.00
42.79,0.94,0.00
42.79,0.94,0.00
42.80,0.94,0.00
42.80,0.94,0.00
42.81,0.94,0.00
42.81,0.94,0.00
42.82,0.93,0.00
42.82,0.93,0.00
42.83,0.93,0.00
42.83,0.93,0.00
42.84,0.93,0.00
42.84,0.93,0.00
42.85,0.93,0.00
42.85,0.93,0.00
42.86,0.93,0.00
42.86,0.93,0.00
42.87,0.93,0.00
42.87,0.93,0.00
42.88,0.93,0.00
42.88,0.93,0.00
42.89,0.93,0.00
42.89,0.93,0.00
42.90,0.93,0.00
42.90,0.93,0.00
42.91,0.93,0.00
42.91,0.93,0.00
42.92,0.93,0.00
42.92,0.93,0.00
42.93,0.93,0.00
42.94,0.93,0.00
42.94,0.93,0.00
42.95,0.93,0.00
42.95,0.93,0.00
42.96,0.93,0.00
42.96,0.93,0.00
42.97,0.93,0.00
42.97,0.93,0.00
42.98,0.93,0.00
42.98,0.93,0.00
42.99,0.93,0.00
42.99,0.93,0.00
43.00,0.93,0.00
43.00,0.93,0.00
43.01,0.93,0.00
43.01,0.93,0.00
43.02,0.93,0.00
43.02,0.93,0.00
43.03,0.93,0.00
43.03,0.93,0.00
43.04,0.93,0.00
43.04,0.93,0.00
43.05,0.93,0.00
43.05,0.92,0.00
43.06,0.92,0.00
43.06,0.92,0.00
43.07,0.92,0.00
43.07,0.92,0.00
43.08,0.92,0.00
43.08,0.92,0.00
43.09,0.92,0.00
43.09,0.92,0.00
43.10,0.92,0.00
43.10,0.92,0.00
43.11,0.92,0.00
43.11,0.92,0.00
43.12,0.92,0.00
43.12,0.92,0.00
43.13,0.92,0.00
43.13,0.92,0.00
43.14,0.92,0.00
43.15,0.92,0.00
43.15,0.92,0.00
43.16,0.92,0.00
43.16,0.92,0.00
43.17,0.92,0.00
43.17,0.92,0.00
43.18,0.92,0.00
43.18,0.92,0.00
43.19,0.92,0.00
43.19,0.91,0.00
43.20,0.91,0.00
43.20,0.91,0.00
43.21,0.91,0.00
43.21,0.91,0.00
43.22,0.91,0.00
43.22,0.91,0.00
43.23,0.91,0.00
43.23,0.91,0.00
43.24,0.91,0.00
43.24,0.91,0.00
43.25,0.91,0.00
43.25,0.91,0.00
43.26,0.91,0.00
43.26,0.91,0.00
43.27,0.91,0.00
43.27,0.91,0.00
43.28,0.91,0.00
43.28,0.91,0.00
43.29,0.91,0.00
43.29,0.91,0.00
43.30,0.90,0.00
43.30,0.90,0.00
43.31,0.90,0.00
43.31,0.90,0.00
43.32,0.90,0.00
43.32,0.90,0.00
43.33,0.90,0.00
43.33,0.90,0.00
43.34,0.90,0.00
43.34,0.90,0.00
43.35,0.90,0.00
43.35,0.90,0.00
43.36,0.90,0.00
43.36,0.90,0.00
43.37,0.90,0.00
43.37,0.90,0.00
43.38,0.90,0.00
43.39,0.90,0.00
43.39,0.89,0.00
43.40,0.89,0.00
43.40,0.89,0.00
43.41,0.89,0.00
43.41,0.89,0.00
43.42,0.89,0.00
43.42,0.89,0.00
43.43,0.89,0.00
43.43,0.89,0.00
43.44,0.89,0.00
43.44,0.89,0.00
43.45,0.89,0.00
43.45,0.89,0.00
43.46,0.89,0.00
43.46,0.89,0.00
43.47,0.89,0.00
43.47,0.88,0.00
43.48,0.88,0.00
43.48,0.88,0.00
43.49,0.88,0.00
43.49,0.88,0.00
43.50,0.88,0.00
43.50,0.88,0.00
43.51,0.88,0.00
43.51,0.88,0.00
43.52,0.88,0.00
43.52,0.88,0.00
43.53,0.88,0.00
43.53,0.88,0.00
43.54,0.88,0.00
43.54,0.88,0.00
43.55,0.87,0.00
43.55,0.87,0.00
43.56,0.87,0.00
43.56,0.87,0.00
43.57,0.87,0.00
43.57,0.87,0.00
43.58,0.87,0.00
43.58,0.87,0.00
43.59,0.87,0.00
43.59,0.87,0.00
43.60,0.87,0.00
43.60,0.87,0.00
43.61,0.87,0.00
43.61,0.87,0.00
43.62,0.86,0.00
43.62,0.86,0.00
43.63,0.86,0.00
43.63,0.86,0.00
43.64,0.86,0.00
43.64,0.86,0.00
43.65,0.86,0.00
43.65,0.86,0.00
43.66,0.86,0.00
43.66,0.86,0.00
43.67,0.86,0.00
43.67,0.86,0.00
43.68,0.86,0.00
43.69,0.85,0.00
43.69,0.85,0.00
43.70,0.85,0.00
43.70,0.85,0.00
43.71,0.85,0.00
43.71,0.85,0.00
43.72,0.85,0.00
43.72,0.85,0.00
43.73,0.85,0.00
43.73,0.85,0.00
43.74,0.85,0.00
43.74,0.85,0.00
43.75,0.84,0.00
43.75,0.84,0.00
43.76,0.84,0.00
43.76,0.84,0.00
43.77,0.84,0.00
43.77,0.84,0.00
43.78,0.84,0.00
43.78,0.84,0.00
43.79,0.84,0.00
43.79,0.84,0.00
43.80,0.84,0.00
43.80,0.83,0.00
43.81,0.83,0.00
43.81,0.83,0.00
43.82,0.83,0.00
43.82,0.83,0.00
43.83,0.83,0.00
43.83,0.83,0.00
43.84,0.83,0.00
43.84,0.83,0.00
43.85,0.83,0.00
43.85,0.83,0.00
43.86,0.82,0.00
43.86,0.82,0.00
43.87,0.82,0.00
43.87,0.82,0.00
43.88,0.82,0.00
43.88,0.82,0.00
43.89,0.82,0.00
43.89,0.82,0.00
43.90,0.82,0.00
43.90,0.82,0.00
43.91,0.82,0.00
43.91,0.81,0.00
43.92,0.81,0.00
43.92,0.81,0.00
43.93,0.81,0.00
43.93,0.81,0.00
43.94,0.81,0.00
43.94,0.81,0.00
43.95,0.81,0.00
43.95,0.81,0.00
43.96,0.81,0.00
43.96,0.80,0.00
43.97,0.80,0.00
43.97,0.80,0.00
43.98,0.80,0.00
43.98,0.80,0.00
43.99,0.80,0.00
43.99,0.80,0.00
44.00,0.80,0.00
44.00,0.80,0.00
44.01,0.80,0.00
44.01,0.79,0.00
44.02,0.79,0.00
44.02,0.79,0.00
44.03,0.79,0.00
44.03,0.79,0.00
44.04,0.79,0.00
44.04,0.79,0.00
44.05,0.79,0.00
44.05,0.79,0.00
44.06,0.78,0.00
44.06,0.78,0.00
44.07,0.78,0.00
44.07,0.78,0.00
44.08,0.78,0.00
44.08,0.78,0.00
44.09,0.78,0.00
44.09,0.78,0.00
44.10,0.78,0.00
44.10,0.78,0.00
44.11,0.77,0.00
44.11,0.77,0.00
44.12,0.77,0.00
44.12,0.77,0.00
44.13,0.77,0.00
44.13,0.77,0.00
44.14,0.77,0.00
44.14,0.77,0.00
44.15,0.76,0.00
44.15,0.76,0.00
44.16,0.76,0.00
44.16,0.76,0.00
44.17,0.76,0.00
44.17,0.76,0.00
44.18,0.76,0.00
44.18,0.76,0.00
44.19,0.76,0.00
44.19,0.75,0.00
44.20,0.75,0.00
44.20,0.75,0.00
44.21,0.75,0.00
44.21,0.75,0.00
44.22,0.75,0.00
44.22,0.75,0.00
44.23,0.75,0.00
44.23,0.75,0.00
44.24,0.74,0.00
44.24,0.74,0.00
44.25,0.74,0.00
44.25,0.74,0.00
44.26,0.74,0.00
44.26,0.74,0.00
44.27,0.74,0.00
44.27,0.74,0.00
44.28,0.73,0.00
44.28,0.73,0.00
44.29,0.73,0.00
44.29,0.73,0.00
44.30,0.73,0.00
44.30,0.73,0.00
44.31,0.73,0.00
44.31,0.73,0.00
44.32,0.72,0.00
44.32,0.72,0.00
44.33,0.72,0.00
44.33,0.72,0.00
44.34,0.72,0.00
44.34,0.72,0.00
44.35,0.72,0.00
44.35,0.72,0.00
44.36,0.71,0.00
44.36,0.71,0.00
44.37,0.71,0.00
44.37,0.71,0.00
44.38,0.71,0.00
44.38,0.71,0.00
44.39,0.71,0.00
44.39,0.71,0.00
44.40,0.70,0.00
44.40,0.70,0.00
44.41,0.70,0.00
44.41,0.70,0.00
44.42,0.70,0.00
44.42,0.70,0.00
44.43,0.70,0.00
44.43,0.70,0.00
44.44,0.69,0.00
44.44,0.69,0.00
44.45,0.69,0.00
44.45,0.69,0.00
44.46,0.69,0.00
44.46,0.69,0.00
44.47,0.69,0.00
44.47,0.68,0.00
44.48,0.68,0.00
44.48,0.68,0.00
44.49,0.68,0.00
44.49,0.68,0.00
44.50,0.68,0.00
44.50,0.68,0.00
44.51,0.68,0.00
44.51,0.67,0.00
44.52,0.67,0.00
44.52,0.67,0.00
44.53,0.67,0.00
44.53,0.67,0.00
44.54,0.67,0.00
44.54,0.67,0.00
44.55,0.66,0.00
44.55,0.66,0.00
44.56,0.66,0.00
44.56,0.66,0.00
44.57,0.66,0.00
44.57,0.66,0.00
44.58,0.66,0.00
44.58,0.65,0.00
44.59,0.65,0.00
44.59,0.65,0.00
44.60,0.65,0.00
44.60,0.65,0.00
44.61,0.65,0.00
44.61,0.65,0.00
44.62,0.64,0.00
44.62,0.64,0.00
44.63,0.64,0.00
44.63,0.64,0.00
44.64,0.64,0.00
44.64,0.64,0.00
44.65,0.64,0.00
44.65,0.63,0.00
44.65,0.63,0.00
44.66,0.63,0.00
44.66,0.63,0.00
44.67,0.63,0.00
44.67,0.63,0.00
44.68,0.63,0.00
44.68,0.62,0.00
44.69,0.62,0.00
44.69,0.62,0.00
44.70,0.62,0.00
44.70,0.62,0.00
44.71,0.62,0.00
44.71,0.62,0.00
44.72,0.61,0.00
44.72,0.61,0.00
44.73,0.61,0.00
44.73,0.61,0.00
44.74,0.61,0.00
44.74,0.61,0.00
44.75,0.61,0.00
44.75,0.60,0.00
44.76,0.60,0.00
44.76,0.60,0.00
44.77,0.60,0.00
44.77,0.60,0.00
44.78,0.60,0.00
44.78,0.59,0.00
44.79,0.59,0.00
44.79,0.59,0.00
44.80,0.59,0.00
44.80,0.59,0.00
44.81,0.59,0.00
44.81,0.59,0.00
44.82,0.58,0.00
44.82,0.58,0.00
44.83,0.58,0.00
44.83,0.58,0.00
44.84,0.58,0.00
44.84,0.58,0.00
44.85,0.57,0.00
44.85,0.57,0.00
44.86,0.57,0.00
44.86,0.57,0.00
44.87,0.57,0.00
44.87,0.57,0.00
44.88,0.57,0.00
44.88,0.56,0.00
44.89,0.56,0.00
44.89,0.56,0.00
44.90,0.56,0.00
44.90,0.56,0.00
44.90,0.56,0.00
44.91,0.55,0.00
44.91,0.55,0.00
44.92,0.55,0.00
44.92,0.55,0.00
44.93,0.55,0.00
44.93,0.55,0.00
44.94,0.54,0.00
44.94,0.54,0.00
44.95,0.54,0.00
44.95,0.54,0.00
44.96,0.54,0.00
44.96,0.54,0.00
44.97,0.53,0.00
44.97,0.53,0.00
44.98,0.53,0.00
44.98,0.53,0.00
44.99,0.53,0.00
44.99,0.53,0.00
45.00,0.52,0.00
45.00,0.52,0.00
45.01,0.52,0.00
45.01,0.52,0.00
45.02,0.52,0.00
45.02,0.52,0.00
45.03,0.52,0.00
45.03,0.51,0.00
45.04,0.51,0.00
45.04,0.51,0.00
45.05,0.51,0.00
45.05,0.51,0.00
45.06,0.51,0.00
45.06,0.50,0.00
45.07,0.50,0.00
45.07,0.50,0.00
45.08,0.50,0.00
45.08,0.50,0.00
45.08,0.49,0.00
45.09,0.49,0.00
45.09,0.49,0.00
45.10,0.49,0.00
45.10,0.49,0.00
45.11,0.49,0.00
45.11,0.48,0.00
45.12,0.48,0.00
45.12,0.48,0.00
45.13,0.48,0.00
45.13,0.48,0.00
45.14,0.48,0.00
45.14,0.47,0.00
45.15,0.47,0.00
45.15,0.47,0.00
45.16,0.47,0.00
45.16,0.47,0.00
45.17,0.47,0.00
45.17,0.46,0.00
45.18,0.46,0.00
45.18,0.46,0.00
45.19,0.46,0.00
45.19,0.46,0.00
45.20,0.46,0.00
45.20,0.45,0.00
45.21,0.45,0.00
45.21,0.45,0.00
45.22,0.45,0.00
45.22,0.45,0.00
45.22,0.45,0.00
45.23,0.44,0.00
45.23,0.44,0.00
45.24,0.44,0.00
45.24,0.44,0.00
45.25,0.44,0.00
45.25,0.43,0.00
45.26,0.43,0.00
45.26,0.43,0.00
45.27,0.43,0.00
45.27,0.43,0.00
45.28,0.43,0.00
45.28,0.42,0.00
45.29,0.42,0.00
45.29,0.42,0.00
45.30,0.42,0.00
45.30,0.42,0.00
45.31,0.41,0.00
45.31,0.41,0.00
45.32,0.41,0.00
45.32,0.41,0.00
45.33,0.41,0.00
45.33,0.41,0.00
45.34,0.40,0.00
45.34,0.40,0.00
45.35,0.40,0.00
45.35,0.40,0.00
45.35,0.40,0.00
45.36,0.39,0.00
45.36,0.39,0.00
45.37,0.39,0.00
45.37,0.39,0.00
45.38,0.39,0.00
45.38,0.39,0.00
45.39,0.38,0.00
45.39,0.38,0.00
45.40,0.38,0.00
45.40,0.38,0.00
45.41,0.38,0.00
45.41,0.37,0.00
45.42,0.37,0.00
45.42,0.37,0.00
45.43,0.37,0.00
45.43,0.37,0.00
45.44,0.37,0.00
45.44,0.36,0.00
45.45,0.36,0.00
45.45,0.36,0.00
45.46,0.36,0.00
45.46,0.36,0.00
45.46,0.35,0.00
45.47,0.35,0.00
45.47,0.35,0.00
45.48,0.35,0.00
45.48,0.35,0.00
45.49,0.34,0.00
45.49,0.34,0.00
45.50,0.34,0.00
45.50,0.34,0.00
45.51,0.34,0.00
45.51,0.34,0.00
45.52,0.33,0.00
45.52,0.33,0.00
45.53,0.33,0.00
45.53,0.33,0.00
45.54,0.33,0.00
45.54,0.32,0.00
45.55,0.32,0.00
45.55,0.32,0.00
45.56,0.32,0.00
45.56,0.32,0.00
45.57,0.31,0.00
45.57,0.31,0.00
45.57,0.31,0.00
45.58,0.31,0.00
45.58,0.31,0.00
45.59,0.30,0.00
45.59,0.30,0.00
45.60,0.30,0.00
45.60,0.30,0.00
45.61,0.30,0.00
45.61,0.30,0.00
45.62,0.29,0.00
45.62,0.29,0.00
45.63,0.29,0.00
45.63,0.29,0.00
45.64,0.29,0.00
45.64,0.28,0.00
45.65,0.28,0.00
45.65,0.28,0.00
45.66,0.28,0.00
45.66,0.28,0.00
45.66,0.27,0.00
45.67,0.27,0.00
45.67,0.27,0.00
45.68,0.27,0.00
45.68,0.27,0.00
45.69,0.26,0.00
45.69,0.26,0.00
45.70,0.26,0.00
45.70,0.26,0.00
45.71,0.26,0.00
45.71,0.25,0.00
45.72,0.25,0.00
45.72,0.25,0.00
45.73,0.25,0.00
45.73,0.25,0.00
45.74,0.24,0.00
45.74,0.24,0.00
45.75,0.24,0.00
45.75,0.24,0.00
45.75,0.24,0.00
45.76,0.23,0.00
45.76,0.23,0.00
45.77,0.23,0.00
45.77,0.23,0.00
45.78,0.23,0.00
45.78,0.22,0.00
45.79,0.22,0.00
45.79,0.22,0.00
45.80,0.22,0.00
45.80,0.22,0.00
45.81,0.21,0.00
45.81,0.21,0.00
45.82,0.21,0.00
45.82,0.21,0.00
45.83,0.21,0.00
45.83,0.20,0.00
45.84,0.20,0.00
45.84,0.20,0.00
45.84,0.20,0.00
45.85,0.20,0.00
45.85,0.19,0.00
45.86,0.19,0.00
45.86,0.19,0.00
45.87,0.19,0.00
45.87,0.19,0.00
45.88,0.18,0.00
45.88,0.18,0.00
45.89,0.18,0.00
45.89,0.18,0.00
45.90,0.18,0.00
45.90,0.17,0.00
45.91,0.17,0.00
45.91,0.17,0.00
45.92,0.17,0.00
45.92,0.17,0.00
45.92,0.16,0.00
45.93,0.16,0.00
45.93,0.16,0.00
45.94,0.16,0.00
45.94,0.15,0.00
45.95,0.15,0.00
45.95,0.15,0.00
45.96,0.15,0.00
45.96,0.15,0.00
45.97,0.14,0.00
45.97,0.14,0.00
45.98,0.14,0.00
45.98,0.14,0.00
45.99,0.14,0.00
45.99,0.13,0.00
45.99,0.13,0.00
46.00,0.13,0.00
46.00,0.13,0.00
46.01,0.13,0.00
46.01,0.12,0.00
46.02,0.12,0.00
46.02,0.12,0.00
46.03,0.12,0.00
46.03,0.12,0.00
46.04,0.11,0.00
46.04,0.11,0.00
46.05,0.11,0.00
46.05,0.11,0.00
46.06,0.10,0.00
46.06,0.10,0.00
46.06,0.10,0.00
46.07,0.10,0.00
46.07,0.10,0.00
46.08,0.09,0.00
46.08,0.09,0.00
46.09,0.09,0.00
46.09,0.09,0.00
46.10,0.09,0.00
46.10,0.08,0.00
46.11,0.08,0.00
46.11,0.08,0.00
46.12,0.08,0.00
46.12,0.07,0.00
46.13,0.07,0.00
46.13,0.07,0.00
46.14,0.07,0.00
46.14,0.07,0.00
46.14,0.06,0.00
46.15,0.06,0.00
46.15,0.06,0.00
46.16,0.06,0.00
46.16,0.06,0.00
46.17,0.05,0.00
46.17,0.05,0.00
46.18,0.05,0.00
46.18,0.05,0.00
46.19,0.04,0.00
46.19,0.04,0.00
46.20,0.04,0.00
46.20,0.04,0.00
46.20,0.04,0.00
46.21,0.03,0.00
46.21,0.03,0.00
46.22,0.03,0.00
46.22,0.03,0.00
46.23,0.03,0.00
46.23,0.02,0.00
46.24,0.02,0.00
46.24,0.02,0.00
46.25,0.02,0.00
46.25,0.01,0.00
46.26,0.01,0.00
46.26,0.01,0.00
46.27,0.01,0.00
46.27,0.01,0.00
46.27,0.00,0.00
46.28,0.00,0.00
46.28,-0.00,0.00
46.29,-0.00,0.00
46.29,-0.01,0.00
46.30,-0.01,0.00
46.30,-0.01,0.00
46.31,-0.01,0.00
46.31,-0.01,0.00
46.32,-0.02,0.00
46.32,-0.02,0.00
46.33,-0.02,0.00
46.33,-0.02,0.00
46.33,-0.03,0.00
46.34,-0.03,0.00
46.34,-0.03,0.00
46.35,-0.03,0.00
46.35,-0.03,0.00
46.36,-0.04,0.00
46.36,-0.04,0.00
46.37,-0.04,0.00
46.37,-0.04,0.00
46.38,-0.05,0.00
46.38,-0.05,0.00
46.39,-0.05,0.00
46.39,-0.05,0.00
46.39,-0.05,0.00
46.40,-0.06,0.00
46.40,-0.06,0.00
46.41,-0.06,0.00
46.41,-0.06,0.00
46.42,-0.07,0.00
46.42,-0.07,0.00
46.43,-0.07,0.00
46.43,-0.07,0.00
46.44,-0.07,0.00
46.44,-0.08,0.00
46.45,-0.08,0.00
46.45,-0.08,0.00
46.45,-0.08,0.00
46.46,-0.09,0.00
46.46,-0.09,0.00
46.47,-0.09,0.00
46.47,-0.09,0.00
46.48,-0.09,0.00
46.48,-0.10,0.00
46.49,-0.10,0.00
46.49,-0.10,0.00
46.50,-0.10,0.00
46.50,-0.11,0.00
46.51,-0.11,0.00
46.51,-0.11,0.00
46.51,-0.11,0.00
46.52,-0.11,0.00
46.52,-0.12,0.00
46.53,-0.12,0.00
46.53,-0.12,0.00
46.54,-0.12,0.00
46.54,-0.13,0.00
46.55,-0.13,0.00
46.55,-0.13,0.00
46.56,-0.13,0.00
46.56,-0.14,0.00
46.57,-0.14,0.00
46.57,-0.14,0.00
46.57,-0.14,0.00
46.58,-0.14,0.00
46.58,-0.15,0.00
46.59,-0.15,0.00
46.59,-0.15,0.00
46.60,-0.15,0.00
46.60,-0.16,0.00
46.61,-0.16,0.00
46.61,-0.16,0.00
46.62,-0.16,0.00
46.62,-0.17,0.00
46.63,-0.17,0.00
46.63,-0.17,0.00
46.63,-0.17,0.00
46.64,-0.17,0.00
46.64,-0.18,0.00
46.65,-0.18,0.00
46.65,-0.18,0.00
46.66,-0.18,0.00
46.66,-0.19,0.00
46.67,-0.19,0.00
46.67,-0.19,0.00
46.68,-0.19,0.00
46.68,-0.19,0.00
46.68,-0.20,0.00
46.69,-0.20,0.00
46.69,-0.20,0.00
46.70,-0.20,0.00
46.70,-0.21,0.00
46.71,-0.21,0.00
46.71,-0.21,0.00
46.72,-0.21,0.00
46.72,-0.22,0.00
46.73,-0.22,0.00
46.73,-0.22,0.00
46.74,-0.22,0.00
46.74,-0.23,0.00
46.74,-0.23,0.00
46.75,-0.23,0.00
46.75,-0.23,0.00
46.76,-0.23,0.00
46.76,-0.24,0.00
46.77,-0.24,0.00
46.77,-0.24,0.00
46.78,-0.24,0.00
46.78,-0.25,0.00
46.79,-0.25,0.00
46.79,-0.25,0.00
46.79,-0.25,0.00
46.80,-0.26,0.00
46.80,-0.26,0.00
46.81,-0.26,0.00
46.81,-0.26,0.00
46.82,-0.26,0.00
46.82,-0.27,0.00
46.83,-0.27,0.00
46.83,-0.27,0.00
46.84,-0.27,0.00
46.84,-0.28,0.00
46.84,-0.28,0.00
46.85,-0.28,0.00
46.85,-0.28,0.00
46.86,-0.29,0.00
46.86,-0.29,0.00
27.46,-3.07,0.00
27.47,-3.07,0.00
27.47,-3.07,0.00
27.47,-3.07,0.00
27.48,-3.08,0.00
27.48,-3.08,0.00
27.49,-3.08,0.00
27.49,-3.08,0.00
27.50,-3.09,0.00
27.50,-3.09,0.00
27.50,-3.09,0.00
27.51,-3.09,0.00
27.51,-3.10,0.00
27.52,-3.10,0.00
27.52,-3.10,0.00
27.53,-3.10,0.00
27.53,-3.10,0.00
27.53,-3.11,0.00
27.54,-3.11,0.00
27.54,-3.11,0.00
27.55,-3.11,0.00
27.55,-3.12,0.00
27.56,-3.12,0.00
27.56,-3.12,0.00
27.56,-3.12,0.00
27.57,-3.12,0.00
27.57,-3.13,0.00
27.58,-3.13,0.00
27.58,-3.13,0.00
27.59,-3.13,0.00
27.59,-3.14,0.00
27.59,-3.14,0.00
27.60,-3.14,0.00
27.60,-3.14,0.00
27.61,-3.15,0.00
27.61,-3.15,0.00
27.62,-3.15,0.00
27.62,-3.15,0.00
27.62,-3.15,0.00
27.63,-3.16,0.00
27.63,-3.16,0.00
27.64,-3.16,0.00
27.64,-3.16,0.00
27.65,-3.17,0.00
27.65,-3.17,0.00
27.66,-3.17,0.00
27.66,-3.17,0.00
27.66,-3.17,0.00
27.67,-3.18,0.00
27.67,-3.18,0.00
27.68,-3.18,0.00
27.68,-3.18,0.00
27.69,-3.19,0.00
27.69,-3.19,0.00
27.69,-3.19,0.00
27.70,-3.19,0.00
27.70,-3.19,0.00
27.71,-3.20,0.00
27.71,-3.20,0.00
27.72,-3.20,0.00
27.72,-3.20,0.00
27.72,-3.21,0.00
27.73,-3.21,0.00
27.73,-3.21,0.00
27.74,-3.21,0.00
27.74,-3.22,0.00
27.75,-3.22,0.00
27.75,-3.22,0.00
27.75,-3.22,0.00
27.76,-3.22,0.00
27.76,-3.23,0.00
27.77,-3.23,0.00
27.77,-3.23,0.00
27.78,-3.23,0.00
27.78,-3.24,0.00
27.78,-3.24,0.00
27.79,-3.24,0.00
27.79,-3.24,0.00
27.80,-3.24,0.00
27.80,-3.25,0.00
27.81,-3.25,0.00
27.81,-3.25,0.00
27.81,-3.25,0.00
27.82,-3.26,0.00
27.82,-3.26,0.00
27.83,-3.26,0.00
27.83,-3.26,0.00
27.84,-3.26,0.00
27.84,-3.27,0.00
27.84,-3.27,0.00
27.85,-3.27,0.00
27.85,-3.27,0.00
27.86,-3.28,0.00
27.86,-3.28,0.00
27.87,-3.28,0.00
27.87,-3.28,0.00
27.87,-3.28,0.00
27.88,-3.29,0.00
27.88,-3.29,0.00
27.89,-3.29,0.00
27.89,-3.29,0.00
27.90,-3.30,0.00
27.90,-3.30,0.00
27.91,-3.30,0.00
27.91,-3.30,0.00
27.91,-3.30,0.00
27.92,-3.31,0.00
27.92,-3.31,0.00
27.93,-3.31,0.00
27.93,-3.31,0.00
27.94,-3.31,0.00
27.94,-3.32,0.00
27.94,-3.32,0.00
27.95,-3.32,0.00
27.95,-3.32,0.00
27.96,-3.33,0.00
27.96,-3.33,0.00
27.97,-3.33,0.00
27.97,-3.33,0.00
27.97,-3.33,0.00
27.98,-3.34,0.00
27.98,-3.34,0.00
27.99,-3.34,0.00
27.99,-3.34,0.00
28.00,-3.35,0.00
28.00,-3.35,0.00
28.00,-3.35,0.00
28.01,-3.35,0.00
28.01,-3.35,0.00
28.02,-3.36,0.00
28.02,-3.36,0.00
28.03,-3.36,0.00
28.03,-3.36,0.00
28.04,-3.37,0.00
28.04,-3.37,0.00
28.04,-3.37,0.00
28.05,-3.37,0.00
28.05,-3.37,0.00
28.06,-3.38,0.00
28.06,-3.38,0.00
28.07,-3.38,0.00
28.07,-3.38,0.00
28.07,-3.38,0.00
28.08,-3.39,0.00
28.08,-3.39,0.00
28.09,-3.39,0.00
28.09,-3.39,0.00
28.10,-3.40,0.00
28.10,-3.40,0.00
28.10,-3.40,0.00
28.11,-3.40,0.00
28.11,-3.40,0.00
28.12,-3.41,0.00
28.12,-3.41,0.00
28.13,-3.41,0.00
28.13,-3.41,0.00
28.14,-3.41,0.00
28.14,-3.42,0.00
28.14,-3.42,0.00
28.15,-3.42,0.00
28.15,-3.42,0.00
28.16,-3.43,0.00
28.16,-3.43,0.00
28.17,-3.43,0.00
28.17,-3.43,0.00
28.17,-3.43,0.00
28.18,-3.44,0.00
28.18,-3.44,0.00
28.19,-3.44,0.00
28.19,-3.44,0.00
28.20,-3.44,0.00
28.20,-3.45,0.00
28.21,-3.45,0.00
28.21,-3.45,0.00
28.21,-3.45,0.00
28.22,-3.46,0.00
28.22,-3.46,0.00
28.23,-3.46,0.00
28.23,-3.46,0.00
28.24,-3.46,0.00
28.24,-3.47,0.00
28.24,-3.47,0.00
28.25,-3.47,0.00
28.25,-3.47,0.00
28.26,-3.47,0.00
28.26,-3.48,0.00
28.27,-3.48,0.00
28.27,-3.48,0.00
28.28,-3.48,0.00
28.28,-3.48,0.00
28.28,-3.49,0.00
28.29,-3.49,0.00
28.29,-3.49,0.00
28.30,-3.49,0.00
28.30,-3.50,0.00
28.31,-3.50,0.00
28.31,-3.50,0.00
28.31,-3.50,0.00
28.32,-3.50,0.00
28.32,-3.51,0.00
28.33,-3.51,0.00
28.33,-3.51,0.00
28.34,-3.51,0.00
28.34,-3.51,0.00
28.35,-3.52,0.00
28.35,-3.52,0.00
28.35,-3.52,0.00
28.36,-3.52,0.00
28.36,-3.52,0.00
28.37,-3.53,0.00
28.37,-3.53,0.00
28.38,-3.53,0.00
28.38,-3.53,0.00
28.38,-3.54,0.00
28.39,-3.54,0.00
28.39,-3.54,0.00
28.40,-3.54,0.00
28.40,-3.54,0.00
28.41,-3.55,0.00
28.41,-3.55,0.00
28.42,-3.55,0.00
28.42,-3.55,0.00
28.42,-3.55,0.00
28.43,-3.56,0.00
28.43,-3.56,0.00
28.44,-3.56,0.00
28.44,-3.56,0.00
28.45,-3.56,0.00
28.45,-3.57,0.00
28.46,-3.57,0.00
28.46,-3.57,0.00
28.46,-3.57,0.00
28.47,-3.57,0.00
28.47,-3.58,0.00
28.48,-3.58,0.00
28.48,-3.58,0.00
28.49,-3.58,0.00
28.49,-3.58,0.00
28.49,-3.59,0.00
28.50,-3.59,0.00
28.50,-3.59,0.00
28.51,-3.59,0.00
28.51,-3.59,0.00
28.52,-3.60,0.00
28.52,-3.60,0.00
28.53,-3.60,0.00
28.53,-3.60,0.00
28.53,-3.60,0.00
28.54,-3.61,0.00
28.54,-3.61,0.00
28.55,-3.61,0.00
28.55,-3.61,0.00
28.56,-3.61,0.00
28.56,-3.62,0.00
28.57,-3.62,0.00
28.57,-3.62,0.00
28.57,-3.62,0.00
28.58,-3.62,0.00
28.58,-3.63,0.00
28.59,-3.63,0.00
28.59,-3.63,0.00
28.60,-3.63,0.00
28.60,-3.63,0.00
28.61,-3.64,0.00
28.61,-3.64,0.00
28.61,-3.64,0.00
28.62,-3.64,0.00
28.62,-3.64,0.00
28.63,-3.65,0.00
28.63,-3.65,0.00
28.64,-3.65,0.00
28.64,-3.65,0.00
28.65,-3.65,0.00
28.65,-3.66,0.00
28.65,-3.66,0.00
28.66,-3.66,0.00
28.66,-3.66,0.00
28.67,-3.66,0.00
28.67,-3.67,0.00
28.68,-3.67,0.00
28.68,-3.67,0.00
28.69,-3.67,0.00
28.69,-3.67,0.00
28.69,-3.68,0.00
28.70,-3.68,0.00
28.70,-3.68,0.00
28.71,-3.68,0.00
28.71,-3.68,0.00
28.72,-3.69,0.00
28.72,-3.69,0.00
28.73,-3.69,0.00
28.73,-3.69,0.00
28.73,-3.69,0.00
28.74,-3.70,0.00
28.74,-3.70,0.00
28.75,-3.70,0.00
28.75,-3.70,0.00
28.76,-3.70,0.00
28.76,-3.71,0.00
28.77,-3.71,0.00
28.77,-3.71,0.00
28.77,-3.71,0.00
28.78,-3.71,0.00
28.78,-3.72,0.00
28.79,-3.72,0.00
28.79,-3.72,0.00
28.80,-3.72,0.00
28.80,-3.72,0.00
28.81,-3.72,0.00
28.81,-3.73,0.00
28.81,-3.73,0.00
28.82,-3.73,0.00
28.82,-3.73,0.00
28.83,-3.73,0.00
28.83,-3.74,0.00
28.84,-3.74,0.00
28.84,-3.74,0.00
28.85,-3.74,0.00
28.85,-3.74,0.00
28.85,-3.75,0.00
28.86,-3.75,0.00
28.86,-3.75,0.00
28.87,-3.75,0.00
28.87,-3.75,0.00
28.88,-3.76,0.00
28.88,-3.76,0.00
28.89,-3.76,0.00
28.89,-3.76,0.00
28.89,-3.76,0.00
28.90,-3.76,0.00
28.90,-3.77,0.00
28.91,-3.77,0.00
28.91,-3.77,0.00
28.92,-3.77,0.00
28.92,-3.77,0.00
28.93,-3.78,0.00
28.93,-3.78,0.00
28.94,-3.78,0.00
28.94,-3.78,0.00
28.94,-3.78,0.00
28.95,-3.79,0.00
28.95,-3.79,0.00
28.96,-3.79,0.00
28.96,-3.79,0.00
28.97,-3.79,0.00
28.97,-3.79,0.00
28.98,-3.80,0.00
28.98,-3.80,0.00
28.98,-3.80,0.00
28.99,-3.80,0.00
28.99,-3.80,0.00
29.00,-3.81,0.00
29.00,-3.81,0.00
29.01,-3.81,0.00
29.01,-3.81,0.00
29.02,-3.81,0.00
29.02,-3.82,0.00
29.03,-3.82,0.00
29.03,-3.82,0.00
29.03,-3.82,0.00
29.04,-3.82,0.00
29.04,-3.82,0.00
29.05,-3.83,0.00
29.05,-3.83,0.00
29.06,-3.83,0.00
29.06,-3.83,0.00
29.07,-3.83,0.00
29.07,-3.84,0.00
29.07,-3.84,0.00
29.08,-3.84,0.00
29.08,-3.84,0.00
29.09,-3.84,0.00
29.09,-3.84,0.00
29.10,-3.85,0.00
29.10,-3.85,0.00
29.11,-3.85,0.00
29.11,-3.85,0.00
29.12,-3.85,0.00
29.12,-3.85,0.00
29.12,-3.86,0.00
29.13,-3.86,0.00
29.13,-3.86,0.00
29.14,-3.86,0.00
29.14,-3.86,0.00
29.15,-3.87,0.00
29.15,-3.87,0.00
29.16,-3.87,0.00
29.16,-3.87,0.00
29.17,-3.87,0.00
29.17,-3.87,0.00
29.17,-3.88,0.00
29.18,-3.88,0.00
29.18,-3.88,0.00
29.19,-3.88,0.00
29.19,-3.88,0.00
29.20,-3.88,0.00
29.20,-3.89,0.00
29.21,-3.89,0.00
29.21,-3.89,0.00
29.21,-3.89,0.00
29.22,-3.89,0.00
29.22,-3.90,0.00
29.23,-3.90,0.00
29.23,-3.90,0.00
29.24,-3.90,0.00
29.24,-3.90,0.00
29.25,-3.90,0.00
29.25,-3.91,0.00
29.26,-3.91,0.00
29.26,-3.91,0.00
29.26,-3.91,0.00
29.27,-3.91,0.00
29.27,-3.91,0.00
29.28,-3.92,0.00
29.28,-3.92,0.00
29.29,-3.92,0.00
29.29,-3.92,0.00
29.30,-3.92,0.00
29.30,-3.92,0.00
29.31,-3.93,0.00
29.31,-3.93,0.00
29.31,-3.93,0.00
29.32,-3.93,0.00
29.32,-3.93,0.00
29.33,-3.93,0.00
29.33,-3.94,0.00
29.34,-3.94,0.00
29.34,-3.94,0.00
29.35,-3.94,0.00
29.35,-3.94,0.00
29.36,-3.94,0.00
29.36,-3.95,0.00
29.37,-3.95,0.00
29.37,-3.95,0.00
29.37,-3.95,0.00
29.38,-3.95,0.00
29.38,-3.95,0.00
29.39,-3.96,0.00
29.39,-3.96,0.00
29.40,-3.96,0.00
29.40,-3.96,0.00
29.41,-3.96,0.00
29.41,-3.96,0.00
29.42,-3.97,0.00
29.42,-3.97,0.00
29.42,-3.97,0.00
29.43,-3.97,0.00
29.43,-3.97,0.00
29.44,-3.97,0.00
29.44,-3.98,0.00
29.45,-3.98,0.00
29.45,-3.98,0.00
29.46,-3.98,0.00
29.46,-3.98,0.00
29.47,-3.98,0.00
29.47,-3.99,0.00
29.47,-3.99,0.00
29.48,-3.99,0.00
29.48,-3.99,0.00
29.49,-3.99,0.00
29.49,-3.99,0.00
29.50,-4.00,0.00
29.50,-4.00,0.00
29.51,-4.00,0.00
29.51,-4.00,0.00
29.52,-4.00,0.00
29.52,-4.00,0.00
29.53,-4.01,0.00
29.53,-4.01,0.00
29.53,-4.01,0.00
29.54,-4.01,0.00
29.54,-4.01,0.00
29.55,-4.01,0.00
29.55,-4.01,0.00
29.56,-4.02,0.00
29.56,-4.02,0.00
29.57,-4.02,0.00
29.57,-4.02,0.00
29.58,-4.02,0.00
29.58,-4.02,0.00
29.58,-4.03,0.00
29.59,-4.03,0.00
29.59,-4.03,0.00
29.60,-4.03,0.00
29.60,-4.03,0.00
29.61,-4.03,0.00
29.61,-4.03,0.00
29.62,-4.04,0.00
29.62,-4.04,0.00
29.63,-4.04,0.00
29.63,-4.04,0.00
29.64,-4.04,0.00
29.64,-4.04,0.00
29.64,-4.05,0.00
29.65,-4.05,0.00
29.65,-4.05,0.00
29.66,-4.05,0.00
29.66,-4.05,0.00
29.67,-4.05,0.00
29.67,-4.05,0.00
29.68,-4.06,0.00
29.68,-4.06,0.00
29.69,-4.06,0.00
29.69,-4.06,0.00
29.70,-4.06,0.00
29.70,-4.06,0.00
29.70,-4.06,0.00
29.71,-4.07,0.00
29.71,-4.07,0.00
29.72,-4.07,0.00
29.72,-4.07,0.00
29.73,-4.07,0.00
29.73,-4.07,0.00
29.74,-4.08,0.00
29.74,-4.08,0.00
29.75,-4.08,0.00
29.75,-4.08,0.00
29.76,-4.08,0.00
29.76,-4.08,0.00
29.77,-4.08,0.00
29.77,-4.09,0.00
29.77,-4.09,0.00
29.78,-4.09,0.00
29.78,-4.09,0.00
29.79,-4.09,0.00
29.79,-4.09,0.00
29.80,-4.09,0.00
29.80,-4.10,0.00
29.81,-4.10,0.00
29.81,-4.10,0.00
29.82,-4.10,0.00
29.82,-4.10,0.00
29.83,-4.10,0.00
29.83,-4.10,0.00
29.83,-4.11,0.00
29.84,-4.11,0.00
29.84,-4.11,0.00
29.85,-4.11,0.00
29.85,-4.11,0.00
29.86,-4.11,0.00
29.86,-4.11,0.00
29.87,-4.12,0.00
29.87,-4.12,0.00
29.88,-4.12,0.00
29.88,-4.12,0.00
29.89,-4.12,0.00
29.89,-4.12,0.00
29.90,-4.12,0.00
29.90,-4.12,0.00
29.90,-4.13,0.00
29.91,-4.13,0.00
29.91,-4.13,0.00
29.92,-4.13,0.00
29.92,-4.13,0.00
29.93,-4.13,0.00
29.93,-4.13,0.00
29.94,-4.14,0.00
29.94,-4.14,0.00
29.95,-4.14,0.00
29.95,-4.14,0.00
29.96,-4.14,0.00
29.96,-4.14,0.00
29.97,-4.14,0.00
29.97,-4.15,0.00
29.97,-4.15,0.00
29.98,-4.15,0.00
29.98,-4.15,0.00
29.99,-4.15,0.00
29.99,-4.15,0.00
30.00,-4.15,0.00
30.00,-4.15,0.00
30.01,-4.16,0.00
30.01,-4.16,0.00
30.02,-4.16,0.00
30.02,-4.16,0.00
30.03,-4.16,0.00
30.03,-4.16,0.00
30.04,-4.16,0.00
30.04,-4.16,0.00
30.04,-4.17,0.00
30.05,-4.17,0.00
30.05,-4.17,0.00
30.06,-4.17,0.00
30.06,-4.17,0.00
30.07,-4.17,0.00
30.07,-4.17,0.00
30.08,-4.17,0.00
30.08,-4.18,0.00
30.09,-4.18,0.00
30.09,-4.18,0.00
30.10,-4.18,0.00
30.10,-4.18,0.00
30.11,-4.18,0.00
30.11,-4.18,0.00
30.12,-4.18,0.00
30.12,-4.19,0.00
30.12,-4.19,0.00
30.13,-4.19,0.00
30.13,-4.19,0.00
30.14,-4.19,0.00
30.14,-4.19,0.00
30.15,-4.19,0.00
30.15,-4.19,0.00
30.16,-4.20,0.00
30.16,-4.20,0.00
30.17,-4.20,0.00
30.17,-4.20,0.00
30.18,-4.20,0.00
30.18,-4.20,0.00
30.19,-4.20,0.00
30.19,-4.20,0.00
30.20,-4.21,0.00
30.20,-4.21,0.00
30.20,-4.21,0.00
30.21,-4.21,0.00
30.21,-4.21,0.00
30.22,-4.21,0.00
30.22,-4.21,0.00
30.23,-4.21,0.00
30.23,-4.21,0.00
30.24,-4.22,0.00
30.24,-4.22,0.00
30.25,-4.22,0.00
30.25,-4.22,0.00
30.26,-4.22,0.00
30.26,-4.22,0.00
30.27,-4.22,0.00
30.27,-4.22,0.00
30.28,-4.22,0.00
30.28,-4.23,0.00
30.28,-4.23,0.00
30.29,-4.23,0.00
30.29,-4.23,0.00
30.30,-4.23,0.00
30.30,-4.23,0.00
30.31,-4.23,0.00
30.31,-4.23,0.00
30.32,-4.23,0.00
30.32,-4.24,0.00
30.33,-4.24,0.00
30.33,-4.24,0.00
30.34,-4.24,0.00
30.34,-4.24,0.00
30.35,-4.24,0.00
30.35,-4.24,0.00
30.36,-4.24,0.00
30.36,-4.24,0.00
30.37,-4.25,0.00
30.37,-4.25,0.00
30.37,-4.25,0.00
30.38,-4.25,0.00
30.38,-4.25,0.00
30.39,-4.25,0.00
30.39,-4.25,0.00
30.40,-4.25,0.00
30.40,-4.25,0.00
30.41,-4.26,0.00
30.41,-4.26,0.00
30.42,-4.26,0.00
30.42,-4.26,0.00
30.43,-4.26,0.00
30.43,-4.26,0.00
30.44,-4.26,0.00
30.44,-4.26,0.00
30.45,-4.26,0.00
30.45,-4.26,0.00
30.46,-4.27,0.00
30.46,-4.27,0.00
30.47,-4.27,0.00
30.47,-4.27,0.00
30.47,-4.27,0.00
30.48,-4.27,0.00
30.48,-4.27,0.00
30.49,-4.27,0.00
30.49,-4.27,0.00
30.50,-4.27,0.00
30.50,-4.28,0.00
30.51,-4.28,0.00
30.51,-4.28,0.00
30.52,-4.28,0.00
30.52,-4.28,0.00
30.53,-4.28,0.00
30.53,-4.28,0.00
30.54,-4.28,0.00
30.54,-4.28,0.00
30.55,-4.28,0.00
30.55,-4.28,0.00
30.56,-4.29,0.00
30.56,-4.29,0.00
30.57,-4.29,0.00
30.57,-4.29,0.00
30.57,-4.29,0.00
30.58,-4.29,0.00
30.58,-4.29,0.00
30.59,-4.29,0.00
30.59,-4.29,0.00
30.60,-4.29,0.00
30.60,-4.29,0.00
30.61,-4.30,0.00
30.61,-4.30,0.00
30.62,-4.30,0.00
30.62,-4.30,0.00
30.63,-4.30,0.00
30.63,-4.30,0.00
30.64,-4.30,0.00
30.64,-4.30,0.00
30.65,-4.30,0.00
30.65,-4.30,0.00
30.66,-4.30,0.00
30.66,-4.31,0.00
30.67,-4.31,0.00
30.67,-4.31,0.00
30.68,-4.31,0.00
30.68,-4.31,0.00
30.68,-4.31,0.00
30.69,-4.31,0.00
30.69,-4.31,0.00
30.70,-4.31,0.00
30.70,-4.31,0.00
30.71,-4.31,0.00
30.71,-4.31,0.00
30.72,-4.32,0.00
30.72,-4.32,0.00
30.73,-4.32,0.00
30.73,-4.32,0.00
30.74,-4.32,0.00
30.74,-4.32,0.00
30.75,-4.32,0.00
30.75,-4.32,0.00
30.76,-4.32,0.00
30.76,-4.32,0.00
30.77,-4.32,0.00
30.77,-4.32,0.00
30.78,-4.32,0.00
30.78,-4.33,0.00
30.79,-4.33,0.00
30.79,-4.33,0.00
30.79,-4.33,0.00
30.80,-4.33,0.00
30.80,-4.33,0.00
30.81,-4.33,0.00
30.81,-4.33,0.00
30.82,-4.33,0.00
30.82,-4.33,0.00
30.83,-4.33,0.00
30.83,-4.33,0.00
30.84,-4.33,0.00
30.84,-4.33,0.00
30.85,-4.34,0.00
30.85,-4.34,0.00
30.86,-4.34,0.00
30.86,-4.34,0.00
30.87,-4.34,0.00
30.87,-4.34,0.00
30.88,-4.34,0.00
30.88,-4.34,0.00
30.89,-4.34,0.00
30.89,-4.34,0.00
30.90,-4.34,0.00
30.90,-4.34,0.00
30.91,-4.34,0.00
30.91,-4.34,0.00
30.92,-4.35,0.00
30.92,-4.35,0.00
30.92,-4.35,0.00
30.93,-4.35,0.00
30.93,-4.35,0.00
30.94,-4.35,0.00
30.94,-4.35,0.00
30.95,-4.35,0.00
30.95,-4.35,0.00
30.96,-4.35,0.00
30.96,-4.35,0.00
30.97,-4.35,0.00
30.97,-4.35,0.00
30.98,-4.35,0.00
30.98,-4.35,0.00
30.99,-4.35,0.00
30.99,-4.36,0.00
31.00,-4.36,0.00
31.00,-4.36,0.00
31.01,-4.36,0.00
31.01,-4.36,0.00
31.02,-4.36,0.00
31.02,-4.36,0.00
31.03,-4.36,0.00
31.03,-4.36,0.00
31.04,-4.36,0.00
31.04,-4.36,0.00
31.05,-4.36,0.00
31.05,-4.36,0.00
31.05,-4.36,0.00
31.06,-4.36,0.00
31.06,-4.36,0.00
31.07,-4.36,0.00
31.07,-4.36,0.00
31.08,-4.37,0.00
31.08,-4.37,0.00
31.09,-4.37,0.00
31.09,-4.37,0.00
31.10,-4.37,0.00
31.10,-4.37,0.00
31.11,-4.37,0.00
31.11,-4.37,0.00
31.12,-4.37,0.00
31.12,-4.37,0.00
31.13,-4.37,0.00
31.13,-4.37,0.00
31.14,-4.37,0.00
31.14,-4.37,0.00
31.15,-4.37,0.00
31.15,-4.37,0.00
31.16,-4.37,0.00
31.16,-4.37,0.00
31.17,-4.37,0.00
31.17,-4.37,0.00
31.18,-4.38,0.00
31.18,-4.38,0.00
31.19,-4.38,0.00
31.19,-4.38,0.00
31.19,-4.38,0.00
31.20,-4.38,0.00
31.20,-4.38,0.00
31.21,-4.38,0.00
31.21,-4.38,0.00
31.22,-4.38,0.00
31.22,-4.38,0.00
31.23,-4.38,0.00
31.23,-4.38,0.00
31.24,-4.38,0.00
31.24,-4.38,0.00
31.25,-4.38,0.00
31.25,-4.38,0.00
31.26,-4.38,0.00
31.26,-4.38,0.00
31.27,-4.38,0.00
31.27,-4.38,0.00
31.28,-4.38,0.00
31.28,-4.38,0.00
31.29,-4.38,0.00
31.29,-4.38,0.00
31.30,-4.39,0.00
31.30,-4.39,0.00
31.31,-4.39,0.00
31.31,-4.39,0.00
31.32,-4.39,0.00
31.32,-4.39,0.00
31.33,-4.39,0.00
31.33,-4.39,0.00
31.34,-4.39,0.00
31.34,-4.39,0.00
31.35,-4.39,0.00
31.35,-4.39,0.00
31.35,-4.39,0.00
31.36,-4.39,0.00
31.36,-4.39,0.00
31.37,-4.39,0.00
31.37,-4.39,0.00
31.38,-4.39,0.00
31.38,-4.39,0.00
31.39,-4.39,0.00
31.39,-4.39,0.00
31.40,-4.39,0.00
31.40,-4.39,0.00
31.41,-4.39,0.00
31.41,-4.39,0.00
31.42,-4.39,0.00
31.42,-4.39,0.00
31.43,-4.39,0.00
31.43,-4.39,0.00
31.44,-4.39,0.00
31.44,-4.39,0.00
31.45,-4.39,0.00
31.45,-4.39,0.00
31.46,-4.39,0.00
31.46,-4.40,0.00
31.47,-4.40,0.00
31.47,-4.40,0.00
31.48,-4.40,0.00
31.48,-4.40,0.00
31.49,-4.40,0.00
31.49,-4.40,0.00
31.50,-4.40,0.00
31.50,-4.40,0.00
31.51,-4.40,0.00
31.51,-4.40,0.00
31.51,-4.40,0.00
31.52,-4.40,0.00
31.52,-4.40,0.00
31.53,-4.40,0.00
31.53,-4.40,0.00
31.54,-4.40,0.00
31.54,-4.40,0.00
31.55,-4.40,0.00
31.55,-4.40,0.00
31.56,-4.40,0.00
31.56,-4.40,0.00
31.57,-4.40,0.00
31.57,-4.40,0.00
31.58,-4.40,0.00
31.58,-4.40,0.00
31.59,-4.40,0.00
31.59,-4.40,0.00
31.60,-4.40,0.00
31.60,-4.40,0.00
31.61,-4.40,0.00
31.61,-4.40,0.00
31.62,-4.40,0.00
31.62,-4.40,0.00
31.63,-4.40,0.00
31.63,-4.40,0.00
31.64,-4.40,0.00
31.64,-4.40,0.00
31.65,-4.40,0.00
31.65,-4.40,0.00
31.66,-4.40,0.00
31.66,-4.40,0.00
31.67,-4.40,0.00
31.67,-4.40,0.00
31.68,-4.40,0.00
31.68,-4.40,0.00
31.68,-4.40,0.00
31.69,-4.40,0.00
31.69,-4.40,0.00
31.70,-4.40,0.00
31.70,-4.40,0.00
31.71,-4.40,0.00
31.71,-4.40,0.00
31.72,-4.40,0.00
31.72,-4.40,0.00
31.73,-4.40,0.00
31.73,-4.40,0.00
31.74,-4.40,0.00
31.74,-4.40,0.00
31.75,-4.40,0.00
31.75,-4.40,0.00
31.76,-4.40,0.00
31.76,-4.40,0.00
31.77,-4.40,0.00
31.77,-4.40,0.00
31.78,-4.40,0.00
31.78,-4.40,0.00
31.79,-4.40,0.00
31.79,-4.40,0.00
31.80,-4.40,0.00
31.80,-4.40,0.00
31.81,-4.40,0.00
31.81,-4.40,0.00
31.82,-4.40,0.00
31.82,-4.40,0.00
31.83,-4.40,0.00
31.83,-4.40,0.00
31.84,-4.40,0.00
31.84,-4.40,0.00
31.85,-4.40,0.00
31.85,-4.40,0.00
31.85,-4.40,0.00
31.86,-4.40,0.00
31.86,-4.40,0.00
31.87,-4.40,0.00
31.87,-4.40,0.00
31.88,-4.40,0.00
31.88,-4.40,0.00
31.89,-4.40,0.00
31.89,-4.40,0.00
31.90,-4.40,0.00
31.90,-4.40,0.00
31.91,-4.40,0.00
31.91,-4.40,0.00
31.92,-4.40,0.00
31.92,-4.40,0.00
31.93,-4.40,0.00
31.93,-4.40,0.00
31.94,-4.40,0.00
31.94,-4.40,0.00
31.95,-4.40,0.00
31.95,-4.40,0.00
31.96,-4.40,0.00
31.96,-4.40,0.00
31.97,-4.40,0.00
31.97,-4.40,0.00
31.98,-4.40,0.00
31.98,-4.39,0.00
31.99,-4.39,0.00
31.99,-4.39,0.00
32.00,-4.39,0.00
32.00,-4.39,0.00
32.01,-4.39,0.00
32.01,-4.39,0.00
32.02,-4.39,0.00
32.02,-4.39,0.00
32.02,-4.39,0.00
32.03,-4.39,0.00
32.03,-4.39,0.00
32.04,-4.39,0.00
32.04,-4.39,0.00
32.05,-4.39,0.00
32.05,-4.39,0.00
32.06,-4.39,0.00
32.06,-4.39,0.00
32.07,-4.39,0.00
32.07,-4.39,0.00
32.08,-4.39,0.00
32.08,-4.39,0.00
32.09,-4.39,0.00
32.09,-4.39,0.00
32.10,-4.39,0.00
32.10,-4.39,0.00
32.11,-4.39,0.00
32.11,-4.39,0.00
32.12,-4.39,0.00
32.12,-4.39,0.00
32.13,-4.39,0.00
32.13,-4.39,0.00
32.14,-4.39,0.00
32.14,-4.39,0.00
32.15,-4.38,0.00
32.15,-4.38,0.00
32.16,-4.38,0.00
32.16,-4.38,0.00
32.17,-4.38,0.00
32.17,-4.38,0.00
32.18,-4.38,0.00
32.18,-4.38,0.00
32.18,-4.38,0.00
32.19,-4.38,0.00
32.19,-4.38,0.00
32.20,-4.38,0.00
32.20,-4.38,0.00
32.21,-4.38,0.00
32.21,-4.38,0.00
32.22,-4.38,0.00
32.22,-4.38,0.00
32.23,-4.38,0.00
32.23,-4.38,0.00
32.24,-4.38,0.00
32.24,-4.38,0.00
32.25,-4.38,0.00
32.25,-4.38,0.00
32.26,-4.38,0.00
32.26,-4.38,0.00
32.27,-4.37,0.00
32.27,-4.37,0.00
32.28,-4.37,0.00
32.28,-4.37,0.00
32.29,-4.37,0.00
32.29,-4.37,0.00
32.30,-4.37,0.00
32.30,-4.37,0.00
32.31,-4.37,0.00
32.31,-4.37,0.00
32.32,-4.37,0.00
32.32,-4.37,0.00
32.33,-4.37,0.00
32.33,-4.37,0.00
32.33,-4.37,0.00
32.34,-4.37,0.00
32.34,-4.37,0.00
32.35,-4.37,0.00
32.35,-4.37,0.00
32.36,-4.37,0.00
32.36,-4.36,0.00
32.37,-4.36,0.00
32.37,-4.36,0.00
32.38,-4.36,0.00
32.38,-4.36,0.00
32.39,-4.36,0.00
32.39,-4.36,0.00
32.40,-4.36,0.00
32.40,-4.36,0.00
32.41,-4.36,0.00
32.41,-4.36,0.00
32.42,-4.36,0.00
32.42,-4.36,0.00
32.43,-4.36,0.00
32.43,-4.36,0.00
32.44,-4.36,0.00
32.44,-4.36,0.00
32.45,-4.35,0.00
32.45,-4.35,0.00
32.46,-4.35,0.00
32.46,-4.35,0.00
32.46,-4.35,0.00
32.47,-4.35,0.00
32.47,-4.35,0.00
32.48,-4.35,0.00
32.48,-4.35,0.00
32.49,-4.35,0.00
32.49,-4.35,0.00
32.50,-4.35,0.00
32.50,-4.35,0.00
32.51,-4.35,0.00
32.51,-4.35,0.00
32.52,-4.35,0.00
32.52,-4.34,0.00
32.53,-4.34,0.00
32.53,-4.34,0.00
32.54,-4.34,0.00
32.54,-4.34,0.00
32.55,-4.34,0.00
32.55,-4.34,0.00
32.56,-4.34,0.00
32.56,-4.34,0.00
32.57,-4.34,0.00
32.57,-4.34,0.00
32.58,-4.34,0.00
32.58,-4.34,0.00
32.59,-4.34,0.00
32.59,-4.33,0.00
32.59,-4.33,0.00
32.60,-4.33,0.00
32.60,-4.33,0.00
32.61,-4.33,0.00
32.61,-4.33,0.00
32.62,-4.33,0.00
32.62,-4.33,0.00
32.63,-4.33,0.00
32.63,-4.33,0.00
32.64,-4.33,0.00
32.64,-4.33,0.00
32.65,-4.33,0.00
32.65,-4.32,0.00
32.66,-4.32,0.00
32.66,-4.32,0.00
32.67,-4.32,0.00
32.67,-4.32,0.00
32.68,-4.32,0.00
32.68,-4.32,0.00
32.69,-4.32,0.00
32.69,-4.32,0.00
32.70,-4.32,0.00
32.70,-4.32,0.00
32.71,-4.32,0.00
32.71,-4.32,0.00
32.71,-4.31,0.00
32.72,-4.31,0.00
32.72,-4.31,0.00
32.73,-4.31,0.00
32.73,-4.31,0.00
32.74,-4.31,0.00
32.74,-4.31,0.00
32.75,-4.31,0.00
32.75,-4.31,0.00
32.76,-4.31,0.00
32.76,-4.31,0.00
32.77,-4.30,0.00
32.77,-4.30,0.00
32.78,-4.30,0.00
32.78,-4.30,0.00
32.79,-4.30,0.00
32.79,-4.30,0.00
32.80,-4.30,0.00
32.80,-4.30,0.00
32.81,-4.30,0.00
32.81,-4.30,0.00
32.82,-4.30,0.00
32.82,-4.29,0.00
32.82,-4.29,0.00
32.83,-4.29,0.00
32.83,-4.29,0.00
32.84,-4.29,0.00
32.84,-4.29,0.00
32.85,-4.29,0.00
32.85,-4.29,0.00
32.86,-4.29,0.00
32.86,-4.29,0.00
32.87,-4.29,0.00
32.87,-4.28,0.00
32.88,-4.28,0.00
32.88,-4.28,0.00
32.89,-4.28,0.00
32.89,-4.28,0.00
32.90,-4.28,0.00
32.90,-4.28,0.00
32.91,-4.28,0.00
32.91,-4.28,0.00
32.92,-4.28,0.00
32.92,-4.27,0.00
32.92,-4.27,0.00
32.93,-4.27,0.00
32.93,-4.27,0.00
32.94,-4.27,0.00
32.94,-4.27,0.00
32.95,-4.27,0.00
32.95,-4.27,0.00
32.96,-4.27,0.00
32.96,-4.27,0.00
32.97,-4.26,0.00
32.97,-4.26,0.00
32.98,-4.26,0.00
32.98,-4.26,0.00
32.99,-4.26,0.00
32.99,-4.26,0.00
33.00,-4.26,0.00
33.00,-4.26,0.00
33.01,-4.26,0.00
33.01,-4.26,0.00
33.01,-4.25,0.00
33.02,-4.25,0.00
33.02,-4.25,0.00
33.03,-4.25,0.00
33.03,-4.25,0.00
33.04,-4.25,0.00
33.04,-4.25,0.00
33.05,-4.25,0.00
33.05,-4.25,0.00
33.06,-4.24,0.00
33.06,-4.24,0.00
33.07,-4.24,0.00
33.07,-4.24,0.00
33.08,-4.24,0.00
33.08,-4.24,0.00
33.09,-4.24,0.00
33.09,-4.24,0.00
33.10,-4.24,0.00
33.10,-4.23,0.00
33.10,-4.23,0.00
33.11,-4.23,0.00
33.11,-4.23,0.00
33.12,-4.23,0.00
33.12,-4.23,0.00
33.13,-4.23,0.00
33.13,-4.23,0.00
33.14,-4.23,0.00
33.14,-4.22,0.00
33.15,-4.22,0.00
33.15,-4.22,0.00
33.16,-4.22,0.00
33.16,-4.22,0.00
33.17,-4.22,0.00
33.17,-4.22,0.00
33.18,-4.22,0.00
33.18,-4.21,0.00
33.18,-4.21,0.00
33.19,-4.21,0.00
33.19,-4.21,0.00
33.20,-4.21,0.00
33.20,-4.21,0.00
33.21,-4.21,0.00
33.21,-4.21,0.00
33.22,-4.21,0.00
33.22,-4.20,0.00
33.23,-4.20,0.00
33.23,-4.20,0.00
33.24,-4.20,0.00
33.24,-4.20,0.00
33.25,-4.20,0.00
33.25,-4.20,0.00
33.26,-4.20,0.00
33.26,-4.19,0.00
33.26,-4.19,0.00
33.27,-4.19,0.00
33.27,-4.19,0.00
33.28,-4.19,0.00
33.28,-4.19,0.00
33.29,-4.19,0.00
33.29,-4.19,0.00
33.30,-4.18,0.00
33.30,-4.18,0.00
33.31,-4.18,0.00
33.31,-4.18,0.00
33.32,-4.18,0.00
33.32,-4.18,0.00
33.33,-4.18,0.00
33.33,-4.18,0.00
33.34,-4.17,0.00
33.34,-4.17,0.00
33.34,-4.17,0.00
33.35,-4.17,0.00
33.35,-4.17,0.00
33.36,-4.17,0.00
33.36,-4.17,0.00
33.37,-4.16,0.00
33.37,-4.16,0.00
33.38,-4.16,0.00
33.38,-4.16,0.00
33.39,-4.16,0.00
33.39,-4.16,0.00
33.40,-4.16,0.00
33.40,-4.16,0.00
33.41,-4.15,0.00
33.41,-4.15,0.00
33.41,-4.15,0.00
33.42,-4.15,0.00
33.42,-4.15,0.00
33.43,-4.15,0.00
33.43,-4.15,0.00
33.44,-4.14,0.00
33.44,-4.14,0.00
33.45,-4.14,0.00
33.45,-4.14,0.00
33.46,-4.14,0.00
33.46,-4.14,0.00
33.47,-4.14,0.00
33.47,-4.13,0.00
33.48,-4.13,0.00
33.48,-4.13,0.00
33.48,-4.13,0.00
33.49,-4.13,0.00
33.49,-4.13,0.00
33.50,-4.13,0.00
33.50,-4.12,0.00
33.51,-4.12,0.00
33.51,-4.12,0.00
33.52,-4.12,0.00
33.52,-4.12,0.00
33.53,-4.12,0.00
33.53,-4.12,0.00
33.54,-4.11,0.00
33.54,-4.11,0.00
33.54,-4.11,0.00
33.55,-4.11,0.00
33.55,-4.11,0.00
33.56,-4.11,0.00
33.56,-4.11,0.00
33.57,-4.10,0.00
33.57,-4.10,0.00
33.58,-4.10,0.00
33.58,-4.10,0.00
33.59,-4.10,0.00
33.59,-4.10,0.00
33.60,-4.10,0.00
33.60,-4.09,0.00
33.61,-4.09,0.00
33.61,-4.09,0.00
33.61,-4.09,0.00
33.62,-4.09,0.00
33.62,-4.09,0.00
33.63,-4.09,0.00
33.63,-4.08,0.00
33.64,-4.08,0.00
33.64,-4.08,0.00
33.65,-4.08,0.00
33.65,-4.08,0.00
33.66,-4.08,0.00
33.66,-4.07,0.00
33.67,-4.07,0.00
33.67,-4.07,0.00
33.67,-4.07,0.00
33.68,-4.07,0.00
33.68,-4.07,0.00
33.69,-4.07,0.00
33.69,-4.06,0.00
33.70,-4.06,0.00
33.70,-4.06,0.00
33.71,-4.06,0.00
33.71,-4.06,0.00
33.72,-4.06,0.00
33.72,-4.05,0.00
33.72,-4.05,0.00
33.73,-4.05,0.00
33.73,-4.05,0.00
33.74,-4.05,0.00
33.74,-4.05,0.00
33.75,-4.05,0.00
33.75,-4.04,0.00
33.76,-4.04,0.00
33.76,-4.04,0.00
33.77,-4.04,0.00
33.77,-4.04,0.00
33.78,-4.04,0.00
33.78,-4.03,0.00
33.78,-4.03,0.00
33.79,-4.03,0.00
33.79,-4.03,0.00
33.80,-4.03,0.00
33.80,-4.03,0.00
33.81,-4.02,0.00
33.81,-4.02,0.00
33.82,-4.02,0.00
33.82,-4.02,0.00
33.83,-4.02,0.00
33.83,-4.02,0.00
33.84,-4.01,0.00
33.84,-4.01,0.00
33.84,-4.01,0.00
33.85,-4.01,0.00
33.85,-4.01,0.00
33.86,-4.01,0.00
33.86,-4.01,0.00
33.87,-4.00,0.00
33.87,-4.00,0.00
33.88,-4.00,0.00
33.88,-4.00,0.00
33.89,-4.00,0.00
33.89,-4.00,0.00
33.89,-3.99,0.00
33.90,-3.99,0.00
33.90,-3.99,0.00
33.91,-3.99,0.00
33.91,-3.99,0.00
33.92,-3.99,0.00
33.92,-3.98,0.00
33.93,-3.98,0.00
33.93,-3.98,0.00
33.94,-3.98,0.00
33.94,-3.98,0.00
33.94,-3.98,0.00
33.95,-3.97,0.00
33.95,-3.97,0.00
33.96,-3.97,0.00
33.96,-3.97,0.00
33.97,-3.97,0.00
33.97,-3.96,0.00
33.98,-3.96,0.00
33.98,-3.96,0.00
33.99,-3.96,0.00
33.99,-3.96,0.00
33.99,-3.96,0.00
34.00,-3.95,0.00
34.00,-3.95,0.00
34.01,-3.95,0.00
34.01,-3.95,0.00
34.02,-3.95,0.00
34.02,-3.95,0.00
34.03,-3.94,0.00
34.03,-3.94,0.00
34.04,-3.94,0.00
34.04,-3.94,0.00
34.04,-3.94,0.00
34.05,-3.94,0.00
34.05,-3.93,0.00
34.06,-3.93,0.00
34.06,-3.93,0.00
34.07,-3.93,0.00
34.07,-3.93,0.00
34.08,-3.92,0.00
34.08,-3.92,0.00
34.09,-3.92,0.00
34.09,-3.92,0.00
34.09,-3.92,0.00
34.10,-3.92,0.00
34.10,-3.91,0.00
34.11,-3.91,0.00
34.11,-3.91,0.00
34.12,-3.91,0.00
34.12,-3.91,0.00
34.13,-3.91,0.00
34.13,-3.90,0.00
34.13,-3.90,0.00
34.14,-3.90,0.00
34.14,-3.90,0.00
34.15,-3.90,0.00
34.15,-3.89,0.00
34.16,-3.89,0.00
34.16,-3.89,0.00
34.17,-3.89,0.00
34.17,-3.89,0.00
34.18,-3.89,0.00
34.18,-3.88,0.00
34.18,-3.88,0.00
34.19,-3.88,0.00
34.19,-3.88,0.00
34.20,-3.88,0.00
34.20,-3.87,0.00
34.21,-3.87,0.00
34.21,-3.87,0.00
34.22,-3.87,0.00
34.22,-3.87,0.00
34.23,-3.87,0.00
34.23,-3.86,0.00
34.23,-3.86,0.00
34.24,-3.86,0.00
34.24,-3.86,0.00
34.25,-3.86,0.00
34.25,-3.85,0.00
34.26,-3.85,0.00
34.26,-3.85,0.00
34.27,-3.85,0.00
34.27,-3.85,0.00
34.27,-3.84,0.00
34.28,-3.84,0.00
34.28,-3.84,0.00
34.29,-3.84,0.00
34.29,-3.84,0.00
34.30,-3.84,0.00
34.30,-3.83,0.00
34.31,-3.83,0.00
34.31,-3.83,0.00
34.31,-3.83,0.00
34.32,-3.83,0.00
34.32,-3.82,0.00
34.33,-3.82,0.00
34.33,-3.82,0.00
34.34,-3.82,0.00
34.34,-3.82,0.00
34.35,-3.81,0.00
34.35,-3.81,0.00
34.35,-3.81,0.00
34.36,-3.81,0.00
34.36,-3.81,0.00
34.37,-3.80,0.00
34.37,-3.80,0.00
34.38,-3.80,0.00
34.38,-3.80,0.00
34.39,-3.80,0.00
34.39,-3.80,0.00
34.40,-3.79,0.00
34.40,-3.79,0.00
34.40,-3.79,0.00
34.41,-3.79,0.00
34.41,-3.79,0.00
34.42,-3.78,0.00
34.42,-3.78,0.00
34.43,-3.78,0.00
34.43,-3.78,0.00
34.44,-3.78,0.00
34.44,-3.77,0.00
34.44,-3.77,0.00
34.45,-3.77,0.00
34.45,-3.77,0.00
34.46,-3.77,0.00
34.46,-3.76,0.00
34.47,-3.76,0.00
34.47,-3.76,0.00
34.48,-3.76,0.00
34.48,-3.76,0.00
34.48,-3.75,0.00
34.49,-3.75,0.00
34.49,-3.75,0.00
34.50,-3.75,0.00
34.50,-3.75,0.00
34.51,-3.74,0.00
34.51,-3.74,0.00
34.52,-3.74,0.00
34.52,-3.74,0.00
34.52,-3.74,0.00
34.53,-3.73,0.00
34.53,-3.73,0.00
34.54,-3.73,0.00
34.54,-3.73,0.00
34.55,-3.73,0.00
34.55,-3.72,0.00
34.55,-3.72,0.00
34.56,-3.72,0.00
34.56,-3.72,0.00
34.57,-3.72,0.00
34.57,-3.71,0.00
34.58,-3.71,0.00
34.58,-3.71,0.00
34.59,-3.71,0.00
34.59,-3.71,0.00
34.59,-3.70,0.00
34.60,-3.70,0.00
34.60,-3.70,0.00
34.61,-3.70,0.00
34.61,-3.70,0.00
34.62,-3.69,0.00
34.62,-3.69,0.00
34.63,-3.69,0.00
34.63,-3.69,0.00
34.63,-3.69,0.00
34.64,-3.68,0.00
34.64,-3.68,0.00
34.65,-3.68,0.00
34.65,-3.68,0.00
34.66,-3.68,0.00
34.66,-3.67,0.00
34.67,-3.67,0.00
34.67,-3.67,0.00
34.67,-3.67,0.00
34.68,-3.67,0.00
34.68,-3.66,0.00
34.69,-3.66,0.00
34.69,-3.66,0.00
34.70,-3.66,0.00
34.70,-3.65,0.00
34.70,-3.65,0.00
34.71,-3.65,0.00
34.71,-3.65,0.00
34.72,-3.65,0.00
34.72,-3.64,0.00
34.73,-3.64,0.00
34.73,-3.64,0.00
34.74,-3.64,0.00
34.74,-3.64,0.00
34.74,-3.63,0.00
34.75,-3.63,0.00
34.75,-3.63,0.00
34.76,-3.63,0.00
34.76,-3.63,0.00
34.77,-3.62,0.00
34.77,-3.62,0.00
34.77,-3.62,0.00
34.78,-3.62,0.00
34.78,-3.62,0.00
34.79,-3.61,0.00
34.79,-3.61,0.00
34.80,-3.61,0.00
34.80,-3.61,0.00
34.81,-3.60,0.00
34.81,-3.60,0.00
34.81,-3.60,0.00
34.82,-3.60,0.00
34.82,-3.60,0.00
34.83,-3.59,0.00
34.83,-3.59,0.00
34.84,-3.59,0.00
34.84,-3.59,0.00
34.84,-3.59,0.00
34.85,-3.58,0.00
34.85,-3.58,0.00
34.86,-3.58,0.00
34.86,-3.58,0.00
34.87,-3.57,0.00
34.87,-3.57,0.00
34.88,-3.57,0.00
34.88,-3.57,0.00
34.88,-3.57,0.00
34.89,-3.56,0.00
34.89,-3.56,0.00
34.90,-3.56,0.00
34.90,-3.56,0.00
34.91,-3.56,0.00
34.91,-3.55,0.00
34.91,-3.55,0.00
34.92,-3.55,0.00
34.92,-3.55,0.00
34.93,-3.54,0.00
34.93,-3.54,0.00
34.94,-3.54,0.00
34.94,-3.54,0.00
34.95,-3.54,0.00
34.95,-3.53,0.00
34.95,-3.53,0.00
34.96,-3.53,0.00
34.96,-3.53,0.00
34.97,-3.53,0.00
34.97,-3.52,0.00
34.98,-3.52,0.00
34.98,-3.52,0.00
34.98,-3.52,0.00
34.99,-3.51,0.00
34.99,-3.51,0.00
35.00,-3.51,0.00
35.00,-3.51,0.00
35.01,-3.51,0.00
35.01,-3.50,0.00
35.01,-3.50,0.00
35.02,-3.50,0.00
35.02,-3.50,0.00
35.03,-3.49,0.00
35.03,-3.49,0.00
35.04,-3.49,0.00
35.04,-3.49,0.00
35.04,-3.49,0.00
35.05,-3.48,0.00
35.05,-3.48,0.00
35.06,-3.48,0.00
35.06,-3.48,0.00
35.07,-3.47,0.00
35.07,-3.47,0.00
35.08,-3.47,0.00
35.08,-3.47,0.00
35.08,-3.47,0.00
35.09,-3.46,0.00
35.09,-3.46,0.00
35.10,-3.46,0.00
35.10,-3.46,0.00
35.11,-3.45,0.00
35.11,-3.45,0.00
35.11,-3.45,0.00
35.12,-3.45,0.00
35.12,-3.45,0.00
35.13,-3.44,0.00
35.13,-3.44,0.00
35.14,-3.44,0.00
35.14,-3.44,0.00
35.14,-3.43,0.00
35.15,-3.43,0.00
35.15,-3.43,0.00
35.16,-3.43,0.00
35.16,-3.43,0.00
35.17,-3.42,0.00
35.17,-3.42,0.00
35.17,-3.42,0.00
35.18,-3.42,0.00
35.18,-3.41,0.00
35.19,-3.41,0.00
35.19,-3.41,0.00
35.20,-3.41,0.00
35.20,-3.41,0.00
35.20,-3.40,0.00
35.21,-3.40,0.00
35.21,-3.40,0.00
35.22,-3.40,0.00
35.22,-3.39,0.00
35.23,-3.39,0.00
35.23,-3.39,0.00
35.23,-3.39,0.00
35.24,-3.39,0.00
35.24,-3.38,0.00
35.25,-3.38,0.00
35.25,-3.38,0.00
35.26,-3.38,0.00
35.26,-3.37,0.00
35.26,-3.37,0.00
35.27,-3.37,0.00
35.27,-3.37,0.00
35.28,-3.37,0.00
35.28,-3.36,0.00
35.29,-3.36,0.00
35.29,-3.36,0.00
35.29,-3.36,0.00
35.30,-3.35,0.00
35.30,-3.35,0.00
35.31,-3.35,0.00
35.31,-3.35,0.00
35.32,-3.34,0.00
35.32,-3.34,0.00
35.33,-3.34,0.00
35.33,-3.34,0.00
35.33,-3.34,0.00
35.34,-3.33,0.00
35.34,-3.33,0.00
35.35,-3.33,0.00
35.35,-3.33,0.00
35.36,-3.32,0.00
35.36,-3.32,0.00
35.36,-3.32,0.00
35.37,-3.32,0.00
35.37,-3.31,0.00
35.38,-3.31,0.00
35.38,-3.31,0.00
35.38,-3.31,0.00
35.39,-3.31,0.00
35.39,-3.30,0.00
35.40,-3.30,0.00
35.40,-3.30,0.00
35.41,-3.30,0.00
35.41,-3.29,0.00
35.41,-3.29,0.00
35.42,-3.29,0.00
35.42,-3.29,0.00
35.43,-3.28,0.00
35.43,-3.28,0.00
35.44,-3.28,0.00
35.44,-3.28,0.00
35.44,-3.28,0.00
35.45,-3.27,0.00
35.45,-3.27,0.00
35.46,-3.27,0.00
35.46,-3.27,0.00
35.47,-3.26,0.00
35.47,-3.26,0.00
35.47,-3.26,0.00
35.48,-3.26,0.00
35.48,-3.25,0.00
35.49,-3.25,0.00
35.49,-3.25,0.00
35.50,-3.25,0.00
35.50,-3.25,0.00
35.50,-3.24,0.00
35.51,-3.24,0.00
35.51,-3.24,0.00
35.52,-3.24,0.00
35.52,-3.23,0.00
35.53,-3.23,0.00
35.53,-3.23,0.00
35.53,-3.23,0.00
35.54,-3.22,0.00
35.54,-3.22,0.00
35.55,-3.22,0.00
35.55,-3.22,0.00
35.56,-3.22,0.00
35.56,-3.21,0.00
35.56,-3.21,0.00
35.57,-3.21,0.00
35.57,-3.21,0.00
35.58,-3.20,0.00
35.58,-3.20,0.00
35.59,-3.20,0.00
35.59,-3.20,0.00
35.59,-3.19,0.00
35.60,-3.19,0.00
35.60,-3.19,0.00
35.61,-3.19,0.00
35.61,-3.18,0.00
35.62,-3.18,0.00
35.62,-3.18,0.00
35.62,-3.18,0.00
35.63,-3.18,0.00
35.63,-3.17,0.00
35.64,-3.17,0.00
35.64,-3.17,0.00
35.65,-3.17,0.00
35.65,-3.16,0.00
35.65,-3.16,0.00
35.66,-3.16,0.00
35.66,-3.16,0.00
35.67,-3.15,0.00
35.67,-3.15,0.00
35.67,-3.15,0.00
35.68,-3.15,0.00
35.68,-3.14,0.00
35.69,-3.14,0.00
35.69,-3.14,0.00
35.70,-3.14,0.00
35.70,-3.14,0.00
35.70,-3.13,0.00
35.71,-3.13,0.00
35.71,-3.13,0.00
35.72,-3.13,0.00
35.72,-3.12,0.00
35.73,-3.12,0.00
35.73,-3.12,0.00
35.73,-3.12,0.00
35.74,-3.11,0.00
35.74,-3.11,0.00
35.75,-3.11,0.00
35.75,-3.11,0.00
35.76,-3.10,0.00
35.76,-3.10,0.00
35.76,-3.10,0.00
35.77,-3.10,0.00
35.77,-3.09,0.00
35.78,-3.09,0.00
35.78,-3.09,0.00
35.79,-3.09,0.00
35.79,-3.09,0.00
35.79,-3.08,0.00
35.80,-3.08,0.00
35.80,-3.08,0.00
35.81,-3.08,0.00
35.81,-3.07,0.00
35.81,-3.07,0.00
35.82,-3.07,0.00
35.82,-3.07,0.00
35.83,-3.06,0.00
35.83,-3.06,0.00
35.84,-3.06,0.00
35.84,-3.06,0.00
35.84,-3.05,0.00
35.85,-3.05,0.00
35.85,-3.05,0.00
35.86,-3.05,0.00
35.86,-3.05,0.00
35.87,-3.04,0.00
35.87,-3.04,0.00
35.87,-3.04,0.00
35.88,-3.04,0.00
35.88,-3.03,0.00
35.89,-3.03,0.00
35.89,-3.03,0.00
35.90,-3.03,0.00
35.90,-3.02,0.00
35.90,-3.02,0.00
35.91,-3.02,0.00
35.91,-3.02,0.00
35.92,-3.01,0.00
35.92,-3.01,0.00
35.92,-3.01,0.00
35.93,-3.01,0.00
35.93,-3.00,0.00
35.94,-3.00,0.00
35.94,-3.00,0.00
35.95,-3.00,0.00
35.95,-3.00,0.00
35.95,-2.99,0.00
35.96,-2.99,0.00
35.96,-2.99,0.00
35.97,-2.99,0.00
35.97,-2.98,0.00
35.98,-2.98,0.00
35.98,-2.98,0.00
35.98,-2.98,0.00
35.99,-2.97,0.00
35.99,-2.97,0.00
36.00,-2.97,0.00
36.00,-2.97,0.00
36.01,-2.96,0.00
36.01,-2.96,0.00
36.01,-2.96,0.00
36.02,-2.96,0.00
36.02,-2.95,0.00
36.03,-2.95,0.00
36.03,-2.95,0.00
36.03,-2.95,0.00
36.04,-2.94,0.00
36.04,-2.94,0.00
36.05,-2.94,0.00
36.05,-2.94,0.00
36.06,-2.94,0.00
36.06,-2.93,0.00
36.06,-2.93,0.00
36.07,-2.93,0.00
36.07,-2.93,0.00
36.08,-2.92,0.00
36.08,-2.92,0.00
36.09,-2.92,0.00
36.09,-2.92,0.00
36.09,-2.91,0.00
36.10,-2.91,0.00
36.10,-2.91,0.00
36.11,-2.91,0.00
36.11,-2.90,0.00
36.12,-2.90,0.00
36.12,-2.90,0.00
36.12,-2.90,0.00
36.13,-2.89,0.00
36.13,-2.89,0.00
36.14,-2.89,0.00
36.14,-2.89,0.00
36.14,-2.88,0.00
36.15,-2.88,0.00
36.15,-2.88,0.00
36.16,-2.88,0.00
36.16,-2.88,0.00
36.17,-2.87,0.00
36.17,-2.87,0.00
36.17,-2.87,0.00
36.18,-2.87,0.00
36.18,-2.86,0.00
36.19,-2.86,0.00
36.19,-2.86,0.00
36.20,-2.86,0.00
36.20,-2.85,0.00
36.20,-2.85,0.00
36.21,-2.85,0.00
36.21,-2.85,0.00
36.22,-2.84,0.00
36.22,-2.84,0.00
36.22,-2.84,0.00
36.23,-2.84,0.00
36.23,-2.83,0.00
36.24,-2.83,0.00
36.24,-2.83,0.00
36.25,-2.83,0.00
36.25,-2.82,0.00
36.25,-2.82,0.00
36.26,-2.82,0.00
36.26,-2.82,0.00
36.27,-2.82,0.00
36.27,-2.81,0.00
36.28,-2.81,0.00
36.28,-2.81,0.00
36.28,-2.81,0.00
36.29,-2.80,0.00
36.29,-2.80,0.00
36.30,-2.80,0.00
36.30,-2.80,0.00
36.31,-2.79,0.00
36.31,-2.79,0.00
36.31,-2.79,0.00
36.32,-2.79,0.00
36.32,-2.78,0.00
36.33,-2.78,0.00
36.33,-2.78,0.00
36.33,-2.78,0.00
36.34,-2.77,0.00
36.34,-2.77,0.00
36.35,-2.77,0.00
36.35,-2.77,0.00
36.36,-2.76,0.00
36.36,-2.76,0.00
36.36,-2.76,0.00
36.37,-2.76,0.00
36.37,-2.75,0.00
36.38,-2.75,0.00
36.38,-2.75,0.00
36.39,-2.75,0.00
36.39,-2.75,0.00
36.39,-2.74,0.00
36.40,-2.74,0.00
36.40,-2.74,0.00
36.41,-2.74,0.00
36.41,-2.73,0.00
36.41,-2.73,0.00
36.42,-2.73,0.00
36.42,-2.73,0.00
36.43,-2.72,0.00
36.43,-2.72,0.00
36.44,-2.72,0.00
36.44,-2.72,0.00
36.44,-2.71,0.00
36.45,-2.71,0.00
36.45,-2.71,0.00
36.46,-2.71,0.00
36.46,-2.70,0.00
36.47,-2.70,0.00
36.47,-2.70,0.00
36.47,-2.70,0.00
36.48,-2.69,0.00
36.48,-2.69,0.00
36.49,-2.69,0.00
36.49,-2.69,0.00
36.49,-2.68,0.00
36.50,-2.68,0.00
36.50,-2.68,0.00
36.51,-2.68,0.00
36.51,-2.68,0.00
36.52,-2.67,0.00
36.52,-2.67,0.00
36.52,-2.67,0.00
36.53,-2.67,0.00
36.53,-2.66,0.00
36.54,-2.66,0.00
36.54,-2.66,0.00
36.55,-2.66,0.00
36.55,-2.65,0.00
36.55,-2.65,0.00
36.56,-2.65,0.00
36.56,-2.65,0.00
36.57,-2.64,0.00
36.57,-2.64,0.00
36.58,-2.64,0.00
36.58,-2.64,0.00
36.58,-2.63,0.00
36.59,-2.63,0.00
36.59,-2.63,0.00
36.60,-2.63,0.00
36.60,-2.62,0.00
36.60,-2.62,0.00
36.61,-2.62,0.00
36.61,-2.62,0.00
36.62,-2.62,0.00
36.62,-2.61,0.00
36.63,-2.61,0.00
36.63,-2.61,0.00
36.63,-2.61,0.00
36.64,-2.60,0.00
36.64,-2.60,0.00
36.65,-2.60,0.00
36.65,-2.60,0.00
36.66,-2.59,0.00
36.66,-2.59,0.00
36.66,-2.59,0.00
36.67,-2.59,0.00
36.67,-2.58,0.00
36.68,-2.58,0.00
36.68,-2.58,0.00
36.68,-2.58,0.00
36.69,-2.57,0.00
36.69,-2.57,0.00
36.70,-2.57,0.00
36.70,-2.57,0.00
36.71,-2.56,0.00
36.71,-2.56,0.00
36.71,-2.56,0.00
36.72,-2.56,0.00
36.72,-2.55,0.00
36.73,-2.55,0.00
36.73,-2.55,0.00
36.74,-2.55,0.00
36.74,-2.55,0.00
36.74,-2.54,0.00
36.75,-2.54,0.00
36.75,-2.54,0.00
36.76,-2.54,0.00
36.76,-2.53,0.00
36.76,-2.53,0.00
36.77,-2.53,0.00
36.77,-2.53,0.00
36.78,-2.52,0.00
36.78,-2.52,0.00
36.79,-2.52,0.00
36.79,-2.52,0.00
36.79,-2.51,0.00
36.80,-2.51,0.00
36.80,-2.51,0.00
36.81,-2.51,0.00
36.81,-2.50,0.00
36.82,-2.50,0.00
36.82,-2.50,0.00
36.82,-2.50,0.00
36.83,-2.49,0.00
36.83,-2.49,0.00
36.84,-2.49,0.00
36.84,-2.49,0.00
36.85,-2.48,0.00
36.85,-2.48,0.00
36.85,-2.48,0.00
36.86,-2.48,0.00
36.86,-2.48,0.00
36.87,-2.47,0.00
36.87,-2.47,0.00
36.87,-2.47,0.00
36.88,-2.47,0.00
36.88,-2.46,0.00
36.89,-2.46,0.00
36.89,-2.46,0.00
36.90,-2.46,0.00
36.90,-2.45,0.00
36.90,-2.45,0.00
36.91,-2.45,0.00
36.91,-2.45,0.00
36.92,-2.44,0.00
36.92,-2.44,0.00
36.93,-2.44,0.00
36.93,-2.44,0.00
36.93,-2.43,0.00
36.94,-2.43,0.00
36.94,-2.43,0.00
36.95,-2.43,0.00
36.95,-2.42,0.00
36.95,-2.42,0.00
36.96,-2.42,0.00
36.96,-2.42,0.00
36.97,-2.42,0.00
36.97,-2.41,0.00
36.98,-2.41,0.00
36.98,-2.41,0.00
36.98,-2.41,0.00
36.99,-2.40,0.00
36.99,-2.40,0.00
37.00,-2.40,0.00
37.00,-2.40,0.00
37.01,-2.39,0.00
37.01,-2.39,0.00
37.01,-2.39,0.00
37.02,-2.39,0.00
37.02,-2.38,0.00
37.03,-2.38,0.00
37.03,-2.38,0.00
37.04,-2.38,0.00
37.04,-2.37,0.00
37.04,-2.37,0.00
37.05,-2.37,0.00
37.05,-2.37,0.00
37.06,-2.37,0.00
37.06,-2.36,0.00
37.06,-2.36,0.00
37.07,-2.36,0.00
37.07,-2.36,0.00
37.08,-2.35,0.00
37.08,-2.35,0.00
37.09,-2.35,0.00
37.09,-2.35,0.00
37.09,-2.34,0.00
37.10,-2.34,0.00
37.10,-2.34,0.00
37.11,-2.34,0.00
37.11,-2.33,0.00
37.12,-2.33,0.00
37.12,-2.33,0.00
37.12,-2.33,0.00
37.13,-2.32,0.00
37.13,-2.32,0.00
37.14,-2.32,0.00
37.14,-2.32,0.00
37.15,-2.32,0.00
37.15,-2.31,0.00
37.15,-2.31,0.00
37.16,-2.31,0.00
37.16,-2.31,0.00
37.17,-2.30,0.00
37.17,-2.30,0.00
37.17,-2.30,0.00
37.18,-2.30,0.00
37.18,-2.29,0.00
37.19,-2.29,0.00
37.19,-2.29,0.00
37.20,-2.29,0.00
37.20,-2.28,0.00
37.20,-2.28,0.00
37.21,-2.28,0.00
37.21,-2.28,0.00
37.22,-2.27,0.00
37.22,-2.27,0.00
37.23,-2.27,0.00
37.23,-2.27,0.00
37.23,-2.27,0.00
37.24,-2.26,0.00
37.24,-2.26,0.00
37.25,-2.26,0.00
37.25,-2.26,0.00
37.26,-2.25,0.00
37.26,-2.25,0.00
37.26,-2.25,0.00
37.27,-2.25,0.00
37.27,-2.24,0.00
37.28,-2.24,0.00
37.28,-2.24,0.00
37.29,-2.24,0.00
37.29,-2.23,0.00
37.29,-2.23,0.00
37.30,-2.23,0.00
37.30,-2.23,0.00
37.31,-2.22,0.00
37.31,-2.22,0.00
37.31,-2.22,0.00
37.32,-2.22,0.00
37.32,-2.22,0.00
37.33,-2.21,0.00
37.33,-2.21,0.00
37.34,-2.21,0.00
37.34,-2.21,0.00
37.34,-2.20,0.00
37.35,-2.20,0.00
37.35,-2.20,0.00
37.36,-2.20,0.00
37.36,-2.19,0.00
37.37,-2.19,0.00
37.37,-2.19,0.00
37.37,-2.19,0.00
37.38,-2.18,0.00
37.38,-2.18,0.00
37.39,-2.18,0.00
37.39,-2.18,0.00
37.40,-2.18,0.00
37.40,-2.17,0.00
37.40,-2.17,0.00
37.41,-2.17,0.00
37.41,-2.17,0.00
37.42,-2.16,0.00
37.42,-2.16,0.00
37.43,-2.16,0.00
37.43,-2.16,0.00
37.43,-2.15,0.00
37.44,-2.15,0.00
37.44,-2.15,0.00
37.45,-2.15,0.00
37.45,-2.15,0.00
37.46,-2.14,0.00
37.46,-2.14,0.00
37.46,-2.14,0.00
37.47,-2.14,0.00
37.47,-2.13,0.00
37.48,-2.13,0.00
37.48,-2.13,0.00
37.48,-2.13,0.00
37.49,-2.12,0.00
37.49,-2.12,0.00
37.50,-2.12,0.00
37.50,-2.12,0.00
37.51,-2.11,0.00
37.51,-2.11,0.00
37.51,-2.11,0.00
37.52,-2.11,0.00
37.52,-2.11,0.00
37.53,-2.10,0.00
37.53,-2.10,0.00
37.54,-2.10,0.00
37.54,-2.10,0.00
37.54,-2.09,0.00
37.55,-2.09,0.00
37.55,-2.09,0.00
37.56,-2.09,0.00
37.56,-2.08,0.00
37.57,-2.08,0.00
37.57,-2.08,0.00
37.57,-2.08,0.00
37.58,-2.08,0.00
37.58,-2.07,0.00
37.59,-2.07,0.00
37.59,-2.07,0.00
37.60,-2.07,0.00
37.60,-2.06,0.00
37.60,-2.06,0.00
37.61,-2.06,0.00
37.61,-2.06,0.00
37.62,-2.05,0.00
37.62,-2.05,0.00
37.63,-2.05,0.00
37.63,-2.05,0.00
37.63,-2.05,0.00
37.64,-2.04,0.00
37.64,-2.04,0.00
37.65,-2.04,0.00
37.65,-2.04,0.00
37.66,-2.03,0.00
37.66,-2.03,0.00
37.66,-2.03,0.00
37.67,-2.03,0.00
37.67,-2.02,0.00
37.68,-2.02,0.00
37.68,-2.02,0.00
37.69,-2.02,0.00
37.69,-2.02,0.00
37.69,-2.01,0.00
37.70,-2.01,0.00
37.70,-2.01,0.00
37.71,-2.01,0.00
37.71,-2.00,0.00
37.72,-2.00,0.00
37.72,-2.00,0.00
37.72,-2.00,0.00
37.73,-1.99,0.00
37.73,-1.99,0.00
37.74,-1.99,0.00
37.74,-1.99,0.00
37.75,-1.99,0.00
37.75,-1.98,0.00
37.75,-1.98,0.00
37.76,-1.98,0.00
37.76,-1.98,0.00
37.77,-1.97,0.00
37.77,-1.97,0.00
37.78,-1.97,0.00
37.78,-1.97,0.00
37.78,-1.96,0.00
37.79,-1.96,0.00
37.79,-1.96,0.00
37.80,-1.96,0.00
37.80,-1.96,0.00
37.81,-1.95,0.00
37.81,-1.95,0.00
37.81,-1.95,0.00
37.82,-1.95,0.00
37.82,-1.94,0.00
37.83,-1.94,0.00
37.83,-1.94,0.00
37.84,-1.94,0.00
37.84,-1.94,0.00
37.84,-1.93,0.00
37.85,-1.93,0.00
37.85,-1.93,0.00
37.86,-1.93,0.00
37.86,-1.92,0.00
37.87,-1.92,0.00
37.87,-1.92,0.00
37.87,-1.92,0.00
37.88,-1.91,0.00
37.88,-1.91,0.00
37.89,-1.91,0.00
37.89,-1.91,0.00
37.90,-1.91,0.00
37.90,-1.90,0.00
37.90,-1.90,0.00
37.91,-1.90,0.00
37.91,-1.90,0.00
37.92,-1.89,0.00
37.92,-1.89,0.00
37.93,-1.89,0.00
37.93,-1.89,0.00
37.93,-1.89,0.00
37.94,-1.88,0.00
37.94,-1.88,0.00
37.95,-1.88,0.00
37.95,-1.88,0.00
37.96,-1.87,0.00
37.96,-1.87,0.00
37.96,-1.87,0.00
37.97,-1.87,0.00
37.97,-1.87,0.00
37.98,-1.86,0.00
37.98,-1.86,0.00
37.99,-1.86,0.00
37.99,-1.86,0.00
37.99,-1.85,0.00
38.00,-1.85,0.00
38.00,-1.85,0.00
38.01,-1.85,0.00
38.01,-1.85,0.00
38.02,-1.84,0.00
38.02,-1.84,0.00
38.03,-1.84,0.00
38.03,-1.84,0.00
38.03,-1.83,0.00
38.04,-1.83,0.00
38.04,-1.83,0.00
38.05,-1.83,0.00
38.05,-1.83,0.00
38.06,-1.82,0.00
38.06,-1.82,0.00
38.06,-1.82,0.00
38.07,-1.82,0.00
38.07,-1.81,0.00
38.08,-1.81,0.00
38.08,-1.81,0.00
38.09,-1.81,0.00
38.09,-1.81,0.00
38.09,-1.80,0.00
38.10,-1.80,0.00
38.10,-1.80,0.00
38.11,-1.80,0.00
38.11,-1.79,0.00
38.12,-1.79,0.00
38.12,-1.79,0.00
38.12,-1.79,0.00
38.13,-1.79,0.00
38.13,-1.78,0.00
38.14,-1.78,0.00
38.14,-1.78,0.00
38.15,-1.78,0.00
38.15,-1.77,0.00
38.16,-1.77,0.00
38.16,-1.77,0.00
38.16,-1.77,0.00
38.17,-1.77,0.00
38.17,-1.76,0.00
38.18,-1.76,0.00
38.18,-1.76,0.00
38.19,-1.76,0.00
38.19,-1.75,0.00
38.19,-1.75,0.00
38.20,-1.75,0.00
38.20,-1.75,0.00
38.21,-1.75,0.00
38.21,-1.74,0.00
38.22,-1.74,0.00
38.22,-1.74,0.00
38.22,-1.74,0.00
38.23,-1.74,0.00
38.23,-1.73,0.00
38.24,-1.73,0.00
38.24,-1.73,0.00
38.25,-1.73,0.00
38.25,-1.72,0.00
38.25,-1.72,0.00
38.26,-1.72,0.00
38.26,-1.72,0.00
38.27,-1.72,0.00
38.27,-1.71,0.00
38.28,-1.71,0.00
38.28,-1.71,0.00
38.29,-1.71,0.00
38.29,-1.71,0.00
38.29,-1.70,0.00
38.30,-1.70,0.00
38.30,-1.70,0.00
38.31,-1.70,0.00
38.31,-1.69,0.00
38.32,-1.69,0.00
38.32,-1.69,0.00
38.32,-1.69,0.00
38.33,-1.69,0.00
38.33,-1.68,0.00
38.34,-1.68,0.00
38.34,-1.68,0.00
38.35,-1.68,0.00
38.35,-1.68,0.00
38.36,-1.67,0.00
38.36,-1.67,0.00
38.36,-1.67,0.00
38.37,-1.67,0.00
38.37,-1.66,0.00
38.38,-1.66,0.00
38.38,-1.66,0.00
38.39,-1.66,0.00
38.39,-1.66,0.00
38.39,-1.65,0.00
38.40,-1.65,0.00
38.40,-1.65,0.00
38.41,-1.65,0.00
38.41,-1.65,0.00
38.42,-1.64,0.00
38.42,-1.64,0.00
38.43,-1.64,0.00
38.43,-1.64,0.00
38.43,-1.64,0.00
38.44,-1.63,0.00
38.44,-1.63,0.00
38.45,-1.63,0.00
38.45,-1.63,0.00
38.46,-1.62,0.00
38.46,-1.62,0.00
38.46,-1.62,0.00
38.47,-1.62,0.00
38.47,-1.62,0.00
38.48,-1.61,0.00
38.48,-1.61,0.00
38.49,-1.61,0.00
38.49,-1.61,0.00
38.50,-1.61,0.00
38.50,-1.60,0.00
38.50,-1.60,0.00
38.51,-1.60,0.00
38.51,-1.60,0.00
38.52,-1.60,0.00
38.52,-1.59,0.00
38.53,-1.59,0.00
38.53,-1.59,0.00
38.53,-1.59,0.00
38.54,-1.59,0.00
38.54,-1.58,0.00
38.55,-1.58,0.00
38.55,-1.58,0.00
38.56,-1.58,0.00
38.56,-1.57,0.00
38.57,-1.57,0.00
38.57,-1.57,0.00
38.57,-1.57,0.00
38.58,-1.57,0.00
38.58,-1.56,0.00
38.59,-1.56,0.00
38.59,-1.56,0.00
38.60,-1.56,0.00
38.60,-1.56,0.00
38.61,-1.55,0.00
38.61,-1.55,0.00
38.61,-1.55,0.00
38.62,-1.55,0.00
38.62,-1.55,0.00
38.63,-1.54,0.00
38.63,-1.54,0.00
38.64,-1.54,0.00
38.64,-1.54,0.00
38.65,-1.54,0.00
38.65,-1.53,0.00
38.65,-1.53,0.00
38.66,-1.53,0.00
38.66,-1.53,0.00
38.67,-1.53,0.00
38.67,-1.52,0.00
38.68,-1.52,0.00
38.68,-1.52,0.00
38.68,-1.52,0.00
38.69,-1.52,0.00
38.69,-1.51,0.00
38.70,-1.51,0.00
38.70,-1.51,0.00
38.71,-1.51,0.00
38.71,-1.51,0.00
38.72,-1.50,0.00
38.72,-1.50,0.00
38.72,-1.50,0.00
38.73,-1.50,0.00
38.73,-1.50,0.00
38.74,-1.49,0.00
38.74,-1.49,0.00
38.75,-1.49,0.00
38.75,-1.49,0.00
38.76,-1.49,0.00
38.76,-1.48,0.00
38.76,-1.48,0.00
38.77,-1.48,0.00
38.77,-1.48,0.00
38.78,-1.48,0.00
38.78,-1.47,0.00
38.79,-1.47,0.00
38.79,-1.47,0.00
38.80,-1.47,0.00
38.80,-1.47,0.00
38.80,-1.46,0.00
38.81,-1.46,0.00
38.81,-1.46,0.00
38.82,-1.46,0.00
38.82,-1.46,0.00
38.83,-1.45,0.00
38.83,-1.45,0.00
38.84,-1.45,0.00
38.84,-1.45,0.00
38.84,-1.45,0.00
38.85,-1.44,0.00
38.85,-1.44,0.00
38.86,-1.44,0.00
38.86,-1.44,0.00
38.87,-1.44,0.00
38.87,-1.44,0.00
38.88,-1.43,0.00
38.88,-1.43,0.00
38.88,-1.43,0.00
38.89,-1.43,0.00
38.89,-1.43,0.00
38.90,-1.42,0.00
38.90,-1.42,0.00
38.91,-1.42,0.00
38.91,-1.42,0.00
38.92,-1.42,0.00
38.92,-1.41,0.00
38.92,-1.41,0.00
38.93,-1.41,0.00
38.93,-1.41,0.00
38.94,-1.41,0.00
38.94,-1.40,0.00
38.95,-1.40,0.00
38.95,-1.40,0.00
38.96,-1.40,0.00
38.96,-1.40,0.00
38.97,-1.40,0.00
38.97,-1.39,0.00
38.97,-1.39,0.00
38.98,-1.39,0.00
38.98,-1.39,0.00
38.99,-1.39,0.00
38.99,-1.38,0.00
39.00,-1.38,0.00
39.00,-1.38,0.00
39.01,-1.38,0.00
39.01,-1.38,0.00
39.01,-1.37,0.00
39.02,-1.37,0.00
39.02,-1.37,0.00
39.03,-1.37,0.00
39.03,-1.37,0.00
39.04,-1.37,0.00
39.04,-1.36,0.00
39.05,-1.36,0.00
39.05,-1.36,0.00
39.05,-1.36,0.00
39.06,-1.36,0.00
39.06,-1.35,0.00
39.07,-1.35,0.00
39.07,-1.35,0.00
39.08,-1.35,0.00
39.08,-1.35,0.00
39.09,-1.34,0.00
39.09,-1.34,0.00
39.10,-1.34,0.00
39.10,-1.34,0.00
39.10,-1.34,0.00
39.11,-1.34,0.00
39.11,-1.33,0.00
39.12,-1.33,0.00
39.12,-1.33,0.00
39.13,-1.33,0.00
39.13,-1.33,0.00
39.14,-1.32,0.00
39.14,-1.32,0.00
39.14,-1.32,0.00
39.15,-1.32,0.00
39.15,-1.32,0.00
39.16,-1.32,0.00
39.16,-1.31,0.00
39.17,-1.31,0.00
39.17,-1.31,0.00
39.18,-1.31,0.00
39.18,-1.31,0.00
39.19,-1.31,0.00
39.19,-1.30,0.00
39.19,-1.30,0.00
39.20,-1.30,0.00
39.20,-1.30,0.00
39.21,-1.30,0.00
39.21,-1.29,0.00
39.22,-1.29,0.00
39.22,-1.29,0.00
39.23,-1.29,0.00
39.23,-1.29,0.00
39.24,-1.29,0.00
39.24,-1.28,0.00
39.24,-1.28,0.00
39.25,-1.28,0.00
39.25,-1.28,0.00
39.26,-1.28,0.00
39.26,-1.28,0.00
39.27,-1.27,0.00
39.27,-1.27,0.00
39.28,-1.27,0.00
39.28,-1.27,0.00
39.29,-1.27,0.00
39.29,-1.26,0.00
39.29,-1.26,0.00
39.30,-1.26,0.00
39.30,-1.26,0.00
39.31,-1.26,0.00
39.31,-1.26,0.00
39.32,-1.25,0.00
39.32,-1.25,0.00
39.33,-1.25,0.00
39.33,-1.25,0.00
39.34,-1.25,0.00
39.34,-1.25,0.00
39.34,-1.24,0.00
39.35,-1.24,0.00
39.35,-1.24,0.00
39.36,-1.24,0.00
39.36,-1.24,0.00
39.37,-1.24,0.00
39.37,-1.23,0.00
39.38,-1.23,0.00
39.38,-1.23,0.00
39.39,-1.23,0.00
39.39,-1.23,0.00
39.39,-1.23,0.00
39.40,-1.22,0.00
39.40,-1.22,0.00
39.41,-1.22,0.00
39.41,-1.22,0.00
39.42,-1.22,0.00
39.42,-1.22,0.00
39.43,-1.21,0.00
39.43,-1.21,0.00
39.44,-1.21,0.00
39.44,-1.21,0.00
39.44,-1.21,0.00
39.45,-1.21,0.00
39.45,-1.20,0.00
39.46,-1.20,0.00
39.46,-1.20,0.00
39.47,-1.20,0.00
39.47,-1.20,0.00
39.48,-1.20,0.00
39.48,-1.19,0.00
39.49,-1.19,0.00
39.49,-1.19,0.00
39.50,-1.19,0.00
39.50,-1.19,0.00
39.50,-1.19,0.00
39.51,-1.18,0.00
39.51,-1.18,0.00
39.52,-1.18,0.00
39.52,-1.18,0.00
39.53,-1.18,0.00
39.53,-1.18,0.00
39.54,-1.18,0.00
39.54,-1.17,0.00
39.55,-1.17,0.00
39.55,-1.17,0.00
39.55,-1.17,0.00
39.56,-1.17,0.00
39.56,-1.17,0.00
39.57,-1.16,0.00
39.57,-1.16,0.00
39.58,-1.16,0.00
39.58,-1.16,0.00
39.59,-1.16,0.00
39.59,-1.16,0.00
39.60,-1.15,0.00
39.60,-1.15,0.00
39.61,-1.15,0.00
39.61,-1.15,0.00
39.61,-1.15,0.00
39.62,-1.15,0.00
39.62,-1.15,0.00
39.63,-1.14,0.00
39.63,-1.14,0.00
39.64,-1.14,0.00
39.64,-1.14,0.00
39.65,-1.14,0.00
39.65,-1.14,0.00
39.66,-1.13,0.00
39.66,-1.13,0.00
39.67,-1.13,0.00
39.67,-1.13,0.00
39.67,-1.13,0.00
39.68,-1.13,0.00
39.68,-1.13,0.00
39.69,-1.12,0.00
39.69,-1.12,0.00
39.70,-1.12,0.00
39.70,-1.12,0.00
39.71,-1.12,0.00
39.71,-1.12,0.00
39.72,-1.12,0.00
39.72,-1.11,0.00
39.73,-1.11,0.00
39.73,-1.11,0.00
39.73,-1.11,0.00
39.74,-1.11,0.00
39.74,-1.11,0.00
39.75,-1.11,0.00
39.75,-1.10,0.00
39.76,-1.10,0.00
39.76,-1.10,0.00
39.77,-1.10,0.00
39.77,-1.10,0.00
39.78,-1.10,0.00
39.78,-1.10,0.00
39.79,-1.09,0.00
39.79,-1.09,0.00
39.80,-1.09,0.00
39.80,-1.09,0.00
39.80,-1.09,0.00
39.81,-1.09,0.00
39.81,-1.09,0.00
39.82,-1.08,0.00
39.82,-1.08,0.00
39.83,-1.08,0.00
39.83,-1.08,0.00
39.84,-1.08,0.00
39.84,-1.08,0.00
39.85,-1.08,0.00
39.85,-1.07,0.00
39.86,-1.07,0.00
39.86,-1.07,0.00
39.86,-1.07,0.00
39.87,-1.07,0.00
39.87,-1.07,0.00
39.88,-1.07,0.00
39.88,-1.06,0.00
39.89,-1.06,0.00
39.89,-1.06,0.00
39.90,-1.06,0.00
39.90,-1.06,0.00
39.91,-1.06,0.00
39.91,-1.06,0.00
39.92,-1.06,0.00
39.92,-1.05,0.00
39.93,-1.05,0.00
39.93,-1.05,0.00
39.93,-1.05,0.00
39.94,-1.05,0.00
39.94,-1.05,0.00
39.95,-1.05,0.00
39.95,-1.04,0.00
39.96,-1.04,0.00
39.96,-1.04,0.00
39.97,-1.04,0.00
39.97,-1.04,0.00
39.98,-1.04,0.00
39.98,-1.04,0.00
39.99,-1.04,0.00
39.99,-1.03,0.00
40.00,-1.03,0.00
40.00,-1.03,0.00
40.01,-1.03,0.00
40.01,-1.03,0.00
40.01,-1.03,0.00
40.02,-1.03,0.00
40.02,-1.03,0.00
40.03,-1.02,0.00
40.03,-1.02,0.00
40.04,-1.02,0.00
40.04,-1.02,0.00
40.05,-1.02,0.00
40.05,-1.02,0.00
40.06,-1.02,0.00
40.06,-1.02,0.00
40.07,-1.01,0.00
40.07,-1.01,0.00
40.08,-1.01,0.00
40.08,-1.01,0.00
40.08,-1.01,0.00
40.09,-1.01,0.00
40.09,-1.01,0.00
40.10,-1.01,0.00
40.10,-1.00,0.00
40.11,-1.00,0.00
40.11,-1.00,0.00
40.12,-1.00,0.00
40.12,-1.00,0.00
40.13,-1.00,0.00
40.13,-1.00,0.00
40.14,-1.00,0.00
40.14,-1.00,0.00
40.15,-0.99,0.00
40.15,-0.99,0.00
40.16,-0.99,0.00
40.16,-0.99,0.00
40.17,-0.99,0.00
40.17,-0.99,0.00
40.17,-0.99,0.00
40.18,-0.99,0.00
40.18,-0.99,0.00
40.19,-0.98,0.00
40.19,-0.98,0.00
40.20,-0.98,0.00
40.20,-0.98,0.00
40.21,-0.98,0.00
40.21,-0.98,0.00
40.22,-0.98,0.00
40.22,-0.98,0.00
40.23,-0.98,0.00
40.23,-0.97,0.00
40.24,-0.97,0.00
40.24,-0.97,0.00
40.25,-0.97,0.00
40.25,-0.97,0.00
40.26,-0.97,0.00
40.26,-0.97,0.00
40.26,-0.97,0.00
40.27,-0.97,0.00
40.27,-0.96,0.00
40.28,-0.96,0.00
40.28,-0.96,0.00
40.29,-0.96,0.00
40.29,-0.96,0.00
40.30,-0.96,0.00
40.30,-0.96,0.00
40.31,-0.96,0.00
40.31,-0.96,0.00
40.32,-0.96,0.00
40.32,-0.95,0.00
40.33,-0.95,0.00
40.33,-0.95,0.00
40.34,-0.95,0.00
40.34,-0.95,0.00
40.35,-0.95,0.00
40.35,-0.95,0.00
40.35,-0.95,0.00
40.36,-0.95,0.00
40.36,-0.95,0.00
40.37,-0.94,0.00
40.37,-0.94,0.00
40.38,-0.94,0.00
40.38,-0.94,0.00
40.39,-0.94,0.00
40.39,-0.94,0.00
40.40,-0.94,0.00
40.40,-0.94,0.00
40.41,-0.94,0.00
40.41,-0.94,0.00
40.42,-0.93,0.00
40.42,-0.93,0.00
40.43,-0.93,0.00
40.43,-0.93,0.00
40.44,-0.93,0.00
40.44,-0.93,0.00
40.45,-0.93,0.00
40.45,-0.93,0.00
40.45,-0.93,0.00
40.46,-0.93,0.00
40.46,-0.93,0.00
40.47,-0.92,0.00
40.47,-0.92,0.00
40.48,-0.92,0.00
40.48,-0.92,0.00
40.49,-0.92,0.00
40.49,-0.92,0.00
40.50,-0.92,0.00
40.50,-0.92,0.00
40.51,-0.92,0.00
40.51,-0.92,0.00
40.52,-0.92,0.00
40.52,-0.92,0.00
40.53,-0.91,0.00
40.53,-0.91,0.00
40.54,-0.91,0.00
40.54,-0.91,0.00
40.55,-0.91,0.00
40.55,-0.91,0.00
40.56,-0.91,0.00
40.56,-0.91,0.00
40.56,-0.91,0.00
40.57,-0.91,0.00
40.57,-0.91,0.00
40.58,-0.91,0.00
40.58,-0.90,0.00
40.59,-0.90,0.00
40.59,-0.90,0.00
40.60,-0.90,0.00
40.60,-0.90,0.00
40.61,-0.90,0.00
40.61,-0.90,0.00
40.62,-0.90,0.00
40.62,-0.90,0.00
40.63,-0.90,0.00
40.63,-0.90,0.00
40.64,-0.90,0.00
40.64,-0.90,0.00
40.65,-0.90,0.00
40.65,-0.89,0.00
40.66,-0.89,0.00
40.66,-0.89,0.00
40.67,-0.89,0.00
40.67,-0.89,0.00
40.68,-0.89,0.00
40.68,-0.89,0.00
40.68,-0.89,0.00
40.69,-0.89,0.00
40.69,-0.89,0.00
40.70,-0.89,0.00
40.70,-0.89,0.00
40.71,-0.89,0.00
40.71,-0.89,0.00
40.72,-0.88,0.00
40.72,-0.88,0.00
40.73,-0.88,0.00
40.73,-0.88,0.00
40.74,-0.88,0.00
40.74,-0.88,0.00
40.75,-0.88,0.00
40.75,-0.88,0.00
40.76,-0.88,0.00
40.76,-0.88,0.00
40.77,-0.88,0.00
40.77,-0.88,0.00
40.78,-0.88,0.00
40.78,-0.88,0.00
40.79,-0.88,0.00
40.79,-0.88,0.00
40.80,-0.88,0.00
40.80,-0.87,0.00
40.81,-0.87,0.00
40.81,-0.87,0.00
40.81,-0.87,0.00
40.82,-0.87,0.00
40.82,-0.87,0.00
40.83,-0.87,0.00
40.83,-0.87,0.00
40.84,-0.87,0.00
40.84,-0.87,0.00
40.85,-0.87,0.00
40.85,-0.87,0.00
40.86,-0.87,0.00
40.86,-0.87,0.00
40.87,-0.87,0.00
40.87,-0.87,0.00
40.88,-0.87,0.00
40.88,-0.87,0.00
40.89,-0.87,0.00
40.89,-0.86,0.00
40.90,-0.86,0.00
40.90,-0.86,0.00
40.91,-0.86,0.00
40.91,-0.86,0.00
40.92,-0.86,0.00
40.92,-0.86,0.00
40.93,-0.86,0.00
40.93,-0.86,0.00
40.94,-0.86,0.00
40.94,-0.86,0.00
40.95,-0.86,0.00
40.95,-0.86,0.00
40.96,-0.86,0.00
40.96,-0.86,0.00
40.96,-0.86,0.00
40.97,-0.86,0.00
40.97,-0.86,0.00
40.98,-0.86,0.00
40.98,-0.86,0.00
40.99,-0.86,0.00
40.99,-0.86,0.00
41.00,-0.86,0.00
41.00,-0.86,0.00
41.01,-0.86,0.00
41.01,-0.85,0.00
41.02,-0.85,0.00
41.02,-0.85,0.00
41.03,-0.85,0.00
41.03,-0.85,0.00
41.04,-0.85,0.00
41.04,-0.85,0.00
41.05,-0.85,0.00
41.05,-0.85,0.00
41.06,-0.85,0.00
41.06,-0.85,0.00
41.07,-0.85,0.00
41.07,-0.85,0.00
41.08,-0.85,0.00
41.08,-0.85,0.00
41.09,-0.85,0.00
41.09,-0.85,0.00
41.10,-0.85,0.00
41.10,-0.85,0.00
41.11,-0.85,0.00
41.11,-0.85,0.00
41.12,-0.85,0.00
41.12,-0.85,0.00
41.12,-0.85,0.00
41.13,-0.85,0.00
41.13,-0.85,0.00
41.14,-0.85,0.00
41.14,-0.85,0.00
41.15,-0.85,0.00
41.15,-0.85,0.00
41.16,-0.85,0.00
41.16,-0.85,0.00
41.17,-0.85,0.00
41.17,-0.85,0.00
41.18,-0.85,0.00
41.18,-0.85,0.00
41.19,-0.85,0.00
41.19,-0.85,0.00
41.20,-0.85,0.00
41.20,-0.85,0.00
41.21,-0.85,0.00
41.21,-0.85,0.00
41.22,-0.84,0.00
41.22,-0.84,0.00
41.23,-0.84,0.00
41.23,-0.84,0.00
41.24,-0.84,0.00
41.24,-0.84,0.00
41.25,-0.84,0.00
41.25,-0.84,0.00
41.26,-0.84,0.00
41.26,-0.84,0.00
41.27,-0.84,0.00
41.27,-0.84,0.00
41.28,-0.84,0.00
41.28,-0.84,0.00
41.29,-0.84,0.00
41.29,-0.84,0.00
41.29,-0.84,0.00
41.30,-0.84,0.00
41.30,-0.84,0.00
41.31,-0.84,0.00
41.31,-0.84,0.00
41.32,-0.84,0.00
41.32,-0.84,0.00
41.33,-0.84,0.00
41.33,-0.84,0.00
41.34,-0.84,0.00
41.34,-0.84,0.00
41.35,-0.84,0.00
41.35,-0.84,0.00
41.36,-0.84,0.00
41.36,-0.84,0.00
41.37,-0.84,0.00
41.37,-0.84,0.00
41.38,-0.84,0.00
41.38,-0.84,0.00
41.39,-0.84,0.00
41.39,-0.84,0.00
41.40,-0.84,0.00
41.40,-0.84,0.00
41.41,-0.84,0.00
41.41,-0.84,0.00
41.42,-0.84,0.00
41.42,-0.84,0.00
41.43,-0.85,0.00
41.43,-0.85,0.00
41.44,-0.85,0.00
41.44,-0.85,0.00
41.45,-0.85,0.00
41.45,-0.85,0.00
41.46,-0.85,0.00
41.46,-0.85,0.00
41.46,-0.85,0.00
41.47,-0.85,0.00
41.47,-0.85,0.00
41.48,-0.85,0.00
41.48,-0.85,0.00
41.49,-0.85,0.00
41.49,-0.85,0.00
41.50,-0.85,0.00
41.50,-0.85,0.00
41.51,-0.85,0.00
41.51,-0.85,0.00
41.52,-0.85,0.00
41.52,-0.85,0.00
41.53,-0.85,0.00
41.53,-0.85,0.00
41.54,-0.85,0.00
41.54,-0.85,0.00
41.55,-0.85,0.00
41.55,-0.85,0.00
41.56,-0.85,0.00
41.56,-0.85,0.00
41.57,-0.85,0.00
41.57,-0.85,0.00
41.58,-0.85,0.00
41.58,-0.85,0.00
41.59,-0.85,0.00
41.59,-0.85,0.00
41.60,-0.85,0.00
41.60,-0.85,0.00
41.61,-0.85,0.00
41.61,-0.85,0.00
41.62,-0.85,0.00
41.62,-0.85,0.00
41.62,-0.85,0.00
41.63,-0.86,0.00
41.63,-0.86,0.00
41.64,-0.86,0.00
41.64,-0.86,0.00
41.65,-0.86,0.00
41.65,-0.86,0.00
41.66,-0.86,0.00
41.66,-0.86,0.00
41.67,-0.86,0.00
41.67,-0.86,0.00
41.68,-0.86,0.00
41.68,-0.86,0.00
41.69,-0.86,0.00
41.69,-0.86,0.00
41.70,-0.86,0.00
41.70,-0.86,0.00
41.71,-0.86,0.00
41.71,-0.86,0.00
41.72,-0.86,0.00
41.72,-0.86,0.00
41.73,-0.86,0.00
41.73,-0.86,0.00
41.74,-0.86,0.00
41.74,-0.87,0.00
41.75,-0.87,0.00
41.75,-0.87,0.00
41.76,-0.87,0.00
41.76,-0.87,0.00
41.77,-0.87,0.00
41.77,-0.87,0.00
41.77,-0.87,0.00
41.78,-0.87,0.00
41.78,-0.87,0.00
41.79,-0.87,0.00
41.79,-0.87,0.00
41.80,-0.87,0.00
41.80,-0.87,0.00
41.81,-0.87,0.00
41.81,-0.87,0.00
41.82,-0.87,0.00
41.82,-0.87,0.00
41.83,-0.88,0.00
41.83,-0.88,0.00
41.84,-0.88,0.00
41.84,-0.88,0.00
41.85,-0.88,0.00
41.85,-0.88,0.00
41.86,-0.88,0.00
41.86,-0.88,0.00
41.87,-0.88,0.00
41.87,-0.88,0.00
41.88,-0.88,0.00
41.88,-0.88,0.00
41.89,-0.88,0.00
41.89,-0.88,0.00
41.90,-0.88,0.00
41.90,-0.88,0.00
41.90,-0.89,0.00
41.91,-0.89,0.00
41.91,-0.89,0.00
41.92,-0.89,0.00
41.92,-0.89,0.00
41.93,-0.89,0.00
41.93,-0.89,0.00
41.94,-0.89,0.00
41.94,-0.89,0.00
41.95,-0.89,0.00
41.95,-0.89,0.00
41.96,-0.89,0.00
41.96,-0.89,0.00
41.97,-0.89,0.00
41.97,-0.90,0.00
41.98,-0.90,0.00
41.98,-0.90,0.00
41.99,-0.90,0.00
41.99,-0.90,0.00
42.00,-0.90,0.00
42.00,-0.90,0.00
42.01,-0.90,0.00
42.01,-0.90,0.00
42.02,-0.90,0.00
42.02,-0.90,0.00
42.02,-0.90,0.00
42.03,-0.91,0.00
42.03,-0.91,0.00
42.04,-0.91,0.00
42.04,-0.91,0.00
42.05,-0.91,0.00
42.05,-0.91,0.00
42.06,-0.91,0.00
42.06,-0.91,0.00
42.07,-0.91,0.00
42.07,-0.91,0.00
42.08,-0.91,0.00
42.08,-0.92,0.00
42.09,-0.92,0.00
42.09,-0.92,0.00
42.10,-0.92,0.00
42.10,-0.92,0.00
42.11,-0.92,0.00
42.11,-0.92,0.00
42.12,-0.92,0.00
42.12,-0.92,0.00
42.13,-0.92,0.00
42.13,-0.92,0.00
42.13,-0.93,0.00
42.14,-0.93,0.00
42.14,-0.93,0.00
42.15,-0.93,0.00
42.15,-0.93,0.00
42.16,-0.93,0.00
42.16,-0.93,0.00
42.17,-0.93,0.00
42.17,-0.93,0.00
42.18,-0.93,0.00
42.18,-0.94,0.00
42.19,-0.94,0.00
42.19,-0.94,0.00
42.20,-0.94,0.00
42.20,-0.94,0.00
42.21,-0.94,0.00
42.21,-0.94,0.00
42.22,-0.94,0.00
42.22,-0.94,0.00
42.22,-0.94,0.00
42.23,-0.95,0.00
42.23,-0.95,0.00
42.24,-0.95,0.00
42.24,-0.95,0.00
42.25,-0.95,0.00
42.25,-0.95,0.00
42.26,-0.95,0.00
42.26,-0.95,0.00
42.27,-0.95,0.00
42.27,-0.96,0.00
42.28,-0.96,0.00
42.28,-0.96,0.00
42.29,-0.96,0.00
42.29,-0.96,0.00
42.30,-0.96,0.00
42.30,-0.96,0.00
42.31,-0.96,0.00
42.31,-0.96,0.00
42.31,-0.97,0.00
42.32,-0.97,0.00
42.32,-0.97,0.00
42.33,-0.97,0.00
42.33,-0.97,0.00
42.34,-0.97,0.00
42.34,-0.97,0.00
42.35,-0.97,0.00
42.35,-0.98,0.00
42.36,-0.98,0.00
42.36,-0.98,0.00
42.37,-0.98,0.00
42.37,-0.98,0.00
42.38,-0.98,0.00
42.38,-0.98,0.00
42.39,-0.98,0.00
42.39,-0.99,0.00
42.39,-0.99,0.00
42.40,-0.99,0.00
42.40,-0.99,0.00
42.41,-0.99,0.00
42.41,-0.99,0.00
42.42,-0.99,0.00
42.42,-0.99,0.00
42.43,-1.00,0.00
42.43,-1.00,0.00
42.44,-1.00,0.00
42.44,-1.00,0.00
42.45,-1.00,0.00
42.45,-1.00,0.00
42.46,-1.00,0.00
42.46,-1.00,0.00
42.46,-1.01,0.00
42.47,-1.01,0.00
42.47,-1.01,0.00
42.48,-1.01,0.00
42.48,-1.01,0.00
42.49,-1.01,0.00
42.49,-1.01,0.00
42.50,-1.02,0.00
42.50,-1.02,0.00
42.51,-1.02,0.00
42.51,-1.02,0.00
42.52,-1.02,0.00
42.52,-1.02,0.00
42.53,-1.02,0.00
42.53,-1.03,0.00
42.53,-1.03,0.00
42.54,-1.03,0.00
42.54,-1.03,0.00
42.55,-1.03,0.00
42.55,-1.03,0.00
42.56,-1.03,0.00
42.56,-1.04,0.00
42.57,-1.04,0.00
42.57,-1.04,0.00
42.58,-1.04,0.00
42.58,-1.04,0.00
42.59,-1.04,0.00
42.59,-1.04,0.00
42.60,-1.05,0.00
42.60,-1.05,0.00
42.60,-1.05,0.00
42.61,-1.05,0.00
42.61,-1.05,0.00
42.62,-1.05,0.00
42.62,-1.05,0.00
42.63,-1.06,0.00
42.63,-1.06,0.00
42.64,-1.06,0.00
42.64,-1.06,0.00
42.65,-1.06,0.00
42.65,-1.06,0.00
42.66,-1.06,0.00
42.66,-1.07,0.00
42.66,-1.07,0.00
42.67,-1.07,0.00
42.67,-1.07,0.00
42.68,-1.07,0.00
42.68,-1.07,0.00
42.69,-1.08,0.00
42.69,-1.08,0.00
42.70,-1.08,0.00
42.70,-1.08,0.00
42.71,-1.08,0.00
42.71,-1.08,0.00
42.72,-1.09,0.00
42.72,-1.09,0.00
42.72,-1.09,0.00
42.73,-1.09,0.00
42.73,-1.09,0.00
42.74,-1.09,0.00
42.74,-1.09,0.00
42.75,-1.10,0.00
42.75,-1.10,0.00
42.76,-1.10,0.00
42.76,-1.10,0.00
42.77,-1.10,0.00
42.77,-1.10,0.00
42.77,-1.11,0.00
42.78,-1.11,0.00
42.78,-1.11,0.00
42.79,-1.11,0.00
42.79,-1.11,0.00
42.80,-1.11,0.00
42.80,-1.12,0.00
42.81,-1.12,0.00
42.81,-1.12,0.00
42.82,-1.12,0.00
42.82,-1.12,0.00
42.82,-1.12,0.00
42.83,-1.13,0.00
42.83,-1.13,0.00
42.84,-1.13,0.00
42.84,-1.13,0.00
42.85,-1.13,0.00
42.85,-1.13,0.00
42.86,-1.14,0.00
42.86,-1.14,0.00
42.87,-1.14,0.00
42.87,-1.14,0.00
42.87,-1.14,0.00
42.88,-1.15,0.00
42.88,-1.15,0.00
42.89,-1.15,0.00
42.89,-1.15,0.00
42.90,-1.15,0.00
42.90,-1.15,0.00
42.91,-1.16,0.00
42.91,-1.16,0.00
42.92,-1.16,0.00
42.92,-1.16,0.00
42.92,-1.16,0.00
42.93,-1.16,0.00
42.93,-1.17,0.00
42.94,-1.17,0.00
42.94,-1.17,0.00
42.95,-1.17,0.00
42.95,-1.17,0.00
42.96,-1.18,0.00
42.96,-1.18,0.00
42.97,-1.18,0.00
42.97,-1.18,0.00
42.97,-1.18,0.00
42.98,-1.18,0.00
42.98,-1.19,0.00
42.99,-1.19,0.00
42.99,-1.19,0.00
43.00,-1.19,0.00
43.00,-1.19,0.00
43.01,-1.20,0.00
43.01,-1.20,0.00
43.01,-1.20,0.00
43.02,-1.20,0.00
43.02,-1.20,0.00
43.03,-1.20,0.00
43.03,-1.21,0.00
43.04,-1.21,0.00
43.04,-1.21,0.00
43.05,-1.21,0.00
43.05,-1.21,0.00
43.05,-1.22,0.00
43.06,-1.22,0.00
43.06,-1.22,0.00
43.07,-1.22,0.00
43.07,-1.22,0.00
43.08,-1.23,0.00
43.08,-1.23,0.00
43.09,-1.23,0.00
43.09,-1.23,0.00
43.10,-1.23,0.00
43.10,-1.24,0.00
43.10,-1.24,0.00
43.11,-1.24,0.00
43.11,-1.24,0.00
43.12,-1.24,0.00
43.12,-1.25,0.00
43.13,-1.25,0.00
43.13,-1.25,0.00
43.14,-1.25,0.00
43.14,-1.25,0.00
43.14,-1.25,0.00
43.15,-1.26,0.00
43.15,-1.26,0.00
43.16,-1.26,0.00
43.16,-1.26,0.00
43.17,-1.26,0.00
43.17,-1.27,0.00
43.18,-1.27,0.00
43.18,-1.27,0.00
43.18,-1.27,0.00
43.19,-1.27,0.00
43.19,-1.28,0.00
43.20,-1.28,0.00
43.20,-1.28,0.00
43.21,-1.28,0.00
43.21,-1.28,0.00
43.21,-1.29,0.00
43.22,-1.29,0.00
43.22,-1.29,0.00
43.23,-1.29,0.00
43.23,-1.30,0.00
43.24,-1.30,0.00
43.24,-1.30,0.00
43.25,-1.30,0.00
43.25,-1.30,0.00
43.25,-1.31,0.00
43.26,-1.31,0.00
43.26,-1.31,0.00
43.27,-1.31,0.00
43.27,-1.31,0.00
43.28,-1.32,0.00
43.28,-1.32,0.00
43.29,-1.32,0.00
43.29,-1.32,0.00
43.29,-1.32,0.00
43.30,-1.33,0.00
43.30,-1.33,0.00
43.31,-1.33,0.00
43.31,-1.33,0.00
43.32,-1.33,0.00
43.32,-1.34,0.00
43.32,-1.34,0.00
43.33,-1.34,0.00
43.33,-1.34,0.00
43.34,-1.34,0.00
43.34,-1.35,0.00
43.35,-1.35,0.00
43.35,-1.35,0.00
43.36,-1.35,0.00
43.36,-1.36,0.00
43.36,-1.36,0.00
43.37,-1.36,0.00
43.37,-1.36,0.00
43.38,-1.36,0.00
43.38,-1.37,0.00
43.39,-1.37,0.00
43.39,-1.37,0.00
43.39,-1.37,0.00
43.40,-1.37,0.00
43.40,-1.38,0.00
43.41,-1.38,0.00
43.41,-1.38,0.00
43.42,-1.38,0.00
43.42,-1.39,0.00
43.43,-1.39,0.00
43.43,-1.39,0.00
43.43,-1.39,0.00
43.44,-1.39,0.00
43.44,-1.40,0.00
43.45,-1.40,0.00
43.45,-1.40,0.00
43.46,-1.40,0.00
43.46,-1.41,0.00
43.46,-1.41,0.00
43.47,-1.41,0.00
43.47,-1.41,0.00
43.48,-1.41,0.00
43.48,-1.42,0.00
43.49,-1.42,0.00
43.49,-1.42,0.00
43.49,-1.42,0.00
43.50,-1.43,0.00
43.50,-1.43,0.00
43.51,-1.43,0.00
43.51,-1.43,0.00
43.52,-1.43,0.00
43.52,-1.44,0.00
43.52,-1.44,0.00
43.53,-1.44,0.00
43.53,-1.44,0.00
43.54,-1.45,0.00
43.54,-1.45,0.00
43.55,-1.45,0.00
43.55,-1.45,0.00
43.55,-1.45,0.00
43.56,-1.46,0.00
43.56,-1.46,0.00
43.57,-1.46,0.00
43.57,-1.46,0.00
43.58,-1.47,0.00
43.58,-1.47,0.00
43.58,-1.47,0.00
43.59,-1.47,0.00
43.59,-1.47,0.00
43.60,-1.48,0.00
43.60,-1.48,0.00
43.61,-1.48,0.00
43.61,-1.48,0.00
43.61,-1.49,0.00
43.62,-1.49,0.00
43.62,-1.49,0.00
43.63,-1.49,0.00
43.63,-1.50,0.00
43.64,-1.50,0.00
43.64,-1.50,0.00
43.64,-1.50,0.00
43.65,-1.50,0.00
43.65,-1.51,0.00
43.66,-1.51,0.00
43.66,-1.51,0.00
43.67,-1.51,0.00
43.67,-1.52,0.00
43.67,-1.52,0.00
43.68,-1.52,0.00
43.68,-1.52,0.00
43.69,-1.53,0.00
43.69,-1.53,0.00
43.70,-1.53,0.00
43.70,-1.53,0.00
43.70,-1.54,0.00
43.71,-1.54,0.00
43.71,-1.54,0.00
43.72,-1.54,0.00
43.72,-1.54,0.00
43.73,-1.55,0.00
43.73,-1.55,0.00
43.73,-1.55,0.00
43.74,-1.55,0.00
43.74,-1.56,0.00
43.75,-1.56,0.00
43.75,-1.56,0.00
43.76,-1.56,0.00
43.76,-1.57,0.00
43.76,-1.57,0.00
43.77,-1.57,0.00
43.77,-1.57,0.00
43.78,-1.58,0.00
43.78,-1.58,0.00
43.78,-1.58,0.00
43.79,-1.58,0.00
43.79,-1.58,0.00
43.80,-1.59,0.00
43.80,-1.59,0.00
43.81,-1.59,0.00
43.81,-1.59,0.00
43.81,-1.60,0.00
43.82,-1.60,0.00
43.82,-1.60,0.00
43.83,-1.60,0.00
43.83,-1.61,0.00
43.84,-1.61,0.00
43.84,-1.61,0.00
43.84,-1.61,0.00
43.85,-1.62,0.00
43.85,-1.62,0.00
43.86,-1.62,0.00
43.86,-1.62,0.00
43.87,-1.63,0.00
43.87,-1.63,0.00
43.87,-1.63,0.00
43.88,-1.63,0.00
43.88,-1.64,0.00
43.89,-1.64,0.00
43.89,-1.64,0.00
43.89,-1.64,0.00
43.90,-1.65,0.00
43.90,-1.65,0.00
43.91,-1.65,0.00
43.91,-1.65,0.00
43.92,-1.66,0.00
43.92,-1.66,0.00
43.92,-1.66,0.00
43.93,-1.66,0.00
43.93,-1.67,0.00
43.94,-1.67,0.00
43.94,-1.67,0.00
43.94,-1.67,0.00
43.95,-1.67,0.00
43.95,-1.68,0.00
43.96,-1.68,0.00
43.96,-1.68,0.00
43.97,-1.68,0.00
43.97,-1.69,0.00
43.97,-1.69,0.00
43.98,-1.69,0.00
43.98,-1.69,0.00
43.99,-1.70,0.00
43.99,-1.70,0.00
43.99,-1.70,0.00
44.00,-1.70,0.00
44.00,-1.71,0.00
44.01,-1.71,0.00
44.01,-1.71,0.00
44.02,-1.71,0.00
44.02,-1.72,0.00
44.02,-1.72,0.00
44.03,-1.72,0.00
44.03,-1.72,0.00
44.04,-1.73,0.00
44.04,-1.73,0.00
44.04,-1.73,0.00
44.05,-1.73,0.00
44.05,-1.74,0.00
44.06,-1.74,0.00
44.06,-1.74,0.00
44.07,-1.74,0.00
44.07,-1.75,0.00
44.07,-1.75,0.00
44.08,-1.75,0.00
44.08,-1.76,0.00
44.09,-1.76,0.00
44.09,-1.76,0.00
44.09,-1.76,0.00
44.10,-1.77,0.00
44.10,-1.77,0.00
44.11,-1.77,0.00
44.11,-1.77,0.00
44.12,-1.78,0.00
44.12,-1.78,0.00
44.12,-1.78,0.00
44.13,-1.78,0.00
44.13,-1.79,0.00
44.14,-1.79,0.00
44.14,-1.79,0.00
44.14,-1.79,0.00
44.15,-1.80,0.00
44.15,-1.80,0.00
44.16,-1.80,0.00
44.16,-1.80,0.00
44.16,-1.81,0.00
44.17,-1.81,0.00
44.17,-1.81,0.00
44.18,-1.81,0.00
44.18,-1.82,0.00
44.19,-1.82,0.00
44.19,-1.82,0.00
44.19,-1.82,0.00
44.20,-1.83,0.00
44.20,-1.83,0.00
44.21,-1.83,0.00
44.21,-1.83,0.00
44.21,-1.84,0.00
44.22,-1.84,0.00
44.22,-1.84,0.00
44.23,-1.84,0.00
44.23,-1.85,0.00
44.24,-1.85,0.00
44.24,-1.85,0.00
44.24,-1.85,0.00
44.25,-1.86,0.00
44.25,-1.86,0.00
44.26,-1.86,0.00
44.26,-1.87,0.00
44.26,-1.87,0.00
44.27,-1.87,0.00
44.27,-1.87,0.00
44.28,-1.88,0.00
44.28,-1.88,0.00
44.28,-1.88,0.00
44.29,-1.88,0.00
44.29,-1.89,0.00
44.30,-1.89,0.00
44.30,-1.89,0.00
44.30,-1.89,0.00
44.31,-1.90,0.00
44.31,-1.90,0.00
44.32,-1.90,0.00
44.32,-1.90,0.00
44.33,-1.91,0.00
44.33,-1.91,0.00
44.33,-1.91,0.00
44.34,-1.91,0.00
44.34,-1.92,0.00
44.35,-1.92,0.00
44.35,-1.92,0.00
44.35,-1.93,0.00
44.36,-1.93,0.00
44.36,-1.93,0.00
44.37,-1.93,0.00
44.37,-1.94,0.00
44.37,-1.94,0.00
44.38,-1.94,0.00
44.38,-1.94,0.00
44.39,-1.95,0.00
44.39,-1.95,0.00
44.39,-1.95,0.00
44.40,-1.95,0.00
44.40,-1.96,0.00
44.41,-1.96,0.00
44.41,-1.96,0.00
44.41,-1.97,0.00
44.42,-1.97,0.00
44.42,-1.97,0.00
44.43,-1.97,0.00
44.43,-1.98,0.00
44.44,-1.98,0.00
44.44,-1.98,0.00
44.44,-1.98,0.00
44.45,-1.99,0.00
44.45,-1.99,0.00
44.46,-1.99,0.00
44.46,-1.99,0.00
44.46,-2.00,0.00
44.47,-2.00,0.00
44.47,-2.00,0.00
44.48,-2.00,0.00
44.48,-2.01,0.00
44.48,-2.01,0.00
44.49,-2.01,0.00
44.49,-2.02,0.00
44.50,-2.02,0.00
44.50,-2.02,0.00
44.50,-2.02,0.00
44.51,-2.03,0.00
44.51,-2.03,0.00
44.52,-2.03,0.00
44.52,-2.03,0.00
44.52,-2.04,0.00
44.53,-2.04,0.00
44.53,-2.04,0.00
44.54,-2.05,0.00
44.54,-2.05,0.00
44.54,-2.05,0.00
44.55,-2.05,0.00
44.55,-2.06,0.00
44.56,-2.06,0.00
44.56,-2.06,0.00
44.57,-2.06,0.00
44.57,-2.07,0.00
44.57,-2.07,0.00
44.58,-2.07,0.00
44.58,-2.07,0.00
44.59,-2.08,0.00
44.59,-2.08,0.00
44.59,-2.08,0.00
44.60,-2.09,0.00
44.60,-2.09,0.00
44.61,-2.09,0.00
44.61,-2.09,0.00
44.61,-2.10,0.00
44.62,-2.10,0.00
44.62,-2.10,0.00
44.63,-2.10,0.00
44.63,-2.11,0.00
44.63,-2.11,0.00
44.64,-2.11,0.00
44.64,-2.12,0.00
44.65,-2.12,0.00
44.65,-2.12,0.00
44.65,-2.12,0.00
44.66,-2.13,0.00
44.66,-2.13,0.00
44.67,-2.13,0.00
44.67,-2.13,0.00
44.67,-2.14,0.00
44.68,-2.14,0.00
44.68,-2.14,0.00
44.69,-2.15,0.00
44.69,-2.15,0.00
44.69,-2.15,0.00
44.70,-2.15,0.00
44.70,-2.16,0.00
44.71,-2.16,0.00
44.71,-2.16,0.00
44.71,-2.16,0.00
44.72,-2.17,0.00
44.72,-2.17,0.00
44.73,-2.17,0.00
44.73,-2.18,0.00
44.73,-2.18,0.00
44.74,-2.18,0.00
44.74,-2.18,0.00
44.75,-2.19,0.00
44.75,-2.19,0.00
44.75,-2.19,0.00
44.76,-2.19,0.00
44.76,-2.20,0.00
44.77,-2.20,0.00
44.77,-2.20,0.00
44.77,-2.21,0.00
44.78,-2.21,0.00
44.78,-2.21,0.00
44.79,-2.21,0.00
44.79,-2.22,0.00
44.79,-2.22,0.00
44.80,-2.22,0.00
44.80,-2.22,0.00
44.81,-2.23,0.00
44.81,-2.23,0.00
44.81,-2.23,0.00
44.82,-2.24,0.00
44.82,-2.24,0.00
44.83,-2.24,0.00
44.83,-2.24,0.00
44.83,-2.25,0.00
44.84,-2.25,0.00
44.84,-2.25,0.00
44.85,-2.25,0.00
44.85,-2.26,0.00
44.85,-2.26,0.00
44.86,-2.26,0.00
44.86,-2.27,0.00
44.87,-2.27,0.00
44.87,-2.27,0.00
44.87,-2.27,0.00
44.88,-2.28,0.00
44.88,-2.28,0.00
44.89,-2.28,0.00
44.89,-2.29,0.00
44.89,-2.29,0.00
44.90,-2.29,0.00
44.90,-2.29,0.00
44.91,-2.30,0.00
44.91,-2.30,0.00
44.91,-2.30,0.00
44.92,-2.30,0.00
44.92,-2.31,0.00
44.93,-2.31,0.00
44.93,-2.31,0.00
44.93,-2.32,0.00
44.94,-2.32,0.00
44.94,-2.32,0.00
44.95,-2.32,0.00
44.95,-2.33,0.00
44.95,-2.33,0.00
44.96,-2.33,0.00
44.96,-2.33,0.00
44.97,-2.34,0.00
44.97,-2.34,0.00
44.97,-2.34,0.00
44.98,-2.35,0.00
44.98,-2.35,0.00
44.99,-2.35,0.00
44.99,-2.35,0.00
44.99,-2.36,0.00
45.00,-2.36,0.00
45.00,-2.36,0.00
45.01,-2.37,0.00
45.01,-2.37,0.00
45.01,-2.37,0.00
45.02,-2.37,0.00
45.02,-2.38,0.00
45.03,-2.38,0.00
45.03,-2.38,0.00
45.03,-2.38,0.00
45.04,-2.39,0.00
45.04,-2.39,0.00
45.05,-2.39,0.00
45.05,-2.40,0.00
45.05,-2.40,0.00
45.06,-2.40,0.00
45.06,-2.40,0.00
45.07,-2.41,0.00
45.07,-2.41,0.00
45.07,-2.41,0.00
45.08,-2.42,0.00
45.08,-2.42,0.00
45.09,-2.42,0.00
45.09,-2.42,0.00
45.09,-2.43,0.00
45.10,-2.43,0.00
45.10,-2.43,0.00
45.11,-2.44,0.00
45.11,-2.44,0.00
45.11,-2.44,0.00
45.12,-2.44,0.00
45.12,-2.45,0.00
45.13,-2.45,0.00
45.13,-2.45,0.00
45.13,-2.45,0.00
45.14,-2.46,0.00
45.14,-2.46,0.00
45.15,-2.46,0.00
45.15,-2.47,0.00
45.15,-2.47,0.00
45.16,-2.47,0.00
45.16,-2.47,0.00
45.17,-2.48,0.00
45.17,-2.48,0.00
45.17,-2.48,0.00
45.18,-2.49,0.00
45.18,-2.49,0.00
45.19,-2.49,0.00
45.19,-2.49,0.00
45.19,-2.50,0.00
45.20,-2.50,0.00
45.20,-2.50,0.00
45.21,-2.51,0.00
45.21,-2.51,0.00
45.21,-2.51,0.00
45.22,-2.51,0.00
45.22,-2.52,0.00
45.22,-2.52,0.00
45.23,-2.52,0.00
45.23,-2.52,0.00
45.24,-2.53,0.00
45.24,-2.53,0.00
45.24,-2.53,0.00
45.25,-2.54,0.00
45.25,-2.54,0.00
45.26,-2.54,0.00
45.26,-2.54,0.00
45.26,-2.55,0.00
45.27,-2.55,0.00
45.27,-2.55,0.00
45.28,-2.56,0.00
45.28,-2.56,0.00
45.28,-2.56,0.00
45.29,-2.56,0.00
45.29,-2.57,0.00
45.30,-2.57,0.00
45.30,-2.57,0.00
45.30,-2.58,0.00
45.31,-2.58,0.00
45.31,-2.58,0.00
45.32,-2.58,0.00
45.32,-2.59,0.00
45.32,-2.59,0.00
45.33,-2.59,0.00
45.33,-2.60,0.00
45.34,-2.60,0.00
45.34,-2.60,0.00
45.34,-2.60,0.00
45.35,-2.61,0.00
45.35,-2.61,0.00
45.36,-2.61,0.00
45.36,-2.61,0.00
45.36,-2.62,0.00
45.37,-2.62,0.00
45.37,-2.62,0.00
45.38,-2.63,0.00
45.38,-2.63,0.00
45.38,-2.63,0.00
45.39,-2.63,0.00
45.39,-2.64,0.00
45.40,-2.64,0.00
45.40,-2.64,0.00
45.40,-2.65,0.00
45.41,-2.65,0.00
45.41,-2.65,0.00
45.41,-2.65,0.00
