POLYGON ((26.55659211657692 -0.8330214903864235, 26.560796729936158 -0.8358657867452987, 26.565000808708916 -0.8387108731531064, 26.569204355178226 -0.8415567459383335, 26.573407371627116 -0.8444034014294659, 26.57760986033859 -0.8472508359549896, 26.581811823595675 -0.8500990458433916, 26.586013263681394 -0.8529480274231576, 26.590214182878782 -0.8557977770227746, 26.594414583470837 -0.8586482909707283, 26.598614467740635 -0.8614995655955601, 26.602813837973834 -0.8643515972306374, 26.60701269646076 -0.8672043822178757, 26.611211045492222 -0.8700579169000662, 26.615408887359017 -0.87291219762, 26.619606224352008 -0.8757672207205973, 26.623803058764462 -0.8786229825491214, 26.627999392892555 -0.8814794794581102, 26.632195229032625 -0.8843367078004186, 26.63639056948101 -0.8871946639289023, 26.640585416534247 -0.8900533441967453, 26.644779772491965 -0.8929127449627408, 26.64897363965644 -0.8957728625903879, 26.65316702032999 -0.8986336934433301, 26.65735991681496 -0.9014952338852118, 26.66155233141403 -0.9043574802802816, 26.66574426643329 -0.9072204289988387, 26.669935724180778 -0.9100840764146648, 26.67412670696456 -0.9129484189015828, 26.678317217092726 -0.9158134528334161, 26.68250725687392 -0.9186791745850073, 26.686696828620452 -0.9215455805376099, 26.69088593464606 -0.924412667074966, 26.695074577264485 -0.9272804305808225, 26.69926275878946 -0.9301488674389266, 26.70345048153564 -0.9330179740345842, 26.70763774782137 -0.9358877467594734, 26.71182455996595 -0.9387581820068983, 26.716010920288685 -0.9416292761701642, 26.720196831108872 -0.9445010256425801, 26.724382294747155 -0.9473734268196872, 26.72856731352769 -0.9502464761030197, 26.732751889775265 -0.9531201698951091, 26.73693602581464 -0.9559945045984858, 26.7411197239706 -0.9588694766157116, 26.74530298656972 -0.9617450823523106, 26.749485815941814 -0.9646213182191457, 26.75366821441701 -0.9674981806276404, 26.75785018432545 -0.9703756659892178, 26.762031727997336 -0.9732537707154066, 26.766212847765125 -0.9761324912213893, 26.77039354596407 -0.9790118239268563, 26.77457382492959 -0.9818917652517768, 26.778753686997106 -0.9847723116161196, 26.782933134502194 -0.987653459440097, 26.787112169783118 -0.990535205148161, 26.791290795180416 -0.9934175451683656, 26.795469013034708 -0.9963004759288789, 26.79964682568661 -0.9991839938578702, 26.80382423547704 -1.0020680953839667, 26.808001244749963 -1.0049527769404498, 26.812177855851072 -1.0078380349633034, 26.816354071126106 -1.0107238658885447, 26.820529892920813 -1.013610266152192, 26.824705323581423 -1.0164972321910273, 26.82888036545745 -1.0193847604466733, 26.833055020899664 -1.0222728473626388, 26.837229292258844 -1.025161489382438, 26.841403181885756 -1.028050682949584, 26.845576692132 -1.0309404245087568, 26.849749825352472 -1.0338307105093962, 26.8539225839029 -1.036721537402157, 26.858094970139035 -1.039612901637694, 26.862266986416632 -1.042504799666665, 26.86643863509261 -1.0453972279413788, 26.8706099185271 -1.0482901829185454, 26.874780839080742 -1.051183661055597, 26.878951399114182 -1.0540776588099667, 26.88312160098808 -1.0569721726391124, 26.88729144706473 -1.0598671990026336, 26.89146093970936 -1.0627627343639356, 26.895630081287493 -1.0656587751868163, 26.899798874164624 -1.0685553179350717, 26.903967320706336 -1.0714523590725793, 26.908135423280264 -1.0743498950658623, 26.9123031842565 -1.0772479223846352, 26.91647060600532 -1.0801464374988015, 26.920637690896942 -1.0830454368782665, 26.9248044413018 -1.085944916993114, 26.928970859592752 -1.0888448743164052, 26.933136948144707 -1.0917453053236494, 26.937302709332638 -1.0946462064904305, 26.941468145531527 -1.0975475742923317, 26.945633259116622 -1.1004494052052696, 26.94979805246598 -1.1033516957083551, 26.953962527959224 -1.1062544422824767, 26.958126687975955 -1.109157641408541, 26.962290534895814 -1.1120612895674564, 26.966454071098926 -1.1149653832406716, 26.970617298968413 -1.1178699189128565, 26.974780220888515 -1.120774893069865, 26.97894283924346 -1.1236803021975534, 26.98310515641746 -1.126586142781777, 26.987267174795566 -1.1294924113091962, 26.991428896765846 -1.1323991042695223, 26.99559032471706 -1.1353062181531868, 26.999751461038016 -1.138213749450623, 27.003912308117485 -1.1411216946522664, 27.00807286834543 -1.1440300502496523, 27.01223314411474 -1.146938812737005, 27.016393137818692 -1.1498479786089506, 27.02055285185059 -1.1527575443601161, 27.024712288603723 -1.155667506485149, 27.028871450473055 -1.1585778614800804, 27.03303033985606 -1.161488605843174, 27.0371889591505 -1.1643997360728973, 27.041347310754123 -1.1673112486677186, 27.045505397064737 -1.1702231401261625, 27.049663220482238 -1.1731354069483, 27.053820783408725 -1.176048045635876, 27.05797808824643 -1.1789610526907188, 27.062135137397572 -1.181874424614657, 27.066291933264534 -1.1847881579096402, 27.070448478252153 -1.1877022490792966, 27.074604774767 -1.1906166946284715, 27.07876082521569 -1.1935314910620383, 27.082916632004835 -1.1964466348848704, 27.08707219754138 -1.1993621226020537, 27.091227524234974 -1.2022779507203756, 27.095382614496497 -1.2051941157474393, 27.099537470736884 -1.2081106141908535, 27.103692095367037 -1.2110274425582281, 27.10784649079847 -1.2139445973574747, 27.11200065944554 -1.2168620750980055, 27.116154603723484 -1.219779872289692, 27.120308326047557 -1.2226979854424078, 27.12446182883301 -1.2256164110660266, 27.128615114495993 -1.2285351456708244, 27.132768185455486 -1.231454185768327, 27.136921044131032 -1.234373527870302, 27.14107369294214 -1.2372931684885162, 27.145226134308352 -1.2402131041347406, 27.14937837065054 -1.24313333132121, 27.15353040439215 -1.246053846561079, 27.157682237957005 -1.2489746463676121, 27.16183387376886 -1.2518957272540714, 27.16598531425158 -1.2548170857337333, 27.170136561830724 -1.257738718320331, 27.17428761893416 -1.260660621528194, 27.178438487989897 -1.2635827918716915, 27.182589171425953 -1.2665052258651928, 27.18673967167047 -1.2694279200230865, 27.190889991153757 -1.2723508708601197, 27.195040132307955 -1.2752740748913438, 27.199190097565314 -1.2781975286318206, 27.203339889358062 -1.2811212285966125, 27.207489510118684 -1.2840451713008023, 27.21163896228215 -1.2869693532596829, 27.21578824828482 -1.2898937709886638, 27.219937370563088 -1.2928184210031555, 27.224086331553313 -1.295743299818569, 27.228235133692365 -1.2986684039502814, 27.23238377941994 -1.301593729913487, 27.236532271176706 -1.3045192742233136, 27.24068061140332 -1.307445033394889, 27.244828802540457 -1.3103710039433414, 27.248976847029585 -1.3132971823837227, 27.253124747314843 -1.3162235652308198, 27.25727250584097 -1.3191501489993627, 27.261420125052716 -1.322076930204081, 27.265567607394825 -1.3250039053597038, 27.269714955313233 -1.3279310709807048, 27.27386217125645 -1.3308584235810137, 27.27800925767332 -1.3337859596744894, 27.282156217012684 -1.336713675774991, 27.286303051723415 -1.3396415683963654, 27.29044976425605 -1.3425696340519249, 27.294596357063384 -1.3454978692542547, 27.298742832598364 -1.348426270515887, 27.30288919331396 -1.3513548343493547, 27.30703544166323 -1.3542835572671423, 27.311181580101334 -1.3572124357808553, 27.31532761108526 -1.3601414664013305, 27.31947353707205 -1.3630706456393762, 27.32361936051876 -1.3659999700058039, 27.327765083882696 -1.3689294360112885, 27.331910709623603 -1.3718590401652209, 27.336056240202595 -1.3747887789762776, 27.340201678080813 -1.3777186489531252, 27.34434702571936 -1.3806486466044323, 27.34849228557988 -1.3835787684385632, 27.352637460126644 -1.3865090109622087, 27.356782551824846 -1.3894393706814876, 27.36092756313969 -1.392369844102516, 27.365072496536367 -1.3953004277314116, 27.369217354480913 -1.398231118073686, 27.373362139442026 -1.401161911632872, 27.37750685388899 -1.4040928049121009, 27.381651500291042 -1.4070237944145028, 27.385796081117487 -1.4099548766432017, 27.38994059883883 -1.4128860481002796, 27.394085055928063 -1.4158173052857725, 27.398229454858466 -1.4187486446994753, 27.402373798103298 -1.4216800628411819, 27.40651808813591 -1.4246115562106378, 27.410662327431435 -1.427543121305834, 27.414806518467223 -1.4304747546226189, 27.418950663720796 -1.433406452656712, 27.423094765669642 -1.4363382119038317, 27.427238826791413 -1.439270028859548, 27.431382849565853 -1.4422019000172364, 27.43552683647433 -1.4451338218685985, 27.439670789998242 -1.4480657909052932, 27.443814712619005 -1.4509978036189803, 27.447958606818332 -1.4539298565009435, 27.452102475080483 -1.4568619460395675, 27.456246319890838 -1.4597940687218824, 27.460390143734813 -1.462726221034912, 27.46453394909782 -1.465658399465679, 27.46867773846588 -1.468590600500431, 27.47282151432769 -1.4715228206220201, 27.476965279172692 -1.47445505631237, 27.481109035490302 -1.477387304053406, 27.485252785769973 -1.4803195603270487, 27.48939653250214 -1.4832518216138073, 27.493540278179847 -1.4861840843906386, 27.497684025296547 -1.4891163451339469, 27.50182777634567 -1.492048600320137, 27.505971533820677 -1.494980846425573, 27.510115300216565 -1.4979130799243614, 27.514259078030577 -1.5008452972872286, 27.518402869760177 -1.5037774949846243, 27.52254667790279 -1.5067096694869964, 27.526690504955976 -1.5096418172646293, 27.530834353419287 -1.5125739347846003, 27.53497822579409 -1.5155060185110794, 27.539122124581823 -1.5184380649081322, 27.543266052283933 -1.521370070439823, 27.547410011402107 -1.5243020315697715, 27.551554004440472 -1.5272339447574612, 27.555698033904452 -1.5301658064601336, 27.55984210229949 -1.5330976131350085, 27.56398621213104 -1.5360293612393057, 27.568130365905056 -1.538961047229288, 27.572274566130126 -1.5418926675564593, 27.576418815315616 -1.544824218670843, 27.580563115970925 -1.5477556970224637, 27.584707470605398 -1.5506870990613417, 27.58885188172944 -1.553618421235611, 27.59299635185613 -1.5565496599882036, 27.597140883498998 -1.5594808117611605, 27.60128547917164 -1.5624118729965275, 27.605430141387604 -1.5653428401362988, 27.609574872661902 -1.568273709619528, 27.613719675511796 -1.5712044778806253, 27.617864552454723 -1.574135141353596, 27.622009506008133 -1.577065696472443, 27.62615453868958 -1.579996139670959, 27.630299653018547 -1.5829264673787087, 27.6344448515163 -1.58585667602136, 27.638590136704185 -1.588786762024434, 27.642735511103524 -1.5917167218134514, 27.646880977235945 -1.5946465518133275, 27.651026537625427 -1.5975762484434712, 27.655172194797323 -1.6005058081203591, 27.659317951276915 -1.6034352272604393, 27.66346380958955 -1.606364502280161, 27.667609772261088 -1.6092936295946298, 27.671755841820033 -1.6122226056126563, 27.675902020795647 -1.6151514267412002, 27.680048311717204 -1.6180800893872245, 27.684194717113964 -1.6210085899576827, 27.688341239516223 -1.6239369248569782, 27.692487881456774 -1.6268650904831123, 27.69663464546887 -1.6297930832330998, 27.7007815340857 -1.632720899503954, 27.704928549840517 -1.6356485356925983, 27.70907569526812 -1.6385759881918276, 27.713222972905513 -1.641503253388682, 27.71737038528983 -1.6444303276697732, 27.72151793495824 -1.6473572074217149, 27.725665624448 -1.650283889030746, 27.729813456298512 -1.6532103688773134, 27.733961433050816 -1.6561366433372953, 27.738109557245956 -1.6590627087864465, 27.742257831425036 -1.6619885616005223, 27.746406258129465 -1.6649141981542694, 27.750554839903156 -1.6678396148152566, 27.754703579291103 -1.6707648079479382, 27.75885247883828 -1.6736897739167556, 27.76300154108969 -1.6766145090861506, 27.76715076859104 -1.6795390098183842, 27.771300163890654 -1.6824632724678712, 27.775449729537428 -1.6853872933872602, 27.77959946808027 -1.6883110689292007, 27.7837493820681 -1.6912345954463037, 27.787899474051155 -1.6941578692871242, 27.79204974658219 -1.6970808867925906, 27.796200202214226 -1.7000036443027877, 27.800350843500283 -1.7029261381578007, 27.804501672993446 -1.7058483646974714, 27.808652693248526 -1.708770320255799, 27.812803906822083 -1.7116920011608092, 27.816955316270732 -1.7146134037402596, 27.821106924151124 -1.7175345243219062, 27.825258733020128 -1.7204553592326661, 27.82941074543697 -1.7233759047914903, 27.833562963962194 -1.7262961573129338, 27.837715391156333 -1.7292161131115054, 27.84186802957993 -1.7321357685017125, 27.846020881794114 -1.7350551197960515, 27.850173950362514 -1.7379741632979537, 27.854327237849507 -1.7408928953083045, 27.858480746819467 -1.7438113121279875, 27.862634479836775 -1.7467294100578683, 27.86678843946688 -1.7496471853948194, 27.87094262827766 -1.752564634426809, 27.875097048837315 -1.7554817534406006, 27.879251703714043 -1.7583985387229586, 27.88340659547608 -1.7613149865604343, 27.887561726693384 -1.7642310932331204, 27.89171709993783 -1.767146855013611, 27.89587271778142 -1.7700622681740794, 27.900028582796146 -1.7729773289866995, 27.904184697554214 -1.7758920337228234, 27.908341064630044 -1.7788063786449904, 27.91249768659938 -1.7817203600103844, 27.91665456603799 -1.784633974076114, 27.920811705521672 -1.78754721709929, 27.92496910762669 -1.7904600853348764, 27.929126774931845 -1.7933725750275278, 27.933284710016657 -1.7962846824188017, 27.937442915460657 -1.799196403750256, 27.94160139384337 -1.802107735263429, 27.945760147745393 -1.8050186731954194, 27.94991917974959 -1.807929213773187, 27.95407849243924 -1.8108393532222862, 27.958238088397557 -1.8137490877682685, 27.962397970207846 -1.8166584136364394, 27.966558140455078 -1.8195673270446973, 27.97071860172612 -1.8224758242024726, 27.974879356607964 -1.8253839013187332, 27.9790404076876 -1.8282915546024463, 27.98320175755223 -1.8311987802615548, 27.98736340879137 -1.8341055744937378, 27.991525363995834 -1.8370119334907646, 27.995687625756467 -1.8399178534443341, 27.9998501966641 -1.8428233305461452, 28.004013079310084 -1.8457283609852737, 28.008176276288005 -1.8486329409394213, 28.01233979019204 -1.8515370665832045, 28.01650362361638 -1.8544407340912388, 28.0206677791552 -1.8573439396380997, 28.024832259403837 -1.8602466793927805, 28.028997066959853 -1.8631489495131561, 28.033162204421075 -1.8660507461557825, 28.03732767438533 -1.868952065477215, 28.041493479450548 -1.871852903633598, 28.045659622216352 -1.8747532567721013, 28.049826105284023 -1.877653121031202, 28.05399293125492 -1.8805524925490202, 28.05816010273042 -1.883451367463677, 28.062327622312143 -1.8863497419117479, 28.066495492603945 -1.8892476120179371, 28.070663716210674 -1.8921449739014353, 28.074832295737206 -1.895041823681403, 28.079001233788386 -1.8979381574770005, 28.083170532969792 -1.9008339714034577, 28.087340195889258 -1.9037292615631247, 28.0915102251551 -1.9066240240557188, 28.095680623375618 -1.9095182549809557, 28.099851393159152 -1.9124119504384098, 28.104022537115345 -1.9153051065200466, 28.108194057855737 -1.9181977193065467, 28.112365957992054 -1.9210897848776782, 28.116538240136002 -1.9239812993132086, 28.120710906899443 -1.9268722586920248, 28.124883960896092 -1.9297626590815937, 28.129057404740976 -1.9326524965414107, 28.133231241049163 -1.9355417671308077, 28.137405472435674 -1.938430466909118, 28.141580101516006 -1.9413185919328764, 28.145755130907858 -1.9442061382447453, 28.149930563229557 -1.9470931018830857, 28.154106401099476 -1.9499794788862614, 28.15828264713596 -1.952865265292594, 28.162459303958318 -1.9557504571340443, 28.166636374187814 -1.9586350504292869, 28.170813860445953 -1.9615190411953296, 28.174991765354243 -1.9644024254491819, 28.179170091534292 -1.967285199207318, 28.18334884160939 -1.970167358475165, 28.187528018204453 -1.973048899247751, 28.19170762394443 -1.975929817519696, 28.195887661454293 -1.978810109285623, 28.200068133359274 -1.9816897705380678, 28.20424904228644 -1.984568797255417, 28.20843039086362 -1.9874471854101747, 28.21261218171864 -1.9903249309748283, 28.216794417479324 -1.9932020299218525, 28.220977100774228 -1.9960784782181813, 28.225160234233833 -1.998954271815855, 28.22934382048894 -2.0018294066644415, 28.233527862170355 -2.0047038787135074, 28.23771236190893 -2.00757768391227, 28.241897322336815 -2.0104508181994856, 28.24608274608767 -2.0133232775018963, 28.25026863579523 -2.016195057745583, 28.254454994093244 -2.0190661548566284, 28.25864182361567 -2.021936564759333, 28.262829126998188 -2.024806283363189, 28.267016906877387 -2.027675306570349, 28.271205165889846 -2.030543630282913, 28.275393906672146 -2.033411250402978, 28.279583131861457 -2.036278162827439, 28.28377284409676 -2.0391443634370283, 28.28796304601738 -2.0420098481093496, 28.29215374026267 -2.044874612722005, 28.296344929471964 -2.0477386531523085, 28.300536616285765 -2.0506019652670355, 28.30472880334597 -2.0534645449196307, 28.308921493294577 -2.056326387962685, 28.313114688773567 -2.059187490248791, 28.317308392425122 -2.0620478476288135, 28.32150260689294 -2.064907455938095, 28.32569733482159 -2.0677663110037767, 28.3298925788556 -2.0706244086529195, 28.33408834163952 -2.0734817447125864, 28.338284625818428 -2.0763383150044574, 28.342481434038977 -2.079194115332993, 28.346678768948188 -2.082049141499222, 28.35087663319303 -2.0849033893041704, 28.355075029420554 -2.0877568545485508, 28.359273960278774 -2.090609533021805, 28.363473428416977 -2.0934614204992705, 28.367673436484512 -2.096312512755392, 28.37187398713072 -2.099162805564615, 28.376075083005137 -2.1020122946994246, 28.38027672675859 -2.1048609759156927, 28.384478921042625 -2.107708844960922, 28.388681668508756 -2.110555897582553, 28.392884971808513 -2.113402129528021, 28.39708883359394 -2.1162475365384847, 28.401293256518585 -2.1190921143368215, 28.405498243236263 -2.1219358586425954, 28.409703796400798 -2.1247787651753702, 28.41390991866603 -2.127620829654255, 28.418116612686696 -2.130462047785611, 28.422323881118512 -2.1333024152616575, 28.426531726617238 -2.136141927773873, 28.43074015183865 -2.138980581013738, 28.434949159438645 -2.1418183706701384, 28.439158752074235 -2.1446552924138755, 28.443368932402844 -2.1474913419080495, 28.447579703081924 -2.1503265148157307, 28.45179106676892 -2.1531608067999635, 28.456003026121746 -2.155994213515877, 28.46021558379943 -2.158826730599992, 28.464428742461156 -2.161658353686154, 28.468642504766095 -2.1644890784082116, 28.47285687337347 -2.1673189003991915, 28.477071850943293 -2.170147815277011, 28.481287440136267 -2.172975818646298, 28.485503643613093 -2.175802906111229, 28.489720464034484 -2.178629073275978, 28.49393790406136 -2.181454315740773, 28.498155966355537 -2.1842786290858753, 28.502374653579107 -2.1871020088852493, 28.506593968394206 -2.1899244507128577, 28.510813913462925 -2.192745950142526, 28.515034491447828 -2.195566502737376, 28.51925570501218 -2.1983861040423944, 28.52347755681932 -2.20120474960081, 28.527700049532587 -2.204022434955852, 28.531923185815373 -2.206839155649089, 28.536146968331696 -2.209654907203896, 28.54037139974595 -2.2124696851324086, 28.544596482722525 -2.2152834849465974, 28.54882221992583 -2.2180963021584317, 28.553048614020437 -2.220908132273379, 28.55727566767151 -2.2237189707758747, 28.56150338354434 -2.2265288131461065, 28.5657317643042 -2.2293376548642634, 28.569960812616383 -2.232145491409994, 28.574190531146495 -2.2349523182481996, 28.578420922560515 -2.2377581308275936, 28.582651989524393 -2.2405629245960568, 28.586883734704134 -2.243366695001474, 28.591116160765754 -2.246169437488217, 28.595349270375614 -2.248971147479344, 28.59958306620021 -2.251771820389922, 28.603817550906005 -2.254571451635001, 28.608052727159496 -2.257370036629528, 28.61228859762726 -2.260167570777582, 28.61652516497608 -2.262964049463054, 28.620762431872723 -2.2657594680676363, 28.625000400983996 -2.2685538219730237, 28.62923907497669 -2.2713471065591735, 28.633478456517654 -2.274139317186466, 28.637718548273742 -2.27693044920293, 28.641959352911837 -2.279720497956402, 28.646200873098806 -2.282509458794715, 28.65044311150154 -2.285297327058235, 28.654686070787 -2.2880840980644384, 28.65892975362215 -2.29086976712643, 28.663174162673958 -2.2936543295573113, 28.667419300609374 -2.2964377806694287, 28.67166517009508 -2.2992201157583816, 28.67591177379744 -2.302001330103406, 28.68015911438284 -2.304781418983054, 28.68440719451764 -2.307560377675877, 28.688656016868162 -2.310338201455613, 28.69290558410033 -2.3131148855724857, 28.697155898879984 -2.3158904252695516, 28.70140696387294 -2.318664815789865, 28.705658781745033 -2.3214380523761915, 28.70991135516174 -2.3242101302572507, 28.71416468678809 -2.3269810446416908, 28.718418779289077 -2.3297507907366235, 28.722673635329684 -2.3325193637491584, 28.726929257574813 -2.3352867588832917, 28.731185648688673 -2.338052971320018, 28.735442811335176 -2.3408179962300144, 28.73970074817824 -2.34358182878391, 28.74395946188176 -2.3463444641522466, 28.74821895510922 -2.3491058974941215, 28.7524792305233 -2.351866123945866, 28.75674029078655 -2.35462513864111, 28.76100213856154 -2.3573829367134898, 28.765264776510744 -2.3601395132946017, 28.76952820729569 -2.3628948634941196, 28.77379243357735 -2.365648982408362, 28.778057458016633 -2.3684018651334555, 28.782323283274508 -2.3711535067655105, 28.78658991201145 -2.3739039023913064, 28.7908573468867 -2.3766530470729696, 28.795125590559294 -2.3794009358686066, 28.799394645688295 -2.3821475638363236, 28.803664514932652 -2.3848929260328466, 28.80793520095017 -2.387637017494179, 28.812206706397713 -2.390379833240312, 28.816479033932136 -2.393121368290823, 28.820752186210285 -2.3958616176652874, 28.825026165888502 -2.398600576375482, 28.829300975621514 -2.4013382394073095, 28.833576618063642 -2.4040746017413093, 28.83785309586926 -2.4068096583580196, 28.84213041169264 -2.409543404236989, 28.846408568186675 -2.4122758343380384, 28.850687568002943 -2.415006943602841, 28.854967413793 -2.4177367269723953, 28.859248108208376 -2.4204651793876986, 28.863529653900095 -2.4231922957829313, 28.867812053517063 -2.4259180710655825, 28.872095309707692 -2.428642500136613, 28.876379425120387 -2.4313655778969823, 28.88066440240347 -2.4340872992468627, 28.88495024420367 -2.436807659067297, 28.88923695316599 -2.439526652219596, 28.89352453193538 -2.4422442735641634, 28.89781298315679 -2.4449605179614045, 28.902102309474547 -2.4476753802653937, 28.906392513530456 -2.4503888553029123, 28.910683597965598 -2.4531009378933866, 28.914975565421045 -2.4558116228562414, 28.919268418537847 -2.4585209050101926, 28.923562159955157 -2.46122877915481, 28.927856792310127 -2.463935240068829, 28.932152318239808 -2.466640282529937, 28.936448740381252 -2.4693439013158227, 28.940746061370806 -2.4720460911978757, 28.94504428384174 -2.4747468469196106, 28.949343410426494 -2.4774461632168276, 28.95364344375747 -2.4801440348253285, 28.95794438646702 -2.482840456480179, 28.962246241185188 -2.4855354228969078, 28.966549010539513 -2.4882289287699573, 28.970852697157465 -2.4909209687927225, 28.975157303666485 -2.4936115376585963, 28.979462832693176 -2.496300630054208, 28.983769286860593 -2.4989882406375434, 28.98807666879089 -2.5016743640590136, 28.992384981106174 -2.504358994969025, 28.99669422642848 -2.5070421280170954, 29.00100440737708 -2.5097237578320026, 29.005315526568488 -2.5124038790216456, 29.009627586619104 -2.515082486193001, 29.013940590145328 -2.5177595739530485, 29.01825453976246 -2.520435136901008, 29.022569438081725 -2.5231091696068466, 29.02688528771337 -2.5257816666336446, 29.031202091267637 -2.528452622544476, 29.0355198513546 -2.5311220319012024, 29.03983857058097 -2.5337898892431205, 29.044158251550527 -2.536456189089633, 29.048478896866936 -2.539120925959461, 29.05280050913385 -2.5417840943713177, 29.057123090953468 -2.5444456888344598, 29.06144664492332 -2.5471057038285636, 29.06577117364005 -2.549764133827539, 29.070096679700303 -2.552420973305296, 29.074423165700402 -2.555076216733918, 29.078750634232566 -2.5577298585605344, 29.083079087886016 -2.5603818932142035, 29.087408529249913 -2.5630323151235768, 29.091738960913403 -2.565681118717273, 29.096070385463527 -2.568328298411862, 29.10040280548227 -2.570973848594662, 29.1047362235508 -2.573617763648633, 29.109070642250323 -2.576260037956732, 29.113406064161513 -2.5789006658990203, 29.117742491859953 -2.581539641827862, 29.122079927918453 -2.5841769600802595, 29.126418374909765 -2.5868126149930495, 29.130757835406605 -2.5894466009028965, 29.13509831197868 -2.5920789121308223, 29.139439807190392 -2.594709542969993, 29.143782323605528 -2.597338487710694, 29.14812586378791 -2.5999657406432157, 29.15247043030041 -2.6025912960530904, 29.156816025699797 -2.60521514819557, 29.161162652540405 -2.6078372913140093, 29.165510313376632 -2.610457719651743, 29.169859010762718 -2.6130764274515252, 29.174208747248617 -2.6156934089358974, 29.178559525379065 -2.6183086583023796, 29.182911347698443 -2.620922169746933, 29.187264216751124 -2.623533937465521, 29.19161813507976 -2.6261439556462447, 29.195973105219995 -2.628752218445369, 29.2003291297057 -2.6313587200110997, 29.20468621107071 -2.633963454491638, 29.209044351848547 -2.636566416033629, 29.213403554566863 -2.6391675987583314, 29.21776382174859 -2.6417669967663993, 29.222125155916498 -2.644364604157891, 29.226487559593377 -2.6469604150328263, 29.230851035298915 -2.649554423478433, 29.235215585545358 -2.6521466235508724, 29.239581212843845 -2.6547370093016807, 29.24394791970552 -2.657325574782395, 29.248315708640586 -2.6599123140408834, 29.252684582151716 -2.662497221094789, 29.257054542737812 -2.6650802899468733, 29.261425592897773 -2.6676615145997955, 29.265797735130405 -2.6702408890558047, 29.27017097192942 -2.6728184072977204, 29.27454530578145 -2.675394063281, 29.278920739172573 -2.6779678509590323, 29.283297274588865 -2.6805397642852125, 29.287674914514316 -2.683109797205191, 29.292053661423946 -2.685677943631563, 29.296433517790426 -2.688244197468115, 29.3008144860864 -2.690808552618624, 29.30519656878401 -2.693371002985132, 29.30957976834786 -2.6959315424430237, 29.31396408723662 -2.698490164846817, 29.318349527908794 -2.701046864050479, 29.322736092822865 -2.7036016339078883, 29.327123784433045 -2.7061544682582186, 29.33151260518428 -2.708705360909231, 29.33590255752039 -2.711254305664649, 29.34029364388516 -2.713801296328194, 29.34468586672085 -2.716346326698528, 29.349079228459797 -2.71888939054177, 29.353473731530414 -2.721430481611158, 29.3578693783611 -2.723969593659901, 29.362266171379964 -2.726506720440276, 29.36666411300763 -2.7290418556808995, 29.37106320565681 -2.731574993085369, 29.375463451739847 -2.734106126356081, 29.379864853669048 -2.7366352491954147, 29.384267413852854 -2.739162355293863, 29.38867113468874 -2.74168743830855, 29.393076018572255 -2.744210491890797, 29.39748206789897 -2.746731509691921, 29.40188928506314 -2.7492504853593793, 29.40629767244822 -2.751767412508858, 29.4107072324323 -2.754282284740442, 29.4151179673935 -2.756795095654113, 29.419529879709675 -2.7593058388492078, 29.42394297175089 -2.761814507902959, 29.42835724587762 -2.7643210963654394, 29.43277270444976 -2.7668255977850564, 29.437189349827182 -2.7693280057102103, 29.44160718436579 -2.771828313678398, 29.446026210408977 -2.77432651519291, 29.45044643029769 -2.7768226037503494, 29.45486784637285 -2.77931657284732, 29.459290460974035 -2.781808415976791, 29.463714276428764 -2.784298126599937, 29.468139295058318 -2.7867856981614967, 29.472565519183945 -2.7892711241060733, 29.47699295112662 -2.791754397877611, 29.481421593198533 -2.7942355128976657, 29.485851447701087 -2.7967144625603213, 29.490282516935068 -2.799191240257985, 29.494714803201187 -2.8016658393830496, 29.499148308795508 -2.804138253316281, 29.50358303600005 -2.8066084754040452, 29.50801898709432 -2.809076498986387, 29.512456164357783 -2.8115423174033487, 29.516894570068114 -2.814005923990691, 29.52133420648917 -2.8164673120512767, 29.52577507587838 -2.8189264748727236, 29.53021718049313 -2.8213834057425613, 29.534660522590404 -2.82383809794735, 29.53910510441646 -2.8262905447490567, 29.54355092820633 -2.828740739383798, 29.54799799619451 -2.831188675086465, 29.552446310615434 -2.833634345091893, 29.556895873697176 -2.8360777426206765, 29.561346687652645 -2.838518860859805, 29.56579875469257 -2.8409576929914206, 29.570252077027696 -2.8433942321976673, 29.574706656865896 -2.845828471654564, 29.579162496398933 -2.8482604045035527, 29.583619597812962 -2.8506900238739554, 29.588077963294094 -2.853117322895077, 29.592537595027533 -2.8555422946943385, 29.596998495184806 -2.857964932370712, 29.601460665926798 -2.8603852290011793, 29.605924109414158 -2.862803177662148, 29.610388827807377 -2.865218771429744, 29.61485482325746 -2.867632003361062, 29.619322097900064 -2.870042866482381, 29.62379065386945 -2.8724513538171723, 29.628260493299845 -2.8748574583889037, 29.63273161832037 -2.87726117321105, 29.637204031041982 -2.8796624912618767, 29.641677733571647 -2.882061405511896, 29.6461527280163 -2.8844579089316214, 29.650629016480753 -2.886851994487472, 29.655106601052232 -2.889243655112962, 29.659585483809536 -2.8916328837257605, 29.664065666831412 -2.894019673243434, 29.668547152195956 -2.8964040165823643, 29.67302994196705 -2.8987859066331616, 29.677514038194843 -2.901165336261504, 29.681999442928912 -2.9035422983320474, 29.68648615821878 -2.9059167857092976, 29.69097418610428 -2.9082887912408473, 29.695463528606957 -2.910658307742109, 29.699954187746265 -2.913025328024884, 29.704446165541658 -2.915389844900977, 29.708939464007297 -2.9177518511731644, 29.713434085136598 -2.9201113396090546, 29.717930030917927 -2.9224683029676872, 29.722427303339657 -2.9248227340081057, 29.72692590438774 -2.9271746254853985, 29.731425836028304 -2.9295239701220908, 29.73592710021769 -2.9318707606246894, 29.74042969891217 -2.9342149896995853, 29.744933634067216 -2.936556650051868, 29.74943890762179 -2.938895734360465, 29.753945521499652 -2.941232235280175, 29.758453477623977 -2.9435661454648927, 29.762962777917803 -2.9458974575682726, 29.767473424292238 -2.9482261642256957, 29.771985418638288 -2.9505522580417023, 29.776498762845012 -2.9528757316178598, 29.78101345880148 -2.9551965775557334, 29.7855295083894 -2.9575147884459967, 29.790046913467247 -2.9598303568448894, 29.794565675888936 -2.9621432753018637, 29.799085797508383 -2.9644535363663698, 29.803607280175598 -2.9667611325823096, 29.808130125717113 -2.969066056459911, 29.81265433595062 -2.9713683004967666, 29.817179912693813 -2.9736678571904456, 29.82170685776264 -2.975964719036127, 29.826235172951915 -2.9782588784997275, 29.830764860042308 -2.980550328027572, 29.83529592081421 -2.982839060065621, 29.839828357047434 -2.9851250670590623, 29.844362170504656 -2.9874083414301564, 29.848897362928966 -2.989688875574989, 29.853433936062373 -2.991966661888216, 29.857971891646795 -2.994241692764356, 29.862511231411645 -2.9965139605817974, 29.867051957062237 -2.998783457687786, 29.871594070301093 -3.0010501764260105, 29.876137572830757 -3.0033141091401645, 29.880682466345696 -3.005575248163857, 29.885228752513434 -3.007833585797156, 29.889776432995934 -3.0100891143331636, 29.89432550945511 -3.012341826064979, 29.898875983548248 -3.014591713280057, 29.903427856905356 -3.016838768233105, 29.907981131146677 -3.0190829831670603, 29.912535807892418 -3.0213243503248446, 29.91709188876038 -3.023562861946545, 29.921649375343033 -3.0257985102429052, 29.926208269217934 -3.028031287407344, 29.93076857196242 -3.0302611856330506, 29.935330285152776 -3.0324881971120083, 29.939893410343405 -3.034712314011751, 29.944457949068404 -3.036933528477089, 29.949023902861107 -3.0391518326519664, 29.953591273254457 -3.0413672186799414, 29.958160061763813 -3.043579678685572, 29.96273026987923 -3.045789204766187, 29.967301899088827 -3.0479957890170146, 29.971874950880675 -3.0501994235332157, 29.97644942672959 -3.0524001003962167, 29.98102532808121 -3.0545978116571413, 29.98560265637728 -3.056792549363065, 29.99018141305951 -3.058984305561059, 29.994761599560455 -3.061173072288993, 29.999343217281012 -3.063358841553163, 30.003926267615352 -3.0655416053530997, 30.00851075195763 -3.067721355688333, 30.01309667169596 -3.0698980845526, 30.017684028186352 -3.0720717839087777, 30.02227282277419 -3.0742424457095114, 30.02686305680482 -3.0764100619074393, 30.031454731619878 -3.0785746244517496, 30.03604784853009 -3.080736125263082, 30.04064240883091 -3.0828945562479624, 30.045238413817685 -3.0850499093128185, 30.049835864783624 -3.0872021763621738, 30.054434762993452 -3.08935134927529, 30.059035109691706 -3.0914974199135092, 30.063636906122493 -3.0936403801377956, 30.068240153528798 -3.095780221808162, 30.072844853128355 -3.097916936763117, 30.077451006113847 -3.1000505168198473, 30.082058613676896 -3.1021809537946323, 30.08666767700863 -3.104308239503343, 30.09127819727852 -3.106432365744187, 30.09589017562657 -3.1085533242913113, 30.10050361319066 -3.110671106917134, 30.105118511108508 -3.1127857053939385, 30.1097348704999 -3.1148971114799995, 30.114352692451323 -3.117005316907579, 30.118971978045685 -3.119110313406116, 30.123592728365818 -3.1212120927050173, 30.12821494448018 -3.1233106465229397, 30.13283862742103 -3.1254059665514538, 30.13746377821497 -3.127498044477933, 30.142090397888623 -3.1295868719897504, 30.14671848745739 -3.131672440766265, 30.151348047898477 -3.1337547424595606, 30.15597908018095 -3.1358337687159192, 30.160611585273898 -3.1379095111816255, 30.165245564137802 -3.139981961497114, 30.169881017694056 -3.1420511112761806, 30.17451794685292 -3.1441169521250396, 30.179156352524625 -3.146179475649902, 30.183796235612952 -3.14823867345277, 30.1884375969826 -3.1502945371103017, 30.193080437483708 -3.1523470581897235, 30.19772475796644 -3.15439622825825, 30.202370559276062 -3.1564420388800953, 30.207017842219557 -3.1584844815958535, 30.211666607585766 -3.160523547934929, 30.216316856163417 -3.162559229426655, 30.220968588737648 -3.1645915175982657, 30.225621806056566 -3.166620403955317, 30.230276508846465 -3.1686458799906063, 30.234932697833376 -3.1706679371967668, 30.239590373740675 -3.172686567064972, 30.24424953725633 -3.174701761066756, 30.248910189042892 -3.1767135106595794, 30.253572329762385 -3.178721807300599, 30.258235960074916 -3.1807266424459724, 30.262901080606923 -3.182728007534228, 30.267567691956057 -3.184725893988809, 30.272235794719 -3.1867202932326713, 30.276905389491088 -3.1887111966880965, 30.28157647683584 -3.1906985957616705, 30.28624905728472 -3.1926824818441895, 30.290923131367826 -3.1946628463257594, 30.295598699614253 -3.1966396805960313, 30.300275762523096 -3.1986129760307502, 30.304954320558473 -3.2005827239894677, 30.309634374182544 -3.2025489158308216, 30.31431592385678 -3.2045115429131488, 30.31899897001433 -3.2064705965825135, 30.32368351305072 -3.208426068168661, 30.32836955335888 -3.210377949000213, 30.333057091331227 -3.212326230405586, 30.337746127333464 -3.2142709037023933, 30.34243666169125 -3.216211960192065, 30.347128694726983 -3.218149391174707, 30.351822226762682 -3.2200831879502947, 30.356517258095028 -3.222013341809289, 30.36121378897857 -3.2239398440263356, 30.365911819663832 -3.2258626858745907, 30.37061135040113 -3.227781858627124, 30.375312381416546 -3.2296973535486226, 30.380014912892186 -3.231609161888527, 30.384718945005442 -3.233517274894661, 30.389424477933556 -3.235421683814791, 30.394131511830523 -3.237322379889296, 30.398840046804615 -3.239219354344038, 30.403550082958848 -3.2411125984031965, 30.408261620396054 -3.2430021032909044, 30.412974659196546 -3.244887860224775, 30.41768919939352 -3.24676986040878, 30.42240524101425 -3.2486480950451826, 30.427122784085906 -3.250522555336215, 30.431841828613575 -3.252393232478346, 30.436562374553958 -3.2542601176553996, 30.441284421857354 -3.256123202049527, 30.44600797047394 -3.2579824768428547, 30.450733020332084 -3.2598379332124168, 30.45545957131062 -3.2616895623236983, 30.460187623281577 -3.263537355340596, 30.4649171761169 -3.265381303426987, 30.46964822966667 -3.267221397742259, 30.47438078373049 -3.269057629435429, 30.47911483810088 -3.270889989654056, 30.483850392570258 -3.272718469545685, 30.48858744690892 -3.2745430602539245, 30.49332600083584 -3.276363752913267, 30.498066054062797 -3.2781805386569225, 30.502807606301435 -3.279993408618082, 30.507550657240724 -3.281802353926531, 30.51229520651768 -3.2836073657042517, 30.517041253762045 -3.2854084350721364, 30.521788798603477 -3.287205553151065, 30.52653784064812 -3.288998711059035, 30.53128837944963 -3.2907878999076017, 30.53604041455456 -3.2925731108074476, 30.54079394550933 -3.294354334869246, 30.545548971835732 -3.2961315632013215, 30.550305493002742 -3.2979047869069653, 30.555063508472507 -3.299673997088818, 30.559823017706968 -3.301439184849507, 30.56458402014207 -3.303200341289892, 30.569346515160802 -3.30495745750723, 30.574110502139717 -3.306710524598343, 30.57887598045513 -3.308459533660041, 30.583642949455584 -3.310204475788005, 30.588411408436805 -3.3119453420757696, 30.59318135668859 -3.3136821236166263, 30.597952793500397 -3.315414811503861, 30.602725718131865 -3.3171433968303607, 30.60750012979024 -3.318867870688306, 30.612276027677407 -3.3205882241698066, 30.617053410994817 -3.322304448366979, 30.621832278911693 -3.3240165343723853, 30.626612630545587 -3.325724473279299, 30.6313944650094 -3.3274282561810598, 30.636177781415345 -3.329127874171035, 30.64096257884071 -3.3308233183440286, 30.645748856312263 -3.3325145797969173, 30.65053661285279 -3.334201649626743, 30.655325847484104 -3.335884518930614, 30.66011655919009 -3.3375631788082356, 30.6649087469056 -3.3392376203626553, 30.669702409562294 -3.3409078346971484, 30.6744975460904 -3.3425738129151217, 30.679294155378887 -3.344235546123933, 30.684092236269734 -3.345893025435438, 30.688891787602383 -3.347546241961739, 30.693692808214305 -3.3491951868151792, 30.698495296898113 -3.35083985111362, 30.703299252401955 -3.352480225980403, 30.708104673472047 -3.354116302539105, 30.712911558851868 -3.355748071913716, 30.717719907236365 -3.3573755252355437, 30.72252971727888 -3.358998653642152, 30.727340987631496 -3.3606174482713085, 30.73215371694244 -3.3622319002614565, 30.736967903807628 -3.3638420007603735, 30.741783546784827 -3.365447740922627, 30.746600644430988 -3.367049111902943, 30.751419195297835 -3.3686461048571124, 30.756239197881037 -3.370238710952481, 30.761060650641976 -3.371826921363455, 30.765883552041572 -3.373410727264541, 30.770707900533722 -3.374990119831885, 30.77553369451276 -3.376565090255569, 30.780360932342944 -3.3781356297327134, 30.785189612388287 -3.37970172946049, 30.79001973300347 -3.3812633806385266, 30.794851292480537 -3.382820574482846, 30.799684289085892 -3.384373302216205, 30.80451872108584 -3.3859215550613806, 30.809354586734344 -3.387465324244737, 30.814191884220456 -3.3890046010114783, 30.819030611711995 -3.3905393766129737, 30.823870767376782 -3.392069642300597, 30.82871234936649 -3.39359538933087, 30.83355535576663 -3.3951166089814024, 30.83839978464578 -3.396633292535205, 30.843245634072535 -3.3981454312752915, 30.84809290209459 -3.399653016491925, 30.852941586693646 -3.4011560394983196, 30.85779168583836 -3.4026544916122226, 30.862643197497313 -3.4041483641514096, 30.86749611961264 -3.405637648443613, 30.872350450062036 -3.4071223358408282, 30.877206186713614 -3.40860241769868, 30.88206332743516 -3.410077885372916, 30.886921870061695 -3.411548730232571, 30.891781812366933 -3.413014943671596, 30.896643152117747 -3.4144765170866855, 30.901505887080297 -3.41593344187488, 30.906370014981167 -3.4173857094504347, 30.91123553349 -3.4188333112524223, 30.91610244027201 -3.420276238721844, 30.920970732990714 -3.421714483300486, 30.925840409263145 -3.4231480364517917, 30.930711466654955 -3.4245768896631166, 30.93558390272915 -3.426001034423056, 30.940457715045632 -3.4274204622217477, 30.94533290111092 -3.428835164575795, 30.950209458386794 -3.430245133024018, 30.955087384333602 -3.431650359105922, 30.95996667640646 -3.4330508343638075, 30.964847332000826 -3.434446550371359, 30.969729348474647 -3.435837498722048, 30.97461272318529 -3.4372236710096544, 30.97949745348171 -3.438605058832653, 30.984383536648146 -3.439981653825644, 30.989270969938783 -3.4413534476400027, 30.99415975060765 -3.4427204319272007, 30.999049875896088 -3.444082598346189, 31.003941342977313 -3.4454399385960732, 31.008834149001782 -3.4467924443893754, 31.013728291119957 -3.4481401074386278, 31.018623766463854 -3.449482919467845, 31.02352057209634 -3.4508208722441895, 31.02841870506405 -3.4521539575449536, 31.03331816241353 -3.4534821671474574, 31.038218941165795 -3.4548054928456393, 31.04312103827463 -3.4561239264770744, 31.048024450682945 -3.4574374598864117, 31.052929175333308 -3.458746084918531, 31.057835209134314 -3.4600497934417542, 31.062742548931656 -3.4613485773678443, 31.067651191564202 -3.462642428613279, 31.07256113386973 -3.4639313390953053, 31.077472372643257 -3.465215300762218, 31.082384904623417 -3.4664943056032063, 31.087298726544994 -3.4677683456102457, 31.0922138351403 -3.4690374127772103, 31.097130227090208 -3.4703014991368653, 31.102047899027518 -3.471560596758389, 31.106966847583138 -3.472814697712359, 31.11188706938308 -3.474063794073275, 31.1168085609942 -3.4753078779625426, 31.121731318944338 -3.476546941532505, 31.1266553397607 -3.477780976936055, 31.131580619961802 -3.479009976333256, 31.13650715600106 -3.4802339319381614, 31.141434944302283 -3.4814528359894057, 31.14636398128912 -3.482666680725746, 31.15129426337124 -3.4838754583980514, 31.15622578688995 -3.4850791613164573, 31.161158548165666 -3.4862777818091994, 31.166092543518797 -3.487471312204524, 31.171027769248543 -3.4886597448498766, 31.17596422158604 -3.4898430721542635, 31.180901896748857 -3.491021286539017, 31.18584079095435 -3.49219438042563, 31.190780900389793 -3.493362346264023, 31.195722221178478 -3.4945251765645016, 31.200664749435532 -3.4956828638450963, 31.20560848127526 -3.4968354006246387, 31.210553412772196 -3.4979827794611147, 31.21549953994396 -3.4991249929685506, 31.220446858803754 -3.500262033765288, 31.225395365362562 -3.5013938944719825, 31.230345055582088 -3.502520567759816, 31.235295925376228 -3.5036420463490265, 31.24024797065689 -3.504758322961866, 31.24520118733114 -3.5058693903257785, 31.250155571248566 -3.506975241229652, 31.255111118221112 -3.508075868502556, 31.26006782406008 -3.5091712649742535, 31.26502568456783 -3.5102614234844918, 31.26998469548323 -3.511346336943577, 31.27494485251787 -3.512425998292248, 31.279906151383166 -3.513500400471355, 31.28486858777563 -3.5145695364390894, 31.2898321573258 -3.515633399229955, 31.294796855646126 -3.5166919818994637, 31.299762678349 -3.5177452775031615, 31.30472962102375 -3.5187932791244223, 31.30969767919568 -3.5198359799237067, 31.31466684837914 -3.5208733730747173, 31.319637124088125 -3.521905451751609, 31.32460850180395 -3.522932209169447, 31.32958097694989 -3.5239536386161316, 31.334554544943185 -3.5249697333870733, 31.339529201199724 -3.52598048677948, 31.34450494109297 -3.526985892145858, 31.34948175994698 -3.5279859429031735, 31.354459653082998 -3.5289806324720288, 31.35943861581884 -3.529969954277713, 31.364418643421086 -3.5309539018149847, 31.369399731117188 -3.531932468631739, 31.37438187413355 -3.532905648277217, 31.37936506768963 -3.5338734343105127, 31.384349306947062 -3.5348358203723165, 31.389334587038903 -3.535792800143633, 31.394320903098013 -3.5367443673057535, 31.39930825024494 -3.537690515558059, 31.404296623539164 -3.5386312386895438, 31.409286018021312 -3.5395665305169026, 31.414276428732013 -3.540496384856862, 31.419267850692083 -3.541420795556348, 31.424260278862587 -3.5423397565536012, 31.42925370819333 -3.5432532618040518, 31.43424813363384 -3.5441613052635454, 31.4392435501049 -3.545063880933661, 31.444239952473044 -3.545960982902268, 31.449237335598724 -3.54685260526681, 31.454235694341296 -3.5477387421266227, 31.459235023522094 -3.548619387643887, 31.464235317916636 -3.5494945360566375, 31.46923657229766 -3.5503641816074287, 31.474238781434906 -3.5512283185440787, 31.47924194005185 -3.5520869411941822, 31.48424604283607 -3.5529400439473187, 31.489251084474223 -3.5537876211946995, 31.494257059646632 -3.5546296673387694, 31.499263962981647 -3.555466176874783, 31.504271789081976 -3.5562971443437355, 31.509280532550136 -3.557122564286943, 31.514290187977352 -3.5579424312669454, 31.519300749900083 -3.5587567399491933, 31.524312212838186 -3.559565485030277, 31.52932457131152 -3.5603686612068275, 31.534337819821758 -3.561166263210981, 31.539351952817704 -3.5619582858782666, 31.54436696473856 -3.5627447240629246, 31.54938285002327 -3.5635255726197763, 31.554399603084498 -3.5643008264571003, 31.55941721828778 -3.5650704805792572, 31.56443568999371 -3.5658345300006364, 31.5694550125617 -3.5665929697381067, 31.57447518031692 -3.5673457948815064, 31.579496187545473 -3.5680930006037213, 31.584518028531388 -3.568834582082152, 31.589540697555663 -3.569570534500867, 31.594564188858293 -3.5703008531352562, 31.59958849664949 -3.5710255333269085, 31.604613615138803 -3.5717445704188937, 31.60963953852973 -3.5724579597684003, 31.614666260980307 -3.5731656968384784, 31.619693776627948 -3.5738677771402267, 31.624722079609946 -3.574564196184982, 31.629751164053 -3.5752549495099344, 31.63478102403724 -3.575940032765953, 31.639811653629952 -3.5766194416351462, 31.644843046898437 -3.5772931717997056, 31.64987519789331 -3.5779612189844197, 31.65490810062137 -3.5786235790263015, 31.65994174908226 -3.5792802477806185, 31.66497613727533 -3.5799312211035557, 31.670011259176523 -3.5805764949140895, 31.675047108723756 -3.581216065233545, 31.680083679851432 -3.5818499280926694, 31.685120966492736 -3.5824780795256372, 31.690158962551276 -3.5831005156503624, 31.695197661900078 -3.5837172326712627, 31.700237058410753 -3.584328226796737, 31.705277145951996 -3.58493349424381, 31.710317918358193 -3.585533031332133, 31.715359369441046 -3.5861268344486814, 31.720401493011945 -3.5867148999816036, 31.725444282876673 -3.587297224336551, 31.730487732804065 -3.587873804035669, 31.735531836547842 -3.5884446356486825, 31.74057658786169 -3.589009715745458, 31.745621980489982 -3.5895690409269303, 31.750668008140387 -3.5901226079164172, 31.755714664511572 -3.5906704134673633, 31.760761943302146 -3.5912124543333857, 31.765809838196652 -3.591748727317758, 31.770858342846306 -3.5922792293420214, 31.775907450897392 -3.5928039573449406, 31.780957155995868 -3.593322908266593, 31.78600745176887 -3.5938360791181303, 31.791058331815382 -3.594343467016624, 31.796109789732128 -3.594845069087781, 31.801161819114764 -3.5953408824616933, 31.80621441353592 -3.5958309043609082, 31.81126756654639 -3.5963151320960747, 31.816321271696115 -3.596793562981346, 31.8213755225326 -3.59726619434119, 31.826430312577685 -3.5977330236110605, 31.831485635337536 -3.59819404829397, 31.83654148431811 -3.5986492658938873, 31.84159785302105 -3.599098673934851, 31.846654734921383 -3.59954227006466, 31.851712123483974 -3.599980051978263, 31.856770012173733 -3.600412017370706, 31.86182839444865 -3.6008381639715523, 31.866887263741315 -3.6012584896383717, 31.871946613478435 -3.601672992258398, 31.877006437086656 -3.602081669719091, 31.882066727982874 -3.60248451996157, 31.88712747956165 -3.602881541049287, 31.89218868521447 -3.6032727310626655, 31.897250338332572 -3.603658088083613, 31.902312432294703 -3.6040376102691107, 31.907374960461556 -3.6044112958850705, 31.912437916192356 -3.604779143205959, 31.91750129284567 -3.6051411505108795, 31.922565083765615 -3.6054973161750206, 31.927629282282755 -3.605847638664122, 31.932693881727097 -3.6061921164474446, 31.937758875427257 -3.606530748004767, 31.94282425669655 -3.6068635319298514, 31.947890018838955 -3.607190466886269, 31.952956155158294 -3.6075115515385927, 31.958022658956054 -3.607826784571236, 31.96308952351882 -3.608136164794555, 31.968156742127313 -3.608439691068159, 31.97322430806227 -3.6087373622517744, 31.978292214600984 -3.609029177238832, 31.98336045500734 -3.6093151350541675, 31.98842902254192 -3.609595234754634, 31.993497910465347 -3.609869475397242, 31.998567112033765 -3.6101378560904065, 32.00363662049243 -3.61040037606829, 32.00870642908499 -3.6106570345839293, 32.013776531054994 -3.6109078308914766, 32.01884691964094 -3.611152764316722, 32.0239175880733 -3.611391834299106, 32.028988529581824 -3.6116250402881547, 32.034059737396056 -3.611852381737017, 32.03913120474052 -3.6120738581904677, 32.044202924834444 -3.612289469289793, 32.049274890896804 -3.612499214680878, 32.05434709614623 -3.6127030940179274, 32.0594195337971 -3.6129011070644297, 32.06449219706076 -3.6130932536608373, 32.0695650791485 -3.613279533649205, 32.07463817327124 -3.613459946887405, 32.07971147263705 -3.6136344933558138, 32.084784970452645 -3.613803173092001, 32.089858659924744 -3.61396598613386, 32.094932534259875 -3.6141229325459063, 32.100006586663554 -3.614274012522103, 32.10508081034103 -3.614419226295709, 32.11015519849754 -3.614558574100004, 32.11522974433867 -3.614692056209394, 32.12030444107107 -3.614819673026855, 32.12537928190158 -3.6149414249804255, 32.13045426003706 -3.6150573124985295, 32.1355293686858 -3.615167336067949, 32.14060460105898 -3.6152714962958976, 32.14567995036815 -3.615369793804472, 32.15075540982492 -3.615462229217415, 32.15583097264396 -3.615548803234877, 32.16090663204427 -3.615629516664143, 32.165982381245136 -3.615704370320506, 32.17105821346611 -3.615773365023557, 32.176134121931995 -3.615836501686408, 32.18121009987268 -3.615893781312857, 32.18628614051826 -3.61594520491043, 32.1913622370995 -3.615990773495407, 32.19643838285493 -3.6160304881921723, 32.20151457102838 -3.6160643501980076, 32.206590794863786 -3.616092360711562, 32.21166704760644 -3.616114520946844, 32.21674332251216 -3.6161308322366925, 32.221819612841635 -3.6161412959693546, 32.22689591185565 -3.616145913533392, 32.231972212817496 -3.616144686341757, 32.237048509003564 -3.6161376159319207, 32.24212479369439 -3.6161247038809896, 32.2472010601705 -3.616105951766091, 32.252277301716816 -3.6160813612003806, 32.257353511633355 -3.616050933921308, 32.26242968322338 -3.61601467169311, 32.267505809790194 -3.615972576280197, 32.272581884643934 -3.6159246494967237, 32.27765790111114 -3.6158708932752375, 32.2827338525207 -3.6158113095655153, 32.28780973220162 -3.6157459003181778, 32.29288553349292 -3.6156746675480944, 32.29796124975036 -3.615597613378479, 32.303036874331326 -3.615514739942968, 32.3081124005936 -3.6154260493775086, 32.31318782190846 -3.6153315438963958, 32.318263131663606 -3.6152312258095365, 32.323338323247725 -3.615125097432637, 32.328413390050464 -3.615013161086209, 32.33348832547866 -3.6148954191818103, 32.338563122954554 -3.614771874212457, 32.34363777590096 -3.6146425286740285, 32.348712277742436 -3.6145073850708918, 32.35378662192455 -3.614366446008963, 32.35886080190667 -3.614219714161123, 32.363934811148425 -3.614067192201434, 32.36900864311248 -3.6139088828174155, 32.37408229128598 -3.613744788805808, 32.37915574916801 -3.6135749130164108, 32.38422901025772 -3.6133992582993706, 32.38930206805905 -3.6132178275246205, 32.39437491610348 -3.6130306236756895, 32.39944754793229 -3.6128376497765697, 32.40451995708679 -3.612638908851302, 32.40959213711541 -3.612434403951394, 32.414664081596435 -3.6122241382427314, 32.4197357841159 -3.612008114920966, 32.42480723825982 -3.6117863371817713, 32.42987843762438 -3.6115588082571928, 32.43494937583691 -3.6113255314908184, 32.44002004653069 -3.611086510247543, 32.44509044333905 -3.6108417478924486, 32.450160559909015 -3.6105912478365347, 32.45523038991913 -3.6103350135966252, 32.46029992705241 -3.6100730487043995, 32.46536916499204 -3.6098053566921653, 32.47043809743882 -3.6095319411476905, 32.475506718124684 -3.6092528057568636, 32.480575020784734 -3.608967954215613, 32.48564299915458 -3.6086773902213007, 32.49071064699155 -3.6083811175357785, 32.495777958083025 -3.6080791400100747, 32.5008449262186 -3.6077714615017555, 32.50591154518879 -3.6074580858710448, 32.51097780881005 -3.607139017050773, 32.51604371092727 -3.606814259053393, 32.521109245386775 -3.606483815895417, 32.52617440603653 -3.6061476915976742, 32.531239186754526 -3.605805890260554, 32.536303581445154 -3.6054584160543826, 32.54136758401371 -3.605105273151871, 32.546431188368025 -3.604746465732127, 32.55149438844986 -3.6043819980594125, 32.55655717822512 -3.604011874458514, 32.561619551660215 -3.603636099255517, 32.56668150272527 -3.6032546767853706, 32.5717430254279 -3.6028676114723397, 32.57680411379746 -3.602474907792372, 32.581864761863514 -3.602076570222036, 32.586924963660834 -3.6016726032495865, 32.591984713264836 -3.601263011455297, 32.5970440047702 -3.6008477994630286, 32.602102832271704 -3.600426971896903, 32.60716118987103 -3.600000533395798, 32.612219071713156 -3.5995684886919257, 32.61727647195998 -3.5991308425538864, 32.62233338477346 -3.598687599750361, 32.62738980432431 -3.5982387650680474, 32.63244572482877 -3.5977843433869854, 32.6375011405178 -3.597324339617343, 32.642556045622335 -3.596858758669307, 32.64761043438427 -3.5963876054744373, 32.65266430109265 -3.5959108850564734, 32.65771764004924 -3.5954286024639908, 32.66277044555578 -3.594940762745566, 32.667822711927315 -3.59444737097454, 32.67287443352716 -3.5939484323143516, 32.677925604729616 -3.59344395194893, 32.68297621990899 -3.5929339350622183, 32.688026273455286 -3.592418386866144, 32.69307575980751 -3.5918973126598166, 32.698124673414135 -3.591370717759271, 32.70317300872366 -3.5908386074805922, 32.70822076020282 -3.590300987170832, 32.71326792236758 -3.5897578622608903, 32.718314489742205 -3.5892092381957283, 32.723360456851026 -3.588655120420419, 32.72840581823899 -3.588095514413611, 32.733450568500395 -3.5875304257342044, 32.73849470223677 -3.5869598599528474, 32.74353821404977 -3.5863838226403844, 32.748581098564024 -3.585802319403426, 32.75362335045341 -3.5852153559251603, 32.75866496439813 -3.5846229378986587, 32.76370593507863 -3.5840250710173005, 32.76874625720051 -3.583421761011958, 32.77378592551843 -3.582813013686447, 32.778824934792645 -3.5821988348529805, 32.78386327978373 -3.581579230324192, 32.78890095527945 -3.580954205951473, 32.79393795611638 -3.5803237676556616, 32.79897427713611 -3.579687921364812, 32.80400991318066 -3.579046673007515, 32.809044859121016 -3.5784000285519117, 32.814079109876744 -3.577747994032285, 32.81911266037198 -3.5770905754892173, 32.82414550553136 -3.5764277789639194, 32.82917764031009 -3.575759610537496, 32.83420905971176 -3.5750860763541494, 32.83923975874418 -3.574407182563656, 32.844269732415746 -3.573722935316501, 32.84929897576674 -3.573033340802977, 32.8543274838857 -3.572338405273696, 32.85935525186519 -3.5716381349842936, 32.86438227479841 -3.5709325361911626, 32.869408547811446 -3.57022161519002, 32.87443406607874 -3.569505378334398, 32.87945882477857 -3.56878383198245, 32.884482819089925 -3.568056982493099, 32.88950604422535 -3.5673248362637415, 32.89452849544602 -3.566587399747364, 32.89955016801686 -3.565844679401294, 32.904571057203476 -3.565096681683608, 32.90959115830553 -3.564343413089666, 32.91461046667165 -3.563584880168464, 32.91962897765423 -3.5628210894731565, 32.92464668660635 -3.562052047557605, 32.92966358891527 -3.5612777610114508, 32.93467968001774 -3.560498236476259, 32.93969495535443 -3.559713480597678, 32.944709410366656 -3.5589235000219883, 32.94972304052962 -3.558128301429466, 32.95473584136887 -3.557327891550832, 32.959747808414015 -3.556522277120894, 32.96475893719525 -3.5557114648750012, 32.96976922327612 -3.5548954615804726, 32.97477866227145 -3.55407427405377, 32.97978724980047 -3.5532479091155427, 32.98479498148284 -3.5524163735868752, 32.989801852970736 -3.5515796743185777, 32.994807859968724 -3.5507378182094667, 32.99981299818616 -3.5498908121627215, 33.00481726333276 -3.5490386630818596, 33.00982065114952 -3.548181377897693, 33.01482315743109 -3.5473189635880047, 33.019824777977476 -3.546451427135215, 33.02482550858897 -3.5455787755219874, 33.029825345095475 -3.5447010157557024, 33.034824283382044 -3.5438181548897374, 33.039822319339734 -3.542930199982487, 33.0448194488598 -3.5420371580924925, 33.0498156678612 -3.5411390363003443, 33.05481097231957 -3.540235841731661, 33.05980535821737 -3.5393275815175516, 33.064798821537224 -3.538414262789213, 33.06979135828721 -3.537495892697152, 33.07478296453355 -3.536572478435878, 33.07977363635044 -3.535644027205999, 33.08476336981217 -3.534710546208154, 33.08975216101603 -3.5337720426595625, 33.094740006118734 -3.5328285238202892, 33.0997269012865 -3.5318799969572283, 33.10471284268554 -3.5309264693372864, 33.10969782650233 -3.529967948241264, 33.114681848983984 -3.5290044409914656, 33.11966490638885 -3.528035954917907, 33.12464699497526 -3.5270624973506055, 33.129628111019 -3.5260840756309166, 33.13460825085724 -3.5251006971400782, 33.13958741084055 -3.524112369268079, 33.14456558731955 -3.523119099404912, 33.14954277665943 -3.522120894949557, 33.15451897528692 -3.521117763338889, 33.159494179644916 -3.5201097120197673, 33.164468386176345 -3.5190967484390554, 33.16944159133598 -3.5180788800505103, 33.1744137916395 -3.517056114343394, 33.17938498362212 -3.5160284588183504, 33.184355163819106 -3.514995920976031, 33.189324328774944 -3.5139585083221867, 33.1942924750936 -3.5129162283952775, 33.1992595994025 -3.5118690887466806, 33.204225698329154 -3.5108170969278025, 33.20919076850798 -3.509760260493649, 33.214154806630454 -3.5086985870287832, 33.21911780941603 -3.5076320841322635, 33.22407977358435 -3.5065607594032446, 33.229040695859986 -3.5054846204432843, 33.23400057302111 -3.5044036748800536, 33.23895940187887 -3.5033179303572703, 33.243917179244896 -3.5022273945188824, 33.24887390193405 -3.5011320750103248, 33.25382956681044 -3.500031979499503, 33.25878417077646 -3.4989271156717794, 33.26373771073549 -3.497817491212973, 33.26869018359287 -3.496703113809729, 33.273641586297884 -3.4955839911674476, 33.27859191584357 -3.4944601310101446, 33.2835411692248 -3.493331541062638, 33.28848934343743 -3.492198229050141, 33.293436435515396 -3.491060202712935, 33.29838244254148 -3.489917469810711, 33.303327361601774 -3.4887700381044424, 33.30827118978273 -3.4876179153552505, 33.31321392420232 -3.4864611093358246, 33.31815556203219 -3.4852996278385824, 33.32309610044923 -3.4841334786578604, 33.328035536630416 -3.4829626695880354, 33.332973867777554 -3.481787208431879, 33.337911091149834 -3.480607103011617, 33.34284720401457 -3.4794223611522184, 33.34778220363907 -3.478232990678653, 33.352716087309005 -3.4770389994215907, 33.357648852369586 -3.4758403952301853, 33.3625804961781 -3.474637185957342, 33.36751101609181 -3.473429379455959, 33.372440409480674 -3.472216983582521, 33.37736867377409 -3.4710000062103052, 33.382295806418774 -3.4697784552174955, 33.387221804861525 -3.4685523384822816, 33.3921466665572 -3.467321663884925, 33.39707038901738 -3.4660864393201414, 33.40199296977767 -3.4648466726887825, 33.406914406373765 -3.463602371891723, 33.411834696346105 -3.462353544830917, 33.41675383728664 -3.461100199420056, 33.421671826819 -3.4598423435800503, 33.42658866256725 -3.458579985231916, 33.431504342157844 -3.4573131322971413, 33.43641886326169 -3.4560417927061535, 33.44133222358923 -3.4547659743973296, 33.446244420852345 -3.4534856853093263, 33.451155452763786 -3.4522009333809605, 33.456065317072394 -3.450911726557337, 33.46097401157398 -3.4496180727917576, 33.46588153406753 -3.448319980038078, 33.47078788235223 -3.4470174562501836, 33.475693054254336 -3.445710509385966, 33.48059704765312 -3.4443991474111666, 33.48549986043401 -3.4430833782924415, 33.49040149048247 -3.4417632099964464, 33.495301935702315 -3.4404386504920796, 33.50020119405394 -3.43910970775514, 33.5050992635085 -3.4377763897627385, 33.50999614203719 -3.4364387044919926, 33.51489182762238 -3.4350966599210917, 33.51978631830268 -3.433750264033632, 33.524679612134264 -3.4323995248148944, 33.52957170717331 -3.431044450250163, 33.534462601482055 -3.429685048325149, 33.53935229317444 -3.428321327029202, 33.54424078039069 -3.4269532943535275, 33.549128061271205 -3.4255809582893386, 33.554014133959136 -3.4242043268279763, 33.558898996641545 -3.422823407962752, 33.56378264754127 -3.4214382096885876, 33.56866508488216 -3.4200487400004467, 33.573546306888964 -3.4186550068933137, 33.57842631182051 -3.41725701836284, 33.583305097980265 -3.4158547824055505, 33.5881826636747 -3.414448307018028, 33.59305900721044 -3.413037600196856, 33.59793412691769 -3.411622669938485, 33.602808021177985 -3.410203524239081, 33.607680688379546 -3.408780171094765, 33.61255212691068 -3.407352618501666, 33.61742233517371 -3.405920874455475, 33.62229131162493 -3.40448494695023, 33.627159054733525 -3.403044843979577, 33.63202556296865 -3.401600573537156, 33.636890834806664 -3.40015214361621, 33.64175486877485 -3.3986995622071494, 33.646617663422255 -3.3972428372991677, 33.65147921729809 -3.3957819768814557, 33.65633952895449 -3.3943169889429634, 33.66119859698659 -3.3928478814691783, 33.666056420021896 -3.3913746624429852, 33.670912996688685 -3.3898973398472037, 33.67576832561603 -3.388415921664568, 33.68062240546528 -3.38693041587442, 33.685475234939986 -3.3854408304516452, 33.69032681274661 -3.3839471733708324, 33.69517713759167 -3.3824494526065583, 33.70002620820244 -3.3809476761307007, 33.704874023355416 -3.3794418519087315, 33.70972058183429 -3.3779319879051917, 33.714565882422725 -3.376418092084625, 33.71940992391539 -3.3749001724098666, 33.72425270515765 -3.3733782368359115, 33.729094225009426 -3.3718522933154986, 33.73393448233064 -3.3703223498013672, 33.73877347598596 -3.368788414245408, 33.74361120488522 -3.367250494591398, 33.748447667963354 -3.36570859877862, 33.75328286415559 -3.364162734746307, 33.75811679239852 -3.362612910433399, 33.76294945166369 -3.3610591337717106, 33.76778084095891 -3.3595014126856557, 33.77261095929366 -3.3579397550993013, 33.77743980567758 -3.3563741689366764, 33.782267379143086 -3.354804662116613, 33.787093678767604 -3.35323124254763, 33.79191870363391 -3.3516539181370373, 33.79674245282476 -3.3500726967921395, 33.801564925434725 -3.348487586417256, 33.806386120606525 -3.3468985949044954, 33.81120603749518 -3.3453057301428517, 33.816024675255704 -3.3437090000213163, 33.8208420330479 -3.3421084124275584, 33.825658110074784 -3.3405039752372248, 33.83047290556237 -3.3388956963195544, 33.83528641873693 -3.337283583543728, 33.84009864882596 -3.3356676447785434, 33.844909595089554 -3.3340478878829405, 33.849719256822496 -3.3324243207053463, 33.8545276333212 -3.3307969510936832, 33.85933472388225 -3.3291657868958393, 33.86414052782208 -3.3275308359531808, 33.86894504450058 -3.3258921060928395, 33.87374827328334 -3.324249605140077, 33.878550213535945 -3.3226033409201507, 33.883350864633265 -3.320953321255063, 33.888150225995226 -3.319299553950918, 33.89294829705555 -3.3176420468089787, 33.897745077247926 -3.3159808076305053, 33.9025405660092 -3.3143158442155807, 33.907334762814195 -3.3126471643499027, 33.91212766716319 -3.3109747758095587, 33.91691927855693 -3.3092986863704574, 33.921709596496676 -3.3076189038082875, 33.926498620509626 -3.3059354358883173, 33.93128635015967 -3.304248290361021, 33.93607278501356 -3.3025574749757562, 33.940857924638 -3.3008629974818744, 33.94564176861311 -3.299164865623011, 33.95042431656191 -3.297463087124453, 33.95520556811609 -3.2957576697078204, 33.95998552290726 -3.294048621094726, 33.964764180572026 -3.2923359490045443, 33.96954154078668 -3.2906196611386678, 33.974317603246575 -3.2888997651898344, 33.97909236764722 -3.2871762688507316, 33.98386583368517 -3.285449179813526, 33.988638001085874 -3.28371850575658, 33.99340886960604 -3.2819842543432913, 33.998178439003944 -3.2802464332363153, 34.0029467090379 -3.278505050098283, 34.007713679482016 -3.276760112583866, 34.01247935015012 -3.275011628327715, 34.017243720862204 -3.273259604961381, 34.022006791438244 -3.2715040501164188, 34.026768561704216 -3.269744971421208, 34.031529031525075 -3.2679823764834754, 34.03628820078141 -3.2662162729026756, 34.041046069353825 -3.264446668278241, 34.045802637124304 -3.2626735702088476, 34.050557904003966 -3.2608969862769865, 34.05531186993186 -3.2591169240496205, 34.06006453484819 -3.257333391093084, 34.06481589869318 -3.255546394973676, 34.06956596142309 -3.25375594324839, 34.07431472303133 -3.251962043452598, 34.0790621835166 -3.2501647031186045, 34.08380834287756 -3.2483639297787135, 34.08855320111877 -3.2465597309616703, 34.093296758281824 -3.2447521141736773, 34.09803901442284 -3.2429410869121407, 34.10277996959791 -3.2411266566744463, 34.10751962386438 -3.239308830957206, 34.112257977306804 -3.2374876172397595, 34.11699503003653 -3.23566302298444, 34.12173078216607 -3.2338350556528614, 34.126465233807906 -3.2320037227066147, 34.13119838508873 -3.2301690315979457, 34.135930236170815 -3.2283309897555474, 34.140660787221925 -3.2264896046044593, 34.14539003840988 -3.2246448835697215, 34.15011798990713 -3.222796834073169, 34.154844641920384 -3.220945463513062, 34.159569994671614 -3.219090779277143, 34.16429404838288 -3.217232788753111, 34.16901680327696 -3.2153714993281164, 34.173738259600164 -3.2135069183725293, 34.17845841762617 -3.2116390532370884, 34.18317727763019 -3.2097679112714195, 34.18789483988754 -3.2078934998251465, 34.19261110468415 -3.206015826239935, 34.19732607234049 -3.20413489783181, 34.202039743183995 -3.202250721911638, 34.206752117542045 -3.2003633057902836, 34.21146319574499 -3.198472656776381, 34.21617297815326 -3.1965787821553273, 34.22088146514517 -3.1946816891987617, 34.2255886570992 -3.1927813851781415, 34.2302945543942 -3.1908778773647115, 34.234999157426984 -3.18897117301529, 34.23970246662353 -3.1870612793634225, 34.24440448241247 -3.1851482036405407, 34.249105205222406 -3.183231953078074, 34.253804635488585 -3.1813125349019806, 34.25850277367872 -3.179389956311348, 34.2631996202705 -3.177464224497029, 34.267895175741614 -3.175535346649876, 34.27258944057101 -3.1736033299596613, 34.27728241526177 -3.1716681815953987, 34.28197410033882 -3.169729908707363, 34.28666449632785 -3.167788518445161, 34.29135360375455 -3.1658440179583764, 34.29604142315618 -3.1638964143863917, 34.300727955100555 -3.161945714841649, 34.305413200160416 -3.1599919264321885, 34.3100971589085 -3.1580350562660504, 34.314779831920646 -3.1560751114484833, 34.31946121980055 -3.1541120990592106, 34.3241413231669 -3.15214602616429, 34.32882014263844 -3.1501768998296455, 34.33349767883427 -3.148204727120965, 34.33817393238985 -3.146229515088415, 34.3428489039667 -3.14425127075755, 34.347522594228664 -3.1422700011517337, 34.352195003839604 -3.140285713294338, 34.35686613346882 -3.1382984142033767, 34.36153598381468 -3.136308110868577, 34.36620455558504 -3.1343148102703435, 34.370871849487855 -3.1323185193890817, 34.37553786623181 -3.1303192452043715, 34.38020260654588 -3.128316994675464, 34.38486607118003 -3.1263117747404108, 34.38952826088527 -3.1243035923362714, 34.3941891764126 -3.1222924544001027, 34.39884881852125 -3.1202783678604304, 34.4035071879984 -3.1182613396167818, 34.40816428563719 -3.116241376562533, 34.41282011223073 -3.114218485591058, 34.41747466857378 -3.1121926735939947, 34.42212795548371 -3.1101639474388136, 34.42677997379443 -3.1081323139752928, 34.43143072434025 -3.1060977800528065, 34.43608020795553 -3.104060352520687, 34.440728425485375 -3.102020038216386, 34.445375377800595 -3.0999768439491002, 34.45002106577574 -3.0979307765239206, 34.454665490285365 -3.095881842745934, 34.45930865220652 -3.093830049417345, 34.46395055244003 -3.091775403313481, 34.46859119189962 -3.089717911195035, 34.47323057149912 -3.0876575798225505, 34.47786869215252 -3.0855944159564164, 34.48250555478656 -3.0835284263421534, 34.487141160351044 -3.081459617698368, 34.49177550979821 -3.0793879967408326, 34.49640860408029 -3.07731357018532, 34.50104044415289 -3.0752363447435314, 34.505671030995536 -3.073156327098569, 34.510300365597864 -3.0710735239212807, 34.51492844894962 -3.0689879418824666, 34.51955528204077 -3.0668995876526024, 34.52418086587527 -3.064808467884939, 34.52880520147774 -3.0627145892071836, 34.5334282898745 -3.0606179582449786, 34.53805013209184 -3.058518581623967, 34.54267072916011 -3.0564164659646806, 34.54729008213296 -3.0543116178580973, 34.55190819207241 -3.0522040438845988, 34.55652506004048 -3.050093750624552, 34.56114068709957 -3.0479807446578353, 34.56575507432649 -3.0458650325454397, 34.57036822281683 -3.0437466208238373, 34.57498013366737 -3.0416255160278634, 34.57959080797494 -3.039501724692351, 34.58420024684071 -3.037375253346304, 34.58880845138829 -3.035246108488714, 34.5934154227485 -3.033114296608954, 34.59802116205214 -3.0309798241963914, 34.60262567043048 -3.0288426977398033, 34.60722894902907 -3.0267029237082683, 34.61183099901083 -3.0245605085470078, 34.61643182153973 -3.0224154586998124, 34.62103141777972 -3.0202677806104736, 34.6256297888991 -3.018117480716639, 34.63022693608758 -3.015964565425718, 34.63482286054138 -3.013809041135832, 34.639417563456774 -3.0116509142450965, 34.64401104603043 -3.0094901911510274, 34.64860330947268 -3.0073268782313103, 34.653194355010264 -3.0051609818397784, 34.657784183870916 -3.002992508328855, 34.66237279728237 -3.000821464050959, 34.66696019647637 -2.998647855352545, 34.6715463827049 -2.996471688549855, 34.676131357226375 -2.9942929699496013, 34.68071512129918 -2.9921117058584943, 34.68529767618206 -2.9899279025827203, 34.689879023146325 -2.987741566409262, 34.694459163479195 -2.9855527036006966, 34.69903809846897 -2.9833613204180303, 34.703615829403894 -2.981167423122265, 34.708192357575676 -2.9789710179690503, 34.712767684295045 -2.976772111184111, 34.717341810879354 -2.974570708982781, 34.72191473864599 -2.972366817580387, 34.72648646891252 -2.970160443191885, 34.73105700300762 -2.9679515920143884, 34.735626342275786 -2.9657402702195466, 34.740194488062684 -2.9635264839770503, 34.744761441714004 -2.9613102394565955, 34.74932720457811 -2.959091542823476, 34.75389177802101 -2.9568704002137665, 34.75845516341593 -2.9546468177516294, 34.76301736213616 -2.9524208015611935, 34.767578375555054 -2.9501923577663867, 34.77213820505526 -2.9479614924753905, 34.77669685203532 -2.9457282117694783, 34.781254317895296 -2.94349252172729, 34.78581060403527 -2.9412544284274644, 34.79036571185718 -2.939013937945391, 34.79491964277902 -2.936771056328603, 34.79947239822688 -2.9345257896104773, 34.80402397962695 -2.93227814382428, 34.808574388405425 -2.930028125003211, 34.813123625995836 -2.9277757391674633, 34.81767169384757 -2.9255209923087695, 34.822218593412174 -2.923263890415088, 34.82676432614119 -2.9210044394743835, 34.83130889348729 -2.9187426454725163, 34.83585229691713 -2.9164785143697296, 34.84039453790674 -2.914212052109125, 34.84493561793231 -2.9119432646334933, 34.84947553847002 -2.909672157885616, 34.85401430100129 -2.907398737798508, 34.8585519070234 -2.9051230102756285, 34.863088358036514 -2.902844981214871, 34.867623655540875 -2.900564656514125, 34.87215780103727 -2.898282042070177, 34.87669079603806 -2.8959971437575223, 34.881222642066355 -2.8937099674299898, 34.88575334064567 -2.891420518940625, 34.89028289329951 -2.889128804142473, 34.89481130155472 -2.88683482888203, 34.89933856695317 -2.8845385989761083, 34.903864691041036 -2.882240120233117, 34.908389675364454 -2.879939398461461, 34.91291352146981 -2.877636439469136, 34.917436230912294 -2.875331249046215, 34.921957805259204 -2.8730238329583924, 34.92647824607867 -2.870714196969615, 34.930997554938834 -2.8684023468438293, 34.93551573340968 -2.8660882883412, 34.94003278307464 -2.8637720271939813, 34.9445487055232 -2.861453569121949, 34.94906350234484 -2.859132919844822, 34.95357717512913 -2.856810085082247, 34.9580897254716 -2.8544850705410134, 34.96260115498078 -2.8521578819003053, 34.967111465266846 -2.8498285248357367, 34.97162065793999 -2.8474970050229174, 34.97612873461121 -2.845163328135721, 34.98063569690264 -2.8428274998240717, 34.98514154644456 -2.8404895257204545, 34.989646284867426 -2.838149411456962, 34.99414991380167 -2.8358071626656853, 34.998652434881144 -2.833462784970753, 35.00315384975228 -2.831116283966577, 35.00765416006448 -2.8287676652406373, 35.01215336746712 -2.826416934380414, 35.01665147360987 -2.824064096972903, 35.02114848015137 -2.821709158588253, 35.02564438876138 -2.81935212477584, 35.03013920111034 -2.8169930010837576, 35.034632918868695 -2.8146317930600966, 35.03912554370781 -2.8122685062478268, 35.04361707730566 -2.8099031461533492, 35.048107521343105 -2.8075357182671823, 35.052596877501024 -2.8051662280797762, 35.05708514746032 -2.8027946810815942, 35.0615723329152 -2.8004210827663445, 35.066058435589696 -2.7980454386350155, 35.07054345721194 -2.795667754189597, 35.07502739951004 -2.793288034932077, 35.07951026420915 -2.7909062863565763, 35.083992052985685 -2.788522513828402, 35.08847276747633 -2.7861367226076794, 35.092952409316574 -2.7837489179514576, 35.09743098014193 -2.7813591051167847, 35.10190848164932 -2.778967289463454, 35.10638491581891 -2.7765734768246535, 35.110860284712324 -2.77417767316982, 35.11533459039122 -2.7717798844684047, 35.11980783490877 -2.7693801166738217, 35.12428001976941 -2.7669783747022016, 35.128751145603445 -2.7645746618171296, 35.13322121296313 -2.762168981134673, 35.1376902224007 -2.7597613357708983, 35.142158174777784 -2.757351729408208, 35.14662507428757 -2.754940171827595, 35.1510909271531 -2.7525266765258958, 35.15555573962627 -2.75011125705275, 35.16001951795861 -2.747693926957091, 35.16448226434559 -2.7452746922996414, 35.168943966921454 -2.7428535331814023, 35.173404610775435 -2.7404304240816697, 35.17786418099675 -2.738005339479744, 35.18232266245877 -2.7355782534678164, 35.18678003176606 -2.733149125308297, 35.19123625485184 -2.7307178951249393, 35.19569129694314 -2.7282845017749966, 35.20014512326699 -2.725848884115724, 35.20459770232289 -2.7234109870058454, 35.20904903089311 -2.7209708071728684, 35.21349912023831 -2.7185283678967607, 35.21794798173635 -2.7160836926723615, 35.22239562676327 -2.7136368049912205, 35.226842064100325 -2.7111877235597834, 35.23128729474459 -2.7087364527297364, 35.23573131823966 -2.7062829941722595, 35.240174134129056 -2.7038273495585274, 35.24461574200058 -2.701369520639653, 35.24905614284217 -2.6989095116973427, 35.253495339294986 -2.696447330001122, 35.257933334095405 -2.693982982992684, 35.262370129979814 -2.69151647811372, 35.266805729621304 -2.6890478226827965, 35.27124013517931 -2.686577023019205, 35.27567334856371 -2.684104084956877, 35.28010537168274 -2.681629014326531, 35.28453620644468 -2.679151816958946, 35.28896585481257 -2.6766724987657375, 35.29339431891154 -2.674191065898001, 35.2978216008966 -2.6717075245509667, 35.3022477029228 -2.669221880919869, 35.30667262714462 -2.666734141197833, 35.3110963756986 -2.664244311507463, 35.31551895069945 -2.6617523978858055, 35.3199403542606 -2.6592584063647564, 35.32436058849546 -2.656762342976215, 35.328779655519845 -2.6542642137505936, 35.33319755747078 -2.651764024705207, 35.33761429649634 -2.649261781850557, 35.342029874744675 -2.646757491197087, 35.346444294363955 -2.6442511587552398, 35.35085755750502 -2.6417427905237503, 35.35526966632773 -2.6392323924624193, 35.35968062299376 -2.6367199705229645, 35.36409042966483 -2.634205530657099, 35.36849908850278 -2.6316890788161262, 35.37290660167681 -2.6291706209322956, 35.37731297136632 -2.626650162911238, 35.381718199751454 -2.6241277106566034, 35.386122289012405 -2.6216032700720446, 35.39052524133017 -2.619076847058598, 35.394927058895284 -2.6165484474881775, 35.39932774390423 -2.6140180772144914, 35.40372729855362 -2.6114857420909736, 35.408125725039994 -2.60895144797105, 35.41252302556247 -2.60641520070048, 35.41691920233103 -2.603877006092413, 35.42131425755847 -2.601336869951338, 35.42570819345763 -2.5987947980817436, 35.430101012241416 -2.596250796287949, 35.434492716127835 -2.5937048703581116, 35.43888330734437 -2.5911570260512096, 35.44327278811942 -2.588607269123153, 35.44766116068141 -2.5860556053298565, 35.452048427259236 -2.5835020404257594, 35.456434590089614 -2.580946580140322, 35.46081965141589 -2.5783892301821405, 35.465203613481535 -2.5758299962591633, 35.46958647853011 -2.5732688840793463, 35.47396824880664 -2.570705899345672, 35.478348926565566 -2.568141047730414, 35.482728514065 -2.565574334894121, 35.48710701356298 -2.5630057664973145, 35.491484427317594 -2.5604353482004987, 35.49586075759037 -2.5578630856527096, 35.50023600665197 -2.5552889844726256, 35.50461017677455 -2.552713050273956, 35.50898327023024 -2.55013528867041, 35.5133552892914 -2.5475557052751325, 35.51772623623611 -2.5449743056815186, 35.522096113349676 -2.542391095458525, 35.5264649229178 -2.539806080173585, 35.53083266722625 -2.537219265394141, 35.53519934856145 -2.5346306566850973, 35.539564969217565 -2.532040259584548, 35.54392953149333 -2.529448079614455, 35.548293037687614 -2.526854122296564, 35.55265549009922 -2.524258393152619, 35.55701689102887 -2.521660897697652, 35.56137724278569 -2.5190616414166778, 35.56573654768112 -2.516460629786321, 35.57009480802666 -2.513857868283206, 35.57445202613378 -2.51125336238387, 35.57880820431765 -2.5086471175514387, 35.583163344900996 -2.506039139221406, 35.58751745020748 -2.503429432825853, 35.59187052256074 -2.500818003796865, 35.59622256428468 -2.4982048575656624, 35.60057357770873 -2.49558999954268, 35.60492356516802 -2.492973435117012, 35.609272528998 -2.4903551696767816, 35.61362047153405 -2.487735208610107, 35.617967395112366 -2.485113557302097, 35.622313302076066 -2.4824902211113615, 35.62665819477184 -2.479865205382757, 35.63100207554645 -2.4772385154610244, 35.6353449467466 -2.4746101566909045, 35.63968681072085 -2.471980134410003, 35.644027669825036 -2.469348453927391, 35.6483675264168 -2.466715120545009, 35.65270638285379 -2.4640801395648, 35.65704424149368 -2.461443516288594, 35.661381104697455 -2.4588052560049514, 35.66571697483251 -2.4561653639765817, 35.670051854267044 -2.4535238454632133, 35.67438574536921 -2.4508807057245736, 35.67871865050734 -2.4482359500195567, 35.68305057205467 -2.445589583587274, 35.687381512389216 -2.442941611646725, 35.691711473889306 -2.4402920394160126, 35.69604045893323 -2.4376408721132408, 35.70036846989991 -2.4349881149537964, 35.70469550917418 -2.4323337731282173, 35.70902157914406 -2.4296778518136826, 35.71334668219757 -2.4270203561872448, 35.71767082072276 -2.424361291425957, 35.721993997109095 -2.421700662700692, 35.7263162137523 -2.4190384751553853, 35.73063747304981 -2.416374733926629, 35.73495777739901 -2.413709444151014, 35.73927712919737 -2.411042610965075, 35.74359553084488 -2.4083742394939733, 35.74791298474724 -2.405704334837779, 35.75222949331088 -2.4030329020932055, 35.75654505894229 -2.400359946356969, 35.760859684048015 -2.397685472725257, 35.76517337103843 -2.395009486277113, 35.76948612232839 -2.3923319920711554, 35.77379794033303 -2.389652995164814, 35.77810882746749 -2.386972500615512, 35.78241878614731 -2.384290513478838, 35.78672781879279 -2.381607038788337, 35.79103592782732 -2.3789220815629872, 35.79534311567445 -2.3762356468215087, 35.79964938475763 -2.3735477395826274, 35.80395473750128 -2.3708583648607457, 35.80825917633504 -2.3681675276453857, 35.812562703690425 -2.36547523291716, 35.816865321998975 -2.3627814856566745, 35.82116703369219 -2.360086290844529, 35.8254678412033 -2.3573896534530956, 35.829767746970596 -2.3546915784300575, 35.83406675343332 -2.351992070718487, 35.838364863030705 -2.3492911352614523, 35.84266207820204 -2.3465887770018385, 35.84695840138924 -2.343885000869421, 35.851253835038555 -2.34117981177235, 35.855548381596655 -2.3384732146167533, 35.859842043510206 -2.3357652143087626, 35.86413482322603 -2.3330558157536534, 35.86842672319449 -2.330345023838826, 35.872717745869224 -2.3276328434347295, 35.87700789370405 -2.324919279411139, 35.881297169152774 -2.322204336637832, 35.885585574669605 -2.3194880199822974, 35.88987311271292 -2.316770334290466, 35.89415978574333 -2.3140512843964443, 35.89844559622144 -2.311330875134209, 35.90273054660791 -2.308609111337741, 35.90701463936423 -2.305885997836313, 35.91129787695628 -2.3031615394359024, 35.915580261851254 -2.300435740935298, 35.91986179651637 -2.2977086071332895, 35.92414248341885 -2.294980142828654, 35.92842232502738 -2.2922503528119162, 35.93270132381479 -2.2895192418510693, 35.93697948225461 -2.286786814710281, 35.941256802820334 -2.2840530761537257, 35.94553328798553 -2.281318030945385, 35.94980894022595 -2.278581683836829, 35.95408376202084 -2.2758440395599435, 35.95835775584979 -2.273105102844873, 35.962630924192354 -2.2703648784217556, 35.966903269528245 -2.267623371019963, 35.97117479434 -2.264880585352482, 35.9754455011129 -2.2621365261166257, 35.979715392332324 -2.259391198009085, 35.98398447048365 -2.256644605726545, 35.98825273805257 -2.2538967539637635, 35.992520197528094 -2.2511476473960097, 35.99678685140118 -2.248397290687238, 36.00105270216275 -2.2456456885012597, 36.00531775230377 -2.242892845501893, 36.009582004315796 -2.2401387663491326, 36.01384546069394 -2.237383455681801, 36.018108123934475 -2.2346269181314224, 36.022369996533705 -2.2318691583295087, 36.02663108098791 -2.22911018090757, 36.030891379794454 -2.226349990490585, 36.03515089545407 -2.2235885916825526, 36.03940963046819 -2.2208259890832815, 36.043667587338234 -2.218062187292583, 36.047924768565636 -2.2152971909101806, 36.0521811766534 -2.212531004525921, 36.05643681410752 -2.2097636327106347, 36.06069168343432 -2.206995080032988, 36.064945787140154 -2.2042253510616523, 36.06919912773143 -2.2014544503648934, 36.07345170771656 -2.1986823824977013, 36.07770352960644 -2.1959091519991043, 36.0819545959121 -2.193134763407177, 36.086204909144556 -2.1903592212599943, 36.090454471815 -2.1875825300945446, 36.094703286437095 -2.1848046944316204, 36.098951355526296 -2.1820257187796166, 36.10319868159817 -2.1792456076466173, 36.10744526716825 -2.1764643655407037, 36.11169111475242 -2.173681996967701, 36.11593622686921 -2.1708985064151722, 36.12018060603849 -2.1681138983618253, 36.124424254780095 -2.165328177286312, 36.12866717561391 -2.1625413476672812, 36.13290937106036 -2.159753413979405, 36.13715084364261 -2.1569643806782235, 36.141391595884656 -2.1541742522135263, 36.14563163031049 -2.1513830330351005, 36.149870949444114 -2.148590727592733, 36.154109555810415 -2.1457973403299113, 36.15834745193686 -2.1430028756715376, 36.16258464035141 -2.1402073380391085, 36.16682112358202 -2.137410731854118, 36.17105690415665 -2.134613061537973, 36.17529198460451 -2.13181433150311, 36.1795263674571 -2.129014546145141, 36.18376005524616 -2.126213709857831, 36.187993050503444 -2.1234118270349485, 36.19222535576075 -2.1206089020699195, 36.19645697355141 -2.1178049393445253, 36.20068790641071 -2.1149999432262403, 36.204918156874 -2.1121939180816542, 36.20914772747667 -2.1093868682773644, 36.213376620754204 -2.106578798179116, 36.21760483924394 -2.103769712138692, 36.22183238548468 -2.100959614496444, 36.2260592620153 -2.0981485095923844, 36.23028547137467 -2.095336401766523, 36.23451101610185 -2.092523295357193, 36.23873589873794 -2.0897091946870114, 36.242960121825114 -2.086894104070014, 36.247183687905554 -2.084078027820152, 36.251406599521445 -2.0812609702513742, 36.25562885921532 -2.0784429356747522, 36.2598504695318 -2.0756239283847173, 36.264071433016234 -2.072803952669728, 36.268291752214 -2.069983012818237, 36.27251142967044 -2.067161113118699, 36.27673046793147 -2.0643382578550895, 36.28094886954503 -2.061514451294778, 36.28516663705952 -2.0586896977012876, 36.289383773023346 -2.055864001338138, 36.29360027998491 -2.053037366468833, 36.29781616049341 -2.0502097973504507, 36.30203141709987 -2.04738129822446, 36.306246052355625 -2.044551873330002, 36.31046006881198 -2.0417215269062146, 36.31467346902028 -2.0388902631921173, 36.318886255532846 -2.036058086418258, 36.32309843090362 -2.0332250008012425, 36.32730999768673 -2.030391010556382, 36.33152095843628 -2.027556119898987, 36.335731315706404 -2.024720333044012, 36.33994107205247 -2.021883654195992, 36.344150230031154 -2.0190460875476024, 36.34835879219924 -2.0162076372908726, 36.352566761113515 -2.0133683076178306, 36.356774139330824 -2.010528102719742, 36.36098092940939 -2.007687026775787, 36.36518713390852 -2.004845083955531, 36.36939275538754 -2.0020022784282694, 36.373597796405754 -1.9991586143632973, 36.377802259522674 -1.9963140959285262, 36.38200614729922 -1.9934687272785494, 36.38620946229716 -1.9906225125605526, 36.39041220707827 -1.9877754559216472, 36.39461438420431 -1.9849275615089377, 36.39881599623728 -1.982078833467289, 36.40301704574073 -1.9792292759275794, 36.407217535278775 -1.976378893015295, 36.411417467415504 -1.9735276888559101, 36.41561684471506 -1.9706756675749042, 36.41981566974191 -1.9678228332944063, 36.42401394506199 -1.9649691901224668, 36.428211673241634 -1.9621147421634395, 36.43240885684719 -1.9592594935216743, 36.43660549844497 -1.9564034483015156, 36.44080160060182 -1.953546610602636, 36.44499716588597 -1.9506889845112325, 36.44919219686589 -1.947830574111094, 36.45338669611006 -1.9449713834860045, 36.45758066618694 -1.942111416719707, 36.46177410966568 -1.939250677889822, 36.46596702911664 -1.936389171061593, 36.470159427110325 -1.9335269002987745, 36.47435130621729 -1.9306638696651248, 36.47854266900805 -1.9278000832242466, 36.48273351805393 -1.9249355450321934, 36.48692385592731 -1.9220702591340828, 36.49111368520069 -1.919204229574173, 36.495303008446534 -1.916337460396721, 36.499491828237396 -1.91346995564564, 36.50368014714664 -1.9106017193559928, 36.5078679677486 -1.907732755553519, 36.512055292617646 -1.9048630682635161, 36.51624212432813 -1.9019926615112746, 36.52042846545448 -1.8991215393214338, 36.524614318572084 -1.896249705708712, 36.52879968625709 -1.8933771646801665, 36.53298457108567 -1.890503920242659, 36.53716897563398 -1.8876299764030504, 36.54135290247827 -1.8847553371671033, 36.54553635419586 -1.881880006529894, 36.5497193333646 -1.879003988480442, 36.5539018425624 -1.876127287007699, 36.55808388436711 -1.8732499061006194, 36.562265461356795 -1.8703718497464972, 36.566446576110536 -1.8674931219214936, 36.57062723120788 -1.864613726597198, 36.57480742922835 -1.8617336677451806, 36.57898717275148 -1.8588529493370123, 36.58316646435702 -1.8559715753419055, 36.58734530662577 -1.8530895497178796, 36.59152370213886 -1.850206876419641, 36.59570165347736 -1.8473235594018973, 36.59987916322241 -1.8444396026193515, 36.604056233955426 -1.8415550100235212, 36.60823286825878 -1.838669785555072, 36.612409068715124 -1.8357839331523724, 36.61658483790708 -1.8328974567537928, 36.620760178417264 -1.8300103602976883, 36.62493509282868 -1.8271226477183027, 36.62910958372526 -1.8242343229397282, 36.63328365369111 -1.821345389884513, 36.63745730531027 -1.8184558524752035, 36.64163054116686 -1.8155657146343018, 36.645803363845395 -1.8126749802792637, 36.64997577593128 -1.8097836533183198, 36.65414778000997 -1.806891737658719, 36.658319378666924 -1.8039992372077076, 36.66249057448766 -1.8011061558723984, 36.66666137005818 -1.798212497553994, 36.670831767965225 -1.795318266145547, 36.67500177079564 -1.7924234655395153, 36.679171381136186 -1.7895280996283598, 36.68334060157374 -1.7866321723042715, 36.68750943469573 -1.7837356874527668, 36.6916778830902 -1.780838648952359, 36.695845949345276 -1.7779410606812316, 36.70001363604901 -1.775042926517569, 36.70418094578958 -1.7721442503390958, 36.708347881155746 -1.7692450360162397, 36.71251444473683 -1.766345287413584, 36.71668063912215 -1.7634450083955449, 36.72084646690105 -1.760544202826538, 36.72501193066289 -1.7576428745702701, 36.729177032997775 -1.754741027482712, 36.73334177649621 -1.7518386654150977, 36.737506163748726 -1.748935792218595, 36.741670197345826 -1.7460324117443693, 36.7458338798781 -1.7431285278425515, 36.74999721393688 -1.740224144355284, 36.75416020211378 -1.737319265120972, 36.758322847000436 -1.7344138939780052, 36.7624851511885 -1.7315080347647707, 36.766647117269706 -1.7286016913182458, 36.77080874783656 -1.725694867467409, 36.77497004548177 -1.7227875670384116, 36.77913101279809 -1.7198797938574022, 36.78329165237824 -1.7169715517505324, 36.787451966815134 -1.7140628445421047, 36.79161195870236 -1.7111536760485975, 36.79577163063372 -1.708244050084421, 36.799930985203005 -1.705333970463982, 36.804090025004 -1.702423441001687, 36.80824875263069 -1.69951246550961, 36.81240717067777 -1.6966010477923885, 36.816565281740026 -1.6936891916531804, 36.82072308841225 -1.6907769008951492, 36.82488059328924 -1.6878641793214435, 36.82903779896606 -1.684951030732376, 36.8331947080384 -1.6820374589213816, 36.837351323102006 -1.6791234676808686, 36.84150764675266 -1.6762090608032507, 36.84566368158613 -1.673294242080906, 36.84981943019853 -1.6703790153028901, 36.85397489518645 -1.667463384252043, 36.858130079146626 -1.6645473527105208, 36.862284984675746 -1.6616309244604799, 36.866439614370535 -1.6587141032840058, 36.870593970828054 -1.6557968929594213, 36.87474805664587 -1.6528792972595563, 36.87890187442157 -1.6499613199568104, 36.88305542675278 -1.6470429648235787, 36.88720871623711 -1.6441242356321197, 36.89136174547257 -1.6412051361505688, 36.89551451705761 -1.6382856701423132, 36.89966703359067 -1.6353658413704768, 36.90381929767023 -1.6324456535981893, 36.9079713118948 -1.6295251105883486, 36.91212307886325 -1.6266042160994567, 36.91627460117492 -1.6236829738860081, 36.920425881429075 -1.6207613877023506, 36.92457692222502 -1.6178394613028353, 36.92872772616211 -1.614917198441471, 36.93287829584009 -1.6119946028676533, 36.93702863385901 -1.609071678327456, 36.941178742818906 -1.6061484285668737, 36.94532862531988 -1.6032248573319037, 36.949478283962016 -1.6003009683680773, 36.95362772134591 -1.5973767654163027, 36.95777694007242 -1.5944522522148485, 36.96192594274242 -1.59152743250196, 36.966074731956745 -1.5886023100158764, 36.97022331031637 -1.5856768884942138, 36.97437168042264 -1.5827511716699683, 36.97851984487717 -1.5798251632740556, 36.98266780628155 -1.5768988670373816, 36.986815567237386 -1.573972286690856, 36.99096313034634 -1.5710454259645927, 36.99511049821056 -1.5681182885842346, 36.99925767343235 -1.565190878273847, 37.003404658614016 -1.562263198757493, 37.00755145635786 -1.5593352537592413, 37.01169806926629 -1.5564070470021862, 37.01584449994216 -1.5534785822051835, 37.019990750988455 -1.5505498630859336, 37.024136825008135 -1.5476208933621325, 37.02828272460422 -1.5446916767514784, 37.032428452379776 -1.541762216970521, 37.03657401093837 -1.5388325177318996, 37.04071940288361 -1.5359025827474238, 37.04486463081915 -1.5329724157289073, 37.04900969734858 -1.530042020388157, 37.05315460507572 -1.5271114004356605, 37.057299356604716 -1.5241805595783913, 37.06144395453984 -1.5212495015227445, 37.065588401485336 -1.518318229975112, 37.069732700045435 -1.5153867486418822, 37.07387685282458 -1.5124550612279786, 37.07802086242753 -1.5095231714352506, 37.08216473145917 -1.50659108296516, 37.08630846252433 -1.5036587995191655, 37.09045205822782 -1.5007263247987084, 37.0945955211747 -1.4977936625036543, 37.09873885397033 -1.4948608163312227, 37.10288205922008 -1.4919277899783838, 37.10702513952934 -1.4889945871421046, 37.11116809750351 -1.4860612115193121, 37.115310935748155 -1.483127666805296, 37.119453656869155 -1.4801939566931188, 37.123596263472365 -1.4772600848756874, 37.12773875816368 -1.4743260550459123, 37.13188114354896 -1.4713918708966407, 37.13602342223438 -1.4684575361191419, 37.14016559682633 -1.4655230544029594, 37.14430766993125 -1.4625884294375466, 37.148449644155576 -1.4596536649123613, 37.152591522105766 -1.4567187645167725, 37.15673330638847 -1.4537837319385822, 37.160874999610606 -1.450848570864207, 37.16501660437905 -1.4479132849800123, 37.169158123300704 -1.4449778779723625, 37.17329955898248 -1.44204235352752, 37.17744091403151 -1.4391067153303034, 37.181582191055156 -1.4361709670644982, 37.18572339266075 -1.4332351124138714, 37.189864521455604 -1.4302991550621869, 37.19400558004712 -1.427363098693081, 37.19814657104287 -1.4244269469889228, 37.20228749705059 -1.421490703631339, 37.206428360678075 -1.418554372301947, 37.21056916453304 -1.4156179566823694, 37.21470991122326 -1.4126814604540867, 37.21885060335677 -1.4097448872975258, 37.22299124354168 -1.4068082408926237, 37.227131834386114 -1.4038715249193106, 37.23127237849818 -1.4009347430575205, 37.23541287848607 -1.3979978989870527, 37.239553336958146 -1.395060996386904, 37.243693756522894 -1.3921240389357803, 37.24783413978876 -1.3891870303123801, 37.25197448936423 -1.3862499741954033, 37.2561148078578 -1.3833128742634464, 37.26025509787822 -1.3803757341945977, 37.26439536203426 -1.3774385576667942, 37.268535602934705 -1.3745013483579784, 37.27267582318835 -1.3715641099460876, 37.276816025404024 -1.3686268461089939, 37.28095621219072 -1.3656895605243264, 37.28509638615746 -1.3627522568696517, 37.289236549913284 -1.3598149388225378, 37.293376706067185 -1.3568776100605549, 37.29751685722826 -1.3539402742612852, 37.301657006005705 -1.351002935102364, 37.30579715500873 -1.3480655962614314, 37.30993730684659 -1.345128261416127, 37.314077464128495 -1.3421909342440959, 37.31821762946374 -1.3392536184231625, 37.32235780546181 -1.3363163176315882, 37.326497994732186 -1.3333790355476998, 37.33063819988439 -1.330441775849822, 37.33477842352791 -1.3275045422162803, 37.338918668272285 -1.3245673383257257, 37.34305893672714 -1.3216301678574116, 37.347199231502124 -1.3186930344906609, 37.35133955520689 -1.3157559419048, 37.35547991045105 -1.3128188937791598, 37.35962029984431 -1.3098818937936227, 37.363760725996414 -1.3069449456289184, 37.36790119151713 -1.3040080529658458, 37.37204169901623 -1.301071219485204, 37.37618225110347 -1.2981344488678186, 37.38032285038863 -1.2951977447953191, 37.38446349948156 -1.2922611109503561, 37.38860420099209 -1.28932455101564, 37.392744957530056 -1.2863880686738787, 37.396885771705286 -1.2834516676078345, 37.40102664612763 -1.280515351501381, 37.405167583406964 -1.2775791240395304, 37.40930858615312 -1.274642988907351, 37.41344965697597 -1.2717069497899067, 37.4175907984854 -1.2687710103723482, 37.42173201329125 -1.2658351743412863, 37.425873304003346 -1.2628994453845381, 37.43001467323155 -1.2599638271899574, 37.434156123585694 -1.2570283234454003, 37.43829765767561 -1.2540929378388683, 37.44243927811113 -1.2511576740601928, 37.446580987501996 -1.2482225358004417, 37.450722788457995 -1.2452875267507022, 37.4548646835889 -1.2423526506020626, 37.45900667550448 -1.2394179110458488, 37.46314876681442 -1.2364833117755758, 37.467290960128345 -1.2335488564859614, 37.47143325805589 -1.2306145488717302, 37.475575663206705 -1.2276803926276085, 37.4797181781904 -1.2247463914486747, 37.483860805616395 -1.2218125490325136, 37.48800354809408 -1.2188788690778125, 37.49214640823281 -1.215945355283267, 37.49628938864196 -1.213012011347569, 37.50043249193088 -1.210078840969956, 37.50457572070883 -1.207145847852736, 37.50871907758506 -1.2042130356992864, 37.51286256516884 -1.2012804082129853, 37.517006186069366 -1.1983479690972152, 37.52114994289587 -1.195415722056094, 37.52529383825731 -1.1924836707970106, 37.52943787476266 -1.189551819028262, 37.533582055020766 -1.186620170458139, 37.537726381640596 -1.183688728794938, 37.541870857231 -1.1807574977479807, 37.5460154844006 -1.1778264810301653, 37.55016026575793 -1.1748956823551726, 37.554305203911575 -1.1719651054366784, 37.5584503014701 -1.1690347539883612, 37.562595561041974 -1.1661046317252788, 37.56674098523537 -1.1631747423662606, 37.570886576658424 -1.16024508963078, 37.57503233791927 -1.157315677238314, 37.57917827162605 -1.1543865089083454, 37.583324380386735 -1.151457588362144, 37.58747066680904 -1.1485289193248895, 37.59161713350054 -1.1456005055222716, 37.595763783068925 -1.142672350679981, 37.59991061812182 -1.1397444585237393, 37.60405764126663 -1.1368168327815253, 37.608204855110486 -1.1338894771852701, 37.61235226226042 -1.130962395467307, 37.61649986532353 -1.1280355913599631, 37.620647666906855 -1.1251090685956315, 37.62479566961719 -1.122182830909483, 37.62894387606097 -1.1192568820405928, 37.633092288844594 -1.1163312257283327, 37.63724091057447 -1.1134058657120707, 37.64138974385698 -1.1104808057312912, 37.64553879129822 -1.1075560495288554, 37.64968805550391 -1.1046316008514345, 37.653837539079746 -1.1017074634459048, 37.65798724463142 -1.0987836410591456, 37.66213717476463 -1.0958601374382306, 37.66628733208456 -1.0929369563340723, 37.67043771919597 -1.0900141015010874, 37.674588338703586 -1.0870915766938156, 37.67873919321218 -1.0841693856667978, 37.6828902853264 -1.0812475321749098, 37.68704161765057 -1.0783260199776514, 37.691193192788596 -1.0754048528379128, 37.69534501334442 -1.0724840345186568, 37.699497081921976 -1.0695635687828475, 37.70364940112513 -1.0666434593939575, 37.707801973557196 -1.0637237101206078, 37.71195480182113 -1.0608043247344343, 37.71610788851984 -1.057885307007112, 37.720261236256334 -1.0549666607103143, 37.72441484763343 -1.0520483896164543, 37.72856872525333 -1.0491304975036386, 37.73272287171786 -1.0462129881526054, 37.736877289628886 -1.0432958653441085, 37.74103198158826 -1.0403791328589045, 37.745186950197684 -1.0374627944788006, 37.7493421980581 -1.0345468539917857, 37.75349772777016 -1.0316313151880996, 37.75765354193452 -1.0287161818579806, 37.761809643151835 -1.0258014577916679, 37.76596603402257 -1.0228871467808605, 37.770122717146286 -1.0199732526238225, 37.77427969512236 -1.0170597791206786, 37.77843697055013 -1.014146730071546, 37.782594546028946 -1.0112341092765451, 37.78675242415788 -1.0083219205377625, 37.790910607535075 -1.0054101676641087, 37.795069098758454 -1.0024988544659756, 37.79922790042595 -0.9995879847537587, 37.80338701513549 -0.9966775623378545, 37.807546445484654 -0.9937675910312403, 37.811706194069984 -0.9908580746538241, 37.815866263487884 -0.987949017026662, 37.820026656334754 -0.9850404219708093, 37.82418737520699 -0.9821322933073461, 37.828348422700515 -0.9792246348606373, 37.83250980141019 -0.9763174504619164, 37.83667151393074 -0.9734107439432812, 37.84083356285694 -0.9705045191368264, 37.844995950783485 -0.9675987798747043, 37.84915868030452 -0.9646935299931676, 37.85332175401311 -0.9617887733351599, 37.85748517450224 -0.9588845137442489, 37.8616489443649 -0.9559807550639982, 37.865813066194065 -0.9530775011380989, 37.86997754258183 -0.9501747558150704, 37.87414237611918 -0.9472725229496328, 37.87830756939703 -0.9443708063969136, 37.88247312500627 -0.9414696100120434, 37.8866390455378 -0.9385689376504022, 37.890805333581575 -0.9356687931732752, 37.89497199172663 -0.9327691804479291, 37.899139022562 -0.9298701033418928, 37.903306428676686 -0.9269715657226938, 37.907474212659636 -0.9240735714582897, 37.91164237709861 -0.9211761244233074, 37.915810924580484 -0.918279228497676, 37.91997985769202 -0.9153828875614729, 37.924149179020084 -0.9124871054947731, 37.92831889115134 -0.9095918861783366, 37.93248899667113 -0.9066972335004387, 37.93665949816399 -0.903803151354015, 37.94083039821434 -0.9009096436320743, 37.94500169940672 -0.8980167142276216, 37.94917340432539 -0.8951243670346979, 37.953345515553096 -0.8922326059556149, 37.95751803567185 -0.8893414348966415, 37.96169096726364 -0.8864508577640712, 37.96586431291045 -0.8835608784642014, 37.970038075193976 -0.880671500904833, 37.97421225669423 -0.8777827290026587, 37.97838685999053 -0.8748945666776212, 37.98256188766223 -0.8720070178496659, 37.98673734228865 -0.869120086438737, 37.99091322644875 -0.8662337763669044, 37.995089542719555 -0.8633480915655575, 37.9992662936776 -0.8604630359686466, 38.0034434818994 -0.8575786135101267, 38.007621109961526 -0.8546948281239479, 38.011799180439866 -0.8518116837469656, 38.0159776959084 -0.8489291843255439, 38.02015665894065 -0.8460473338079947, 38.024336072110174 -0.8431661361426334, 38.02851593799051 -0.8402855952777831, 38.03269625915439 -0.837405715165599, 38.03687703817248 -0.8345264997676677, 38.041058277615164 -0.8316479530469952, 38.045239980052806 -0.8287700789665873, 38.04942214805579 -0.8258928814895012, 38.053604784193375 -0.8230163645837011, 38.05778789103284 -0.8201405322262885, 38.061971471141234 -0.8172653883953649, 38.066155527085634 -0.8143909370690275, 38.07034006143306 -0.8115171822254996, 38.07452507674908 -0.8086441278489889, 38.07871057559726 -0.8057717779321729, 38.08289656054102 -0.8029001364683781, 38.08708303414375 -0.8000292074509259, 38.09126999896878 -0.7971589948734099, 38.09545745757773 -0.7942895027366607, 38.09964541253037 -0.7914207350493312, 38.10383386638636 -0.7885526958204644, 38.10802282170537 -0.7856853890591087, 38.112212281046936 -0.7828188187748167, 38.116402246968605 -0.7799529889856246, 38.120592722026245 -0.7770879037165704, 38.12478370877568 -0.774223566992897, 38.12897520977273 -0.7713599828398473, 38.13316722757301 -0.7684971552835197, 38.137359764729695 -0.7656350883594814, 38.14155282379446 -0.7627737861092155, 38.145746407318946 -0.7599132525742985, 38.14994051785478 -0.7570534917963034, 38.15413515795328 -0.7541945078181514, 38.158330330162975 -0.7513363046932137, 38.162526037031164 -0.748478886479735, 38.16672228110512 -0.7456222572359926, 38.17091906493209 -0.7427664210202596, 38.17511639105884 -0.7399113818928276, 38.17931426202905 -0.7370571439251378, 38.183512680385405 -0.7342037111924551, 38.18771164867057 -0.731351087770048, 38.19191116942721 -0.7284992777331889, 38.19611124519718 -0.7256482851600505, 38.20031187851912 -0.7227981141403457, 38.20451307193087 -0.7199487687666564, 38.20871482797026 -0.7171002531315611, 38.21291714917513 -0.7142525713276419, 38.217120038082115 -0.711405727451511, 38.22132349722462 -0.708559725611302, 38.225527529135356 -0.7057145699171975, 38.2297321363471 -0.7028702644793843, 38.23393732139257 -0.7000268134080787, 38.238143086802964 -0.6971842208188423, 38.24234943510608 -0.6943424908383726, 38.24655636882938 -0.6915016275947536, 38.25076389050027 -0.688661635216074, 38.254972002646134 -0.6858225178305358, 38.25918070779232 -0.6829842795731315, 38.26339000846089 -0.6801469245892547, 38.26759990717371 -0.6773104570251762, 38.27181040645262 -0.6744748810271656, 38.27602150881936 -0.6716402007417824, 38.28023321679307 -0.6688064203238828, 38.284445532889904 -0.6659735439377177, 38.28865845962585 -0.6631415757480468, 38.29287199951693 -0.6603105199196262, 38.29708615507894 -0.6574803806177848, 38.30130092882448 -0.6546511620175834, 38.30551632326349 -0.6518228683022095, 38.309732340905754 -0.6489955036550998, 38.31394898426116 -0.6461690722596956, 38.31816625583916 -0.6433435783004491, 38.32238415814546 -0.6405190259728323, 38.32660269368339 -0.6376954194790558, 38.330821864956334 -0.6348727630214278, 38.3350416744676 -0.63205106080226, 38.33926212471995 -0.6292303170255581, 38.34348321821203 -0.6264105359076662, 38.34770495744059 -0.6235917216703794, 38.35192734490251 -0.6207738785355146, 38.35615038309452 -0.6179570107248871, 38.36037407451252 -0.6151411224628922, 38.364598421647706 -0.612326217986798, 38.36882342698985 -0.6095123015378904, 38.373049093028726 -0.60669937735746, 38.37727542225408 -0.603887449686794, 38.38150241715429 -0.6010765227709715, 38.385730080212866 -0.5982666008682215, 38.38995841391229 -0.5954576882396161, 38.39418742073504 -0.5926497891462279, 38.39841710316357 -0.5898429078491491, 38.40264746367833 -0.5870370486147594, 38.40687850475489 -0.5842322157222455, 38.41111022886814 -0.5814284134526884, 38.4153426384929 -0.5786256460871684, 38.419575736104 -0.5758239179068578, 38.42380952417353 -0.573023233199922, 38.42804400516883 -0.5702235962665037, 38.432279181556844 -0.5674250114079246, 38.43651505580446 -0.5646274829255024, 38.44075163037852 -0.5618310151208133, 38.44498890774224 -0.55903561230423, 38.44922689035455 -0.5562412787968785, 38.45346558067408 -0.5534480189205393, 38.45770498115945 -0.5506558369969974, 38.46194509426909 -0.5478647373486105, 38.466185922456994 -0.5450747243082849, 38.47042746817329 -0.5422858022181649, 38.47466973386805 -0.5394979754207028, 38.47891272199124 -0.5367112482583549, 38.48315643499245 -0.5339256250746711, 38.487400875316 -0.5311411102253297, 38.49164604540301 -0.5283577080735515, 38.49589194769453 -0.5255754229826659, 38.50013858463161 -0.5227942593160032, 38.50438595865446 -0.5200142214387756, 38.508634072197395 -0.5172353137295661, 38.51288292769216 -0.5144575405727552, 38.51713252757048 -0.511680906352751, 38.52138287426408 -0.5089054154539576, 38.525633970203316 -0.5061310722637637, 38.529885817812136 -0.5033578811836633, 38.53413841951254 -0.5005858466193072, 38.538391777726545 -0.4978149729763474, 38.54264589487621 -0.4950452646604411, 38.5469007733814 -0.492276726081728, 38.55115641565544 -0.4895093616645303, 38.55541282411029 -0.4867431758359705, 38.5596700011579 -0.4839781730231657, 38.56392794921023 -0.4812143576532735, 38.568186670676134 -0.4784517341596906, 38.57244616795783 -0.475690306989178, 38.57670644345666 -0.4729300805902245, 38.58096749957397 -0.4701710594113153, 38.585229338711045 -0.4674132479010953, 38.589491963265054 -0.46465665051663, 38.59375537562712 -0.4619012717273837, 38.59801957818785 -0.4591471160038158, 38.60228457333791 -0.45639418781639, 38.606550363467704 -0.4536424916359987, 38.61081695096228 -0.4508920319439014, 38.61508433820124 -0.4481428132319653, 38.61935252756397 -0.4453948399925343, 38.62362152142978 -0.4426481167179518, 38.62789132217756 -0.4399026479014924, 38.63216193217967 -0.4371584380486832, 38.63643335380387 -0.4344154916737218, 38.64070558941783 -0.4316738132909926, 38.64497864138922 -0.4289334074148752, 38.649252512084765 -0.4261942785614676, 38.653527203863696 -0.4234564312606346, 38.657802719081545 -0.4207198700488705, 38.66207906009389 -0.4179845994627162, 38.6663562292563 -0.415250624038709, 38.67063422892269 -0.4125179483162585, 38.67491306143872 -0.4097865768494802, 38.679192729147395 -0.4070565141971768, 38.68347323439173 -0.4043277649181538, 38.687754579514724 -0.4016003335712208, 38.69203676685677 -0.3988742247196653, 38.69631979874968 -0.3961494429415988, 38.70060367752343 -0.3934259928181979, 38.70488840550806 -0.3907038789306356, 38.70917398503356 -0.3879831058601198, 38.713460418425996 -0.3852636781943627, 38.717747708003074 -0.3825456005351531, 38.72203585608133 -0.3798288774861248, 38.72632486497732 -0.3771135136509087, 38.730614737007514 -0.3743995136333092, 38.73490547448295 -0.3716868820458682, 38.73919707970689 -0.3689756235137581, 38.743489554982006 -0.3662657426631392, 38.7477829026109 -0.3635572441201753, 38.75207712489594 -0.3608501325115248, 38.756372224132456 -0.3581444124748063, 38.76066820260897 -0.3554400886583349, 38.76496506261377 -0.3527371657108669, 38.76926280643509 -0.3500356482811583, 38.773561436360445 -0.34733554101906, 38.777860954668924 -0.344636848587357, 38.782161363633946 -0.3419395756573013, 38.78646266552894 -0.3392437269002954, 38.790764862627256 -0.3365493069877381, 38.79506795720091 -0.3338563205930724, 38.79937195151211 -0.3311647724041619, 38.80367684781889 -0.3284746671150644, 38.807982648379266 -0.3257860094198672, 38.81228935545124 -0.3230988040126537, 38.81659697129044 -0.3204130555909558, 38.82090549814186 -0.3177287688674172, 38.82521493824765 -0.3150459485588139, 38.82952529384992 -0.3123645993819221, 38.83383656719083 -0.3096847260535295, 38.8381487605086 -0.3070063332958057, 38.84246187603085 -0.3043294258457484, 38.84677591598332 -0.301654008442887, 38.85109088259179 -0.298980085826748, 38.85540677808196 -0.2963076627369444, 38.85972360467379 -0.2936367439207093, 38.864041364577076 -0.2909673341387411, 38.86836006000058 -0.2882994381531152, 38.87267969315307 -0.2856330607259107, 38.877000266243044 -0.2829682066195347, 38.88132178147131 -0.2803048806065094, 38.88564424102973 -0.2776430874710537, 38.88996764710973 -0.2749828319980392, 38.894292001902656 -0.272324118972341, 38.898617307599224 -0.2696669531796694, 38.90294356638047 -0.2670113394180229, 38.907270780419964 -0.2643572824947316, 38.91159895189112 -0.261704787217354, 38.915928082967405 -0.2590538583934495, 38.92025817582079 -0.2564045008322867, 38.92458923261183 -0.2537567193571191, 38.92892125549546 -0.2511105187980524, 38.93325424662653 -0.2484659039852422, 38.937588208159944 -0.2458228797488409, 38.94192314224798 -0.2431814509220463, 38.946259051030296 -0.2405416223529858, 38.950595936642685 -0.2379033988943494, 38.95493380122091 -0.2352667853988281, 38.95927264690074 -0.2326317867191198, 38.96361247581366 -0.2299984077128622, 38.96795329007815 -0.2273666532524604, 38.97229509181034 -0.2247365282130605, 38.97663788312632 -0.2221080374698081, 38.980981666142185 -0.2194811858979227, 38.98532644296734 -0.2168559783798937, 38.989672215699024 -0.2142324198117458, 38.99401898643307 -0.2116105150909819, 38.99836675726535 -0.208990269115102, 39.00271553029145 -0.2063716867819098, 39.00706530759782 -0.2037547729989398, 39.011416091260116 -0.2011395326852643, 39.01576788335338 -0.1985259707606261, 39.020120685952605 -0.1959140921447714, 39.02447450113206 -0.1933039017582583, 39.028829330954345 -0.1906954045336135, 39.03318517747328 -0.1880886054124631, 39.03754204274244 -0.1854835093366571, 39.04189992881543 -0.1828801212480459, 39.046258837744105 -0.1802784460901975, 39.05061877156664 -0.1776784888203427, 39.05497973231459 -0.1750802544022542, 39.05934172201951 -0.1724837477997418, 39.06370474271295 -0.1698889739766155, 39.06806879642321 -0.1672959378998021, 39.072433885163555 -0.1647046445506996, 39.076800010942875 -0.1621150989149092, 39.08116717577004 -0.1595273059780359, 39.08553538165393 -0.1569412707256882, 39.08990463059797 -0.1543569981485698, 39.09427492459032 -0.1517744932514769, 39.09864626561663 -0.1491937610416179, 39.10301865566247 -0.1466148065262008, 39.10739209671333 -0.1440376347125343, 39.11176659074639 -0.1414622506153871, 39.11614213972471 -0.1388886592621513, 39.12051874560996 -0.1363168656814418, 39.12489641036383 -0.1337468749018688, 39.12927513594758 -0.1311786919524337, 39.13365492431101 -0.1286123218719939, 39.138035777391835 -0.12604776970984, 39.14241769712719 -0.123485040515767, 39.14680068545422 -0.1209241393395666, 39.15118474430884 -0.1183650712320212, 39.155569875612684 -0.1158078412558381, 39.159956081277805 -0.1132524544816076, 39.164343363216176 -0.1106989159800606, 39.16873172333972 -0.1081472308219312, 39.17312116355781 -0.1055974040799753, 39.177511685763264 -0.1030494408402331, 39.18190329184216 -0.100503346194103, 39.18629598368056 -0.0979591252329947, 39.19068976316455 -0.0954167830483179, 39.19508463217551 -0.0928763247350841, 39.19948059257719 -0.0903377554018904, 39.203877646229095 -0.0878010801605409, 39.208275794990804 -0.0852663041228432, 39.212675040721805 -0.0827334324006281, 39.21707538527387 -0.0802024701114429, 39.22147683048172 -0.0776734223855003, 39.22587937817768 -0.075146294354715, 39.230283030194094 -0.0726210911510054, 39.23468778836309 -0.0700978179064759, 39.23909365450543 -0.0675764797612245, 39.24350063042662 -0.0650570818661163, 39.24790871793111 -0.0625396293727717, 39.252317918823366 -0.0600241274328112, 39.25672823490694 -0.0575105811984664, 39.261139667970475 -0.0549989958321576, 39.26555221979029 -0.052489376504751, 39.2699658921423 -0.0499817283873713, 39.274380686802445 -0.0474760566511398, 39.27879660554453 -0.0449723664685663, 39.28321365012435 -0.0424706630239036, 39.28763182228866 -0.0399709515073023, 39.29205112378414 -0.0374732371089622, 39.29647155635749 -0.0349775250190797, 39.300893121751145 -0.0324838204304938, 39.30531582168767 -0.0299921285484541, 39.309739657883824 -0.0275024545818453, 39.31416463205634 -0.0250148037395523, 39.318590745921945 -0.022529181230471, 39.323018001189915 -0.0200455922679292, 39.32744639954968 -0.0175640420771284, 39.33187594268728 -0.0150845358852397, 39.33630663228884 -0.0126070789194309, 39.34073847004028 -0.010131676406973, 39.34517145761601 -0.0076583335816699, 39.349605596672404 -0.0051870556876361, 39.35404088886417 -0.0027178479698963, 39.35847733584606 -0.0002507156734788, 39.36291493927206 0.0022143359561891, 39.36735370078046 0.0046773016651466, 39.37179362199452 0.0071381761912836, 39.376234704536905 0.0095969542721686, 39.380676950030306 0.012053630645366, 39.38512036009541 0.0145082000474314, 39.38956493633342 0.0169606572048457, 39.39401068033436 0.0194109968383075, 39.398457593688114 0.0218592136684502, 39.40290567798457 0.0243053024159072, 39.407354934809455 0.0267492577992828, 39.41180536572651 0.0291910745263644, 39.416256972292096 0.0316307473013417, 39.42070975606261 0.0340682708283986, 39.42516371859439 0.0365036398117199, 39.42961886143629 0.0389368489519793, 39.434075186114605 0.0413678929393819, 39.438532694151476 0.0437967664621942, 39.44299138706905 0.0462234642086831, 39.4474512663893 0.0486479808670463, 39.451912333622175 0.0510703111201806, 39.456374590256914 0.0534904496418615, 39.460838037780654 0.0559083911049617, 39.465302677680626 0.0583241301823579, 39.469768511443256 0.0607376615466293, 39.47423554053811 0.0631489798633368, 39.47870376641748 0.0655580797908619, 39.48317319053281 0.0679649559872582, 39.487643814335605 0.0703696031105825, 39.49211563927533 0.0727720158181144, 39.49658866678019 0.0751721887587976, 39.50106289826538 0.077570116576519, 39.505538335146 0.0799657939150939, 39.51001497883706 0.0823592154183346, 39.514492830749305 0.0847503757284672, 39.51897189226911 0.0871392694787972, 39.523452164774326 0.0895258912995171, 39.52793364964288 0.0919102358208193, 39.53241634825262 0.0942922976728949, 39.536900261973315 0.0966720714831511, 39.54138539214976 0.0990495518704293, 39.54587174012191 0.1014247334519203, 39.550359307229755 0.1037976108448184, 39.55484809481311 0.1061681786662685, 39.55933810419869 0.1085364315292176, 39.5638293366901 0.1109023640392687, 39.56832179358871 0.113265970801283, 39.57281547619583 0.1156272464201183, 39.57731038581202 0.1179861855004083, 39.581806523719266 0.1203427826412795, 39.58630389118035 0.1226970324361908, 39.59080248945723 0.1250489294783449, 39.595302319811864 0.1273984683609449, 39.599803383503996 0.129745643676588, 39.60430568176983 0.1320904500114583, 39.608809215831414 0.1344328819478641, 39.613313986910505 0.1367729340680569, 39.617819996228995 0.1391106009542913, 39.6223272450038 0.1414458771876046, 39.62683573442507 0.1437787573423249, 39.63134546567382 0.1461092359904876, 39.63585643993092 0.148437307704122, 39.64036865837738 0.1507629670552589, 39.644882122185 0.1530862086138498, 39.64939683249823 0.1554070269436182, 39.65391279045643 0.1577254166071309, 39.65842999719896 0.1600413721669552, 39.66294845386496 0.162354888185615, 39.66746816157883 0.1646659592226024, 39.67198912143998 0.1669745798322875, 39.676511334545424 0.1692807445685441, 39.68103480199218 0.1715844479852493, 39.685559524876346 0.1738856846361091, 39.69008550427319 0.1761844490710167, 39.69461274123752 0.1784807358361217, 39.69914123682328 0.180774539477416, 39.70367099208442 0.1830658545408884, 39.70820200807226 0.185354675572107, 39.712734285812 0.1876409971124308, 39.71726782631398 0.1899248137008186, 39.72180263058835 0.1922061198762015, 39.72633869964524 0.1944849101775073, 39.73087603448905 0.1967611791428669, 39.73541463609482 0.1990349213063131, 39.73995450542815 0.2013061312005668, 39.744495643454655 0.2035748033583509, 39.749038051139955 0.2058409323123871, 39.75358172943899 0.2081045125941375, 39.75812667927716 0.2103655387315885, 39.76267290157486 0.2126240052521297, 39.76722039725246 0.2148799066831477, 39.77176916723001 0.217133237552005, 39.77631921241068 0.2193839923844287, 39.78087053367112 0.2216321657035928, 39.785423131885764 0.2238777520324532, 39.789977007928975 0.2261207458939658, 39.79453216267396 0.2283611418109923, 39.79908859697041 0.2305989343046337, 39.803646311646816 0.2328341178943915, 39.8082053075309 0.2350666870997126, 39.81276558545037 0.237296636440044, 39.81732714622965 0.2395239604346518, 39.82188999066426 0.2417486536012403, 39.82645411953467 0.243970710456699, 39.831019533621195 0.2461901255179081, 39.83558623370418 0.2484068933017501, 39.84015422055698 0.2506210083248778, 39.84472349492101 0.2528324651028852, 39.84929405752852 0.2550412581510666, 39.85386590911174 0.2572473819847166, 39.85843905040291 0.2594508311191262, 39.86301348212157 0.2616516000694347, 39.867589204956005 0.2638496833503991, 39.87216621958965 0.2660450754767143, 39.87674452670602 0.2682377709630792, 39.88132412698813 0.2704277643241953, 39.88590502109949 0.2726150500749292, 39.89048720967615 0.2747996227303858, 39.89507069335214 0.2769814768056837, 39.899655472761474 0.2791606068159442, 39.90424154853655 0.2813370072763368, 39.9088289212833 0.2835106727028019, 39.91341759158624 0.2856815976119109, 39.91800756002926 0.2878497765202534, 39.92259882719626 0.2900152039444161, 39.92719139366696 0.2921778744011954, 39.93178525998925 0.2943377824089726, 39.936380426696324 0.2964949224868584, 39.940976894321274 0.29864928915397, 39.945574663397196 0.3008008769294246, 39.95017373444868 0.3029496803329364, 39.954774107965996 0.3050956938866326, 39.959375784430826 0.3072389121132466, 39.963978764324814 0.3093793295355081, 39.96858304812954 0.3115169406761583, 39.97318863631164 0.3136517400592964, 39.977795529304984 0.315783722212, 39.98240372753918 0.3179128816617398, 39.98701323144379 0.3200392129359834, 39.99162404144777 0.3221627105622722, 39.99623615795763 0.3242833690706418, 40.000849581351964 0.3264011829942263, 40.00546431200767 0.3285161468663563, 40.01008035030161 0.3306282552203624, 40.014697696608465 0.3327375025898594, 40.01931635127347 0.3348438835123453, 40.02393631462061 0.3369473925281082, 40.02855758697346 0.3390480241774947, 40.03318016865558 0.3411457730008542, 40.03780405998527 0.343240633539331, 40.042429261246234 0.3453326003393242, 40.04705577270816 0.3474216679493701, 40.05168359464067 0.349507830918011, 40.05631272731338 0.3515910837937863, 40.0609431709856 0.3536714211270202, 40.06557492588039 0.3557488374742739, 40.07020799221285 0.3578233273934786, 40.07484237019813 0.3598948854425654, 40.079478060051166 0.3619635061794914, 40.0841150619695 0.3640291841655794, 40.08875337611698 0.3660919139686319, 40.093393002653684 0.3681516901571867, 40.098033941739615 0.3702085072997833, 40.102676193533945 0.3722623599651561, 40.10731975817046 0.3743132427274216, 40.11196463575506 0.376361150166654, 40.11661082639215 0.3784060768632353, 40.121258330186144 0.380448017397545, 40.12590714723864 0.3824869663506217, 40.1305572776189 0.3845229183110471, 40.13520872137552 0.386555867872225, 40.13986147855674 0.3885858096276414, 40.14451554921081 0.3906127381707786, 40.149170933379565 0.392636648096743, 40.15382763106789 0.3946575340100237, 40.15848564226733 0.3966753905184746, 40.163144966969476 0.3986902122299562, 40.16780560516588 0.4007019937523311, 40.17246755683593 0.4027107296967943, 40.17713082192127 0.4047164146848799, 40.18179540035631 0.4067190433401188, 40.1864612920754 0.4087186102860388, 40.1911284970127 0.4107151101462418, 40.19579701508253 0.412708537550163, 40.200466846165014 0.4146988871373117, 40.205137990136855 0.4166861535482009, 40.209810446874776 0.4186703314233435, 40.21448421625427 0.4206514154036304, 40.219159298123024 0.4226294001387272, 40.223835692300824 0.4246042802870758, 40.22851339860626 0.426576050507497, 40.23319241685794 0.4285447054588155, 40.237872746871005 0.4305102398010057, 40.24255438842588 0.4324726482056999, 40.247237341282855 0.4344319253512937, 40.251921605201964 0.4363880659162628, 40.25660717994324 0.4383410645790857, 40.26129406525925 0.4402909160208973, 40.265982260863694 0.4422376149366836, 40.27067176645764 0.444181156025936, 40.27536258174214 0.4461215339881482, 40.28005470641823 0.4480587435228176, 40.284748140173214 0.4499927793346221, 40.28944288265559 0.4519236361428791, 40.29413893350704 0.4538513086694715, 40.298836292369245 0.4557757916362847, 40.30353495888357 0.4576970797653365, 40.30823493266966 0.4596151677872635, 40.31293621331264 0.4615300504464946, 40.31763880039438 0.4634417224886958, 40.322342693496864 0.4653501786595308, 40.32704789220057 0.4672554137052752, 40.331754396056255 0.4691574223846642, 40.33646220458682 0.4710561994680971, 40.34117131731416 0.4729517397264217, 40.34588173376011 0.4748440379304835, 40.35059345344263 0.4767330888528445, 40.35530647584327 0.4786188872821058, 40.360020800423655 0.4805014280156236, 40.36473642664524 0.4823807058508454, 40.3694533539695 0.4842567155852188, 40.37417158184969 0.4861294520199556, 40.378891109698905 0.4879989099748226, 40.38361193691792 0.4898650842752898, 40.388334062907475 0.4917279697468256, 40.39305748706828 0.4935875612149129, 40.397782208786396 0.4954438535121157, 40.40250822740825 0.4972968414901566, 40.40723554227361 0.4991465200039695, 40.41196415272225 0.5009928839084846, 40.41669405809354 0.502835928058825, 40.42142525770427 0.5046756473215501, 40.426157750836 0.5065120365809685, 40.43089153676729 0.5083450907229217, 40.43562661477671 0.5101748046332509, 40.44036298414129 0.5120011731986092, 40.445100644107356 0.5138241913218058, 40.449839593893095 0.5156438539204952, 40.454579832715645 0.5174601559128807, 40.45932135979213 0.5192730922171688, 40.46406417433566 0.521082657753767, 40.46880827552216 0.5228888474635135, 40.47355366250733 0.5246916562983306, 40.4783003344467 0.5264910792102504, 40.483048290495795 0.5282871111513029, 40.487797529801874 0.53007974707823, 40.49254805147135 0.5318689819711321, 40.49729985459799 0.5336548108173346, 40.502052938275526 0.5354372286041682, 40.50680730159768 0.5372162303189726, 40.511562943643575 0.5389918109577687, 40.51631986345199 0.5407639655405536, 40.52107806005477 0.542532689091428, 40.525837532483756 0.5442979766344939, 40.530598279770494 0.546059823194064, 40.53536030092403 0.5478182238082832, 40.5401235949175 0.5495731735375009, 40.544888160720774 0.551324667444068, 40.549653997303686 0.5530727005903324, 40.55442110363468 0.5548172680395478, 40.55918947865195 0.5565583648743836, 40.56395912126443 0.5582959861962012, 40.56873003037994 0.5600301271071226, 40.573502204906255 0.56176078270927, 40.578275643747496 0.5634879481071942, 40.58305034577095 0.5652116184299039, 40.587826309822596 0.5669317888205443, 40.59260353474812 0.5686484544224351, 40.59738201939324 0.5703616103788955, 40.60216176259612 0.5720712518384167, 40.60694276315418 0.5737773739775528, 40.611725019851036 0.5754799719823265, 40.61650853147027 0.5771790410387656, 40.621293296795514 0.578874576332906, 40.626079314597014 0.5805665730602855, 40.63086658360413 0.5822550264455677, 40.63565510253841 0.5839399317189785, 40.6404448701214 0.5856212841107447, 40.64523588507441 0.5872990788512543, 40.650028146098094 0.5889733111861484, 40.654821651855855 0.5906439763884752, 40.65961640100725 0.5923110697341418, 40.664412392211815 0.5939745864990574, 40.66920962412802 0.595634521959926, 40.67400809538608 0.5972908714150331, 40.678807804585176 0.5989436301862556, 40.68360875032295 0.6005927935966652, 40.68841093119707 0.6022383569693353, 40.693214345802275 0.6038803156295873, 40.698018992698344 0.605518664930306, 40.70282487042161 0.6071534002428708, 40.70763197750789 0.6087845169390019, 40.712440312493044 0.6104120103904178, 40.71724987390693 0.6120358759737309, 40.722060660239826 0.6136561090977366, 40.726872669966035 0.6152727051842357, 40.73168590155978 0.6168856596550669, 40.73650035349531 0.6184949679320686, 40.74131602423603 0.6201006254461939, 40.746132912204395 0.6217026276627708, 40.75095101581324 0.6233009700552283, 40.75577033347541 0.6248956480969932, 40.76059086360361 0.6264866572615667, 40.76541260459329 0.6280739930374819, 40.77023555480128 0.6296576509467103, 40.77505971257921 0.6312376265157301, 40.77988507627872 0.6328139152710175, 40.784711644250905 0.6343865127395538, 40.789539414822364 0.6359554144702345, 40.79436838628623 0.6375206160418849, 40.799198556933206 0.6390821130354863, 40.804029925054024 0.6406399010320211, 40.80886248893767 0.6421939756140987, 40.813696246841864 0.6437443323931517, 40.81853119699757 0.6452909670053069, 40.8233673376349 0.646833875087489, 40.82820466698399 0.6483730522766246, 40.83304318327094 0.6499084942134462, 40.83788288468532 0.6514401965734569, 40.84272376939716 0.652968155050785, 40.8475658355763 0.6544923653397353, 40.85240908139255 0.656012823134611, 40.85725350500824 0.6575295241371099, 40.86209910454617 0.6590424640876709, 40.8669458781163 0.6605516387393858, 40.871793823828504 0.662057043845353, 40.87664293979276 0.6635586751586754, 40.881493224106386 0.665056528445188, 40.886344674827434 0.6665505995104627, 40.891197290006346 0.6680408841678003, 40.89605106769355 0.6695273782305039, 40.9009060059393 0.6710100775120451, 40.9057621027751 0.672488977845476, 40.910619356196406 0.6739640751014332, 40.91547776419457 0.6754353651548093, 40.92033732476097 0.6769028438804952, 40.92519803588623 0.6783665071541805, 40.93005989553581 0.6798263508786399, 40.93492290164434 0.6812823709897189, 40.93978705214462 0.6827345634252747, 40.944652344969455 0.6841829241231653, 40.94951877804963 0.6856274490234575, 40.95438634928496 0.6870681341005394, 40.95925505655085 0.6885049753558553, 40.96412489772201 0.6899379687915856, 40.968995870673176 0.6913671104099113, 40.97386797327492 0.6927923962177436, 40.978741203362496 0.6942138222623426, 40.98361555875324 0.6956313846113864, 40.98849103726437 0.69704507933271, 40.993367636713096 0.6984549024941505, 40.99824535490926 0.6998608501722283, 41.00312418962506 0.7012629184876983, 41.008004138620805 0.7026611035753687, 41.01288519965676 0.7040554015700535, 41.017767370493196 0.7054458086065714, 41.02265064887854 0.7068323208340942, 41.02753503252406 0.7082149344468762, 41.0324205191337 0.7095936456479984, 41.037307106411426 0.7109684506405436, 41.042194792061075 0.7123393456277543, 41.04708357376928 0.7137063268343534, 41.05197344918842 0.7150693905278913, 41.05686441596678 0.7164285329809956, 41.06175647175266 0.7177837504662957, 41.0666496141938 0.7191350392571633, 41.07154384091519 0.7204823956562166, 41.07643914951216 0.7218258160042955, 41.081335537578035 0.723165296644817, 41.08623300270614 0.724500833921197, 41.091131542488256 0.7258324241788814, 41.09603115448845 0.7271600638001537, 41.10093183624658 0.7284837491993768, 41.105833585301724 0.7298034767919876, 41.110736399192966 0.7311192429934239, 41.11564027545621 0.732431044223414, 41.12054521159567 0.7337388769450977, 41.12545120509716 0.7350427376468117, 41.130358253446225 0.7363426228172008, 41.135266354128426 0.7376385289449122, 41.14017550462383 0.7389304525263917, 41.14508570237831 0.7402183901062612, 41.14999694482476 0.741502338247516, 41.15490922939603 0.7427822935131866, 41.15982255352498 0.7440582524663036, 41.164736914635675 0.7453302116826989, 41.16965231011756 0.746598167788546, 41.17456873735162 0.7478621174223984, 41.179486193718816 0.7491220572228092, 41.18440467660007 0.7503779838283747, 41.18932418336341 0.751629893897044, 41.19424471134396 0.7528777841362201, 41.199166257871624 0.7541216512610901, 41.204088820276354 0.755361491986844, 41.20901239588782 0.7565973030290076, 41.21393698201839 0.7578290811299727, 41.21886257595075 0.7590568230781288, 41.223789174964665 0.7602805256663765, 41.22871677633988 0.7615001856876183, 41.23364537735547 0.7627157999358617, 41.238574975268875 0.7639273652397496, 41.24350556731203 0.7651348784686217, 41.24843715071549 0.7663383364941448, 41.25336972270977 0.7675377361879835, 41.25830328052382 0.7687330744243714, 41.263237821361194 0.7699243481195148, 41.26817334240474 0.7711115542238565, 41.27310984083667 0.7722946896888401, 41.2780473138392 0.7734737514659097, 41.282985758591686 0.7746487365114335, 41.28792517224518 0.7758196418300065, 41.29286555193479 0.776986464453521, 41.29780689479539 0.7781492014141774, 41.30274919796187 0.7793078497441775, 41.307692458564425 0.7804624064840967, 41.31263667370325 0.7816128687272867, 41.317581840466964 0.7827592335876129, 41.32252795594415 0.7839014981789835, 41.327475017223385 0.7850396596153089, 41.332423021386084 0.7861737150235755, 41.337371965483484 0.7873036615858153, 41.34232184655887 0.7884294964985432, 41.347272661655545 0.7895512169582747, 41.352224407816784 0.7906688201615435, 41.357177082075744 0.7917823033240114, 41.36213068143664 0.7928916637160135, 41.3670852028985 0.793996898617589, 41.3720406434604 0.7950980053087797, 41.37699700012131 0.7961949810698236, 41.38195426986682 0.7972878232069951, 41.38691244965602 0.7983765290783883, 41.39187153644489 0.7994610960482293, 41.396831527189356 0.8005415214807425, 41.401792418845 0.801617802740857, 41.406754208350904 0.8026899372271306, 41.411716892622636 0.803757922385831, 41.416680468573986 0.804821755666856, 41.42164493311876 0.8058814345201013, 41.42661028316997 0.8069369563971408, 41.43157651562128 0.8079883187900311, 41.43654362734657 0.8090355192324237, 41.44151161521878 0.8100785552598678, 41.446480476110885 0.8111174244079141, 41.45145020689431 0.8121521242153814, 41.45642080441891 0.8131826522681078, 41.46139226551836 0.8142090061871641, 41.46636458702591 0.8152311835944719, 41.47133776577483 0.8162491821119546, 41.47631179859591 0.8172629993671593, 41.48128668229667 0.8182726330402845, 41.48626241367194 0.8192780808402955, 41.49123898951644 0.8202793404764495, 41.49621640662485 0.8212764096580019, 41.50119466178814 0.8222692861030173, 41.50617375177321 0.8232579675861821, 41.51115367333743 0.8242424519045914, 41.51613442323817 0.825222736855397, 41.52111599823278 0.8261988202357486, 41.52609839507333 0.8271706998557324, 41.53108161048789 0.8281383735842829, 41.53606564119766 0.8291018393070566, 41.54105048392391 0.8300610949097144, 41.546036135387865 0.8310161382779205, 41.55102259230367 0.8319669673153921, 41.5560098513624 0.8329135799848204, 41.56099790925038 0.8338559742609193, 41.565986762654006 0.8347941481184019, 41.57097640825958 0.8357280995320636, 41.57596684274443 0.8366578265006521, 41.58095806276443 0.8375833270800952, 41.585950064972316 0.8385045993346741, 41.59094284602083 0.8394216413286699, 41.59593640256259 0.8403344511266982, 41.60093073123934 0.8412430268236236, 41.60592582867349 0.842147366568194, 41.61092169148544 0.8430474685147203, 41.615918316295605 0.8439433308175145, 41.620915699724065 0.8448349516317449, 41.625913838378395 0.8457223291491792, 41.63091272884917 0.8466054616110724, 41.63591236772572 0.8474843472621888, 41.64091275159743 0.8483589843472943, 41.64591387705311 0.8492293711128854, 41.65091574066757 0.8500955058481467, 41.655918339001126 0.8509573868866123, 41.66092166861343 0.8518150125638806, 41.66592572606411 0.8526683812155477, 41.67093050791186 0.8535174911802291, 41.67593601070037 0.8543623408447949, 41.6809422309612 0.8552029286349107, 41.68594916522561 0.8560392529773425, 41.690956810024815 0.8568713122988546, 41.695965161888644 0.8576991050309831, 41.70097421733125 0.8585226296583247, 41.705983972856934 0.8593418846985947, 41.710994424969904 0.8601568686700154, 41.71600557017432 0.8609675800908079, 41.721017404972365 0.8617740174862245, 41.72602992585034 0.8625761794384306, 41.73104312928674 0.8633740645571703, 41.73605701176003 0.8641676714523686, 41.74107156974869 0.8649569987339505, 41.746086799728594 0.865742045021668, 41.75110269815978 0.8665228089949211, 41.75611926149637 0.8672992893554999, 41.76113648619253 0.8680714848052344, 41.76615436870234 0.8688393940459531, 41.771172905476625 0.8696030157926554, 41.77619209295099 0.8703623488214949, 41.78121192755656 0.8711173919263596, 41.786232405724476 0.8718681439011411, 41.79125352388588 0.87261460353973, 41.796275278467895 0.8733567696530842, 41.80129766588331 0.8740946411134958, 41.80632068254166 0.8748282168070284, 41.811344324852485 0.8755574956197472, 41.81636858922531 0.876282476437743, 41.82139347206499 0.8770031581685193, 41.82641896976314 0.877719539779856, 41.8314450787091 0.8784316202500595, 41.836471795292184 0.8791393985574357, 41.84149911590168 0.8798428736804126, 41.8465270369216 0.8805420446234321, 41.85155555472404 0.8812369104491599, 41.856584665679506 0.8819274702281684, 41.861614366158506 0.8826137230310303, 41.86664465253145 0.8832956679286424, 41.871675521163006 0.883973304022591, 41.87670696840732 0.8846466304698741, 41.88173899061746 0.8853156464333085, 41.8867715841465 0.8859803510757114, 41.89180474534737 0.8866407435605687, 41.896838470566934 0.8872968230866503, 41.90187275614289 0.8879485889047746, 41.90690759841231 0.8885960402699411, 41.911942993712216 0.8892391764371508, 41.91697893837945 0.8898779966625792, 41.92201542874456 0.8905125002420675, 41.92705246113041 0.8911426865197591, 41.93209003185941 0.8917685548427202, 41.937128137253914 0.8923901045580162, 41.94216677363612 0.8930073350145705, 41.94720593732182 0.8936202456050689, 41.95224562462047 0.8942288357665549, 41.957285831841226 0.8948331049380476, 41.96232655529328 0.8954330525585665, 41.96736779128542 0.8960286780698488, 41.97240953612035 0.8966199809610109, 41.97745178609555 0.89720696076141, 41.9824945375084 0.8977896170016831, 41.98753778665623 0.8983679492124664, 41.99258152983592 0.8989419569282076, 41.99762576333855 0.8995116397345804, 42.00267048345101 0.9000769972539094, 42.0077156864601 0.9006380291093139, 42.01276136865261 0.9011947349239133, 42.01780752631486 0.9017471143257778, 42.02285415572791 0.9022951669958225, 42.02790125316969 0.9028388926469534, 42.032948814918065 0.9033782909925235, 42.03799683725089 0.9039133617458845, 42.04304531644551 0.9044441046268049, 42.04809424877454 0.9049705194107699, 42.053143630508245 0.9054926059019017, 42.058193457916786 0.906010363904557, 42.0632437272704 0.9065237932230936, 42.06829443483871 0.9070328936698372, 42.07334557688744 0.9075376651144482, 42.07839714968051 0.9080381074516823, 42.08344914948189 0.9085342205764017, 42.0885015725555 0.909026004383469, 42.09355441516475 0.9095134587774264, 42.0986076735699 0.9099965837213525, 42.103661344030016 0.9104753792002157, 42.10871542280413 0.9109498451990212, 42.11376990615131 0.9114199817027758, 42.11882479033017 0.9118857887079965, 42.123880071596986 0.9123472662703979, 42.128935746207304 0.912804414464671, 42.133991810416646 0.9132572333655166, 42.13904826048058 0.9137057230476349, 42.144105092654286 0.9141498835991716, 42.149162303191595 0.9145897151676579, 42.15421988834586 0.915025217917014, 42.159277844370465 0.9154563920111611, 42.16433616751882 0.9158832376140212, 42.169394854044185 0.9163057549049737, 42.17445390019924 0.9167239441225146, 42.1795133022366 0.9171378055192687, 42.18457305640884 0.9175473393478616, 42.18963315896857 0.9179525458609221, 42.19469360616847 0.9183534253285922, 42.19975439426159 0.9187499780794706, 42.20481551950109 0.9191422044543356, 42.20987697814009 0.9195301047939659, 42.21493876643171 0.9199136794391564, 42.22000088062952 0.9202929287502627, 42.2250633169883 0.9206678531451225, 42.23012607176304 0.9210384530520783, 42.235189141208764 0.9214047288994742, 42.24025252158047 0.9217666811156963, 42.245316209133975 0.9221243101506865, 42.25038020012714 0.9224776165106602, 42.255444490818164 0.9228266007109015, 42.260509077465244 0.9231712632666957, 42.26557395632658 0.9235116046934149, 42.2706391236616 0.9238476255298932, 42.27570457573261 0.9241793263698594, 42.280770308802296 0.9245067078148812, 42.28583631913334 0.9248297704665274, 42.29090260298847 0.9251485149265165, 42.29596915663208 0.9254629418218199, 42.301035976332216 0.9257730518328088, 42.306103058357365 0.926078845646644, 42.31117039897599 0.9263803239504856, 42.31623799445661 0.9266774874317238, 42.32130584106996 0.9269703368046603, 42.32637393509109 0.92725887283543, 42.33144227279556 0.9275430962960618, 42.33651085045892 0.9278230079585865, 42.34157966435674 0.928098608595356, 42.3466487107674 0.9283698990071463, 42.35171798597427 0.9286368800449665, 42.35678748626121 0.9288995525649599, 42.36185720791211 0.9291579174232708, 42.36692714721083 0.9294119754764705, 42.371997300444754 0.9296617276109087, 42.37706766390678 0.9299071747615688, 42.38213823389033 0.9301483178679228, 42.38720900668884 0.9303851578694422, 42.3922799785958 0.930617695706143, 42.39735114590877 0.9308459323490086, 42.40242250493143 0.931069868816083, 42.407494051968 0.9312895061293514, 42.41256578332271 0.9315048453107984, 42.41763769529984 0.9317158873830735, 42.42270978420841 0.9319226334008209, 42.42778204636412 0.932125084464219, 42.43285447808314 0.9323232416769228, 42.43792707568171 0.9325171061425891, 42.442999835476144 0.9327066789656588, 42.448072753788125 0.9328919612834338, 42.453145826946546 0.9330729542772798, 42.458219051280764 0.9332496591316501, 42.46329242312018 0.933422077030999, 42.4683659387943 0.9335902091606849, 42.47343959463872 0.9337540567396343, 42.47851338699665 0.9339136210294446, 42.4835873122118 0.9340689032944738, 42.488661366627895 0.9342199047990801, 42.49373554658885 0.9343666268086416, 42.498809848445276 0.9345090706226498, 42.503884268555886 0.9346472375819542, 42.508958803279874 0.9347811290298909, 42.51403344897644 0.9349107463097944, 42.51910820200506 0.9350360907661259, 42.52418305873248 0.9351571637778651, 42.52925801553406 0.935273966764133, 42.5343330687856 0.935386501146308, 42.53940821486292 0.9354947683457684, 42.54448345014208 0.9355987697851097, 42.549558771007185 0.9356985069216897, 42.5546341738513 0.9357939812518574, 42.55970965506792 0.9358851942740287, 42.56478521105059 0.9359721474866196, 42.56986083819314 0.9360548423893443, 42.57493653289801 0.9361332805168605, 42.58001229157708 0.9362074634418447, 42.58508811064263 0.9362773927388878, 42.59016398650698 0.9363430699825813, 42.595239915582795 0.936404496748885, 42.60031589429197 0.9364616746488693, 42.60539191906618 0.9365146053308644, 42.61046798633761 0.9365632904449985, 42.61554409253837 0.9366077316413992, 42.620620234101054 0.9366479305715877, 42.625696407468 0.9366838889215133, 42.630772609091785 0.9367156084129576, 42.635848835425435 0.9367430907693721, 42.640925082922024 0.93676633771421, 42.64600134803497 0.9367853509723586, 42.65107762722816 0.9368001323032995, 42.65615391697603 0.9368106835020074, 42.66123021375346 0.9368170063650721, 42.666306514035426 0.9368191026890846, 42.6713828142973 0.936816974272075, 42.67645911102536 0.9368106229462237, 42.68153540071689 0.9368000505784395, 42.686611679869685 0.9367852590371881, 42.69168794498159 0.9367662501909357, 42.69676419255085 0.9367430259095788, 42.70184041908711 0.9367155880967357, 42.70691662111151 0.9366839386901945, 42.711992795145676 0.9366480796292649, 42.71706893771123 0.9366080128532561, 42.722145045330365 0.9365637403028821, 42.72722111453694 0.936515263952021, 42.73229714187687 0.9364625858082112, 42.73737312389656 0.9364057078804937, 42.74244905714241 0.9363446321779099, 42.74752493816134 0.9362793607108608, 42.75260076351246 0.9362098955222768, 42.75767652976729 0.9361362386883243, 42.76275223349791 0.9360583922866713, 42.76782787127643 0.9359763583949859, 42.77290343967546 0.9358901390922378, 42.77797893528011 0.9357997364891976, 42.78305435468846 0.9357051527295143, 42.78812969449914 0.9356063899583532, 42.79320495131085 0.9355034503208804, 42.79828012172275 0.9353963359634909, 42.80335520234682 0.935285049063577, 42.808430189808504 0.9351695918311211, 42.813505080733925 0.9350499664776535, 42.81857987174913 0.934926175214704, 42.82365455948074 0.9347982202549496, 42.82872914056838 0.9346661038411831, 42.83380361166571 0.9345298282485566, 42.83887796942711 0.9343893957538181, 42.84395221050693 0.9342448086337158, 42.849026331559976 0.9340960691660517, 42.85410032925438 0.9339431796577916, 42.85917420027277 0.9337861424480818, 42.86424794129858 0.9336249598777278, 42.86932154901526 0.9334596342875365, 42.8743950201067 0.9332901680192711, 42.87946835127009 0.9331165634428398, 42.88454153921796 0.9329388229602044, 42.889614580663554 0.932756948975069, 42.89468747232019 0.932570943891138, 42.89976021090157 0.9323808101129696, 42.90483279313484 0.9321865500721856, 42.90990521576299 0.9319881662323694, 42.91497747552991 0.9317856610589453, 42.9200495691795 0.9315790370173389, 42.92512149345608 0.9313682965737273, 42.93019324511736 0.9311534422202128, 42.93526482093755 0.9309344764808027, 42.94033621769193 0.930711401881468, 42.94540743215573 0.9304842209481791, 42.95047846110457 0.9302529362075538, 42.95554930132741 0.9300175502109479, 42.96061994963039 0.9297780655415869, 42.965690402820876 0.9295344847848013, 42.97076065770612 0.9292868105259195, 42.97583071109376 0.92903504535082, 42.98090055980463 0.928779191868882, 42.98597020067748 0.9285192527213366, 42.99103963055238 0.9282552305516842, 42.996108846269344 0.9279871280034233, 43.00117784466869 0.9277149477205074, 43.00624662260372 0.9274386923691148, 43.01131517694646 0.9271583646472676, 43.01638350457033 0.9268739672554441, 43.02145160234873 0.9265855028941219, 43.02651946715534 0.9262929742641448, 43.031587095876546 0.9259963840872714, 43.03665448541818 0.9256957351170892, 43.041721632687704 0.9253910301098567, 43.04678853459251 0.9250822718218314, 43.05185518804026 0.9247694630095583, 43.056921589950974 0.9244526064491615, 43.06198773726489 0.9241317049485731, 43.067053626924086 0.9238067613186396, 43.07211925587057 0.9234777783702066, 43.0771846210466 0.9231447589143374, 43.08224971940636 0.9228077057803155, 43.08731454792505 0.9224666218291822, 43.09237910357987 0.9221215099251663, 43.09744338334814 0.9217723729324976, 43.1025073842072 0.9214192137155611, 43.10757110314597 0.9210620351556003, 43.112634537175076 0.9207008401655388, 43.117697683307505 0.9203356316617971, 43.12276053855628 0.9199664125607967, 43.127823099934496 0.9195931857790642, 43.13288536446623 0.9192159542486162, 43.13794732919805 0.9188347209330234, 43.143008991179265 0.9184494887996977, 43.14807034745912 0.9180602608160512, 43.153131395086966 0.9176670399495636, 43.15819213112259 0.9172698291818421, 43.16325255264892 0.9168686315258701, 43.16831265675203 0.9164634499988533, 43.17337244051798 0.9160542876179978, 43.17843190103286 0.9156411474005492, 43.183491035392564 0.9152240323765396, 43.18854984071686 0.9148029456071309, 43.19360831412906 0.9143778901581341, 43.19866645275249 0.9139488690953589, 43.20372425371048 0.9135158854846348, 43.20878171413548 0.9130789424032653, 43.21383883118449 0.9126380429593576, 43.21889560201848 0.912193190266133, 43.2239520237985 0.9117443874368139, 43.22900809368559 0.9112916375846289, 43.2340638088492 0.9108349438330119, 43.239119166483846 0.9103743093357791, 43.244174163788706 0.9099097372523784, 43.24922879796292 0.909441230742257, 43.25428306620567 0.9089687929648647, 43.25933696572382 0.9084924270886359, 43.26439049374976 0.9080121363118687, 43.2694436475212 0.907527923839056, 43.27449642427583 0.9070397928746902, 43.27954882125137 0.906547746623265, 43.28460083569249 0.9060517882971068, 43.28965246486975 0.905551921137763, 43.294703706059785 0.9050481483935932, 43.29975455653923 0.9045404733129562, 43.304805013584705 0.9040288991442114, 43.309855074479046 0.9035134291424795, 43.3149047365313 0.902994066591335, 43.31995399705735 0.902470814781838, 43.32500285337313 0.9019436770050467, 43.33005130279454 0.9014126565520199, 43.33509934264299 0.9008777567195914, 43.34014697026618 0.9003389808321446, 43.34519418301962 0.899796332222268, 43.350240978258846 0.8992498142225529, 43.355287353339364 0.8986994301655895, 43.360333305621516 0.8981451833888454, 43.3653788324919 0.8975870772563108, 43.370423931345925 0.8970251151409464, 43.37546859957904 0.8964593004157199, 43.380512834586725 0.8958896364536006, 43.38555663376857 0.8953161266316235, 43.39059999455023 0.8947387743521972, 43.39564291436732 0.894157583027498, 43.400685390655525 0.893572556069721, 43.40572742085049 0.8929836968910623, 43.41076900239144 0.8923910089070626, 43.41581013274325 0.8917944955573792, 43.42085080938199 0.8911941602922492, 43.42589102978381 0.8905900065619543, 43.43093079142487 0.8899820378167757, 43.4359700917843 0.8893702575097031, 43.441008928366315 0.8887546691164936, 43.44604729868771 0.8881352761243005, 43.451085200265354 0.887512082020363, 43.456122630616115 0.8868850902919193, 43.461159587259345 0.8862543044283586, 43.466196067738736 0.8856197279404059, 43.47123206961199 0.884981364350986, 43.47626759043693 0.8843392171831669, 43.48130262777137 0.8836932899600181, 43.48633717917514 0.883043586206281, 43.49137124223155 0.8823901094665378, 43.49640481453935 0.8817328632983529, 43.50143789369752 0.8810718512595136, 43.50647047730502 0.8804070769078083, 43.511502562962455 0.8797385438022971, 43.516534148292834 0.8790662555203317, 43.521565230936076 0.8783902156529854, 43.52659580853253 0.8777104277916635, 43.53162587872251 0.8770268955277705, 43.53665543914756 0.8763396224536499, 43.54168448747052 0.8756486121783575, 43.546713021372625 0.8749538683253486, 43.55174103853571 0.8742553945185502, 43.556768536641606 0.8735531943818885, 43.56179551337304 0.8728472715399567, 43.56682196643276 0.8721376296324771, 43.57184789354338 0.871424272314183, 43.57687329242842 0.8707072032404508, 43.58189816081133 0.8699864260666584, 43.586922496416236 0.8692619444486361, 43.59194629698586 0.8685337620557558, 43.596969560284286 0.8678018825729168, 43.60199228407678 0.8670663096858714, 43.60701446612858 0.8663270470803733, 43.61203610420538 0.8655840984424669, 43.61705719608996 0.8648374674701667, 43.62207773958785 0.8640871578774195, 43.627097732506215 0.8633331733792733, 43.63211717265218 0.8625755176907772, 43.63713605783313 0.8618141945271551, 43.642154385872 0.8610492076140921, 43.647172154615795 0.8602805606935119, 43.65218936191363 0.8595082575087377, 43.6572060056146 0.8587323018030921, 43.662222083567954 0.8579526973199901, 43.66723759363681 0.8571694478118544, 43.672252533709674 0.8563825570475028, 43.677266901677626 0.8555920287974909, 43.68228069543183 0.8547978668323765, 43.68729391286348 0.8540000749227582, 43.69230655187606 0.8531986568468682, 43.69731861039934 0.85239361639935, 43.70233008636656 0.8515849573769735, 43.707340977710956 0.8507726835765108, 43.712351282365745 0.8499567987947472, 43.71736099827483 0.8491373068348247, 43.722370123409256 0.8483142115161547, 43.72737865574437 0.8474875166607133, 43.73238659325551 0.8466572260904762, 43.737393933918035 0.8458233436274237, 43.74240067571633 0.8449858730987297, 43.74740681666259 0.844144818347527, 43.75241235477428 0.8433001832200026, 43.75741728806889 0.8424519715623431, 43.76242161456392 0.8416001872207348, 43.76742533228439 0.8407448340455291, 43.77242843928341 0.8398859159025475, 43.77743093362064 0.8390234366612045, 43.7824328133557 0.8381574001909149, 43.787434076548195 0.8372878103610921, 43.79243472126399 0.8364146710444276, 43.7974347455969 0.8355379861284142, 43.8024341476487 0.8346577595047243, 43.807432925521134 0.8337739950650327, 43.81243107731599 0.8328866967010122, 43.81742860113999 0.8319958683068641, 43.82242549512751 0.8311015137907649, 43.827421757422385 0.8302036370656896, 43.8324173861685 0.8293022420446182, 43.83741237950969 0.8283973326405316, 43.842406735593784 0.827488912768318, 43.84740045259541 0.8265769863558733, 43.852393528700475 0.8256615573365219, 43.85738596209487 0.8247426296436049, 43.86237775096451 0.8238202072104633, 43.867368893498366 0.8228942939718435, 43.87235938791116 0.8219648938744374, 43.877349232430724 0.8210320108709774, 43.88233842528497 0.8200956489142416, 43.88732696470179 0.8191558119570079, 43.89231484891137 0.8182125039530562, 43.89730207616837 0.817265728866984, 43.9022886447424 0.8163154906700006, 43.90727455290329 0.815361793333411, 43.912259798920886 0.8144046408285189, 43.91724438106664 0.8134440371273147, 43.92222829763492 0.8124799862114392, 43.92721154693701 0.8115124920696533, 43.93219412728458 0.8105415586908851, 43.937176036989285 0.8095671900640629, 43.942157274363936 0.8085893901785635, 43.947137837742446 0.8076081630322367, 43.952117725477535 0.8066235126304876, 43.957096935922635 0.8056354429789852, 43.962075467431156 0.8046439580833978, 43.967053318357195 0.8036490619496718, 43.97203048707411 0.8026507585910647, 43.97700697197584 0.8016490520287256, 43.98198277145748 0.8006439462841956, 43.98695788391404 0.7996354453790148, 43.99193230774098 0.7986235533348814, 43.996906041350876 0.797608274179685, 44.001879083178764 0.7965896119494323, 44.006851431661154 0.7955675706806804, 44.011823085234575 0.7945421544099853, 44.01679404233578 0.793513367173981, 44.021764301416546 0.7924812130144411, 44.02673386095259 0.7914456959813587, 44.03170271942182 0.7904068201254657, 44.036670875302114 0.7893645894974943, 44.041638327071475 0.7883190081482094, 44.04660507322077 0.7872700801325381, 44.0515711122661 0.7862178095136049, 44.05653644272663 0.7851622003554897, 44.06150106312144 0.7841032567222731, 44.06646497196967 0.7830409826780457, 44.07142816780122 0.781975382290185, 44.07639064917232 0.7809064596341063, 44.08135241464312 0.7798342187864268, 44.08631346277378 0.7787586638237641, 44.09127379212446 0.7776797988227392, 44.09623340126414 0.7765976278624939, 44.10119228878868 0.7755121550299013, 44.106150453299165 0.7744233844133137, 44.11110789339661 0.7733313201010807, 44.116064607682034 0.7722359661815527, 44.12102059476351 0.7711373267449647, 44.12597585327617 0.77003540588886, 44.13093038186177 0.7689302077125556, 44.13588417916206 0.7678217363153701, 44.140837243818766 0.7667099957966197, 44.145789574479075 0.7655949902569863, 44.15074116981696 0.7644767238038975, 44.155692028514665 0.7633552005468591, 44.160642149254464 0.7622304245953802, 44.16559153071857 0.7611024000589671, 44.17054017159337 0.7599711310480876, 44.175488070591236 0.7588366216793008, 44.18043522643467 0.757698876071546, 44.18538163784626 0.756557898343768, 44.19032730354858 0.755413692614913, 44.195272222267185 0.7542662630045773, 44.20021639275244 0.7531156136377355, 44.2051598137669 0.7519617486420155, 44.21010248407321 0.7508046721450614, 44.21504440243406 0.7496443882745184, 44.21998556761422 0.7484809011584552, 44.224925978401664 0.7473142149295802, 44.22986563359872 0.7461443337234718, 44.2348045320079 0.7449712616757524, 44.23974267243178 0.7437950029220431, 44.24468005367432 0.742615561598224, 44.249616674560755 0.7414329418440828, 44.25455253393287 0.7402471478024275, 44.259487630632854 0.7390581836161458, 44.26442196350287 0.7378660534281241, 44.26935553138603 0.7366707613813968, 44.2742883331446 0.7354723116222014, 44.2792203676594 0.7342707082998696, 44.28415163381207 0.7330659555638588, 44.2890821304842 0.7318580575636287, 44.29401185655792 0.7306470184487137, 44.29894081093225 0.7294328423711952, 44.303868992526745 0.7282155334862414, 44.30879640026218 0.7269950959492038, 44.31372303305931 0.7257715339154335, 44.318648889839174 0.7245448515403173, 44.3235739695374 0.7233150529811981, 44.32849827111178 0.7220821423983992, 44.33342179352202 0.7208461239524964, 44.33834453572782 0.7196070018040639, 44.34326649668895 0.7183647801136893, 44.34818767537745 0.7171194630434058, 44.353108070788984 0.7158710547580421, 44.35802768192187 0.7146195594227482, 44.36294650777448 0.7133649812026721, 44.36786454734518 0.7121073242629646, 44.372781799642325 0.7108465927697992, 44.37769826369888 0.709582790891876, 44.382613938551586 0.7083159227982804, 44.387528823237204 0.7070459926580995, 44.39244291679247 0.7057730046404194, 44.397356218261976 0.7044969629150061, 44.40226872671552 0.7032178716538184, 44.407180441227986 0.7019357350292532, 44.41209136087421 0.7006505572137065, 44.417001484729056 0.6993623423795765, 44.42191081187338 0.6980710946996875, 44.42681934141326 0.6967768183486664, 44.43172707246136 0.6954795175016162, 44.43663400413043 0.6941791963336391, 44.441540135533145 0.6928758590198384, 44.44644546578665 0.6915695097355644, 44.4513499940327 0.6902601526575457, 44.45625371942155 0.6889477919629905, 44.46115664110343 0.6876324318291045, 44.46605875822865 0.6863140764330946, 44.470960069950614 0.6849927299522988, 44.47586057544621 0.6836683965650175, 44.480760273902945 0.6823410804499872, 44.485659164508355 0.681010785785947, 44.490557246449946 0.6796775167516348, 44.495454518917434 0.678341277525844, 44.500350981122395 0.6770020722879345, 44.50524663228919 0.6756599052175926, 44.51014147164233 0.6743147804945091, 44.51503549840628 0.6729667022983759, 44.51992871180698 0.671615674808899, 44.524821111090276 0.6702617022060104, 44.52971269551699 0.6689047886698084, 44.5346034643483 0.6675449383803947, 44.53949341684539 0.6661821555178734, 44.544382552270235 0.6648164442623432, 44.549270869902664 0.6634478087938327, 44.554158369039506 0.6620762532923056, 44.55904504897831 0.6607017819377197, 44.563930909016605 0.6593243989100341, 44.5688159484524 0.6579441083892014, 44.57370016659907 0.6565609145548905, 44.57858356278908 0.6551748215864256, 44.58346613635599 0.6537858336631099, 44.58834788663343 0.6523939549642461, 44.593228812955196 0.6509991896691293, 44.59810891466808 0.6496015419566272, 44.602988191139566 0.6482010160049221, 44.60786664173902 0.6467976159921354, 44.612744265835765 0.6453913460963899, 44.617621062799195 0.6439822104958033, 44.62249703200934 0.6425702133679934, 44.62737217286822 0.6411553588895341, 44.63224648478061 0.6397376512368702, 44.63711996715125 0.6383170945864483, 44.64199261938495 0.6368936931147122, 44.64686444089479 0.6354674509975914, 44.65173543111679 0.634038372409609, 44.65660558949078 0.6326064615250473, 44.661474915456665 0.6311717225181882, 44.66634340845428 0.6297341595633155, 44.67121106792981 0.6282937768342313, 44.67607789335261 0.6268505785029759, 44.6809438841973 0.6254045687411877, 44.685809039938555 0.623955751720504, 44.69067336005096 0.6225041316125608, 44.695536844013816 0.6210497125885837, 44.70039949132916 0.619592498817748, 44.70526130150607 0.6181324944685976, 44.71012227405364 0.6166697037096781, 44.71498240848097 0.6152041307095324, 44.71984170430039 0.6137357796363683, 44.72470016104605 0.6122646546561153, 44.72955777826115 0.6107907599337629, 44.7344145554889 0.6093140996342991, 44.7392704922725 0.6078346779227102, 44.74412558815734 0.606352498963727, 44.748979842709154 0.6048675669196829, 44.7538332555048 0.6033798859515968, 44.75868582612129 0.6018894602204738, 44.763537554135596 0.6003962938873217, 44.768388439126056 0.598900391112965, 44.773238480689564 0.5974017560557843, 44.77808767843629 0.5959003928724044, 44.78293603197672 0.5943963057194097, 44.787783540921346 0.5928894987533845, 44.7926302048814 0.5913799761308006, 44.79747602348443 0.5898677420057652, 44.802320996373254 0.5883528005301638, 44.8071651231913 0.5868351558557938, 44.812008403582 0.5853148121344529, 44.81685083718918 0.583791773517874, 44.821692423670974 0.582266044155502, 44.826533162703086 0.580737628193961, 44.83137305396233 0.5792065297797034, 44.83621209712549 0.5776727530591799, 44.84105029186955 0.5761363021788138, 44.84588763788229 0.5745971812831826, 44.85072413486903 0.5730553945138597, 44.85555978253679 0.571510946012144, 44.860394580592434 0.569963839919336, 44.865228528743046 0.5684140803767227, 44.870061626707404 0.5668616715233629, 44.87489387422972 0.5653066174935019, 44.87972527105753 0.5637489224207538, 44.8845558169384 0.5621885904387333, 44.88938551161988 0.5606256256810573, 44.8942143548495 0.5590600322813394, 44.899042346374806 0.557491814373196, 44.90386948594336 0.5559209760902419, 44.90869577330268 0.5543475215660916, 44.913521208200336 0.5527714549343623, 43.90398465909639 -1.6485335703165307, 43.89976909367604 -1.6460723799818537, 43.89555234004206 -1.643613225798261, 43.891334395324854 -1.641156115038623, 43.88711525665485 -1.6387010549758059, 43.88289492116247 -1.6362480528826755, 43.87867338597812 -1.633797116032102, 43.87445064823221 -1.6313482516969497, 43.87022670505518 -1.628901467150088, 43.866001553578954 -1.6264567696716692, 43.86177519094689 -1.6240141665968626, 43.85754761430756 -1.6215736652859696, 43.85331882080959 -1.619135273099416, 43.84908880760241 -1.6166989974013686, 43.844857571844045 -1.6142648455941015, 43.84062511069758 -1.6118328251021388, 43.836391421326056 -1.6094029433502792, 43.83215650089327 -1.6069752077661943, 43.82792034657223 -1.6045496258166858, 43.82368295554257 -1.6021262049968692, 43.81944432498413 -1.599704952802495, 43.81520445207719 -1.5972858767312617, 43.81096333401092 -1.5948689843163808, 43.80672096798226 -1.5924542831220356, 43.80247735118838 -1.5900417807134444, 43.79823248082681 -1.5876314846572042, 43.793986354103865 -1.5852234025531138, 43.78973896823476 -1.5828175420349928, 43.78549032043512 -1.5804139107382091, 43.78124040792089 -1.5780125162991105, 43.776989227916545 -1.5756133663848821, 43.772736777656654 -1.573216468698984, 43.76848305437634 -1.5708218309469504, 43.76422805531098 -1.5684294608350358, 43.759971777704344 -1.5660393660984109, 43.75571421881139 -1.5636515545103777, 43.751455375887794 -1.5612660338468434, 43.74719524618941 -1.5588828118842664, 43.74293382698053 -1.5565018964264417, 43.73867111553753 -1.5541232953166544, 43.734407109137756 -1.5517470164012745, 43.730141805058686 -1.5493730675271093, 43.72587520058624 -1.5470014565671448, 43.72160729301942 -1.5446321914348287, 43.717338079658305 -1.542265280047068, 43.713067557803164 -1.539900730321154, 43.708795724762815 -1.53753855019981, 43.704522577859976 -1.5351787476668146, 43.700248114418656 -1.532821330709678, 43.69597233176296 -1.5304663073162623, 43.691695227225935 -1.5281136854995176, 43.68741679815527 -1.525763473313691, 43.68313704190001 -1.5234156788168738, 43.678855955809354 -1.521070310067517, 43.67457353724187 -1.5187273751492514, 43.67028978357139 -1.5163868821869388, 43.66600469217326 -1.5140488393092628, 43.66171826042288 -1.5117132546453045, 43.657430485705724 -1.5093801363497898, 43.65314136542312 -1.5070494926182565, 43.648850896977834 -1.5047213316498826, 43.64455907777279 -1.5023956616443161, 43.640265905221774 -1.5000724908277518, 43.63597137675489 -1.4977518274664616, 43.63167548980354 -1.4954336798300387, 43.62737824179944 -1.493118056188681, 43.62307963018614 -1.4908049648404063, 43.61877965242379 -1.488494414122156, 43.614478305973805 -1.4861864123737794, 43.61017558829793 -1.4838809679359208, 43.60587149687103 -1.4815780891787216, 43.6015660291847 -1.4792777845097087, 43.59725918273154 -1.4769800623388125, 43.59295095500469 -1.4746849310770656, 43.58864134351196 -1.4723923991670052, 43.58433034577763 -1.4701024750865286, 43.58001795932689 -1.467815167315411, 43.57570418168561 -1.4655304843349755, 43.57138901039622 -1.4632484346603545, 43.567072443017054 -1.4609690268395454, 43.56275447710716 -1.4586922694219064, 43.55843511022671 -1.4564181709589836, 43.55411433995427 -1.4541467400386352, 43.5497921638837 -1.4518779852785866, 43.54546857960923 -1.449611915297447, 43.54114358472677 -1.4473485387169454, 43.53681717685295 -1.4450878641976819, 43.5324893536183 -1.4428299004266538, 43.528160112653715 -1.4405746560913644, 43.523829451592526 -1.4383221398837316, 43.519497368090946 -1.4360723605369745, 43.51516385981773 -1.433825326806853, 43.51082892444175 -1.431581047449351, 43.50649255963549 -1.4293395312266735, 43.50215476309652 -1.4271007869443306, 43.49781553253312 -1.4248648234262462, 43.49347486565358 -1.4226316494964104, 43.489132760171465 -1.420401273987497, 43.48478921382733 -1.4181737057767312, 43.480444224370345 -1.4159489537555943, 43.4760977895497 -1.413727026815576, 43.471749907122145 -1.4115079338601484, 43.467400574872684 -1.4092916838373672, 43.46304979059282 -1.407078285705646, 43.45869755207414 -1.4048677484234307, 43.454343857118886 -1.4026600809654075, 43.449988703557814 -1.4004552923492581, 43.445632089226265 -1.398253391599695, 43.44127401195977 -1.396054387741636, 43.436914469608546 -1.3938582898212644, 43.43255346005029 -1.391665106924546, 43.42819098116572 -1.3894748481418149, 43.42382703083608 -1.387287522564074, 43.41946160696187 -1.3851031393090592, 43.41509470746898 -1.3829217075296036, 43.41072633028504 -1.3807432363809176, 43.4063564733389 -1.3785677350198637, 43.40198513458374 -1.3763952126354577, 43.39761231199478 -1.3742256784459306, 43.39323800354809 -1.3720591416705765, 43.38886220722242 -1.3698956115320848, 43.38448492102565 -1.3677350972900055, 43.38010614298366 -1.3655776082265059, 43.37572587112249 -1.363423153624078, 43.371344103473376 -1.3612717427714254, 43.36696083810077 -1.3591233849973794, 43.362576073082316 -1.35697808964671, 43.3581898064957 -1.3548358660642292, 43.353802036427645 -1.3526967236052059, 43.34941276100045 -1.3505606716657805, 43.345021978344946 -1.3484277196520724, 43.34062968659214 -1.3462978769702654, 43.336235883887795 -1.3441711530428426, 43.33184056841266 -1.3420475573306663, 43.32744373835248 -1.3399270993001178, 43.32304539189346 -1.3378097884180453, 43.318645527243824 -1.3356956341743353, 43.31424414264338 -1.3335846460919494, 43.30984123633438 -1.3314768336964018, 43.30543680656068 -1.3293722065148297, 43.301030851595876 -1.3272707741039518, 43.2966233697395 -1.325172546046358, 43.292214359291954 -1.3230775319255161, 43.28780381855786 -1.3209857413288482, 43.28339174587837 -1.3188971838784278, 43.27897813961359 -1.3168118692142567, 43.27456299812377 -1.3147298069764843, 43.27014631977807 -1.3126510068132469, 43.26572810298652 -1.3105754784094668, 43.26130834617088 -1.3085032314606473, 43.256887047753004 -1.3064342756623324, 43.252464206171254 -1.3043686207241445, 43.248039819904506 -1.3023062763903122, 43.24361388743782 -1.3002472524102906, 43.239186407256845 -1.2981915585340396, 43.23475737787357 -1.2961392045327693, 43.23032679783546 -1.294090200206368, 43.22589466569253 -1.2920445553567559, 43.221460979997346 -1.2900022797878055, 43.21702573933888 -1.287963383331187, 43.21258894233318 -1.2859278758392312, 43.20815058759694 -1.2838957671647622, 43.203710673753825 -1.2818670671656176, 43.19926919947166 -1.2798417857314375, 43.1948261634355 -1.2778199327642923, 43.19038156433052 -1.2758015181662912, 43.18593540085701 -1.2737865518498004, 43.181487671761445 -1.2717750437585076, 43.17703837579918 -1.2697670038420625, 43.172587511725986 -1.2677624420504117, 43.168135078324646 -1.2657613683506683, 43.16368107441899 -1.263763792736049, 43.159225498836264 -1.2617697252019564, 43.15476835040635 -1.259779175745352, 43.15030962799873 -1.257792154386771, 43.14584933051357 -1.2558086711650116, 43.14138745685185 -1.2538287361193496, 43.136924005922545 -1.2518523592935296, 43.1324589766837 -1.2498795507584832, 43.127992368111684 -1.2479103205953763, 43.123524179183 -1.2459446788854067, 43.11905440889269 -1.2439826357193624, 43.114583056286065 -1.24202420121395, 43.11011012041683 -1.240069385490207, 43.105635600339596 -1.2381181986696077, 43.101159495142305 -1.2361706508895338, 43.096681803954965 -1.2342267523074526, 43.092202525910345 -1.2322865130821206, 43.0877216601457 -1.230349943374286, 43.083239205845786 -1.2284170533655672, 43.078755162223764 -1.2264878532500478, 43.07426952849317 -1.2245623532219796, 43.06978230388078 -1.2226405634809288, 43.065293487668406 -1.220722494248565, 43.06080307915216 -1.218808155752303, 43.05631107762847 -1.216897558219673, 43.051817482422365 -1.2149907118886443, 43.047322292909136 -1.2130876270155835, 43.04282550846922 -1.2111883138587298, 43.03832712848602 -1.2092927826772952, 43.03382715238884 -1.2074010437455596, 43.02932557964324 -1.2055131073497054, 43.02482240971581 -1.2036289837762417, 43.02031764208384 -1.2017486833148088, 43.01581127628238 -1.1998722162719178, 43.01130331186588 -1.1979995929597356, 43.006793748388944 -1.196130823690471, 43.0022825854326 -1.1942659187831202, 42.997769822633835 -1.1924048885710385, 42.993255459636686 -1.1905477433894056, 42.98873949608768 -1.1886944935739403, 42.9842219316795 -1.1868451494705858, 42.97970276614613 -1.1849997214344232, 42.97518199922301 -1.183158219820855, 42.97065963065589 -1.1813206549872095, 42.9661356602512 -1.179487037302117, 42.961610087837414 -1.1776573771383276, 42.95708291324324 -1.1758316848686183, 42.95255413632465 -1.1740099708699148, 42.948023756997195 -1.1721922455281788, 42.94349177518418 -1.170378519230557, 42.93895819081165 -1.1685688023645118, 42.93442300385483 -1.1667631053232812, 42.92988621433212 -1.16496143850516, 42.92534782226334 -1.1631638123086152, 42.920807827680214 -1.161370237133101, 42.916266230678914 -1.1595807233834348, 42.911723031377456 -1.1577952814662493, 42.907178229894086 -1.1560139217881926, 42.902631826378645 -1.1542366547574636, 42.89808382104202 -1.1524634907852622, 42.89353421410203 -1.1506944402831334, 42.88898300578038 -1.148929513662679, 42.88443019635399 -1.1471687213363495, 42.87987578614117 -1.145412073717229, 42.875319775461186 -1.1436595812184147, 42.87076216464928 -1.1419112542527183, 42.86620295410925 -1.1401671032316918, 42.861642144263456 -1.1384271385665505, 42.857079735534995 -1.1366913706684745, 42.8525157283864 -1.1349598099465867, 42.847950123339764 -1.1332324668069187, 42.84338292092203 -1.1315093516552468, 42.83881412166679 -1.1297904748967853, 42.83424372617116 -1.128075846931318, 42.82967173506788 -1.1263654781555892, 42.825098148990115 -1.1246593789663057, 42.82052296859475 -1.1229575597573491, 42.815946194609495 -1.121260030914185, 42.81136782777511 -1.119566802820712, 42.80678786883446 -1.1178778858605167, 42.8022063185816 -1.1161932904093907, 42.79762317786393 -1.1145130268349843, 42.7930384475314 -1.1128371055045692, 42.78845212844622 -1.1111655367831348, 42.78386422154258 -1.1094983310222784, 42.77927472778094 -1.1078354985687278, 42.77468364812215 -1.1061770497691246, 42.770090983563584 -1.1045229949620832, 42.76549673517033 -1.1028733444713663, 42.76090090401478 -1.101228108619124, 42.75630349117492 -1.0995872977260928, 42.75170449779373 -1.0979509220965649, 42.74710392505618 -1.0963189920242085, 42.742501774147925 -1.0946915178025125, 42.737898046277955 -1.0930685097182762, 42.733292742731074 -1.091449978036548, 42.728685864807474 -1.0898359330179659, 42.72407741380946 -1.088226384922499, 42.719467391093076 -1.0866213439928536, 42.71485579807155 -1.0850208204534155, 42.71024263616079 -1.083424824527685, 42.70562790679044 -1.0818333664343092, 42.70101161146671 -1.0802464563647725, 42.696393751722454 -1.0786641045011085, 42.69177432909106 -1.0770863210251251, 42.68715334514743 -1.075513116102504, 42.68253080153584 -1.073944499871906, 42.67790669990718 -1.0723804824694143, 42.67328104191993 -1.0708210740279263, 42.66865382930405 -1.0692662846500205, 42.6640250638291 -1.0677161244215156, 42.659394747265154 -1.0661706034280267, 42.65476288141218 -1.0646297317414306, 42.65012946814782 -1.0630935193980113, 42.64549450936212 -1.0615619764283655, 42.64085800694892 -1.0600351128612042, 42.63621996286543 -1.0585129386939585, 42.63158037912111 -1.056995463898284, 42.626939257726946 -1.0554826984450651, 42.62229660071452 -1.0539746522943068, 42.617652410196584 -1.0524713353630473, 42.61300668830593 -1.0509727575577255, 42.60835943717709 -1.0494789287838124, 42.60371065899842 -1.047989858916335, 42.59906035602165 -1.0465055577945295, 42.59440853050214 -1.0450260352555845, 42.58975518470896 -1.0435513011284192, 42.58510032099158 -1.0420813651936407, 42.58044394172853 -1.0406162372143588, 42.57578604929903 -1.0391559269532467, 42.571126646126615 -1.0377004441446949, 42.566465734707045 -1.036249798476996, 42.56180331754273 -1.034803999634198, 42.55713939714508 -1.033363057294272, 42.55247397610194 -1.031926981083548, 42.54780705703976 -1.0304957806022859, 42.54313864258547 -1.0290694654504204, 42.5384687354014 -1.0276480452025811, 42.53379733822855 -1.0262315293773336, 42.52912445381839 -1.0248199274857215, 42.524450084928176 -1.0234132490344727, 42.5197742343859 -1.022011503477082, 42.515096905067274 -1.020614700231191, 42.51041809984889 -1.0192228487137518, 42.50573782163509 -1.0178359583197392, 42.50105607341262 -1.0164540383789844, 42.49637285818335 -1.015077098209302, 42.4916881789527 -1.0137051471255596, 42.487002038790315 -1.0123381943892529, 42.482314440821675 -1.0109762492154488, 42.477625388174125 -1.009619320817666, 42.472934883996395 -1.0082674183907407, 42.468242931520905 -1.00692055105657, 42.463549534000464 -1.0055787279192563, 42.458854694689975 -1.0042419580809847, 42.45415841690164 -1.0029102505915644, 42.449460704010484 -1.0015836144433938, 42.444761559394735 -1.0002620586259385, 42.440060986449026 -0.9989455921129767, 42.435358988650755 -0.9976342237992197, 42.4306555695033 -0.9963279625545267, 42.425950732511254 -0.9950268172475688, 42.421244481229714 -0.993730796696346, 42.41653681928228 -0.9924399096500817, 42.41182775029744 -0.9911541648530932, 42.407117277916186 -0.9898735710368841, 42.40240540585923 -0.9885981368508058, 42.39769213787885 -0.9873278709117917, 42.392977477727946 -0.9860627818360312, 42.38826142920349 -0.9848028781912742, 42.38354399617543 -0.9835481684648958, 42.37882518252063 -0.9822986611367012, 42.374104992125396 -0.9810543646756948, 42.36938342895267 -0.979815287463488, 42.36466049700259 -0.9785814378393487, 42.35993620027574 -0.9773528241419409, 42.35521054281036 -0.9761294546653214, 42.35048352872036 -0.9749113376137897, 42.34575516212868 -0.9736984811808824, 42.34102544716537 -0.9724908935514089, 42.3362943880325 -0.9712885828210333, 42.3315619889743 -0.9700915570332753, 42.326828254235664 -0.9688998242308743, 42.32209318809328 -0.9677133924155351, 42.31735679490118 -0.9665322694892906, 42.312619079024955 -0.9653564633393322, 42.307880044835336 -0.9641859818459239, 42.303139696769925 -0.963020832799527, 42.298398039313064 -0.9618610239279247, 42.293655076950024 -0.960706562957587, 42.28891081419262 -0.9595574575778969, 42.284165255630434 -0.9584137153695529, 42.27941840586722 -0.9572753438934464, 42.27467026951035 -0.9561423507051336, 42.26992085122848 -0.9550147432710032, 42.26517015574094 -0.9538925289836757, 42.26041818776857 -0.9527757152335521, 42.25566495205396 -0.9516643093781318, 42.25091045341659 -0.9505583186583428, 42.24615469669292 -0.9494577502893098, 42.24139768672195 -0.9483626114822143, 42.23663942839794 -0.94727290936106, 42.231879926669144 -0.9461886509645463, 42.227119186486114 -0.945109843327806, 42.222357212816775 -0.9440364934573743, 42.21759401070388 -0.94296860823682, 42.212829585210294 -0.9419061945166672, 42.208063941400454 -0.9408492591446977, 42.2032970843878 -0.9397978088849352, 42.19852901934245 -0.9387518504042194, 42.193759751437746 -0.9377113903639445, 42.18898928586063 -0.9366764354012269, 42.18421762786954 -0.9356469920256627, 42.17944478274631 -0.9346230667051344, 42.17467075577373 -0.9336046659057536, 42.16989555227695 -0.9325917960148026, 42.16511917763994 -0.9315844633103384, 42.16034163725094 -0.9305826740623864, 42.15556293650851 -0.9295864345209827, 42.15078308087829 -0.9285957508062271, 42.14600207585264 -0.9276106289862814, 42.14121992692452 -0.9266310751282031, 42.136436639622644 -0.9256570952267094, 42.131652219535646 -0.9246886951553487, 42.12686667225785 -0.9237258807761126, 42.12208000339109 -0.9227686579351977, 42.117292218598735 -0.921817032348903, 42.11250332357433 -0.9208710096697287, 42.10771332401184 -0.9199305955493107, 42.10292222563441 -0.9189957955749559, 42.09813003422524 -0.9180666152014044, 42.09333675557504 -0.9171430598670429, 42.08854239547954 -0.9162251349984475, 42.08374695978961 -0.9153128458951646, 42.078950454389606 -0.9144061977794035, 42.07415288516441 -0.9135051958721606, 42.06935425802171 -0.9126098453394721, 42.06455457892829 -0.9117201512046357, 42.05975385386042 -0.9108361184680769, 42.05495208879763 -0.9099577521220482, 42.0501492897672 -0.9090850570377981, 42.04534546283303 -0.9082180379941049, 42.04054061405994 -0.9073566997674019, 42.035734749529546 -0.9065010470894739, 42.03092787538021 -0.9056510845415426, 42.026119997762265 -0.904806816673124, 42.021311122827896 -0.9039682480286635, 42.0165012567692 -0.9031353830408934, 42.01169040581744 -0.9023082260335019, 42.00687857620541 -0.9014867813256361, 42.00206577417754 -0.9006710532027905, 41.99725200603055 -0.8998610457982522, 41.99243727807591 -0.8990567632022993, 41.98762159662598 -0.8982582095025331, 41.98280496802521 -0.8974653886864258, 41.977987398659025 -0.8966783046135898, 41.97316889491559 -0.8958969611353124, 41.96834946319047 -0.8951213620785017, 41.96352910992616 -0.894351511116868, 41.95870784158326 -0.8935874118647523, 41.95388566462273 -0.8928290679353577, 41.94906258552936 -0.8920764828594779, 41.944238610828926 -0.8913296600256851, 41.93941374705129 -0.8905886028084503, 41.93458800073064 -0.8898533145664276, 41.92976137844082 -0.8891237985122437, 41.92493388677713 -0.8884000577796353, 41.920105532335135 -0.8876820955013756, 41.9152763217267 -0.8869699147463309, 41.91044626160345 -0.8862635184275295, 41.905615358622924 -0.885562909434695, 41.90078361944482 -0.8848680906486807, 41.895951050760324 -0.8841790648183325, 41.891117659284774 -0.8834958345912393, 41.886283451734094 -0.8828184026124031, 41.88144843483424 -0.8821467714819233, 41.87661261534751 -0.8814809436361348, 41.871776000044534 -0.880820921474051, 41.86693859569671 -0.8801667073907591, 41.86210040909847 -0.8795183036697499, 41.85726144706992 -0.8788757124695942, 41.852421716432545 -0.8782389359422639, 41.84758122401317 -0.8776079762116634, 41.84273997666932 -0.8769828352398514, 41.83789798126951 -0.8763635149310026, 41.833055244682484 -0.875750017188127, 41.82821177379189 -0.8751423438281111, 41.82336757550694 -0.8745404965209265, 41.81852265673936 -0.8739444769221979, 41.81367702440318 -0.8733542866725628, 41.80883068543585 -0.872769927264396, 41.80398364678815 -0.8721914001054478, 41.799135915411036 -0.8716187066024044, 41.79428749826376 -0.8710518481035195, 41.78943840232856 -0.8704908257945488, 41.78458863459172 -0.8699356408332266, 41.77973820204023 -0.8693862943711448, 41.774887111676684 -0.8688427874361414, 41.77003537051808 -0.8683051209413246, 41.76518298558201 -0.8677732957954685, 41.76032996388968 -0.8672473128739061, 41.75547631248045 -0.8667271728873283, 41.7506220383992 -0.8662128764958377, 41.74576714869096 -0.8657044243580585, 41.740911650409316 -0.8652018170415202, 41.73605555062128 -0.8647050549706652, 41.73119885639508 -0.8642141385574028, 41.72634157480012 -0.8637290681981761, 41.72148371291735 -0.863249844141012, 41.71662527783424 -0.8627764665512543, 41.7117662766383 -0.8623089355932996, 41.706906716420484 -0.8618472513756923, 41.702046604281776 -0.8613914138454106, 41.69718594732494 -0.8609414229203872, 41.69232475265299 -0.8604972785136761, 41.68746302737427 -0.8600589804219384, 41.682600778602556 -0.8596265283230828, 41.67773801345188 -0.8591999218896658, 41.67287473903713 -0.8587791607674278, 41.66801096247781 -0.8583642444432751, 41.66314669089523 -0.857955172345852, 41.65828193141069 -0.857551943903132, 41.65341669114652 -0.8571545584677489, 41.64855097722702 -0.8567630152433078, 41.64368479677677 -0.8563773134159085, 41.63881815692028 -0.8559974521625036, 41.633951064781726 -0.8556234305289667, 41.629083527484944 -0.855255247463146, 41.624215552153814 -0.8548929019105298, 41.61934714591148 -0.8545363927798977, 41.61447831587802 -0.8541857188209223, 41.60960906917261 -0.8538408787401759, 41.60473941291447 -0.8535018712428186, 41.59986935421962 -0.8531686949472347, 41.59499890019911 -0.8528413483360823, 41.590128057963575 -0.8525198298801997, 41.585256834623 -0.8522041380381417, 41.580385237280126 -0.8518942711328324, 41.57551327303322 -0.8515902274029885, 41.57064094898047 -0.8512920050860633, 41.565768272217184 -0.8509996023774239, 41.560895249827894 -0.8507130173168461, 41.556021888894726 -0.850432247908161, 41.55114819649958 -0.850157292153336, 41.54627417971654 -0.8498881479648088, 41.5413998456085 -0.8496248131276812, 41.53652520123754 -0.8493672854173377, 41.531650253664374 -0.8491155625962847, 41.52677500993571 -0.848869642293634, 41.52189947709003 -0.8486295220596016, 41.51702366216567 -0.8483951994433752, 41.51214757219607 -0.8481666719539706, 41.5072712141964 -0.8479439369518996, 41.50239459517767 -0.8477269917633689, 41.49751772215064 -0.8475158337130491, 41.49264060211432 -0.8473104600421423, 41.4877632420502 -0.8471108678672149, 41.48288564893828 -0.8469170542946468, 41.47800782975691 -0.8467290164203508, 41.47312979146477 -0.8465467512164819, 41.468251541007604 -0.8463702555743515, 41.463373085330986 -0.8461995263838784, 41.45849443137468 -0.8460345605025629, 41.453615586053225 -0.8458753546461154, 41.44873655627424 -0.8457219054914908, 41.44385734894522 -0.8455742097149417, 41.43897797096007 -0.8454322639237366, 41.43409842918774 -0.8452960645989562, 41.429218730494604 -0.8451656082082148, 41.424338881745605 -0.8450408912128831, 41.41945888978255 -0.8449219099674966, 41.41457876142783 -0.844808660736884, 41.40969850350319 -0.8447011397830904, 41.40481812282538 -0.844599343347139, 41.39993762618027 -0.8445032675395133, 41.39505702034183 -0.8444129084206611, 41.39017631208402 -0.8443282620508428, 41.38529550816842 -0.844249324442288, 41.38041461532353 -0.8441760914788641, 41.37553364027243 -0.8441085590232248, 41.370652589737574 -0.8440467229357859, 41.365771470418636 -0.8439905789952873, 41.3608902889866 -0.843940122877374, 41.356009052110586 -0.8438953502510934, 41.3511277664568 -0.843856256775645, 41.34624643865844 -0.8438228380004189, 41.34136507532811 -0.8437950894061271, 41.33648368307806 -0.8437730064724301, 41.33160226851236 -0.8437565846534868, 41.32672083819548 -0.8437458192807192, 41.32183939868001 -0.8437407056486717, 41.316957956518465 -0.84374123905167, 41.31207651824604 -0.8437474147339431, 41.30719509035837 -0.8437592278252259, 41.30231367934563 -0.8437766734393314, 41.297432291697035 -0.8437997466876176, 41.292550933873265 -0.8438284426040538, 41.28766961230136 -0.8438627561313923, 41.28278833340635 -0.8439026822071426, 41.27790710360986 -0.8439482157599995, 41.27302592929442 -0.8439993516193163, 41.26814481681783 -0.8440560845518097, 41.2632637725376 -0.844118409323217, 41.2583828028025 -0.8441863206785528, 41.253501913915215 -0.8442598132527657, 41.248621112163185 -0.8443388816444044, 41.24374040383378 -0.8444235204519354, 41.23885979519717 -0.844513724235058, 41.23397929247636 -0.8446094874476211, 41.2290989018864 -0.8447108045255742, 41.224218629641854 -0.8448176699037906, 41.21933848192905 -0.8449300779574762, 41.21445846489197 -0.8450480229720757, 41.20957858467105 -0.8451714992256186, 41.204698847404615 -0.8453005009918368, 41.199819259191756 -0.845435022466165, 41.19493982609734 -0.845575057775721, 41.190060554185145 -0.8457206010453306, 41.18518144951331 -0.8458716463892925, 41.180302518091764 -0.8460281878309219, 41.17542376590571 -0.8461902193469563, 41.17054519894016 -0.8463577349137555, 41.16566682316885 -0.8465307284875256, 41.16078864451194 -0.8467091939290956, 41.155910668873844 -0.8468931250711104, 41.15103290215892 -0.8470825157461621, 41.146155350251895 -0.8472773597537981, 41.14127801898384 -0.8474776508030795, 41.13640091417673 -0.8476833825877189, 41.13152404165209 -0.8478945488008006, 41.126647407201986 -0.8481111430883395, 41.121771016568985 -0.8483331590174301, 41.11689487549089 -0.8485605901476294, 41.112018989704055 -0.84879343003623, 41.10714336490525 -0.8490316721808335, 41.102268006748695 -0.8492753100148148, 41.097392920886534 -0.8495243369683716, 41.092518112967184 -0.849778746466471, 41.087643588590666 -0.8500385318648219, 41.08276935332263 -0.8503036864700824, 41.077895412728 -0.8505742035878721, 41.07302177236464 -0.8508500765142245, 41.06814843773503 -0.8511312984703334, 41.0632754143157 -0.8514178626422225, 41.058402707583014 -0.851709762215711, 41.05353032300142 -0.8520069903613853, 41.048658265975966 -0.8523095401737382, 41.04378654189319 -0.8526174047235523, 41.03891515613959 -0.8529305770815981, 41.034044114083585 -0.8532490502967093, 41.02917342103323 -0.8535728173445852, 41.024303082284035 -0.8539018711857048, 41.019433103131426 -0.8542362047804316, 41.0145634888455 -0.854575811060133, 41.009694244637906 -0.8549206828891407, 41.004825375712095 -0.8552708131223425, 40.99995688727102 -0.8556261946141458, 40.99508878448494 -0.855986820183478, 40.99022107246946 -0.8563526825899631, 40.985353756334895 -0.8567237745875859, 40.980486841190526 -0.8571000889291878, 40.97562033210575 -0.8574816183267683, 40.970754234100134 -0.8578683554412703, 40.96588855219013 -0.8582602929304184, 40.961023291390006 -0.8586574234498454, 40.95615845666777 -0.8590597396103914, 40.95129405294696 -0.8594672339798664, 40.94643008514928 -0.8598798991243414, 40.94156655819291 -0.8602977276066324, 40.93670347694425 -0.8607207119422733, 40.93184084623061 -0.8611488446111164, 40.92697867087832 -0.8615821180921363, 40.92211695570848 -0.8620205248597697, 40.917255705485914 -0.8624640573401045, 40.91239492494147 -0.8629127079300082, 40.90753461880552 -0.8633664690259427, 40.902674791801246 -0.8638253330185149, 40.897815448592134 -0.864289292249972, 40.8929565938123 -0.8647583390387202, 40.88809823209563 -0.8652324657030005, 40.88324036806673 -0.8657116645539819, 40.878383006288146 -0.8661959278556037, 40.87352615129694 -0.8666852478524538, 40.86866980763013 -0.8671796167890625, 40.86381397981336 -0.8676790269018345, 40.858958672308546 -0.8681834703817249, 40.85410388955555 -0.8686929394038962, 40.84924963599415 -0.8692074261434924, 40.84439591605077 -0.8697269227667227, 40.83954273408726 -0.8702514213966361, 40.83469009444597 -0.8707809141432706, 40.82983800146922 -0.8713153931166612, 40.8249864594842 -0.8718548504173842, 40.820135472753094 -0.8723992781054489, 40.81528504552062 -0.8729486682299943, 40.810435182031526 -0.8735030128401582, 40.80558588651391 -0.874062303975408, 40.80073716313073 -0.8746265336373732, 40.79588901602902 -0.8751956938184287, 40.79104144935584 -0.8757697765109504, 40.78619446724049 -0.8763487736977484, 40.781348073747225 -0.8769326773265463, 40.776502272925406 -0.8775214793370282, 40.77165706882435 -0.8781151716688763, 40.76681246547504 -0.8787137462526043, 40.7619684668435 -0.8793171949863404, 40.75712507688145 -0.8799255097610664, 40.75228229954064 -0.8805386824677628, 40.747440138754186 -0.881156704988892, 40.74259859839051 -0.881779569177152, 40.73775768230382 -0.8824072668787404, 40.73291739434835 -0.8830397899398559, 40.728077738360106 -0.8836771301990286, 40.7232387181104 -0.8843192794675511, 40.71840033735619 -0.884966229550672, 40.713562599854406 -0.8856179722536389, 40.7087255093446 -0.8862744993750236, 40.703889069501706 -0.8869358026886299, 40.69905328398564 -0.8876018739625187, 40.69421815645637 -0.8882727049647514, 40.689383690557676 -0.8889482874577793, 40.68454988986885 -0.8896286131817099, 40.679716757953194 -0.8903136738710923, 40.67488429837399 -0.8910034612604746, 40.670052514679945 -0.8916979670798708, 40.66522141035566 -0.8923971830393761, 40.66039098886816 -0.8931011008436178, 40.655561253684496 -0.8938097121972222, 40.65073220825894 -0.8945230088013111, 40.645903855982425 -0.8952409823395375, 40.6410762002262 -0.8959636244901209, 40.63624924436145 -0.8966909269312797, 40.631422991748785 -0.8974228813386586, 40.62659744568656 -0.8981594793729119, 40.621772609450765 -0.8989007126892815, 40.616948486317305 -0.8996465729430007, 40.61212507955357 -0.9003970517875273, 40.60730239236667 -0.9011521408638282, 40.60248042793796 -0.9019118318075119, 40.59765918944863 -0.9026761162541654, 40.592838680073385 -0.903444985838243, 40.58801890292946 -0.9042184321841895, 40.583199861104255 -0.9049964469112454, 40.578381557684864 -0.9057790216386055, 40.57356399575376 -0.9065661479848081, 40.56874717833974 -0.907357817560796, 40.56393110843707 -0.9081540219726227, 40.55911578903943 -0.9089547528262583, 40.5543012231375 -0.9097600017273458, 40.549487413673056 -0.9105697602761812, 40.54467436354822 -0.9113840200687178, 40.53986207566395 -0.9122027727007846, 40.53505055291947 -0.9130260097680752, 40.53023979817098 -0.9138537228629349, 40.52542981422957 -0.9146859035742021, 40.520620603904256 -0.9155225434905504, 40.51581217000323 -0.9163636342006154, 40.5110045152983 -0.9172091672913428, 40.506197642511026 -0.9180591343473385, 40.5013915543592 -0.9189135269530367, 40.4965862535604 -0.919772336692869, 40.49178174280311 -0.9206355551508051, 40.486978024720905 -0.9215031739099482, 40.482175101941294 -0.9223751845533059, 40.47737297709176 -0.9232515786638857, 40.47257165277804 -0.9241323478250131, 40.46777113154785 -0.925017483620868, 40.462971415939215 -0.9259069776357698, 40.45817250849019 -0.9268008214540396, 40.45337441172399 -0.9276990066606609, 40.44857712810482 -0.9286015248432552, 40.443780660082155 -0.9295083675901032, 40.43898501010553 -0.9304195264894832, 40.43419018061518 -0.9313349931303614, 40.42939617399463 -0.9322547591059281, 40.42460299260582 -0.9331788160109773, 40.4198106388106 -0.9341071554403068, 40.41501911496581 -0.935039768989242, 40.41022842337692 -0.9359766482584455, 40.40543856631953 -0.9369177848516832, 40.400649546068905 -0.93786317037276, 40.39586136489801 -0.9388127964257839, 40.39107402503646 -0.9397666546206191, 40.38628752867519 -0.9407247365722675, 40.38150187800384 -0.9416870338959099, 40.376717075211246 -0.9426535382068459, 40.37193312245275 -0.9436242411258116, 40.367150021836814 -0.944599134281136, 40.36236777546842 -0.9455782093017163, 40.35758638545242 -0.9465614578164656, 40.35280585387051 -0.947548871458722, 40.34802618275143 -0.9485404418719199, 40.34324737411657 -0.9495361607008941, 40.33846942998735 -0.9505360195904815, 40.33369235237129 -0.9515400101885503, 40.32891614322097 -0.9525481241550197, 40.32414080447523 -0.9535603531528031, 40.31936633807295 -0.9545766888448151, 40.31459274594599 -0.9555971228957076, 40.309820029974745 -0.9566216469828622, 40.30504819201676 -0.9576502527893155, 40.300277233929485 -0.9586829319981287, 40.29550715756755 -0.9597196762931408, 40.29073796474254 -0.9607604773700509, 40.28596965723246 -0.9618053269338116, 40.28120223681442 -0.9628542166896233, 40.27643570526485 -0.9639071383429016, 40.27167006432846 -0.9649640836086659, 40.266905315706374 -0.9660250442151909, 40.262141461096476 -0.9670900118917148, 40.25737850219662 -0.9681589783674937, 40.25261644068504 -0.9692319353782924, 40.24785527818954 -0.9703088746765869, 40.24309501632991 -0.9713897880174988, 40.23833565672603 -0.9724746671561504, 40.23357720098784 -0.9735635038511835, 40.22881965067467 -0.9746562898794705, 40.224063007329384 -0.9757530170237622, 40.219307272494895 -0.9768536770668116, 40.214552447710275 -0.9779582617928374, 40.209798534471034 -0.979066763002926, 40.205045534244746 -0.9801791725089708, 40.200293448498506 -0.981295482123043, 40.19554227869855 -0.9824156836575818, 40.19079202627941 -0.9835397689381506, 40.186042692636086 -0.9846677298067158, 40.18129427916109 -0.9857995581062747, 40.176546787246835 -0.9869352456798441, 40.17180021826727 -0.9880747843786206, 40.16705457354895 -0.9892181660747549, 40.1623098544109 -0.9903653826437085, 40.157566062172194 -0.9915164259609438, 40.15282319814371 -0.9926712879057525, 40.148081263589155 -0.9938299603795812, 40.143340259755355 -0.9949924352918166, 40.13860018788907 -0.9961587045518536, 40.13386104923459 -0.9973287600703385, 40.12912284499803 -0.9985025937768757, 40.124385576355884 -0.9996801976158018, 40.11964924448383 -1.0008615635318436, 40.11491385055728 -1.0020466834699011, 40.110179395726966 -1.0032355493877656, 40.10544588110264 -1.0044281532647803, 40.10071330779011 -1.0056244870823374, 40.0959816768952 -1.006824542821828, 40.09125098951207 -1.0080283124710605, 40.0865212466891 -1.0092357880431249, 40.08179244946342 -1.0104469615573408, 40.077064598872106 -1.0116618250330265, 40.07233769594847 -1.012880370491695, 40.06761174168613 -1.014102589977877, 40.062886737054974 -1.015328475549843, 40.05816268302461 -1.0165580192660446, 40.053439580564046 -1.0177912131852964, 40.04871743061574 -1.019028049382501, 40.04399623408563 -1.0202685199547552, 40.03927599187701 -1.0215126170007796, 40.034556704893106 -1.0227603326192947, 40.029838374024635 -1.0240116589169872, 40.02512100011902 -1.0252665880280152, 40.02040458401444 -1.026525112092453, 40.01568912654897 -1.027787223250371, 40.01097462855691 -1.0290529136444047, 40.00626109083438 -1.030322175442439, 40.001548514155814 -1.031595000826738, 39.99683689929538 -1.032871381979735, 39.99212624702673 -1.0341513110842186, 39.98741655809886 -1.0354347803400152, 39.98270783322581 -1.0367217819710637, 39.978000073119 -1.038012308203126, 39.97329327848984 -1.039306351261969, 39.968587450039095 -1.0406039033810168, 39.96388258842643 -1.0419049568231653, 39.95917869430168 -1.0432095038584, 39.95447576831465 -1.0445175367567052, 39.94977381111246 -1.0458290477901229, 39.94507282330797 -1.0471440292561804, 39.94037280549107 -1.0484624734696215, 39.93567375825115 -1.0497843727455125, 39.93097568217741 -1.0511097193990828, 39.92627857783935 -1.0524385057608274, 39.921582445770866 -1.053770724188783, 39.91688728650213 -1.055106367043879, 39.91219310056331 -1.0564454266870416, 39.90749988847762 -1.0577878954847795, 39.902807650730175 -1.0591337658341973, 39.89811638779305 -1.0604830301428323, 39.893426100138356 -1.0618356808182305, 39.88873678823694 -1.0631917102689572, 39.884048452532234 -1.0645511109263879, 39.87936109344052 -1.0659138752444053, 39.87467471137699 -1.067279995677849, 39.86998930675676 -1.0686494646815639, 39.86530487998249 -1.0700222747211745, 39.860621431420164 -1.071398418293758, 39.855938961429175 -1.0727778879021, 39.85125747036892 -1.0741606760489866, 39.84657695859566 -1.0755467752399566, 39.84189742643349 -1.076936178009145, 39.837218874187414 -1.0783288769076462, 39.832541302162156 -1.0797248644867776, 39.82786471066226 -1.081124133298037, 39.82318909997432 -1.0825266759094045, 39.81851447035286 -1.083932484918242, 39.813840822049094 -1.085341552924949, 39.80916815531426 -1.086753872529925, 39.804496470394106 -1.0881694363387477, 39.79982576750045 -1.0895882369890952, 39.79515604683219 -1.0910102671309243, 39.79048730858811 -1.0924355194142161, 39.785819552966416 -1.0938639864895767, 39.78115278014333 -1.0952956610290736, 39.77648699026801 -1.0967305357311128, 39.77182218348803 -1.0981686032957176, 39.767158359950905 -1.0996098564229104, 39.76249551979636 -1.101054287820593, 39.75783366313065 -1.1025018902302834, 39.75317279005111 -1.1039526564024595, 39.74851290065513 -1.1054065790875975, 39.743853995038826 -1.1068636510374152, 39.73919607327403 -1.1083238650288378, 39.734539135409854 -1.1097872138622829, 39.72988318149452 -1.1112536903390648, 39.725228211576294 -1.1127232872604986, 39.720574225693696 -1.1141959974382658, 39.71592122385349 -1.115671813718007, 39.711269206055924 -1.1171507289523046, 39.70661817230124 -1.1186327359937442, 39.70196812258803 -1.1201178276967403, 39.69731905688957 -1.1216059969433083, 39.69267097515966 -1.123097236636827, 39.688023877351476 -1.1245915396812294, 39.683377763418285 -1.1260888989804632, 39.67873263330259 -1.1275893074505545, 39.6740884869169 -1.1290927580413166, 39.669445324168564 -1.130599243708426, 39.66480314496491 -1.132108757407562, 39.660161949211336 -1.1336212920966162, 39.65552173678824 -1.135136840762444, 39.65088250755839 -1.1366553964122452, 39.64624426138427 -1.138176952053638, 39.64160699812823 -1.1397015006942663, 39.63697071764198 -1.1412290353545689, 39.6323354197487 -1.1427595490887827, 39.627701104266976 -1.1442930349566671, 39.62306777101536 -1.145829486017981, 39.618435419810595 -1.1473688953347416, 39.613804050445424 -1.1489112559982084, 39.60917366269591 -1.150456561120021, 39.60454425633776 -1.152004803812229, 39.59991583114669 -1.1535559771869042, 39.59528838688845 -1.1551100743685354, 39.590661923301575 -1.1566670885157702, 39.5860364401199 -1.1582270127930787, 39.58141193707726 -1.1597898403649325, 39.576788413906 -1.1613555643977582, 39.572165870316276 -1.1629241780864779, 39.56754430600145 -1.1644956746475439, 39.56292372065451 -1.16607004729794, 39.55830411396842 -1.167647289254655, 39.553685485627824 -1.1692273937456747, 39.549067835290934 -1.170810354033719, 39.54445116261083 -1.1723961633883488, 39.53983546724055 -1.173984815079124, 39.53522074883213 -1.1755763023770107, 39.53060700701787 -1.1771706185795792, 39.5259942414125 -1.1787677570081654, 39.52138245163009 -1.1803677109849435, 39.516771637284755 -1.181970473832087, 39.51216179798428 -1.1835760388805103, 39.50755293331106 -1.1851843994962095, 39.50294504284119 -1.186795549053981, 39.49833812615073 -1.188409480928618, 39.49373218281523 -1.1900261884956973, 39.48912721239366 -1.1916456651542067, 39.48452321442606 -1.1932679043300543, 39.479920188451395 -1.1948928994506383, 39.475318134008624 -1.196520643943354, 39.47071705063252 -1.1981511312416904, 39.466116937834194 -1.1997843548135323, 39.461517795116414 -1.2014203081388246, 39.45691962198196 -1.2030589846975281, 39.45232241793343 -1.2047003779698824, 39.44772618246071 -1.2063444814550026, 39.44313091503315 -1.2079912886825543, 39.438536615118224 -1.2096407931849877, 39.43394328218342 -1.2112929884947505, 39.42935091569387 -1.212947868147839, 39.4247595150938 -1.2146054257121162, 39.42016907981636 -1.2162656547722785, 39.415579609294596 -1.2179285489131784, 39.41099110296157 -1.2195941017197003, 39.40640356024177 -1.221262306790055, 39.40181698053801 -1.2229331577561429, 39.39723136324984 -1.2246066482551081, 39.39264670777672 -1.226282771924091, 39.388063013517204 -1.2279615224017892, 39.38348027985287 -1.2296428933538839, 39.378898506150975 -1.2313268784689355, 39.374317691778295 -1.2330134714362275, 39.36973783610162 -1.2347026659450417, 39.365158938483006 -1.2363944556924036, 39.360580998263316 -1.238088834409966, 39.356004014777454 -1.2397857958390568, 39.351427987360374 -1.2414853337210063, 39.34685291534677 -1.2431874417975315, 39.342278798059425 -1.2448921138303248, 39.337705634803655 -1.246599343610358, 39.333133424883414 -1.248309124930931, 39.3285621676026 -1.2500214515853425, 39.323991862263135 -1.2517363173703415, 39.31942250814849 -1.2534537161138908, 39.31485410453236 -1.2551736416605441, 39.310286650688326 -1.256896087855014, 39.30572014589002 -1.2586210485420213, 39.301154589404234 -1.2603485175781106, 39.29658998047854 -1.2620784888535042, 39.29202631835709 -1.2638109562643798, 39.28746360228405 -1.2655459137069167, 39.28290183150302 -1.267283355078255, 39.27834100524418 -1.2690232742995011, 39.273781122723676 -1.2707656653168304, 39.26922218315695 -1.2725105220775959, 39.26466418575946 -1.2742578385291492, 39.26010712974389 -1.2760076086239442, 39.255551014304906 -1.277759826347252, 39.250995838630075 -1.279514485697341, 39.2464416019069 -1.281271580672515, 39.241888303322895 -1.2830311052711412, 39.237335942057946 -1.2847930535058105, 39.23278451727474 -1.2865574194211329, 39.22823402813361 -1.2883241970660928, 39.223684473794926 -1.2900933804896741, 39.21913585341831 -1.2918649637422042, 39.21458816615008 -1.2936389408994795, 39.21004141112452 -1.2954153060600915, 39.20549558747555 -1.2971940533234367, 39.20095069433705 -1.2989751767889077, 39.19640673083998 -1.3007586705616077, 39.19186369609851 -1.3025445287793822, 39.187321589220794 -1.3043327455917282, 39.18278040931498 -1.3061233151481586, 39.1782401554892 -1.307916231598266, 39.17370082684431 -1.3097114891060917, 39.169162422465476 -1.3115090818668995, 39.164624941435804 -1.3133090040800217, 39.160088382838424 -1.3151112499447883, 39.15555274575584 -1.3169158136617956, 39.15101802925835 -1.3187226894564241, 39.14648423240515 -1.3205318715766772, 39.14195135425499 -1.3223433542713896, 39.13741939386663 -1.3241571317893939, 39.132888350296454 -1.3259731983845775, 39.12835822258543 -1.327791548342599, 39.12382900976874 -1.3296121759614397, 39.119300710881426 -1.3314350755391073, 39.114773324958584 -1.3332602413736456, 39.11024685102935 -1.3350876677756618, 39.10572128810811 -1.3369173490871762, 39.10119663520688 -1.3387492796550333, 39.096672891337775 -1.3405834538260775, 39.09215005551249 -1.3424198659479487, 39.08762812673254 -1.3442585103903395, 39.083107103988226 -1.3460993815473226, 39.07858698626924 -1.347942473814235, 39.074067772565286 -1.3497877815864145, 39.069549461864504 -1.351635299262661, 39.06503205314164 -1.353485021271332, 39.06051554536472 -1.3553369420557586, 39.05599993750168 -1.3571910560593838, 39.05148522852046 -1.3590473577256565, 39.04697141738504 -1.3609058415071096, 39.042458503045424 -1.3627665018882116, 39.03794648444851 -1.3646293333604382, 39.03343536054128 -1.3664943304152632, 39.02892513027052 -1.3683614875444288, 39.02441579257555 -1.3702307992568157, 39.01990734638371 -1.37210226008856, 39.0153997906213 -1.3739758645782285, 39.01089312421459 -1.3758516072643867, 39.0063873460892 -1.377729482687267, 39.001882455159986 -1.3796094854123642, 38.99737845033354 -1.381491610024767, 38.99287533051625 -1.383375851110075, 38.98837309461447 -1.3852622032538893, 38.98387174153252 -1.3871506610468123, 38.97937127016211 -1.3890412191096921, 38.974871679390255 -1.390933872074697, 38.97037296810398 -1.3928286145740163, 38.96587513519029 -1.394725441239849, 38.96137817953175 -1.3966243467152508, 38.95688209999873 -1.3985253256734154, 38.952386895459426 -1.4004283727927296, 38.947892564782066 -1.4023334827515805, 38.943399106834704 -1.404240650228759, 38.93890652047811 -1.406149869921314, 38.93441480456302 -1.4080611365515656, 38.929923957939415 -1.409974444843686, 38.92543397945726 -1.4118897895218487, 38.92094486796581 -1.413807165312048, 38.9164566223046 -1.415726566965264, 38.911969241306046 -1.4176479892506313, 38.90748272380243 -1.4195714269376936, 38.902997068626036 -1.4214968747959904, 38.898512274607285 -1.423424327599854, 38.8940283405655 -1.4253537801527802, 38.88954526531576 -1.427285227269241, 38.88506304767316 -1.4292186637637325, 38.8805816864528 -1.4311540844507533, 38.87610118046615 -1.4330914841544995, 38.871621528513685 -1.435030857728469, 38.86714272939384 -1.4369722000316734, 38.86266478190507 -1.4389155059231267, 38.85818768484568 -1.4408607702620833, 38.85371143700819 -1.4428079879237437, 38.849236037175686 -1.444757153808901, 38.84476148413044 -1.446708262820657, 38.84028777665471 -1.4486613098621077, 38.83581491353035 -1.4506162898375012, 38.83134289353133 -1.452573197673082, 38.82687171542449 -1.4545320283149041, 38.822401377976405 -1.456492776709733, 38.81793187995372 -1.4584554378043355, 38.8134632201219 -1.4604200065485478, 38.80899539723716 -1.4623864779186722, 38.804528410050864 -1.4643548469045096, 38.80006225731441 -1.466325108495968, 38.79559693777913 -1.4682972576829578, 38.79113245019428 -1.4702712894617362, 38.786668793299334 -1.4722471988571806, 38.78220596583102 -1.4742249809022279, 38.77774396652613 -1.4762046306298142, 38.7732827941214 -1.478186143072905, 38.768822447349855 -1.4801695132753387, 38.76436292493534 -1.4821547363080456, 38.75990422560025 -1.4841418072461083, 38.75544634806697 -1.486130721164611, 38.75098929105782 -1.4881214731389463, 38.74653305328977 -1.4901140582605934, 38.74207763347195 -1.492108471644553, 38.737623030312925 -1.4941047084076888, 38.73316924252121 -1.4961027636668678, 38.72871626880499 -1.4981026325400644, 38.724264107865665 -1.5001043101661975, 38.71981275839858 -1.5021077917028955, 38.71536221909889 -1.5041130723084388, 38.71091248866173 -1.5061201471411123, 38.70646356578141 -1.5081290113618055, 38.70201544914443 -1.5101396601560295, 38.697568137433 -1.512152088722862, 38.69312162932927 -1.514166292261522, 38.68867592351537 -1.5161822659712247, 38.68423101867196 -1.5182000050561304, 38.67978691347134 -1.5202195047470088, 38.675343606583155 -1.5222407602835482, 38.67090109667694 -1.5242637669054457, 38.66645938242231 -1.5262885198523997, 38.66201846248632 -1.5283150143722974, 38.65757833552801 -1.5303432457395052, 38.65313900020479 -1.5323732092337297, 38.64870045517407 -1.5344049001346725, 38.64426269909322 -1.5364383137221254, 38.63982573061604 -1.5384734452879665, 38.635389548389014 -1.540510290148501, 38.63095415105777 -1.5425488436229837, 38.62651953726793 -1.5445891010306658, 38.622085705664986 -1.5466310576911977, 38.61765265488976 -1.548674708940269, 38.6132203835769 -1.5507200501347496, 38.608788890360614 -1.5527670766329638, 38.60435817387512 -1.5548157837932362, 38.59992823275433 -1.5568661669749364, 38.59549906562656 -1.5589182215570314, 38.59107067111517 -1.5609719429358633, 38.58664304784333 -1.5630273265083712, 38.582216194434224 -1.565084367671499, 38.57779010951044 -1.5671430618242996, 38.573364791688306 -1.569203404388176, 38.568940239580336 -1.571265390797978, 38.56451645179902 -1.5733290164887388, 38.56009342695684 -1.5753942768954894, 38.55567116366528 -1.5774611674569188, 38.55124966052927 -1.5795296836359718, 38.54682891615103 -1.5815998209054736, 38.54240892913279 -1.5836715747382826, 38.53798969807681 -1.5857449406072532, 38.533571221583756 -1.5878199139908848, 38.52915349824772 -1.5898964903924357, 38.52473652666096 -1.5919746653219482, 38.52032030541569 -1.5940544342894674, 38.51590483310413 -1.5961357928050433, 38.511490108316416 -1.5982187363867888, 38.507076129636204 -1.6003032605768375, 38.50266289564599 -1.602389360921778, 38.49825040492829 -1.6044770329681939, 38.4938386560656 -1.6065662722627407, 38.489427647637605 -1.608657074362882, 38.485017378218224 -1.610749434848657, 38.48060784638065 -1.6128433493029406, 38.47619905069806 -1.6149388133086058, 38.47179098974357 -1.6170358224487638, 38.46738366208694 -1.6191343723199918, 38.462977066292716 -1.6212344585392213, 38.45857120092506 -1.623336076725079, 38.45416606454813 -1.625439222496194, 38.44976165572596 -1.627543891471749, 38.44535797301861 -1.6296500792868622, 38.44095501498175 -1.6317577815945095, 38.43655278017082 -1.6338669940486088, 38.432151267141265 -1.6359777123030823, 38.427750474448246 -1.638089932012895, 38.423350400642605 -1.640203648851061, 38.41895104427145 -1.6423188585058404, 38.414552403881785 -1.6444355566659694, 38.41015447802064 -1.6465537390201845, 38.405757265234605 -1.648673401258929, 38.40136076406563 -1.6507945390923844, 38.39696497305261 -1.6529171482434166, 38.39256989073444 -1.6550412244351074, 38.38817551564999 -1.657166763390537, 38.38378184633751 -1.6592937608353189, 38.37938888133046 -1.6614222125160152, 38.374996619159866 -1.6635521141894984, 38.37060505835673 -1.6656834616127154, 38.36621419745205 -1.667816250542613, 38.36182403497607 -1.6699504767396671, 38.35743456945405 -1.6720861359860053, 38.353045799409436 -1.6742232240719581, 38.34865772336565 -1.6763617367878683, 38.34427033984611 -1.6785016699240836, 38.33988364737321 -1.6806430192756117, 38.33549764446447 -1.6827857806593094, 38.331112329635985 -1.6849299498984347, 38.32672770140385 -1.687075522816246, 38.322343758284134 -1.689222495235998, 38.317960498791685 -1.6913708629869042, 38.313577921436696 -1.6935206219199261, 38.30919602472829 -1.6956717678909836, 38.30481480717556 -1.6978242967560007, 38.300434267287685 -1.6999782043709062, 38.29605440357218 -1.7021334865988085, 38.2916752145321 -1.7042901393236205, 38.28729669866958 -1.706448158432993, 38.282918854486816 -1.708607539814582, 38.278541680486 -1.7107682793560743, 38.27416517516752 -1.712930372953716, 38.26978933702759 -1.715093816523835, 38.265414164561825 -1.7172586059856363, 38.261039656265865 -1.7194247372583222, 38.25666581063528 -1.7215922062611793, 38.2522926261637 -1.723761008923293, 38.24792010134081 -1.725931141192725, 38.2435482346559 -1.728102599019712, 38.23917702459819 -1.730275378354491, 38.23480646965699 -1.732449475147458, 38.23043656831925 -1.7346248853599608, 38.22606731906851 -1.7368016049711776, 38.22169872038786 -1.7389796299619182, 38.21733077076049 -1.7411589563129974, 38.21296346866945 -1.743339580005488, 38.2085968125955 -1.7455214970324502, 38.204230801016124 -1.7477047034035802, 38.19986543240853 -1.7498891951297963, 38.19550070524999 -1.7520749682220214, 38.191136618017644 -1.7542620186915698, 38.18677316918619 -1.7564503425626266, 38.18241035722732 -1.7586399358748421, 38.1780481806126 -1.7608307946687822, 38.17368663781358 -1.7630229149850098, 38.16932572730169 -1.76521629286463, 38.16496544754583 -1.7674109243623757, 38.16060579701217 -1.769606805547308, 38.15624677416676 -1.771803932489177, 38.151888377475686 -1.7740023012577306, 38.14753060540484 -1.7762019079234133, 38.14317345641754 -1.778402748570909, 38.13881692897468 -1.780604819298174, 38.134461021536964 -1.7828081162036664, 38.1301057325652 -1.7850126353858502, 38.12575106051999 -1.7872183729440525, 38.1213970038593 -1.7894253249923364, 38.11704356103887 -1.791633487657069, 38.1126907305144 -1.793842857064996, 38.10833851074157 -1.7960534293428625, 38.10398690017587 -1.7982652006184552, 38.099635897270204 -1.8004781670347116, 38.095285500475455 -1.8026923247460338, 38.090935708242455 -1.8049076699071074, 38.08658651902208 -1.8071241986726163, 38.08223793126494 -1.809341907198434, 38.07788994341897 -1.81156079165565, 38.07354255393021 -1.8137808482258821, 38.069195761244714 -1.8160020730909623, 38.064849563808465 -1.8182244624327213, 38.06050396006728 -1.8204480124343372, 38.056158948464315 -1.8226727192944976, 38.0518145274411 -1.8248985792218062, 38.047470695439124 -1.8271255884250297, 38.043127450899846 -1.829353743112936, 38.03878479226454 -1.8315830394957713, 38.03444271797185 -1.8338134737993252, 38.03010122645891 -1.8360450422586712, 38.025760316162796 -1.8382777411090023, 38.02141998552063 -1.8405115665855163, 38.017080232969235 -1.842746514925006, 38.01274105694295 -1.844982582379806, 38.008402455874645 -1.8472197652110087, 38.004064428197225 -1.8494580596798031, 37.99972697234356 -1.8516974620473783, 37.99539008674627 -1.8539379685766118, 37.991053769835496 -1.856179575545854, 37.98671802004009 -1.8584222792417546, 37.982382835788854 -1.8606660759510467, 37.978048215510626 -1.8629109619604607, 37.973714157633935 -1.8651569335584823, 37.96938066058496 -1.8674039870489483, 37.96504772278861 -1.869652118743615, 37.960715342669815 -1.871901324954311, 37.95638351865346 -1.8741516019928641, 37.95205224916422 -1.8764029461728962, 37.94772153262439 -1.8786553538232138, 37.94339136745515 -1.880908821280248, 37.93906175207768 -1.8831633448804845, 37.93473268491311 -1.885418920960411, 37.930404164382324 -1.887675545858325, 37.926076188904 -1.8899332159274669, 37.921748756895624 -1.8921919275284507, 37.917421866774745 -1.8944516770219424, 37.9130955169589 -1.8967124607686052, 37.908769705865325 -1.8989742751309158, 37.904444431909205 -1.9012371164861679, 37.90011969350466 -1.9035009812189, 37.89579548906583 -1.9057658657137022, 37.891471817006845 -1.9080317663551607, 37.88714867574155 -1.9102986795296193, 37.882826063681726 -1.9125666016377973, 37.87850397923811 -1.9148355290874481, 37.87418242082138 -1.9171054582863762, 37.869861386842295 -1.9193763856423876, 37.86554087571131 -1.9216483075649862, 37.86122088583693 -1.9239212204778104, 37.85690141562662 -1.9261951208114938, 37.85258246348792 -1.9284700049967163, 37.848264027828286 -1.93074586946416, 37.843946107055004 -1.9330227106461346, 37.839628699573446 -1.935300524988761, 37.835311803788024 -1.9375793089451419, 37.83099541810313 -1.9398590589684337, 37.826679540923166 -1.9421397715117892, 37.82236417065234 -1.9444214430298925, 37.81804930569302 -1.9467040699908806, 37.81373494444666 -1.9489876488698823, 37.809421085314696 -1.951272176142089, 37.80510772669854 -1.9535576482826886, 37.80079486699945 -1.955844061768289, 37.79648250461695 -1.9581314130885683, 37.792170637949596 -1.960419698740255, 37.78785926539597 -1.9627089152201496, 37.78354838535467 -1.9649990590250548, 37.77923799622407 -1.9672901266530616, 37.77492809640098 -1.969582114614921, 37.7706186842812 -1.9718750194285337, 37.766309758260576 -1.9741688376118784, 37.76200131673494 -1.976463565682937, 37.75769335809995 -1.9787592001608583, 37.75338588074976 -1.981055737577003, 37.74907888307759 -1.9833531744700221, 37.74477236347659 -1.985651507378664, 37.74046632034002 -1.987950732841676, 37.73616075206091 -1.9902508473988367, 37.73185565703085 -1.9925518476016515, 37.72755103364051 -1.9948537300090607, 37.72324688028055 -1.9971564911801287, 37.71894319534159 -1.9994601276739143, 37.714639977214205 -2.0017646360503853, 37.710337224287564 -2.0040700128807964, 37.70603493494995 -2.006376254744078, 37.70173310758964 -2.00868335821931, 37.697431740594915 -2.010991319885573, 37.69313083235394 -2.0133001363227088, 37.68883038125357 -2.015609804121236, 37.68453038567975 -2.0179203198795075, 37.680230844018375 -2.0202316801960514, 37.675931754655345 -2.022543881669399, 37.671633115976476 -2.0248569208987233, 37.66733492636639 -2.0271707944933093, 37.66303718420873 -2.0294854990705105, 37.658739887887165 -2.0318010312479053, 37.65444303578531 -2.034117387643069, 37.65014662628671 -2.0364345648741033, 37.64585065777388 -2.0387525595686635, 37.64155512862829 -2.0410713683627377, 37.63726003723144 -2.043390987892595, 37.63296538196482 -2.045711414794499, 37.628671161209866 -2.048032645705136, 37.62437737334698 -2.0503546772701213, 37.62008401675563 -2.0526775061436426, 37.61579108981522 -2.055001128980235, 37.61149859090513 -2.057325542434435, 37.60720651840477 -2.0596507431610993, 37.6029148706926 -2.061976727823374, 37.598623646146045 -2.064303493093231, 37.59433284314256 -2.066631035643066, 37.59004246005956 -2.0689593521452796, 37.585752495274434 -2.071288439272508, 37.581462947163736 -2.073618293705018, 37.57717381410306 -2.0759489121321404, 37.57288509446789 -2.078280291243733, 37.56859678663377 -2.080612427729654, 37.56430888897617 -2.082945318279929, 37.56002139986985 -2.0852789595915424, 37.55573431768856 -2.0876133483707706, 37.55144764080598 -2.0899484813245324, 37.5471613675958 -2.0922843551597454, 37.542875496431684 -2.094620966583442, 37.53859002568663 -2.096958312308926, 37.534304953732644 -2.09929638905897, 37.53002027894166 -2.101635193557133, 37.52573599968556 -2.103974722526975, 37.52145211433626 -2.1063149726921235, 37.51716862126512 -2.1086559407818326, 37.512885518842474 -2.1109976235350385, 37.50860280543863 -2.1133400176916357, 37.50432047942381 -2.1156831199915183, 37.500038539168294 -2.118026927174621, 37.49575698304185 -2.1203714359857844, 37.49147580941319 -2.122716643179573, 37.48719501665094 -2.125062545511693, 37.482914603123724 -2.127409139737854, 37.47863456720014 -2.129756422613781, 37.474354907248404 -2.132104390899464, 37.47007562163568 -2.134453041364694, 37.46579670872903 -2.136802370780633, 37.461518166895516 -2.1391523759184405, 37.45723999450217 -2.141503053549283, 37.452962189915695 -2.1438544004479754, 37.44868475150181 -2.1462064133991343, 37.444407677626074 -2.1485590891890136, 37.44013096665405 -2.150912424603864, 37.43585461695132 -2.153266416429936, 37.43157862688312 -2.155621061456538, 37.427302994813786 -2.15797635648269, 37.42302771910745 -2.160332298309335, 37.41875279812824 -2.162688883737418, 37.41447823024028 -2.1650461095678866, 37.410204013807466 -2.1674039726041974, 37.40593014719276 -2.1697624696593487, 37.40165662875894 -2.1721215975485975, 37.397383456868745 -2.174481353087202, 37.39311062988494 -2.1768417330904217, 37.38883814617009 -2.179202734375544, 37.38456600408589 -2.1815643537691196, 37.38029420199376 -2.183926588100332, 37.37602273825516 -2.1862894341983647, 37.37175161123152 -2.1886528888924044, 37.367480819284125 -2.191016949013248, 37.36321036077344 -2.193381611400578, 37.358940234059645 -2.195746872897129, 37.3546704375029 -2.198112730345634, 37.3504009694634 -2.200479180588827, 37.34613182830121 -2.202846220470694, 37.34186301237558 -2.2052138468436424, 37.33759452004549 -2.2075820565635556, 37.3333263496699 -2.2099508464863313, 37.329058499607775 -2.2123202134678652, 37.32479096821798 -2.2146901543650026, 37.32052375385867 -2.2170606660425145, 37.31625685488771 -2.2194317453691097, 37.311990269662886 -2.221803389213526, 37.307723996542045 -2.2241755944445005, 37.30345803388295 -2.2265483579314616, 37.29919238004267 -2.2289216765511104, 37.29492703337788 -2.2312955471844917, 37.29066199224529 -2.2336699667127053, 37.28639725500156 -2.2360449320168576, 37.28213282000331 -2.238420439978542, 37.2778686856066 -2.2407964874860165, 37.27360485016705 -2.243173071432332, 37.269341312040254 -2.2455501887106433, 37.26507806958184 -2.2479278362141026, 37.260815121147374 -2.250306010836197, 37.25655246509194 -2.252684709476406, 37.252290099770114 -2.255063929039387, 37.24802802353647 -2.257443666429974, 37.24376623474562 -2.259823918552996, 37.23950473175211 -2.2622046823134974, 37.23524351291006 -2.2645859546218268, 37.2309825765731 -2.2669677323938653, 37.22672192109481 -2.2693500125457544, 37.222461544828796 -2.27173279199364, 37.21820144612866 -2.274116067653788, 37.2139416233476 -2.2764998364470808, 37.209682074838284 -2.2788840953002327, 37.20542279895341 -2.281268841140334, 37.20116379404559 -2.283654070894472, 37.19690505846753 -2.2860397814898064, 37.19264659057153 -2.2884259698574265, 37.188388388709384 -2.29081263293449, 37.18413045123285 -2.2931997676586704, 37.179872776493696 -2.2955873709676378, 37.175615362843686 -2.2979754397990995, 37.171358208634274 -2.3003639710940456, 37.16710131221642 -2.3027529617996794, 37.16284467194103 -2.3051424088638997, 37.158588286158995 -2.3075323092345976, 37.154332153221205 -2.3099226598596787, 37.150076271478326 -2.3123134576897377, 37.14582063928053 -2.31470469968164, 37.14156525497786 -2.317096382793152, 37.137310116920396 -2.319488503982039, 37.1330552234582 -2.321881060206066, 37.12880057294118 -2.3242740484251394, 37.12454616371868 -2.3266674656054063, 37.12029199414003 -2.3290613087141496, 37.11603806255448 -2.33145557471865, 37.11178436731133 -2.3338502605861935, 37.10753090675973 -2.336245363285709, 37.10327767924829 -2.3386408797922087, 37.09902468312554 -2.341036807082107, 37.09477191674 -2.3434331421318135, 37.090519378440185 -2.345829881917743, 37.086267066574486 -2.348227023417555, 37.082014979490864 -2.3506245636147636, 37.0777631155371 -2.3530224994945903, 37.073511473061 -2.355420828042253, 37.06926005041033 -2.3578195462429736, 37.06500884593283 -2.360218651082895, 37.060757857975766 -2.3626181395536516, 37.05650708488624 -2.365018008648914, 37.05225652501136 -2.3674182553623564, 37.04800617669824 -2.3698188766876473, 37.04375603829391 -2.372219869619119, 37.03950610814501 -2.3746212311561785, 37.035256384598 -2.3770229583005875, 37.03100686599932 -2.379425048054126, 37.026757550695415 -2.3818274974185707, 37.02250843703269 -2.3842303033961536, 37.01825952335719 -2.3866334629937054, 37.014010808014724 -2.389036973220731, 37.00976228935111 -2.391440831086766, 37.00551396571218 -2.393845033601349, 37.00126583544372 -2.396249577774315, 36.99701789689118 -2.3986544606195923, 36.992770148399806 -2.401059679154068, 36.98852258831481 -2.4034652303946937, 36.98427521498142 -2.4058711113584255, 36.98002802674482 -2.4082773190624014, 36.97578102194996 -2.4106838505273283, 36.97153419894147 -2.41309070277712, 36.96728755606403 -2.4154978728358043, 36.96304109166228 -2.4179053577274088, 36.95879480408085 -2.4203131544760685, 36.954548691664165 -2.422721260108966, 36.950302752756336 -2.425129671656684, 36.94605698570149 -2.427538386149986, 36.941811388843725 -2.4299474006196338, 36.937565960527174 -2.432356712096444, 36.93332069909571 -2.434766317613778, 36.929075602892965 -2.4371762142085296, 36.92483067026255 -2.4395863989178515, 36.920585899548044 -2.4419968687788978, 36.91634128909308 -2.4444076208288466, 36.91209683724105 -2.446818652106949, 36.90785254233513 -2.4492299596560634, 36.903608402718405 -2.451641540519403, 36.89936441673401 -2.454053391740185, 36.89512058272506 -2.4564655103616353, 36.89087689903454 -2.4588778934286206, 36.88663336400515 -2.4612905379896124, 36.88238997597956 -2.463703441093556, 36.878146733300426 -2.466116599789395, 36.8739036343104 -2.468530011126077, 36.86966067735206 -2.470943672153816, 36.86541786076771 -2.4733575799263474, 36.86117518289954 -2.4757717314980137, 36.8569326420898 -2.4781861239231593, 36.852690236680736 -2.4806007542561224, 36.84844796501448 -2.4830156195521953, 36.84420582543296 -2.485430716870038, 36.83996381627798 -2.4878460432690597, 36.8357219358914 -2.4902615958086733, 36.83148018261505 -2.492677371548288, 36.827238554790696 -2.495093367547999, 36.822997050759895 -2.497509580871061, 36.81875566886408 -2.4999260085816206, 36.814514407444726 -2.5023426477438306, 36.81027326484328 -2.504759495421845, 36.8060322394012 -2.507176548680297, 36.801791329459654 -2.5095938045867, 36.797550533359754 -2.5120112602096163, 36.79330984944262 -2.5144289126176105, 36.78906927604938 -2.5168467588792494, 36.78482881152111 -2.5192647960634322, 36.78058845419871 -2.5216830212416164, 36.77634820242298 -2.524101431486458, 36.7721080545347 -2.5265200238706176, 36.76786800887466 -2.5289387954667526, 36.76362806378366 -2.531357743347743, 36.759388217602314 -2.533776864588682, 36.75514846867108 -2.536196156265961, 36.75090881533046 -2.5386156154559893, 36.74666925592096 -2.5410352392351756, 36.742429788783056 -2.543455024680064, 36.73819041225708 -2.5458749688691067, 36.73395112468327 -2.5482950688821426, 36.729711924401876 -2.550715321799049, 36.72547280975312 -2.5531357246997017, 36.72123377907723 -2.555556274664052, 36.716994830714334 -2.557976968773629, 36.71275596300442 -2.560397804111385, 36.70851717428749 -2.5628187777603277, 36.704278462903545 -2.5652398868034614, 36.700039827192576 -2.56766112832384, 36.695801265494495 -2.5700824994057774, 36.69156277614906 -2.572503997135022, 36.687324357496095 -2.5749256185973968, 36.683086007875374 -2.5773473608787274, 36.67884772562669 -2.5797692210648604, 36.67460950908974 -2.582191196242628, 36.67037135660415 -2.584613283500257, 36.66613326650953 -2.5870354799260755, 36.661895237145494 -2.589457782608412, 36.65765726685162 -2.591880188635603, 36.65341935396749 -2.5943026950967343, 36.64918149683256 -2.596725299082192, 36.644943693786296 -2.599147997682499, 36.64070594316812 -2.6015707879881775, 36.636468243317495 -2.6039936670897457, 36.632230592573855 -2.6064166320782705, 36.62799298927651 -2.6088396800459988, 36.62375543176481 -2.6112628080853315, 36.619517918378094 -2.613686013288672, 36.61528044745568 -2.6161092927484244, 36.61104301733686 -2.6185326435573626, 36.6068056263609 -2.6209560628092925, 36.60256827286703 -2.6233795475981934, 36.59833095519449 -2.6258030950180435, 36.594093671682515 -2.6282267021628245, 36.589856420670316 -2.6306503661267535, 36.58561920049709 -2.633074084004889, 36.58138200950199 -2.6354978528924717, 36.5771448460242 -2.6379216698847388, 36.57290770840286 -2.640345532076929, 36.56867059497712 -2.642769436564426, 36.56443350408617 -2.645193380443238, 36.560196434069084 -2.647617360809548, 36.55595938326499 -2.65004137475954, 36.551722350013016 -2.652465419389395, 36.5474853326523 -2.654889491795377, 36.54324832952196 -2.6573135890742074, 36.53901133896114 -2.659737708322758, 36.534774359308976 -2.6621618466379062, 36.5305373889046 -2.664586001116531, 36.526300426087154 -2.6670101688555365, 36.5220634691958 -2.669434346952059, 36.517826516569706 -2.6718585325033275, 36.51358956654804 -2.674282722606577, 36.509352617469965 -2.6767069143590407, 36.50511566767465 -2.679131104857952, 36.500878715501315 -2.6815552912005907, 36.49664175928918 -2.6839794704842563, 36.49240479737748 -2.6864036398062456, 36.48816782810546 -2.6888277962638605, 36.48393084981233 -2.6912519369543886, 36.47969386083741 -2.6936760589749866, 36.475456859520015 -2.696100159422725, 36.471219844199496 -2.6985242353946735, 36.466982813215154 -2.700948283987898, 36.462745764906366 -2.7033723022994516, 36.45850869761251 -2.70579628742611, 36.45427160967306 -2.7082202364644195, 36.450034499427495 -2.7106441465109303, 36.445797365215284 -2.713068014662184, 36.44156020537589 -2.7154918380147097, 36.437323018248875 -2.7179156136646365, 36.43308580217386 -2.720339338707704, 36.428848555490525 -2.722763010239642, 36.424611276538464 -2.7251866253561765, 36.42037396365734 -2.7276101811530156, 36.416136615186886 -2.73003367472539, 36.411899229466954 -2.7324571031679623, 36.40766180483741 -2.7348804635753603, 36.4034243396381 -2.7373037530422137, 36.39918683220889 -2.739726968663143, 36.394949280889726 -2.742150107532203, 36.390711684020694 -2.7445731667426565, 36.386474039941874 -2.7469961433877095, 36.38223634699336 -2.7494190345605625, 36.37799860351522 -2.75184183735441, 36.37376080784767 -2.754264548861871, 36.369522958331046 -2.7566871661745673, 36.36528505330576 -2.7591096863840296, 36.3610470911122 -2.761532106581785, 36.35680907009072 -2.7639544238593587, 36.35257098858182 -2.7663766353076906, 36.348332844926205 -2.768798738016518, 36.344094637464615 -2.771220729075429, 36.33985636453775 -2.773642605574016, 36.33561802448637 -2.7760643646018646, 36.33137961565128 -2.77848600324798, 36.327141136373555 -2.7809075185999235, 36.32290258499429 -2.7833289077450325, 36.31866395985461 -2.7857501677706473, 36.3144252592956 -2.788171295764107, 36.31018648165844 -2.790592288812196, 36.305947625284645 -2.7930131440000436, 36.30170868851572 -2.795433858412468, 36.29746966969318 -2.797854429134285, 36.293230567158574 -2.8002748532503174, 36.2889913792535 -2.8026951278448635, 36.28475210431991 -2.8051152500003673, 36.28051274069975 -2.807535216798845, 36.27627328673506 -2.8099550253223127, 36.27203374076783 -2.81237467265279, 36.267794101140126 -2.814794155871825, 36.26355436619437 -2.817213472058919, 36.259314534273074 -2.8196326182930163, 36.25507460371877 -2.822051591653063, 36.25083457287394 -2.8244703892180008, 36.24659444008121 -2.826889008066353, 36.242354203683526 -2.8293074452744373, 36.23811386202396 -2.831725697917845, 36.23387341344561 -2.8341437630721704, 36.22963285629155 -2.836561637813009, 36.22539218890494 -2.8389793192155808, 36.22115140962931 -2.8413968043527804, 36.21691051680839 -2.8438140902966005, 36.21266950878589 -2.8462311741190254, 36.20842838390551 -2.848648052892045, 36.20418714051102 -2.8510647236873172, 36.19994577694659 -2.8534811835740346, 36.195704291556595 -2.8558974296202604, 36.191462682685376 -2.858313458894049, 36.1872209486773 -2.860729268463458, 36.18297908787678 -2.8631448553962713, 36.1787370986287 -2.865560216757758, 36.17449497927813 -2.8679753496118545, 36.17025272817018 -2.8703902510224903, 36.166010343649965 -2.8728049180535864, 36.161767824062636 -2.8752193477688373, 36.157525167753775 -2.8776335372293693, 36.15328237306932 -2.880047483494737, 36.14903943835516 -2.882461183624471, 36.14479636195722 -2.884874634678105, 36.140553142221414 -2.8872878337149674, 36.13630977749416 -2.889700777791789, 36.13206626612223 -2.892113463963461, 36.12782260645235 -2.8945258892848327, 36.123578796831275 -2.8969380508107574, 36.119334835605805 -2.8993499455959215, 36.11509072112321 -2.901761570692406, 36.11084645173112 -2.904172923150191, 36.106602025777235 -2.9065840000191945, 36.102357441609215 -2.9089947983493394, 36.098112697574734 -2.9114053151904122, 36.09386779202202 -2.913815547589601, 36.08962272329966 -2.9162254925917233, 36.085377489756326 -2.918635147241513, 36.08113208974066 -2.9210445085837002, 36.07688652160134 -2.9234535736629117, 36.07264078368749 -2.9258623395211996, 36.06839487434884 -2.9282708031979747, 36.06414879193503 -2.9306789617325277, 36.059902534795775 -2.9330868121641527, 36.05565610128079 -2.935494351532054, 36.05140948974028 -2.937901576872905, 36.047162698525035 -2.940308485220464, 36.04291572598586 -2.9427150736083307, 36.03866857047354 -2.9451213390701003, 36.03442123033892 -2.9475272786393063, 36.03017370393332 -2.949932889347, 36.02592598960871 -2.9523381682210577, 36.02167808571707 -2.954743112289146, 36.01742999061043 -2.9571477185789345, 36.013181702640786 -2.959551984118038, 36.008933220160635 -2.961955905931634, 36.004684541523204 -2.9643594810414364, 36.0004356650817 -2.9667627064688946, 35.99618658918939 -2.9691655792354568, 35.99193731219954 -2.971568096362536, 35.98768783246587 -2.9739702548691778, 35.98343814834292 -2.9763720517707246, 35.979188258185275 -2.9787734840821973, 35.97493816034752 -2.9811745488186197, 35.97068785318425 -2.9835752429949807, 35.96643733505055 -2.985975563623988, 35.962186604302374 -2.9883755077144185, 35.95793565929575 -2.990775072274667, 35.953684498386714 -2.9931742543131232, 35.94943311993127 -2.9955730508381575, 35.94518152228599 -2.997971458855906, 35.94092970380826 -3.000369475368309, 35.93667766285561 -3.002767097376846, 35.93242539778559 -3.0051643218830004, 35.92817290695573 -3.007561145888238, 35.923920188724026 -3.009957566391852, 35.91966724144949 -3.012353580388727, 35.91541406349124 -3.014749184873214, 35.911160653208405 -3.0171443768396613, 35.906907008960104 -3.0195391532824063, 35.902653129105936 -3.0219335111936774, 35.898399012006585 -3.02432744756107, 35.89414465602282 -3.02672095937157, 35.88989005951546 -3.029114043612158, 35.885635220845295 -3.0315066972698124, 35.88138013837363 -3.0338989173294535, 35.877124810462846 -3.0362907007711626, 35.87286923547553 -3.0386820445743346, 35.86861341177424 -3.0410729457183616, 35.86435733772157 -3.0434634011826294, 35.860101011680555 -3.0458534079445143, 35.85584443201545 -3.04824296297637, 35.851587597090685 -3.050632063249769, 35.84733050527072 -3.0530207057362917, 35.843073154919985 -3.0554088874075114, 35.83881554440339 -3.05779660523303, 35.83455767208714 -3.0601838561772405, 35.830299536337634 -3.0625706372036827, 35.82604113552128 -3.064956945275897, 35.82178246800447 -3.0673427773574202, 35.81752353215407 -3.0697281304098523, 35.81326432633837 -3.072113001389412, 35.809004848925795 -3.0744973872513905, 35.804745098284826 -3.07688128495108, 35.80048507278396 -3.0792646914437696, 35.7962247707921 -3.081647603682821, 35.79196419067965 -3.0840300186160046, 35.787703330817195 -3.08641193319009, 35.78344218957534 -3.088793344351847, 35.7791807653247 -3.0911742490480414, 35.774919056436396 -3.093554644223546, 35.77065706128305 -3.0959345268175724, 35.76639477823761 -3.0983138937682724, 35.76213220567296 -3.1006927420138015, 35.75786934196205 -3.103071068492315, 35.75360618547829 -3.1054488701400498, 35.74934273459671 -3.1078261438873866, 35.745078987692565 -3.110202886663577, 35.740814943141196 -3.1125790953978743, 35.73655059931789 -3.114954767019533, 35.73228595459846 -3.1173298984558944, 35.72802100736045 -3.119704486628325, 35.723755755981635 -3.1220785284570303, 35.71949019883987 -3.124452020862215, 35.715224334312964 -3.1268249607640826, 35.7109581607793 -3.1291973450808683, 35.70669167661888 -3.131569170724583, 35.70242488021211 -3.1339404346060244, 35.69815776993937 -3.1363111336359895, 35.69389034418103 -3.1386812647252684, 35.68962260131808 -3.141050824782771, 35.68535453973354 -3.1434198107114524, 35.68108615781076 -3.1457882194130997, 35.67681745393315 -3.1481560477895014, 35.672548426484056 -3.1505232927424465, 35.66827907384728 -3.1528899511713036, 35.664009394407856 -3.1552560199679043, 35.65973938655108 -3.1576214960226094, 35.65546904866223 -3.1599863762257785, 35.65119837912658 -3.1623506574677727, 35.64692737633088 -3.164714336638245, 35.64265603866612 -3.167077410624683, 35.638384364524185 -3.16943987631416, 35.63411235229695 -3.171801730593749, 35.629840000376284 -3.174162970350515, 35.62556730715181 -3.1765235924639326, 35.62129427100639 -3.178883593790735, 35.61702089032164 -3.1812429711834294, 35.6127471634792 -3.1836017214945227, 35.608473088860684 -3.185959841576533, 35.6041986648598 -3.1883173283004433, 35.59992388990516 -3.190674178590593, 35.59564876243165 -3.1930303893809002, 35.59137328087414 -3.1953859576052888, 35.587097443667446 -3.1977408801975677, 35.58282124920319 -3.200095154008425, 35.57854469575341 -3.202448775658504, 35.574267781569596 -3.2048017417289776, 35.56999050490324 -3.2071540488010126, 35.5657128640062 -3.209505693456394, 35.561434857303226 -3.211856672589627, 35.55715648367337 -3.2142069839168323, 35.552877742069384 -3.2165566252874442, 35.54859863144405 -3.218905594550893, 35.544319150748194 -3.221253889553117, 35.54003929825689 -3.2236015068968236, 35.535759070574144 -3.225948440110601, 35.531478464050174 -3.2282946822561844, 35.527197475035194 -3.230640226395306, 35.52291609989024 -3.2329850656094434, 35.518634337654866 -3.235329197884702, 35.51435219355004 -3.2376726325256286, 35.51006967366584 -3.240015380428179, 35.50578678409232 -3.24235745248831, 35.5015035308564 -3.2446988594861144, 35.497219908906764 -3.247039591891769, 35.49293588952793 -3.249379596791247, 35.48865144095956 -3.2517188156882564, 35.484366531441296 -3.2540571900865043, 35.48008112925319 -3.256394661562809, 35.47579520774434 -3.2587311808642423, 35.471508750206524 -3.261066716724815, 35.46722174108759 -3.263401239970027, 35.46293416483541 -3.265734721425379, 35.4586460059618 -3.2680671320336616, 35.4543572548077 -3.2703984534292423, 35.45006791213101 -3.272728686353034, 35.44577797976929 -3.2750578335262, 35.44148745956011 -3.2773858976699066, 35.43719635331614 -3.2797128814594205, 35.43290466117477 -3.2820387844813834, 35.42861238056639 -3.284363601331831, 35.42431950867522 -3.286687326152836, 35.42002604268543 -3.2890099530864734, 35.41573197979088 -3.291331476292286, 35.41143731767286 -3.293651890811047, 35.40714205471942 -3.2959711929611966, 35.40284618937399 -3.298289379161379, 35.39854972008004 -3.3006064458302413, 35.394252645277476 -3.3029223893795314, 35.389954963270455 -3.3052372059565607, 35.38565667218781 -3.307550891367254, 35.381357770146764 -3.309863441394931, 35.377058255264586 -3.31217485182291, 35.372758125660006 -3.314485118436715, 35.36845737949623 -3.3167942370868855, 35.36415601498712 -3.3191022036981095, 35.35985403034932 -3.321409014199119, 35.35555142379946 -3.3237146645186453, 35.3512481935539 -3.3260191505840813, 35.34694433782209 -3.3283224682920722, 35.34263985480666 -3.33062461350855, 35.33833474270995 -3.3329255820981056, 35.334028999734244 -3.3352253699253342, 35.32972262408235 -3.337523972854599, 35.325415613965546 -3.339821386746086, 35.321107967602515 -3.342117607456364, 35.316799683212146 -3.344412630841874, 35.31249075901335 -3.3467064527590638, 35.308181193225366 -3.3489990690634883, 35.3038709840722 -3.35129047559795, 35.29956012978133 -3.3535806681957445, 35.295248628580396 -3.35586964268994, 35.29093647869701 -3.3581573949136017, 35.28662367835936 -3.3604439206988093, 35.28231022580211 -3.3627292158663997, 35.277996119264046 -3.3650132762300733, 35.27368135698403 -3.367296097603419, 35.269365937200924 -3.3695776758000275, 35.2650498581543 -3.3718580066321002, 35.26073311809044 -3.3741370858992883, 35.25641571525919 -3.376414909394547, 35.25209764791036 -3.378691472910761, 35.24777891429383 -3.380966772240824, 35.24345951266047 -3.383240803175837, 35.239139441268414 -3.3855135614939207, 35.234818698378994 -3.3877850429674554, 35.230497282253616 -3.3900552433687947, 35.226175191153615 -3.392324158470297, 35.2218524233417 -3.39459178404199, 35.21752897708829 -3.3968581158403794, 35.21320485066658 -3.3991231496171004, 35.20888004234974 -3.4013868811237815, 35.204554550411004 -3.4036493061120496, 35.2002283731253 -3.4059104203305433, 35.19590150877569 -3.4081702195140746, 35.191573955647584 -3.410428699393456, 35.18724571202639 -3.412685855699503, 35.182916776197494 -3.414941684163029, 35.17858714644861 -3.417196180511036, 35.1742568210758 -3.4194493404565995, 35.169925798377044 -3.421701159709616, 35.16559407665033 -3.4239516339799776, 35.16126165419365 -3.426200758977578, 35.15692852930793 -3.428448530407507, 35.15259470030263 -3.43069494396112, 35.14826016548868 -3.4329399953273216, 35.143924923177025 -3.435183680195014, 35.139588971678656 -3.4374259942530783, 35.135252309308264 -3.439666933184443, 35.13091493438898 -3.441906492658704, 35.12657684524509 -3.4441446683436427, 35.12223804020086 -3.446381455907038, 35.11789851758064 -3.4486168510165864, 35.11355827571341 -3.450850849332803, 35.10921731293638 -3.4530834465036246, 35.10487562758758 -3.4553146381757056, 35.10053321800506 -3.457544419995705, 35.096190082526974 -3.459772787610089, 35.09184621949716 -3.4619997366568094, 35.087501627267265 -3.4642252627621883, 35.083156304189494 -3.466449361551705, 35.078810248616 -3.4686720286508383, 35.07446345889929 -3.4708932596846886, 35.07011593339856 -3.473113050268473, 35.06576767048021 -3.4753313960069314, 35.061418668511024 -3.477548292504302, 35.05706892585773 -3.4797637353648168, 35.05271844088755 -3.481977720192029, 35.04836721197563 -3.484190242578305, 35.044015237503494 -3.4864012981068724, 35.03966251585289 -3.4886108823607036, 35.03530904540554 -3.490818990922762, 35.03095482454401 -3.493025619374888, 35.02659985165979 -3.4952307632865436, 35.022244125149946 -3.4974344182195174, 35.01788764341162 -3.499636579735484, 35.01353040484195 -3.5018372433961162, 35.00917240783937 -3.5040364047613446, 35.004813650812274 -3.5062340593777406, 35.00045413217359 -3.508430202785714, 34.996093850336315 -3.5106248305256442, 34.99173280371344 -3.5128179381379083, 34.987370990719896 -3.515009521160287, 34.9830084097814 -3.517199575116566, 34.97864505932717 -3.519388095525833, 34.97428093778648 -3.5215750779071744, 34.9699160435886 -3.5237605177796754, 34.965550375165705 -3.5259444106587, 34.96118393096114 -3.528126752045436, 34.956816709420885 -3.5303075374376927, 34.95244870899095 -3.532486762333285, 34.948079928117316 -3.5346644222300165, 34.94371036525014 -3.5368405126205427, 34.93934001885076 -3.539015028983722, 34.934968887382325 -3.541187966796127, 34.93059696930803 -3.5433593215343264, 34.92622426309107 -3.5455290886748303, 34.92185076720037 -3.5476972636873545, 34.9174764801155 -3.5498638420287145, 34.91310140031729 -3.5520288191542817, 34.908725526286574 -3.554192190519429, 34.90434885650431 -3.5563539515793283, 34.89997138945884 -3.5585140977805985, 34.8955931236484 -3.5606726245583022, 34.8912140575719 -3.562829527346674, 34.88683418972829 -3.5649848015799512, 34.8824535186169 -3.5671384426918924, 34.8780720427462 -3.569290446105957, 34.87368976063332 -3.571440807235702, 34.86930667079579 -3.573589521494285, 34.864922771751125 -3.5757365842948654, 34.8605380620177 -3.5778819910496424, 34.85615254012468 -3.5800257371589423, 34.85176620460852 -3.5821678180150713, 34.84737905400577 -3.5843082290101806, 34.84299108685301 -3.586446965536423, 34.838602301688425 -3.5885840229842603, 34.834212697062426 -3.5907193967311053, 34.82982227153115 -3.592853082148313, 34.82543102365075 -3.5949850746072056, 34.82103895197738 -3.597115369479103, 34.81664605506989 -3.599243962132552, 34.812252331500375 -3.601370847922352, 34.80785777984505 -3.6034960221990535, 34.803462398680146 -3.605619480313205, 34.799066186581854 -3.6077412176153536, 34.79466914213064 -3.609861229451788, 34.79027126392055 -3.6119795111551567, 34.78587255054838 -3.614096058055383, 34.78147300061089 -3.6162108654823877, 34.777072612704885 -3.6183239287660562, 34.772671385433455 -3.6204352432301667, 34.768269317412816 -3.6225448041857558, 34.7638664072608 -3.624652606942262, 34.75946265359525 -3.6267586468091237, 34.75505805503421 -3.628862919095597, 34.75065261020432 -3.6309654191028256, 34.746246317744145 -3.6330661421207457, 34.74183917629313 -3.6351650834384768, 34.73743118449066 -3.6372622383451376, 34.73302234097675 -3.639357602129337, 34.72861264440244 -3.6414511700696113, 34.724202093428886 -3.643542937435276, 34.71979068671762 -3.645632899495314, 34.71537842293017 -3.647721051518701, 34.710965300729356 -3.6498073887733025, 34.706551318791256 -3.6518919065152593, 34.702136475799925 -3.653974599993696, 34.69772077043955 -3.6560554644576477, 34.69330420139428 -3.658134495156144, 34.68888676735073 -3.660211687336131, 34.68446846701053 -3.6622870362317617, 34.68004929908101 -3.6643605370723447, 34.67562926226951 -3.66643218508718, 34.671208355283355 -3.668501975505569, 34.66678657683415 -3.670569903553278, 34.66236392564932 -3.6726359644430913, 34.6579404004599 -3.6747001533848023, 34.6535159999969 -3.6767624655882036, 34.64909072299144 -3.6788228962630667, 34.64466456818138 -3.680881440613712, 34.640237534319986 -3.6829380938323215, 34.63580962016251 -3.68499285110943, 34.63138082446427 -3.6870457076355767, 34.62695114598074 -3.6890966586011276, 34.622520583477325 -3.6911456991888745, 34.618089135733115 -3.6931928245711276, 34.61365680152817 -3.6952380299194294, 34.60922357964261 -3.6972813104053213, 34.6047894688572 -3.6993226611998065, 34.6003544679658 -3.701362077464289, 34.59591857577346 -3.703399554351867, 34.5914817910856 -3.7054350870153705, 34.58704411270766 -3.7074686706076294, 34.582605539446845 -3.7095003002802303, 34.57816607012606 -3.7115299711735665, 34.57372570357657 -3.7135576784221076, 34.56928443862972 -3.7155834171602677, 34.564842274116884 -3.7176071825224613, 34.5603992088729 -3.7196289696406932, 34.55595524175012 -3.721648773634978, 34.55151037160637 -3.7236665896216046, 34.54706459729946 -3.7256824127168615, 34.542617917687174 -3.7276962380370304, 34.53817033163362 -3.729708060694283, 34.53372183802059 -3.73171787578921, 34.52927243573292 -3.7337256784203814, 34.52482212365552 -3.7357314636863683, 34.52037090067333 -3.7377352266856487, 34.51591876568127 -3.739736962510483, 34.51146571759031 -3.741736666242969, 34.50701175531293 -3.7437343329642676, 34.5025568777616 -3.7457299577555365, 34.49810108384942 -3.7477235356975527, 34.493644372503255 -3.7497150618628057, 34.48918674266319 -3.751704531315752, 34.48472819326991 -3.753691939120527, 34.480268723264075 -3.755677280341265, 34.475808331588105 -3.7576605500410816, 34.4713470172016 -3.7596417432731664, 34.466884779073865 -3.7616208550850803, 34.46242161617435 -3.7635978805243235, 34.457957527472495 -3.765572814638394, 34.45349251194153 -3.767545652472675, 34.44902656857413 -3.769516389061832, 34.44455969636908 -3.771485019437144, 34.44009189432516 -3.7734515386298892, 34.43562316144115 -3.7754159416713433, 34.43115349672305 -3.777378223588987, 34.4266828991963 -3.7793383794000333, 34.42221136788963 -3.781296404119975, 34.41773890183174 -3.783252292764303, 34.41326550005156 -3.7852060403484042, 34.408791161589576 -3.78715764188186, 34.40431588550361 -3.7891070923655437, 34.39983967085288 -3.791054386799617, 34.39536251669666 -3.792999520184237, 34.39088442209509 -3.7949424875191236, 34.38640538612444 -3.7968832837962982, 34.38192540787465 -3.798821904001269, 34.37744448643605 -3.8007583431193352, 34.372962620898996 -3.8026925961357976, 34.36847981035639 -3.804624658034796, 34.36399605392095 -3.8065545237914944, 34.359511350714705 -3.808482188376851, 34.35502569985969 -3.8104076467618015, 34.35053910047796 -3.8123308939172817, 34.346051551697116 -3.814251924811852, 34.341563052666274 -3.816170734404838, 34.33707360253979 -3.8180873176533243, 34.33258320047201 -3.8200016695143986, 34.328091845617344 -3.8219137849451146, 34.323599537140346 -3.823823658898436, 34.31910627422584 -3.8257312863191117, 34.31461205606104 -3.8276366621509137, 34.31011688183321 -3.8295397813376155, 34.30562075073015 -3.8314406388227633, 34.30112366195514 -3.8333392295440336, 34.29662561472804 -3.835235548432754, 34.29212660826961 -3.83712959041994, 34.28762664180054 -3.8390213504366075, 34.28312571454358 -3.840910823413055, 34.27862382574166 -3.8427980042723533, 34.27412097464947 -3.84468288793339, 34.26961716052177 -3.846565469315, 34.2651123826134 -3.8484457433360224, 34.26060664018404 -3.8503237049136545, 34.25609993251641 -3.8521993489574076, 34.25159225889999 -3.854072670374539, 34.24708361862428 -3.8559436640723086, 34.24257401097876 -3.857812324957957, 34.2380634352627 -3.859678647935705, 34.23355189079771 -3.8615426279028187, 34.229039376908545 -3.863404259755596, 34.22452589291995 -3.865263538390337, 34.22001143815714 -3.8671204587031927, 34.21549601196112 -3.8689750155857947, 34.2109796136914 -3.8708272039244327, 34.20646224270862 -3.8726770186050916, 34.20194389837336 -3.8745244545137547, 34.19742458004818 -3.876369506535884, 34.19290428711697 -3.8782121695512966, 34.1883830189766 -3.8800524384363633, 34.18386077502411 -3.8818903080674088, 34.179337554656556 -3.883725773320753, 34.17481335727614 -3.8855588290714747, 34.17028818230963 -3.8873894701886997, 34.16576202919112 -3.8892176915397823, 34.16123489735471 -3.891043487992079, 34.15670678623454 -3.892866854412931, 34.152177695275356 -3.89468778566736, 34.147647623945666 -3.8965062766151797, 34.143116571717215 -3.8983223221155, 34.1385845380617 -3.9001359170274283, 34.134051522451486 -3.9019470562099507, 34.129517524376254 -3.9037557345186378, 34.12498254334494 -3.9055619468052614, 34.12044657886749 -3.907365687921399, 34.11590963045385 -3.9091669527186252, 34.11137169761642 -3.9109657360480847, 34.10683277989091 -3.912762032756853, 34.10229287682592 -3.9145558376897482, 34.0977519879702 -3.916347145691569, 34.09321011287249 -3.918135951607113, 34.088667251087934 -3.9199222502802002, 34.0841234021979 -3.9217060365506464, 34.07957856579054 -3.923487305257243, 34.07503274145393 -3.9252660512387827, 34.070485928776314 -3.92704226933404, 34.06593812735888 -3.928815954380105, 34.061389336827006 -3.930587101210903, 34.05683955680876 -3.9323557046600164, 34.0522887869322 -3.9341217595610254, 34.047737026826425 -3.935885260747397, 34.043184276140906 -3.93764620305039, 34.03863053454357 -3.9394045812992626, 34.034075801702976 -3.9411603903232044, 34.02952007728768 -3.9429136249514003, 34.024963360970006 -3.944664280012716, 34.020405652448346 -3.9464123503337563, 34.01584695143232 -3.948157830740153, 34.01128725763157 -3.9499007160575412, 34.00672657075576 -3.9516410011115486, 34.00216489052368 -3.9533786807272144, 33.99760221668152 -3.9551137497278077, 33.993038548980564 -3.9568462029362648, 33.988473887172084 -3.9585760351755215, 33.98390823100776 -3.960303241268498, 33.97934158025627 -3.9620278160373847, 33.974773934709404 -3.9637497543033766, 33.97020529416065 -3.965469050887595, 33.96563565840344 -3.9671857006111653, 33.96106502723341 -3.9688996982951625, 33.95649340047077 -3.970611038760143, 33.95192077795144 -3.972319716826326, 33.94734715951163 -3.974025727313926, 33.94277254498753 -3.975729065043158, 33.93819693422172 -3.9774297248342383, 33.9336203270856 -3.979127701507393, 33.9290427234586 -3.9808229898828524, 33.92446412322019 -3.982515584780846, 33.91988452624994 -3.9842054810216063, 33.91530393244138 -3.9858926734256723, 33.91072234171476 -3.987577156814167, 33.9061397539933 -3.9892589260082865, 33.90155616920028 -3.990937975829221, 33.89697158726016 -3.992614301098215, 33.89238600812012 -3.9942878966375037, 33.887799431747034 -3.9959587572701794, 33.88321185810846 -3.9976268778193615, 33.878623287171955 -3.9992922531081714, 33.874033718909715 -4.000954877960035, 33.869443153322926 -4.00261474720026, 33.86485159042393 -4.004271855654885, 33.86025903022509 -4.005926198149948, 33.85566547273881 -4.007577769511491, 33.851070917989084 -4.009226564566561, 33.84647536602907 -4.010872578144729, 33.84187881691644 -4.012515805075963, 33.8372812707089 -4.014156240190229, 33.83268272746488 -4.015793878317573, 33.828083187263736 -4.017428714290308, 33.82348265020778 -4.0190607429432275, 33.81888111640051 -4.020689959111255, 33.81427858594538 -4.022316357629309, 33.809675058949495 -4.023939933332778, 33.80507053554862 -4.025560681060778, 33.800465015892485 -4.027178595654228, 33.79585850013081 -4.028793671954054, 33.791250988413395 -4.030405904801187, 33.78664248089997 -4.032015289038066, 33.782032977781114 -4.033621819511795, 33.77742247925334 -4.035225491070379, 33.77281098551315 -4.03682629856182, 33.76819849675757 -4.038424236834212, 33.76358501320328 -4.040019300739046, 33.758970535092296 -4.041611485132201, 33.75435506266833 -4.043200784869845, 33.74973859617509 -4.044787194808148, 33.74512113585926 -4.046370709803858, 33.740502681996084 -4.047951324719285, 33.73588323487674 -4.049529034419837, 33.731262794792556 -4.051103833770959, 33.7266413620349 -4.052675717638092, 33.72201893690415 -4.054244680888641, 33.71739551973271 -4.0558107183969305, 33.712771110859975 -4.057373825038802, 33.70814571062536 -4.058933995690101, 33.70351931936866 -4.060491225226765, 33.69889193744869 -4.062045508529265, 33.694263565251305 -4.0635968404845055, 33.68963420316438 -4.065145215979878, 33.685003851575786 -4.066690629902773, 33.680372510876126 -4.06823307714129, 33.67574018148469 -4.069772552590993, 33.67110686383799 -4.071309051151921, 33.66647255837278 -4.072842567724177, 33.661837265525804 -4.074373097207863, 33.65720098574262 -4.075900634505565, 33.65256371950157 -4.077425174529122, 33.647925467288644 -4.078946712192527, 33.64328622958986 -4.080465242409782, 33.63864600689158 -4.081980760094991, 33.6340047996993 -4.083493260168083, 33.62936260854642 -4.085002737557471, 33.62471943396855 -4.086509187192248, 33.62007527650132 -4.088012604001498, 33.61543013668309 -4.08951298291521, 33.61078401508147 -4.091010318872919, 33.60613691228181 -4.0925046068199435, 33.60148882886968 -4.093995841701679, 33.596839765430644 -4.095484018463525, 33.59218972255942 -4.096969132054054, 33.58753870088418 -4.098451177433526, 33.58288670104079 -4.099930149564877, 33.57823372366512 -4.101406043411044, 33.57357976939348 -4.102878853935123, 33.56892483888208 -4.104348576107606, 33.564268932815274 -4.105815204909429, 33.55961205187953 -4.107278735322319, 33.554954196761344 -4.108739162328001, 33.55029536815025 -4.110196480909409, 33.54563556676603 -4.111650686061396, 33.540974793345896 -4.113101772785665, 33.536313048627214 -4.114549736083991, 33.53165033334735 -4.115994570958153, 33.52698664825374 -4.117436272414114, 33.52232199412775 -4.118874835471988, 33.517656371757944 -4.120310255154887, 33.51298978193285 -4.1217425264859155, 33.50832222544161 -4.123171644488429, 33.50365370309478 -4.124597604195214, 33.4989842157305 -4.1260204006512, 33.49431376418877 -4.127440028902112, 33.48964234930955 -4.128856483993682, 33.484969971936515 -4.130269760973343, 33.48029663294499 -4.1316798549031954, 33.475622333226525 -4.1330867608528346, 33.47094707367275 -4.134490473891912, 33.466270855175296 -4.135890989090085, 33.461593678637456 -4.137288301522672, 33.456915544996576 -4.13868240628155, 33.45223645519615 -4.140073298461618, 33.44755641017972 -4.141460973157774, 33.44287541089164 -4.142845425465341, 33.43819345829987 -4.1442266504916905, 33.43351055339864 -4.145604643357592, 33.428826697183524 -4.146979399184512, 33.42414189065012 -4.148350913093923, 33.41945613479876 -4.149719180209817, 33.414769430662936 -4.151084195673933, 33.410081779290444 -4.152445954635625, 33.405393181729124 -4.153804452244278, 33.400703639026815 -4.155159683649297, 33.39601315224538 -4.156511644007884, 33.391321722480086 -4.157860328495938, 33.386629350831164 -4.15920573229211, 33.38193603839883 -4.160547850575042, 33.377241786284614 -4.161886678524164, 33.37254659561636 -4.163222211334233, 33.367850467545914 -4.164554444214005, 33.363153403226 -4.1658833723727575, 33.35845540380932 -4.1672089910197645, 33.353756470454975 -4.1685312953681475, 33.34905660435653 -4.169850280652046, 33.344355806719314 -4.171165942112723, 33.33965407874868 -4.172478274991447, 33.33495142165009 -4.173787274529589, 33.330247836646066 -4.175092935979294, 33.325543324991095 -4.176395254612969, 33.32083788794319 -4.1776942257052605, 33.316131526760365 -4.178989844530809, 33.31142424270283 -4.1802821063656985, 33.306716037059985 -4.181571006505274, 33.30200691114216 -4.1828565402586415, 33.297296866260076 -4.184138702935204, 33.29258590372452 -4.185417489844371, 33.287874024854936 -4.186692896301507, 33.28316123100596 -4.187964917646083, 33.278447523541125 -4.18923354922366, 33.27373290382393 -4.190498786379795, 33.269017373218325 -4.191760624460355, 33.264300933109 -4.193019058825952, 33.25958358490999 -4.194274084858104, 33.25486533003756 -4.1955256979399165, 33.25014616990803 -4.196773893454506, 33.245426105941185 -4.198018666787593, 33.24070513958889 -4.199260013348558, 33.235983272320006 -4.200497928559346, 33.23126050560356 -4.201732407842027, 33.22653684090858 -4.20296344661867, 33.22181227971612 -4.204191040320563, 33.217086823541756 -4.20541518440542, 33.21236047390717 -4.206635874335669, 33.207633232334096 -4.207853105573737, 33.20290510034525 -4.209066873582857, 33.198176079488135 -4.210277173845934, 33.19344617133589 -4.211484001866228, 33.18871537746283 -4.212687353147939, 33.18398369944326 -4.213887223195266, 33.179251138857154 -4.215083607517046, 33.17451769731855 -4.216276501650157, 33.16978337645424 -4.2174659011419635, 33.16504817789108 -4.218651801539853, 33.160312103256 -4.21983419839131, 33.15557515419215 -4.221013087257641, 33.15083733237494 -4.222188463727591, 33.14609863948356 -4.2233603233931385, 33.14135907719721 -4.224528661846271, 33.13661864719714 -4.225693474680808, 33.1318773511934 -4.226854757515904, 33.12713519091693 -4.228012505989137, 33.12239216809911 -4.229166715738502, 33.11764828447134 -4.230317382401993, 33.112903541773775 -4.231464501625567, 33.108157941781215 -4.232608069086797, 33.103411486277096 -4.233748080471104, 33.09866417704484 -4.23488453146391, 33.09391601586835 -4.236017417751099, 33.08916700455251 -4.237146735038309, 33.08441714493055 -4.238272479057908, 33.07966643883767 -4.239394645544148, 33.07491488810912 -4.240513230231289, 33.070162494584004 -4.241628228857388, 33.065409260133386 -4.242739637191607, 33.06065518664393 -4.24384745101835, 33.05590027600243 -4.244951666122119, 33.05114453009572 -4.24605227828745, 33.04638795082355 -4.2471492833119475, 33.041630540118824 -4.2482426770265365, 33.03687229991961 -4.249332455267374, 33.03211323216396 -4.2504186138706155, 33.02735333879129 -4.251501148673802, 33.02259262176663 -4.2525800555411575, 33.01783108307821 -4.253655330361023, 33.013068724715055 -4.254726969022607, 33.00830554866623 -4.255794967415117, 33.00354155692746 -4.256859321434962, 32.99877675152801 -4.257920027014556, 32.99401113450755 -4.258977080097553, 32.98924470790579 -4.260030476627607, 32.984477473762674 -4.261080212548661, 32.979709434136126 -4.262126283824607, 32.974940591113395 -4.263168686451928, 32.97017094678448 -4.264207416430112, 32.96540050323935 -4.265242469758651, 32.96062926257087 -4.266273842440346, 32.9558572269014 -4.267301530511825, 32.95108439837058 -4.2683255300295455, 32.946310779118306 -4.269345837050214, 32.94153637128444 -4.270362447630545, 32.93676117701958 -4.271375357839946, 32.93198519850687 -4.272384563786409, 32.9272084379357 -4.27339006158523, 32.92243089749538 -4.274391847351702, 32.91765257937617 -4.275389917202243, 32.9128734857913 -4.276384267281355, 32.90809361897799 -4.277374893762897, 32.903312981174615 -4.278361792822114, 32.898531574619525 -4.279344960634248, 32.893749401556484 -4.280324393381367, 32.88896646426088 -4.2813000872855, 32.88418276501961 -4.28227203858317, 32.879398306119576 -4.283240243510917, 32.8746130898478 -4.284204698305485, 32.869827118507004 -4.285165399224018, 32.865040394428945 -4.286122342561579, 32.860252919948536 -4.287075524617341, 32.85546469740072 -4.28802494169049, 32.850675729122685 -4.288970590083254, 32.84588601747869 -4.289912466134341, 32.84109556485084 -4.2908505662064735, 32.83630437362154 -4.291784886662798, 32.831512446173214 -4.292715423866465, 32.82671978489736 -4.293642174193287, 32.82192639221666 -4.294565134062418, 32.81713227056044 -4.295484299902263, 32.81233742235805 -4.296399668141239, 32.80754185003949 -4.297311235208739, 32.80274555605537 -4.298218997563768, 32.797948542880015 -4.2991229516994265, 32.79315081298911 -4.300023094110709, 32.78835236885827 -4.300919421292602, 32.78355321296769 -4.301811929746804, 32.77875334782689 -4.302700616018648, 32.7739527759572 -4.303585476670934, 32.76915149987995 -4.304466508266506, 32.76434952211659 -4.305343707368357, 32.759546845202294 -4.306217070560568, 32.75474347170007 -4.30708659446993, 32.749939404176274 -4.307952275728408, 32.74513464519731 -4.308814110967957, 32.74032919733139 -4.309672096823464, 32.735523063171335 -4.310526229968854, 32.730716245327486 -4.3113765071058525, 32.72590874641057 -4.312222924936777, 32.7211005690313 -4.313065480163948, 32.71629171580823 -4.313904169502524, 32.71148218938897 -4.3147389897153365, 32.706671992427864 -4.315569937576295, 32.70186112757927 -4.316397009859303, 32.69704959749808 -4.317220203339164, 32.69223740485753 -4.318039514821826, 32.68742455235344 -4.318854941151614, 32.682611042683085 -4.31966647917523, 32.67779687854369 -4.3204741257393655, 32.67298206263631 -4.321277877697405, 32.66816659768875 -4.322077731949757, 32.66335048644036 -4.322873685417014, 32.65853373163046 -4.323665735019848, 32.6537163359985 -4.324453877679047, 32.648898302295876 -4.325238110337163, 32.64407963329987 -4.326018429983849, 32.639260331791164 -4.3267948336149145, 32.63444040055043 -4.327567318226164, 32.62961984235986 -4.328335880816239, 32.62479866002359 -4.32910051842514, 32.61997685636237 -4.329861228124169, 32.61515443419738 -4.330618006985407, 32.610331396349764 -4.331370852080935, 32.60550774564737 -4.332119760495802, 32.6006834849444 -4.332864729366643, 32.59585861710167 -4.333605755842928, 32.59103314497998 -4.3343428370741215, 32.58620707144054 -4.33507597021051, 32.581380399360555 -4.335805152434768, 32.57655313163819 -4.336530380971973, 32.57172527117298 -4.337251653050067, 32.5668968208645 -4.337968965896991, 32.56206778361545 -4.338682316747277, 32.55723816235228 -4.339391702885401, 32.55240796001235 -4.340097121618723, 32.547577179533064 -4.34079857025472, 32.5427458238519 -4.3414960461009615, 32.5379138959164 -4.3421895464871145, 32.533081398697604 -4.342879068794014, 32.528248335169835 -4.343564610409709, 32.52341470830743 -4.3442461687222504, 32.51858052108587 -4.34492374112236, 32.5137457764997 -4.345597325043843, 32.50891047755871 -4.34626691795533, 32.50407462727322 -4.346932517326449, 32.4992382286535 -4.347594120626824, 32.494401284715266 -4.348251725338857, 32.48956379849751 -4.348905328999936, 32.484725773045476 -4.349554929162239, 32.479887211404446 -4.350200523377948, 32.47504811661996 -4.350842109199943, 32.470208491750974 -4.351479684214026, 32.46536833987527 -4.352113246052382, 32.46052766407211 -4.352742792350696, 32.45568646742072 -4.3533683207446465, 32.45084475300277 -4.353989828876148, 32.44600252392023 -4.354607314439187, 32.441159783285215 -4.35522077515368, 32.436316534209894 -4.355830208739717, 32.43147277980647 -4.356435612917452, 32.426628523195234 -4.3570369854287225, 32.42178376751704 -4.357634324070347, 32.416938515915966 -4.358227626647719, 32.41209277153605 -4.358816890966236, 32.40724653752221 -4.359402114833646, 32.40239981703501 -4.3599832961014435, 32.39755261324881 -4.360560432659842, 32.39270492933851 -4.361133522400388, 32.38785676847899 -4.361702563214634, 32.383008133849195 -4.362267553006092, 32.37815902864781 -4.362828489735932, 32.37330945607941 -4.363385371382672, 32.36845941934861 -4.363938195924827, 32.363608921660145 -4.3644869613414325, 32.35875796622929 -4.36503166564375, 32.3539065562878 -4.365572306893621, 32.34905469506886 -4.366108883157317, 32.34420238580566 -4.366641392501105, 32.33934963173311 -4.367169832996723, 32.33449643610251 -4.367694202768871, 32.32964280217443 -4.368214499971991, 32.324788733209516 -4.368730722760852, 32.31993423246841 -4.369242869290245, 32.31507930321774 -4.369750937735062, 32.31022394874133 -4.370254926328698, 32.30536817232614 -4.370754833315138, 32.30051197725914 -4.371250656938363, 32.29565536682779 -4.3717423954441745, 32.29079834433153 -4.37223004712116, 32.28594091308192 -4.372713610301264, 32.28108307639106 -4.37319308331836, 32.27622483757103 -4.373668464506318, 32.271366199936686 -4.374139752209364, 32.2665071668185 -4.374606944830877, 32.26164774155249 -4.375070040795233, 32.2567879274747 -4.37552903852683, 32.25192772792124 -4.375983936450364, 32.247067146235636 -4.376434733020299, 32.24220618577518 -4.3768814267462, 32.23734484989865 -4.377324016143598, 32.2324831419648 -4.377762499728026, 32.227621065333416 -4.378196876019258, 32.22275862337642 -4.378627143589036, 32.217895819473995 -4.379053301043945, 32.21303265700636 -4.379475346991205, 32.20816913935383 -4.37989328003804, 32.20330526990042 -4.380307098808755, 32.19844105204366 -4.380716801989015, 32.1935764891841 -4.381122388278258, 32.18871158472228 -4.381523856375923, 32.183846342058985 -4.3819212049825795, 32.17898076460309 -4.382314432838342, 32.17411485577356 -4.382703538732308, 32.16924861898995 -4.383088521456615, 32.16438205767181 -4.383469379803403, 32.15951517524024 -4.3838461125727335, 32.15464797512746 -4.384218718623385, 32.149780460770806 -4.384587196840516, 32.14491263560756 -4.3849515461094075, 32.14004450307507 -4.385311765315431, 32.13517606661508 -4.385667853369143, 32.130307329679866 -4.386019809240742, 32.125438295723214 -4.386367631909055, 32.12056896819891 -4.386711320352911, 32.115699350561165 -4.387050873553846, 32.11082944627203 -4.387386290541665, 32.10595925880024 -4.387717570387746, 32.10108879161475 -4.388044712164829, 32.09621804818455 -4.388367714945655, 32.091347031980476 -4.388686577815756, 32.08647574648258 -4.389001299923085, 32.0816041951737 -4.3893118804345965, 32.076732381536715 -4.389618318517255, 32.0718603090545 -4.389920613338487, 32.06698798121444 -4.390218764099217, 32.06211540151127 -4.390512770055757, 32.05724257344042 -4.390802630469604, 32.05236950049732 -4.39108834460226, 32.04749618617797 -4.391369911720249, 32.042622633984976 -4.391647331145166, 32.03774884742493 -4.391920602232616, 32.03287483000451 -4.3921897243387, 32.0280005852304 -4.392454696819528, 32.02312611661121 -4.392715519049804, 32.01825142766216 -4.392972190467322, 32.01337652189987 -4.39322471052323, 32.00850140284096 -4.393473078668676, 32.00362607400217 -4.393717294356039, 31.998750538903924 -4.393957357078725, 31.993874801071165 -4.394193266379986, 31.988998864029135 -4.394425021806072, 31.984122731303042 -4.394652622903235, 31.979246406418724 -4.394876069225682, 31.974369892906573 -4.395095360387476, 31.96949319429907 -4.395310496029926, 31.964616314128712 -4.395521475794486, 31.95973925592799 -4.395728299322668, 31.954862023230934 -4.395930966280597, 31.949984619575392 -4.396129476395626, 31.945107048499786 -4.396323829404474, 31.940229313542535 -4.396514025043854, 31.93535141824218 -4.396700063052805, 31.93047336613952 -4.396881943217583, 31.925595160777497 -4.3970596653685075, 31.920716805699136 -4.397233229337587, 31.915838304447437 -4.397402634956824, 31.910959660565787 -4.397567882069408, 31.90608087759974 -4.397728970580958, 31.90120195909553 -4.397885900418719, 31.89632290859944 -4.39803867150997, 31.89144372965773 -4.3981872837822324, 31.886564425817266 -4.3983317371931046, 31.88168500062609 -4.398472031758403, 31.87680545763237 -4.398608167500602, 31.871925800384254 -4.398740144442179, 31.867046032429954 -4.398867962609218, 31.862166157317958 -4.398991622079588, 31.857286178596986 -4.399111122969924, 31.852406099815774 -4.3992264653978, 31.847525924523044 -4.3993376494807865, 31.84264565626742 -4.399444675350809, 31.837765298596977 -4.399547543202989, 31.832884855059675 -4.399646253249843, 31.828004329203456 -4.399740805703889, 31.82312372457627 -4.399831200778178, 31.81824304472527 -4.399917438720213, 31.813362293196402 -4.3999995198323685, 31.808481473535497 -4.400077444421912, 31.803600589288397 -4.400151212796112, 31.798719644000737 -4.400220825267111, 31.79383864121619 -4.400286282201765, 31.788957584477146 -4.400347584001324, 31.784076477325986 -4.4004047310675665, 31.779195323305064 -4.400457723802274, 31.774314125955925 -4.400506562624263, 31.76943288881688 -4.400551248015098, 31.76455161542552 -4.400591780470791, 31.759670309319453 -4.400628160487359, 31.754788974036202 -4.400660388561649, 31.74990761311089 -4.400688465227973, 31.745026230075226 -4.400712391072459, 31.740144828460718 -4.40073216668503, 31.735263411798844 -4.4007477926556104, 31.73038198362061 -4.400759269580013, 31.7255005474526 -4.4007665981102235, 31.720619106818887 -4.400769778929376, 31.715737665243537 -4.4007688127209414, 31.71085622625059 -4.400763700168392, 31.70597479336236 -4.400754441974045, 31.701093370095343 -4.400741038901901, 31.696211959964867 -4.400723491728571, 31.69133056648627 -4.400701801230661, 31.68644919317474 -4.400675968185835, 31.68156784354129 -4.400645993410744, 31.676686521091554 -4.40061187777149, 31.671805229330804 -4.400573622137371, 31.666923971764337 -4.400531227377682, 31.662042751896664 -4.400484694368163, 31.65716157322534 -4.400434024040921, 31.652280439244368 -4.400379217357209, 31.647399353447714 -4.400320275278518, 31.64251831932933 -4.400257198766354, 31.6376373403805 -4.400189988801732, 31.632756420084203 -4.400118646426132, 31.62787556192178 -4.4000431726927145, 31.622994769374603 -4.399963568654641, 31.618114045923843 -4.3998798353662005, 31.613233395044777 -4.399791973920669, 31.608352820205308 -4.3996999854593435, 31.603472324872953 -4.399603871126484, 31.598591912515186 -4.399503632066344, 31.593711586598403 -4.399399269429606, 31.58883135057977 -4.399290784422411, 31.583951207911674 -4.399178178279272, 31.579071162046475 -4.399061452234928, 31.574191216436528 -4.398940607524131, 31.56931137453076 -4.398815645400562, 31.56443163976725 -4.398686567177207, 31.559552015582007 -4.39855337417864, 31.554672505411016 -4.39841606772943, 31.549793112690075 -4.398274649155169, 31.544913840847574 -4.3981291198189405, 31.54003469330253 -4.397979481131401, 31.535155673473323 -4.397825734506274, 31.530276784778373 -4.397667881357286, 31.52539803063484 -4.39750592310397, 31.520519414448515 -4.3973398612193355, 31.51564093961906 -4.3971696972052134, 31.510762609546074 -4.396995432563711, 31.50588442762916 -4.39681706879694, 31.501006397264003 -4.396634607424138, 31.496128521833036 -4.396448050022659, 31.49125080471586 -4.396257398182168, 31.4863732492921 -4.396062653492335, 31.48149585894118 -4.3958638175435825, 31.476618637034097 -4.395660891960916, 31.47174158693017 -4.395453878417452, 31.466864711987828 -4.395242778589858, 31.461988015565524 -4.395027594154805, 31.45711150102047 -4.394808326793674, 31.4522351716968 -4.394584978238202, 31.44735903093074 -4.394357550250608, 31.442483082058416 -4.39412604459354, 31.437607328415943 -4.393890463029648, 31.432731773335476 -4.3936508073359315, 31.427856420133534 -4.393407079346163, 31.422981272122772 -4.39315928090814, 31.418106332615857 -4.39290741386966, 31.4132316049253 -4.3926514800789604, 31.40835709235484 -4.392391481414418, 31.40348279819388 -4.392127419803544, 31.398608725730494 -4.391859297178371, 31.393734878252754 -4.391587115470928, 31.388861259047715 -4.391310876616598, 31.383987871388268 -4.391030582596654, 31.37911471853706 -4.390746235425682, 31.37424180375648 -4.390457837119006, 31.369369130308957 -4.390165389691958, 31.36449670145331 -4.3898688951708085, 31.359624520430717 -4.389568355636297, 31.35475259047684 -4.389263773186071, 31.349880914827313 -4.388955149917783, 31.345009496717772 -4.3886424879292525, 31.3401383393754 -4.388325789342828, 31.335267446010203 -4.388005056331287, 31.330396819830028 -4.387680291073603, 31.32552646404274 -4.387351495748752, 31.32065638185549 -4.387018672537683, 31.315786576461097 -4.38668182366124, 31.31091705103912 -4.386340951377287, 31.306047808768575 -4.385996057945086, 31.301178852828507 -4.385647145623899, 31.296310186395164 -4.3852942166804, 31.291441812625717 -4.384937273431858, 31.28657373466942 -4.384576318216693, 31.28170595567547 -4.3842113533733915, 31.27683847879306 -4.383842381240465, 31.271971307164243 -4.3834694041745355, 31.267104443910945 -4.383092424583289, 31.26223789215155 -4.38271144488335, 31.25737165500446 -4.382326467491342, 31.2525057355877 -4.381937494824757, 31.247640137005966 -4.3815445293334445, 31.24277486234698 -4.381147573508381, 31.237909914697383 -4.380746629843205, 31.233045297143782 -4.380341700831555, 31.228181012770985 -4.379932788971319, 31.22331706464456 -4.379519896804994, 31.21845345581861 -4.379103026901733, 31.213590189347048 -4.378682181831045, 31.208727268283816 -4.3782573641624385, 31.20386469567759 -4.377828576477118, 31.19900247455466 -4.377395821406054, 31.194140607935353 -4.376959101593456, 31.189279098840004 -4.376518419683536, 31.184417950288847 -4.3760737783207215, 31.179557165291016 -4.375625180173094, 31.17469674683471 -4.375172627953411, 31.169836697905772 -4.374716124379392, 31.164977021490063 -4.374255672168759, 31.160117720572543 -4.373791274041103, 31.15525879812037 -4.373322932752344, 31.15040025708468 -4.372850651091307, 31.14554210041601 -4.372374431848001, 31.14068433106487 -4.371894277812435, 31.135826951978576 -4.371410191780973, 31.130969966081476 -4.3709221765950845, 31.126113376287996 -4.370430235115754, 31.121257185512512 -4.369934370204045, 31.116401396669414 -4.369434584721029, 31.111546012665254 -4.368930881542562, 31.106691036382188 -4.368423263590561, 31.10183647069766 -4.3679117337958795, 31.096982318489133 -4.36739629508938, 31.09212858263374 -4.366876950402417, 31.08727526599422 -4.366353702692582, 31.082422371412022 -4.365826554956142, 31.077569901726864 -4.365295510192473, 31.07271785977849 -4.36476057140095, 31.067866248405085 -4.364221741583577, 31.063015070423823 -4.363679023779205, 31.058164328636348 -4.363132421053798, 31.05331402584393 -4.362581936473952, 31.04846416484784 -4.362027573106259, 31.043614748444934 -4.361469334024768, 31.038765779406503 -4.360907222346554, 31.033917260494665 -4.3603412412040985, 31.029069194471557 -4.359771393729907, 31.024221584099262 -4.359197683056505, 31.0193744321302 -4.358620112332138, 31.014527741290905 -4.358038684746966, 31.00968151430366 -4.357453403498073, 31.004835753890738 -4.3568642717825306, 30.99999046277401 -4.356271292798054, 30.995145643658766 -4.355674469768256, 30.990301299228307 -4.355073805951088, 30.985457432164402 -4.354469304606875, 30.980614045148844 -4.3538609689959324, 30.975771140861593 -4.353248802381336, 30.970928721959474 -4.352632808060946, 30.966086791083463 -4.3520129893564645, 30.961245350874226 -4.351389349590061, 30.95640440397243 -4.350761892083901, 30.951563953013814 -4.350130620167319, 30.946724000606753 -4.349495537209314, 30.941884549350227 -4.348856646592531, 30.93704560184317 -4.348213951699633, 30.932207160684563 -4.347567455913309, 30.92736922846302 -4.346917162630652, 30.92253180773976 -4.346263075287184, 30.91769490107146 -4.345605197324751, 30.912858511014797 -4.344943532185202, 30.908022640126056 -4.344278083310909, 30.90318729094437 -4.343608854167379, 30.89835246598532 -4.342935848251878, 30.893518167762764 -4.342259069063983, 30.888684398790577 -4.341578520103264, 30.88385116158094 -4.340894204871504, 30.87901845862224 -4.3402061269013705, 30.874186292385478 -4.339514289748257, 30.869354665341163 -4.3388186969680795, 30.864523579959865 -4.338119352116759, 30.85969303870762 -4.337416258755876, 30.854863044022153 -4.3367094204825225, 30.85003359833024 -4.33599884090752, 30.845204704058634 -4.335284523641724, 30.840376363634093 -4.334566472295992, 30.835548579474015 -4.333844690492507, 30.83072135396657 -4.3331191818887715, 30.825894689494277 -4.332389950149171, 30.821068588439672 -4.3316569989380795, 30.816243053185026 -4.330920331920143, 30.811418086096737 -4.330179952778527, 30.80659368951511 -4.329435865226887, 30.80176986577798 -4.3286880729817065, 30.79694661722321 -4.3279365797594735, 30.79212394618749 -4.327181389277974, 30.78730185498494 -4.326422505280389, 30.782480345909118 -4.325659931533051, 30.777659421252825 -4.324893671803134, 30.772839083308867 -4.324123729857816, 30.768019334366773 -4.3233501094678255, 30.763200176688144 -4.322572814434172, 30.75838161252048 -4.321791848573175, 30.75356364411119 -4.321007215701278, 30.74874627370764 -4.3202189196349225, 30.743929503550188 -4.319426964197913, 30.73911333584871 -4.318631353245916, 30.73429777280486 -4.317832090643213, 30.729482816620287 -4.317029180254089, 30.724668469496596 -4.316222625942874, 30.719854733622693 -4.315412431586659, 30.715041611158323 -4.314598601091996, 30.71022910425907 -4.313781138369585, 30.70541721508053 -4.312960047330122, 30.700605945777824 -4.31213533188478, 30.695795298486914 -4.311306995963328, 30.690985275318745 -4.310475043519819, 30.686175878382613 -4.309639478509945, 30.681367109787793 -4.308800304889396, 30.676558971641818 -4.307957526615467, 30.67175146602706 -4.307111147669041, 30.6669445950067 -4.306261172048932, 30.662138360643436 -4.3054076037543965, 30.657332764999982 -4.304550446784698, 30.65252781013491 -4.3036897051428005, 30.64772349807719 -4.302825382858362, 30.642919830842786 -4.301957483972746, 30.63811681044762 -4.301086012527363, 30.6333144389076 -4.300210972563622, 30.62851271823062 -4.299332368129877, 30.623711650393275 -4.298450203301637, 30.618911237364486 -4.297564482161047, 30.614111481113184 -4.29667520879025, 30.60931238360822 -4.295782387271448, 30.604513946805035 -4.294886021698046, 30.59971617262937 -4.2939861161882, 30.594919063003 -4.293082674863378, 30.590122619847712 -4.292175701845052, 30.585326845084772 -4.2912652012550785, 30.580531740616 -4.290351177230942, 30.575737308317628 -4.289433633930636, 30.57094355006413 -4.288512575513549, 30.566150467729976 -4.287588006139065, 30.561358063188095 -4.286659929967789, 30.556566338286252 -4.285728351179681, 30.551775294852117 -4.2847932739702115, 30.546984934712743 -4.2838547025352876, 30.542195259695223 -4.282912641070818, 30.537406271623027 -4.281967093775382, 30.53261797229019 -4.281018064869327, 30.52783036347639 -4.280065558583621, 30.52304344696121 -4.2791095791493, 30.518257224524234 -4.278150130797402, 30.513471697938225 -4.277187217763805, 30.508686868944366 -4.276220844306808, 30.503902739274675 -4.275251014691196, 30.49911931066118 -4.274277733181752, 30.4943365848359 -4.273301004043279, 30.489554563519494 -4.272320831548287, 30.484773248401638 -4.271337219990373, 30.479992641166763 -4.270350173666699, 30.475212743499295 -4.2693596968744245, 30.470433557083453 -4.268365793910851, 30.465655083586775 -4.267368469084151, 30.460877324648756 -4.266367726720746, 30.45610028190622 -4.265363571148808, 30.451323956996 -4.264356006696515, 30.44654835155407 -4.263345037692562, 30.4417734671944 -4.262330668479369, 30.43699930550736 -4.2613129034140504, 30.432225868082174 -4.260291746854442, 30.427453156508058 -4.259267203158376, 30.42268117237215 -4.258239276684928, 30.41790991723492 -4.257207971809054, 30.413139392638417 -4.25617329291669, 30.408369600124253 -4.255135244393996, 30.403600541234105 -4.254093830627127, 30.39883221750552 -4.253049056004579, 30.394064630445996 -4.252000924931896, 30.389297781549768 -4.250949441822205, 30.38453167231095 -4.249894611088655, 30.379766304223686 -4.248836437144399, 30.375001678775064 -4.247774924406415, 30.370237797420604 -4.246710077308766, 30.365474661606996 -4.2456419002902885, 30.360712272780958 -4.244570397789816, 30.355950632389167 -4.243495574246192, 30.351189741867337 -4.242417434103926, 30.346429602620226 -4.241335981823452, 30.34167021604719 -4.240251221867992, 30.336911583547618 -4.239163158700763, 30.33215370652071 -4.238071796785066, 30.327396586350158 -4.236977140591787, 30.322640224391144 -4.235879194605753, 30.317884621995848 -4.234777963313283, 30.313129780516405 -4.233673451200693, 30.30837570130437 -4.2325656627545705, 30.303622385691227 -4.23145460247083, 30.298869834983577 -4.230340274856904, 30.294118050486485 -4.229222684420942, 30.28936703350504 -4.228101835671092, 30.284616785342912 -4.2269777331161205, 30.27986730727946 -4.225850381275439, 30.275118600573503 -4.224719784677492, 30.2703706664832 -4.223585947851006, 30.26562350626669 -4.222448875324702, 30.26087712117942 -4.221308571628437, 30.25613151244913 -4.220165041303515, 30.251386681287443 -4.21901828889792, 30.24664262890577 -4.2178683189597175, 30.241899356515532 -4.216715136036971, 30.23715686532353 -4.215558744679551, 30.232415156506587 -4.2143991494489805, 30.227674231229617 -4.213236354911436, 30.222934090657496 -4.212070365633106, 30.2181947359551 -4.210901186180174, 30.213456168280153 -4.209728821121443, 30.208718388759518 -4.208553275036977, 30.20398139851174 -4.207374552509887, 30.199245198655376 -4.206192658123274, 30.194509790308974 -4.2050075964602485, 30.18977517458075 -4.20381937210744, 30.18504135254869 -4.202627989661809, 30.18030832528523 -4.201433453722191, 30.175576093862862 -4.200235768887429, 30.17084465935392 -4.199034939756391, 30.166114022816938 -4.197830970932354, 30.16138418528199 -4.196623867027618, 30.156655147775712 -4.195413632655597, 30.15192691132472 -4.194200272429695, 30.147199476955294 -4.192983790963423, 30.14247284567626 -4.191764192875431, 30.137747018470723 -4.1905414827919465, 30.133021996319712 -4.189315665339798, 30.1282977802043 -4.18808674514582, 30.123574371104713 -4.186854726837055, 30.118851769980342 -4.1856196150462175, 30.114129977768055 -4.184381414412132, 30.1094089954036 -4.183140129573926, 30.104688823822737 -4.181895765170723, 30.09996946395971 -4.180648325842028, 30.09525091672488 -4.179397816233277, 30.090533183009534 -4.178144240994653, 30.08581626370444 -4.1768876047764705, 30.081100159700355 -4.175627912229045, 30.0763848718855 -4.1743651680032565, 30.071670401121825 -4.1730993767559355, 30.06695674825561 -4.171830543147449, 30.062243914132917 -4.170558671838209, 30.05753189959982 -4.169283767488631, 30.052820705498576 -4.168005834759911, 30.04811033264335 -4.16672487831895, 30.043400781835928 -4.1654409028351855, 30.03869205387801 -4.164153912978061, 30.03398414957132 -4.1628639134170236, 30.02927706971208 -4.16157090882251, 30.024570815067555 -4.160274903870222, 30.019865386395427 -4.158975903237585, 30.015160784453396 -4.157673911602032, 30.01045700999916 -4.156368933640991, 30.005754063782984 -4.155060974033078, 30.001051946526005 -4.153750037461546, 29.99635065894226 -4.152436128610786, 29.991650201745752 -4.151119252165181, 29.986950575650518 -4.1497994128091245, 29.98225178136092 -4.148476615228332, 29.977553819552863 -4.147150864112428, 29.97285669089709 -4.145822164151754, 29.968160396064317 -4.144490520036653, 29.963464935725202 -4.143155936457473, 29.958770310538398 -4.141818418105947, 29.95407652113545 -4.140477969676958, 29.949383568144118 -4.139134595865814, 29.9446914521922 -4.137788301367824, 29.940000173907315 -4.136439090878311, 29.93530973390275 -4.135086969093956, 29.930620132766332 -4.133731940713825, 29.92593137108332 -4.132374010437235, 29.92124344943894 -4.131013182963499, 29.91655636841809 -4.129649462991962, 29.911870128589072 -4.128282855223168, 29.90718473049673 -4.126913364359367, 29.902500174684164 -4.125540995102939, 29.897816461694468 -4.124165752156261, 29.89313359207009 -4.122787640221746, 29.888451566334847 -4.121406664002763, 29.883770384991227 -4.120022828203772, 29.879090048540597 -4.1186361375292995, 29.874410557484282 -4.117246596683866, 29.86973191232264 -4.115854210372023, 29.86505411353552 -4.114458983298943, 29.86037716158367 -4.113060920170368, 29.855701056927092 -4.111660025692066, 29.85102580002581 -4.110256304569806, 29.846351391338363 -4.108849761509369, 29.84167783130127 -4.107440401216731, 29.837005120334037 -4.106028228398023, 29.832333258855808 -4.104613247759385, 29.827662247285673 -4.103195464006947, 29.822992086040724 -4.101774881846823, 29.818322775514726 -4.100351505984843, 29.813654316086552 -4.098925341126656, 29.808986708134846 -4.097496391977915, 29.804319952038227 -4.096064663244263, 29.79965404817267 -4.094630159631262, 29.794988996889874 -4.093192885843672, 29.790324798528562 -4.091752846585827, 29.785661453427313 -4.090310046562051, 29.78099896192473 -4.088864490476672, 29.776337324356064 -4.087416183033838, 29.771676541031574 -4.08596512893635, 29.76701661225034 -4.08451133288641, 29.762357538311356 -4.083054799586211, 29.75769931951362 -4.081595533737947, 29.753041956152032 -4.080133540043509, 29.74838544849614 -4.078668823202891, 29.743729796805823 -4.07720138791537, 29.73907500134093 -4.075731238880214, 29.73442106236133 -4.0742583807966986, 29.729767980122013 -4.072782818363632, 29.72511575485242 -4.071304556277384, 29.720464386773745 -4.069823599233537, 29.71581387610718 -4.068339951927676, 29.711164223073887 -4.066853619055379, 29.70651542788937 -4.0653646053115695, 29.70186749074368 -4.063872915388217, 29.69722041181978 -4.062378553976464, 29.692574191300636 -4.060881525767455, 29.6879288293692 -4.059381835452333, 29.68328432620195 -4.057879487721358, 29.67864068195017 -4.0563744872613405, 29.673997896759083 -4.054866838758264, 29.669355970773896 -4.053356546898109, 29.664714904139817 -4.051843616366856, 29.66007469699478 -4.050328051849342, 29.655435349451967 -4.048809858026508, 29.65079686161931 -4.047289039578466, 29.646159233604735 -4.045765601185332, 29.64152246551618 -4.04423954752722, 29.636886557453543 -4.042710883282814, 29.6322515094925 -4.041179613126488, 29.627617321704204 -4.03964574173181, 29.622983994159775 -4.038109273772345, 29.618351526930333 -4.036570213921654, 29.613719920078285 -4.03502856685157, 29.60908917364242 -4.033484337229236, 29.604459287657544 -4.0319375297210085, 29.59983026215848 -4.030388148993239, 29.595202097180014 -4.028836199712279, 29.590574792747606 -4.027281686542433, 29.585948348863738 -4.0257246141429714, 29.58132276552738 -4.024164987172396, 29.576698042737497 -4.02260281028921, 29.572074180493033 -4.021038088151905, 29.567451178783088 -4.01947082541662, 29.562829037574378 -4.017901026734125, 29.558207756830523 -4.016328696754456, 29.55358733651516 -4.014753840127643, 29.54896777659185 -4.013176461503704, 29.54434907701388 -4.011596565529983, 29.539731237712797 -4.010014156848163, 29.53511425861735 -4.008429240099209, 29.530498139656324 -4.006841819924084, 29.525882880758385 -4.005251900963728, 29.521268481841613 -4.003659487856102, 29.51665494280291 -4.002064585233226, 29.512042263536657 -4.000467197726414, 29.507430443937256 -3.9988673299669837, 29.50281948389901 -3.99726498658622, 29.498209383305337 -3.9956601722121348, 29.493600142019048 -3.99405289146653, 29.48899175990066 -3.9924431489705166, 29.484384236810687 -3.990830949345204, 29.479777572609535 -3.9892162972116685, 29.475171767146563 -3.9875991971874285, 29.47056682025103 -3.985979653883539, 29.46596273175007 -3.984357671910368, 29.461359501470817 -3.982733255878282, 29.456757129240266 -3.9811064103976066, 29.452155614874307 -3.979477140074859, 29.447554958169185 -3.9778454495098337, 29.442955158919144 -3.9762113433016366, 29.438356216918393 -3.9745748260493734, 29.43375813196107 -3.9729359023521047, 29.42916090383015 -3.9712945768048526, 29.424564532289395 -3.9696508539956623, 29.419969017100637 -3.9680047385118806, 29.415374358025726 -3.9663562349408554, 29.41078055482635 -3.9647053478698813, 29.406187607253198 -3.963052081882027, 29.40159551503805 -3.9613964415531107, 29.397004277910863 -3.9597384314582467, 29.39241389560155 -3.9580780561725426, 29.38782436783992 -3.956415320271056, 29.383235694344926 -3.954750228324451, 29.378647874816885 -3.953082784895878, 29.374060908954355 -3.9514129945477516, 29.369474796455844 -3.9497408618424865, 29.364889537019753 -3.948066391342441, 29.360305130333856 -3.9463895876054575, 29.355721576067584 -3.9447104551815886, 29.351138873888537 -3.9430289986201084, 29.34655702346434 -3.941345222470297, 29.34197602446246 -3.9396591312813767, 29.3373958765401 -3.9379707295979722, 29.332816579336267 -3.9362800219566223, 29.328238132488146 -3.9345870128930467, 29.323660535632932 -3.9328917069429643, 29.319083788407703 -3.9311941086420443, 29.314507890439586 -3.9294942225213148, 29.309932841337723 -3.927792053103414, 29.305358640709375 -3.9260876049100997, 29.30078528816178 -3.924380882463129, 29.296212783302124 -3.922671890284218, 29.29164112572803 -3.920960632890438, 29.28707031501929 -3.919247114790159, 29.282500350753693 -3.9175313404907928, 29.277931232509072 -3.9158133144997516, 29.273362959863146 -3.91409304132441, 29.268795532384633 -3.9123705254675496, 29.264228949624446 -3.9106457714229204, 29.259663211131443 -3.908918783683223, 29.25509831645449 -3.907189566741157, 29.250534265142374 -3.905458125089389, 29.245971056735392 -3.9037244632160903, 29.24140869075615 -3.9019885856000665, 29.236847166725017 -3.900250496718953, 29.232286484162387 -3.8985102010503865, 29.227726642588607 -3.896767703071984, 29.223167641516092 -3.8950230072569987, 29.21860948043963 -3.893276118068983, 29.2140521588516 -3.8915270399701796, 29.209495676244423 -3.889775777422831, 29.204940032110468 -3.8880223348891674, 29.200385225934784 -3.8862667168272402, 29.19583125718487 -3.8845089276850624, 29.19127812532562 -3.8827489719091695, 29.186725829821913 -3.880986853946093, 29.18217437013864 -3.879222578242363, 29.17762374573401 -3.877456149240556, 29.173073956048714 -3.875687571372879, 29.16852500052064 -3.873916849069864, 29.163976878587633 -3.872143986762036, 29.15942958968757 -3.870368988879923, 29.154883133252298 -3.8685918598503655, 29.150337508696264 -3.866812604089527, 29.14579271543079 -3.865031226011651, 29.141248752867185 -3.8632477300309764, 29.13670562041675 -3.8614621205617445, 29.13216331748548 -3.8596744020148117, 29.127621843462105 -3.85788457879008, 29.12308119773182 -3.856092655285237, 29.118541379679893 -3.8542986358979734, 29.114002388691524 -3.852502525025976, 29.109464224147295 -3.850704327063875, 29.104926885410723 -3.8489040463951154, 29.10039037184143 -3.847101687400586, 29.095854682799036 -3.8452972544611708, 29.091319817643157 -3.84349075195776, 29.0867857757294 -3.841682184268522, 29.08225255639661 -3.839871555760273, 29.077720158979254 -3.838058870796866, 29.073188582811813 -3.8362441337421527, 29.068657827228744 -3.8344273489599883, 29.064127891561135 -3.83260852081185, 29.059598775123668 -3.8307876536477807, 29.055070477226163 -3.8289647518143837, 29.05054299717837 -3.8271398196582576, 29.04601633429009 -3.825312861526002, 29.04149048786828 -3.8234838817621863, 29.03696545720404 -3.8216528846999545, 29.032441241582934 -3.8198198746684535, 29.02791784029051 -3.81798485599683, 29.023395252612314 -3.8161478330142247, 29.018873477831605 -3.814308810048086, 29.01435251521642 -3.8124677914145484, 29.00983236402854 -3.810624781425126, 29.00531302352972 -3.8087797843913194, 29.000794492981758 -3.8069328046246325, 28.9962767716446 -3.8050838464351773, 28.99175985876369 -3.8032329141219914, 28.98724375357753 -3.8013800119787926, 28.982728455324548 -3.799525144299263, 28.97821396324321 -3.7976683153770887, 28.973700276570547 -3.7958095295048575, 28.969187394529946 -3.7939487909644276, 28.964675316337047 -3.792086104031575, 28.960164041207424 -3.790221472982009, 28.955653568356624 -3.788354902091438, 28.951143896999152 -3.786486395634734, 28.946635026336835 -3.7846159578765097, 28.942126955562948 -3.7827435930744815, 28.937619683870594 -3.7808693054862337, 28.93311321045288 -3.778993099369352, 28.928607534502195 -3.7771149789808165, 28.924102655199242 -3.775234948567936, 28.919598571715387 -3.7733530123702614, 28.915095283221735 -3.7714691746271267, 28.910592788889375 -3.7695834395778625, 28.90609108788892 -3.767695811461387, 28.901590179380438 -3.7658062945076507, 28.89709006251385 -3.7639148929379633, 28.89259073643869 -3.7620216109732874, 28.888092200304456 -3.760126452834582, 28.88359445326036 -3.7582294227425432, 28.879097494446277 -3.75633052490971, 28.87460132299118 -3.7544297635391026, 28.870105938023414 -3.7525271428332054, 28.86561133867135 -3.7506226669945018, 28.86111752406315 -3.7487163402253216, 28.856624493318918 -3.746808166720735, 28.852132245547146 -3.7448981506654464, 28.84764077985545 -3.742986296243366, 28.84315009535145 -3.741072607638406, 28.838660191142687 -3.7391570890344066, 28.834171066329812 -3.7372397446088943, 28.82968272000136 -3.7353205785282726, 28.82519515124461 -3.7333995949578087, 28.82070835914687 -3.7314767980627708, 28.8162223427954 -3.7295521920084003, 28.81173710127178 -3.727625780954612, 28.807252633645067 -3.7256975690495304, 28.802768938982666 -3.7237675604397067, 28.79828601635192 -3.721835759271686, 28.793803864820212 -3.7199021696920105, 28.789322483450416 -3.717966795842876, 28.7848418712926 -3.716029641854201, 28.780362027394663 -3.7140907118537587, 28.775882950804448 -3.7121500099693163, 28.771404640569834 -3.7102075403286463, 28.766927095735205 -3.7082633070560984, 28.762450315332245 -3.706317314263494, 28.757974298389687 -3.7043695660597846, 28.753499043936294 -3.702420066553923, 28.749024551000822 -3.700468819854863, 28.744550818609454 -3.6985158300689633, 28.740077845775954 -3.696561101290084, 28.735605631510353 -3.694604637608326, 28.731134174822706 -3.692646443113791, 28.726663474723022 -3.690686521896578, 28.722193530219535 -3.6887248780449, 28.7177243403086 -3.6867615156348053, 28.713255903981956 -3.6847964387375334, 28.70878822023131 -3.682829651424311, 28.70432128804835 -3.680861157766365, 28.69985510642354 -3.6788909618336083, 28.69538967433637 -3.676919067684425, 28.690924990760656 -3.674945479371209, 28.686461054670154 -3.672970200946301, 28.6819978650386 -3.6709932364620403, 28.67753542083897 -3.6690145899699194, 28.67307372103431 -3.6670342655107735, 28.668612764580928 -3.665052267118197, 28.664152550435013 -3.663068598825645, 28.659693077552742 -3.661083264666574, 28.65523434488983 -3.659096268673929, 28.65077635139331 -3.657107614871106, 28.646319096002422 -3.655117307272981, 28.641862577656134 -3.6531253498941334, 28.63740679529343 -3.6511317467491415, 28.632951747853067 -3.6491365018523214, 28.62849743426636 -3.6471396192096885, 28.624043853455955 -3.6451411028175227, 28.619591004344006 -3.643140956671545, 28.615138885852634 -3.641139184767479, 28.61068749690391 -3.639135791100933, 28.60623683641378 -3.637130779660582, 28.601786903288755 -3.6351241544242643, 28.597337696434483 -3.6331159193688722, 28.592889214756635 -3.6311060784713036, 28.588441457160844 -3.629094635708418, 28.583994422547995 -3.6270815950515365, 28.579548109808897 -3.6250669604602543, 28.57510251783309 -3.623050735892677, 28.570657645510128 -3.6210329253069165, 28.566213491729535 -3.6190135326610693, 28.56177005537732 -3.6169925619090386, 28.557327335329123 -3.6149700169924235, 28.552885330458704 -3.6129459018505905, 28.54844403963984 -3.6109202204229085, 28.54400346174628 -3.6088929766487423, 28.5395635956493 -3.6068641744644436, 28.535124440209888 -3.604833817793915, 28.530685994286376 -3.602801910557839, 28.52624825673709 -3.6007684566769003, 28.521811226420372 -3.5987334600717835, 28.517374902192874 -3.596696924661127, 28.512939282901453 -3.594658854351452, 28.50850436738934 -3.5926192530448344, 28.50407015449977 -3.590578124643341, 28.49963664307597 -3.5885354730490384, 28.495203831960147 -3.5864913021627003, 28.49077171998546 -3.5844456158737565, 28.48634030598042 -3.582398418065785, 28.48190958877349 -3.5803497126223087, 28.477479567193132 -3.578299503426855, 28.473050240067234 -3.5762477943622013, 28.468621606215684 -3.5741945893009275, 28.464193664452637 -3.5721398921082654, 28.459766413592117 -3.5700837066492834, 28.455339852448144 -3.568026036789049, 28.450913979834443 -3.565966886392249, 28.446488794558007 -3.563906259314797, 28.442064295419016 -3.561844159403774, 28.437640481217382 -3.559780590505879, 28.433217350753004 -3.5577155564678096, 28.42879490282565 -3.5556490611361093, 28.424373136229676 -3.553581108350128, 28.419952049751743 -3.551511701939069, 28.415531642177918 -3.5494408457313695, 28.411111912294302 -3.5473685435554696, 28.406692858886935 -3.5452947992397665, 28.40227448073773 -3.5432196166070904, 28.39785677662027 -3.5411429994690744, 28.393439745307102 -3.5390649516360133, 28.38902338557081 -3.536985476918198, 28.38460769618397 -3.5349045791259197, 28.380192675916202 -3.532822262065433, 28.37577832352847 -3.5307385295311278, 28.371364637780164 -3.5286533853152227, 28.366951617430658 -3.5265668332099365, 28.362539261239338 -3.524478877007488, 28.358127567963642 -3.522389520497396, 28.35371653635242 -3.520298767457247, 28.349306165152132 -3.518206621661343, 28.344896453109246 -3.5161130868839803, 28.34048739897026 -3.5140181668994623, 28.336079001480428 -3.5119218654803985, 28.331671259376975 -3.5098241863880126, 28.327264171393754 -3.507725133378819, 28.322857736264634 -3.505624710209318, 28.318451952723468 -3.503522920636011, 28.314046819503442 -3.5014197684144377, 28.30964233533055 -3.4993152572898203, 28.305238498926386 -3.4972093910010873, 28.300835309012456 -3.495102173287077, 28.296432764310303 -3.4929936078866257, 28.292030863541118 -3.4908836985381018, 28.287629605420005 -3.4887724489709955, 28.28322898865662 -3.486659862906901, 28.278829011960458 -3.484545944067138, 28.27442967404097 -3.4824306961730227, 28.270030973607515 -3.48031412294569, 28.265632909364573 -3.4781962280990766, 28.261235480010246 -3.476077015337756, 28.256838684242233 -3.473956488365674, 28.25244252075824 -3.471834650886779, 28.248046988255926 -3.4697115066049706, 28.243652085429297 -3.4675870592186993, 28.239257810965366 -3.4654613124159015, 28.234864163550306 -3.463334269883303, 28.230471141870282 -3.4612059353076345, 28.226078744611495 -3.459076312375623, 28.221686970457625 -3.4569454047702015, 28.217295818084942 -3.4548132161630942, 28.212905286168397 -3.45267975022398, 28.208515373382912 -3.45054501062253, 28.204126078403437 -3.448409001028419, 28.199737399903306 -3.4462717251089003, 28.195349336548603 -3.4441331865200118, 28.190961887003244 -3.4419933889145358, 28.18657504993118 -3.4398523359452606, 28.182188823996345 -3.4377100312649684, 28.177803207861782 -3.4355664785250357, 28.17341820018375 -3.4334216813663088, 28.169033799615466 -3.4312756434248826, 28.164650004810124 -3.4291283683368228, 28.160266814420922 -3.4269798597382, 28.1558842271006 -3.424830121264355, 28.151502241496008 -3.4226791565413484, 28.14712085624992 -3.420526969188838, 28.142740070005043 -3.4183735628263543, 28.138359881404067 -3.4162189410734247, 28.13398028908951 -3.414063107549274, 28.129601291699068 -3.411906065865453, 28.125222887865412 -3.4097478196255158, 28.120845076221 -3.4075883724326412, 28.116467855398255 -3.4054277278900065, 28.112091224029577 -3.4032658896006986, 28.107715180743703 -3.4011028611619096, 28.103339724163558 -3.398938646161476, 28.098964852911582 -3.3967732481864, 28.094590565610208 -3.394606670823685, 28.09021686088185 -3.392438917660323, 28.085843737346373 -3.3902699922791815, 28.081471193617343 -3.388099898252911, 28.077099228307365 -3.3859286391526053, 28.072727840029042 -3.3837562185493613, 28.068357027394974 -3.3815826400142743, 28.063986789016194 -3.3794079071158043, 28.059617123497322 -3.377232023411857, 28.055248029441437 -3.3750549924577022, 28.050879505451597 -3.3728768178086113, 28.046511550130873 -3.370697503019852, 28.042144162081414 -3.3685170516451826, 28.03777733989937 -3.366335467228377, 28.033411082178468 -3.364152753309151, 28.02904538751242 -3.361968913427206, 28.02468025449494 -3.3597839511222505, 28.020315681719268 -3.3575978699332207, 28.015951667773443 -3.355410673390228, 28.011588211242064 -3.3532223650177087, 28.007225310709728 -3.3510329483400083, 28.002862964761007 -3.3488424268814696, 27.998501171980298 -3.3466508041661203, 27.994139930947707 -3.344458083710732, 27.989779240239073 -3.3422642690248177, 27.985419098430057 -3.340069363617574, 27.981059504096315 -3.3378733709982003, 27.976700455813425 -3.3356762946758, 27.972341952153798 -3.333478138153989, 27.9679839916848 -3.3312789049277836, 27.96362657297335 -3.3290785984914497, 27.959269694586393 -3.3268772223392595, 27.954913355090845 -3.324674779965469, 27.95055755305144 -3.3224712748605656, 27.946202287027447 -3.320266710505572, 27.94184755557726 -3.3180610903800485, 27.9374933572593 -3.3158544179635587, 27.93313969063197 -3.3136466967356624, 27.928786554252348 -3.3114379301736117, 27.924433946671957 -3.309228121745007, 27.92008186644089 -3.307017274914929, 27.915730312109226 -3.3048053931484587, 27.911379282227028 -3.3025924799106763, 27.90702877534367 -3.300378538665396, 27.902678790003357 -3.2981635728673933, 27.898329324748005 -3.295947585967511, 27.89398037811958 -3.2937305814165807, 27.889631948660025 -3.291512562665434, 27.88528403491093 -3.2892935331643005, 27.88093663540946 -3.287073496355593, 27.876589748689668 -3.284852455676237, 27.87224337328556 -3.2826304145630476, 27.867897507731094 -3.2804073764528345, 27.863552150560157 -3.278183344782193, 27.85920730030308 -3.275958322981481, 27.85486295548628 -3.2737323144741004, 27.850519114635976 -3.27150532268309, 27.846175776278375 -3.269277351031487, 27.841832938939664 -3.2670484029422795, 27.837490601143486 -3.264818481833924, 27.83314876140893 -3.2625875911167515, 27.828807418254623 -3.260355734200251, 27.824466570199178 -3.2581229144939066, 27.820126215761224 -3.2558891354072066, 27.815786353457714 -3.253654400346708, 27.811446981800735 -3.2514187127102683, 27.807108099301445 -3.2491820758941317, 27.802769704471014 -3.2469444932945435, 27.79843179582061 -3.2447059683077475, 27.794094371860453 -3.242466504328305, 27.789757431095975 -3.240226104742175, 27.785420972031073 -3.2379847729325713, 27.78108499316963 -3.235742512282704, 27.77674949301558 -3.2334993261757883, 27.772414470072313 -3.2312552179941814, 27.76807992283899 -3.2290101911124505, 27.763745849812448 -3.2267642489009964, 27.75941224948952 -3.2245173947301806, 27.755079120367046 -3.222269631970366, 27.750746460941627 -3.22002096399156, 27.74641426970638 -3.2177713941573707, 27.742082545151256 -3.2155209258258246, 27.73775128576613 -3.2132695623547636, 27.7334204900409 -3.2110173071020314, 27.729090156465375 -3.208764163425365, 27.724760283526706 -3.20651013467767, 27.72043086970826 -3.204255224205021, 27.716101913493137 -3.2019994353529784, 27.711773413364423 -3.199742771467099, 27.707445367805192 -3.197485235892932, 27.703117775296718 -3.195226831972758, 27.69879063431607 -3.1929675630412158, 27.694463943339688 -3.1907074324318496, 27.69013770084402 -3.1884464434782047, 27.685811905305506 -3.186184599513825, 27.681486555199534 -3.1839219038703193, 27.677161648997156 -3.1816583598714603, 27.672837185168316 -3.179393970839042, 27.66851316218296 -3.177128740094857, 27.664189578511056 -3.1748626709607, 27.659866432621985 -3.172595766757351, 27.655543722981115 -3.1703280307983106, 27.65122144805205 -3.168059466393905, 27.64689960629838 -3.1657900768544422, 27.642578196183706 -3.163519865490233, 27.638257216171382 -3.1612488356111395, 27.63393666472134 -3.1589769905208573, 27.629616540290996 -3.1567043335185834, 27.625296841337747 -3.154430867903416, 27.62097756631896 -3.1521565969744523, 27.61665871369195 -3.1498815240306457, 27.612340281911344 -3.147605652366178, 27.60802226942863 -3.1453289852695443, 27.6037046746951 -3.1430515260289025, 27.599387496162045 -3.1407732779324133, 27.595070732280746 -3.13849424426821, 27.590754381500645 -3.1362144283211184, 27.5864384422675 -3.133933833369406, 27.582122913026645 -3.131652462690565, 27.577807792223435 -3.1293703195620877, 27.57349307830319 -3.1270874072614676, 27.569178769710135 -3.1248037290641864, 27.564864864884584 -3.1225192882388373, 27.560551362266047 -3.1202340880525403, 27.55623826029403 -3.117948131772417, 27.551925557408016 -3.1156614226655854, 27.54761325204692 -3.1133739639981033, 27.543301342645872 -3.1110857590295296, 27.538989827638623 -3.1087968110169757, 27.53467870545892 -3.1065071232175483, 27.530367974540503 -3.1042166988883557, 27.526057633316846 -3.101925541286007, 27.521747680218226 -3.099633653661399, 27.517438113672906 -3.097341039261765, 27.51312893210907 -3.095047701334277, 27.508820133954956 -3.0927536431261102, 27.50451171763866 -3.090458867884264, 27.500203681585756 -3.088163378851323, 27.495896024219086 -3.085867179265178, 27.491588743961376 -3.0835702723634966, 27.487281839235354 -3.0812726613839434, 27.482975308463704 -3.078974349564149, 27.478669150067322 -3.0766753401386175, 27.474363362463905 -3.0743756363363297, 27.470057944070795 -3.0720752413857015, 27.46575289330537 -3.069774158515149, 27.46144820858496 -3.0674723909530837, 27.45714388832581 -3.0651699419259875, 27.452839930940662 -3.062866814654444, 27.44853633484162 -3.0605630123579184, 27.444233098440773 -3.0582585382558762, 27.43993022015023 -3.0559533955677844, 27.435627698381456 -3.0536475875120623, 27.43132553154254 -3.051341117301442, 27.427023718040434 -3.049033988146732, 27.422722256282082 -3.046726203258738, 27.418421144674404 -3.0444177658482654, 27.414120381624073 -3.042108679125634, 27.40981996553473 -3.039798946296211, 27.4055198948083 -3.0374885705624775, 27.40122016784665 -3.035177555126878, 27.396920783051677 -3.0328659031918574, 27.392621738825163 -3.030553617959684, 27.38832303356647 -3.028240702628703, 27.384024665672623 -3.0259271603934503, 27.379726633540567 -3.0236129944483054, 27.375428935567218 -3.021298207987646, 27.371131570149476 -3.0189828042058107, 27.366834535682518 -3.0166667862943504, 27.362537830558647 -3.0143501574402998, 27.35824145316994 -3.012032920830282, 27.35394540190847 -3.0097150796509218, 27.34964967516628 -3.0073966370888394, 27.34535427133433 -3.0050775963288974, 27.341059188800468 -3.002757960551072, 27.336764425952 -3.000437732934494, 27.33246998117622 -2.9981169166582946, 27.32817585286046 -2.9957955149016082, 27.323882039391385 -2.9934735308426266, 27.31958853915251 -2.9911509676548955, 27.3152953505264 -2.9888278285105234, 27.311002471895627 -2.9865041165816164, 27.30670990164272 -2.9841798350402806, 27.302417638149958 -2.9818549870581648, 27.29812567979683 -2.97952957580272, 27.293834024961345 -2.9772036044391386, 27.289542672021526 -2.9748770761325942, 27.285251619355364 -2.9725499940482574, 27.280960865340738 -2.970222361351126, 27.276670408353272 -2.9678941812028925, 27.272380246766545 -2.9655654567622687, 27.268090378954067 -2.9632361911878573, 27.263800803289328 -2.960906387638265, 27.259511518145803 -2.958576049272054, 27.25522252189529 -2.9562451792454274, 27.25093381290706 -2.9539137807110567, 27.246645389550157 -2.9515818568213237, 27.24235725019368 -2.9492494107286125, 27.23806939320667 -2.946916445585301, 27.233781816957084 -2.9445829645422705, 27.229494519810082 -2.9422489707465855, 27.225207500130374 -2.9399144673447086, 27.220920756282656 -2.9375794574831016, 27.21663428663166 -2.93524394430823, 27.212348089541432 -2.932907930965731, 27.208062163373224 -2.9305714205975177, 27.20377650648747 -2.928234416344456, 27.199491117244566 -2.9258969213474018, 27.195205994004958 -2.9235589387472207, 27.19092113512876 -2.9212204716843755, 27.186636538973477 -2.9188815232960668, 27.182352203895313 -2.9165420967178792, 27.178068128250512 -2.914202195085391, 27.17378431039526 -2.911861821534176, 27.169500748685657 -2.909520979199657, 27.165217441475626 -2.907179671214653, 27.160934387117294 -2.9048379007098353, 27.156651583962724 -2.902495670815812, 27.152369030364003 -2.9001529846631904, 27.148086724673156 -2.897809845382535, 27.14380466524061 -2.895466256102549, 27.139522850414494 -2.8931222199493827, 27.135241278542818 -2.8907777400490065, 27.130959947973583 -2.888432819527391, 27.12667885705477 -2.8860874615104986, 27.122398004133277 -2.8837416691230953, 27.118117387553472 -2.8813954454871853, 27.11383700565935 -2.879048793724384, 27.109556856794914 -2.876701716956307, 27.105276939304186 -2.8743542183045716, 27.100997251530487 -2.872006300890157, 27.096717791814477 -2.869657967831478, 27.09243855849613 -2.8673092222463032, 27.08815954991543 -2.8649600672524023, 27.083880764412346 -2.862610505967544, 27.07960220032652 -2.8602605415091635, 27.07532385599518 -2.8579101769922977, 27.071045729754488 -2.8555594155309225, 27.06676781994061 -2.853208260239012, 27.062490124889685 -2.8508567142305394, 27.05821264293774 -2.848504780619347, 27.053935372418685 -2.8461524625174413, 27.049658311664885 -2.8437997630354737, 27.04538145900869 -2.841446685284069, 27.04110481278242 -2.8390932323738465, 27.03682837131837 -2.8367394074153904, 27.032552132947195 -2.8343852135179777, 27.028276095997587 -2.832030653789314, 27.0240002587981 -2.829675731337005, 27.019724619677294 -2.8273204492686603, 27.01544917696374 -2.824964810691883, 27.011173928984846 -2.822608818713448, 27.00689887406574 -2.8202524764384798, 27.00262401053126 -2.817895786971902, 26.99834933670627 -2.815538753418641, 26.994074850915613 -2.813181378883622, 26.989800551483437 -2.8108236664713155, 26.985526436731444 -2.808465619284632, 26.981252504980827 -2.806107240426148, 26.976978754552764 -2.803748532998439, 26.97270518376846 -2.8013895001040825, 26.96843179094871 -2.7990301448454367, 26.96415857441196 -2.7966704703235523, 26.959885532475788 -2.7943104796389933, 26.95561266345778 -2.791950175892321, 26.95133996567551 -2.789589562184098, 26.94706743744637 -2.787228641614798, 26.94279507708568 -2.784867417283926, 26.93852288290748 -2.7825058922903803, 26.934250853225773 -2.7801440697330495, 26.929978986354584 -2.777781952710823, 26.92570728060785 -2.775419544322562, 26.92143573429785 -2.773056847666486, 26.917164345735173 -2.7706938658401628, 26.912893113230314 -2.768330601941131, 26.90862203509379 -2.7659670590669267, 26.90435110963607 -2.7636032403150854, 26.900080335166418 -2.761239148782805, 26.895809709992033 -2.7588747875667328, 26.891539232419916 -2.7565101597634647, 26.887268900757086 -2.7541452684695966, 26.882998713310556 -2.751780116781725, 26.8787286683865 -2.7494147077963027, 26.874458764288857 -2.747049044609398, 26.87018899932118 -2.7446831303170134, 26.865919371787015 -2.7423169680151496, 26.861649879989923 -2.73995056079981, 26.857380522232987 -2.7375839117669343, 26.853111296817083 -2.735217024012169, 26.848842202042466 -2.732849900631078, 26.844573236209385 -2.730482544719225, 26.840304397618084 -2.7281149593721707, 26.836035684568543 -2.725747147685485, 26.83176709535869 -2.723379112754778, 26.827498628285426 -2.721010857675684, 26.823230281645618 -2.718642385543835, 26.818962053736172 -2.7162736994548657, 26.814693942853864 -2.713904802504422, 26.810425947293712 -2.7115356977883502, 26.806158065349347 -2.7091663884026556, 26.801890295314372 -2.7067968774433497, 26.797622635482384 -2.7044271680064407, 26.793355084146935 -2.702057263187949, 26.78908763960022 -2.699687166084206, 26.784820300132676 -2.6973168797919342, 26.780553064034642 -2.694946407407882, 26.77628592959646 -2.6925757520288003, 26.77201889510845 -2.690204916751437, 26.767751958859968 -2.68783390467288, 26.763485119138362 -2.6854627188908826, 26.759218374230752 -2.6830913625032826, 26.754951722424266 -2.680719838607914, 26.750685162006008 -2.678348150302614, 26.74641869126248 -2.675976300685508, 26.742152308478037 -2.673604292855677, 26.73788601193662 -2.6712321299124016, 26.73361979992216 -2.6688598149549585, 26.729353670718613 -2.6664873510826306, 26.72508762260952 -2.664114741394906, 26.720821653876406 -2.6617419889924525, 26.716555762800056 -2.6593690969763437, 26.712289947661258 -2.6569960684476497, 26.70802420674081 -2.654622906507446, 26.703758538319313 -2.6522496142569385, 26.699492940675512 -2.6498761947986402, 26.695227412087053 -2.6475026512357838, 26.690961950831653 -2.6451289866716143, 26.686696555186966 -2.6427552042093745, 26.682431223430584 -2.6403813069523814, 26.67816595383849 -2.638007298005294, 26.673900744685273 -2.635633180473941, 26.669635594245474 -2.6332589574641876, 26.66537050079363 -2.6308846320819037, 26.661105462604255 -2.6285102074329814, 26.656840477950666 -2.6261356866244188, 26.652575545104554 -2.6237610727647023, 26.6483106623375 -2.621386368962425, 26.6440458279211 -2.6190115783261776, 26.63978104012693 -2.6166367039645597, 26.635516297225674 -2.614261748987137, 26.63125159748612 -2.611886716505517, 26.626986939176827 -2.60951160963156, 26.622722320566364 -2.6071364314771315, 26.618457739923283 -2.6047611851540937, 26.614193195515558 -2.6023858737750194, 26.609928685609184 -2.600010500454868, 26.60566420846977 -2.5976350683090987, 26.601399762362895 -2.5952595804531717, 26.597135345554143 -2.5928840400025437, 26.59287095630877 -2.5905084500731563, 26.588606592890052 -2.5881328137835538, 26.584342253560656 -2.585757134253172, 26.580077936583233 -2.583381414601443, 26.575813640220424 -2.581005657947801, 26.57154936273467 -2.5786298674119705, 26.56728510238667 -2.5762540461163126, 26.563020857436165 -2.5738781971845865, 26.55875662614289 -2.5715023237405656, 26.554492406766602 -2.569126428908023, 26.550228197566916 -2.5667505158108863, 26.545963996801994 -2.5643745875755775, 26.541699802728694 -2.561998647330524, 26.537435613603893 -2.5596226982042145, 26.533171427684454 -2.557246743325137, 26.528907243227184 -2.554870785821845, 26.524643058487698 -2.552494828825092, 26.520378871720077 -2.5501188754682844, 26.51611468117837 -2.5477429288849893, 26.511850485116565 -2.5453669922087707, 26.507586281788683 -2.5429910685732127, 26.5033220694478 -2.5406151611137253, 26.499057846345277 -2.5382392729690113, 26.4947936107323 -2.5358634072781228, 26.490529360860073 -2.5334875671801096, 26.486265094979775 -2.531111755814025, 26.482000811341926 -2.5287359763203243, 26.47773650819519 -2.5263602318433165, 26.473472183787955 -2.523984525527971, 26.46920783636856 -2.521608860519254, 26.464943464185385 -2.5192332399621336, 26.460679065486378 -2.5168576670025304, 26.456414638517685 -2.51448214479042, 26.452150181524992 -2.5121066764768547, 26.447885692753996 -2.509731265212887, 26.443621170450356 -2.507355914149569, 26.43935661285951 -2.5049806264385968, 26.435092018225117 -2.5026054052359195, 26.430827384790124 -2.5002302536992125, 26.42656271079748 -2.497855174986158, 26.422297994490137 -2.4954801722544366, 26.418033234110894 -2.4931052486621157, 26.413768427900976 -2.490730407371355, 26.40950357410065 -2.4883556515467733, 26.40523867095019 -2.485980984353024, 26.400973716689872 -2.4836064089547607, 26.39670870955986 -2.4812319285168427, 26.392443647799002 -2.478857546207906, 26.38817852964494 -2.4764832651998607, 26.383913353335274 -2.4741090886647292, 26.379648117107614 -2.4717350197745334, 26.37538281919955 -2.4693610617013877, 26.37111745784752 -2.466987217620709, 26.366852031286612 -2.464613490712016, 26.362586537751795 -2.462239884155082, 26.35832097547807 -2.459866401129681, 26.354055342700388 -2.457493044815618, 26.34978963765288 -2.4551198183954437, 26.345523858568068 -2.452746725056578, 26.341258003678366 -2.4503737679869437, 26.336992071216155 -2.4480009503744595, 26.33272605941383 -2.445628275407052, 26.328459966503132 -2.4432557462747995, 26.32419379071416 -2.4408833661732765, 26.31992753027676 -2.438511138298925, 26.315661183420776 -2.4361390658481863, 26.311394748376056 -2.433767152017501, 26.307128223371972 -2.4313954000049183, 26.302861606636217 -2.429023813014477, 26.298594896396068 -2.4266523942516036, 26.29432809087883 -2.4242811469217282, 26.290061188311768 -2.4219100742302793, 26.285794186921876 -2.4195391793838135, 26.281527084934503 -2.4171684655950134, 26.277259880574462 -2.414797936078628, 26.27299257206653 -2.4124275940494075, 26.26872515763553 -2.4100574427221013, 26.26445763550605 -2.407687485312215, 26.26019000390122 -2.4053177250412636, 26.255922261043406 -2.4029481651336324, 26.251654405155016 -2.4005788088137257, 26.247386434458424 -2.3982096593059476, 26.243118347175898 -2.3958407198351828, 26.23885014152834 -2.393471993632098, 26.234581815735712 -2.3911034839311687, 26.230313368017974 -2.388735193966942, 26.22604479659509 -2.3863671269739624, 26.221776099686945 -2.3839992861870547, 26.217507275512258 -2.381631674846362, 26.213238322288614 -2.37926429619678, 26.208969238233628 -2.3768971534833794, 26.204700021564854 -2.3745302499512237, 26.20043067049987 -2.372163588845528, 26.196161183255185 -2.3697971734162495, 26.191891558046134 -2.3674310069190527, 26.187621793087942 -2.3650650926099352, 26.18335188659587 -2.3626994337448974, 26.179081836785116 -2.36033403358, 26.174811641870097 -2.3579688953754103, 26.170541300063874 -2.3556040223978725, 26.16627080957938 -2.3532394179147227, 26.16200016862956 -2.3508750851932985, 26.15772937542736 -2.3485110275009555, 26.15345842818504 -2.3461472481084855, 26.14918732511347 -2.3437837502940297, 26.14491606442333 -2.341420537336676, 26.14064464432529 -2.339057612515512, 26.136373063030042 -2.33669497910963, 26.13210131874774 -2.334332640400897, 26.127829409687124 -2.3319705996791367, 26.123557334056663 -2.329608860235584, 26.119285090064814 -2.3272474253614734, 26.115012675920056 -2.324886298348041, 26.11074008983047 -2.322525482488717, 26.106467330002662 -2.3201649810853513, 26.10219439464292 -2.3178047974418097, 26.097921281957472 -2.3154449348619597, 26.093647990152615 -2.3130853966496683, 26.08937451743431 -2.3107261861104726, 26.0851008620072 -2.3083673065584525, 26.08082702207542 -2.3060087613104012, 26.076552995843148 -2.303650553683116, 26.07227878151456 -2.3012926869933943, 26.068004377293626 -2.298935164559299, 26.06372978138297 -2.2965779897074605, 26.059454991984715 -2.29422116576807, 26.05518000730092 -2.2918646960713267, 26.050904825533685 -2.289508583947432, 26.046629444884967 -2.2871528327275192, 26.042353863555473 -2.284797445751125, 26.038078079745276 -2.28244242636224, 26.03380209165442 -2.280087777904894, 26.02952589748298 -2.2777335037231197, 26.025249495430902 -2.275379607161616, 26.020972883697034 -2.273026091573184, 26.016696060479457 -2.2706729603160105, 26.012419023976253 -2.26832021674838, 26.008141772385493 -2.265967864228576, 26.003864303905196 -2.2636159061153474, 25.99958661673236 -2.261264345775144, 25.995308709063156 -2.258913186580741, 25.991030579093735 -2.256562431905101, 25.986752225020243 -2.254212085121185, 25.982473645038777 -2.2518621496022684, 25.97819483734456 -2.2495126287288567, 25.973915800131895 -2.2471635258887006, 25.96963653159507 -2.2448148444698712, 25.965357029928334 -2.242466587860435, 25.96107729332596 -2.2401187594486647, 25.956797319981398 -2.237771362629546, 25.952517108087168 -2.2354244008061963, 25.948236655835718 -2.2330778773822235, 25.943955961419515 -2.230731795761234, 25.939675023030997 -2.2283861593469574, 25.93539383886192 -2.2260409715493035, 25.931112407103065 -2.2236962357871435, 25.926830725945123 -2.2213519554800496, 25.922548793578805 -2.219008134047596, 25.9182666081948 -2.2166647749094244, 25.9139841679832 -2.214321881490834, 25.909701471133125 -2.2119794572268554, 25.90541851583358 -2.2096375055534834, 25.901135300273566 -2.207296029906709, 25.896851822642084 -2.2049550337225616, 25.892568081127646 -2.2026145204421734, 25.888284073917767 -2.2002744935170195, 25.88399979919982 -2.1979349563998243, 25.87971525516121 -2.1955959125433155, 25.875430439989334 -2.1932573654002363, 25.871145351871125 -2.1909193184280764, 25.866859988992548 -2.188581775095577, 25.862574349539383 -2.186244738873103, 25.85828843169746 -2.1839082132310224, 25.854002233652544 -2.1815722016397063, 25.84971575359011 -2.1792367075734203, 25.845428989694724 -2.1769017345171076, 25.841141940150774 -2.1745672859575262, 25.836854603142672 -2.172233365381435, 25.8325669768548 -2.1698999762755924, 25.828279059471207 -2.1675671221316186, 25.82399084917473 -2.1652348064564215, 25.819702344147988 -2.162903032759908, 25.815413542573598 -2.160571804551985, 25.81112444263418 -2.15824112534256, 25.806835042512365 -2.1559109986415406, 25.80254534039075 -2.153581427958833, 25.798255334451973 -2.1512524168043448, 25.793965022878645 -2.148923968687983, 25.789674403853386 -2.1465960871196548, 26.55659211657692 -0.8330214903864235))