POLYGON ((0 0.9, 0.0210052513128282 0.9, 0.0420105026256564 0.9, 0.0630157539384846 0.9, 0.0840210052513128 0.9, 0.105026256564141 0.9, 0.1260315078769692 0.9, 0.1470367591897974 0.9, 0.1680420105026256 0.9, 0.1890472618154539 0.9, 0.2100525131282821 0.9, 0.2310577644411103 0.9, 0.2520630157539385 0.9, 0.2730682670667667 0.9, 0.2940735183795949 0.9, 0.3150787696924231 0.9, 0.3360840210052513 0.9, 0.3570892723180795 0.9, 0.3780945236309077 0.9, 0.3990997749437359 0.9, 0.4201050262565642 0.9, 0.4411102775693924 0.9, 0.4621155288822206 0.9, 0.4831207801950488 0.9, 0.5041260315078769 0.9, 0.5251312828207052 0.9, 0.5461365341335334 0.9, 0.5671417854463616 0.9, 0.5881470367591898 0.9, 0.609152288072018 0.9, 0.6301575393848462 0.9, 0.6511627906976745 0.9, 0.6721680420105026 0.9, 0.6931732933233308 0.9, 0.714178544636159 0.9, 0.7351837959489872 0.9, 0.7561890472618155 0.9, 0.7771942985746436 0.9, 0.7981995498874719 0.9, 0.8192048012003 0.9, 0.8402100525131283 0.9, 0.8612153038259565 0.9, 0.8822205551387847 0.9, 0.9032258064516129 0.9, 0.9242310577644411 0.9, 0.9452363090772693 0.9, 0.9662415603900976 0.9, 0.9872468117029257 0.9, 1.0082520630157539 0.9, 1.0292573143285821 0.9, 1.0502625656414104 0.9, 1.0712678169542384 0.9, 1.0922730682670667 0.9, 1.113278319579895 0.9, 1.1342835708927232 0.9, 1.1552888222055513 0.9, 1.1762940735183796 0.9, 1.1972993248312078 0.9, 1.218304576144036 0.9, 1.2393098274568641 0.9, 1.2603150787696924 0.9, 1.2813203300825207 0.9, 1.302325581395349 0.9, 1.323330832708177 0.9, 1.3443360840210052 0.9, 1.3653413353338335 0.9, 1.3863465866466615 0.9, 1.4073518379594898 0.9, 1.428357089272318 0.9, 1.4493623405851463 0.9, 1.4703675918979744 0.9, 1.4913728432108027 0.9, 1.512378094523631 0.9, 1.5333833458364592 0.9, 1.5543885971492872 0.9, 1.5753938484621155 0.9, 1.5963990997749438 0.9, 1.617404351087772 0.9, 1.6384096024006 0.9, 1.6594148537134283 0.9, 1.6804201050262566 0.9, 1.7014253563390846 0.9, 1.722430607651913 0.9, 1.7434358589647412 0.9, 1.7644411102775694 0.9, 1.7854463615903975 0.9, 1.8064516129032258 0.9, 1.827456864216054 0.9, 1.8484621155288823 0.9, 1.8694673668417103 0.9, 1.8904726181545386 0.9, 1.9114778694673669 0.9, 1.9324831207801951 0.9, 1.9534883720930232 0.9, 1.9744936234058514 0.9, 1.9954988747186797 0.9, 2.0165041260315077 0.9, 2.0375093773443362 0.9, 2.0585146286571643 0.9, 2.0795198799699923 0.9, 2.100525131282821 0.9, 2.121530382595649 0.9, 2.142535633908477 0.9, 2.1635408852213054 0.9, 2.1845461365341334 0.9, 2.205551387846962 0.9, 2.22655663915979 0.9, 2.247561890472618 0.9, 2.2685671417854465 0.9, 2.2895723930982745 0.9, 2.3105776444111026 0.9, 2.331582895723931 0.9, 2.352588147036759 0.9, 2.373593398349587 0.9, 2.3945986496624156 0.9, 2.4156039009752437 0.9, 2.436609152288072 0.9, 2.4576144036009 0.9, 2.4786196549137283 0.9, 2.4996249062265568 0.9, 2.520630157539385 0.9, 2.541635408852213 0.9, 2.5626406601650413 0.9, 2.5836459114778694 0.9, 2.604651162790698 0.9, 2.625656414103526 0.9, 2.646661665416354 0.9, 2.6676669167291824 0.9, 2.6886721680420105 0.9, 2.7096774193548385 0.9, 2.730682670667667 0.9, 2.751687921980495 0.9, 2.772693173293323 0.9, 2.7936984246061516 0.9, 2.8147036759189796 0.9, 2.835708927231808 0.9, 2.856714178544636 0.9, 2.877719429857464 0.9, 2.8987246811702927 0.9, 2.9197299324831207 0.9, 2.940735183795949 0.9, 2.9617404351087773 0.9, 2.9827456864216053 0.9, 3.003750937734434 0.9, 3.024756189047262 0.9, 3.04576144036009 0.9, 3.0667666916729184 0.9, 3.0877719429857464 0.9, 3.1087771942985745 0.9, 3.129782445611403 0.9, 3.150787696924231 0.9, 3.171792948237059 0.9, 3.1927981995498875 0.9, 3.2138034508627156 0.9, 3.234808702175544 0.9, 3.255813953488372 0.9, 3.2768192048012 0.9, 3.2978244561140286 0.9, 3.3188297074268567 0.9, 3.3398349587396847 0.9, 3.360840210052513 0.9, 3.3818454613653413 0.9, 3.4028507126781693 0.9, 3.423855963990998 0.9, 3.444861215303826 0.9, 3.4658664666166543 0.9, 3.4868717179294824 0.9, 3.5078769692423104 0.9, 3.528882220555139 0.9, 3.549887471867967 0.9, 3.570892723180795 0.9, 3.5918979744936235 0.9, 3.6129032258064515 0.9, 3.63390847711928 0.9, 3.654913728432108 0.9, 3.675918979744936 0.9, 3.6969242310577646 0.9, 3.7179294823705926 0.9, 3.7389347336834207 0.9, 3.759939984996249 0.9, 3.780945236309077 0.9, 3.8019504876219052 0.9, 3.8229557389347337 0.9, 3.8439609902475618 0.9, 3.8649662415603903 0.9, 3.8859714928732183 0.9, 3.9069767441860463 0.9, 3.927981995498875 0.9, 3.948987246811703 0.9, 3.969992498124531 0.9, 3.9909977494373594 0.9, 4.0120030007501875 0.9, 4.0330082520630155 0.9, 4.0540135033758435 0.9, 4.0750187546886725 0.9, 4.0960240060015005 0.9, 4.117029257314329 0.9, 4.138034508627157 0.9, 4.159039759939985 0.9, 4.180045011252814 0.9, 4.201050262565642 0.9, 4.22205551387847 0.9, 4.243060765191298 0.9, 4.264066016504126 0.9, 4.285071267816954 0.9, 4.306076519129783 0.9, 4.327081770442611 0.9, 4.348087021755439 0.9, 4.369092273068267 0.9, 4.390097524381095 0.9, 4.411102775693924 0.9, 4.432108027006752 0.9, 4.45311327831958 0.9, 4.474118529632408 0.9, 4.495123780945236 0.9, 4.516129032258064 0.9, 4.537134283570893 0.9, 4.558139534883721 0.9, 4.579144786196549 0.9, 4.600150037509377 0.9, 4.621155288822205 0.9, 4.642160540135034 0.9, 4.663165791447862 0.9, 4.68417104276069 0.9, 4.705176294073518 0.9, 4.726181545386346 0.9, 4.747186796699174 0.9, 4.768192048012003 0.9, 4.789197299324831 0.9, 4.810202550637659 0.9, 4.831207801950487 0.9, 4.852213053263315 0.9, 4.873218304576144 0.9, 4.894223555888972 0.9, 4.9152288072018 0.9, 4.9362340585146285 0.9, 4.9572393098274565 0.9, 4.9782445611402855 0.9, 4.9992498124531135 0.9, 5.0202550637659416 0.9, 5.04126031507877 0.9, 5.062265566391598 0.9, 5.083270817704426 0.9, 5.104276069017255 0.9, 5.125281320330083 0.9, 5.146286571642911 0.9, 5.167291822955739 0.9, 5.188297074268567 0.9, 5.209302325581396 0.9, 5.230307576894224 0.9, 5.251312828207052 0.9, 5.27231807951988 0.9, 5.293323330832708 0.9, 5.314328582145536 0.9, 5.335333833458365 0.9, 5.356339084771193 0.9, 5.377344336084021 0.9, 5.398349587396849 0.9, 5.419354838709677 0.9, 5.440360090022506 0.9, 5.461365341335334 0.9, 5.482370592648162 0.9, 5.50337584396099 0.9, 5.524381095273818 0.9, 5.545386346586646 0.9, 5.566391597899475 0.9, 5.587396849212303 0.9, 5.608402100525131 0.9, 5.629407351837959 0.9, 5.650412603150787 0.9, 5.671417854463616 0.9, 5.692423105776444 0.9, 5.713428357089272 0.9, 5.7344336084021 0.9, 5.755438859714928 0.9, 5.7764441110277565 0.9, 5.797449362340585 0.9, 5.818454613653413 0.9, 5.8394598649662415 0.9, 5.8604651162790695 0.9, 5.881470367591898 0.9, 5.9024756189047265 0.9, 5.9234808702175545 0.9, 5.944486121530383 0.9, 5.965491372843211 0.9, 5.986496624156039 0.9, 6.007501875468868 0.9, 6.028507126781696 0.9, 6.049512378094524 0.9, 6.070517629407352 0.9, 6.09152288072018 0.9, 6.112528132033008 0.9, 6.133533383345837 0.9, 6.154538634658665 0.9, 6.175543885971493 0.9, 6.196549137284321 0.9, 6.217554388597149 0.9, 6.238559639909978 0.9, 6.259564891222806 0.9, 6.280570142535634 0.9, 6.301575393848462 0.9, 6.32258064516129 0.9, 6.343585896474118 0.9, 6.364591147786947 0.9, 6.385596399099775 0.9, 6.406601650412603 0.9, 6.427606901725431 0.9, 6.448612153038259 0.9, 6.469617404351088 0.9, 6.490622655663916 0.9, 6.511627906976744 0.9, 6.532633158289572 0.9, 6.5536384096024 0.9, 6.574643660915228 0.9, 6.595648912228057 0.9, 6.616654163540885 0.9, 6.637659414853713 0.9, 6.658664666166541 0.9, 6.6796699174793694 0.9, 6.700675168792198 0.9, 6.721680420105026 0.9, 6.7426856714178545 0.9, 6.7636909227306825 0.9, 6.7846961740435106 0.9, 6.805701425356339 0.9, 6.8267066766691675 0.9, 6.847711927981996 0.9, 6.868717179294824 0.9, 6.889722430607652 0.9, 6.91072768192048 0.9, 6.931732933233309 0.9, 6.952738184546137 0.9, 6.973743435858965 0.9, 6.994748687171793 0.9, 7.015753938484621 0.9, 7.03675918979745 0.9, 7.057764441110278 0.9, 7.078769692423106 0.9, 7.099774943735934 0.9, 7.120780195048762 0.9, 7.14178544636159 0.9, 7.162790697674419 0.9, 7.183795948987247 0.9, 7.204801200300075 0.9, 7.225806451612903 0.9, 7.246811702925731 0.9, 7.26781695423856 0.9, 7.288822205551388 0.9, 7.309827456864216 0.9, 7.330832708177044 0.9, 7.351837959489872 0.9, 7.3728432108027 0.9, 7.393848462115529 0.9, 7.414853713428357 0.9, 7.435858964741185 0.9, 7.456864216054013 0.9, 7.477869467366841 0.9, 7.49887471867967 0.9, 7.519879969992498 0.9, 7.540885221305326 0.9, 7.561890472618154 0.9, 7.582895723930982 0.9, 7.6039009752438105 0.9, 7.624906226556639 0.9, 7.6459114778694675 0.9, 7.6669167291822955 0.9, 7.6879219804951235 0.9, 7.708927231807952 0.9, 7.7299324831207805 0.9, 7.750937734433609 0.9, 7.771942985746437 0.9, 7.792948237059265 0.9, 7.813953488372093 0.9, 7.834958739684921 0.9, 7.85596399099775 0.9, 7.876969242310578 0.9, 7.897974493623406 0.9, 7.918979744936234 0.9, 7.939984996249062 0.9, 7.960990247561891 0.9, 7.981995498874719 0.9, 8.003000750187546 0.9, 8.024006001500375 0.9, 8.045011252813204 0.9, 8.066016504126031 0.9, 8.08702175543886 0.9, 8.108027006751687 0.9, 8.129032258064516 0.9, 8.150037509377345 0.9, 8.171042760690172 0.9, 8.192048012003001 0.9, 8.213053263315828 0.9, 8.234058514628657 0.9, 8.255063765941486 0.9, 8.276069017254313 0.9, 8.297074268567142 0.9, 8.31807951987997 0.9, 8.339084771192798 0.9, 8.360090022505627 0.9, 8.381095273818454 0.9, 8.402100525131283 0.9, 8.42310577644411 0.9, 8.44411102775694 0.9, 8.465116279069766 0.9, 8.486121530382595 0.9, 8.507126781695424 0.9, 8.528132033008252 0.9, 8.54913728432108 0.9, 8.570142535633908 0.9, 8.591147786946737 0.9, 8.612153038259565 0.9, 8.633158289572393 0.9, 8.654163540885222 0.9, 8.675168792198049 0.9, 8.696174043510878 0.9, 8.717179294823707 0.9, 8.738184546136534 0.9, 8.759189797449363 0.9, 8.78019504876219 0.9, 8.801200300075019 0.9, 8.822205551387848 0.9, 8.843210802700675 0.9, 8.864216054013504 0.9, 8.885221305326331 0.9, 8.90622655663916 0.9, 8.927231807951989 0.9, 8.948237059264816 0.9, 8.969242310577645 0.9, 8.990247561890472 0.9, 9.011252813203301 0.9, 9.032258064516128 0.9, 9.053263315828957 0.9, 9.074268567141786 0.9, 9.095273818454613 0.9, 9.116279069767442 0.9, 9.13728432108027 0.9, 9.158289572393098 0.9, 9.179294823705927 0.9, 9.200300075018754 0.9, 9.221305326331583 0.9, 9.24231057764441 0.9, 9.26331582895724 0.9, 9.284321080270068 0.9, 9.305326331582895 0.9, 9.326331582895724 0.9, 9.347336834208551 0.9, 9.36834208552138 0.9, 9.38934733683421 0.9, 9.410352588147036 0.9, 9.431357839459865 0.9, 9.452363090772693 0.9, 9.473368342085521 0.9, 9.494373593398349 0.9, 9.515378844711178 0.9, 9.536384096024006 0.9, 9.557389347336834 0.9, 9.578394598649663 0.9, 9.59939984996249 0.9, 9.620405101275319 0.9, 9.641410352588148 0.9, 9.662415603900975 0.9, 9.683420855213804 0.9, 9.70442610652663 0.9, 9.72543135783946 0.9, 9.746436609152289 0.9, 9.767441860465116 0.9, 9.788447111777945 0.9, 9.809452363090772 0.9, 9.8304576144036 0.9, 9.85146286571643 0.9, 9.872468117029257 0.9, 9.893473368342086 0.9, 9.914478619654913 0.9, 9.935483870967742 0.9, 9.956489122280571 0.9, 9.977494373593398 0.9, 9.998499624906227 0.9, 10.019504876219054 0.9, 10.040510127531883 0.9, 10.06151537884471 0.9, 10.08252063015754 0.9, 10.103525881470368 0.9, 10.124531132783195 0.9, 10.145536384096024 0.9, 10.166541635408851 0.9, 10.18754688672168 0.9, 10.20855213803451 0.9, 10.229557389347336 0.9, 10.250562640660165 0.9, 10.271567891972992 0.9, 10.292573143285821 0.9, 10.31357839459865 0.9, 10.334583645911477 0.9, 10.355588897224306 0.9, 10.376594148537134 0.9, 10.397599399849963 0.9, 10.418604651162791 0.9, 10.439609902475619 0.9, 10.460615153788448 0.9, 10.481620405101275 0.9, 10.502625656414104 0.9, 10.52363090772693 0.9, 10.54463615903976 0.9, 10.565641410352589 0.9, 10.586646661665416 0.9, 10.607651912978245 0.9, 10.628657164291072 0.9, 10.6496624156039 0.9, 10.67066766691673 0.9, 10.691672918229557 0.9, 10.712678169542386 0.9, 10.733683420855213 0.9, 10.754688672168042 0.9, 10.77569392348087 0.9, 10.796699174793698 0.9, 10.817704426106527 0.9, 10.838709677419354 0.9, 10.859714928732183 0.9, 10.880720180045012 0.9, 10.90172543135784 0.9, 10.922730682670668 0.9, 10.943735933983495 0.9, 10.964741185296324 0.9, 10.985746436609153 0.9, 11.00675168792198 0.9, 11.02775693923481 0.9, 11.048762190547636 0.9, 11.069767441860465 0.9, 11.090772693173292 0.9, 11.111777944486121 0.9, 11.13278319579895 0.9, 11.153788447111777 0.9, 11.174793698424606 0.9, 11.195798949737434 0.9, 11.216804201050262 0.9, 11.237809452363091 0.9, 11.258814703675919 0.9, 11.279819954988747 0.9, 11.300825206301575 0.9, 11.321830457614404 0.9, 11.342835708927232 0.9, 11.36384096024006 0.9, 11.384846211552889 0.9, 11.405851462865716 0.9, 11.426856714178545 0.9, 11.447861965491374 0.9, 11.4688672168042 0.9, 11.48987246811703 0.9, 11.510877719429857 0.9, 11.531882970742686 0.9, 11.552888222055513 0.9, 11.573893473368342 0.9, 11.59489872468117 0.9, 11.615903975993998 0.9, 11.636909227306827 0.9, 11.657914478619654 0.9, 11.678919729932483 0.9, 11.699924981245312 0.9, 11.720930232558139 0.9, 11.741935483870968 0.9, 11.762940735183795 0.9, 11.783945986496624 0.9, 11.804951237809453 0.9, 11.82595648912228 0.9, 11.846961740435109 0.9, 11.867966991747936 0.9, 11.888972243060765 0.9, 11.909977494373594 0.9, 11.930982745686421 0.9, 11.95198799699925 0.9, 11.972993248312077 0.9, 11.993998499624906 0.9, 12.015003750937735 0.9, 12.036009002250562 0.9, 12.057014253563391 0.9, 12.078019504876218 0.9, 12.099024756189047 0.9, 12.120030007501875 0.9, 12.141035258814703 0.9, 12.162040510127532 0.9, 12.18304576144036 0.9, 12.204051012753188 0.9, 12.225056264066016 0.9, 12.246061515378845 0.9, 12.267066766691674 0.9, 12.2880720180045 0.9, 12.30907726931733 0.9, 12.330082520630157 0.9, 12.351087771942986 0.9, 12.372093023255815 0.9, 12.393098274568642 0.9, 12.41410352588147 0.9, 12.435108777194298 0.9, 12.456114028507127 0.9, 12.477119279819956 0.9, 12.498124531132783 0.9, 12.519129782445612 0.9, 12.540135033758439 0.9, 12.561140285071268 0.9, 12.582145536384095 0.9, 12.603150787696924 0.9, 12.624156039009753 0.9, 12.64516129032258 0.9, 12.666166541635409 0.9, 12.687171792948236 0.9, 12.708177044261065 0.9, 12.729182295573894 0.9, 12.750187546886721 0.9, 12.77119279819955 0.9, 12.792198049512377 0.9, 12.813203300825206 0.9, 12.834208552138035 0.9, 12.855213803450862 0.9, 12.876219054763691 0.9, 12.897224306076518 0.9, 12.918229557389347 0.9, 12.939234808702176 0.9, 12.960240060015003 0.9, 12.981245311327832 0.9, 13.00225056264066 0.9, 13.023255813953488 0.9, 13.044261065266317 0.9, 13.065266316579145 0.9, 13.086271567891973 0.9, 13.1072768192048 0.9, 13.12828207051763 0.9, 13.149287321830457 0.9, 13.170292573143286 0.9, 13.191297824456115 0.9, 13.212303075768942 0.9, 13.23330832708177 0.9, 13.254313578394598 0.9, 13.275318829707427 0.9, 13.296324081020256 0.9, 13.317329332333083 0.9, 13.338334583645912 0.9, 13.359339834958739 0.9, 13.380345086271568 0.9, 13.401350337584397 0.9, 13.422355588897224 0.9, 13.443360840210053 0.9, 13.46436609152288 0.9, 13.485371342835709 0.9, 13.506376594148538 0.9, 13.527381845461365 0.9, 13.548387096774194 0.9, 13.569392348087021 0.9, 13.59039759939985 0.9, 13.611402850712677 0.9, 13.632408102025506 0.9, 13.653413353338335 0.9, 13.674418604651162 0.9, 13.695423855963991 0.9, 13.716429107276818 0.9, 13.737434358589647 0.9, 13.758439609902476 0.9, 13.779444861215303 0.9, 13.800450112528132 0.9, 13.82145536384096 0.9, 13.842460615153788 0.9, 13.863465866466617 0.9, 13.884471117779444 0.9, 13.905476369092273 0.9, 13.9264816204051 0.9, 13.94748687171793 0.9, 13.968492123030758 0.9, 13.989497374343586 0.9, 14.010502625656414 0.9, 14.031507876969242 0.9, 14.05251312828207 0.9, 14.0735183795949 0.9, 14.094523630907727 0.9, 14.115528882220556 0.9, 14.136534133533383 0.9, 14.157539384846212 0.9, 14.178544636159039 0.9, 14.199549887471868 0.9, 14.220555138784697 0.9, 14.241560390097524 0.9, 14.262565641410353 0.9, 14.28357089272318 0.9, 14.304576144036009 0.9, 14.325581395348838 0.9, 14.346586646661665 0.9, 14.367591897974494 0.9, 14.388597149287321 0.9, 14.40960240060015 0.9, 14.430607651912979 0.9, 14.451612903225806 0.9, 14.472618154538635 0.9, 14.493623405851462 0.9, 14.514628657164291 0.9, 14.53563390847712 0.9, 14.556639159789947 0.9, 14.577644411102776 0.9, 14.598649662415603 0.9, 14.619654913728432 0.9, 14.64066016504126 0.9, 14.661665416354088 0.9, 14.682670667666917 0.9, 14.703675918979744 0.9, 14.724681170292573 0.9, 14.7456864216054 0.9, 14.76669167291823 0.9, 14.787696924231058 0.9, 14.808702175543885 0.9, 14.829707426856714 0.9, 14.850712678169542 0.9, 14.87171792948237 0.9, 14.8927231807952 0.9, 14.913728432108027 0.9, 14.934733683420855 0.9, 14.955738934733683 0.9, 14.976744186046512 0.9, 14.99774943735934 0.9, 15.018754688672168 0.9, 15.039759939984997 0.9, 15.060765191297824 0.9, 15.081770442610653 0.9, 15.102775693923482 0.9, 15.123780945236309 0.9, 15.144786196549138 0.9, 15.165791447861965 0.9, 15.186796699174794 0.9, 15.207801950487621 0.9, 15.22880720180045 0.9, 15.249812453113279 0.9, 15.270817704426106 0.9, 15.291822955738935 0.9, 15.312828207051762 0.9, 15.333833458364591 0.9, 15.35483870967742 0.9, 15.375843960990247 0.9, 15.396849212303076 0.9, 15.417854463615903 0.9, 15.438859714928732 0.9, 15.459864966241561 0.9, 15.480870217554388 0.9, 15.501875468867217 0.9, 15.522880720180044 0.9, 15.543885971492873 0.9, 15.564891222805702 0.9, 15.58589647411853 0.9, 15.606901725431358 0.9, 15.627906976744185 0.9, 15.648912228057014 0.9, 15.669917479369841 0.9, 15.69092273068267 0.9, 15.7119279819955 0.9, 15.732933233308326 0.9, 15.753938484621155 0.9, 15.774943735933983 0.9, 15.795948987246812 0.9, 15.81695423855964 0.9, 15.837959489872468 0.9, 15.858964741185297 0.9, 15.879969992498124 0.9, 15.900975243810953 0.9, 15.921980495123782 0.9, 15.942985746436609 0.9, 15.963990997749438 0.9, 15.984996249062265 0.9, 16.006001500375092 0.9, 16.02700675168792 0.9, 16.04801200300075 0.9, 16.06901725431358 0.9, 16.090022505626408 0.9, 16.111027756939233 0.9, 16.132033008252062 0.9, 16.15303825956489 0.9, 16.17404351087772 0.9, 16.19504876219055 0.9, 16.216054013503374 0.9, 16.237059264816203 0.9, 16.258064516129032 0.9, 16.27906976744186 0.9, 16.30007501875469 0.9, 16.321080270067515 0.9, 16.342085521380344 0.9, 16.363090772693173 0.9, 16.384096024006002 0.9, 16.40510127531883 0.9, 16.426106526631656 0.9, 16.447111777944485 0.9, 16.468117029257314 0.9, 16.489122280570143 0.9, 16.510127531882972 0.9, 16.531132783195797 0.9, 16.552138034508626 0.9, 16.573143285821455 0.9, 16.594148537134284 0.9, 16.615153788447113 0.9, 16.63615903975994 0.9, 16.657164291072768 0.9, 16.678169542385596 0.9, 16.699174793698425 0.9, 16.720180045011254 0.9, 16.74118529632408 0.9, 16.76219054763691 0.9, 16.783195798949738 0.9, 16.804201050262566 0.9, 16.825206301575395 0.9, 16.84621155288822 0.9, 16.86721680420105 0.9, 16.88822205551388 0.9, 16.909227306826708 0.9, 16.930232558139533 0.9, 16.951237809452362 0.9, 16.97224306076519 0.9, 16.99324831207802 0.9, 17.01425356339085 0.9, 17.035258814703674 0.9, 17.056264066016503 0.9, 17.077269317329332 0.9, 17.09827456864216 0.9, 17.11927981995499 0.9, 17.140285071267815 0.9, 17.161290322580644 0.9, 17.182295573893473 0.9, 17.203300825206302 0.9, 17.22430607651913 0.9, 17.245311327831956 0.9, 17.266316579144785 0.9, 17.287321830457614 0.9, 17.308327081770443 0.9, 17.329332333083272 0.9, 17.350337584396097 0.9, 17.371342835708926 0.9, 17.392348087021755 0.9, 17.413353338334584 0.9, 17.434358589647413 0.9, 17.45536384096024 0.9, 17.476369092273067 0.9, 17.497374343585896 0.9, 17.518379594898725 0.9, 17.539384846211554 0.9, 17.56039009752438 0.9, 17.58139534883721 0.9, 17.602400600150037 0.9, 17.623405851462866 0.9, 17.644411102775695 0.9, 17.66541635408852 0.9, 17.68642160540135 0.9, 17.70742685671418 0.9, 17.728432108027008 0.9, 17.749437359339836 0.9, 17.770442610652662 0.9, 17.79144786196549 0.9, 17.81245311327832 0.9, 17.83345836459115 0.9, 17.854463615903978 0.9, 17.875468867216803 0.9, 17.896474118529632 0.9, 17.91747936984246 0.9, 17.93848462115529 0.9, 17.959489872468115 0.9, 17.980495123780944 0.9, 18.001500375093773 0.9, 18.022505626406602 0.9, 18.04351087771943 0.9, 18.064516129032256 0.9, 18.085521380345085 0.9, 18.106526631657914 0.9, 18.127531882970743 0.9, 18.148537134283572 0.9, 18.169542385596397 0.9, 18.190547636909226 0.9, 18.211552888222055 0.9, 18.232558139534884 0.9, 18.253563390847713 0.9, 18.27456864216054 0.9, 18.295573893473367 0.9, 18.316579144786196 0.9, 18.337584396099025 0.9, 18.358589647411854 0.9, 18.37959489872468 0.9, 18.40060015003751 0.9, 18.421605401350337 0.9, 18.442610652663166 0.9, 18.463615903975995 0.9, 18.48462115528882 0.9, 18.50562640660165 0.9, 18.52663165791448 0.9, 18.547636909227307 0.9, 18.568642160540136 0.9, 18.58964741185296 0.9, 18.61065266316579 0.9, 18.63165791447862 0.9, 18.65266316579145 0.9, 18.673668417104277 0.9, 18.694673668417103 0.9, 18.715678919729932 0.9, 18.73668417104276 0.9, 18.75768942235559 0.9, 18.77869467366842 0.9, 18.799699924981244 0.9, 18.820705176294073 0.9, 18.841710427606902 0.9, 18.86271567891973 0.9, 18.88372093023256 0.9, 18.904726181545385 0.9, 18.925731432858214 0.9, 18.946736684171043 0.9, 18.967741935483872 0.9, 18.988747186796697 0.9, 19.009752438109526 0.9, 19.030757689422355 0.9, 19.051762940735184 0.9, 19.072768192048013 0.9, 19.09377344336084 0.9, 19.114778694673667 0.9, 19.135783945986496 0.9, 19.156789197299325 0.9, 19.177794448612154 0.9, 19.19879969992498 0.9, 19.21980495123781 0.9, 19.240810202550637 0.9, 19.261815453863466 0.9, 19.282820705176295 0.9, 19.30382595648912 0.9, 19.32483120780195 0.9, 19.34583645911478 0.9, 19.366841710427607 0.9, 19.387846961740436 0.9, 19.40885221305326 0.9, 19.42985746436609 0.9, 19.45086271567892 0.9, 19.47186796699175 0.9, 19.492873218304577 0.9, 19.513878469617403 0.9, 19.53488372093023 0.9, 19.55588897224306 0.9, 19.57689422355589 0.9, 19.59789947486872 0.9, 19.618904726181544 0.9, 19.639909977494373 0.9, 19.6609152288072 0.9, 19.68192048012003 0.9, 19.70292573143286 0.9, 19.723930982745685 0.9, 19.744936234058514 0.9, 19.765941485371343 0.9, 19.786946736684172 0.9, 19.807951987997 0.9, 19.828957239309826 0.9, 19.849962490622655 0.9, 19.870967741935484 0.9, 19.891972993248313 0.9, 19.912978244561142 0.9, 19.933983495873967 0.9, 19.954988747186796 0.9, 19.975993998499625 0.9, 19.996999249812454 0.9, 20.01800450112528 0.9, 20.03900975243811 0.9, 20.060015003750937 0.9, 20.081020255063766 0.9, 20.102025506376595 0.9, 20.12303075768942 0.9, 20.14403600900225 0.9, 20.16504126031508 0.9, 20.186046511627907 0.9, 20.207051762940736 0.9, 20.22805701425356 0.9, 20.24906226556639 0.9, 20.27006751687922 0.9, 20.29107276819205 0.9, 20.312078019504877 0.9, 20.333083270817703 0.9, 20.35408852213053 0.9, 20.37509377344336 0.9, 20.39609902475619 0.9, 20.41710427606902 0.9, 20.438109527381844 0.9, 20.459114778694673 0.9, 20.4801200300075 0.9, 20.50112528132033 0.9, 20.52213053263316 0.9, 20.543135783945985 0.9, 20.564141035258814 0.9, 20.585146286571643 0.9, 20.60615153788447 0.9, 20.6271567891973 0.9, 20.648162040510126 0.9, 20.66916729182296 0.9, 20.690172543135773 0.9, 20.711177794448645 0.9, 20.732183045761342 0.9, 20.75318829707458 0.9, 20.774193548386222 0.9, 20.795198799701947 0.9, 20.81620405101046 0.9, 20.83720930231219 0.9, 20.85821455377908 0.9, 20.87921980405519 0.9, 20.900225061114675 0.9, 20.921230283397506 0.8999999999999997, 20.94223567350231 0.8999999999999927, 20.963240285170507 0.8999999999998468, 20.984248407675068 0.8999999999969419, 21.005241025475968 0.8999999999412058, 21.026300297690135 0.8999999989374314, 21.047083242159385 0.8999999822842102, 21.069068099840223 0.8999996435254934, 21.09358679845676 0.8999896584178478, 21.11856894656675 0.899961806447669, 21.143453479848635 0.899917704601934, 21.168355511684116 0.8998565648938589, 21.193252194769496 0.8997786635894935, 21.21814692682596 0.8996839756815663, 21.24303871758112 0.899572551708071, 21.26792710839177 0.8994444397003851, 21.292811657198477 0.899299694018131, 21.317691882749315 0.8991383774302741, 21.342567326292126 0.8989605589895934, 21.36743752443848 0.8987663149651062, 21.3923020192973 0.8985557283623705, 21.417160355510152 0.8983288889806744, 21.442012081489327 0.8980858932719381, 21.466856749371363 0.8978268442567413, 21.49169391533957 0.8975518514139663, 21.516523139834735 0.8972610305705808, 21.54134398778911 0.8969545037838057, 21.566156028846432 0.8966323992182392, 21.59095883747398 0.8962948510269325, 21.61575199294497 0.8959419992417523, 21.64053508028523 0.8955739895680133, 21.66530769010574 0.8951909732704226, 21.690069418736822 0.894793107030618, 21.7148198684075 0.894380552796128, 21.739558647416878 0.8939534776256545, 21.7642853702982 0.8935120535308607, 21.788999657974596 0.8930564573150475, 21.813701137907028 0.8925868704089396, 21.83838944423368 0.8921034787039417, 21.863064217901606 0.891606472383054, 21.887725106789894 0.8910960457498114, 21.912371765824666 0.8905723970554882, 21.937003857085344 0.8900357283249339, 21.961621049903293 0.8894862451811527, 21.986223020951318 0.8889241566691374, 22.01080945432543 0.8883496750790236, 22.035380041618673 0.8877630157688614, 22.05993448198559 0.8871643969875104, 22.084472482199658 0.8865540396975508, 22.10899375670258 0.8859321673986571, 22.13349802764471 0.8852990059518183, 22.157985024919004 0.8846547834042464, 22.182454139844467 0.8839543580195292, 22.206903851266777 0.8831480268136981, 22.231333711293033 0.8822355164827138, 22.255743386158432 0.8812171198429375, 22.280132551425606 0.8800931353264341, 22.30450089198947 0.878863866788993, 22.328848102074236 0.8775296233203173, 22.353173885222834 0.8760907190565509, 22.377477954277946 0.874547472995566, 22.401760031317636 0.8729002088236628, 22.426019847676194 0.8711492547247658, 22.450257143926518 0.8692949431988484, 22.474471669794465 0.8673376108977285, 22.49866318410499 0.8652775984558698, 22.522831454722695 0.863115250324553, 22.54697625848686 0.8608509146095397, 22.57109738113932 0.8584849429128236, 22.595194617248605 0.8560176901777704, 22.619267770127042 0.8534495145386092, 22.643316651744694 0.8507807771734489, 22.667341082636916 0.8480118421617564, 22.69134089180816 0.8451430763457536, 22.715315916632086 0.8421748491958048, 22.739266002746735 0.8391075326802425, 22.76319100394629 0.8359415011393151, 22.78709078206917 0.8326771311634081, 22.810965206883832 0.8293148014752258, 22.834814155969994 0.8258548928166568, 22.8586375145987 0.8222977878393966, 22.882435175607668 0.818643871000446, 22.90620703927727 0.8148935284609002, 22.929953013201636 0.8110471479897625, 22.953673012159136 0.8071051188715099, 22.977366957981296 0.8030678318177263, 23.001034779420156 0.7989356788828152, 23.02467641201328 0.794709053384058, 23.048291797949297 0.7903883498251261, 23.07188088593155 0.7859739638237958, 23.095443631041036 0.7814662920434997, 23.11897999459922 0.776865732128521, 23.14248994403016 0.772172682642965, 23.165973452722206 0.7673875430134586, 23.189430499890484 0.7625107134750836, 23.212861070438382 0.7575425950211774, 23.236265154819936 0.7524835893562783, 23.259642748902436 0.7473340988524285, 23.282993853829247 0.7420945265088112, 23.306318475883995 0.7367652759142488, 23.329616626354667 0.7313467512130413, 23.352888321404137 0.725839357071703, 23.376133581925195 0.7202434986546276, 23.39935243340968 0.714559581597825, 23.42254490582131 0.7087880119843247, 23.445711033463887 0.7029291963243618, 23.468850854852413 0.6969835415374491, 23.491964412586565 0.690951454936521, 23.515051753223098 0.6848333442153562, 23.53811292715258 0.6786296174371617, 23.561147988475206 0.6723406830262756, 23.584156994880313 0.665966949761127, 23.607140007526127 0.6595088267697468, 23.63009709092258 0.6529667235266149, 23.653028312814136 0.6463410498520471, 23.675933744066597 0.6396322159124127, 23.698813458554465 0.6328406322224862, 23.721667533049757 0.625966709649568, 23.744496047113895 0.619010859418577, 23.7672990829916 0.6119734931184864, 23.790076725505664 0.6048550227105485, 23.81282906195397 0.5976558605376273, 23.83555618200958 0.5903764193342335, 23.858258177621273 0.5830171122383153, 23.880935142917963 0.5755783528032496, 23.903587174112648 0.568060555011873, 23.926214369410893 0.560464133290267, 23.94881682891966 0.5527895025231194, 23.971394654558875 0.5450370780695, 23.99394794994907 0.5372072757911364, 24.016476820279912 0.5293005120914436, 24.038981372372497 0.5213172038673799, 24.061461714533632 0.5132577685569328, 24.083917956470145 0.5051226241610014, 24.106350209212007 0.4969121892625964, 24.12875858503701 0.4886268830465734, 24.151143197398877 0.480267125318959, 24.173504160855554 0.4718333365273504, 24.195841591000384 0.463325937781044, 24.218155604394372 0.4547453508717245, 24.240446318501483 0.446091998293688, 24.262713851624174 0.437366303264918, 24.284958322842055 0.4285686897475677, 24.30717985195143 0.4196995824688945, 24.329378559406717 0.4107594069420839, 24.351554566263793 0.4017485894869336, 24.373707994113545 0.392667557256162, 24.395838964845208 0.3835167383479271, 24.41794760090722 0.3742965616710019, 24.44003402521017 0.3650074569872904, 24.462098361006923 0.3556498549672019, 24.48414073184691 0.3462241872087115, 24.50616126152901 0.3367308862576653, 24.52816007405893 0.3271703856262755, 24.550137293604852 0.3175431198129506, 24.57209304445698 0.3078495243205214, 24.59402745098729 0.2980900356748025, 24.615940637610873 0.288265091442627, 24.637832728748442 0.2783751302496398, 24.659703848790247 0.2684205917976599, 24.681554122041426 0.2584019168921411, 24.703383672430377 0.2483195475961814, 24.72519262394292 0.2381739270004005, 24.74698110050102 0.227965499284978, 24.768749225835705 0.217694709786133, 24.790497123458113 0.2073620050109437, 24.812224916631106 0.1969678326520146, 24.83393272834216 0.1865126416015692, 24.85562068127878 0.1759968819642483, 24.87728889780235 0.1654210050708611, 24.898937499924603 0.1547854634907244, 24.920566609285345 0.1440907110433752, 24.942176347127774 0.1333372028116298, 24.9637668339912 0.122525395311437, 24.98533819006402 0.111655746297328, 25.00689053528444 0.1007287147046212, 25.028423989119247 0.0897447607707228, 25.049938670545686 0.0787043460443734, 25.0714346980342 0.0676079333943658, 25.092912189532846 0.0564559870172606, 25.11437126245176 0.045248972444929, 25.135812033647575 0.0339873565520555, 25.1572346194107 0.0226716075618982, 25.17863913545122 0.0113021950526915, 25.20002569662588 -0.0001204098877179, 25.2213944171764 -0.0115957347987694, 25.24274541100665 -0.0231233060089719, 25.26407879139398 -0.0347026484736418, 25.285394670980978 -0.046333285772635, 25.306693161763082 -0.0580147401058824, 25.327974375081574 -0.0697465322922096, 25.3492384216133 -0.0815281817664585, 25.370485411363564 -0.0933592065786463, 25.391715453657742 -0.1052391233926131, 25.412928657026438 -0.1171674474222958, 25.434125129028615 -0.1291436923309063, 25.455304976889327 -0.1411673706095999, 25.476468307164968 -0.1532379933864314, 25.49761522570232 -0.1653550704070009, 25.518745837632913 -0.1775181100360344, 25.539860247368992 -0.1897266192601629, 25.560958558597463 -0.2019801036897321, 25.582040874277588 -0.2142780675630902, 25.603107296636576 -0.2266200137498499, 25.624157926995967 -0.2390054436529897, 25.645192865796304 -0.2514338572291449, 25.666212213066206 -0.2639047532768197, 25.68721606810079 -0.2764176292512884, 25.70820452945075 -0.2889719812652442, 25.72917769492018 -0.3015673040949464, 25.750135661566066 -0.3142030911876339, 25.771078525695565 -0.3268788346678525, 25.79200638286625 -0.3395940253458617, 25.812919327846455 -0.3523481527019799, 25.833817454364805 -0.3651407047425381, 25.854700855672935 -0.3779711683511497, 25.875569624351787 -0.39083902918087, 25.89642385223129 -0.4037437716149366, 25.917263630390003 -0.4166848787763721, 25.93808904915527 -0.4296618325381839, 25.95890019810474 -0.44267411353463, 25.979697166066163 -0.4557212011717258, 26.000480041102815 -0.4688025736291211, 26.02124891028838 -0.4819177077323298, 26.042003860143055 -0.4950660792325908, 26.062744976542 -0.5082471627626304, 26.08347234461738 -0.5214604317882947, 26.104186048759125 -0.534705358621179, 26.124886172618886 -0.5479814144334941, 26.145572799108685 -0.5612880692699086, 26.166246010405892 -0.5746247920635678, 26.186905887932266 -0.5879910506362235, 26.207552512198003 -0.601386311614572, 26.228185963164776 -0.6148100406695599, 26.24880632012523 -0.6282617024556969, 26.26941366164854 -0.6417407605913881, 26.29000806558116 -0.6552466776738028, 26.310589609050965 -0.6687789152961051, 26.33115836846912 -0.6823369340634962, 26.351714419533007 -0.6959201936101783, 26.37225783719332 -0.7095281525941072, 26.392788695607596 -0.7231602686834352, 26.413307068374795 -0.7368159987191337, 26.433813028407176 -0.7504947986509914, 26.454306647918386 -0.7641961235464434, 26.474787998425654 -0.7779194276084396, 26.495257150755133 -0.7916641641955062, 26.515714175042895 -0.8054297858393296, 26.536159140739596 -0.8192157442648165, 26.55659211657692 -0.8330214903864234, 26.577013170625715 -0.8468464743622175, 26.59742237034017 -0.8606901456394498, 26.617819782503023 -0.8745519529381864, 26.638205473227824 -0.8884313442709311, 26.65857950796325 -0.9023277669637536, 26.678941951497208 -0.9162406676774949, 26.69929286795884 -0.9301694924278486, 26.719632320824473 -0.9441136866081085, 26.739960372941127 -0.9580726950231652, 26.760277086527317 -0.9720459619094133, 26.780582523158348 -0.9860329309450901, 26.800876743770814 -1.0000330452729014, 26.821159808665495 -1.0140457475217808, 26.841431777511655 -1.0280704798297662, 26.86169270935063 -1.0421066838665642, 26.881942662600355 -1.0561538008569094, 26.90218169508827 -1.0702112716218934, 26.922409864098675 -1.084278536629477, 26.942627226244532 -1.0983550359350835, 26.96283383752641 -1.1124402092397738, 26.983029753340496 -1.126533495916635, 27.003215028483012 -1.1406343350350658, 27.023389717154693 -1.1547421653852474, 27.0435538729641 -1.1688564255020855, 27.063707548932925 -1.1829765536904846, 27.08385079761121 -1.1971019881194802, 27.10398367098419 -1.211232166786151, 27.12410622037151 -1.22536652747515, 27.144218496520935 -1.2395045078398952, 27.164320549614665 -1.253645545429214, 27.18441242927216 -1.2677890777119685, 27.204494184555323 -1.2819345421032833, 27.224565863973442 -1.2960813759907488, 27.244627515494823 -1.3102290167648987, 27.264679186739844 -1.3243769019622778, 27.284720924695737 -1.3385244691116984, 27.304752775734244 -1.3526711557690656, 27.324774785696853 -1.366816399594045, 27.344786999898254 -1.3809596383760765, 27.36478946313243 -1.3951003100621215, 27.384782219676968 -1.4092378527833966, 27.404765313297577 -1.4233717048823717, 27.424738787269934 -1.4375013049504801, 27.444702684612245 -1.4516260919951995, 27.464657047696384 -1.465745505225236, 27.484601918317324 -1.4798589841181775, 27.504537337783532 -1.4939659685007856, 27.524463346921873 -1.5080658985767412, 27.544379986082852 -1.522158214954716, 27.564287295146123 -1.5362423586766683, 27.584185313526675 -1.5503177712466099, 27.604074080183825 -1.5643838946611552, 27.62395363387239 -1.5784401715868002, 27.643824012814104 -1.5924860451852192, 27.663685254639464 -1.6065209591038292, 27.683537396540633 -1.6205443575940244, 27.703380475279417 -1.6345556855413879, 27.723214527192145 -1.6485543884940905, 27.74303958819694 -1.6625399126927558, 27.762855693799228 -1.6765117050993066, 27.78266287909934 -1.6904692134271038, 27.80246117889315 -1.7044118862265387, 27.822250627811453 -1.71833917299304, 27.842031259815055 -1.7322505238916754, 27.861803108460002 -1.7461453899416481, 27.881566206930103 -1.7600232230614092, 27.901320588043713 -1.7738834760983946, 27.92106628426213 -1.7877256028597461, 27.940803327696027 -1.8015490581418283, 27.96053175011448 -1.8153532977613005, 27.980251582951755 -1.8291377785848257, 27.99996285744481 -1.8429019586349873, 28.019665604686733 -1.8566452971462115, 28.039359855175412 -1.8703672543273249, 28.05904563909396 -1.884067291551549, 28.07872298633269 -1.8977448713949396, 28.098391926497577 -1.9113994576668714, 28.118052488918757 -1.9250305154404999, 28.137704702661548 -1.9386375110846106, 28.157348596534426 -1.952219912293648, 28.176984199100094 -1.9657771881194361, 28.196611538703085 -1.9793088090121882, 28.216230643739163 -1.9928142469982457, 28.23584154219465 -2.006292975442798, 28.25544426174649 -2.0197444691328963, 28.275038829877055 -2.0331682043677635, 28.294625273885412 -2.046563658990026, 28.314203620897867 -2.0599303124163972, 28.33377389788108 -2.0732676456696737, 28.353336131653375 -2.0865751414095643, 28.37289034889671 -2.099852283963749, 28.392436576170507 -2.113098559359787, 28.411974839924028 -2.1263134553560676, 28.431505166699875 -2.139496461577136, 28.451027582932998 -2.152647069426137, 28.470542114813213 -2.165764772033958, 28.490048788473356 -2.1788490643862186, 28.50954763000512 -2.191899443355116, 28.52903866547232 -2.2049154077296316, 28.548521920927225 -2.2178964582471634, 28.56799742242595 -2.2308420976243863, 28.5874651960442 -2.243751830588061, 28.606925267892677 -2.2566251639053596, 28.626377664136076 -2.2694616064158257, 28.645822411007877 -2.2822606690608174, 28.66525953487291 -2.295021864937627, 28.684689062361656 -2.307744709390108, 28.704111020036212 -2.3204287198544176, 28.723525434572 -2.333073415975457, 28.742932332804507 -2.345678319651422, 28.762331741748184 -2.358242955063348, 28.78172368861743 -2.3707668487053426, 28.80110820084524 -2.383249529413228, 28.820485306105684 -2.3956905283947014, 28.83985503233396 -2.408089379257839, 28.85921740774852 -2.420445618040202, 28.878572460872842 -2.432758783237313, 28.897920220558046 -2.445028415831054, 28.917260716006396 -2.457254059318032, 28.936593976795994 -2.469435259738013, 28.955920033007867 -2.4815715657518593, 28.97523891508901 -2.4936625285889855, 28.994550653867865 -2.5057077020703873, 29.01385528064488 -2.517706642667399, 29.03315282721902 -2.5296589095282416, 29.05244332591388 -2.5415640645037345, 29.071726809604115 -2.553421672172556, 29.09100331174283 -2.5652312998663307, 29.110272866389884 -2.5769925176944493, 29.129535508239584 -2.5887048985679466, 29.148791272648985 -2.600368018222964, 29.168040195668446 -2.61198145524454, 29.18728231406915 -2.6235447910882588, 29.206517665375415 -2.6350576101033583, 29.225746287893642 -2.646519499553526, 29.24496822074397 -2.657930049638121, 29.264183503891672 -2.6692888535124952, 29.283392178178822 -2.680595507307583, 29.30259428537616 -2.6918496101575875, 29.321789868206043 -2.703050764213775, 29.340978970326205 -2.71419857464046, 29.360161636402452 -2.7252926496494663, 29.379337912143534 -2.7363326005167203, 29.398507844335477 -2.747318041597646, 29.417671480875406 -2.758248590341418, 29.436828870808135 -2.7691238673053826, 29.455980064359668 -2.779943496167201, 29.475125112974357 -2.7907071037375077, 29.494264069349246 -2.801414319970365, 29.51339698747159 -2.8120647779739896, 29.532523922654512 -2.8226581140196556, 29.551644931572962 -2.833193967549628, 29.570760072301848 -2.843671981184907, 29.58986940435132 -2.8540918007306972, 29.60897298870483 -2.8644530751818724, 29.62807088785584 -2.8747554567267666, 29.647163165844436 -2.8849986007497797, 29.66624988829514 -2.895182165833298, 29.68533112245348 -2.9053058137579386, 29.704406937222988 -2.9153692095018044, 29.72347740320243 -2.9253720212386147, 29.742542592721957 -2.9353139203342327, 29.761602579880165 -2.9451945813423372, 29.78065744057985 -2.9550136819983748, 29.799707252564396 -2.9647709032125444, 29.818752095453085 -2.9744659290611617, 29.837792050776628 -2.9840984467768674, 29.85682720201138 -2.9936681467371575, 29.875857634614224 -3.0031747224519054, 29.894883436055732 -3.012617870549067, 29.91390469585354 -3.0219972907592423, 29.932921505604448 -3.0313126858985773, 29.951933959016056 -3.0405637618502963, 29.97094215193781 -3.049750227544849, 29.989946182390213 -3.058871794938241, 30.00894615059454 -3.0679281789893773, 30.02794215899968 -3.076919097635282, 30.046934312308874 -3.085844271765173, 30.065922717507927 -3.0947034251938534, 30.084907483887278 -3.1034962846320377, 30.103888723065353 -3.112222579656043, 30.12286654901025 -3.1208820426758797, 30.141841078059418 -3.129474408901729, 30.160812428938804 -3.1379994163092575, 30.179780722779235 -3.146456805603131, 30.198746083131795 -3.154846320179339, 30.217708635981335 -3.1631677060860595, 30.236668509757752 -3.171420711983043, 30.255625835345846 -3.179605089099805, 30.274580746094173 -3.1877205911927464, 30.293533377820953 -3.195766974500742, 30.312483868814397 -3.2037439976985653, 30.331432359834892 -3.211651421850234, 30.35037899411412 -3.219489010360988, 30.369323917350922 -3.22725652892792, 30.388267277705047 -3.234953745489639, 30.407209225788726 -3.242580430175032, 30.426149914654438 -3.2501363552507625, 30.44508949978158 -3.2576212950683, 30.46402813905902 -3.2650350260097865, 30.482965992765205 -3.2723773264332503, 30.50190322354605 -3.2796479766173157, 30.520839996388617 -3.286846758705, 30.539776478593012 -3.293973456647295, 30.55871283974052 -3.301027856146152, 30.577649251658617 -3.3080097445971153, 30.5965858883835 -3.3149189110318553, 30.61552292611848 -3.3217551460603367, 30.63446054319011 -3.328518241813125, 30.653398920000473 -3.335207991883621, 30.672338238976195 -3.341824191270425, 30.691278684514835 -3.348366636320094, 30.710220442927 -3.354835124670063, 30.72916370237633 -3.361229455192249, 30.74810865281502 -3.367549427937041, 30.767055485916984 -3.373794844078128, 30.786004395007396 -3.3799655058581006, 30.80495557498881 -3.3860612165349373, 30.8239092222646 -3.392081780329626, 30.842865534658547 -3.398027002374857, 30.86182471133204 -3.403896688665105, 30.880786952697452 -3.4096906460079985, 30.89975246032918 -3.4154086819773295, 30.918721436871184 -3.421050604867607, 30.937694085941963 -3.4266162236504227, 30.95667061203666 -3.432105347932682, 30.97565122042621 -3.437517787916774, 30.99463611705435 -3.4428533543629265, 31.013625508431662 -3.448111858553687, 31.032619601527255 -3.4532931122607464, 31.051618603659833 -3.458396927714347, 31.07062272254124 -3.4634231175911205, 31.08963216596403 -3.468371494965573, 31.10864714162017 -3.473241873281902, 31.127667857086372 -3.478034066345466, 31.14669451970358 -3.482747888305511, 31.165727336455618 -3.487383153640932, 31.184766513846014 -3.4919396771490017, 31.20381225777381 -3.4964172739372317, 31.222864773408496 -3.500815759418388, 31.241924265063993 -3.5051349493087205, 31.260990936071924 -3.5093746596294504, 31.280064988654665 -3.513534706711583, 31.29914662379795 -3.5176149072040515, 31.31823604112306 -3.521615078085211, 31.337333438760016 -3.5255350366777813, 31.35643901321978 -3.5293746006671243, 31.37555295926805 -3.533133588122991, 31.394675469799065 -3.536811817524649, 31.413806735710285 -3.5404091077894213, 31.43294694577853 -3.543925278304614, 31.452096286536655 -3.5473601489628, 31.471254942152452 -3.550713540200446, 31.490423094308316 -3.553985273039814, 31.509600922092822 -3.5571751691341653, 31.52878860212016 -3.5602830508158463, 31.54798630802653 -3.563308741144239, 31.567194210387495 -3.566252063963164, 31.58641247672219 -3.5691128439594118, 31.605641271386872 -3.5718909067232114, 31.624880755470894 -3.5745860788115214, 31.64413108669625 -3.5771981878140346, 31.663392419318946 -3.5797270624218305, 31.682664904035807 -3.5821725324984866, 31.701948687891754 -3.5845344291536785, 31.721243914193657 -3.5868125848189707, 31.74055072242519 -3.5890068333258545, 31.75986924816727 -3.59111700998577, 31.779199623021263 -3.5931429516720685, 31.79854197453657 -3.595084496903737, 31.81789642614228 -3.5969414859307607, 31.837263097082594 -3.598713760820999, 31.856642102356837 -3.6004011655483965, 31.87603355266326 -3.6020035460824387, 31.89543755434777 -3.603520750478627, 31.91485420935607 -3.604952628969945, 31.934283615191053 -3.6062990340590315, 31.95372586487411 -3.6075598206110184, 31.973181046967575 -3.608734845941213, 31.99264924560226 -3.6098239699016075, 32.01213054016305 -3.610827055003419, 32.031625005429845 -3.611743966496555, 32.05113271157404 -3.612574572462128, 32.07065372414648 -3.6133187439059595, 32.09018810406986 -3.613976354851663, 32.10973590763511 -3.61454728243325, 32.129297186502185 -3.615031406987054, 32.14887198770516 -3.6154286121428414, 32.1684603536607 -3.615738784914109, 32.18806232218224 -3.615961815787121, 32.207677926495634 -3.6160975988091217, 32.22730719526172 -3.616146031674849, 32.24695015259942 -3.616107015812134, 32.26660681811551 -3.615980456465571, 32.28627720693593 -3.615766262778915, 32.30596132974158 -3.615464347875611, 32.32565919280739 -3.615074628937598, 32.34537079804411 -3.614597027282311, 32.36509614304412 -3.614031468437599, 32.3848352211299 -3.6133778822147056, 32.40458802140486 -3.612636202779217, 32.42435452880801 -3.611806368719713, 32.4441347241706 -3.610888323114289, 32.463928584275386 -3.6098820135948344, 32.483736081918615 -3.608787392408895, 32.503557185973975 -3.607604416479265, 32.52339186145867 -3.606333047461178, 32.54324006960211 -3.6049732517969457, 32.56310176791535 -3.603525000768384, 32.582976910263746 -3.601988270546435, 32.60286544693995 -3.6003630422385857, 32.62276732473916 -3.598649301933606, 32.64268248703527 -3.596847040743872, 32.66261087386315 -3.5949562548440053, 32.682552421998494 -3.5929769455077407, 32.702507065018416 -3.5909091191473372, 32.722474733395885 -3.5887527873425475, 32.74245535458127 -3.586507966870298, 32.76244885308442 -3.5841746797319134, 32.78245515055722 -3.5817529531779133, 32.80247416587674 -3.579242819730314, 32.822505815227885 -3.576644317202762, 32.84255001218752 -3.573957488717948, 32.862606667807725 -3.5711823827229487, 32.882675690698925 -3.5683190530022935, 32.90275698711395 -3.56536755868851, 32.922850461031025 -3.562327964270668, 32.942956014236515 -3.559200339600738, 32.96307354640789 -3.555984759897682, 32.983202955195615 -3.5526813057496036, 33.00334413630519 -3.5492900631136663, 33.02349698357761 -3.5458111233143343, 33.043661389070174 -3.5422445830393645, 33.0638372431362 -3.538590544334002, 33.08402443450374 -3.534849114593419, 33.10422285035331 -3.5310204065534188, 33.12443237639588 -3.527104538279027, 33.144652896948024 -3.5231016331520117, 33.164884295007894 -3.519011819856216, 33.185126452328646 -3.514835232361771, 33.205379249492225 -3.510572009907349, 33.22564256598026 -3.506222296981548, 33.245916280246036 -3.501786243302107, 33.26620026978287 -3.4972640037945824, 33.286494411192784 -3.4926557385692423, 33.30679858025201 -3.487961612897369, 33.32711265197938 -3.4831817971849195, 33.34743650070155 -3.4783164669456674, 33.367770000114604 -3.4733658027741305, 33.38811302334607 -3.4683299903168114, 33.40846544301516 -3.463209220242627, 33.42882713129205 -3.4580036882122833, 33.449197959955676 -3.452713594846806, 33.46957780045039 -3.4473391456951172, 33.48996652394042 -3.441880551201198, 33.51036400136415 -3.436338026669988, 33.530770103486226 -3.430711792232961, 33.55118470094853 -3.4250020728128883, 33.57160766431983 -3.419209098088036, 33.59203886414368 -3.413333102455881, 33.61247817098596 -3.407374324995967, 33.63292545547997 -3.401333009432653, 33.653380588370744 -3.3952094040972183, 33.67384344055817 -3.3890037618894757, 33.694313883138435 -3.3827163402391687, 33.7147917874443 -3.3763474010669365, 33.73527702508443 -3.369897210744857, 33.755769467981146 -3.363366040056823, 33.77626898840655 -3.3567541641587937, 33.796775459018825 -3.3500618625382588, 33.81728875289542 -3.3432894189743063, 33.83780874356651 -3.336437121496867, 33.858335305046964 -3.3295052623459847, 33.87886831186654 -3.322494137931181, 33.899407639099934 -3.31540404879036, 33.91995316239508 -3.3082352995488447, 33.94050475802323 -3.3009881988680427, 33.961062302882034 -3.293663059414624, 33.981625674505416 -3.286260197826472, 34.00219475110368 -3.278779934664457, 34.02276941158713 -3.2712225943712, 34.04334953558799 -3.2635885052301403, 34.063935003481774 -3.255877999324524, 34.08452569640852 -3.2480914124960436, 34.10512149629168 -3.2402290843042407, 34.1257222858565 -3.232291357985842, 34.14632794864912 -3.224278580413411, 34.16693836905224 -3.2161911020553995, 34.18755343230276 -3.2080292769349206, 34.20817302450596 -3.1997934625899687, 34.22879703265087 -3.1914840200328873, 34.24942534462457 -3.1831013137100332, 34.270057849224685 -3.1746457114622184, 34.29069443617826 -3.166117584481752, 34.31133499621466 -3.15751730724232, 34.331979420964764 -3.148845257514855, 34.35262760299607 -3.140101816316458, 34.373279435843166 -3.131287367861198, 34.39393481401713 -3.122402299521156, 34.414593633015315 -3.1134470017872404, 34.43525578932812 -3.104421868231402, 34.45592118044877 -3.0953272954672535, 34.47658970487911 -3.0861636831126766, 34.49726126213733 -3.0769314337513523, 34.517935752764295 -3.067630952895005, 34.53861307832907 -3.058262648945993, 34.55929314143509 -3.048826933159569, 34.579975845727205 -3.039324219605638, 34.60066109598633 -3.029754925084066, 34.62134879799952 -3.0201194691583333, 34.64203885855777 -3.01041827412263, 34.662731185508 -3.0006517649400553, 34.683425687756056 -2.9908203692065305, 34.70412227526962 -2.9809245171148326, 34.72482085908087 -2.970964641418768, 34.7455213512899 -2.960941177396999, 34.76622366506575 -2.9508545628181864, 34.78692771464856 -2.9407052379055862, 34.80763341535214 -2.930493645301465, 34.82834068356468 -2.9202202300326117, 34.8490494368159 -2.909885439439163, 34.86975959375604 -2.8994897231516905, 34.89047107400657 -2.889033533139997, 34.91118379826511 -2.8785173236217183, 34.93189768830848 -2.8679415510268487, 34.952612666991605 -2.857306673964752, 34.97332865824959 -2.846613153189384, 34.99404558709619 -2.835861451566714, 35.01476337962499 -2.8250520340406493, 35.03548196300882 -2.8141853676000923, 35.05620126549958 -2.8032619212458347, 35.07692121647408 -2.792282165931296, 35.09764174647817 -2.781246574503844, 35.11836278700643 -2.7701556217978176, 35.139084270621055 -2.759009784534276, 35.159806130961435 -2.7478095412828196, 35.18052830274198 -2.7365553724303218, 35.20124898631017 -2.7252447698650366, 35.22196542383788 -2.7138736077360033, 35.242677540157985 -2.7024424037743793, 35.26338529403263 -2.690951731624734, 35.284088646408804 -2.6794021659994405, 35.30478756051892 -2.667794282581446, 35.325482001638406 -2.6561286581282406, 35.3461719371094 -2.644405870421142, 35.366857336370636 -2.632626498210827, 35.387538170938704 -2.6207911211917136, 35.40821441438884 -2.608900319976972, 35.4288860423368 -2.596954676073257, 35.4495530324207 -2.584954771855829, 35.47021536428291 -2.5729011905439707, 35.490873019572014 -2.5607945161647607, 35.51152598202619 -2.548635333468248, 35.53217423721897 -2.536424228045094, 35.55281777263062 -2.524161786250155, 35.57345657766059 -2.5118485951613923, 35.59409064361192 -2.499485242555809, 35.61471996367538 -2.487072316885834, 35.63534453291422 -2.474610407255729, 35.65596434824921 -2.4621001033980816, 35.6765794084438 -2.4495419956505415, 35.69718971417701 -2.436936674879478, 35.71779526793276 -2.4242847325153276, 35.73839607390773 -2.4115867605775057, 35.75899213808492 -2.398843351598698, 35.7795834682213 -2.386055098601584, 35.800170073834444 -2.373222595076414, 35.82075196619024 -2.3603464349582968, 35.84132915829105 -2.3474272126044124, 35.86190166486325 -2.3344655227719437, 35.882469502402074 -2.321461960560929, 35.90303268913237 -2.3084171214090614, 35.923591244874785 -2.2953316011452447, 35.94414519112866 -2.2822059959099916, 35.96469455106269 -2.2690409021327476, 35.98523934950528 -2.255836916509691, 36.00577961293464 -2.2425946359819013, 36.02631536946976 -2.2293146577133003, 36.04684664886095 -2.2159975790690942, 36.06737348253415 -2.2026439975610224, 36.087895903532605 -2.1892545108565975, 36.108413946436215 -2.175829716802636, 36.128927647423275 -2.1623702133605147, 36.149437044262875 -2.1488765985847245, 36.16994217630749 -2.13534947060154, 36.19044308448648 -2.1217894275873617, 36.21093981129922 -2.1081970677475637, 36.23143240081013 -2.0945729892943588, 36.251920898690805 -2.0809177903954583, 36.272405352128565 -2.06723206920653, 36.29288580982703 -2.053516423846372, 36.313362322031175 -2.039771452357026, 36.33383494052234 -2.0259977526828905, 36.35430371861337 -2.0121959226499744, 36.37476871114542 -1.9983665599444145, 36.39522997448262 -1.9845102620924848, 36.4156875665147 -1.9706276264359208, 36.43614154666673 -1.956719250102991, 36.456591975841114 -1.9427857300223679, 36.477038916445224 -1.9288276628834455, 36.497482432393745 -1.9148456451128357, 36.51792258910676 -1.9008402728536966, 36.53835945350779 -1.8868121419454107, 36.55879309402163 -1.8727618479035855, 36.579223580573384 -1.8586899858995931, 36.59965098458434 -1.8445971507423082, 36.6200753789615 -1.8304839368640922, 36.64049683810516 -1.8163509382957028, 36.660915437911655 -1.8021987486444746, 36.681331255773735 -1.7880279610742533, 36.70174437058037 -1.7738391682859533, 36.72215486271687 -1.7596329624981486, 36.742562814065806 -1.7454099354274564, 36.76296830800612 -1.7311706782702823, 36.78337142937797 -1.7169157817063767, 36.803772264529904 -1.702645835850919, 36.82417090132411 -1.6883614302332277, 36.84456742912624 -1.6740631537854516, 36.864961938807014 -1.6597515948241077, 36.885354522744905 -1.6454273410311888, 36.90574527482848 -1.6310909794358288, 36.92613429045886 -1.6167430963961533, 36.94652166653591 -1.6023842775915267, 36.96690750141322 -1.5880151080346232, 36.987291895021244 -1.5736361719786744, 37.007674948824324 -1.5592480529288677, 37.02805676581627 -1.544851333629957, 37.04843745052366 -1.5304465960493276, 37.06881710901174 -1.516034421358728, 37.08919584888685 -1.5016153899184839, 37.10957377930243 -1.487190081259798, 37.1299510109141 -1.4727590740989491, 37.15032765587547 -1.4583229463263951, 37.17070382798796 -1.443882274900752, 37.19107964262238 -1.4294376358848484, 37.211455216721724 -1.4149896044315975, 37.23183066880833 -1.4005387547675079, 37.252206118987026 -1.3860856601789977, 37.2725816889539 -1.3716308929955878, 37.29295750200097 -1.3571750245759389, 37.313333682946755 -1.3427186253397834, 37.33371035816785 -1.328262264737883, 37.35408765576511 -1.31380651113986, 37.37446570546403 -1.299351931885947, 37.3948446386192 -1.2848990932748985, 37.41522458822248 -1.2704485605500182, 37.43560568890991 -1.256000897886345, 37.45598807696866 -1.2415566683781545, 37.47637189034481 -1.2271164340263505, 37.49675726858708 -1.2126807557650947, 37.51714435281162 -1.1982501934756953, 37.53753328596296 -1.1838253058214827, 37.55792421268357 -1.1694066503209128, 37.5783172793126 -1.154994783342385, 37.598712633895694 -1.1405902600927504, 37.61911042619191 -1.1261936346079378, 37.63951080768175 -1.1118054597433629, 37.65991393157587 -1.0974262871643239, 37.68031995281143 -1.0830566673441875, 37.700729027892905 -1.0686971496556248, 37.72114131518996 -1.0543482821892038, 37.74155697490063 -1.0400106117731203, 37.76197616899453 -1.0256846840049092, 37.782399061219685 -1.0113710432454996, 37.802825817111575 -0.9970702326123965, 37.82325660400166 -0.9827827939736083, 37.84369159102367 -0.9685092679433391, 37.86413094912335 -0.9542501938761005, 37.884574851039204 -0.9400061098782097, 37.90502347114674 -0.925777552899127, 37.92547698581658 -0.9115650585229347, 37.94593557330795 -0.8973691610328011, 37.96639941373107 -0.8831903934351251, 37.98686868905307 -0.8690292874585773, 38.00734358310551 -0.8548863735527086, 38.0278242815919 -0.8407621808869896, 38.048310972093496 -0.8266572373513242, 38.068803844076335 -0.8125720695563268, 38.08930308889733 -0.7985072028345535, 38.109808899661346 -0.7844631613269266, 38.13032147137821 -0.7704404678981932, 38.15084100110791 -0.7564396440610143, 38.171367687824436 -0.7424612100603474, 38.1919017324208 -0.728505684877649, 38.21244333771211 -0.7145735862366096, 38.23299270844194 -0.7006654306075111, 38.253550051283696 -0.6867817332148682, 38.27411557484472 -0.6729230080439256, 38.294689489669544 -0.6590897678481578, 38.31527200824099 -0.6452825241583449, 38.33586334489313 -0.6315017873405218, 38.35646371581101 -0.617748066605869, 38.377073339298384 -0.6040218698748412, 38.39769243560823 -0.5903237038823534, 38.41832122693548 -0.5766540741936179, 38.43895993741818 -0.5630134852158223, 38.4596087931325 -0.5494024402134967, 38.480268022093355 -0.5358214413212676, 38.50093785424861 -0.5222709895604658, 38.52161852147622 -0.5087515848544998, 38.54231025757907 -0.4952637260458518, 38.56301329827874 -0.4818079109139975, 38.58372788118583 -0.4683846362059702, 38.604454245666005 -0.4549943977215564, 38.625192633124676 -0.4416376901789738, 38.6459432868909 -0.4283150072926393, 38.66670645217023 -0.4150268418142173, 38.68748237603412 -0.4017736855546991, 38.70827130740596 -0.3885560294084389, 38.72907349704769 -0.3753743633771224, 38.74988919754548 -0.3622291765944727, 38.770718663291554 -0.3491209573530283, 38.7915621504678 -0.3360501931302888, 38.81241991702616 -0.3230173706165386, 38.833292222669094 -0.3100229757428213, 38.854179328826575 -0.2970674937106975, 38.875081498629164 -0.2841514090240551, 38.89599899678442 -0.2712752055683673, 38.916932089720305 -0.258439366558005, 38.937881045541374 -0.2456443745770443, 38.95884613394865 -0.2328907116374459, 38.979827626208184 -0.2201788592129418, 39.000825795118004 -0.2075092982736131, 39.0218409149716 -0.1948825093219266, 39.04287326152308 -0.182298972427804, 39.063923111946785 -0.1697591672660911, 39.0849907447971 -0.1572635731536599, 39.10607643996524 -0.1448126690876097, 39.12718047863429 -0.1324069337839187, 39.148303143232326 -0.120046845716568, 39.16944471738263 -0.1077328831575941, 39.190605485852416 -0.0954655242172754, 39.21178573449877 -0.0832452468850374, 39.2329857502127 -0.071072529070628, 39.254205820856185 -0.0589478486477716, 39.27544623516438 -0.0468716835124934, 39.29670728276213 -0.0348445115896232, 39.317989254073765 -0.022866810886582, 39.339292440238786 -0.0109390595433951, 39.3606171330398 0.0009382641239102, 39.3819636248287 0.0127646815800853, 39.40333220844942 0.0245397140271516, 39.424723177157176 0.0362628823604689, 39.44613682453822 0.0479337071263435, 39.467573444420154 0.059551708476882, 39.48903333078763 0.0711164061285685, 39.51051677768709 0.0826273193176719, 39.53202407913529 0.0940839667587973, 39.55355552901833 0.105485866601145, 39.57511142099436 0.1168325363879799, 39.59669204838633 0.1281234930138384, 39.61829770407758 0.1393582526847813, 39.63992868039966 0.1505363308774482, 39.66158526902046 0.1616572423003348, 39.68326776082612 0.1727205008547234, 39.70497644580216 0.1837256195975497, 39.72671161290946 0.1946721107045735, 39.748473549958845 0.2055594854354434, 39.77026254348058 0.2163872540993083, 39.79207887859187 0.2271549260222748, 39.81392283886056 0.2378620095161284, 39.835794706165366 0.2485080118485536, 39.85769476055462 0.2590924392157014, 39.879623280098485 0.2696147967153197, 39.90158054074146 0.280074588323109, 39.92356681614998 0.290471316870435, 39.94558237755641 0.3008044840240985, 39.96762749360422 0.3110735902697978, 39.989702430185915 0.3212781348965576, 40.01180745027231 0.3314176159817308, 40.033942813750286 0.3414915303826441, 40.05610877725198 0.3514993737289936, 40.07830559398275 0.3614406404187123, 40.10053351354663 0.3713148236169022, 40.122792781767394 0.3811214152573431, 40.1450836405102 0.3908599060482999, 40.16740632749744 0.4005297854806609, 40.1897610761253 0.410130541840558, 40.21214811527743 0.4196616622254443, 40.2345676691357 0.4291226325636737, 40.257019956989964 0.4385129376382972, 40.27950519304677 0.4478320611150953, 40.3020235862361 0.4570794855746648, 40.32457534001604 0.4662546925485763, 40.347160652177614 0.4753571625603618, 40.36977971464877 0.4843863751710296, 40.39243271329596 0.4933418090287889, 40.41511982772736 0.5022229419241154, 40.43784123109462 0.5110292508493421, 40.46059708989484 0.5197602120632961, 40.48338756377235 0.5284153011608732, 40.50621280532196 0.5369939931480056, 40.52907295989146 0.5454957625214827, 40.55196816538666 0.5539200833544398, 40.574898552073066 0.5622664293860508, 40.597864242365375 0.5705342741133954, 40.620865350667465 0.5787230909007803, 40.64390198317489 0.5868323530845359, 40.66697423768389 0.5948615340844711, 40.69008220340685 0.602810107521825, 40.71322596079139 0.6106775473428804, 40.73640558134097 0.6184633279477503, 40.75962112744155 0.6261669243252265, 40.782872652189425 0.6337878121925349, 40.80616019922495 0.6413254681409383, 40.82948380257014 0.6487793697866238, 40.85284348647166 0.656148995927056, 40.876239265247534 0.6634338267023356, 40.899671143141674 0.670633343762252, 40.92313911418052 0.6777470304377098, 40.946643162039926 0.684774371917978, 40.970183259915906 0.6917148554323245, 40.993759370401456 0.6985679704362859, 41.01737144537312 0.7053332088030383, 41.0410194258819 0.7120100650186759, 41.06470324205413 0.7185980363821575, 41.088422812997436 0.7250966232088758, 41.112178046719315 0.7315053290388109, 41.13596884004799 0.737823660847382, 41.159795078568145 0.744051129260712, 41.183656636560755 0.7501872487733267, 41.207553376955445 0.7562315379693447, 41.231485151289455 0.7621835197459271, 41.255451799678895 0.7680427215395496, 41.27945315079718 0.7738086755540321, 41.3034890218656 0.7794809189907225, 41.32755921865272 0.7850589942800377, 41.351663535484334 0.790542449314281, 41.375801755264064 0.7959308376813947, 41.39997364950441 0.8012237188992891, 41.42417897836316 0.8064206586498939, 41.448417490374396 0.8115212289832785, 41.472688922942446 0.8165250085976817, 41.496993002501256 0.8214315830779445, 41.521329444410064 0.8262405451080721, 41.54569795304887 0.8309514947018324, 41.57009822192502 0.8355640394315268, 41.59452993379071 0.8400777946545426, 41.6189927607697 0.8444923837372306, 41.64348636449681 0.8488074382759939, 41.66801039626613 0.8530225983149714, 41.69256449719023 0.8571375125601041, 41.7171482983692 0.8611518385892039, 41.74176142107053 0.8650652430577126, 41.76640347691728 0.8688774018997097, 41.79107406808723 0.8725880005239818, 41.81577278752057 0.8761967340047173, 41.84049921913682 0.8797033072665645, 41.86525293806049 0.8831074352637363, 41.89003351085541 0.8864088431528719, 41.914840495766995 0.8896072664593707, 41.93967344297237 0.8927024512369209, 41.9645318948381 0.8956941542199859, 41.98941538618495 0.8985821429689889, 42.014323444457716 0.9013661960084067, 42.03925558959482 0.9040461029623936, 42.064211335328935 0.906621664674699, 42.08919018907412 0.9090926933185007, 42.11419165211891 0.9114590125019232, 42.13921521992525 0.9137204573651537, 42.16426038243196 0.9158768746689923, 42.18932662436132 0.9179281228747669, 42.21441342552984 0.9198740722154735, 42.239520261160855 0.9217146047581201, 42.264646602200266 0.9234496144571749, 42.28979191563377 0.9250790071991115, 42.31495566480563 0.9266027008380234, 42.34013730973847 0.9280206252223027, 42.36533630745334 0.9293327222124275, 42.390552112290074 0.9305389456898594, 42.41578417622718 0.9316392615571267, 42.441031949200735 0.932633647729173, 42.466294879421696 0.9335220941160742, 42.491572413692666 0.9343046025971092, 42.516863997720456 0.9349811869865718, 42.542169076428216 0.9355518729911134, 42.56748709426258 0.9360166981591209, 42.59281749549927 0.9363757118219597, 42.618159724391006 0.9366289750439403, 42.643513225385526 0.93677656056029, 42.668877444045854 0.9368185526278046, 42.694251826964326 0.9367550469726814, 42.719635822021225 0.936586150697395, 42.74502887866229 0.9363119821783435, 42.77043044816948 0.9359326709571393, 42.79583998392409 0.9354483576259213, 42.821256941666746 0.9348591937063091, 42.84668077974768 0.9341653415231255, 42.87211095937137 0.9333669740725599, 42.89754694483572 0.9324642748850251, 42.92298820376063 0.9314574378836594, 42.94843420731273 0.9303466672377931, 42.97388443041981 0.9291321772125657, 42.99933835197913 0.9278141920143685, 43.0247954550577 0.9263929456326497, 43.05025522708384 0.9248686816784826, 43.075717160032255 0.9232416532197967, 43.10118075059824 0.921512122614323, 43.12664550036863 0.9196803613391462, 43.15211091597876 0.9177466498191227, 43.17757650926522 0.9157112772526099, 43.203041797410236 0.9135745414355783, 43.22850630307532 0.9113367485848263, 43.25396955452935 0.9089982131595744, 43.2794310857678 0.9065592576823365, 43.30489043662311 0.9040202125593579, 43.33034715286876 0.9013814159003428, 43.35580078631283 0.8986432133386173, 43.381250894887124 0.8958059578506785, 43.40669704272572 0.8928700095767195, 43.43213880023724 0.8898357356414051, 43.457575744169816 0.8867035099753966, 43.48300745766725 0.8834737131381907, 43.50843353032083 0.8801467321414191, 43.53385355821094 0.8767229602742717, 43.55926714394322 0.8732027969300977, 43.58467389667858 0.8695866474345344, 43.610073432149576 0.8658749228773479, 43.635465372682454 0.8620680399431706, 43.66084934722001 0.8581664207423185, 43.68622499131316 0.8541704926505813, 43.71159194711869 0.8500806881482987, 43.73694986339216 0.8458974446617384, 43.76229839547517 0.8416212044071001, 43.78763720527739 0.8372524142372066, 43.81296596125394 0.8327915254908642, 43.83828433837733 0.8282389938452384, 43.86359201810357 0.8235952791714829, 43.88888868833777 0.8188608453922224, 43.91417404339126 0.8140361603432684, 43.93944778393526 0.8091216956383152, 43.964709616953286 0.8041179265358864, 43.98995925568779 0.7990253318101574, 44.01519641958307 0.7938443936249768, 44.04042083422591 0.7885755974107869, 44.06563223128245 0.7832194317449976, 44.09083034843264 0.777776388235383, 44.11601492930263 0.7722469614064622, 44.14118572339698 0.7666316485883105, 44.166342486015154 0.7609309498130408, 44.19148497817935 0.75514536771001, 44.216612966557804 0.7492754074049828, 44.24172622338418 0.7433215764231225, 44.266824526375956 0.7372843845948911, 44.29190765865205 0.7311643439647222, 44.31697540864751 0.7249619687033126, 44.34202757002603 0.7186777750232372, 44.367063941595575 0.7123122810960396, 44.3920843272187 0.7058660069737754, 44.41708853572276 0.6993394745132024, 44.442076380811486 0.692733207302032, 44.46704768097302 0.6860477305890154, 44.49200225939129 0.6792835712153491, 44.516939943850936 0.6724412575510603, 44.541860566650016 0.6655213194308829, 44.56676396450288 0.6585242880964857, 44.59164997845444 0.6514506961366748, 44.616518453781794 0.6443010774350395, 44.641369239907014 0.6370759671155899, 44.666202190303274 0.6297759014934345, 44.69101716240287 0.6224014180270909, 44.71581401750974 0.6149530552712597, 44.74059262070205 0.607431352836008, 44.76535284074885 0.5998368513423704, 44.790094550016526 0.5921700923844608, 44.81481762438084 0.5844316184914171, 44.83952194313708 0.5766219730922872, 44.86420738891561 0.5687417004808093, 44.88887384759201 0.5607913457844678, 44.913521208200336 0.5527714549343623, 44.938149362852094 0.5446825746345318, 44.96275820664817 0.5365252523363386, 44.98734763757598 0.528300036221395, 45.01191755635554 0.5200074752097361, 45.03646786652396 0.5116481188630504, 45.06099847429385 0.503222517389917, 45.08550928845978 0.4947312216318178, 45.11000022032441 0.4861747830420788, 45.134471183616945 0.4775537536698848, 45.15892209441929 0.4688686861424598, 45.18335287109077 0.4601201336494911, 45.20776343419592 0.4513086499276284, 45.232153706430616 0.4424347892472518, 45.25652361254948 0.4334991064001466, 45.28087307930037 0.4245021566851972, 45.30520203535183 0.4154444958988033, 45.329510411225584 0.4063266803242356, 45.353798139231984 0.3971492667208729, 45.37806515340437 0.3879128123151667, 45.40231138943425 0.3786178747924771, 45.42653678457698 0.3692650123046315, 45.45074127736066 0.3598547835767583, 45.47492480798332 0.3503877476752766, 45.49908731812392 0.340864464064083, 45.523228750820586 0.3312854926298183, 45.547349050412414 0.3216513936768812, 45.571448162483264 0.311962727922394, 45.59552603380766 0.3022200564910873, 45.61958261229875 0.2924239409099416, 45.64361784695581 0.2825749431039548, 45.667631687810456 0.2726736253934094, 45.6916240858816 0.2627205504873993, 45.71559499312275 0.2527162814820612, 45.739544362377 0.2426613818555807, 45.76347214732718 0.2325564154663953, 45.78737830211349 0.2224019467274783, 45.81126278168537 0.2121985403966797, 45.83512554196169 0.2019467614645929, 45.85896653952967 0.1916471752866544, 45.88278573160191 0.1813003475807688, 45.90658307598052 0.1709068444217192, 45.93035853101152 0.1604672322411769, 45.95411205555088 0.1499820778220704, 45.977843608928104 0.1394519482946164, 46.001553150904435 0.1288774111357953, 46.02524064164112 0.1182590341636729, 46.04890604166504 0.1075973855336305, 46.07254931167521 0.096893033822582, 46.09617041226346 0.0861465481626356, 46.11976930479091 0.0753584977369486, 46.143345950904674 0.0645294520223383, 46.16690031245814 0.0536599808120048, 46.19043235148105 0.0427506542111105, 46.213942030152204 0.0318020426311592, 46.23742931076808 0.0208147167868715, 46.26089415572079 0.0097892476880546, 46.284336527466856 -0.0012737933631248, 46.307756388503144 -0.0123738347788842, 46.33115370127143 -0.0235103046515501, 46.35452842763888 -0.0346826304763512, 46.377880529925235 -0.0458902397553773, 46.40120997054848 -0.0571325598178314, 46.42451671185069 -0.0684090177407772, 46.44780071607765 -0.0797190403571177, 46.471061945353696 -0.0910620542608265, 46.49430036166563 -0.1024374858172448, 46.5175159268372 -0.113844761167917, 46.54070860251612 -0.1252833062426668, 46.563878350150276 -0.1367525467653386, 46.58702513056334 -0.1482519080247713, 46.61014890428074 -0.1597808150831546, 46.63324963206685 -0.1713386931114789, 46.65632727442038 -0.1829249671148965, 46.679381791557866 -0.1945390619427172, 46.70241314339872 -0.2061804022993376, 46.72542128954823 -0.2178484127540061, 46.748406189284715 -0.2295425177530539, 46.771367801542446 -0.2412621416297225, 46.794306084898466 -0.253006708616317, 46.81722099706729 -0.2647756425620031, 46.84011249552707 -0.2765683673255721, 46.8629805377427 -0.2883843069306549, 46.88582508077205 -0.3002228853513589, 46.90864608125511 -0.3120835265262343, 46.93144349540469 -0.3239656543733285, 46.954217278990576 -0.3358686928012426, 46.9769673873345 -0.3477920657270408, 46.99969377529474 -0.3597351970878464, 47.0223963971085 -0.3716975107661806, 47.045075206111264 -0.383678430439683, 47.06773015570196 -0.3956773801889093, 47.0903611988423 -0.4076937842158441, 47.11296828799141 -0.4197270668258424, 47.13555137508929 -0.4317766524394067, 47.15811041155518 -0.4438419656130932, 47.18064534827656 -0.4559224310549106, 47.20315613560111 -0.4680174736416487, 47.225642723262844 -0.4801265183959054, 47.248105060012094 -0.4922489902804992, 47.27054309448667 -0.5043843147569627, 47.292956774871364 -0.5165319175999512, 47.3153460487755 -0.5286912248450883, 47.33771086323413 -0.5408616628129361, 47.36005116469863 -0.553042658126691, 47.38236689903213 -0.5652336377329803, 47.404658011506406 -0.5774340289237521, 47.426924446718594 -0.5896432593085696, 47.44916614835084 -0.6018607566891747, 47.47138305986418 -0.6140859495148188, 47.4935751241732 -0.6263182667052767, 47.51574228357949 -0.6385571376343289, 47.537884479763555 -0.6508019921495958, 47.560001653786664 -0.6630522605988958, 47.58209374608039 -0.675307373849007, 47.604160696449775 -0.6875667633131382, 47.62620244396299 -0.6998298609076681, 47.648218926932756 -0.7120960990662715, 47.67021008331725 -0.72436491101676, 47.69217585044641 -0.7366357306364781, 47.714116165010566 -0.7489079924717119, 47.7360309630544 -0.7611811317605353, 47.75792017997879 -0.77345458446089, 47.77978375053503 -0.7857277872740109, 47.80162160882715 -0.7980001776731929, 47.82343368820674 -0.8102711938652192, 47.84521992145017 -0.8225402749292257, 47.86698024078602 -0.8348068608619068, 47.888714577787056 -0.8470703925377943, 47.91042286337309 -0.8593303117392967, 47.93210502781514 -0.8715860611877964, 47.95376100072568 -0.8838370845661552, 47.97539071106656 -0.8960828265525627, 47.99699408714579 -0.9083227328475516, 48.018571056646095 -0.9205562502212343, 48.040121546646226 -0.9327828265560429, 48.06164548357675 -0.9450019108486991, 48.08314279321911 -0.957212953239365, 48.10461340070653 -0.9694154050422272, 48.1260572305261 -0.9816087187770446, 48.1474742065177 -0.9937923481988833, 48.16886425187882 -1.0059657483316984, 48.190227289235594 -1.018128375543718, 48.211563240683944 -1.0302796876041604, 48.23287202758526 -1.0424191435861454, 48.254153570665636 -1.054546203960264, 48.27540779002121 -1.0666603306295364, 48.29663460511668 -1.078760986960105, 48.317833934798536 -1.0908476378214669, 48.33900569729124 -1.102919749616107, 48.36014981020592 -1.1149767903171786, 48.3812661907964 -1.1270182296609468, 48.40235475565992 -1.139043538991936, 48.423415420658564 -1.1510521912467258, 48.44444810105667 -1.1630436610728172, 48.465452711526694 -1.1750174248653906, 48.48642916615519 -1.186972960804273, 48.507377378450016 -1.1989097488918399, 48.52829726133953 -1.2108272709860948, 48.54918872723202 -1.2227250108713204, 48.57005168837519 -1.234602454514959, 48.59088605619189 -1.246459089688578, 48.61169174145684 -1.2582944061122294, 48.632468654404114 -1.2701078955556298, 48.653216704739094 -1.2818990518799647, 48.67393580164361 -1.293667371075666, 48.69462585378891 -1.3054123513051665, 48.71528676934329 -1.3171334929424126, 48.735918456060396 -1.3288302986622074, 48.75652082170248 -1.3405022737351093, 48.7770937731509 -1.3521489255147743, 48.7976372167221 -1.3637697636684363, 48.818151058283085 -1.375364300283468, 48.83863520326034 -1.3869320499083178, 48.8590895566563 -1.3984725295982101, 48.87951402305666 -1.409985258955251, 48.89990850664935 -1.4214697601758473, 48.92027291128484 -1.4329255581231524, 48.940607141030014 -1.444352180698881, 48.96091109919149 -1.4557491582847377, 48.98118468854781 -1.4671160239207799, 49.001427811552695 -1.4784523134651184, 49.02164037034821 -1.4897575656380369, 49.04182226678339 -1.5010313220693543, 49.061973402435285 -1.5122731273472432, 49.082093678619046 -1.52348252906054, 49.10218299641843 -1.5346590778532152, 49.122241257096654 -1.5458023277059856, 49.14226836189332 -1.5569118358491327, 49.162264211339824 -1.567987162390343, 49.18222870580564 -1.5790278706782992, 49.202161745527434 -1.5900335273560808, 49.22206323063277 -1.6010037024112909, 49.24193306116384 -1.611937969226047, 49.26177113709981 -1.6228359046260588, 49.28157735838699 -1.6336970889342863, 49.30135162496753 -1.6445211060234428, 49.32109383737515 -1.655307543699912, 49.340803896041116 -1.6660559933305352, 49.36048170106655 -1.6767660497464405, 49.38012715265693 -1.6874373115332695, 49.39974015115393 -1.6980693810846441, 49.41932062873996 -1.7086618098068882, 49.43887119326927 -1.7192095076977418, 49.458393493859205 -1.7297090084760662, 49.47788744636356 -1.740159841360098, 49.49735296572868 -1.7505615390366618, 49.51678996625658 -1.760913637852628, 49.53619836180739 -1.771215677969561, 49.55557806474386 -1.7814672028035556, 49.57492898654723 -1.7916677594198114, 49.59425103787884 -1.8018168986091139, 49.61354412859379 -1.8119141749368648, 49.63280816777195 -1.821959146801843, 49.65204306373144 -1.8319513764848636, 49.67124872405806 -1.8418904302063188, 49.69042505562583 -1.8517758781785372, 49.70957196462669 -1.8616072946630198, 49.728689356740766 -1.8713842581049562, 49.74777713751799 -1.8811063513819195, 49.76683521132635 -1.8907731612637684, 49.78586348187925 -1.9003842787456506, 49.8048618523513 -1.9099392991515276, 49.82383022541124 -1.9194378221915027, 49.842768503244166 -1.9288794520130117, 49.861676587605636 -1.9382637972689374, 49.880554379841165 -1.947590471166476, 49.89940178093502 -1.956859091531461, 49.918218691546905 -1.9660692808655984, 49.937005012051635 -1.9752206664048195, 49.955760642620966 -1.9843128801993604, 49.97448548369863 -1.9933455593994032, 49.993179435208816 -2.0023183458716685, 50.01184239680554 -2.011230886368481, 50.03047426808594 -2.020082832675058, 50.04907494864146 -2.028873841670051, 50.067644338111705 -2.037603575386721, 50.086182336236575 -2.046271701072444, 50.10468884291206 -2.054877891249176, 50.123163758251756 -2.0634218237759896, 50.14160698264422 -2.0719031819085147, 50.16001841681475 -2.0803216543596017, 50.178397961888706 -2.088676935359766, 50.19674551946065 -2.0969687247194164, 50.21506099167638 -2.105196727896331, 50.233344281590846 -2.1133606561980156, 50.25159529270867 -2.121460226576761, 50.26981392915497 -2.1294951617394333, 50.28800009587924 -2.1374651902706416, 50.30615369873618 -2.14537004669305, 50.32427464456958 -2.1532094715276426, 50.34236284128668 -2.1609832113478564, 50.36041819795529 -2.1686910188430755, 50.378440624881236 -2.176332652870991, 50.39643003370568 -2.183907878517747, 50.4143863374929 -2.191416467151711, 50.43230945083033 -2.1988581964811695, 50.450199289921166 -2.2062328506065745, 50.46805577268739 -2.213540220075709, 50.48587881887231 -2.2207801019364215, 50.50366835014225 -2.227952299786942, 50.5214242901982 -2.2350566238284353, 50.53914656493857 -2.242092890938295, 50.55683510257164 -2.2490609247176105, 50.57448983354199 -2.2559605554535085, 50.59211069077757 -2.262791620223777, 50.609697609813686 -2.269553962942719, 50.627250528920854 -2.2762474344059163, 50.64476938922542 -2.2828718923290534, 50.66225413483936 -2.289427201387888, 50.679704712992255 -2.2959132332561953, 50.697121074164464 -2.3023298666411947, 50.71450317221835 -2.30867698731505, 50.73185096454361 -2.3149544881491604, 50.749164412192066 -2.321162269140693, 50.76644348002532 -2.3273002374411593, 50.78368813685492 -2.3333683073783953, 50.80089835559497 -2.3393664004801984, 50.818074113412166 -2.345294445493217, 50.835215391873454 -2.351152378397167, 50.85232217710654 -2.356940142420523, 50.86939445995348 -2.3626576880494676, 50.88643223612908 -2.3683049730348156, 50.90343550638352 -2.3738819623966387, 50.920404276664875 -2.379388628424613, 50.9373385582816 -2.3848249506742434, 50.95423836807168 -2.3901909159613095, 50.971103728567996 -2.3954865183505802, 50.98793466816935 -2.400711759142184, 51.004731221310955 -2.4058666468533, 51.021493428635075 -2.4109511971953648, 51.03822133716559 -2.4159654330480382, 51.05491500047072 -2.4209093844242724, 51.07157447885189 -2.4257830884400975, 51.088199839523064 -2.4305865892759693, 51.104791156781175 -2.4353199381301023, 51.12134851218102 -2.439983193168487, 51.1378719947151 -2.4445764194717015, 51.15436170098761 -2.449099688974676, 51.17081773539041 -2.453553080402088, 51.18724021028112 -2.457936679199438, 51.20362924615632 -2.462250577457339, 51.21998497182587 -2.4664948738310857, 51.23630752458682 -2.470669673454971, 51.25259705039417 -2.474775087850413, 51.26885370403226 -2.4788112348291556, 51.28507764928087 -2.4827782383896455, 51.301269059084206 -2.486676228609201, 51.317428115710904 -2.4905053415282956, 51.33355501091859 -2.494265719031132, 51.34964994610896 -2.4979575087183528, 51.36571313248417 -2.5015808637750983, 51.38174479119711 -2.5051359428323394, 51.39774515349939 -2.5086229098226633, 51.41371446088321 -2.5120419338294484, 51.429652965220605 -2.515393188930605, 51.44556092889711 -2.518676854036087, 51.46143862494077 -2.52189311271954, 51.47728633714341 -2.5250421530434415, 51.49310436018017 -2.5281241673794232, 51.50889299971819 -2.5311393522215466, 51.524652572524005 -2.5340879079951657, 51.54038340655854 -2.5369700388586924, 51.55608584106946 -2.5397859525009885, 51.57176022667334 -2.542535859932583, 51.58740692543193 -2.545219975272105, 51.60302631091916 -2.547838515527223, 51.618618768277685 -2.5503917003701417, 51.634184694297375 -2.5528797519152917, 51.64972449749208 -2.555302894493311, 51.66523859801034 -2.5576613543854374, 51.68072742771233 -2.559955359594352, 51.69619143018464 -2.5621851395987187, 51.71163106074346 -2.564350925103615, 51.727046786423905 -2.5664529477867593, 51.74243908595948 -2.5684914400417425, 51.75780844975206 -2.5704666347186587, 51.77315537982678 -2.5723787648613534, 51.788480389779956 -2.5742280634432864, 51.80378400471043 -2.5760147631004737, 51.819066761142565 -2.5777390958635085, 51.83432920693606 -2.579401292888093, 51.84957190118067 -2.58100158418418, 51.86479541408421 -2.5825401983455993, 51.88000032684101 -2.5840173622783222, 51.89518723149344 -2.585433300929992, 51.91035673077678 -2.5867882370194666, 51.92550943795451 -2.588082390767955, 51.940645976636496 -2.589315979631032, 51.95576698058826 -2.5904892180331847, 51.97087309352511 -2.5916023171044085, 51.98596496889528 -2.5926554844198693, 52.00104326964598 -2.5936489237422524, 52.01610866798418 -2.594582834768822, 52.03116184511571 -2.595457412881437, 52.0462034909812 -2.5962728489023634, 52.0612343039714 -2.597029328854111, 52.0762549906366 -2.597727033725512, 52.091266265381456 -2.5983661392434216, 52.10626885014769 -2.5989468156507467, 52.12126347408781 -2.599469227491534, 52.13625087324697 -2.5999335334050118, 52.15123179080774 -2.600339885976431, 52.16620697581351 -2.60068843145631, 52.181177182814 -2.600979309584388, 52.196143171770856 -2.6012126534419444, 52.21110570766937 -2.6013885892862367, 52.226065560121 -2.601507236394456, 52.24102350295991 -2.601568706917741, 52.25598031382923 -2.6015731057452145, 52.27093677376264 -2.601520530378707, 52.285893666757936 -2.601411070818182, 52.30085177934529 -2.601244809458268, 52.31581190014998 -2.6010218209960767, 52.330774819450845 -2.600742172350568, 52.34574132873362 -2.600405922593585, 52.360712220241645 -2.600013122892814, 52.3756882865234 -2.5995638164667607, 52.3906703199776 -2.5990580385518753, 52.405659112396954 -2.59849581638193, 52.420655454511234 -2.5978771691797222, 52.435660135528884 -2.5972021081611256, 52.45067394268136 -2.5964706365515373, 52.46569766076552 -2.5956827496146766, 52.48073207169007 -2.5948384346937448, 52.49577795439508 -2.593937671260167, 52.51083608448899 -2.5929804309697104, 52.525907232532646 -2.591966677757259, 52.540992164375425 -2.590896367924167, 52.55609164075016 -2.5897694502395154, 52.571206416844774 -2.58858586605313, 52.58633724187679 -2.587345549420035, 52.60148485867715 -2.5860484272359807, 52.61665000327986 -2.584694419383868, 52.631833404521466 -2.5832834388906756, 52.647035783646345 -2.581815392094789, 52.66225785392337 -2.5802901788231702, 52.677500320271385 -2.578707692578164, 52.69276387889421 -2.5770678207335806, 52.70804921692628 -2.575370444739649, 52.723357012089394 -2.5736154403364395, 52.73868793236124 -2.5718026777753, 52.754042635654315 -2.5699320220480675, 52.769421769507304 -2.568003333123457, 52.78482597078998 -2.566016466190142, 52.800255865419835 -2.563971271906219, 52.815712068089574 -2.5618675966547526, 52.8311951820125 -2.559705282804285, 52.84670579867693 -2.55748416897466, 52.86224449781809 -2.5552040902838193, 52.87781184728399 -2.552864878607749, 52.893408402029166 -2.5504663629517847, 52.90903470441644 -2.548008369679291, 52.92469128406902 -2.5454907227918753, 52.94037865770949 -2.542913244214699, 52.956097329014334 -2.540275754083177, 52.971847788478094 -2.537578071031437, 52.987630513297404 -2.534820012480629, 53.0034459672637 -2.5320013949282076, 53.01929460067184 -2.5291220342367366, 53.035176850245804 -2.5261817459214924, 53.051093139068456 -2.5231803454384947, 53.06704387653623 -2.5201176484692613, 53.083029458318286 -2.516993471205054, 53.099050266333585 -2.513807630628088, 53.115106668736615 -2.5105599447907796, 53.13119901992006 -2.5072502330912654, 53.14732766052616 -2.5038783165461798, 53.16349291747171 -2.500444018059482, 53.1796951039844 -2.4969471626873654, 53.19593451964994 -2.493387577898978, 53.21221145047158 -2.489765093832329, 53.22852616893802 -2.486079543545822, 53.244878934104385 -2.482330763264149, 53.26126999168104 -2.4785185926193307, 53.27769957413392 -2.4746428748858067, 53.29416790079144 -2.4707034572103668, 53.310675177963134 -2.4667001908355912, 53.32722159906619 -2.4626329313172537, 53.34380734475813 -2.4585015387360105, 53.36043258307983 -2.454305877902074, 53.377097469604024 -2.4500458185538214, 53.39380214759308 -2.445721235549286, 53.410546748160655 -2.441332009051547, 53.4273313904401 -2.4368780247072834, 53.44415618176121 -2.4323591738178303, 53.461021217831494 -2.4277753535035442, 53.47792658291758 -2.4231264668625974, 53.49487235004015 -2.418412423120485, 53.51185858116553 -2.413633137774626, 53.52888532740568 -2.408788532730835, 53.54595262922056 -2.4038785364331967, 53.56306051662181 -2.398903083987601, 53.580209009383424 -2.393862117277271, 53.597398117252816 -2.3887555850720767, 53.61462784016104 -2.3835834431320233, 53.63189816844204 -2.3783456543019783, 53.649209083047246 -2.3730421886016337, 53.66656055576327 -2.367673023308416, 53.68395254943456 -2.3622381430327914, 53.7013850181789 -2.3567375397896333, 53.71885790761069 -2.351171213061117, 53.736371155062365 -2.3455391698541495, 53.75392468980319 -2.339841424752579, 53.77151843326026 -2.3340779999627914, 53.78915229923901 -2.3282489253535044, 53.806826194142566 -2.322354238490063, 53.824540017189506 -2.3163939846635113, 53.84229366063089 -2.3103682169141084, 53.860087009966094 -2.3042769960496545, 53.877919944158755 -2.2981203906580925, 53.8957923358467 -2.291898477116754, 53.91370405155397 -2.285611339595409, 53.93165495189983 -2.2792590700550335, 53.94964489180608 -2.2728417682419293, 53.96767372069907 -2.2663595416785505, 53.98574128271174 -2.259812505649323, 54.00384741688775 -2.2532007831806578, 54.021991957369586 -2.2465245050220073, 54.04017473360129 -2.2397838096167577, 54.05839557051301 -2.232978843075223, 54.07665428871206 -2.226109759140627, 54.0949507046701 -2.2191767191521015, 54.11328463089786 -2.212179892008126, 54.131655876135525 -2.2051194541196475, 54.15006424551642 -2.1979955893694596, 54.16850954074668 -2.190808489061318, 54.18699156027568 -2.1835583518687383, 54.20551009945708 -2.1762453837837117, 54.224064950713576 -2.168869798060279, 54.24265590369698 -2.161431815156371, 54.261282745443964 -2.1539316626738643, 54.27994526052687 -2.1463695752973644, 54.298643231205716 -2.138745794729126, 54.31737643757173 -2.1310605696243505, 54.33614465768845 -2.123314155524459, 54.35494766773561 -2.1155068147861282, 54.37378524213993 -2.107638816513078, 54.3926571537077 -2.099710436484309, 54.41156317375826 -2.091721957079232, 54.43050307231257 -2.083673667175611, 54.44947661815214 -2.075565862101886, 54.468483578888225 -2.0673988435835198, 54.48752372112254 -2.059172919646402, 54.50659681056288 -2.0508884045377815, 54.52570261212987 -2.0425456186490436, 54.54484089006481 -2.0341448884359385, 54.56401140803211 -2.025686546339332, 54.58321392921922 -2.0171709307051744, 54.602448216433146 -2.008598385704284, 54.62171403219528 -1.9999692612511633, 54.64101113883051 -1.9912839129238267, 54.660339298561084 -1.9825427018798476, 54.67969827358279 -1.9737459947792175, 54.699087826155086 -1.9648941636991966, 54.71850771867905 -1.9559875860535987, 54.73795771377205 -1.947026644512299, 54.75743757434505 -1.9380117269183605, 54.77694706371403 -1.928943226187114, 54.79648594585967 -1.9198215401303527, 54.81605398506475 -1.9106470715854893, 54.83565094613042 -1.9014202282612949, 54.855276594483115 -1.8921414226353894, 54.874930696236504 -1.8828110718726776, 54.89461301824951 -1.8734295977450457, 54.91432332817753 -1.8639974265536383, 54.9340613945306 -1.8545149890469717, 54.95382698672092 -1.8449827203437477, 54.97361987511466 -1.8354010598528592, 54.99343983107514 -1.825770451197236, 55.0132866270138 -1.816091342133229, 55.03316003642707 -1.8063641844766363, 55.053059833942044 -1.7965894340238877, 55.072985795600935 -1.7867675503472416, 55.09293769870973 -1.7768989968164055, 55.1129153215314 -1.7669842407044782, 55.13291844360151 -1.757023752967081, 55.15294684576366 -1.7470180081672126, 55.173000310203626 -1.7369674844004106, 55.19307862047165 -1.7268726632261984, 55.213181561519185 -1.71673402959151, 55.2333089197205 -1.7065520717621168, 55.25346048289848 -1.6963272812517618, 55.27363604035169 -1.686060152750419, 55.293835382874285 -1.675751184056439, 55.31405830283973 -1.6654008759736325, 55.334304594596276 -1.6550097320359325, 55.354574053666376 -1.644578258888949, 55.37486647703867 -1.6341069660747642, 55.39518166329194 -1.6235963659072603, 55.41551941261119 -1.6130469734064872, 55.43587952680511 -1.602459306232319, 55.45626180931617 -1.59183388462241, 55.476666065234696 -1.581171231327953, 55.49709210131416 -1.570471871548971, 55.51753972597769 -1.5597363328746485, 55.538008749335425 -1.5489651452177173, 55.558498983624865 -1.5381588405080677, 55.57901024262235 -1.527317952970038, 55.599542341523964 -1.5164430191368452, 55.62009509724055 -1.5055345776285494, 55.64066832840075 -1.4945931690955983, 55.661261855361495 -1.4836193361584038, 55.68187550020865 -1.4726136233527722, 55.702509086763186 -1.4615765770724587, 55.72316244058764 -1.4505087455117887, 55.743835388985985 -1.4394106786123513, 55.76452776115186 -1.428282927923397, 55.785239388419896 -1.417126046400814, 55.80597010337142 -1.4059405888771404, 55.82671974028534 -1.3947271117475377, 55.8474881351893 -1.383486172888125, 55.86827512586253 -1.3722183316028187, 55.889080551835775 -1.36092414857215, 55.90990425439049 -1.349604185802894, 55.930746076556744 -1.338259006578764, 55.951605863116995 -1.3268891754079744, 55.97248346077562 -1.3154952578721228, 55.99337871829173 -1.304077820496234, 56.01429148568552 -1.292637431173505, 56.035221614685945 -1.281174658850463, 56.05616895875737 -1.2696900734626158, 56.077133373102775 -1.258184245884399, 56.09811471465403 -1.2466577478872656, 56.11911284207447 -1.2351111520906737, 56.140127615752185 -1.2235450319191106, 56.161158897810985 -1.2119599615487076, 56.18220655250028 -1.2003565156239338, 56.20327044552496 -1.1887352696175153, 56.22435044409507 -1.1770967997557253, 56.24544641712846 -1.1654416828504879, 56.266558235239344 -1.1537704962613464, 56.28768577073917 -1.1420838178504766, 56.30882889763023 -1.1303822259423648, 56.329987491600626 -1.1186662992831293, 56.35116143002065 -1.106936616999264, 56.37235059222174 -1.0951937583829605, 56.39355485913688 -1.0834383030698123, 56.414774113103796 -1.0716708311181211, 56.43600823811715 -1.059891922812249, 56.45725711982986 -1.0481021586200983, 56.47852064554377 -1.0363021191576762, 56.4997987042047 -1.024492385151244, 56.52109118639816 -1.0126735373994413, 56.54239798434619 -1.0008461567351064, 56.563718992138455 -0.9890108238418966, 56.5850541053824 -0.9771681194317318, 56.606403221116835 -0.9653186242597631, 56.62776623799252 -0.9534629189737553, 56.649143056268144 -0.9416015840782233, 56.670533577804434 -0.9297351999001257, 56.69193770605652 -0.9178643465559627, 56.71335534607423 -0.9059896039143672, 56.734786404506124 -0.8941115515566352, 56.756230789762604 -0.8822307686381909, 56.7776884116578 -0.8703478340760976, 56.799159181500436 -0.8584633264567016, 56.820643012163764 -0.8465778239564712, 56.8421398180836 -0.8346919043080998, 56.86364951525008 -0.8228061447709094, 56.88517202120494 -0.8109211220981524, 56.906707255037894 -0.7990374125051969, 56.92825513740766 -0.787155591622669, 56.94981559056731 -0.7752762344471446, 56.97138853817351 -0.7633999154278809, 56.9929739053978 -0.7515272083644303, 57.01457161893649 -0.7396586863681152, 57.036181607004394 -0.7277949218340386, 57.057803799332106 -0.715936486411182, 57.07943812716188 -0.7040839509737771, 57.101084523241546 -0.6922378855942231, 57.1227429218226 -0.6803988595137642, 57.14441325861943 -0.6685674411379171, 57.1660954708222 -0.6567441979985567, 57.1877894971121 -0.6449296967147885, 57.20949527766027 -0.6331245029645376, 57.23121275412137 -0.6213291814597336, 57.25294186963158 -0.60954429591918, 57.274682568805225 -0.597770409042505, 57.29643479772252 -0.5860080824901551, 57.31819850383184 -0.5742578769173189, 57.33997363608522 -0.5625203518617113, 57.36176014492341 -0.5507960657263266, 57.38355798224987 -0.5390855757693409, 57.4053671014276 -0.5273894380800911, 57.42718745727771 -0.5157082075543484, 57.44901900607627 -0.5040424378708847, 57.470861705550064 -0.4923926814692219, 57.492715514811486 -0.4807594895656981, 57.5145803942713 -0.4691434121835648, 57.53645630593725 -0.4575449979422949, 57.55834321327512 -0.4459647941209484, 57.58024108118764 -0.4344033466481383, 57.602149876021734 -0.4228612000745723, 57.62406956555893 -0.4113388975565533, 57.64600011901663 -0.3998369808329456, 57.66794150704765 -0.3883559902035951, 57.689893701558454 -0.3768964646207991, 57.71185667581951 -0.3654589415991182, 57.73383040472883 -0.3540439570309627, 57.755814864613356 -0.3426520452896792, 57.77781003322717 -0.3312837392105884, 57.79981588974702 -0.3199395700739844, 57.82183241477728 -0.3086200675826532, 57.84385959034337 -0.2973257598468634, 57.865897399891004 -0.2860571733661643, 57.88794582801631 -0.2748148331770275, 57.910004860754526 -0.2635992626564657, 57.93207448577057 -0.2524109833873157, 57.954154692150084 -0.2412505152698982, 57.97624547039246 -0.2301183765093014, 57.99834681241539 -0.2190150835959891, 58.02045871155007 -0.2079411512924568, 58.04258116254178 -0.1968970926169972, 58.06471416154923 -0.1858834188285184, 58.08685770588874 -0.1749006395668374, 58.109011794201365 -0.1639492627351704, 58.13117642684646 -0.1530297942467379, 58.15335160559436 -0.1421427381979298, 58.1755373336236 -0.13128859685617, 58.19773361552256 -0.1204678706455077, 58.21994045728472 -0.1096810581363156, 58.24215786631004 -0.0989286560317448, 58.26438585140337 -0.0882111591562184, 58.286624422681015 -0.0775290604993165, 58.30887359127739 -0.0668828513787667, 58.33113337011569 -0.0562730209673127, 58.35340377358369 -0.0457000564768175, 58.37568481747027 -0.0351644431856513, 58.39797651896079 -0.0246666644310524, 58.42027889663526 -0.0142072016002539, 58.442591970469365 -0.0037865341201989, 58.464915761829545 0.0065948605488805, 58.48725029347211 0.0169365069219402, 58.50959558936034 0.0272379313905525, 58.53195167457232 0.0374986621785823, 58.55431857598731 0.0477182297524721, 58.576696321885684 0.0578961665932297, 58.59908494192553 0.068032007190048, 58.62148446714253 0.0781252880472322, 58.643894929941624 0.088175547686065, 58.66631636409575 0.0981823266504409, 58.68874880474474 0.1081451675123015, 58.71119228838658 0.1180636148723314, 58.73364685281911 0.1279372153321063, 58.75611253678233 0.1377655172957665, 58.77858938072177 0.147548071412032, 58.80107742652895 0.1572844304288261, 58.82357671743541 0.1669741491367941, 58.846087298001386 0.1766167843668802, 58.868609214113945 0.1862118949929401, 58.89114251297766 0.1957590419299341, 58.9136872431079 0.2052577881333187, 58.93624345432505 0.2147076985986991, 58.958811197745945 0.2241083403596748, 58.98139052573828 0.2334592824650239, 59.00398149157508 0.2427600957906967, 59.02658415009819 0.2520103534096492, 59.04919855752933 0.2612096304874183, 59.071824771343756 0.2703575042135101, 59.09446285025549 0.2794535537946094, 59.11711285420674 0.2884973604499239, 59.13977484436232 0.2974885074090116, 59.162448883084224 0.3064265798987448, 59.18513503393253 0.3153111651443966, 59.20783336164135 0.324141852357088, 59.23054393210886 0.3329182327287554, 59.25326681237429 0.3416398994200318, 59.276002070316885 0.3503064474013808, 59.298749775095644 0.358917473687265, 59.321509997122654 0.3674725773202506, 59.34428280789049 0.3759713592791094, 59.36706827995369 0.3844134224688477, 59.389866486909504 0.3927983717103, 59.41267750337763 0.4011258137293167, 59.435501404977714 0.4093953571447358, 59.458338268307244 0.41760661245667, 59.48118817091732 0.4257591920337879, 59.5040511912898 0.4338527101013633, 59.526927408811254 0.4418867827279013, 59.549816903745494 0.4498610278110878, 59.57271975719268 0.4577750650573271, 59.595636050874994 0.465628515875481, 59.618565867467666 0.4734210035430151, 59.641509290484436 0.4811521531481927, 59.66446640417053 0.4888215915372536, 59.68743729346874 0.4964289472986906, 59.71042204398293 0.50397385074656, 59.73342074194699 0.5114559339068228, 59.756433474182344 0.5188748304985519, 59.77946032806499 0.5262301759201616, 59.802501391483936 0.5335216072319634, 59.82555675279819 0.5407487631385447, 59.84862650079734 0.5479112839733945, 59.871710724659266 0.5550088116827687, 59.8948095139001 0.5620409898064362, 59.917922958332476 0.5690074634630737, 59.941051148015006 0.5759078793321655, 59.9641941732029 0.5827418856372287, 59.987352124219896 0.5895091320941176, 60.010525091532884 0.5962092699527078, 60.03371316569952 0.6028419519804814, 60.05691643726109 0.6094068324225977, 60.08013499668473 0.6159035669855463, 60.10336893430748 0.6223318128226525, 60.12661834027217 0.6286912285169077, 60.14988330446706 0.6349814740666458, 60.173163916463096 0.641202210871209, 60.196460265446895 0.6473531017159875, 60.2197724401523 0.6534338107580776, 60.243100528795196 0.659444003514603, 60.266444619000104 0.6653833468488428, 60.2898047977283 0.6712515089584231, 60.31318115120524 0.6770481593646424, 60.33657376484273 0.682772968901084, 60.35998272316503 0.6884256097053837, 60.38340810972481 0.6940057552084591, 60.406850007027764 0.6995130801288854, 60.43030849644738 0.7049472604649845, 60.453783658139656 0.7103079734886719, 60.47727557096105 0.7155948977423991, 60.50078431237846 0.720807713034793, 60.52430995838095 0.7259461004388825, 60.547852583390025 0.7310097422917975, 60.57141226016679 0.7359983221952193, 60.59498905971893 0.7409115250178949, 60.61858305120755 0.7457490369001836, 60.64219430185481 0.7505105452610494, 60.66582287683635 0.7551957388016529, 60.689468839184585 0.7598043075153369, 60.713132249688975 0.764335942698814, 60.73681316679528 0.7687903369653699, 60.76051164650194 0.7731671842594451, 60.78422774225681 0.777466179873869, 60.807961504852514 0.7816870204690882, 60.831712982318905 0.7858294040939963, 60.85548221982134 0.7898930302113646, 60.87926925954639 0.793877599721608, 60.90307414060068 0.79778281499374, 60.92689689889828 0.8016083798951587, 60.950737567052656 0.8053539998257281, 60.97459617426847 0.8090193817546165, 60.998472746230675 0.8126042342590118, 61.0223673049955 0.8161082675663633, 61.046279868880674 0.8195311935991878, 61.07021045235689 0.8228727260231395, 61.0941590659366 0.8261325802971772, 61.118125716066324 0.8293104737277024, 61.1421104050194 0.8324061255257269, 61.16611313078698 0.8354192568664328, 61.190133886971005 0.8383495909522378, 61.2141726626807 0.8411968530798054, 61.23822944242556 0.843960770708883, 61.26230420601353 0.846641073535579, 61.28639692844983 0.84923749356862, 61.310507579835935 0.8517497652084951, 61.33463612527168 0.8541776253302796, 61.35878252475963 0.8565208133698182, 61.38294673311197 0.8587790714133062, 61.4071286998572 0.8609521442895027, 61.43132836915299 0.8630397796661591, 61.45554567970009 0.8650417281492804, 61.47978056465881 0.8669577433855387, 61.5040329515697 0.8687875821681327, 61.52830276227659 0.8705310045456086, 61.55258991285558 0.8721877739343377, 61.57689431354322 0.8737576572329975, 61.60121586867394 0.8752404249412877, 61.62555447661896 0.8766358512809337, 61.64991002972754 0.8779437143191092, 61.67428241424424 0.8791637960886173, 61.698671510248076 0.8802958827150437, 61.72307719171339 0.8813397645705386, 61.7474993264159 0.8822952363956698, 61.77193777590013 0.8831620974358881, 61.79639239545199 0.8839401515801495, 61.820863034078414 0.8846292075018374, 61.84534963719511 0.8852720777381443, 61.8698531856497 0.8859057099732932, 61.894373749200824 0.8865280626268873, 61.91891105032453 0.887138909742327, 61.94346480378408 0.8877380277165017, 61.96803471667457 0.888325195476327, 61.99262048846931 0.8889001946548997, 62.01722181107653 0.8894628097685215, 62.04183836890614 0.8900128283942247, 62.06646983894017 0.8905500413465232, 62.0911158908168 0.8910742428546844, 62.11577618691685 0.8915852307385328, 62.14045038246467 0.8920828065842925, 62.165138125632474 0.8925667759185693, 62.18983905765575 0.8930369483813259, 62.21455281295517 0.8934931378968992, 62.239279019268984 0.89393516284332, 62.264017297791526 0.894362846219083, 62.28876726332063 0.8947760158074551, 62.31352852441367 0.8951745043380012, 62.338300683550656 0.8955581496448562, 62.363083337305646 0.8959267948216398, 62.38787607652566 0.8962802883726355, 62.41267848651734 0.896618484360015, 62.437490147208145 0.8969412425440666, 62.46231063295 0.8972484284911652, 62.48713951344558 0.8975399137698137, 62.51197635381969 0.8978155760630316, 62.53682071469621 0.8980752992790494, 62.56167215243191 0.8983189736693825, 62.58653021932657 0.8985464959392735, 62.61139446394837 0.8987577693584926, 62.63626443106797 0.8989527038445293, 62.661139662996966 0.8991312161089254, 62.68601969614281 0.8992932295789237, 62.710904073324016 0.8994386749648927, 62.73579230702923 0.8995674889867589, 62.76068398244059 0.8996796177831442, 62.78557852685428 0.8997750101863665, 62.810475423944254 0.8998536250051894, 62.835376123761165 0.89991545599252, 62.86026571777203 0.8999603173463421, 62.885227189900476 0.899988773713864, 62.90982872452861 0.8999995510418923, 62.93192228286831 0.8999999800815086, 62.952690335982425 0.8999999987280638, 62.97375515422857 0.899999999923711, 62.99474593068409 0.8999999999957788, 63.01575456713622 0.8999999999997805, 63.03675904911554 0.8999999999999891, 63.05776447182063 0.8999999999999995, 63.07876968594426 0.9, 63.09977494503565 0.9, 63.12078019480867 0.9, 63.14178544639928 0.9, 63.16279069767083 0.9, 63.18379594898663 0.9, 63.204801200300615 0.9, 63.22580645161267 0.9, 63.24681170292582 0.9, 63.26781695423853 0.9, 63.2888222055514 0.9, 63.30982745686421 0.9, 63.33083270817704 0.9, 63.35183795948987 0.9, 63.3728432108027 0.9, 63.39384846211553 0.9, 63.41485371342836 0.9, 63.435858964741186 0.9, 63.456864216054015 0.9, 63.477869467366844 0.9, 63.49887471867967 0.9, 63.519879969992495 0.9, 63.540885221305324 0.9, 63.56189047261815 0.9, 63.58289572393098 0.9, 63.60390097524381 0.9, 63.62490622655664 0.9, 63.64591147786947 0.9, 63.6669167291823 0.9, 63.687921980495126 0.9, 63.70892723180795 0.9, 63.72993248312078 0.9, 63.750937734433606 0.9, 63.771942985746435 0.9, 63.792948237059264 0.9, 63.81395348837209 0.9, 63.83495873968492 0.9, 63.85596399099775 0.9, 63.87696924231058 0.9, 63.89797449362341 0.9, 63.91897974493623 0.9, 63.93998499624906 0.9, 63.96099024756189 0.9, 63.98199549887472 0.9, 64.00300075018755 0.9, 64.02400600150037 0.9, 64.0450112528132 0.9, 64.06601650412603 0.9, 64.08702175543885 0.9, 64.10802700675168 0.9, 64.12903225806451 0.9, 64.15003750937734 0.9, 64.17104276069017 0.9, 64.192048012003 0.9, 64.21305326331583 0.9, 64.23405851462866 0.9, 64.25506376594149 0.9, 64.27606901725431 0.9, 64.29707426856714 0.9, 64.31807951987997 0.9, 64.3390847711928 0.9, 64.36009002250563 0.9, 64.38109527381846 0.9, 64.40210052513129 0.9, 64.42310577644412 0.9, 64.44411102775693 0.9, 64.46511627906976 0.9, 64.48612153038259 0.9, 64.50712678169542 0.9, 64.52813203300825 0.9, 64.54913728432108 0.9, 64.5701425356339 0.9, 64.59114778694673 0.9, 64.61215303825956 0.9, 64.63315828957239 0.9, 64.65416354088522 0.9, 64.67516879219805 0.9, 64.69617404351088 0.9, 64.71717929482371 0.9, 64.73818454613654 0.9, 64.75918979744937 0.9, 64.7801950487622 0.9, 64.80120030007502 0.9, 64.82220555138785 0.9, 64.84321080270067 0.9, 64.8642160540135 0.9, 64.88522130532633 0.9, 64.90622655663915 0.9, 64.92723180795198 0.9, 64.94823705926481 0.9, 64.96924231057764 0.9, 64.99024756189047 0.9, 65.0112528132033 0.9, 65.03225806451613 0.9, 65.05326331582896 0.9, 65.07426856714179 0.9, 65.09527381845461 0.9, 65.11627906976744 0.9, 65.13728432108027 0.9, 65.1582895723931 0.9, 65.17929482370593 0.9, 65.20030007501876 0.9, 65.22130532633159 0.9, 65.24231057764442 0.9, 65.26331582895723 0.9, 65.28432108027006 0.9, 65.30532633158289 0.9, 65.32633158289572 0.9, 65.34733683420855 0.9, 65.36834208552138 0.9, 65.3893473368342 0.9, 65.41035258814703 0.9, 65.43135783945986 0.9, 65.45236309077269 0.9, 65.47336834208552 0.9, 65.49437359339835 0.9, 65.51537884471118 0.9, 65.53638409602401 0.9, 65.55738934733684 0.9, 65.57839459864967 0.9, 65.5993998499625 0.9, 65.62040510127532 0.9, 65.64141035258815 0.9, 65.66241560390097 0.9, 65.6834208552138 0.9, 65.70442610652663 0.9, 65.72543135783945 0.9, 65.74643660915228 0.9, 65.76744186046511 0.9, 65.78844711177794 0.9, 65.80945236309077 0.9, 65.8304576144036 0.9, 65.85146286571643 0.9, 65.87246811702926 0.9, 65.89347336834209 0.9, 65.91447861965491 0.9, 65.93548387096774 0.9, 65.95648912228057 0.9, 65.9774943735934 0.9, 65.99849962490623 0.9, 66.01950487621906 0.9, 66.04051012753189 0.9, 66.06151537884472 0.9, 66.08252063015753 0.9, 66.10352588147036 0.9, 66.12453113278319 0.9, 66.14553638409602 0.9, 66.16654163540885 0.9, 66.18754688672168 0.9, 66.2085521380345 0.9, 66.22955738934733 0.9, 66.25056264066016 0.9, 66.27156789197299 0.9, 66.29257314328582 0.9, 66.31357839459865 0.9, 66.33458364591148 0.9, 66.35558889722431 0.9, 66.37659414853714 0.9, 66.39759939984997 0.9, 66.4186046511628 0.9, 66.43960990247562 0.9, 66.46061515378845 0.9, 66.48162040510128 0.9, 66.5026256564141 0.9, 66.52363090772693 0.9, 66.54463615903975 0.9, 66.56564141035258 0.9, 66.58664666166541 0.9, 66.60765191297824 0.9, 66.62865716429107 0.9, 66.6496624156039 0.9, 66.67066766691673 0.9, 66.69167291822956 0.9, 66.71267816954239 0.9, 66.73368342085521 0.9, 66.75468867216804 0.9, 66.77569392348087 0.9, 66.7966991747937 0.9, 66.81770442610653 0.9, 66.83870967741936 0.9, 66.85971492873219 0.9, 66.88072018004502 0.9, 66.90172543135783 0.9, 66.92273068267066 0.9, 66.94373593398349 0.9, 66.96474118529632 0.9, 66.98574643660915 0.9, 67.00675168792198 0.9, 67.0277569392348 0.9, 67.04876219054763 0.9, 67.06976744186046 0.9, 67.09077269317329 0.9, 67.11177794448612 0.9, 67.13278319579895 0.9, 67.15378844711178 0.9, 67.17479369842461 0.9, 67.19579894973744 0.9, 67.21680420105027 0.9, 67.2378094523631 0.9, 67.25881470367592 0.9, 67.27981995498875 0.9, 67.30082520630158 0.9, 67.3218304576144 0.9, 67.34283570892723 0.9, 67.36384096024005 0.9, 67.38484621155288 0.9, 67.40585146286571 0.9, 67.42685671417854 0.9, 67.44786196549137 0.9, 67.4688672168042 0.9, 67.48987246811703 0.9, 67.51087771942986 0.9, 67.53188297074269 0.9, 67.55288822205551 0.9, 67.57389347336834 0.9, 67.59489872468117 0.9, 67.615903975994 0.9, 67.63690922730683 0.9, 67.65791447861966 0.9, 67.67891972993249 0.9, 67.69992498124532 0.9, 67.72093023255813 0.9, 67.74193548387096 0.9, 67.76294073518379 0.9, 67.78394598649662 0.9, 67.80495123780945 0.9, 67.82595648912228 0.9, 67.8469617404351 0.9, 67.86796699174793 0.9, 67.88897224306076 0.9, 67.90997749437359 0.9, 67.93098274568642 0.9, 67.95198799699925 0.9, 67.97299324831208 0.9, 67.99399849962491 0.9, 68.01500375093774 0.9, 68.03600900225057 0.9, 68.0570142535634 0.9, 68.07801950487622 0.9, 68.09902475618905 0.9, 68.12003000750188 0.9, 68.1410352588147 0.9, 68.16204051012753 0.9, 68.18304576144035 0.9, 68.20405101275318 0.9, 68.22505626406601 0.9, 68.24606151537884 0.9, 68.26706676669167 0.9, 68.2880720180045 0.9, 68.30907726931733 0.9, 68.33008252063016 0.9, 68.35108777194299 0.9, 68.37209302325581 0.9, 68.39309827456864 0.9, 68.41410352588147 0.9, 68.4351087771943 0.9, 68.45611402850713 0.9, 68.47711927981996 0.9, 68.49812453113279 0.9, 68.51912978244562 0.9, 68.54013503375845 0.9, 68.56114028507126 0.9, 68.58214553638409 0.9, 68.60315078769692 0.9, 68.62415603900975 0.9, 68.64516129032258 0.9, 68.6661665416354 0.9, 68.68717179294823 0.9, 68.70817704426106 0.9, 68.72918229557389 0.9, 68.75018754688672 0.9, 68.77119279819955 0.9, 68.79219804951238 0.9, 68.81320330082521 0.9, 68.83420855213804 0.9, 68.85521380345087 0.9, 68.8762190547637 0.9, 68.89722430607652 0.9, 68.91822955738935 0.9, 68.93923480870218 0.9, 68.960240060015 0.9, 68.98124531132783 0.9, 69.00225056264065 0.9, 69.02325581395348 0.9, 69.04426106526631 0.9, 69.06526631657914 0.9, 69.08627156789197 0.9, 69.1072768192048 0.9, 69.12828207051763 0.9, 69.14928732183046 0.9, 69.17029257314329 0.9, 69.19129782445611 0.9, 69.21230307576894 0.9, 69.23330832708177 0.9, 69.2543135783946 0.9, 69.27531882970743 0.9, 69.29632408102026 0.9, 69.31732933233309 0.9, 69.33833458364592 0.9, 69.35933983495875 0.9, 69.38034508627156 0.9, 69.40135033758439 0.9, 69.42235558889722 0.9, 69.44336084021005 0.9, 69.46436609152288 0.9, 69.4853713428357 0.9, 69.50637659414853 0.9, 69.52738184546136 0.9, 69.54838709677419 0.9, 69.56939234808702 0.9, 69.59039759939985 0.9, 69.61140285071268 0.9, 69.63240810202551 0.9, 69.65341335333834 0.9, 69.67441860465117 0.9, 69.695423855964 0.9, 69.71642910727682 0.9, 69.73743435858965 0.9, 69.75843960990248 0.9, 69.7794448612153 0.9, 69.80045011252813 0.9, 69.82145536384095 0.9, 69.84246061515378 0.9, 69.86346586646661 0.9, 69.88447111777944 0.9, 69.90547636909227 0.9, 69.9264816204051 0.9, 69.94748687171793 0.9, 69.96849212303076 0.9, 69.98949737434359 0.9, 70.01050262565641 0.9, 70.03150787696924 0.9, 70.05251312828207 0.9, 70.0735183795949 0.9, 70.09452363090773 0.9, 70.11552888222056 0.9, 70.13653413353339 0.9, 70.15753938484622 0.9, 70.17854463615905 0.9, 70.19954988747186 0.9, 70.22055513878469 0.9, 70.24156039009752 0.9, 70.26256564141035 0.9, 70.28357089272318 0.9, 70.304576144036 0.9, 70.32558139534883 0.9, 70.34658664666166 0.9, 70.36759189797449 0.9, 70.38859714928732 0.9, 70.40960240060015 0.9, 70.43060765191298 0.9, 70.45161290322581 0.9, 70.47261815453864 0.9, 70.49362340585147 0.9, 70.5146286571643 0.9, 70.53563390847712 0.9, 70.55663915978995 0.9, 70.57764441110278 0.9, 70.59864966241561 0.9, 70.61965491372843 0.9, 70.64066016504125 0.9, 70.66166541635408 0.9, 70.68267066766691 0.9, 70.70367591897974 0.9, 70.72468117029257 0.9, 70.7456864216054 0.9, 70.76669167291823 0.9, 70.78769692423106 0.9, 70.80870217554389 0.9, 70.82970742685671 0.9, 70.85071267816954 0.9, 70.87171792948237 0.9, 70.8927231807952 0.9, 70.91372843210803 0.9, 70.93473368342086 0.9, 70.95573893473369 0.9, 70.97674418604652 0.9, 70.99774943735935 0.9, 71.01875468867216 0.9, 71.03975993998499 0.9, 71.06076519129782 0.9, 71.08177044261065 0.9, 71.10277569392348 0.9, 71.1237809452363 0.9, 71.14478619654913 0.9, 71.16579144786196 0.9, 71.18679669917479 0.9, 71.20780195048762 0.9, 71.22880720180045 0.9, 71.24981245311328 0.9, 71.27081770442611 0.9, 71.29182295573894 0.9, 71.31282820705177 0.9, 71.3338334583646 0.9, 71.35483870967742 0.9, 71.37584396099025 0.9, 71.39684921230308 0.9, 71.41785446361591 0.9, 71.43885971492872 0.9, 71.45986496624155 0.9, 71.48087021755438 0.9, 71.50187546886721 0.9, 71.52288072018004 0.9, 71.54388597149287 0.9, 71.5648912228057 0.9, 71.58589647411853 0.9, 71.60690172543136 0.9, 71.62790697674419 0.9, 71.64891222805701 0.9, 71.66991747936984 0.9, 71.69092273068267 0.9, 71.7119279819955 0.9, 71.73293323330833 0.9, 71.75393848462116 0.9, 71.77494373593399 0.9, 71.79594898724682 0.9, 71.81695423855965 0.9, 71.83795948987246 0.9, 71.85896474118529 0.9, 71.87996999249812 0.9, 71.90097524381095 0.9, 71.92198049512378 0.9, 71.9429857464366 0.9, 71.96399099774943 0.9, 71.98499624906226 0.9, 72.00600150037509 0.9, 72.02700675168792 0.9, 72.04801200300075 0.9, 72.06901725431358 0.9, 72.09002250562641 0.9, 72.11102775693924 0.9, 72.13203300825207 0.9, 72.1530382595649 0.9, 72.17404351087772 0.9, 72.19504876219055 0.9, 72.21605401350338 0.9, 72.23705926481621 0.9, 72.25806451612902 0.9, 72.27906976744185 0.9, 72.30007501875468 0.9, 72.32108027006751 0.9, 72.34208552138034 0.9, 72.36309077269317 0.9, 72.384096024006 0.9, 72.40510127531883 0.9, 72.42610652663166 0.9, 72.44711177794449 0.9, 72.46811702925731 0.9, 72.48912228057014 0.9, 72.51012753188297 0.9, 72.5311327831958 0.9, 72.55213803450863 0.9, 72.57314328582146 0.9, 72.59414853713429 0.9, 72.61515378844712 0.9, 72.63615903975995 0.9, 72.65716429107277 0.9, 72.67816954238559 0.9, 72.69917479369842 0.9, 72.72018004501125 0.9, 72.74118529632408 0.9, 72.7621905476369 0.9, 72.78319579894973 0.9, 72.80420105026256 0.9, 72.82520630157539 0.9, 72.84621155288822 0.9, 72.86721680420105 0.9, 72.88822205551388 0.9, 72.90922730682671 0.9, 72.93023255813954 0.9, 72.95123780945237 0.9, 72.9722430607652 0.9, 72.99324831207802 0.9, 73.01425356339085 0.9, 73.03525881470368 0.9, 73.05626406601651 0.9, 73.07726931732932 0.9, 73.09827456864215 0.9, 73.11927981995498 0.9, 73.14028507126781 0.9, 73.16129032258064 0.9, 73.18229557389347 0.9, 73.2033008252063 0.9, 73.22430607651913 0.9, 73.24531132783196 0.9, 73.26631657914479 0.9, 73.28732183045761 0.9, 73.30832708177044 0.9, 73.32933233308327 0.9, 73.3503375843961 0.9, 73.37134283570893 0.9, 73.39234808702176 0.9, 73.41335333833459 0.9, 73.43435858964742 0.9, 73.45536384096025 0.9, 73.47636909227307 0.9, 73.49737434358589 0.9, 73.51837959489872 0.9, 73.53938484621155 0.9, 73.56039009752438 0.9, 73.5813953488372 0.9, 73.60240060015003 0.9, 73.62340585146286 0.9, 73.64441110277569 0.9, 73.66541635408852 0.9, 73.68642160540135 0.9, 73.70742685671418 0.9, 73.72843210802701 0.9, 73.74943735933984 0.9, 73.77044261065267 0.9, 73.7914478619655 0.9, 73.81245311327832 0.9, 73.83345836459115 0.9, 73.85446361590398 0.9, 73.87546886721681 0.9, 73.89647411852962 0.9, 73.91747936984245 0.9, 73.93848462115528 0.9, 73.95948987246811 0.9, 73.98049512378094 0.9, 74.00150037509377 0.9, 74.0225056264066 0.9, 74.04351087771943 0.9, 74.06451612903226 0.9, 74.08552138034509 0.9, 74.10652663165791 0.9, 74.12753188297074 0.9, 74.14853713428357 0.9, 74.1695423855964 0.9, 74.19054763690923 0.9, 74.21155288822206 0.9, 74.23255813953489 0.9, 74.25356339084772 0.9, 74.27456864216055 0.9, 74.29557389347337 0.9, 74.31657914478619 0.9, 74.33758439609902 0.9, 74.35858964741185 0.9, 74.37959489872468 0.9, 74.4006001500375 0.9, 74.42160540135033 0.9, 74.44261065266316 0.9, 74.46361590397599 0.9, 74.48462115528882 0.9, 74.50562640660165 0.9, 74.52663165791448 0.9, 74.54763690922731 0.9, 74.56864216054014 0.9, 74.58964741185297 0.9, 74.6106526631658 0.9, 74.63165791447862 0.9, 74.65266316579145 0.9, 74.67366841710428 0.9, 74.69467366841711 0.9, 74.71567891972994 0.9, 74.73668417104275 0.9, 74.75768942235558 0.9, 74.77869467366841 0.9, 74.79969992498124 0.9, 74.82070517629407 0.9, 74.8417104276069 0.9, 74.86271567891973 0.9, 74.88372093023256 0.9, 74.90472618154539 0.9, 74.92573143285821 0.9, 74.94673668417104 0.9, 74.96774193548387 0.9, 74.9887471867967 0.9, 75.00975243810953 0.9, 75.03075768942236 0.9, 75.05176294073519 0.9, 75.07276819204802 0.9, 75.09377344336085 0.9, 75.11477869467367 0.9, 75.13578394598649 0.9, 75.15678919729932 0.9, 75.17779444861215 0.9, 75.19879969992498 0.9, 75.2198049512378 0.9, 75.24081020255063 0.9, 75.26181545386346 0.9, 75.28282070517629 0.9, 75.30382595648912 0.9, 75.32483120780195 0.9, 75.34583645911478 0.9, 75.36684171042761 0.9, 75.38784696174044 0.9, 75.40885221305327 0.9, 75.4298574643661 0.9, 75.45086271567892 0.9, 75.47186796699175 0.9, 75.49287321830458 0.9, 75.51387846961741 0.9, 75.53488372093024 0.9, 75.55588897224305 0.9, 75.57689422355588 0.9, 75.59789947486871 0.9, 75.61890472618154 0.9, 75.63990997749437 0.9, 75.6609152288072 0.9, 75.68192048012003 0.9, 75.70292573143286 0.9, 75.72393098274569 0.9, 75.74493623405851 0.9, 75.76594148537134 0.9, 75.78694673668417 0.9, 75.807951987997 0.9, 75.82895723930983 0.9, 75.84996249062266 0.9, 75.87096774193549 0.9, 75.89197299324832 0.9, 75.91297824456115 0.9, 75.93398349587397 0.9, 75.95498874718679 0.9, 75.97599399849962 0.9, 75.99699924981245 0.9, 76.01800450112528 0.9, 76.0390097524381 0.9, 76.06001500375093 0.9, 76.08102025506376 0.9, 76.10202550637659 0.9, 76.12303075768942 0.9, 76.14403600900225 0.9, 76.16504126031508 0.9, 76.18604651162791 0.9, 76.20705176294074 0.9, 76.22805701425357 0.9, 76.2490622655664 0.9, 76.27006751687922 0.9, 76.29107276819205 0.9, 76.31207801950488 0.9, 76.33308327081771 0.9, 76.35408852213054 0.9, 76.37509377344335 0.9, 76.39609902475618 0.9, 76.41710427606901 0.9, 76.43810952738184 0.9, 76.45911477869467 0.9, 76.4801200300075 0.9, 76.50112528132033 0.9, 76.52213053263316 0.9, 76.54313578394598 0.9, 76.56414103525881 0.9, 76.58514628657164 0.9, 76.60615153788447 0.9, 76.6271567891973 0.9, 76.64816204051013 0.9, 76.66916729182296 0.9, 76.69017254313579 0.9, 76.71117779444862 0.9, 76.73218304576145 0.9, 76.75318829707427 0.9, 76.7741935483871 0.9, 76.79519879969992 0.9, 76.81620405101275 0.9, 76.83720930232558 0.9, 76.8582145536384 0.9, 76.87921980495123 0.9, 76.90022505626406 0.9, 76.92123030757689 0.9, 76.94223555888972 0.9, 76.96324081020255 0.9, 76.98424606151538 0.9, 77.00525131282821 0.9, 77.02625656414104 0.9, 77.04726181545387 0.9, 77.0682670667667 0.9, 77.08927231807952 0.9, 77.11027756939235 0.9, 77.13128282070518 0.9, 77.15228807201801 0.9, 77.17329332333084 0.9, 77.19429857464365 0.9, 77.21530382595648 0.9, 77.23630907726931 0.9, 77.25731432858214 0.9, 77.27831957989497 0.9, 77.2993248312078 0.9, 77.32033008252063 0.9, 77.34133533383346 0.9, 77.36234058514628 0.9, 77.38334583645911 0.9, 77.40435108777194 0.9, 77.42535633908477 0.9, 77.4463615903976 0.9, 77.46736684171043 0.9, 77.48837209302326 0.9, 77.50937734433609 0.9, 77.53038259564892 0.9, 77.55138784696175 0.9, 77.57239309827457 0.9, 77.5933983495874 0.9, 77.61440360090022 0.9, 77.63540885221305 0.9, 77.65641410352588 0.9, 77.6774193548387 0.9, 77.69842460615153 0.9, 77.71942985746436 0.9, 77.74043510877719 0.9, 77.76144036009002 0.9, 77.78244561140285 0.9, 77.80345086271568 0.9, 77.82445611402851 0.9, 77.84546136534134 0.9, 77.86646661665417 0.9, 77.887471867967 0.9, 77.90847711927982 0.9, 77.92948237059265 0.9, 77.95048762190548 0.9, 77.97149287321831 0.9, 77.99249812453114 0.9, 78.01350337584395 0.9, 78.03450862715678 0.9, 78.05551387846961 0.9, 78.07651912978244 0.9, 78.09752438109527 0.9, 78.1185296324081 0.9, 78.13953488372093 0.9, 78.16054013503376 0.9, 78.18154538634658 0.9, 78.20255063765941 0.9, 78.22355588897224 0.9, 78.24456114028507 0.9, 78.2655663915979 0.9, 78.28657164291073 0.9, 78.30757689422356 0.9, 78.32858214553639 0.9, 78.34958739684922 0.9, 78.37059264816205 0.9, 78.39159789947487 0.9, 78.4126031507877 0.9, 78.43360840210052 0.9, 78.45461365341335 0.9, 78.47561890472618 0.9, 78.496624156039 0.9, 78.51762940735183 0.9, 78.53863465866466 0.9, 78.55963990997749 0.9, 78.58064516129032 0.9, 78.60165041260315 0.9, 78.62265566391598 0.9, 78.6436609152288 0.9, 78.66466616654164 0.9, 78.68567141785446 0.9, 78.7066766691673 0.9, 78.72768192048012 0.9, 78.74868717179295 0.9, 78.76969242310578 0.9, 78.79069767441861 0.9, 78.81170292573144 0.9, 78.83270817704427 0.9, 78.85371342835708 0.9, 78.87471867966991 0.9, 78.89572393098274 0.9, 78.91672918229557 0.9, 78.9377344336084 0.9, 78.95873968492123 0.9, 78.97974493623406 0.9, 79.00075018754688 0.9, 79.02175543885971 0.9, 79.04276069017254 0.9, 79.06376594148537 0.9, 79.0847711927982 0.9, 79.10577644411103 0.9, 79.12678169542386 0.9, 79.14778694673669 0.9, 79.16879219804952 0.9, 79.18979744936235 0.9, 79.21080270067517 0.9, 79.231807951988 0.9, 79.25281320330082 0.9, 79.27381845461365 0.9, 79.29482370592648 0.9, 79.3158289572393 0.9, 79.33683420855213 0.9, 79.35783945986496 0.9, 79.37884471117779 0.9, 79.39984996249062 0.9, 79.42085521380345 0.9, 79.44186046511628 0.9, 79.4628657164291 0.9, 79.48387096774194 0.9, 79.50487621905476 0.9, 79.5258814703676 0.9, 79.54688672168042 0.9, 79.56789197299325 0.9, 79.58889722430608 0.9, 79.60990247561891 0.9, 79.63090772693174 0.9, 79.65191297824457 0.9, 79.67291822955738 0.9, 79.69392348087021 0.9, 79.71492873218304 0.9, 79.73593398349587 0.9, 79.7569392348087 0.9, 79.77794448612153 0.9, 79.79894973743436 0.9, 79.81995498874718 0.9, 79.84096024006001 0.9, 79.86196549137284 0.9, 79.88297074268567 0.9, 79.9039759939985 0.9, 79.92498124531133 0.9, 79.94598649662416 0.9, 79.96699174793699 0.9, 79.98799699924982 0.9, 80.00900225056265 0.9, 80.03000750187547 0.9, 80.0510127531883 0.9, 80.07201800450112 0.9, 80.09302325581395 0.9, 80.11402850712678 0.9, 80.1350337584396 0.9, 80.15603900975243 0.9, 80.17704426106526 0.9, 80.19804951237809 0.9, 80.21905476369092 0.9, 80.24006001500375 0.9, 80.26106526631658 0.9, 80.2820705176294 0.9, 80.30307576894224 0.9, 80.32408102025506 0.9, 80.3450862715679 0.9, 80.36609152288072 0.9, 80.38709677419355 0.9, 80.40810202550638 0.9, 80.42910727681921 0.9, 80.45011252813204 0.9, 80.47111777944487 0.9, 80.49212303075768 0.9, 80.51312828207051 0.9, 80.53413353338334 0.9, 80.55513878469617 0.9, 80.576144036009 0.9, 80.59714928732183 0.9, 80.61815453863466 0.9, 80.63915978994748 0.9, 80.66016504126031 0.9, 80.68117029257314 0.9, 80.70217554388597 0.9, 80.7231807951988 0.9, 80.74418604651163 0.9, 80.76519129782446 0.9, 80.78619654913729 0.9, 80.80720180045012 0.9, 80.82820705176294 0.9, 80.84921230307577 0.9, 80.8702175543886 0.9, 80.89122280570143 0.9, 80.91222805701425 0.9, 80.93323330832708 0.9, 80.9542385596399 0.9, 80.97524381095273 0.9, 80.99624906226556 0.9, 81.01725431357839 0.9, 81.03825956489122 0.9, 81.05926481620405 0.9, 81.08027006751688 0.9, 81.1012753188297 0.9, 81.12228057014254 0.9, 81.14328582145536 0.9, 81.1642910727682 0.9, 81.18529632408102 0.9, 81.20630157539385 0.9, 81.22730682670668 0.9, 81.24831207801951 0.9, 81.26931732933234 0.9, 81.29032258064517 0.9, 81.31132783195798 0.9, 81.33233308327081 0.9, 81.35333833458364 0.9, 81.37434358589647 0.9, 81.3953488372093 0.9, 81.41635408852213 0.9, 81.43735933983496 0.9, 81.45836459114778 0.9, 81.47936984246061 0.9, 81.50037509377344 0.9, 81.52138034508627 0.9, 81.5423855963991 0.9, 81.56339084771193 0.9, 81.58439609902476 0.9, 81.60540135033759 0.9, 81.62640660165042 0.9, 81.64741185296324 0.9, 81.66841710427607 0.9, 81.6894223555889 0.9, 81.71042760690173 0.9, 81.73143285821455 0.9, 81.75243810952738 0.9, 81.7734433608402 0.9, 81.79444861215303 0.9, 81.81545386346586 0.9, 81.83645911477869 0.9, 81.85746436609152 0.9, 81.87846961740435 0.9, 81.89947486871718 0.9, 81.92048012003 0.9, 81.94148537134284 0.9, 81.96249062265566 0.9, 81.9834958739685 0.9, 82.00450112528132 0.9, 82.02550637659415 0.9, 82.04651162790698 0.9, 82.06751687921981 0.9, 82.08852213053264 0.9, 82.10952738184547 0.9, 82.13053263315828 0.9, 82.15153788447111 0.9, 82.17254313578394 0.9, 82.19354838709677 0.9, 82.2145536384096 0.9, 82.23555888972243 0.9, 82.25656414103526 0.9, 82.27756939234808 0.9, 82.29857464366091 0.9, 82.31957989497374 0.9, 82.34058514628657 0.9, 82.3615903975994 0.9, 82.38259564891223 0.9, 82.40360090022506 0.9, 82.42460615153789 0.9, 82.44561140285072 0.9, 82.46661665416354 0.9, 82.48762190547637 0.9, 82.5086271567892 0.9, 82.52963240810203 0.9, 82.55063765941485 0.9, 82.57164291072768 0.9, 82.5926481620405 0.9, 82.61365341335333 0.9, 82.63465866466616 0.9, 82.65566391597899 0.9, 82.67666916729182 0.9, 82.69767441860465 0.9, 82.71867966991748 0.9, 82.7396849212303 0.9, 82.76069017254314 0.9, 82.78169542385596 0.9, 82.8027006751688 0.9, 82.82370592648162 0.9, 82.84471117779445 0.9, 82.86571642910728 0.9, 82.88672168042011 0.9, 82.90772693173294 0.9, 82.92873218304577 0.9, 82.9497374343586 0.9, 82.97074268567141 0.9, 82.99174793698424 0.9, 83.01275318829707 0.9, 83.0337584396099 0.9, 83.05476369092273 0.9, 83.07576894223556 0.9, 83.09677419354838 0.9, 83.11777944486121 0.9, 83.13878469617404 0.9, 83.15978994748687 0.9, 83.1807951987997 0.9, 83.20180045011253 0.9, 83.22280570142536 0.9, 83.24381095273819 0.9, 83.26481620405102 0.9, 83.28582145536384 0.9, 83.30682670667667 0.9, 83.3278319579895 0.9, 83.34883720930233 0.9, 83.36984246061515 0.9, 83.39084771192798 0.9, 83.4118529632408 0.9, 83.43285821455363 0.9, 83.45386346586646 0.9, 83.47486871717929 0.9, 83.49587396849212 0.9, 83.51687921980495 0.9, 83.53788447111778 0.9, 83.5588897224306 0.9, 83.57989497374344 0.9, 83.60090022505626 0.9, 83.6219054763691 0.9, 83.64291072768192 0.9, 83.66391597899475 0.9, 83.68492123030758 0.9, 83.70592648162041 0.9, 83.72693173293324 0.9, 83.74793698424607 0.9, 83.7689422355589 0.9, 83.78994748687171 0.9, 83.81095273818454 0.9, 83.83195798949737 0.9, 83.8529632408102 0.9, 83.87396849212303 0.9, 83.89497374343586 0.9, 83.91597899474868 0.9, 83.93698424606151 0.9, 83.95798949737434 0.9, 83.97899474868717 0.9, 84 0.9, 84 -0.9, 84 -0.9, 83.97899474868717 -0.9, 83.95798949737434 -0.9, 83.93698424606151 -0.9, 83.91597899474868 -0.9, 83.89497374343586 -0.9, 83.87396849212303 -0.9, 83.8529632408102 -0.9, 83.83195798949737 -0.9, 83.81095273818454 -0.9, 83.78994748687171 -0.9, 83.7689422355589 -0.9, 83.74793698424607 -0.9, 83.72693173293324 -0.9, 83.70592648162041 -0.9, 83.68492123030758 -0.9, 83.66391597899475 -0.9, 83.64291072768192 -0.9, 83.6219054763691 -0.9, 83.60090022505626 -0.9, 83.57989497374344 -0.9, 83.5588897224306 -0.9, 83.53788447111778 -0.9, 83.51687921980495 -0.9, 83.49587396849212 -0.9, 83.47486871717929 -0.9, 83.45386346586646 -0.9, 83.43285821455363 -0.9, 83.4118529632408 -0.9, 83.39084771192798 -0.9, 83.36984246061515 -0.9, 83.34883720930233 -0.9, 83.3278319579895 -0.9, 83.30682670667667 -0.9, 83.28582145536384 -0.9, 83.26481620405102 -0.9, 83.24381095273819 -0.9, 83.22280570142536 -0.9, 83.20180045011253 -0.9, 83.1807951987997 -0.9, 83.15978994748687 -0.9, 83.13878469617404 -0.9, 83.11777944486121 -0.9, 83.09677419354838 -0.9, 83.07576894223556 -0.9, 83.05476369092273 -0.9, 83.0337584396099 -0.9, 83.01275318829707 -0.9, 82.99174793698424 -0.9, 82.97074268567141 -0.9, 82.9497374343586 -0.9, 82.92873218304577 -0.9, 82.90772693173294 -0.9, 82.88672168042011 -0.9, 82.86571642910728 -0.9, 82.84471117779445 -0.9, 82.82370592648162 -0.9, 82.8027006751688 -0.9, 82.78169542385596 -0.9, 82.76069017254314 -0.9, 82.7396849212303 -0.9, 82.71867966991748 -0.9, 82.69767441860465 -0.9, 82.67666916729182 -0.9, 82.65566391597899 -0.9, 82.63465866466616 -0.9, 82.61365341335333 -0.9, 82.5926481620405 -0.9, 82.57164291072768 -0.9, 82.55063765941485 -0.9, 82.52963240810203 -0.9, 82.5086271567892 -0.9, 82.48762190547637 -0.9, 82.46661665416354 -0.9, 82.44561140285072 -0.9, 82.42460615153789 -0.9, 82.40360090022506 -0.9, 82.38259564891223 -0.9, 82.3615903975994 -0.9, 82.34058514628657 -0.9, 82.31957989497374 -0.9, 82.29857464366091 -0.9, 82.27756939234808 -0.9, 82.25656414103526 -0.9, 82.23555888972243 -0.9, 82.2145536384096 -0.9, 82.19354838709677 -0.9, 82.17254313578394 -0.9, 82.15153788447111 -0.9, 82.13053263315828 -0.9, 82.10952738184547 -0.9, 82.08852213053264 -0.9, 82.06751687921981 -0.9, 82.04651162790698 -0.9, 82.02550637659415 -0.9, 82.00450112528132 -0.9, 81.9834958739685 -0.9, 81.96249062265566 -0.9, 81.94148537134284 -0.9, 81.92048012003 -0.9, 81.89947486871718 -0.9, 81.87846961740435 -0.9, 81.85746436609152 -0.9, 81.83645911477869 -0.9, 81.81545386346586 -0.9, 81.79444861215303 -0.9, 81.7734433608402 -0.9, 81.75243810952738 -0.9, 81.73143285821455 -0.9, 81.71042760690173 -0.9, 81.6894223555889 -0.9, 81.66841710427607 -0.9, 81.64741185296324 -0.9, 81.62640660165042 -0.9, 81.60540135033759 -0.9, 81.58439609902476 -0.9, 81.56339084771193 -0.9, 81.5423855963991 -0.9, 81.52138034508627 -0.9, 81.50037509377344 -0.9, 81.47936984246061 -0.9, 81.45836459114778 -0.9, 81.43735933983496 -0.9, 81.41635408852213 -0.9, 81.3953488372093 -0.9, 81.37434358589647 -0.9, 81.35333833458364 -0.9, 81.33233308327081 -0.9, 81.31132783195798 -0.9, 81.29032258064517 -0.9, 81.26931732933234 -0.9, 81.24831207801951 -0.9, 81.22730682670668 -0.9, 81.20630157539385 -0.9, 81.18529632408102 -0.9, 81.1642910727682 -0.9, 81.14328582145536 -0.9, 81.12228057014254 -0.9, 81.1012753188297 -0.9, 81.08027006751688 -0.9, 81.05926481620405 -0.9, 81.03825956489122 -0.9, 81.01725431357839 -0.9, 80.99624906226556 -0.9, 80.97524381095273 -0.9, 80.9542385596399 -0.9, 80.93323330832708 -0.9, 80.91222805701425 -0.9, 80.89122280570143 -0.9, 80.8702175543886 -0.9, 80.84921230307577 -0.9, 80.82820705176294 -0.9, 80.80720180045012 -0.9, 80.78619654913729 -0.9, 80.76519129782446 -0.9, 80.74418604651163 -0.9, 80.7231807951988 -0.9, 80.70217554388597 -0.9, 80.68117029257314 -0.9, 80.66016504126031 -0.9, 80.63915978994748 -0.9, 80.61815453863466 -0.9, 80.59714928732183 -0.9, 80.576144036009 -0.9, 80.55513878469617 -0.9, 80.53413353338334 -0.9, 80.51312828207051 -0.9, 80.49212303075768 -0.9, 80.47111777944487 -0.9, 80.45011252813204 -0.9, 80.42910727681921 -0.9, 80.40810202550638 -0.9, 80.38709677419355 -0.9, 80.36609152288072 -0.9, 80.3450862715679 -0.9, 80.32408102025506 -0.9, 80.30307576894224 -0.9, 80.2820705176294 -0.9, 80.26106526631658 -0.9, 80.24006001500375 -0.9, 80.21905476369092 -0.9, 80.19804951237809 -0.9, 80.17704426106526 -0.9, 80.15603900975243 -0.9, 80.1350337584396 -0.9, 80.11402850712678 -0.9, 80.09302325581395 -0.9, 80.07201800450112 -0.9, 80.0510127531883 -0.9, 80.03000750187547 -0.9, 80.00900225056265 -0.9, 79.98799699924982 -0.9, 79.96699174793699 -0.9, 79.94598649662416 -0.9, 79.92498124531133 -0.9, 79.9039759939985 -0.9, 79.88297074268567 -0.9, 79.86196549137284 -0.9, 79.84096024006001 -0.9, 79.81995498874718 -0.9, 79.79894973743436 -0.9, 79.77794448612153 -0.9, 79.7569392348087 -0.9, 79.73593398349587 -0.9, 79.71492873218304 -0.9, 79.69392348087021 -0.9, 79.67291822955738 -0.9, 79.65191297824457 -0.9, 79.63090772693174 -0.9, 79.60990247561891 -0.9, 79.58889722430608 -0.9, 79.56789197299325 -0.9, 79.54688672168042 -0.9, 79.5258814703676 -0.9, 79.50487621905476 -0.9, 79.48387096774194 -0.9, 79.4628657164291 -0.9, 79.44186046511628 -0.9, 79.42085521380345 -0.9, 79.39984996249062 -0.9, 79.37884471117779 -0.9, 79.35783945986496 -0.9, 79.33683420855213 -0.9, 79.3158289572393 -0.9, 79.29482370592648 -0.9, 79.27381845461365 -0.9, 79.25281320330082 -0.9, 79.231807951988 -0.9, 79.21080270067517 -0.9, 79.18979744936235 -0.9, 79.16879219804952 -0.9, 79.14778694673669 -0.9, 79.12678169542386 -0.9, 79.10577644411103 -0.9, 79.0847711927982 -0.9, 79.06376594148537 -0.9, 79.04276069017254 -0.9, 79.02175543885971 -0.9, 79.00075018754688 -0.9, 78.97974493623406 -0.9, 78.95873968492123 -0.9, 78.9377344336084 -0.9, 78.91672918229557 -0.9, 78.89572393098274 -0.9, 78.87471867966991 -0.9, 78.85371342835708 -0.9, 78.83270817704427 -0.9, 78.81170292573144 -0.9, 78.79069767441861 -0.9, 78.76969242310578 -0.9, 78.74868717179295 -0.9, 78.72768192048012 -0.9, 78.7066766691673 -0.9, 78.68567141785446 -0.9, 78.66466616654164 -0.9, 78.6436609152288 -0.9, 78.62265566391598 -0.9, 78.60165041260315 -0.9, 78.58064516129032 -0.9, 78.55963990997749 -0.9, 78.53863465866466 -0.9, 78.51762940735183 -0.9, 78.496624156039 -0.9, 78.47561890472618 -0.9, 78.45461365341335 -0.9, 78.43360840210052 -0.9, 78.4126031507877 -0.9, 78.39159789947487 -0.9, 78.37059264816205 -0.9, 78.34958739684922 -0.9, 78.32858214553639 -0.9, 78.30757689422356 -0.9, 78.28657164291073 -0.9, 78.2655663915979 -0.9, 78.24456114028507 -0.9, 78.22355588897224 -0.9, 78.20255063765941 -0.9, 78.18154538634658 -0.9, 78.16054013503376 -0.9, 78.13953488372093 -0.9, 78.1185296324081 -0.9, 78.09752438109527 -0.9, 78.07651912978244 -0.9, 78.05551387846961 -0.9, 78.03450862715678 -0.9, 78.01350337584395 -0.9, 77.99249812453114 -0.9, 77.97149287321831 -0.9, 77.95048762190548 -0.9, 77.92948237059265 -0.9, 77.90847711927982 -0.9, 77.887471867967 -0.9, 77.86646661665417 -0.9, 77.84546136534134 -0.9, 77.82445611402851 -0.9, 77.80345086271568 -0.9, 77.78244561140285 -0.9, 77.76144036009002 -0.9, 77.74043510877719 -0.9, 77.71942985746436 -0.9, 77.69842460615153 -0.9, 77.6774193548387 -0.9, 77.65641410352588 -0.9, 77.63540885221305 -0.9, 77.61440360090022 -0.9, 77.5933983495874 -0.9, 77.57239309827457 -0.9, 77.55138784696175 -0.9, 77.53038259564892 -0.9, 77.50937734433609 -0.9, 77.48837209302326 -0.9, 77.46736684171043 -0.9, 77.4463615903976 -0.9, 77.42535633908477 -0.9, 77.40435108777194 -0.9, 77.38334583645911 -0.9, 77.36234058514628 -0.9, 77.34133533383346 -0.9, 77.32033008252063 -0.9, 77.2993248312078 -0.9, 77.27831957989497 -0.9, 77.25731432858214 -0.9, 77.23630907726931 -0.9, 77.21530382595648 -0.9, 77.19429857464365 -0.9, 77.17329332333084 -0.9, 77.15228807201801 -0.9, 77.13128282070518 -0.9, 77.11027756939235 -0.9, 77.08927231807952 -0.9, 77.0682670667667 -0.9, 77.04726181545387 -0.9, 77.02625656414104 -0.9, 77.00525131282821 -0.9, 76.98424606151538 -0.9, 76.96324081020255 -0.9, 76.94223555888972 -0.9, 76.92123030757689 -0.9, 76.90022505626406 -0.9, 76.87921980495123 -0.9, 76.8582145536384 -0.9, 76.83720930232558 -0.9, 76.81620405101275 -0.9, 76.79519879969992 -0.9, 76.7741935483871 -0.9, 76.75318829707427 -0.9, 76.73218304576145 -0.9, 76.71117779444862 -0.9, 76.69017254313579 -0.9, 76.66916729182296 -0.9, 76.64816204051013 -0.9, 76.6271567891973 -0.9, 76.60615153788447 -0.9, 76.58514628657164 -0.9, 76.56414103525881 -0.9, 76.54313578394598 -0.9, 76.52213053263316 -0.9, 76.50112528132033 -0.9, 76.4801200300075 -0.9, 76.45911477869467 -0.9, 76.43810952738184 -0.9, 76.41710427606901 -0.9, 76.39609902475618 -0.9, 76.37509377344335 -0.9, 76.35408852213054 -0.9, 76.33308327081771 -0.9, 76.31207801950488 -0.9, 76.29107276819205 -0.9, 76.27006751687922 -0.9, 76.2490622655664 -0.9, 76.22805701425357 -0.9, 76.20705176294074 -0.9, 76.18604651162791 -0.9, 76.16504126031508 -0.9, 76.14403600900225 -0.9, 76.12303075768942 -0.9, 76.10202550637659 -0.9, 76.08102025506376 -0.9, 76.06001500375093 -0.9, 76.0390097524381 -0.9, 76.01800450112528 -0.9, 75.99699924981245 -0.9, 75.97599399849962 -0.9, 75.95498874718679 -0.9, 75.93398349587397 -0.9, 75.91297824456115 -0.9, 75.89197299324832 -0.9, 75.87096774193549 -0.9, 75.84996249062266 -0.9, 75.82895723930983 -0.9, 75.807951987997 -0.9, 75.78694673668417 -0.9, 75.76594148537134 -0.9, 75.74493623405851 -0.9, 75.72393098274569 -0.9, 75.70292573143286 -0.9, 75.68192048012003 -0.9, 75.6609152288072 -0.9, 75.63990997749437 -0.9, 75.61890472618154 -0.9, 75.59789947486871 -0.9, 75.57689422355588 -0.9, 75.55588897224305 -0.9, 75.53488372093024 -0.9, 75.51387846961741 -0.9, 75.49287321830458 -0.9, 75.47186796699175 -0.9, 75.45086271567892 -0.9, 75.4298574643661 -0.9, 75.40885221305327 -0.9, 75.38784696174044 -0.9, 75.36684171042761 -0.9, 75.34583645911478 -0.9, 75.32483120780195 -0.9, 75.30382595648912 -0.9, 75.28282070517629 -0.9, 75.26181545386346 -0.9, 75.24081020255063 -0.9, 75.2198049512378 -0.9, 75.19879969992498 -0.9, 75.17779444861215 -0.9, 75.15678919729932 -0.9, 75.13578394598649 -0.9, 75.11477869467367 -0.9, 75.09377344336085 -0.9, 75.07276819204802 -0.9, 75.05176294073519 -0.9, 75.03075768942236 -0.9, 75.00975243810953 -0.9, 74.9887471867967 -0.9, 74.96774193548387 -0.9, 74.94673668417104 -0.9, 74.92573143285821 -0.9, 74.90472618154539 -0.9, 74.88372093023256 -0.9, 74.86271567891973 -0.9, 74.8417104276069 -0.9, 74.82070517629407 -0.9, 74.79969992498124 -0.9, 74.77869467366841 -0.9, 74.75768942235558 -0.9, 74.73668417104275 -0.9, 74.71567891972994 -0.9, 74.69467366841711 -0.9, 74.67366841710428 -0.9, 74.65266316579145 -0.9, 74.63165791447862 -0.9, 74.6106526631658 -0.9, 74.58964741185297 -0.9, 74.56864216054014 -0.9, 74.54763690922731 -0.9, 74.52663165791448 -0.9, 74.50562640660165 -0.9, 74.48462115528882 -0.9, 74.46361590397599 -0.9, 74.44261065266316 -0.9, 74.42160540135033 -0.9, 74.4006001500375 -0.9, 74.37959489872468 -0.9, 74.35858964741185 -0.9, 74.33758439609902 -0.9, 74.31657914478619 -0.9, 74.29557389347337 -0.9, 74.27456864216055 -0.9, 74.25356339084772 -0.9, 74.23255813953489 -0.9, 74.21155288822206 -0.9, 74.19054763690923 -0.9, 74.1695423855964 -0.9, 74.14853713428357 -0.9, 74.12753188297074 -0.9, 74.10652663165791 -0.9, 74.08552138034509 -0.9, 74.06451612903226 -0.9, 74.04351087771943 -0.9, 74.0225056264066 -0.9, 74.00150037509377 -0.9, 73.98049512378094 -0.9, 73.95948987246811 -0.9, 73.93848462115528 -0.9, 73.91747936984245 -0.9, 73.89647411852962 -0.9, 73.87546886721681 -0.9, 73.85446361590398 -0.9, 73.83345836459115 -0.9, 73.81245311327832 -0.9, 73.7914478619655 -0.9, 73.77044261065267 -0.9, 73.74943735933984 -0.9, 73.72843210802701 -0.9, 73.70742685671418 -0.9, 73.68642160540135 -0.9, 73.66541635408852 -0.9, 73.64441110277569 -0.9, 73.62340585146286 -0.9, 73.60240060015003 -0.9, 73.5813953488372 -0.9, 73.56039009752438 -0.9, 73.53938484621155 -0.9, 73.51837959489872 -0.9, 73.49737434358589 -0.9, 73.47636909227307 -0.9, 73.45536384096025 -0.9, 73.43435858964742 -0.9, 73.41335333833459 -0.9, 73.39234808702176 -0.9, 73.37134283570893 -0.9, 73.3503375843961 -0.9, 73.32933233308327 -0.9, 73.30832708177044 -0.9, 73.28732183045761 -0.9, 73.26631657914479 -0.9, 73.24531132783196 -0.9, 73.22430607651913 -0.9, 73.2033008252063 -0.9, 73.18229557389347 -0.9, 73.16129032258064 -0.9, 73.14028507126781 -0.9, 73.11927981995498 -0.9, 73.09827456864215 -0.9, 73.07726931732932 -0.9, 73.05626406601651 -0.9, 73.03525881470368 -0.9, 73.01425356339085 -0.9, 72.99324831207802 -0.9, 72.9722430607652 -0.9, 72.95123780945237 -0.9, 72.93023255813954 -0.9, 72.90922730682671 -0.9, 72.88822205551388 -0.9, 72.86721680420105 -0.9, 72.84621155288822 -0.9, 72.82520630157539 -0.9, 72.80420105026256 -0.9, 72.78319579894973 -0.9, 72.7621905476369 -0.9, 72.74118529632408 -0.9, 72.72018004501125 -0.9, 72.69917479369842 -0.9, 72.67816954238559 -0.9, 72.65716429107277 -0.9, 72.63615903975995 -0.9, 72.61515378844712 -0.9, 72.59414853713429 -0.9, 72.57314328582146 -0.9, 72.55213803450863 -0.9, 72.5311327831958 -0.9, 72.51012753188297 -0.9, 72.48912228057014 -0.9, 72.46811702925731 -0.9, 72.44711177794449 -0.9, 72.42610652663166 -0.9, 72.40510127531883 -0.9, 72.384096024006 -0.9, 72.36309077269317 -0.9, 72.34208552138034 -0.9, 72.32108027006751 -0.9, 72.30007501875468 -0.9, 72.27906976744185 -0.9, 72.25806451612902 -0.9, 72.23705926481621 -0.9, 72.21605401350338 -0.9, 72.19504876219055 -0.9, 72.17404351087772 -0.9, 72.1530382595649 -0.9, 72.13203300825207 -0.9, 72.11102775693924 -0.9, 72.09002250562641 -0.9, 72.06901725431358 -0.9, 72.04801200300075 -0.9, 72.02700675168792 -0.9, 72.00600150037509 -0.9, 71.98499624906226 -0.9, 71.96399099774943 -0.9, 71.9429857464366 -0.9, 71.92198049512378 -0.9, 71.90097524381095 -0.9, 71.87996999249812 -0.9, 71.85896474118529 -0.9, 71.83795948987246 -0.9, 71.81695423855965 -0.9, 71.79594898724682 -0.9, 71.77494373593399 -0.9, 71.75393848462116 -0.9, 71.73293323330833 -0.9, 71.7119279819955 -0.9, 71.69092273068267 -0.9, 71.66991747936984 -0.9, 71.64891222805701 -0.9, 71.62790697674419 -0.9, 71.60690172543136 -0.9, 71.58589647411853 -0.9, 71.5648912228057 -0.9, 71.54388597149287 -0.9, 71.52288072018004 -0.9, 71.50187546886721 -0.9, 71.48087021755438 -0.9, 71.45986496624155 -0.9, 71.43885971492872 -0.9, 71.41785446361591 -0.9, 71.39684921230308 -0.9, 71.37584396099025 -0.9, 71.35483870967742 -0.9, 71.3338334583646 -0.9, 71.31282820705177 -0.9, 71.29182295573894 -0.9, 71.27081770442611 -0.9, 71.24981245311328 -0.9, 71.22880720180045 -0.9, 71.20780195048762 -0.9, 71.18679669917479 -0.9, 71.16579144786196 -0.9, 71.14478619654913 -0.9, 71.1237809452363 -0.9, 71.10277569392348 -0.9, 71.08177044261065 -0.9, 71.06076519129782 -0.9, 71.03975993998499 -0.9, 71.01875468867216 -0.9, 70.99774943735935 -0.9, 70.97674418604652 -0.9, 70.95573893473369 -0.9, 70.93473368342086 -0.9, 70.91372843210803 -0.9, 70.8927231807952 -0.9, 70.87171792948237 -0.9, 70.85071267816954 -0.9, 70.82970742685671 -0.9, 70.80870217554389 -0.9, 70.78769692423106 -0.9, 70.76669167291823 -0.9, 70.7456864216054 -0.9, 70.72468117029257 -0.9, 70.70367591897974 -0.9, 70.68267066766691 -0.9, 70.66166541635408 -0.9, 70.64066016504125 -0.9, 70.61965491372843 -0.9, 70.59864966241561 -0.9, 70.57764441110278 -0.9, 70.55663915978995 -0.9, 70.53563390847712 -0.9, 70.5146286571643 -0.9, 70.49362340585147 -0.9, 70.47261815453864 -0.9, 70.45161290322581 -0.9, 70.43060765191298 -0.9, 70.40960240060015 -0.9, 70.38859714928732 -0.9, 70.36759189797449 -0.9, 70.34658664666166 -0.9, 70.32558139534883 -0.9, 70.304576144036 -0.9, 70.28357089272318 -0.9, 70.26256564141035 -0.9, 70.24156039009752 -0.9, 70.22055513878469 -0.9, 70.19954988747186 -0.9, 70.17854463615905 -0.9, 70.15753938484622 -0.9, 70.13653413353339 -0.9, 70.11552888222056 -0.9, 70.09452363090773 -0.9, 70.0735183795949 -0.9, 70.05251312828207 -0.9, 70.03150787696924 -0.9, 70.01050262565641 -0.9, 69.98949737434359 -0.9, 69.96849212303076 -0.9, 69.94748687171793 -0.9, 69.9264816204051 -0.9, 69.90547636909227 -0.9, 69.88447111777944 -0.9, 69.86346586646661 -0.9, 69.84246061515378 -0.9, 69.82145536384095 -0.9, 69.80045011252813 -0.9, 69.7794448612153 -0.9, 69.75843960990248 -0.9, 69.73743435858965 -0.9, 69.71642910727682 -0.9, 69.695423855964 -0.9, 69.67441860465117 -0.9, 69.65341335333834 -0.9, 69.63240810202551 -0.9, 69.61140285071268 -0.9, 69.59039759939985 -0.9, 69.56939234808702 -0.9, 69.54838709677419 -0.9, 69.52738184546136 -0.9, 69.50637659414853 -0.9, 69.4853713428357 -0.9, 69.46436609152288 -0.9, 69.44336084021005 -0.9, 69.42235558889722 -0.9, 69.40135033758439 -0.9, 69.38034508627156 -0.9, 69.35933983495875 -0.9, 69.33833458364592 -0.9, 69.31732933233309 -0.9, 69.29632408102026 -0.9, 69.27531882970743 -0.9, 69.2543135783946 -0.9, 69.23330832708177 -0.9, 69.21230307576894 -0.9, 69.19129782445611 -0.9, 69.17029257314329 -0.9, 69.14928732183046 -0.9, 69.12828207051763 -0.9, 69.1072768192048 -0.9, 69.08627156789197 -0.9, 69.06526631657914 -0.9, 69.04426106526631 -0.9, 69.02325581395348 -0.9, 69.00225056264065 -0.9, 68.98124531132783 -0.9, 68.960240060015 -0.9, 68.93923480870218 -0.9, 68.91822955738935 -0.9, 68.89722430607652 -0.9, 68.8762190547637 -0.9, 68.85521380345087 -0.9, 68.83420855213804 -0.9, 68.81320330082521 -0.9, 68.79219804951238 -0.9, 68.77119279819955 -0.9, 68.75018754688672 -0.9, 68.72918229557389 -0.9, 68.70817704426106 -0.9, 68.68717179294823 -0.9, 68.6661665416354 -0.9, 68.64516129032258 -0.9, 68.62415603900975 -0.9, 68.60315078769692 -0.9, 68.58214553638409 -0.9, 68.56114028507126 -0.9, 68.54013503375845 -0.9, 68.51912978244562 -0.9, 68.49812453113279 -0.9, 68.47711927981996 -0.9, 68.45611402850713 -0.9, 68.4351087771943 -0.9, 68.41410352588147 -0.9, 68.39309827456864 -0.9, 68.37209302325581 -0.9, 68.35108777194299 -0.9, 68.33008252063016 -0.9, 68.30907726931733 -0.9, 68.2880720180045 -0.9, 68.26706676669167 -0.9, 68.24606151537884 -0.9, 68.22505626406601 -0.9, 68.20405101275318 -0.9, 68.18304576144035 -0.9, 68.16204051012753 -0.9, 68.1410352588147 -0.9, 68.12003000750188 -0.9, 68.09902475618905 -0.9, 68.07801950487622 -0.9, 68.0570142535634 -0.9, 68.03600900225057 -0.9, 68.01500375093774 -0.9, 67.99399849962491 -0.9, 67.97299324831208 -0.9, 67.95198799699925 -0.9, 67.93098274568642 -0.9, 67.90997749437359 -0.9, 67.88897224306076 -0.9, 67.86796699174793 -0.9, 67.8469617404351 -0.9, 67.82595648912228 -0.9, 67.80495123780945 -0.9, 67.78394598649662 -0.9, 67.76294073518379 -0.9, 67.74193548387096 -0.9, 67.72093023255813 -0.9, 67.69992498124532 -0.9, 67.67891972993249 -0.9, 67.65791447861966 -0.9, 67.63690922730683 -0.9, 67.615903975994 -0.9, 67.59489872468117 -0.9, 67.57389347336834 -0.9, 67.55288822205551 -0.9, 67.53188297074269 -0.9, 67.51087771942986 -0.9, 67.48987246811703 -0.9, 67.4688672168042 -0.9, 67.44786196549137 -0.9, 67.42685671417854 -0.9, 67.40585146286571 -0.9, 67.38484621155288 -0.9, 67.36384096024005 -0.9, 67.34283570892723 -0.9, 67.3218304576144 -0.9, 67.30082520630158 -0.9, 67.27981995498875 -0.9, 67.25881470367592 -0.9, 67.2378094523631 -0.9, 67.21680420105027 -0.9, 67.19579894973744 -0.9, 67.17479369842461 -0.9, 67.15378844711178 -0.9, 67.13278319579895 -0.9, 67.11177794448612 -0.9, 67.09077269317329 -0.9, 67.06976744186046 -0.9, 67.04876219054763 -0.9, 67.0277569392348 -0.9, 67.00675168792198 -0.9, 66.98574643660915 -0.9, 66.96474118529632 -0.9, 66.94373593398349 -0.9, 66.92273068267066 -0.9, 66.90172543135783 -0.9, 66.88072018004502 -0.9, 66.85971492873219 -0.9, 66.83870967741936 -0.9, 66.81770442610653 -0.9, 66.7966991747937 -0.9, 66.77569392348087 -0.9, 66.75468867216804 -0.9, 66.73368342085521 -0.9, 66.71267816954239 -0.9, 66.69167291822956 -0.9, 66.67066766691673 -0.9, 66.6496624156039 -0.9, 66.62865716429107 -0.9, 66.60765191297824 -0.9, 66.58664666166541 -0.9, 66.56564141035258 -0.9, 66.54463615903975 -0.9, 66.52363090772693 -0.9, 66.5026256564141 -0.9, 66.48162040510128 -0.9, 66.46061515378845 -0.9, 66.43960990247562 -0.9, 66.4186046511628 -0.9, 66.39759939984997 -0.9, 66.37659414853714 -0.9, 66.35558889722431 -0.9, 66.33458364591148 -0.9, 66.31357839459865 -0.9, 66.29257314328582 -0.9, 66.27156789197299 -0.9, 66.25056264066016 -0.9, 66.22955738934733 -0.9, 66.2085521380345 -0.9, 66.18754688672168 -0.9, 66.16654163540885 -0.9, 66.14553638409602 -0.9, 66.12453113278319 -0.9, 66.10352588147036 -0.9, 66.08252063015753 -0.9, 66.06151537884472 -0.9, 66.04051012753189 -0.9, 66.01950487621906 -0.9, 65.99849962490623 -0.9, 65.9774943735934 -0.9, 65.95648912228057 -0.9, 65.93548387096774 -0.9, 65.91447861965491 -0.9, 65.89347336834209 -0.9, 65.87246811702926 -0.9, 65.85146286571643 -0.9, 65.8304576144036 -0.9, 65.80945236309077 -0.9, 65.78844711177794 -0.9, 65.76744186046511 -0.9, 65.74643660915228 -0.9, 65.72543135783945 -0.9, 65.70442610652663 -0.9, 65.6834208552138 -0.9, 65.66241560390097 -0.9, 65.64141035258815 -0.9, 65.62040510127532 -0.9, 65.5993998499625 -0.9, 65.57839459864967 -0.9, 65.55738934733684 -0.9, 65.53638409602401 -0.9, 65.51537884471118 -0.9, 65.49437359339835 -0.9, 65.47336834208552 -0.9, 65.45236309077269 -0.9, 65.43135783945986 -0.9, 65.41035258814703 -0.9, 65.3893473368342 -0.9, 65.36834208552138 -0.9, 65.34733683420855 -0.9, 65.32633158289572 -0.9, 65.30532633158289 -0.9, 65.28432108027006 -0.9, 65.26331582895723 -0.9, 65.24231057764442 -0.9, 65.22130532633159 -0.9, 65.20030007501876 -0.9, 65.17929482370593 -0.9, 65.1582895723931 -0.9, 65.13728432108027 -0.9, 65.11627906976744 -0.9, 65.09527381845461 -0.9, 65.07426856714179 -0.9, 65.05326331582896 -0.9, 65.03225806451613 -0.9, 65.0112528132033 -0.9, 64.99024756189047 -0.9, 64.96924231057764 -0.9, 64.94823705926481 -0.9, 64.92723180795198 -0.9, 64.90622655663915 -0.9, 64.88522130532633 -0.9, 64.8642160540135 -0.9, 64.84321080270067 -0.9, 64.82220555138785 -0.9, 64.80120030007502 -0.9, 64.7801950487622 -0.9, 64.75918979744937 -0.9, 64.73818454613654 -0.9, 64.71717929482371 -0.9, 64.69617404351088 -0.9, 64.67516879219805 -0.9, 64.65416354088522 -0.9, 64.63315828957239 -0.9, 64.61215303825956 -0.9, 64.59114778694673 -0.9, 64.5701425356339 -0.9, 64.54913728432108 -0.9, 64.52813203300825 -0.9, 64.50712678169542 -0.9, 64.48612153038259 -0.9, 64.46511627906976 -0.9, 64.44411102775693 -0.9, 64.42310577644412 -0.9, 64.40210052513129 -0.9, 64.38109527381846 -0.9, 64.36009002250563 -0.9, 64.3390847711928 -0.9, 64.31807951987997 -0.9, 64.29707426856714 -0.9, 64.27606901725431 -0.9, 64.25506376594149 -0.9, 64.23405851462866 -0.9, 64.21305326331583 -0.9, 64.192048012003 -0.9, 64.17104276069017 -0.9, 64.15003750937734 -0.9, 64.12903225806451 -0.9, 64.10802700675168 -0.9, 64.08702175543885 -0.9, 64.06601650412603 -0.9, 64.0450112528132 -0.9, 64.02400600150037 -0.9, 64.00300075018755 -0.9, 63.98199549887472 -0.9, 63.96099024756189 -0.9, 63.93998499624906 -0.9, 63.91897974493623 -0.9, 63.89797449362341 -0.9, 63.87696924231058 -0.9, 63.85596399099775 -0.9, 63.83495873968492 -0.9, 63.81395348837209 -0.9, 63.792948237059264 -0.9, 63.771942985746435 -0.9, 63.750937734433606 -0.9, 63.72993248312078 -0.9, 63.70892723180795 -0.9, 63.687921980495126 -0.9, 63.6669167291823 -0.9, 63.64591147786947 -0.9, 63.62490622655664 -0.9, 63.60390097524381 -0.9, 63.58289572393098 -0.9, 63.56189047261815 -0.9, 63.540885221305324 -0.9, 63.519879969992495 -0.9, 63.49887471867967 -0.9, 63.477869467366844 -0.9, 63.456864216054015 -0.9, 63.435858964741186 -0.9, 63.41485371342836 -0.9, 63.39384846211553 -0.9, 63.3728432108027 -0.9, 63.35183795948987 -0.9, 63.33083270817704 -0.9, 63.30982745686421 -0.9, 63.288822205551384 -0.9, 63.26781695423859 -0.9, 63.24681170292565 -0.9, 63.22580645161314 -0.9, 63.204801200299535 -0.9, 63.183795948987864 -0.9, 63.162790697678005 -0.9, 63.141785446323894 -0.9, 63.12078019528885 -0.9, 63.09977494243621 -0.9, 63.07876969890196 -0.9, 63.057764410399926 -0.8999999999999995, 63.03675933047936 -0.8999999999999891, 63.01575330983302 -0.8999999999997805, 62.994751443659496 -0.8999999999957788, 62.97373171748936 -0.899999999923711, 62.952786033109845 -0.8999999987280638, 62.931543583598305 -0.8999999800815086, 62.911626639312345 -0.8999995510418923, 62.89421767131482 -0.899988773713864, 62.87716864081762 -0.8999603173463421, 62.86004773220283 -0.89991545599252, 62.84293792939408 -0.8998536250051894, 62.8258243238584 -0.8997750101863665, 62.80870836564643 -0.8996796177831442, 62.791589538432135 -0.8995674889867589, 62.77446726951169 -0.8994386749648927, 62.75734114406724 -0.8992932295789237, 62.74021067458742 -0.8991312161089254, 62.72307540389076 -0.8989527038445293, 62.705934868384716 -0.8987577693584926, 62.68878861038086 -0.8985464959392735, 62.67163617464986 -0.8983189736693825, 62.6544771097599 -0.8980752992790494, 62.637310968010766 -0.8978155760630316, 62.62013730575922 -0.8975399137698137, 62.60295568362914 -0.8972484284911652, 62.58576566674534 -0.8969412425440666, 62.56856682481048 -0.896618484360015, 62.551358732176524 -0.8962802883726355, 62.53414096877088 -0.8959267948216398, 62.51691311990021 -0.8955581496448562, 62.49967477641154 -0.8951745043380012, 62.48242553487892 -0.8947760158074551, 62.46516499778237 -0.894362846219083, 62.44789277367925 -0.89393516284332, 62.43060847736741 -0.8934931378968992, 62.413311730041166 -0.8930369483813259, 62.39600215943879 -0.8925667759185693, 62.378679399980946 -0.8920828065842925, 62.36134309290311 -0.8915852307385328, 62.3439928863775 -0.8910742428546844, 62.32662843562847 -0.8905500413465232, 62.309249403036844 -0.8900128283942247, 62.291855458240796 -0.8894628097685215, 62.27444627822236 -0.8889001946548997, 62.25702154739144 -0.888325195476327, 62.23958095765627 -0.8877380277165017, 62.222124208490165 -0.887138909742327, 62.20465100698823 -0.8865280626268873, 62.18716106791369 -0.8859057099732932, 62.169654113742624 -0.8852720777381443, 62.152130214233665 -0.8846292075018374, 62.13459035023443 -0.8840272708564598, 62.117034467160636 -0.8835105707462455, 62.09946241401921 -0.8830792871133233, 62.08187404609606 -0.8827335970951432, 62.064269224935714 -0.8824736748843801, 62.04664781831389 -0.8822996915914673, 62.029009700204945 -0.88221181510962, 62.01135475068787 -0.8822102099947996, 61.99368285600723 -0.8822950373140808, 61.975993908512294 -0.8824664545209766, 61.958287806574276 -0.8827246153380645, 61.94056445452761 -0.8830696696367052, 61.92282376260884 -0.8835017633195054, 61.90506564689407 -0.8840210382054008, 61.88729002922714 -0.8846276319193056, 61.869496837148574 -0.8853216777840858, 61.85168600381872 -0.8861033047165332, 61.833857467938294 -0.8869726371266135, 61.816011173664975 -0.8879297948205015, 61.79814707052727 -0.8889748929070934, 61.78026511333736 -0.8901080417076748, 61.7623652620978 -0.8913293466701429, 61.744447481908445 -0.8926389082861751, 61.726511742870755 -0.8940368220121342, 61.70855801998996 -0.8955231781936587, 61.69058629307401 -0.8970980619942495, 61.67259654663238 -0.8987615533270817, 61.6545887697743 -0.9005137267901211, 61.63656295610172 -0.9023546516059944, 61.618519103605784 -0.9042843915640314, 61.60045721455984 -0.9063030049665571, 61.582377295410396 -0.9084105445790254, 61.564279356669914 -0.9106070575828753, 61.54616341280908 -0.9128925855317178, 61.52802948214563 -0.9152671643118464, 61.5098775867358 -0.9177308241051393, 61.49170775226452 -0.9202835893555678, 61.47352000793646 -0.9229254787385874, 61.45531438636509 -0.9256565051343618, 61.43709092346448 -0.9284766756032109, 61.41884965834126 -0.9313859913641088, 61.40059063318199 -0.9343844477778125, 61.38231389315204 -0.9374720343291475, 61.36401948628125 -0.9406487346167732, 61.34570746336225 -0.9439145263416391, 61.32737787784291 -0.9472693813003236, 61.309030785721646 -0.9507132653803139, 61.29066624544422 -0.9542461385575943, 61.27228431780011 -0.957867954897186, 61.253885065821706 -0.9615786625554057, 61.23546855468467 -0.9653782037844264, 61.21703485161115 -0.9692665149383739, 61.19858402576226 -0.9732435264861289, 61.18011614814568 -0.9773091630210207, 61.16163129152251 -0.9814633432733089, 61.143129530314276 -0.9857059801249777, 61.12461094051001 -0.9900369806269207, 61.10607559957663 -0.9944562460171946, 61.08752358637059 -0.9989636717410213, 61.06895498104788 -1.003559147473728, 61.050369864982 -1.0082425571426499, 61.031768320678644 -1.0130137789524591, 61.01315043169048 -1.0178726854125597, 60.99451628254176 -1.0228191433624714, 60.9758659586443 -1.0278530140027038, 60.95719954622356 -1.0329741529233543, 60.938517132240804 -1.0381824101361916, 60.91981880432055 -1.043477630106315, 60.90110465067869 -1.0488596517852466, 60.88237476004907 -1.0543283086464, 60.863629221618304 -1.05988342871862, 60.84486812495733 -1.0655248346227306, 60.82609155995443 -1.0712523436089487, 60.80729961675241 -1.0770657675939974, 60.788492385688336 -1.0829649131985057, 60.76966995722931 -1.0889495817875177, 60.75083242191664 -1.0950195695086418, 60.73197987030798 -1.1011746673323546, 60.713112392870215 -1.1074146611161308, 60.69423007992709 -1.1137393316454118, 60.675333021733806 -1.1201484546166982, 60.65642130834898 -1.1266418007143522, 60.63749502958525 -1.1332191356527646, 60.61855427495874 -1.1398802202200895, 60.59959913364735 -1.1466248103188295, 60.58062969444064 -1.1534526570112917, 60.56164604569763 -1.160363506562244, 60.54264827530732 -1.1673571004810905, 60.52363647064573 -1.1744331755665391, 60.50461071853426 -1.1815914639514187, 60.48557110520681 -1.1888316931440488, 60.46651771626725 -1.1961535860749404, 60.44745063665836 -1.2035568611386414, 60.428369950625374 -1.2110412322388413, 60.409275741682045 -1.2186064088328454, 60.39016809250357 -1.2262520960133525, 60.371047084812155 -1.2339779945955311, 60.351912799707954 -1.2417838009804085, 60.33276531745477 -1.249669207290892, 60.31360471743919 -1.2576339014223206, 60.29443107814306 -1.2656775670868061, 60.27524447711749 -1.273799883857199, 60.25604499095996 -1.2820005272098967, 60.23683269529011 -1.2902791685686354, 60.21760766472767 -1.298635475347596, 60.19836997286985 -1.3070691109950214, 60.1791196922712 -1.315579735035918, 60.1598568944243 -1.3241670031146, 60.140581649741236 -1.3328305670370126, 60.12129402738101 -1.3415700748952994, 60.101994095222864 -1.3503851711165464, 60.08268192030602 -1.3592754962617608, 60.06335756852867 -1.3682406872181296, 60.04402110462492 -1.3772803772447308, 60.02467259215486 -1.3863941960114696, 60.00531209348045 -1.3955817696457133, 59.98593966976652 -1.4048427207655712, 59.96655538095529 -1.4141766685275363, 59.947159285760776 -1.4235832286634629, 59.92775144165822 -1.433062013520304, 59.90833190486937 -1.442612632102218, 59.888900730236045 -1.4522346901746874, 59.86945797103128 -1.461927790404749, 59.85000367962279 -1.471691532027128, 59.83053790712737 -1.4815255110684862, 59.81106070336543 -1.491429320406714, 59.79157211685233 -1.5014025498097257, 59.77207219479265 -1.5114447859727669, 59.75256098307345 -1.5215556125560856, 59.73303852625497 -1.5317346102241647, 59.71350486756875 -1.541981356680624, 59.69396004890631 -1.552295426708448, 59.67440411071319 -1.5626763922644926, 59.654837091729384 -1.5731238226630395, 59.63525902975272 -1.583637284172259, 59.615669961281185 -1.5942163402511382, 59.59606992145462 -1.6048605516162047, 59.57645894404596 -1.6155694762799058, 59.55683706146015 -1.6263426695844032, 59.53720430473287 -1.6371796842354513, 59.5175607035222 -1.648080070340169, 59.497906286108524 -1.6590433754400031, 59.478241079371095 -1.670069144557198, 59.458565108388015 -1.6811569204630428, 59.43887839712254 -1.6923062433080962, 59.419180968330984 -1.7035166507071324, 59.3994728433798 -1.7147876778785829, 59.379754042244656 -1.726118857677121, 59.36002458350558 -1.7375097206284322, 59.340284484347926 -1.7489597949603954, 59.320533760560565 -1.7604686066357735, 59.30077242653128 -1.7720356793863767, 59.28100049518327 -1.7836605347824404, 59.26121797765096 -1.7953426924588332, 59.241424884050616 -1.8070816696843006, 59.22162122318712 -1.818876981566914, 59.20180700246042 -1.8307281411406513, 59.181982227864005 -1.8426346593967566, 59.16214690398625 -1.85459604531317, 59.14230103400568 -1.866611805887464, 59.12244461969265 -1.8786814461657428, 59.1025776614065 -1.890804469274045, 59.082700157788295 -1.902980376635211, 59.06281210615436 -1.9152086677592783, 59.04291350266338 -1.9274888401700334, 59.02300434206065 -1.939820389589411, 59.003084617677374 -1.9522028099666486, 58.98315432143123 -1.9646355935065345, 58.963213443821616 -1.977118230700646, 58.94326197393417 -1.989650210352742, 58.92329989943382 -2.002231019610978, 58.9033272063558 -2.0148601441245857, 58.88334387929624 -2.027537067954406, 58.86334990170084 -2.040261273421807, 58.84334525559504 -2.053032241301833, 58.823329921583195 -2.065849450850641, 58.803303878842065 -2.0787123798362024, 58.783267105125724 -2.0916205045617655, 58.763219576761124 -2.1045732998948306, 58.74316126864627 -2.117570239294359, 58.723092154051635 -2.1306107949601603, 58.70301220488367 -2.143694437694834, 58.682921391795226 -2.156820636860166, 58.662819684003665 -2.169988860515199, 58.64270704929052 -2.183198575441444, 58.622583454002736 -2.196449247166751, 58.60244886304303 -2.2097403399957654, 58.582303239877184 -2.223071317029646, 58.56214654651295 -2.236441640203175, 58.541978743361085 -2.2498507703955557, 58.521799789533986 -2.2632981672670853, 58.50160964275844 -2.2767832893368323, 58.48140825931053 -2.2903055940463686, 58.46119559401133 -2.303864537785226, 58.44097160022386 -2.317459575915367, 58.420736229851585 -2.3310901627943577, 58.400489433335245 -2.344755751799409, 58.38023115962688 -2.358455795365435, 58.35996135617487 -2.37218974501598, 58.33967996905942 -2.385957051299376, 58.319386942894866 -2.3997571638710147, 58.299082220817375 -2.413589531521845, 58.27876574448163 -2.427453602200913, 58.25843745405874 -2.441348823036827, 58.238097288229916 -2.455274640361722, 58.21774518418531 -2.469230499731598, 58.19738107763932 -2.4832158459360887, 58.177004902843436 -2.497230123009511, 58.15661659254549 -2.5112727742752567, 58.13621607798773 -2.5253432423656075, 58.11580328890077 -2.5394409692437487, 58.095378153499404 -2.5535653962243714, 58.074940598479955 -2.56771596399306, 58.05449054901395 -2.581892112627582, 58.03402792875806 -2.596093281608803, 58.013552659965356 -2.610318909767692, 57.993064663294554 -2.6245684354215637, 57.972563857835375 -2.6388412963743306, 57.952050161129556 -2.653136929919196, 57.931523489167226 -2.6674547728564906, 57.910983756384205 -2.6817942615106762, 57.890430875653756 -2.6961548317504187, 57.86986475828458 -2.710535919004506, 57.849285314090814 -2.724936958232431, 57.828692451482866 -2.7393573838818916, 57.808086077109294 -2.753796630126181, 57.78746609601993 -2.7682541307755004, 57.766832411669895 -2.7827293192874665, 57.74618492591992 -2.7972216287796003, 57.7255235390287 -2.8117304920464203, 57.704848149646985 -2.8262553415751492, 57.68415865481361 -2.840795609559816, 57.66345495013598 -2.8553507278007233, 57.64273692970378 -2.869920127769416, 57.622004485739055 -2.884503240836203, 57.6012575088273 -2.89909949813687, 57.58049588791436 -2.9137083305845275, 57.55971951030205 -2.9283291688818807, 57.53892826164331 -2.942961443533415, 57.51812202593279 -2.9576045848600754, 57.49730068550822 -2.9722580230068605, 57.476464121302605 -2.9869211877962147, 57.455612212647345 -3.0015935088574746, 57.43474483691275 -3.016274415854605, 57.41386186978691 -3.0309633383216115, 57.39296318527214 -3.0456597056713646, 57.37204865567987 -3.060362947204915, 57.35111815162433 -3.075072492121274, 57.33017154202334 -3.0897877695223457, 57.30920869408698 -3.1045082084249964, 57.288229473520126 -3.119233237643046, 57.267233744572195 -3.133962285762539, 57.24622136936698 -3.1486947815516038, 57.225192208292576 -3.1634301537269947, 57.204146120012325 -3.178167830950621, 57.18308296145809 -3.1929072418363553, 57.16200258783286 -3.207647814950839, 57.14090485260099 -3.2223889788213462, 57.11978960749144 -3.237130161935408, 57.09865670252441 -3.251870792726192, 57.077505986459 -3.2666102993072466, 57.05633730599961 -3.281348109946859, 57.03515050592867 -3.2960836529876563, 57.013945429276255 -3.31081635674494, 56.99272191732383 -3.325545649503707, 56.97147980960213 -3.34027095951875, 56.95021894389039 -3.3549917150135684, 56.92893915621626 -3.369707344178504, 56.90764028085864 -3.384417275166748, 56.886322150398854 -3.399120936061838, 56.86498459617155 -3.4138177546127366, 56.84362744737035 -3.4285071587528004, 56.82225053129923 -3.4431885764477688, 56.80085367352073 -3.4578614356049733, 56.779436697855814 -3.472525164068861, 56.757999426390356 -3.487179189612352, 56.736541679481284 -3.5018229399279988, 56.71506327575724 -3.5164558426220323, 56.69356403212907 -3.5310773252023786, 56.67204376379285 -3.5456868150706167, 56.65050228452494 -3.560283739348283, 56.628939406562814 -3.5748675249394797, 56.60735494001662 -3.5894375988563487, 56.58574869330949 -3.603993387960677, 56.56412047319489 -3.6185343189462573, 56.54247008476315 -3.6330598183270832, 56.52079733145674 -3.6475693124203463, 56.499102015084354 -3.662062227329902, 56.47738393583099 -3.6765379889317242, 56.455642892275435 -3.690996022855026, 56.433878681406334 -3.705435754463979, 56.412091098746124 -3.7198566087802276, 56.39027993864306 -3.7342580103148464, 56.36844499347061 -3.7486393834968545, 56.346586054022936 -3.763000152444781, 56.32470290959859 -3.777339740910539, 56.30279534802047 -3.791657572258175, 56.280863155662836 -3.8059530694387096, 56.258906117477146 -3.8202256549656264, 56.236924017013635 -3.8344747508926025, 56.2149166364581 -3.8486997787831037, 56.19288375665411 -3.8629001596878068, 56.17082515713725 -3.877075314115703, 56.148740616170485 -3.8912246620046664, 56.1266299110598 -3.905347622546225, 56.104492817847415 -3.919443614337005, 56.08232911116041 -3.933512055445656, 56.06013856449524 -3.9475523632533007, 56.03792095026332 -3.961563954419709, 56.01567603982798 -3.9755462448543257, 55.99340360355541 -3.9894986496803497, 55.97110341085777 -4.003420583203223, 55.94877523024512 -4.017311458875124, 55.92641882937285 -4.031170689262056, 55.904033975099885 -4.044997686006135, 55.8816204335399 -4.058791859791886, 55.85917797011932 -4.072552620309743, 55.8367063496393 -4.08627937621821, 55.81420533638263 -4.099971535084827, 55.791674694329984 -4.113628503275289, 55.769114186797324 -4.127249686125795, 55.74652357669563 -4.140834487810229, 55.72390262664227 -4.154382311282133, 55.701251099038316 -4.167892558234469, 55.678568756143235 -4.181364629061642, 55.655855360152806 -4.194797922821138, 55.63311067328928 -4.208191837190469, 55.61033445787755 -4.221545768432063, 55.587526476439 -4.234859111351042, 55.564686491780655 -4.248131259256684, 55.54181426708994 -4.26136160392267, 55.51890956603127 -4.27454953554806, 55.49597215284595 -4.287694442718349, 55.47300179245461 -4.300795712367039, 55.44999825056504 -4.313852729736537, 55.42696129377895 -4.326864878341419, 55.4038906897076 -4.339831539929598, 55.3807862071325 -4.352752094425842, 55.357647616074615 -4.365625919917958, 55.334474687853294 -4.378452392648807, 55.311267195274795 -4.391230886953732, 55.288024912765856 -4.403960775224915, 55.26474761650621 -4.416641427878721, 55.2414350845594 -4.4292722133263025, 55.21808709701665 -4.441852497941287, 55.19470343613798 -4.454381646031504, 55.17128388649572 -4.466859019812465, 55.14782823512656 -4.479283979380323, 55.1243362716823 -4.491655882688419, 55.100807788585655 -4.503974085524911, 55.07724258119026 -4.516237941491991, 55.0536404479455 -4.528446801986546, 55.030001190557506 -4.540600016185826, 55.00632461415961 -4.552696931032888, 54.98261052749199 -4.564736891222182, 54.958858743065385 -4.576719239195173, 54.93506907735144 -4.588643315129431, 54.91124135095749 -4.600508456937877, 54.887375388813666 -4.612314000267284, 54.86347102036403 -4.624059278499576, 54.83952807975105 -4.635743622759907, 54.81554640601838 -4.647366361922354, 54.79152584329897 -4.658926822625585, 54.76746624101917 -4.670424329287229, 54.743367454100785 -4.681858204123791, 54.71922934316307 -4.693227767175366, 54.695051774730075 -4.704532336333367, 54.670834621439624 -4.715771227372675, 54.64657776225536 -4.726943753987843, 54.62228108267664 -4.738049227835173, 54.597944474954545 -4.749086958578016, 54.57356783830763 -4.760056253937424, 54.549151079139044 -4.770956419747831, 54.52469411125421 -4.781786760017976, 54.50019685608023 -4.79254657699682, 54.475659242886366 -4.803235171244723, 54.451081209005046 -4.813851841710107, 54.42646270005068 -4.824395885812546, 54.40180367014106 -4.834866599530743, 54.3771040821206 -4.845263277495763, 54.352363907775946 -4.855585213092465, 54.327583128058514 -4.865831698564565, 54.30276173330225 -4.876002025127109, 54.2778997234382 -4.886095483085658, 54.2529971082138 -4.896111361960013, 54.228053907403016 -4.906048950616443, 54.20307015101751 -4.915907537405397, 54.178045879517235 -4.925686410305254, 54.152981144014156 -4.935384857073717, 54.12787600647459 -4.945002165405332, 54.102730539919214 -4.95453762309531, 54.07754482861466 -4.963990518211173, 54.05231896826845 -4.973360139269089, 54.02705306621037 -4.982645775419137, 54.00174724157377 -4.991846716635923, 53.976401625472306 -5.000962253915594, 53.95101636116834 -5.009991679480025, 53.925591604234626 -5.018934286987626, 53.90012752271204 -5.02778937174989, 53.87462429725807 -5.036556230954829, 53.84908212128994 -5.045234163896174, 53.82350120111716 -5.053822472209271, 53.79788175606816 -5.062320460112454, 53.77222401860887 -5.070727434654105, 53.74652823444965 -5.079042705965961, 53.72079466264563 -5.087265587521273, 53.69502357568551 -5.095395396398602, 53.669215259572546 -5.103431453550196, 53.64337001389245 -5.111373084075711, 53.61748815187289 -5.1192196174999856, 53.59157000043068 -5.12697038805536, 53.56561590020805 -5.134624734967865, 53.53962620559769 -5.14218200274703, 53.51360128475409 -5.149641541479365, 53.487541519596206 -5.157002707124241, 53.4614473057932 -5.1642648618132405, 53.435319052741505 -5.171427374151129, 53.409157183524 -5.178489619519584, 53.38296213486464 -5.185450980381124, 53.35673435705829 -5.192310846585986, 53.330474313896396 -5.199068615678309, 53.304182482575584 -5.205723693203165, 53.277859353590394 -5.212275493013795, 53.251505430617314 -5.218723437577555, 53.22512123037893 -5.225066958281685, 53.19870728249845 -5.23130549573703, 53.17226412933869 -5.237438500080046, 53.14579232585421 -5.243465431269399, 53.11929243989298 -5.249385759330742, 53.09276505119025 -5.255198964743741, 53.06621075123433 -5.260904538717515, 53.039630143238526 -5.266501983452532, 53.013023841895546 -5.271990812421268, 52.986392473122876 -5.2773705506432105, 52.959736673790296 -5.282640734954591, 52.93305709143648 -5.287800914271717, 52.90635438397394 -5.292850649847598, 52.87962921938036 -5.2977895155215755, 52.85288227537753 -5.302617097961431, 52.82611423909989 -5.307332996897421, 52.799325806751256 -5.311936825347983, 52.77251768325048 -5.316428209836619, 52.74569058186643 -5.320806790599622, 52.71884522384347 -5.3250722217841835, 52.69198233801818 -5.329224171636549, 52.66510266042454 -5.333262322680017, 52.63820693389349 -5.3371863718821935, 52.611295907642585 -5.340996030811441, 52.584370336859706 -5.344691025782094, 52.5574309822777 -5.348271097988279, 52.530478609745956 -5.351736003625981, 52.50351398982531 -5.3550855140030045, 52.4765378981242 -5.35831941563473, 52.4495511135827 -5.361437510346942, 52.42255441810952 -5.364439615339695, 52.39554859650151 -5.367325563243465, 52.368534435990135 -5.370095202167389, 52.34151272578384 -5.372748395734819, 52.31448425661239 -5.37528502310621, 52.287449820268485 -5.37770497898926, 52.260410209150855 -5.380008173636392, 52.23336621580797 -5.382194532829571, 52.206318632483175 -5.3842639978525515, 52.17926825066221 -5.386216525450636, 52.152215860623905 -5.3880520877780915, 52.12516225099354 -5.389770672333315, 52.09810820830131 -5.391372281881993, 52.07105451654497 -5.392856934368394, 52.04400195675822 -5.394224662815034, 52.0169513065842 -5.395475515210914, 51.98990333985705 -5.39660955438872, 51.96285882618825 -5.397626857891008, 51.93581853056308 -5.398527517826036, 51.90878321294319 -5.399311640713212, 51.881753627878304 -5.399979347318678, 51.854730524411806 -5.400530772508466, 51.82771464572628 -5.400966065072943, 51.80070672786686 -5.401285387446221, 51.77370749998606 -5.401488915556834, 51.7467176840256 -5.401576838621285, 51.719737994390144 -5.401549358928301, 51.69276913762997 -5.401406691615714, 51.66581181213585 -5.401149064440668, 51.638866707848386 -5.4007767175438826, 51.61193450597343 -5.400289903207338, 51.58501587871795 -5.399688885607613, 51.55811148902915 -5.3989739405630885, 51.531221990355256 -5.398145355277872, 51.504348026411584 -5.397203428080672, 51.47749023096365 -5.396148468160671, 51.45064922762134 -5.394980795299983, 51.423825629648114 -5.3937007396037515, 51.39702003977925 -5.39230864122737, 51.37023305005714 -5.390804850102513, 51.343465241676085 -5.389189725661224, 51.316717184843924 -5.387463636559678, 51.289989438650416 -5.385626960400346, 51.26328255095523 -5.383680083455191, 51.23659705828275 -5.381623400388051, 51.20993348573181 -5.37945731397809, 51.18329234689873 -5.377182234844404, 51.15667414380865 -5.374798581171229, 51.13007936686344 -5.372306778435736, 51.1035084947966 -5.369707259136887, 51.076961994643256 -5.367000462527356, 51.050440321719584 -5.3641868343477075, 51.0239439196122 -5.361266826563272, 50.99747322018125 -5.358240897104871, 50.97102864357528 -5.355109509613346, 50.944610598308145 -5.351873133200071, 50.91821948116972 -5.348532242170665, 50.89185567730265 -5.345087315788006, 50.86551956028087 -5.341538838038602, 50.839211492166136 -5.337887297396461, 50.81293182357501 -5.334133186592081, 50.78668089375518 -5.330277002386607, 50.76045903066755 -5.326319245350464, 50.73426655107865 -5.322260419647835, 50.70810376065563 -5.318101032825182, 50.681970954073634 -5.3138415956065845, 50.65586841512448 -5.3094826216931255, 50.629796416836214 -5.3050246275690425, 50.603755221594376 -5.30046813231236, 50.577745081271004 -5.295813657411719, 50.55176623735829 -5.291061726588765, 50.52581892110785 -5.286212865626425, 50.499903353672565 -5.281267602202337, 50.47401974625459 -5.27622646572855, 50.44816830025563 -5.271089987196468, 50.42234920743331 -5.265858699028216, 50.39656265005626 -5.260533134932329, 50.37080880106869 -5.255113829767009, 50.345087824250385 -5.24960131940678, 50.319399874385674 -5.243996140616704, 50.29374509742957 -5.238298830930526, 50.26812363067913 -5.232509928535293, 50.24253560294418 -5.226629972160646, 50.21698113472132 -5.220659500973949, 50.191460338368174 -5.214599054480382, 50.16597331827659 -5.208449172427464, 50.14052017105078 -5.202210394716037, 50.115100985683235 -5.19588326131528, 50.08971584372875 -5.189468312181791, 50.06436481948426 -5.182966087185404, 50.03904798016374 -5.176377126037927, 50.013765386068606 -5.169701968224885, 49.98851709076707 -5.162941152944988, 49.96330314128301 -5.156095219057741, 49.93812357825871 -5.149164705026018, 49.91297843612937 -5.142150148867291, 49.88786774329379 -5.135052088107733, 49.86279152228486 -5.127871059740578, 49.83774978994055 -5.120607600188837, 49.81274255756934 -5.113262245270059, 49.78776983111928 -5.1058355301665665, 49.76283161134058 -5.098327989397139, 49.737927893948005 -5.090740156792572, 49.713058669783635 -5.0830725654752005, 49.688223924975176 -5.075325747840432, 49.663423641089565 -5.067500235540061, 49.638657795293504 -5.0595965594719745, 49.613926360501104 -5.051615249768178, 49.5892293055239 -5.0435568357871485, 49.5645665952235 -5.035421846110683, 49.539938190651746 -5.027210808538826, 49.5153440491983 -5.018924250091077, 49.490784124725536 -5.010562697005318, 49.46625836771382 -5.002126674744199, 49.441766725392725 -4.993616707998458, 49.417309141874235 -4.985033320693921, 49.392885558284696 -4.976377036000706, 49.368495912894616 -4.967648376344227, 49.34414014123931 -4.958847863414759, 49.31981817624672 -4.94997601818266, 49.29552994836145 -4.941033360914461, 49.27127538579174 -4.932020411247407, 49.24705441443602 -4.922937688121509, 49.22286695799528 -4.913785709796409, 49.19871293813585 -4.904564993893829, 49.174592274601025 -4.895276057419043, 49.1505048853128 -4.885919416779803, 49.126450686474364 -4.876495587807483, 49.10242959267315 -4.867005085780356, 49.078441516973434 -4.857448425443706, 49.0544863710164 -4.847826121035164, 49.030564065107846 -4.838138686305815, 49.006674508315584 -4.828386634547492, 48.98281760854687 -4.818570478611995, 48.95899327264548 -4.808690730941182, 48.93520140646612 -4.798747903587521, 48.91144191495829 -4.788742508240439, 48.887714702247095 -4.778675056252565, 48.86401967183717 -4.768546058728523, 48.840356726783455 -4.758356026600117, 48.816725769231766 -4.748105470386585, 48.79312670077664 -4.7377949003618784, 48.769559422543445 -4.727424826586816, 48.74602383525748 -4.716995758935812, 48.72251983930731 -4.706508207121507, 48.69904733480652 -4.69596268071947, 48.67560622165111 -4.685359689191397, 48.65219639958097 -4.674699741911168, 48.62881776823571 -4.663983348188673, 48.60547022720678 -4.653211017292364, 48.58215367609132 -4.6423832584733375, 48.55886801454333 -4.631500580988512, 48.535613142487 -4.620563494210328, 48.512388960366074 -4.609572507758066, 48.4891953683523 -4.598528131076378, 48.4660322668205 -4.587430873682786, 48.44289955643037 -4.576281245209246, 48.41979713816618 -4.565079755421916, 48.39672491337345 -4.553826914239526, 48.373682783807745 -4.542523231758615, 48.35067065165414 -4.531169218263177, 48.32768841958138 -4.519765384253253, 48.30473599076408 -4.508312240456494, 48.28181326891565 -4.496810297845594, 48.25892015840407 -4.485260067701723, 48.23605656477927 -4.473662061907301, 48.21322239372138 -4.462016792365387, 48.19041755142234 -4.45032477120775, 48.16764194475618 -4.438586510888522, 48.144895481308694 -4.4268025242003635, 48.12217806939798 -4.414973324285637, 48.09948961810394 -4.403099424652481, 48.076830037281646 -4.391181339181904, 48.054199237592464 -4.379219582144746, 48.03159713051761 -4.367214668208714, 48.009023628419854 -4.355167112472761, 47.986478645159316 -4.343077430819286, 47.96396209503801 -4.3309461393115125, 47.94147389300229 -4.318773754305437, 47.91901395490596 -4.306560792598426, 47.89658392986633 -4.294304779355449, 47.87418642573767 -4.282001619844097, 47.851821374702396 -4.26965186452098, 47.82948867710217 -4.257256118566901, 47.807188233142476 -4.244814987047881, 47.78491994292444 -4.232329074924823, 47.76268370687932 -4.219798987299692, 47.74047942554085 -4.2072253292752295, 47.718306998851155 -4.194608705537407, 47.69616632675658 -4.18194972069486, 47.67405730923626 -4.169248979286808, 47.651979846332395 -4.156507085791932, 47.629933838172555 -4.143724644632515, 47.6079191849934 -4.130902260179418, 47.58593578716441 -4.118040536756956, 47.56398354521698 -4.105140078650995, 47.5420623603907 -4.09220149042704, 47.520172133948805 -4.079225376512437, 47.49831276697504 -4.066212341063481, 47.47648416078458 -4.05316298820108, 47.454686216954435 -4.040077922019252, 47.43291883733366 -4.0269577465812665, 47.41118192406432 -4.013803065922158, 47.38947537960014 -4.0006144840497315, 47.36779910671966 -3.9873926049421105, 47.34615300872949 -3.974138032660816, 47.324536989696526 -3.9608513714823577, 47.302950953471225 -3.947533225292745, 47.28139480424154 -3.934184197912353, 47.25986844659314 -3.920804893121195, 47.238371785528464 -3.9073959146591672, 47.216904726474006 -3.8939578662187926, 47.19546717529677 -3.8804913514434647, 47.174059038313196 -3.866996973920877, 47.15268022240465 -3.8534753372418855, 47.13133063533337 -3.8399270451832814, 47.11001018485301 -3.826352701147256, 47.08871877913187 -3.812752908408359, 47.0674563268412 -3.7991282701548057, 47.04622273716282 -3.785479389479831, 47.02501791980211 -3.7718068693762623, 47.003841784993156 -3.758111312725932, 46.982694243510664 -3.744393322293128, 46.961575206777496 -3.7306535007772714, 46.940484587041354 -3.7168924509086914, 46.91942229671052 -3.7031107750209835, 46.89838824871336 -3.689309075259124, 46.877382356557725 -3.6754879536013627, 46.85640453433019 -3.6616480118434085, 46.835454696703174 -3.6477898515873712, 46.814532758941034 -3.633914074229758, 46.79363863690586 -3.620021280949099, 46.77277224719488 -3.6061120727757148, 46.75193350706193 -3.592187050526281, 46.731122334118126 -3.5782468145996917, 46.710338646587935 -3.5642919651202134, 46.689582363317854 -3.550323101925737, 46.66885340377257 -3.5363408245480175, 46.648151688048245 -3.52234573220336, 46.62747713687094 -3.5083384237738517, 46.60682967160205 -3.4943194977926417, 46.586209214337515 -3.4802895524879256, 46.565615687703456 -3.4662491856361815, 46.545049014897366 -3.452198994569163, 46.52450911975913 -3.438139576199494, 46.503995926775836 -3.424071527004503, 46.4835093610807 -3.4099954430061032, 46.46304934845517 -3.395911919752466, 46.44261581532984 -3.3818215522987183, 46.42220868878341 -3.367724935186216, 46.40182789649863 -3.3536226623944887, 46.38147336678351 -3.3395153273340523, 46.3611450285999 -3.325403522843658, 46.34084281156028 -3.311287841167284, 46.320566645935656 -3.2971688739379292, 46.300316462645846 -3.2830472121501146, 46.28009219326362 -3.268923446140902, 46.25989377001757 -3.2547981655698397, 46.23972112568403 -3.2406719593292053, 46.21957419361461 -3.2265454155391087, 46.19945290791335 -3.2124191216362448, 46.17935720333152 -3.1982936642852526, 46.15928701527002 -3.1841696293573976, 46.13924227977352 -3.170047601903897, 46.119222933532356 -3.1559281661338896, 46.099228913876466 -3.1418119053872506, 46.07926015876402 -3.1276994021039046, 46.059316606507764 -3.1135912376291417, 46.03939819617583 -3.0994879924404573, 46.01950486757328 -3.0853902461116225, 45.99963656113169 -3.0712985772193986, 45.979793217912324 -3.057213563321019, 45.95997477959568 -3.0431357809230324, 45.940181188483365 -3.0290658054576203, 45.920412387489954 -3.0150042112525686, 45.900668320076484 -3.0009515714648547, 45.880948929925104 -2.9869084578537834, 45.86125416163296 -2.9728754411864906, 45.8415839604718 -2.9588530910627204, 45.82193827230477 -2.944841975837332, 45.80231704358325 -2.9308426625925112, 45.78272022134229 -2.9168557171088714, 45.763147753191205 -2.902881703833497, 45.7435995873148 -2.8889211858543353, 45.72407567235087 -2.874974724798545, 45.70457595704976 -2.8610428805973385, 45.68510039114549 -2.847126211995075, 45.66564892498573 -2.8332252762943058, 45.64622150945796 -2.8193406292834498, 45.626818095981406 -2.8054728252048386, 45.60743863649609 -2.7916224167209465, 45.58808308346113 -2.777789954886128, 45.56875138983823 -2.7639759891093023, 45.54944350902634 -2.7501810670868876, 45.53015939436092 -2.736405734472419, 45.510899000079185 -2.7226505354353874, 45.49166228103941 -2.708916012462214, 45.47244919256335 -2.695202706232865, 45.45325969042075 -2.681511155583798, 45.43409373082444 -2.667841897477275, 45.41495127041441 -2.6541954669639827, 45.39583226624854 -2.640572397149664, 45.376736675791705 -2.6269732191607513, 45.357664456522066 -2.6133984618818196, 45.33861556615414 -2.5998486520626454, 45.31958996326497 -2.586324314662914, 45.30058760678883 -2.572825972522086, 45.28160845600403 -2.559354146323713, 45.26265247051586 -2.5459093545574976, 45.24371961024373 -2.5324921134838556, 45.22480983540418 -2.5191029370961724, 45.20592310649592 -2.5057423370842713, 45.18705938428333 -2.4924108227970505, 45.16821862929183 -2.4791089009206604, 45.14940080234509 -2.4658370757668178, 45.130605864891 -2.452595849434146, 45.11183377857729 -2.4393857215322763, 45.09308450522768 -2.4262071891408334, 45.07435800682898 -2.4130607467748493, 45.055654245505536 -2.399946886343049, 45.03697318350312 -2.3868660971117848, 45.01831478316382 -2.373818865663966, 44.99967900690561 -2.360805675860868, 44.98106581704824 -2.347827008716897, 44.96247517545887 -2.3348833421739306, 44.94390704457928 -2.3219751516595073, 44.925361386906346 -2.309102909764005, 44.90683816489656 -2.296267086160925, 44.88833734094206 -2.2834681475682195, 44.86985887733931 -2.270706557705852, 44.85140273626712 -2.2579827772588814, 44.83296887975523 -2.2452972638356576, 44.814557269657016 -2.232650471928655, 44.79616786761961 -2.2200428528743137, 44.77780063500412 -2.207474854785835, 44.759455532402384 -2.1949469222662277, 44.741132520513425 -2.182459496868366, 44.7228315598641 -2.1700130169172476, 44.704552610615664 -2.157607917381969, 44.686295632529365 -2.1452446298358536, 44.66806058493471 -2.1329235824185377, 44.64984742668766 -2.1206451997931812, 44.631656116134245 -2.108409903107261, 44.61348661107657 -2.096218109955168, 44.595338868727225 -2.0840702343353295, 44.57721284567345 -2.0719666866131625, 44.55910849783412 -2.0599078734809266, 44.541025780158634 -2.0478941977832807, 44.52296464678723 -2.035926058587302, 44.50492505140272 -2.0240038513501633, 44.48690694684821 -2.0121279677030417, 44.46891028507719 -2.0002987954113327, 44.4509350171086 -1.9885167183382284, 44.43298109297403 -1.976782116405247, 44.41504846167277 -1.9650953655576433, 44.397137071117974 -1.9534568377263228, 44.379246868084145 -1.9418669007913965, 44.361377798155154 -1.9303259185470538, 44.343529805670094 -1.9188342506664415, 44.325702833667094 -1.9073922526666076, 44.30789682382512 -1.8960002758736012, 44.29011171634219 -1.8846586673575418, 44.27234744974641 -1.8733677698369764, 44.25460396129314 -1.8621279218716082, 44.236881186673884 -1.8509394577163882, 44.21917905992199 -1.8398027072751368, 44.201497513347796 -1.8287179960700466, 44.18383647747303 -1.8176856452122714, 44.166195880966235 -1.8067059713745033, 44.148575650575275 -1.7957792867635936, 44.13097571105477 -1.7849058990923392, 44.11339598510059 -1.7740861115562256, 44.095836393277274 -1.7633202228084348, 44.07829685394415 -1.7526085269358855, 44.06077728318312 -1.7419513134378655, 44.04327759472341 -1.7313488672049273, 44.025797699867645 -1.7208014685002422, 44.0083375074104 -1.7103093929393407, 43.99089692356431 -1.6998729114752016, 43.97347585186646 -1.689492290376454, 43.956074193036876 -1.6791677911865954, 43.938691845062976 -1.6688996707854586, 43.921328703045646 -1.6586881813460108, 43.90398465909639 -1.6485335703165307, 43.88665960224926 -1.63843608041167, 43.86935341837986 -1.628395949608779, 43.85206599011851 -1.6184134111439166, 43.83479719676053 -1.6084886935089122, 43.81754691418167 -1.5986220204529866, 43.80031501474832 -1.5888136109844766, 43.783101367229534 -1.5790636793757418, 43.765905836703475 -1.5693724351681988, 43.748728284474076 -1.5597400831840742, 43.73156856797364 -1.5501668235348298, 43.71442654067533 -1.5406528516362699, 43.69730205200125 -1.5311983582243656, 43.68019494722846 -1.5218035293729464, 43.66310506740188 -1.5124685465167043, 43.646032249235866 -1.503193586472451, 43.62897632502848 -1.4939788214680543, 43.611937122564356 -1.4848244191696556, 43.59491446502742 -1.4757305427154608, 43.57790817090583 -1.4666973507492875, 43.56091805390329 -1.457724997459394, 43.54394392284719 -1.4488136326188572, 43.52698558160006 -1.4399634016300582, 43.51004282896986 -1.4311744455715112, 43.493115458620295 -1.4224469012476135, 43.476203258986416 -1.4137809012430997, 43.45930601318713 -1.4051765739792448, 43.442423498939924 -1.3966340437736962, 43.425555488478466 -1.3881534309041652, 43.40870174847098 -1.3797348516751713, 43.391862039939674 -1.3713784184880018, 43.37503611818402 -1.3630842399147476, 43.35822373270855 -1.3548524207765797, 43.34142462713943 -1.3466830622210395, 43.324638539156616 -1.3385762618073096, 43.307865200426235 -1.330532113594121, 43.291104336535085 -1.3225507082310068, 43.274355666927455 -1.3146321330528346, 43.25761890484579 -1.3067764721780735, 43.240893757273625 -1.298983806610242, 43.22417992488217 -1.2912542143428776, 43.20747710198277 -1.2835877704686358, 43.1907849764805 -1.2759845472909406, 43.17410322983139 -1.268444614438914, 43.15743153700795 -1.2609680389868494, 43.1407695664653 -1.2535548855757748, 43.124116980113115 -1.2462052165386217, 43.10747343329299 -1.2389190920286908, 43.09083857476048 -1.2316965701510685, 43.07421204667238 -1.2245377070970302, 43.0575934845796 -1.2174425572813947, 43.04098251742495 -1.2104111734824503, 43.02437876753466 -1.2034436069814742, 43.00778185064127 -1.196539907711534, 42.99119137590573 -1.1897001244066867, 42.97460694593365 -1.182924304750328, 42.958028156805426 -1.1762124955276054, 42.941454598112344 -1.169564742779653, 42.92488585299821 -1.1629810919592967, 42.908321498211144 -1.1564615880891935, 42.891761104159784 -1.150006275920754, 42.875204234978206 -1.1436152000946729, 42.8586504485982 -1.1372884053025112, 42.842099296827854 -1.1310259364488648, 42.825550325440645 -1.1248278388147956, 42.809003074269015 -1.1186941582209642, 42.79245707730844 -1.1126249411915188, 42.7759118628278 -1.1066202351175856, 42.7593669534886 -1.1006800884206314, 42.74282186647307 -1.0948045507154145, 42.72627611361782 -1.0889936729716503, 42.70972920155815 -1.0832475076750738, 42.69318063188091 -1.077566108987206, 42.67662990128139 -1.0719495329027593, 42.6600765017343 -1.0663978374062122, 42.64351992066796 -1.0609110826253167, 42.626959641149384 -1.0554893309826379, 42.610395142075824 -1.0501326473440677, 42.59382589837508 -1.0448410991644341, 42.57725138121377 -1.039614756629787, 42.56067105821182 -1.0344536927958305, 42.54408439366709 -1.0293579837228188, 42.52749084878409 -1.0243277086057567, 42.510889881913045 -1.0193629499005548, 42.494280948794575 -1.0144637934451959, 42.47766350280998 -1.0096303285756854, 42.46103699524122 -1.004862648237074, 42.444400875534036 -1.000160849088453, 42.42775459156871 -0.9955250316022985, 42.41109758993757 -0.9909553001577918, 42.39442931620366 -0.9864517631252104, 42.37774921481469 -0.9820145329097152, 42.3610567300234 -0.977643726092635, 42.3443513061055 -0.9733394634857506, 42.327632387507634 -0.9691018701739217, 42.310899419152946 -0.9649310755667566, 42.29415184674825 -0.9608272134424789, 42.27738911709615 -0.9567904219841563, 42.260610678407595 -0.9528208438077852, 42.24381598061867 -0.9489186259824514, 42.22700447570789 -0.9450839200421643, 42.21017561801508 -0.9413168819893952, 42.19332886456128 -0.9376176722902076, 42.17646367536913 -0.9339864558609012, 42.15957951378288 -0.9304234020460983, 42.14267584678824 -0.926928684588266, 42.1257521453311 -0.9235024815886324, 42.1088078846348 -0.9201449754595021, 42.091842544515856 -0.9168563528680033, 42.074855609696534 -0.9136368046712592, 42.057846570115686 -0.9104865258431053, 42.04081492123521 -0.9074057153923525, 42.02376016434366 -0.9043945762727505, 42.00668180685511 -0.9014533152847171, 41.98957936250222 -0.8985821429689889, 41.97245235122341 -0.8957812734962962, 41.955300300463485 -0.8930509245472783, 41.9381227450432 -0.8903913171770242, 41.92091922732913 -0.887802675677477, 41.9036892974984 -0.8852852274330727, 41.88643251379642 -0.8828392027694141, 41.86914844278701 -0.8804648347952276, 41.851836659594696 -0.8781623592378472, 41.83449674813898 -0.8759320142725028, 41.81712830136008 -0.8737740403456913, 41.799730921435746 -0.8716886799929306, 41.78230421998906 -0.8696761776512002, 41.7648478182875 -0.8677367794663436, 41.747361347431166 -0.865870733095856, 41.72984444853263 -0.8640782875072553, 41.71229677288596 -0.8623596927724693, 41.694717982125994 -0.8607151998585564, 41.677107748376486 -0.8591450604151392, 41.659465754389636 -0.8576495265587549, 41.641791693672786 -0.8562288506547578, 41.62408527060594 -0.8548832850968614, 41.60634620054833 -0.8536130820848005, 41.58857420993391 -0.852418493400489, 41.570769036167 -0.8512997702025403, 41.5529304277817 -0.8502571627952471, 41.535058144935775 -0.8492909203562913, 41.51715195914173 -0.8484012907406857, 41.49921165330319 -0.8475885202551158, 41.481237021745955 -0.8468528534323241, 41.46322787023858 -0.8461945328064029, 41.445184016002365 -0.8456137986893429, 41.42710528771072 -0.8451108889491814, 41.40899152547975 -0.8446860387898377, 41.3908425808467 -0.8443394805334185, 41.372658316741216 -0.8440714434046115, 41.35443860744423 -0.8438821533182213, 41.33618333854045 -0.8437718326692845, 41.3178924068581 -0.8437407001270044, 41.29956572040467 -0.8437889704314302, 41.28120319828779 -0.8439168541948846, 41.2628047706338 -0.8441245577063972, 41.24437037849369 -0.8444122827410487, 41.22589997374401 -0.844780226373256, 41.20739351897776 -0.8452285807950384, 41.188850987390964 -0.8457575331385212, 41.170272362659446 -0.8463672653038439, 41.15165763880966 -0.8470579537920325, 41.13300682008553 -0.8478297695425652, 41.11431992080506 -0.8486828777770757, 41.095596965214924 -0.8496174378477566, 41.07683798733714 -0.8506336030917566, 41.058043030812065 -0.8517315206909044, 41.039212148735984 -0.8529113315372113, 41.02034540349488 -0.854173170103964, 41.001442866592186 -0.855517164322987, 40.982504618475524 -0.856943435467113, 40.96353074835729 -0.8584520980390291, 40.944521354033725 -0.8600432596656051, 40.92547654170038 -0.8617170209981876, 40.90639642576112 -0.8634734756197087, 40.88728112863067 -0.8653127099587472, 40.86813078057451 -0.8672348031993816, 40.848945519498464 -0.86923982720879, 40.82972549075033 -0.871327846467347, 40.810470846924886 -0.8734989180032044, 40.79118174766649 -0.8757530913328663, 40.77185835947223 -0.878090408406901, 40.752500855493764 -0.8805109035613552, 40.733109415339264 -0.883014603474399, 40.71368422487518 -0.8856015271283283, 40.69422547602946 -0.8882716857763767, 40.67473336659314 -0.8910250829151712, 40.65520810002428 -0.8938617142616974, 40.6356498852529 -0.8967815677350728, 40.616058936485516 -0.899784623443467, 40.59643547301199 -0.9028708536753639, 40.57677971901419 -0.9060402228951829, 40.55709190337577 -0.9092926877434234, 40.53737225949292 -0.912628197041308, 40.517621025088026 -0.916046691799238, 40.49783844202625 -0.9195481052289698, 40.47802475613136 -0.9231323627605749, 40.458180217007396 -0.9267993820620118, 40.43830507785973 -0.9305490730632753, 40.418399595320466 -0.9343813379834216, 40.398464029276504 -0.9382960713609235, 40.37849864269865 -0.9422931600877896, 40.35850370147943 -0.9463724834447006, 40.338479474262286 -0.9505339131430877, 40.318426232279606 -0.9547773133680457, 40.29834424919781 -0.9591025408224917, 40.27823380096141 -0.9635094447753005, 40.258095165640555 -0.967997867111752, 40.2379286232836 -0.9725676423856368, 40.21773445576924 -0.9772185978748257, 40.19751294666531 -0.9819505536377053, 40.17726438108904 -0.9867633225722028, 40.15698904557068 -0.9916567104765944, 40.136687227921065 -0.9966305161118288, 40.11635921710106 -1.0016845312659846, 40.096005303096206 -1.0068185408195158, 40.075625776792634 -1.0120323228126629, 40.05522092985824 -1.0173256485134348, 40.03479105462455 -1.0226982824877693, 40.01433644397492 -1.0281499826696305, 39.993857391232304 -1.0336805004335656, 39.97335419005485 -1.039289580666324, 39.95282713432865 -1.0449769618417872, 39.932276518070466 -1.0507423760938646, 39.91170263532674 -1.0565855492928866, 39.89110578008213 -1.0625062011199242, 39.870486246164226 -1.0685040451445174, 39.8498443271593 -1.0745787888994698, 39.82918031632254 -1.0807301339596311, 39.8084945064979 -1.0869577760181497, 39.787787190037264 -1.0932614049645188, 39.76705865872324 -1.0996407049624395, 39.74630920369533 -1.1060953545276238, 39.72553911537787 -1.1126250266060391, 39.7047486833957 -1.1192293886589784, 39.68393819648397 -1.1259081027521534, 39.663107942504666 -1.132660825597739, 39.64225820834881 -1.1394872086484553, 39.621389279873455 -1.1463868981772405, 39.600501441845836 -1.1533595353546358, 39.57959497788922 -1.1604047563261632, 39.558670170431704 -1.1675221922891872, 39.537727300656364 -1.1747114695698784, 39.516766648454414 -1.1819722096994547, 39.495788492380235 -1.189304029490203, 39.47479310960817 -1.196706541111238, 39.453780775892334 -1.2041793521633988, 39.43275176552623 -1.2117220657547116, 39.41170635130784 -1.2193342805736933, 39.39064480450325 -1.2270155909638096, 39.36956739481348 -1.2347655869966991, 39.34847439034308 -1.2425838545449164, 39.32736605752001 -1.2504699753791568, 39.30624266105183 -1.2584235272483513, 39.28510446406911 -1.2664440838664366, 39.263951728001814 -1.2745312150312915, 39.2427847125524 -1.2826844866964213, 39.22160367567283 -1.2909034610407815, 39.20040887354496 -1.299187696537039, 39.179200560561036 -1.3075367480198528, 39.15797898930722 -1.3159501667526805, 39.13674441054545 -1.3244275004954174, 39.11549707319912 -1.3329682935701292, 39.094237224339686 -1.341572086926275, 39.0729651091727 -1.3502384182061482, 39.05168097102722 -1.3589668218085629, 39.03038505130866 -1.3677568289716948, 39.00907758938268 -1.3766079678928027, 38.98775882285987 -1.3855197636360805, 38.96642898746182 -1.3944917382601494, 38.945088316991416 -1.40352341089115, 38.92373704332661 -1.4126142977833267, 38.90237539641527 -1.421763912378863, 38.881003604272315 -1.4309717653662926, 38.85962189297391 -1.44023736474028, 38.8382304866581 -1.449560215857735, 38.81682960751983 -1.4589398214966973, 38.795419475812054 -1.4683756819116853, 38.774000309838534 -1.4778672948933924, 38.75257232578432 -1.4874141559178637, 38.731135737983486 -1.4970157580547827, 38.70969075891885 -1.5066715920216804, 38.68823759913495 -1.5163811462863384, 38.666776467239124 -1.5261439071204985, 38.64530756990477 -1.5359593586521196, 38.62383111187548 -1.5458269829167914, 38.60234729596636 -1.5557462599104377, 38.58085632307041 -1.5657166676388647, 38.55935839216161 -1.5757376821688602, 38.53785370029997 -1.585808777677867, 38.51634244249531 -1.5959294265839894, 38.49482481185249 -1.606099099515843, 38.47330099972843 -1.616317265273893, 38.45177119558916 -1.626583390962917, 38.43023558701594 -1.6368969420393764, 38.408694359712285 -1.64725738235798, 38.38714769750976 -1.6576641742185885, 38.36559578237547 -1.6681167784118027, 38.34403879441965 -1.6786146542642064, 38.32247691190153 -1.6891572596841855, 38.30091031119173 -1.6997440512329445, 38.27933916666575 -1.710374484235997, 38.257763651062106 -1.7210480126217313, 38.23618393532653 -1.73176408906, 38.21460018859276 -1.7425221650209362, 38.19301257819226 -1.753321690816517, 38.17142126966051 -1.7641621156438023, 38.14982642674553 -1.775042887626501, 38.128228211416925 -1.785963453855927, 38.10662678387274 -1.7969232604328869, 38.08502230248264 -1.8079217525473452, 38.063414923751104 -1.8189583745462006, 38.04180480261529 -1.8300325697999977, 38.020192092285846 -1.8411437808424087, 37.99857694424328 -1.8522914494167204, 37.97695950824667 -1.8634750165146314, 37.95533993234162 -1.87469392241515, 37.9337183628673 -1.8859476067237702, 37.91209494446618 -1.8972355084096488, 37.8904698200828 -1.908557065849131, 37.86884313083329 -1.9199117169476623, 37.84721501626638 -1.93129889902352, 37.825585614328155 -1.9427180488706706, 37.80395506130578 -1.954168602834396, 37.782323491835285 -1.9656499968477712, 37.76069103890856 -1.9771616664683147, 37.73905783388017 -1.9887030469143683, 37.7174240064756 -2.000273573100417, 37.695789684795734 -2.0118726796743105, 37.674154995217144 -2.023499801118411, 37.65252006255836 -2.0351543716868425, 37.6308850101114 -2.0468358254249672, 37.609249959572345 -2.058543596250832, 37.587615031046035 -2.070277117990814, 37.5659803430548 -2.082035824412439, 37.54434601254164 -2.0938191492603746, 37.522712154877354 -2.1056265262896634, 37.501078883863364 -2.117457389301342, 37.479446311653284 -2.1293111722283102, 37.45781454890274 -2.1411873090791254, 37.43618370476516 -2.1530852339769746, 37.414553886846896 -2.1650043812237696, 37.39292520121318 -2.176944185332353, 37.3712977523906 -2.1889040810606843, 37.34967164337297 -2.2008835034435275, 37.32804697562464 -2.2128818878255183, 37.306423849076026 -2.224898669898771, 37.28480236208075 -2.2369332857643345, 37.26318261153867 -2.2489851718894665, 37.2415646928509 -2.2610537651697706, 37.21994869990601 -2.2731385029715154, 37.19833472508249 -2.2852388231635516, 37.176722859251036 -2.297354164149082, 37.15511319177731 -2.3094839648968457, 37.1335058105235 -2.3216276649727527, 37.111900801838175 -2.3337847045786675, 37.09029825056145 -2.345954524581198, 37.068698240072294 -2.358136566513885, 37.04710085225327 -2.3703302726308237, 37.025506167489695 -2.382535085938486, 37.003914264670534 -2.3947504502261476, 36.98232522118853 -2.4069758100965544, 36.96073911294003 -2.4192106109964766, 36.939156014325334 -2.4314542992466857, 36.91757599825144 -2.4437063220701143, 36.89599913613963 -2.4559661276167413, 36.874425497915 -2.468233164999515, 36.852855152002356 -2.4805068843260294, 36.83128816532522 -2.4927867367279473, 36.80972460330367 -2.505072174390864, 36.788164529852395 -2.5173626505838227, 36.76660800737877 -2.529657619688422, 36.745055096785194 -2.541956537225091, 36.72350585749673 -2.5542588598631157, 36.70196034740314 -2.5665640454841876, 36.680418622868515 -2.5788715532031166, 36.65888073873402 -2.5911808433927264, 36.63734674831251 -2.60349137771343, 36.61581670338531 -2.6158026191412205, 36.594290654197415 -2.6281140319963687, 36.572768649452435 -2.640425081971925, 36.551250736337686 -2.652735236143144, 36.529736960524765 -2.665043962991952, 36.5082273660781 -2.677350732488597, 36.48672199549707 -2.6896550160894606, 36.46522088971101 -2.701956286764006, 36.443724088072415 -2.714254019022622, 36.42223162835037 -2.726547688943939, 36.40074354672316 -2.7388367742023467, 36.37925987777071 -2.751120754095363, 36.357780654536235 -2.7633991095276, 36.3363059084457 -2.7756713230829453, 36.314835669249405 -2.787936879082379, 36.29336996506633 -2.8001952635776943, 36.27190882237472 -2.8124459643783415, 36.25045226600294 -2.8246884710776863, 36.2290003191197 -2.836922275079392, 36.207553003224334 -2.8491468696233717, 36.1861103381375 -2.861361749811139, 36.16467234208404 -2.873566412574163, 36.1432390315592 -2.8857603567752728, 36.12181042128933 -2.897943083251195, 36.10038652427682 -2.9101140948030815, 36.07896735178754 -2.922272896221971, 36.05755291333909 -2.934418994313451, 36.0361432166884 -2.9465518979222827, 36.014738267818494 -2.9586711179571914, 35.99333807092604 -2.970776167414723, 35.97194262849497 -2.982866561350531, 35.95055194120431 -2.994941816951168, 35.92916600781749 -3.007001453616214, 35.90778482525529 -3.019044992928567, 35.88640838858096 -3.031071958677727, 35.86503669098529 -3.0430818768826793, 35.843669723771285 -3.055074275814592, 35.8223074763384 -3.067048686019333, 35.80094993616692 -3.079004640339454, 35.77959708883037 -3.090941673918973, 35.75824891806692 -3.102859324172721, 35.736905405525164 -3.114757130949606, 35.71556653084747 -3.126634636493265, 35.69423227167194 -3.1384913854511836, 35.672902603614354 -3.1503269248953285, 35.65157750024994 -3.1621408043423136, 35.63025693309528 -3.173932575773053, 35.60894087158911 -3.1857017936525374, 35.58762928307357 -3.1974480149488267, 35.566322132824084 -3.2091707991230645, 35.54501938407307 -3.220869708123059, 35.52372099776752 -3.2325443065314223, 35.50242693266957 -3.2441941615123353, 35.4811371136121 -3.255818788009773, 35.45984878276699 -3.2674130611225003, 35.43856014048173 -3.2789734774689054, 35.41727112147069 -3.290499525989766, 35.3959816593733 -3.3019906976755458, 35.37469168675173 -3.313446485578129, 35.35340113510057 -3.3248663848155124, 35.33210993496567 -3.336249892514217, 35.31081801572385 -3.3475965079448193, 35.28952530562699 -3.3589057325055833, 35.268231731847926 -3.370177069705369, 35.246937220480255 -3.3814100251724817, 35.225641696537735 -3.392604106663518, 35.20434508395545 -3.403758824070904, 35.18304730558833 -3.414873689431713, 35.16174828321321 -3.425948216934149, 35.14044793752768 -3.4369819229255847, 35.119146188153245 -3.4479743259179405, 35.09784295374013 -3.458924946536956, 35.07653815181805 -3.4698333076114425, 35.0552316987752 -3.480698934190645, 35.033923509925394 -3.4915213535131513, 35.01261349950878 -3.502300095012265, 34.991301580694376 -3.5130346903201026, 34.96998766558228 -3.5237246732716594, 34.94867166520468 -3.5343695799092116, 34.92735348952925 -3.5449689484852165, 34.90603304746185 -3.55552231946533, 34.88471024684937 -3.566029235531084, 34.86338499448284 -3.576489241582237, 34.8420571961493 -3.5869018847131766, 34.820726756629675 -3.5972667142180423, 34.79939357956879 -3.6075832816621514, 34.7780575675701 -3.617851140834876, 34.75671862220266 -3.6280698477487734, 34.735376644007346 -3.638238960638942, 34.71403153250234 -3.64835803996255, 34.692683186189484 -3.6584266483977492, 34.67133150256201 -3.6684443508416513, 34.64997637811032 -3.678410714409197, 34.62861770833175 -3.6883253084297327, 34.60725538773742 -3.6981877044450298, 34.58588930986186 -3.7079974762056214, 34.5645193672726 -3.7177541996671457, 34.54314545160052 -3.7274574529762377, 34.52176745357498 -3.7371068164542476, 34.500385262923025 -3.746701872647729, 34.478998768442274 -3.7562422062926695, 34.45760785801982 -3.7657274043056277, 34.43621241864468 -3.7751570557780583, 34.41481233642214 -3.78453075196961, 34.39340749658912 -3.793848086300943, 34.37199778352828 -3.8031086543471084, 34.35058308078578 -3.8123120538291917, 34.32916327108687 -3.821457884606992, 34.30773823635499 -3.830545748670074, 34.2863078577302 -3.839575250129207, 34.26487201558799 -3.8485459952076626, 34.243430589560596 -3.857457592231464, 34.22198345855832 -3.866309651619729, 34.200530500791466 -3.8751017858748553, 34.17907159379397 -3.883833609572114, 34.15760661446346 -3.8925047393420114, 34.1361354390712 -3.9011147938665607, 34.114657943265115 -3.909663393878501, 34.09317400211991 -3.9181501621397743, 34.07168349016534 -3.926574723430072, 34.05018628141628 -3.9349367045349952, 34.0286822494029 -3.943235734234417, 34.007171267202644 -3.951471443290453, 33.9856532074737 -3.959643464435165, 33.96412794248819 -3.9677514323588015, 33.942595344168396 -3.975794983697141, 33.921055284123 -3.9837737570193994, 33.89950763368477 -3.9916873928159182, 33.87795226394989 -3.999535533485803, 33.85638904581824 -4.007317823324668, 33.83481785003486 -4.015033908512537, 33.813238547233055 -4.0226834371017075, 33.79165100797869 -4.030266059004778, 33.770055102815355 -4.037781425983077, 33.74845070231177 -4.045229191634892, 33.72683767710985 -4.052609011384282, 33.70521589797422 -4.059920542470078, 33.683585235843275 -4.067163443935173, 33.66194556188124 -4.07433737661632, 33.640296747532474 -4.081442003133976, 33.618638664575904 -4.088476987883115, 33.596971185181715 -4.095441997024159, 33.57529418196911 -4.102336698474582, 33.55360752806564 -4.109160761901046, 33.53191109716735 -4.115913858712308, 33.51020476360092 -4.122595662052648, 33.48848840238517 -4.129205846796667, 33.46676188929635 -4.1357440895440325, 33.44502510093647 -4.142210068614403, 33.423277914798845 -4.148603464044735, 33.401520209336766 -4.154923957586856, 33.37975186403186 -4.161171232706519, 33.35797275946607 -4.16734497458272, 33.33618277739257 -4.173444870108837, 33.314381800809485 -4.179470607894372, 33.2925697140334 -4.1854218782683335, 33.27074640277528 -4.191298373283421, 33.24891175421565 -4.19709978672212, 33.227065657082555 -4.2028258141035275, 33.20520800172932 -4.208476152692003, 33.18333868021323 -4.214050501507243, 33.1614575863753 -4.219548561335789, 33.13956461592102 -4.224970034744043, 33.11765966650086 -4.230314626093197, 33.09574263779228 -4.23558204155555, 33.07381343158165 -4.24077198913273, 33.05187195184719 -4.245884178675544, 33.029918104841734 -4.250918321905784, 33.007951799175714 -4.25587413243991, 32.9859729459012 -4.260751325814409, 32.963981458595065 -4.265549619513363, 32.941977253442204 -4.270268732997978, 32.9199602493197 -4.274908387737858, 32.89793036787944 -4.279468307244699, 32.87588753363125 -4.2839482171078185, 32.853831674025514 -4.2883478450318515, 32.8317627195352 -4.292666920876586, 32.80968060373742 -4.296905176698899, 32.78758526340788 -4.301062346793688, 32.765476638581426 -4.3051381677449045, 32.74335467263197 -4.309132378473727, 32.72121931235471 -4.3130447202882, 32.699070508042304 -4.316874936936202, 32.67690821356009 -4.3206227746605315, 32.65473238641913 -4.324287982256343, 32.63254298784883 -4.327870311130456, 32.6103399828664 -4.331369515363155, 32.588123340345525 -4.334785351771859, 32.56589303308246 -4.338117579977037, 32.54364903785995 -4.341365962470189, 32.52139133550926 -4.344530264683772, 32.49911991096938 -4.347610255063221, 32.476834753343745 -4.350605705140877, 32.4545358559548 -4.35351638961172, 32.43222321639496 -4.356342086411083, 32.40989683657495 -4.359082576794056, 32.38755672276971 -4.361737645416502, 32.365202885660146 -4.364307080417841, 32.34283534037218 -4.36679067350529, 32.320454106512614 -4.369188220039506, 32.29805920820035 -4.371499519121783, 32.275650674096234 -4.3737243736821645, 32.25322853742613 -4.375862590569181, 32.230792836003445 -4.3779139806401535, 32.20834361224486 -4.379878358852885, 32.185880913184455 -4.381755544357827, 32.163404790482176 -4.383545360591191, 32.14091530042896 -4.385247635368536, 32.118412503947496 -4.3868622009788405, 32.095896466588634 -4.388388894278927, 32.07336725852377 -4.389827556788036, 32.05082495453279 -4.3911780347824765, 32.02826963400061 -4.392440179388982, 32.00570138105801 -4.393613846664659, 31.98312028426734 -4.394698897719699, 31.96052643664998 -4.39569519880372, 31.937919935708834 -4.396602621392957, 31.915300883389598 -4.397421042282268, 31.892669386038182 -4.398150343676152, 31.870025554352846 -4.398790413278729, 31.8473695033329 -4.399341144382397, 31.824701352222547 -4.399802435955139, 31.802021224450883 -4.400174192726252, 31.779329247567304 -4.400456325270419, 31.756625553173187 -4.400648750089934, 31.733910276849432 -4.400751389694949, 31.71118355807972 -4.400764172681652, 31.688445540170925 -4.400687033808145, 31.66569637016796 -4.400519914068039, 31.642936198767668 -4.400262760761448, 31.62016518022603 -4.399915527563483, 31.597383472265054 -4.3994781745899045, 31.574591235974093 -4.398950668460023, 31.5517886357094 -4.398332982356582, 31.52897583899012 -4.397625096082631, 31.5061530163918 -4.39682699611524, 31.483320341550648 -4.395938675656935, 31.460477991080854 -4.394960134685702, 31.437626144070993 -4.39389137999519, 31.41476498220347 -4.392732425234738, 31.391894689646055 -4.391483290946186, 31.369015452931617 -4.390144004597059, 31.346127460836975 -4.3887146006101565, 31.323230904259585 -4.3871951203894595, 31.3003259760937 -4.385585612342381, 31.277412871104996 -4.3838861318982785, 31.25449178580445 -4.382096741523243, 31.231562918322076 -4.380217510731187, 31.208626468279167 -4.37824851609114, 31.18568263666144 -4.376189841230871, 31.16273162569128 -4.374041576836766, 31.13977363870031 -4.3718038206500145, 31.116808880002445 -4.369476677459153, 31.09383755476719 -4.367060259088959, 31.07085986889357 -4.364554684385765, 31.04787602888512 -4.361960079199258, 31.024886241725664 -4.359276576360769, 31.001890714756147 -4.356504315658158, 30.978889655553285 -4.353643443807371, 30.955883271809036 -4.350694114420675, 30.932871771315956 -4.347656487983313, 30.90985536178589 -4.344530731810176, 30.886834250537547 -4.341317019981853, 30.863808644540033 -4.338015533316695, 30.840778750303926 -4.334626459324165, 30.817744773772965 -4.331149992155246, 30.794706920218086 -4.327586332550255, 30.771665394134434 -4.3239356877841555, 30.74862039914051 -4.320198271609423, 30.725572137880263 -4.316374304196646, 30.7025208119281 -4.312464012072932, 30.67946662169639 -4.308467628058237, 30.65640976634652 -4.304385391199794, 30.633350443702284 -4.3002175467046335, 30.610288850167038 -4.295964345870497, 30.587225180643344 -4.291626046015042, 30.564159628456377 -4.287202910403701, 30.54109238528005 -4.282695208176077, 30.518023641066563 -4.278103214271155, 30.494953583979544 -4.273427209351463, 30.47188240032961 -4.268667479726055, 30.448810274514315 -4.263824317272838, 30.425737388960286 -4.258898019359913, 30.402663924069614 -4.253888888766433, 30.37959005816884 -4.24879723360281, 30.35651596746128 -4.24362336723045, 30.33344182598313 -4.238367608181306, 30.310367805561867 -4.23303028007698, 30.28729407577878 -4.227611711547878, 30.26422080393397 -4.222112236152227, 30.241148155014496 -4.216532192295092, 30.21807629166628 -4.210871923147735, 30.195005374167764 -4.205131776566902, 30.171935560407825 -4.199312105014711, 30.148867005865846 -4.193413265478778, 30.125799863594313 -4.187435619392715, 30.102734284205457 -4.181379532557468, 30.079670415859034 -4.175245375062902, 30.056608404253872 -4.169033521210309, 30.033548392621658 -4.162744349435567, 30.01049052172278 -4.156378242232989, 29.98743492984545 -4.1499355860802165, 29.964381752807892 -4.143416771364231, 29.94133112395865 -4.13682219230715, 29.918283174182534 -4.130152246893914, 29.895238031909436 -4.123407336801246, 29.87219582312421 -4.116587867327382, 29.849156671377944 -4.109694247322753, 29.826120697801453 -4.1027268891218585, 29.803088021120693 -4.095686208476328, 29.78005875767311 -4.088572624488919, 29.757033021426803 -4.081386559549044, 29.734010924000206 -4.0741284392691774, 29.710992574683743 -4.066798692422651, 29.687978080463225 -4.0593977508827415, 29.664967546041893 -4.051926049562162, 29.64196107386864 -4.044384026355364, 29.61895876416474 -4.036772122081218, 29.595960714950692 -4.029090780426654, 29.572967022075943 -4.021340447892105, 29.549977779248092 -4.013521573737716, 29.526993078063942 -4.005634609931112, 29.504013008041134 -3.9976800110962993, 29.48103765665023 -3.9896582344636764, 29.458067109348114 -3.9815697398214738, 29.435101449611146 -3.973414989468073, 29.412140758970033 -3.965194448165905, 29.389185117044068 -3.956908583096119, 29.36623460157662 -3.9485578638146652, 29.343289288470487 -3.940142762209324, 29.320349251824272 -3.9316637524580784, 29.297414563968122 -3.9231213109882512, 29.27448529550081 -3.914515916437096, 29.251561515325857 -3.9058480496130286, 29.228643290688794 -3.8971181934582204, 29.205730687214146 -3.888326833012078, 29.182823768942 -3.8794744553754965, 29.15992259836582 -3.87056154967654, 29.13702723646905 -3.8615886070365995, 29.11413774276184 -3.852556120537497, 29.091254175319104 -3.843464585190042, 29.06837659081579 -3.834314497902378, 29.04550504456503 -3.8251063574503643, 29.02263959055406 -3.815840664447949, 28.999780281479936 -3.80651792131828, 28.976927168787007 -3.7971386322664267, 28.954080302701286 -3.787703303251618, 28.93123973226757 -3.778212441961467, 28.908405505382994 -3.768666557785467, 28.885577668833584 -3.759066161790572, 28.862756268328088 -3.7494117666963716, 28.83994134853232 -3.7397038868512404, 28.817132953104 -3.7299430382094414, 28.794331124765492 -3.720129738325924, 28.771535905287536 -3.710264506312431, 28.748747335512206 -3.7003478628112196, 28.725965455404783 -3.6903803299824802, 28.70319030408539 -3.6803624314834504, 28.680421919860436 -3.6702946924480786, 28.65766034025424 -3.6601776394674035, 28.634905602037982 -3.650011800569285, 28.61215774126203 -3.639797705200302, 28.589416793283426 -3.6295358842059633, 28.566682792796485 -3.619226869812909, 28.54395577386106 -3.608871195610576, 28.521235769930264 -3.598469396533102, 28.498522813878754 -3.5880220088420227, 28.47581693803011 -3.5775295701089997, 28.453118174183306 -3.5669926191985972, 28.430426553638792 -3.5564116962513213, 28.40774210722501 -3.545787342667303, 28.385064865388955 -3.535120101122059, 28.362394858211648 -3.5244105155463146, 28.339732115271193 -3.5136591310301117, 28.317076665769857 -3.502866493857235, 28.29442853855876 -3.4920331514899567, 28.271787762161384 -3.481159652553563, 28.249154364796173 -3.470246546820751, 28.226528374398324 -3.4592943851959492, 28.20390981864191 -3.4483037197001067, 28.18129872495993 -3.437275103454729, 28.158695120566787 -3.426209090667436, 28.136099032476917 -3.4151062366158147, 28.113510487525815 -3.4039670976327523, 28.090929512388904 -3.392792231090923, 28.068356133628278 -3.3815821954021255, 28.04579037787443 -3.3703375500883883, 28.02323227149217 -3.35905885558222, 28.00068184071499 -3.3477466732716215, 27.97813911170758 -3.3364015655084462, 27.955604110580648 -3.325024095591954, 27.9330768634099 -3.3136148277547437, 27.910557396251445 -3.3021743271469313, 27.88804573515755 -3.290703159820678, 27.865541906192036 -3.279201892714653, 27.8430459354466 -3.2676710936391267, 27.820557849054065 -3.25611133125953, 27.798077673204254 -3.244523175081538, 27.775605434332117 -3.232907195531169, 27.753141158980256 -3.221263963856919, 27.73068487359794 -3.2095940519950976, 27.708236604744577 -3.197898032657932, 27.685796379102133 -3.186176479317168, 27.66336422348893 -3.174429966188548, 27.64094016487163 -3.1626590682153184, 27.618524230376543 -3.1508643610514016, 27.596116447302727 -3.1390464210456512, 27.573716843132555 -3.1272058252246806, 27.551325445542975 -3.115343151276143, 27.52894228252031 -3.103458977591004, 27.506567382460325 -3.091553883298417, 27.484200773707546 -3.0796284479802307, 27.46184248482468 -3.0676832518003954, 27.4394925446202 -3.055718875497583, 27.41715098215943 -3.0437359003684286, 27.39481782677251 -3.0317349082489855, 27.3724931080654 -3.0197164814979325, 27.35017685592842 -3.0076812029783073, 27.327869100544685 -2.9956296560391986, 27.305569872412082 -2.9835624245053096, 27.283279202623707 -2.971480092818011, 27.2609971224165 -2.9593832457488776, 27.23872366322474 -2.9472724684065366, 27.2164588568175 -2.9351483462934334, 27.194202735305453 -2.9230114652863404, 27.171955331149903 -2.910862411618151, 27.14971667716919 -2.8987017718580734, 27.127486806547136 -2.886530132892962, 27.10526575283978 -2.8743480819076215, 27.083053550007932 -2.8621562063804245, 27.060850232682395 -2.8499550942182665, 27.038655835659025 -2.837745333431582, 27.016470394038162 -2.825527512192719, 26.994293943325232 -2.8133022188718435, 26.97212651943836 -2.8010700420173666, 26.949968158713876 -2.7888315703350326, 26.92781889791358 -2.776587392667987, 26.905678774229635 -2.7643380979753465, 26.883547825292542 -2.7520842753125434, 26.861426089324034 -2.739826513899668, 26.839313605078935 -2.727565403062111, 26.817210411516548 -2.7153015320059253, 26.79511654805187 -2.7030354899451083, 26.773032054564553 -2.6907678660821714, 26.75095697140511 -2.6784992495868982, 26.72889133940039 -2.6662302295746008, 26.706835199858872 -2.653961395084145, 26.684788594575526 -2.641693335055642, 26.662751565922225 -2.6294266383606635, 26.640724156917184 -2.6171618938198247, 26.618706410836065 -2.604899689937878, 26.59669837144458 -2.5926406150206995, 26.574700083020325 -2.580385257162919, 26.552711590357276 -2.568134204224811, 26.530732938770132 -2.5558880438089555, 26.508764174100367 -2.543647363237884, 26.48680534271973 -2.5314127495300225, 26.464856491615453 -2.519184789426291, 26.442917668407915 -2.5069640693748663, 26.420988921065426 -2.494751175327389, 26.399070298097264 -2.4825466928320035, 26.377161848565336 -2.470351207013826, 26.355263622089105 -2.458165302551151, 26.333375668850767 -2.445989563651701, 26.311498039598096 -2.4338245740273123, 26.289630785650722 -2.4216709168706525, 26.26777395899389 -2.409529174886522, 26.24592761217764 -2.3973999302015208, 26.22409179822366 -2.3852837642781237, 26.202266570740527 -2.373181257959024, 26.180451983928954 -2.361092991442651, 26.158648092585175 -2.349019544257387, 26.136854952105374 -2.3369614952363618, 26.11507261849012 -2.324919422492102, 26.093301148352385 -2.3128939033933387, 26.07154059897645 -2.300885514573634, 26.04979102818977 -2.2888948318224838, 26.02805249441027 -2.2769224300863904, 26.006325056679295 -2.2649688834608153, 25.98460877466611 -2.253034765164203, 25.962903708671483 -2.2411206475112744, 25.941209919632016 -2.2292271018866967, 25.91952746912301 -2.2173546987177035, 25.897856419362988 -2.2055040074476318, 25.876196833198968 -2.193675596497247, 25.85454877410727 -2.1818700332357106, 25.832912306217036 -2.1700878839656985, 25.81128749431618 -2.1583297138973565, 25.789674403853375 -2.1465960871196543, 25.76807310094218 -2.1348875665729405, 25.746483652365317 -2.123204714021509, 25.724906125576982 -2.1115480900247423, 25.703340588648025 -2.099918253872338, 25.681787110310136 -2.0883157635815666, 25.660245760013957 -2.0767411759031105, 25.638716607895567 -2.0651950462692583, 25.61719972478112 -2.053677928765926, 25.595695182187843 -2.042190376102291, 25.57420305232939 -2.0307329395829976, 25.55272340811801 -2.019306169078286, 25.531256323152665 -2.007910612985157, 25.509801871590895 -1.996546818115835, 25.48836012838339 -1.985215329812938, 25.466931169227546 -1.9739166918885886, 25.44551507053451 -1.9626514465719436, 25.42411190943216 -1.9514201344790387, 25.402721763766955 -1.9402232945818283, 25.38134471210807 -1.9290614641785298, 25.359980833748157 -1.9179351788617285, 25.338630208648873 -1.9068449724520562, 25.317292917320422 -1.8957913768909727, 25.295969041184563 -1.8847749224336723, 25.274658662418666 -1.8737961375191359, 25.25336186393476 -1.8628555487241245, 25.232078729384483 -1.8519536807331551, 25.21080934315777 -1.8410910563044656, 25.189553790386785 -1.830268196239119, 25.168312156946694 -1.8194856193480158, 25.147084529357695 -1.808743842358041, 25.12587099469346 -1.798043379822475, 25.104671641017273 -1.7873847443556623, 25.08348655715688 -1.776768446460172, 25.062315832689936 -1.7661949944837707, 25.04115955794379 -1.7556648945851503, 25.020017823996984 -1.7451786507005849, 24.998890722679455 -1.7347367645096645, 24.977778346572148 -1.7243397354005818, 24.956680788926693 -1.713988060386713, 24.93559814347173 -1.7036822339547784, 24.91453050497557 -1.6934227483722721, 24.8934779689958 -1.6832100934997345, 24.87244063183957 -1.6730447567315747, 24.851418590563874 -1.662927222961128, 24.830411942972805 -1.6528579745437928, 24.80942078761705 -1.6428374912614307, 24.78844522379173 -1.6328662502856637, 24.767485351525462 -1.6229447261358412, 24.746541271258792 -1.6130733904514434, 24.725613084313267 -1.6032527122379712, 24.70470089291608 -1.593483157845085, 24.6838048000265 -1.583765190826733, 24.662924909331437 -1.574099271902631, 24.642061325243137 -1.5644858589209474, 24.62121415289312 -1.5549254068186904, 24.600383498128174 -1.5454183675832542, 24.579569467504694 -1.5359651902129556, 24.55877216824773 -1.5265663206568338, 24.53799170791626 -1.5172222015829329, 24.517228195040865 -1.507933272716516, 24.496481738946933 -1.49869997069896, 24.475752449639767 -1.4895227289839692, 24.455040437796214 -1.4804019777963324, 24.43434581475756 -1.471338144091424, 24.413668692519234 -1.4623316515128413, 24.393009183723827 -1.4533829203519655, 24.372367401648688 -1.444492367504437, 24.35174346019769 -1.4356604064290286, 24.331137473612557 -1.426887446946748, 24.310549556750026 -1.4181738953641827, 24.289979825320184 -1.409520154572184, 24.26942839561344 -1.400926623853226, 24.248895384486428 -1.392393698837212, 24.22838090934929 -1.383921771458144, 24.20788508815007 -1.3755112299092747, 24.18740803935922 -1.3671624585984261, 24.166949881953983 -1.3588758381033765, 24.146510735401144 -1.350651745126449, 24.12609071963892 -1.3424905524488207, 24.10568995485569 -1.3343926287729801, 24.085308561590775 -1.3263583387445341, 24.06494666108737 -1.3183880431109773, 24.044604374985283 -1.3104820985163088, 24.024281825296253 -1.302640857452669, 24.003979134381648 -1.2948646682135585, 23.983696424928983 -1.2871538748466633, 23.963433819925733 -1.2795088171055153, 23.94319144263476 -1.2719298304023416, 23.92296941656721 -1.2644172457598546, 23.902767865454095 -1.2569713897627235, 23.882586913217388 -1.2495925845091214, 23.86242668384291 -1.2422811475108764, 23.842287301259056 -1.235037391598291, 23.822168889770975 -1.2278616251173944, 23.8020715737689 -1.2207541517432863, 23.78199547767355 -1.2137152704203085, 23.761940725900022 -1.2067452753125438, 23.741907442820285 -1.1998444557541559, 23.721895752724556 -1.1930130961997314, 23.701905779780997 -1.1862514761743594, 23.681937647995326 -1.1795598702243044, 23.66199148116642 -1.1729385478663321, 23.642067402843722 -1.1663877735386303, 23.622165536280075 -1.159907806550187, 23.60228600438608 -1.1534989010316767, 23.582428929610174 -1.1471613058502923, 23.562594433841593 -1.1408952645377066, 23.542782638671227 -1.1347010153956396, 23.522993665154946 -1.1285787913543586, 23.50322763374717 -1.122528819917643, 23.4834846642442 -1.1165513231136657, 23.463764875725655 -1.1106465174459883, 23.444068386493992 -1.1048146138447335, 23.424395314013164 -1.0990558176184753, 23.404745774844184 -1.093370328405822, 23.385119884580394 -1.087758340128117, 23.365517757779738 -1.0822200409419622, 23.34593950789595 -1.0767556131925822, 23.326385247206805 -1.07136523336719, 23.30685508674228 -1.0660490720497149, 23.287349136209208 -1.0608072938754072, 23.267867503914392 -1.055640057486258, 23.248410296678937 -1.0505475154840216, 23.228977619692493 -1.0455298143579248, 23.209569576575603 -1.0405870945082878, 23.19018626924819 -1.0357194901832703, 23.170827797817218 -1.0309271294266475, 23.151494260488256 -1.026210134038391, 23.132185753474293 -1.0215686195359437, 23.112902370904244 -1.017002695117378, 23.093644204726893 -1.0125124636245835, 23.0744113446153 -1.0080980215088098, 23.055203877867353 -1.0037594587966883, 23.036021889305832 -0.9994968590583175, 23.016865461175467 -0.9953102993763467, 22.997734673037677 -0.9911998503164613, 22.97862960166448 -0.987165575899963, 22.959550320930386 -0.9832075335779896, 22.94049690170118 -0.9793257742070108, 22.921469411721336 -0.975520342026395, 22.902467915500786 -0.971791274638412, 22.883492474197755 -0.96813860298937, 22.864543145501585 -0.964562351353605, 22.84561998351246 -0.9610625373190977, 22.826723038620955 -0.9576391717759641, 22.807852357383823 -0.9542922589064999, 22.78900798240074 -0.9510217961786548, 22.770189952186723 -0.9478277743409791, 22.751398301045548 -0.9447101774211573, 22.732633058940948 -0.9416689827269242, 22.71389425136476 -0.9387041608491778, 22.695181899209782 -0.9358156756701889, 22.676496018638872 -0.9330034843737873, 22.657836620940024 -0.9302675374539363, 22.639203712396867 -0.9276077787325466, 22.620597294152763 -0.9250241453785051, 22.60201736207501 -0.9225165679303603, 22.58346390661763 -0.9200849703221824, 22.56493691268402 -0.9177292699130754, 22.546436359489302 -0.9154493775203664, 22.527962220421827 -0.9132451974562531, 22.509514462905663 -0.9111166275686414, 22.491093048262258 -0.9090635592855343, 22.472697931572615 -0.9070858776634674, 22.454329061540083 -0.9051834614400438, 22.435986380353285 -0.9033561830904319, 22.417669823549794 -0.9016039088880206, 22.399379319881636 -0.8999264989695992, 22.381114791180345 -0.898323807404316, 22.36287615222429 -0.8967956822672993, 22.344663310607597 -0.8953419657176881, 22.326476166610654 -0.8939624940810497, 22.308314613071158 -0.8926570979358739, 22.29017853526016 -0.8914256022054184, 22.272067810757385 -0.8902678262531675, 22.25398230933128 -0.8891835839834933, 22.23592189282028 -0.8881726839463995, 22.217886415018548 -0.8872349294472756, 22.199875721564133 -0.8863701186609356, 22.181889649830698 -0.8855780447502618, 22.163928028822692 -0.8848584959892916, 22.145990679075478 -0.8842112558910767, 22.128077412559104 -0.8836361033398532, 22.110188032585906 -0.8831328127274659, 22.092322333724415 -0.8827011540945774, 22.07448010171646 -0.8823408932757315, 22.056661113401336 -0.8820517920491003, 22.038865136643626 -0.8818336082899445, 22.02109193026829 -0.8816860961284921, 22.00334124400119 -0.8816090061116415, 21.985612818415223 -0.8816020853683586, 21.967906384844685 -0.8816650777704164, 21.950221665367625 -0.8817977241108276, 21.932558372826733 -0.8819997622918425, 21.91491621076494 -0.8822709274957705, 21.897294873406455 -0.8826109523675421, 21.879694045646204 -0.8830195672003673, 21.862113403046802 -0.8834965001240555, 21.844552611843454 -0.8840414772958395, 21.82701122414326 -0.8846547834042464, 21.809487718791903 -0.8852990059518183, 21.791981487108373 -0.8859321673986571, 21.77449225898564 -0.8865540396975508, 21.75701975657405 -0.8871643969875104, 21.739563694315308 -0.8877630157688614, 21.7221237789829 -0.8883496750790236, 21.704699709731354 -0.8889241566691374, 21.68729117815372 -0.8894862451811527, 21.669897868346013 -0.8900357283249339, 21.652519456981032 -0.8905723970554882, 21.635155613390154 -0.8910960457498114, 21.617805999652784 -0.891606472383054, 21.60047027069505 -0.8921034787039417, 21.583148074396046 -0.8925868704089396, 21.56583905170282 -0.8930564573150475, 21.548542836753565 -0.8935120535308607, 21.53125905700923 -0.8939534776256545, 21.51398733339295 -0.894380552796128, 21.49672728043797 -0.894793107030618, 21.479478506443392 -0.8951909732704226, 21.462240613638254 -0.8955739895680133, 21.445013198352857 -0.8959419992417523, 21.427795851198187 -0.8962948510269325, 21.410588157200078 -0.8966323992182392, 21.393389695631743 -0.8969545037838057, 21.376200040960466 -0.8972610305705808, 21.359018762829972 -0.8975518514139663, 21.341845426172522 -0.8978268442567413, 21.3246795914289 -0.8980858932719381, 21.307520814782418 -0.8983288889806744, 21.29036864836962 -0.8985557283623705, 21.273222640602782 -0.8987663149651062, 21.256082336123477 -0.8989605589895934, 21.23894727704063 -0.8991383774302741, 21.22181699996581 -0.899299694018131, 21.204691046146866 -0.8994444397003851, 21.18756893433186 -0.899572551708071, 21.170450222461362 -0.8996839756815663, 21.153334451892167 -0.8997786635894935, 21.13622063235189 -0.8998565648938589, 21.11911216156172 -0.899917704601934, 21.101986192217947 -0.899961806447669, 21.08495783770228 -0.8999896584178478, 21.067466033693158 -0.8999996435254934, 21.04744038874834 -0.8999999822842102, 21.026212830591938 -0.8999999989374314, 21.005261600180447 -0.8999999999412058, 20.98424371535569 -0.8999999999969419, 20.963241335234592 -0.8999999999998468, 20.942235444277138 -0.8999999999999927, 20.921230331756284 -0.8999999999999997, 20.900225051413457 -0.9, 20.879219805847285 -0.9, 20.858214553497735 -0.9, 20.837209302338977 -0.9, 20.81620405101505 -0.9, 20.795198799697904 -0.9, 20.77419354838797 -0.9, 20.753188297073955 -0.9, 20.73218304576154 -0.9, 20.71117779444858 -0.9, 20.690172543135795 -0.9, 20.66916729182295 -0.9, 20.648162040510126 -0.9, 20.6271567891973 -0.9, 20.60615153788447 -0.9, 20.585146286571643 -0.9, 20.564141035258814 -0.9, 20.543135783945985 -0.9, 20.52213053263316 -0.9, 20.50112528132033 -0.9, 20.4801200300075 -0.9, 20.459114778694673 -0.9, 20.438109527381844 -0.9, 20.41710427606902 -0.9, 20.39609902475619 -0.9, 20.37509377344336 -0.9, 20.35408852213053 -0.9, 20.333083270817703 -0.9, 20.312078019504877 -0.9, 20.29107276819205 -0.9, 20.27006751687922 -0.9, 20.24906226556639 -0.9, 20.22805701425356 -0.9, 20.207051762940736 -0.9, 20.186046511627907 -0.9, 20.16504126031508 -0.9, 20.14403600900225 -0.9, 20.12303075768942 -0.9, 20.102025506376595 -0.9, 20.081020255063766 -0.9, 20.060015003750937 -0.9, 20.03900975243811 -0.9, 20.01800450112528 -0.9, 19.996999249812454 -0.9, 19.975993998499625 -0.9, 19.954988747186796 -0.9, 19.933983495873967 -0.9, 19.912978244561142 -0.9, 19.891972993248313 -0.9, 19.870967741935484 -0.9, 19.849962490622655 -0.9, 19.828957239309826 -0.9, 19.807951987997 -0.9, 19.786946736684172 -0.9, 19.765941485371343 -0.9, 19.744936234058514 -0.9, 19.723930982745685 -0.9, 19.70292573143286 -0.9, 19.68192048012003 -0.9, 19.6609152288072 -0.9, 19.639909977494373 -0.9, 19.618904726181544 -0.9, 19.59789947486872 -0.9, 19.57689422355589 -0.9, 19.55588897224306 -0.9, 19.53488372093023 -0.9, 19.513878469617403 -0.9, 19.492873218304577 -0.9, 19.47186796699175 -0.9, 19.45086271567892 -0.9, 19.42985746436609 -0.9, 19.40885221305326 -0.9, 19.387846961740436 -0.9, 19.366841710427607 -0.9, 19.34583645911478 -0.9, 19.32483120780195 -0.9, 19.30382595648912 -0.9, 19.282820705176295 -0.9, 19.261815453863466 -0.9, 19.240810202550637 -0.9, 19.21980495123781 -0.9, 19.19879969992498 -0.9, 19.177794448612154 -0.9, 19.156789197299325 -0.9, 19.135783945986496 -0.9, 19.114778694673667 -0.9, 19.09377344336084 -0.9, 19.072768192048013 -0.9, 19.051762940735184 -0.9, 19.030757689422355 -0.9, 19.009752438109526 -0.9, 18.988747186796697 -0.9, 18.967741935483872 -0.9, 18.946736684171043 -0.9, 18.925731432858214 -0.9, 18.904726181545385 -0.9, 18.88372093023256 -0.9, 18.86271567891973 -0.9, 18.841710427606902 -0.9, 18.820705176294073 -0.9, 18.799699924981244 -0.9, 18.77869467366842 -0.9, 18.75768942235559 -0.9, 18.73668417104276 -0.9, 18.715678919729932 -0.9, 18.694673668417103 -0.9, 18.673668417104277 -0.9, 18.65266316579145 -0.9, 18.63165791447862 -0.9, 18.61065266316579 -0.9, 18.58964741185296 -0.9, 18.568642160540136 -0.9, 18.547636909227307 -0.9, 18.52663165791448 -0.9, 18.50562640660165 -0.9, 18.48462115528882 -0.9, 18.463615903975995 -0.9, 18.442610652663166 -0.9, 18.421605401350337 -0.9, 18.40060015003751 -0.9, 18.37959489872468 -0.9, 18.358589647411854 -0.9, 18.337584396099025 -0.9, 18.316579144786196 -0.9, 18.295573893473367 -0.9, 18.27456864216054 -0.9, 18.253563390847713 -0.9, 18.232558139534884 -0.9, 18.211552888222055 -0.9, 18.190547636909226 -0.9, 18.169542385596397 -0.9, 18.148537134283572 -0.9, 18.127531882970743 -0.9, 18.106526631657914 -0.9, 18.085521380345085 -0.9, 18.064516129032256 -0.9, 18.04351087771943 -0.9, 18.022505626406602 -0.9, 18.001500375093773 -0.9, 17.980495123780944 -0.9, 17.959489872468115 -0.9, 17.93848462115529 -0.9, 17.91747936984246 -0.9, 17.896474118529632 -0.9, 17.875468867216803 -0.9, 17.854463615903978 -0.9, 17.83345836459115 -0.9, 17.81245311327832 -0.9, 17.79144786196549 -0.9, 17.770442610652662 -0.9, 17.749437359339836 -0.9, 17.728432108027008 -0.9, 17.70742685671418 -0.9, 17.68642160540135 -0.9, 17.66541635408852 -0.9, 17.644411102775695 -0.9, 17.623405851462866 -0.9, 17.602400600150037 -0.9, 17.58139534883721 -0.9, 17.56039009752438 -0.9, 17.539384846211554 -0.9, 17.518379594898725 -0.9, 17.497374343585896 -0.9, 17.476369092273067 -0.9, 17.45536384096024 -0.9, 17.434358589647413 -0.9, 17.413353338334584 -0.9, 17.392348087021755 -0.9, 17.371342835708926 -0.9, 17.350337584396097 -0.9, 17.329332333083272 -0.9, 17.308327081770443 -0.9, 17.287321830457614 -0.9, 17.266316579144785 -0.9, 17.245311327831956 -0.9, 17.22430607651913 -0.9, 17.203300825206302 -0.9, 17.182295573893473 -0.9, 17.161290322580644 -0.9, 17.140285071267815 -0.9, 17.11927981995499 -0.9, 17.09827456864216 -0.9, 17.077269317329332 -0.9, 17.056264066016503 -0.9, 17.035258814703674 -0.9, 17.01425356339085 -0.9, 16.99324831207802 -0.9, 16.97224306076519 -0.9, 16.951237809452362 -0.9, 16.930232558139533 -0.9, 16.909227306826708 -0.9, 16.88822205551388 -0.9, 16.86721680420105 -0.9, 16.84621155288822 -0.9, 16.825206301575395 -0.9, 16.804201050262566 -0.9, 16.783195798949738 -0.9, 16.76219054763691 -0.9, 16.74118529632408 -0.9, 16.720180045011254 -0.9, 16.699174793698425 -0.9, 16.678169542385596 -0.9, 16.657164291072768 -0.9, 16.63615903975994 -0.9, 16.615153788447113 -0.9, 16.594148537134284 -0.9, 16.573143285821455 -0.9, 16.552138034508626 -0.9, 16.531132783195797 -0.9, 16.510127531882972 -0.9, 16.489122280570143 -0.9, 16.468117029257314 -0.9, 16.447111777944485 -0.9, 16.426106526631656 -0.9, 16.40510127531883 -0.9, 16.384096024006002 -0.9, 16.363090772693173 -0.9, 16.342085521380344 -0.9, 16.321080270067515 -0.9, 16.30007501875469 -0.9, 16.27906976744186 -0.9, 16.258064516129032 -0.9, 16.237059264816203 -0.9, 16.216054013503374 -0.9, 16.19504876219055 -0.9, 16.17404351087772 -0.9, 16.15303825956489 -0.9, 16.132033008252062 -0.9, 16.111027756939233 -0.9, 16.090022505626408 -0.9, 16.06901725431358 -0.9, 16.04801200300075 -0.9, 16.02700675168792 -0.9, 16.006001500375092 -0.9, 15.984996249062265 -0.9, 15.963990997749438 -0.9, 15.942985746436609 -0.9, 15.921980495123782 -0.9, 15.900975243810953 -0.9, 15.879969992498124 -0.9, 15.858964741185297 -0.9, 15.837959489872468 -0.9, 15.81695423855964 -0.9, 15.795948987246812 -0.9, 15.774943735933983 -0.9, 15.753938484621155 -0.9, 15.732933233308326 -0.9, 15.7119279819955 -0.9, 15.69092273068267 -0.9, 15.669917479369841 -0.9, 15.648912228057014 -0.9, 15.627906976744185 -0.9, 15.606901725431358 -0.9, 15.58589647411853 -0.9, 15.564891222805702 -0.9, 15.543885971492873 -0.9, 15.522880720180044 -0.9, 15.501875468867217 -0.9, 15.480870217554388 -0.9, 15.459864966241561 -0.9, 15.438859714928732 -0.9, 15.417854463615903 -0.9, 15.396849212303076 -0.9, 15.375843960990247 -0.9, 15.35483870967742 -0.9, 15.333833458364591 -0.9, 15.312828207051762 -0.9, 15.291822955738935 -0.9, 15.270817704426106 -0.9, 15.249812453113279 -0.9, 15.22880720180045 -0.9, 15.207801950487621 -0.9, 15.186796699174794 -0.9, 15.165791447861965 -0.9, 15.144786196549138 -0.9, 15.123780945236309 -0.9, 15.102775693923482 -0.9, 15.081770442610653 -0.9, 15.060765191297824 -0.9, 15.039759939984997 -0.9, 15.018754688672168 -0.9, 14.99774943735934 -0.9, 14.976744186046512 -0.9, 14.955738934733683 -0.9, 14.934733683420855 -0.9, 14.913728432108027 -0.9, 14.8927231807952 -0.9, 14.87171792948237 -0.9, 14.850712678169542 -0.9, 14.829707426856714 -0.9, 14.808702175543885 -0.9, 14.787696924231058 -0.9, 14.76669167291823 -0.9, 14.7456864216054 -0.9, 14.724681170292573 -0.9, 14.703675918979744 -0.9, 14.682670667666917 -0.9, 14.661665416354088 -0.9, 14.64066016504126 -0.9, 14.619654913728432 -0.9, 14.598649662415603 -0.9, 14.577644411102776 -0.9, 14.556639159789947 -0.9, 14.53563390847712 -0.9, 14.514628657164291 -0.9, 14.493623405851462 -0.9, 14.472618154538635 -0.9, 14.451612903225806 -0.9, 14.430607651912979 -0.9, 14.40960240060015 -0.9, 14.388597149287321 -0.9, 14.367591897974494 -0.9, 14.346586646661665 -0.9, 14.325581395348838 -0.9, 14.304576144036009 -0.9, 14.28357089272318 -0.9, 14.262565641410353 -0.9, 14.241560390097524 -0.9, 14.220555138784697 -0.9, 14.199549887471868 -0.9, 14.178544636159039 -0.9, 14.157539384846212 -0.9, 14.136534133533383 -0.9, 14.115528882220556 -0.9, 14.094523630907727 -0.9, 14.0735183795949 -0.9, 14.05251312828207 -0.9, 14.031507876969242 -0.9, 14.010502625656414 -0.9, 13.989497374343586 -0.9, 13.968492123030758 -0.9, 13.94748687171793 -0.9, 13.9264816204051 -0.9, 13.905476369092273 -0.9, 13.884471117779444 -0.9, 13.863465866466617 -0.9, 13.842460615153788 -0.9, 13.82145536384096 -0.9, 13.800450112528132 -0.9, 13.779444861215303 -0.9, 13.758439609902476 -0.9, 13.737434358589647 -0.9, 13.716429107276818 -0.9, 13.695423855963991 -0.9, 13.674418604651162 -0.9, 13.653413353338335 -0.9, 13.632408102025506 -0.9, 13.611402850712677 -0.9, 13.59039759939985 -0.9, 13.569392348087021 -0.9, 13.548387096774194 -0.9, 13.527381845461365 -0.9, 13.506376594148538 -0.9, 13.485371342835709 -0.9, 13.46436609152288 -0.9, 13.443360840210053 -0.9, 13.422355588897224 -0.9, 13.401350337584397 -0.9, 13.380345086271568 -0.9, 13.359339834958739 -0.9, 13.338334583645912 -0.9, 13.317329332333083 -0.9, 13.296324081020256 -0.9, 13.275318829707427 -0.9, 13.254313578394598 -0.9, 13.23330832708177 -0.9, 13.212303075768942 -0.9, 13.191297824456115 -0.9, 13.170292573143286 -0.9, 13.149287321830457 -0.9, 13.12828207051763 -0.9, 13.1072768192048 -0.9, 13.086271567891973 -0.9, 13.065266316579145 -0.9, 13.044261065266317 -0.9, 13.023255813953488 -0.9, 13.00225056264066 -0.9, 12.981245311327832 -0.9, 12.960240060015003 -0.9, 12.939234808702176 -0.9, 12.918229557389347 -0.9, 12.897224306076518 -0.9, 12.876219054763691 -0.9, 12.855213803450862 -0.9, 12.834208552138035 -0.9, 12.813203300825206 -0.9, 12.792198049512377 -0.9, 12.77119279819955 -0.9, 12.750187546886721 -0.9, 12.729182295573894 -0.9, 12.708177044261065 -0.9, 12.687171792948236 -0.9, 12.666166541635409 -0.9, 12.64516129032258 -0.9, 12.624156039009753 -0.9, 12.603150787696924 -0.9, 12.582145536384095 -0.9, 12.561140285071268 -0.9, 12.540135033758439 -0.9, 12.519129782445612 -0.9, 12.498124531132783 -0.9, 12.477119279819956 -0.9, 12.456114028507127 -0.9, 12.435108777194298 -0.9, 12.41410352588147 -0.9, 12.393098274568642 -0.9, 12.372093023255815 -0.9, 12.351087771942986 -0.9, 12.330082520630157 -0.9, 12.30907726931733 -0.9, 12.2880720180045 -0.9, 12.267066766691674 -0.9, 12.246061515378845 -0.9, 12.225056264066016 -0.9, 12.204051012753188 -0.9, 12.18304576144036 -0.9, 12.162040510127532 -0.9, 12.141035258814703 -0.9, 12.120030007501875 -0.9, 12.099024756189047 -0.9, 12.078019504876218 -0.9, 12.057014253563391 -0.9, 12.036009002250562 -0.9, 12.015003750937735 -0.9, 11.993998499624906 -0.9, 11.972993248312077 -0.9, 11.95198799699925 -0.9, 11.930982745686421 -0.9, 11.909977494373594 -0.9, 11.888972243060765 -0.9, 11.867966991747936 -0.9, 11.846961740435109 -0.9, 11.82595648912228 -0.9, 11.804951237809453 -0.9, 11.783945986496624 -0.9, 11.762940735183795 -0.9, 11.741935483870968 -0.9, 11.720930232558139 -0.9, 11.699924981245312 -0.9, 11.678919729932483 -0.9, 11.657914478619654 -0.9, 11.636909227306827 -0.9, 11.615903975993998 -0.9, 11.59489872468117 -0.9, 11.573893473368342 -0.9, 11.552888222055513 -0.9, 11.531882970742686 -0.9, 11.510877719429857 -0.9, 11.48987246811703 -0.9, 11.4688672168042 -0.9, 11.447861965491374 -0.9, 11.426856714178545 -0.9, 11.405851462865716 -0.9, 11.384846211552889 -0.9, 11.36384096024006 -0.9, 11.342835708927232 -0.9, 11.321830457614404 -0.9, 11.300825206301575 -0.9, 11.279819954988747 -0.9, 11.258814703675919 -0.9, 11.237809452363091 -0.9, 11.216804201050262 -0.9, 11.195798949737434 -0.9, 11.174793698424606 -0.9, 11.153788447111777 -0.9, 11.13278319579895 -0.9, 11.111777944486121 -0.9, 11.090772693173292 -0.9, 11.069767441860465 -0.9, 11.048762190547636 -0.9, 11.02775693923481 -0.9, 11.00675168792198 -0.9, 10.985746436609153 -0.9, 10.964741185296324 -0.9, 10.943735933983495 -0.9, 10.922730682670668 -0.9, 10.90172543135784 -0.9, 10.880720180045012 -0.9, 10.859714928732183 -0.9, 10.838709677419354 -0.9, 10.817704426106527 -0.9, 10.796699174793698 -0.9, 10.77569392348087 -0.9, 10.754688672168042 -0.9, 10.733683420855213 -0.9, 10.712678169542386 -0.9, 10.691672918229557 -0.9, 10.67066766691673 -0.9, 10.6496624156039 -0.9, 10.628657164291072 -0.9, 10.607651912978245 -0.9, 10.586646661665416 -0.9, 10.565641410352589 -0.9, 10.54463615903976 -0.9, 10.52363090772693 -0.9, 10.502625656414104 -0.9, 10.481620405101275 -0.9, 10.460615153788448 -0.9, 10.439609902475619 -0.9, 10.418604651162791 -0.9, 10.397599399849963 -0.9, 10.376594148537134 -0.9, 10.355588897224306 -0.9, 10.334583645911477 -0.9, 10.31357839459865 -0.9, 10.292573143285821 -0.9, 10.271567891972992 -0.9, 10.250562640660165 -0.9, 10.229557389347336 -0.9, 10.20855213803451 -0.9, 10.18754688672168 -0.9, 10.166541635408851 -0.9, 10.145536384096024 -0.9, 10.124531132783195 -0.9, 10.103525881470368 -0.9, 10.08252063015754 -0.9, 10.06151537884471 -0.9, 10.040510127531883 -0.9, 10.019504876219054 -0.9, 9.998499624906227 -0.9, 9.977494373593398 -0.9, 9.956489122280571 -0.9, 9.935483870967742 -0.9, 9.914478619654913 -0.9, 9.893473368342086 -0.9, 9.872468117029257 -0.9, 9.85146286571643 -0.9, 9.8304576144036 -0.9, 9.809452363090772 -0.9, 9.788447111777945 -0.9, 9.767441860465116 -0.9, 9.746436609152289 -0.9, 9.72543135783946 -0.9, 9.70442610652663 -0.9, 9.683420855213804 -0.9, 9.662415603900975 -0.9, 9.641410352588148 -0.9, 9.620405101275319 -0.9, 9.59939984996249 -0.9, 9.578394598649663 -0.9, 9.557389347336834 -0.9, 9.536384096024006 -0.9, 9.515378844711178 -0.9, 9.494373593398349 -0.9, 9.473368342085521 -0.9, 9.452363090772693 -0.9, 9.431357839459865 -0.9, 9.410352588147036 -0.9, 9.38934733683421 -0.9, 9.36834208552138 -0.9, 9.347336834208551 -0.9, 9.326331582895724 -0.9, 9.305326331582895 -0.9, 9.284321080270068 -0.9, 9.26331582895724 -0.9, 9.24231057764441 -0.9, 9.221305326331583 -0.9, 9.200300075018754 -0.9, 9.179294823705927 -0.9, 9.158289572393098 -0.9, 9.13728432108027 -0.9, 9.116279069767442 -0.9, 9.095273818454613 -0.9, 9.074268567141786 -0.9, 9.053263315828957 -0.9, 9.032258064516128 -0.9, 9.011252813203301 -0.9, 8.990247561890472 -0.9, 8.969242310577645 -0.9, 8.948237059264816 -0.9, 8.927231807951989 -0.9, 8.90622655663916 -0.9, 8.885221305326331 -0.9, 8.864216054013504 -0.9, 8.843210802700675 -0.9, 8.822205551387848 -0.9, 8.801200300075019 -0.9, 8.78019504876219 -0.9, 8.759189797449363 -0.9, 8.738184546136534 -0.9, 8.717179294823707 -0.9, 8.696174043510878 -0.9, 8.675168792198049 -0.9, 8.654163540885222 -0.9, 8.633158289572393 -0.9, 8.612153038259565 -0.9, 8.591147786946737 -0.9, 8.570142535633908 -0.9, 8.54913728432108 -0.9, 8.528132033008252 -0.9, 8.507126781695424 -0.9, 8.486121530382595 -0.9, 8.465116279069766 -0.9, 8.44411102775694 -0.9, 8.42310577644411 -0.9, 8.402100525131283 -0.9, 8.381095273818454 -0.9, 8.360090022505627 -0.9, 8.339084771192798 -0.9, 8.31807951987997 -0.9, 8.297074268567142 -0.9, 8.276069017254313 -0.9, 8.255063765941486 -0.9, 8.234058514628657 -0.9, 8.213053263315828 -0.9, 8.192048012003001 -0.9, 8.171042760690172 -0.9, 8.150037509377345 -0.9, 8.129032258064516 -0.9, 8.108027006751687 -0.9, 8.08702175543886 -0.9, 8.066016504126031 -0.9, 8.045011252813204 -0.9, 8.024006001500375 -0.9, 8.003000750187546 -0.9, 7.981995498874719 -0.9, 7.960990247561891 -0.9, 7.939984996249062 -0.9, 7.918979744936234 -0.9, 7.897974493623406 -0.9, 7.876969242310578 -0.9, 7.85596399099775 -0.9, 7.834958739684921 -0.9, 7.813953488372093 -0.9, 7.792948237059265 -0.9, 7.771942985746437 -0.9, 7.750937734433609 -0.9, 7.7299324831207805 -0.9, 7.708927231807952 -0.9, 7.6879219804951235 -0.9, 7.6669167291822955 -0.9, 7.6459114778694675 -0.9, 7.624906226556639 -0.9, 7.6039009752438105 -0.9, 7.582895723930982 -0.9, 7.561890472618154 -0.9, 7.540885221305326 -0.9, 7.519879969992498 -0.9, 7.49887471867967 -0.9, 7.477869467366841 -0.9, 7.456864216054013 -0.9, 7.435858964741185 -0.9, 7.414853713428357 -0.9, 7.393848462115529 -0.9, 7.3728432108027 -0.9, 7.351837959489872 -0.9, 7.330832708177044 -0.9, 7.309827456864216 -0.9, 7.288822205551388 -0.9, 7.26781695423856 -0.9, 7.246811702925731 -0.9, 7.225806451612903 -0.9, 7.204801200300075 -0.9, 7.183795948987247 -0.9, 7.162790697674419 -0.9, 7.14178544636159 -0.9, 7.120780195048762 -0.9, 7.099774943735934 -0.9, 7.078769692423106 -0.9, 7.057764441110278 -0.9, 7.03675918979745 -0.9, 7.015753938484621 -0.9, 6.994748687171793 -0.9, 6.973743435858965 -0.9, 6.952738184546137 -0.9, 6.931732933233309 -0.9, 6.91072768192048 -0.9, 6.889722430607652 -0.9, 6.868717179294824 -0.9, 6.847711927981996 -0.9, 6.8267066766691675 -0.9, 6.805701425356339 -0.9, 6.7846961740435106 -0.9, 6.7636909227306825 -0.9, 6.7426856714178545 -0.9, 6.721680420105026 -0.9, 6.700675168792198 -0.9, 6.6796699174793694 -0.9, 6.658664666166541 -0.9, 6.637659414853713 -0.9, 6.616654163540885 -0.9, 6.595648912228057 -0.9, 6.574643660915228 -0.9, 6.5536384096024 -0.9, 6.532633158289572 -0.9, 6.511627906976744 -0.9, 6.490622655663916 -0.9, 6.469617404351088 -0.9, 6.448612153038259 -0.9, 6.427606901725431 -0.9, 6.406601650412603 -0.9, 6.385596399099775 -0.9, 6.364591147786947 -0.9, 6.343585896474118 -0.9, 6.32258064516129 -0.9, 6.301575393848462 -0.9, 6.280570142535634 -0.9, 6.259564891222806 -0.9, 6.238559639909978 -0.9, 6.217554388597149 -0.9, 6.196549137284321 -0.9, 6.175543885971493 -0.9, 6.154538634658665 -0.9, 6.133533383345837 -0.9, 6.112528132033008 -0.9, 6.09152288072018 -0.9, 6.070517629407352 -0.9, 6.049512378094524 -0.9, 6.028507126781696 -0.9, 6.007501875468868 -0.9, 5.986496624156039 -0.9, 5.965491372843211 -0.9, 5.944486121530383 -0.9, 5.9234808702175545 -0.9, 5.9024756189047265 -0.9, 5.881470367591898 -0.9, 5.8604651162790695 -0.9, 5.8394598649662415 -0.9, 5.818454613653413 -0.9, 5.797449362340585 -0.9, 5.7764441110277565 -0.9, 5.755438859714928 -0.9, 5.7344336084021 -0.9, 5.713428357089272 -0.9, 5.692423105776444 -0.9, 5.671417854463616 -0.9, 5.650412603150787 -0.9, 5.629407351837959 -0.9, 5.608402100525131 -0.9, 5.587396849212303 -0.9, 5.566391597899475 -0.9, 5.545386346586646 -0.9, 5.524381095273818 -0.9, 5.50337584396099 -0.9, 5.482370592648162 -0.9, 5.461365341335334 -0.9, 5.440360090022506 -0.9, 5.419354838709677 -0.9, 5.398349587396849 -0.9, 5.377344336084021 -0.9, 5.356339084771193 -0.9, 5.335333833458365 -0.9, 5.314328582145536 -0.9, 5.293323330832708 -0.9, 5.27231807951988 -0.9, 5.251312828207052 -0.9, 5.230307576894224 -0.9, 5.209302325581396 -0.9, 5.188297074268567 -0.9, 5.167291822955739 -0.9, 5.146286571642911 -0.9, 5.125281320330083 -0.9, 5.104276069017255 -0.9, 5.083270817704426 -0.9, 5.062265566391598 -0.9, 5.04126031507877 -0.9, 5.0202550637659416 -0.9, 4.9992498124531135 -0.9, 4.9782445611402855 -0.9, 4.9572393098274565 -0.9, 4.9362340585146285 -0.9, 4.9152288072018 -0.9, 4.894223555888972 -0.9, 4.873218304576144 -0.9, 4.852213053263315 -0.9, 4.831207801950487 -0.9, 4.810202550637659 -0.9, 4.789197299324831 -0.9, 4.768192048012003 -0.9, 4.747186796699174 -0.9, 4.726181545386346 -0.9, 4.705176294073518 -0.9, 4.68417104276069 -0.9, 4.663165791447862 -0.9, 4.642160540135034 -0.9, 4.621155288822205 -0.9, 4.600150037509377 -0.9, 4.579144786196549 -0.9, 4.558139534883721 -0.9, 4.537134283570893 -0.9, 4.516129032258064 -0.9, 4.495123780945236 -0.9, 4.474118529632408 -0.9, 4.45311327831958 -0.9, 4.432108027006752 -0.9, 4.411102775693924 -0.9, 4.390097524381095 -0.9, 4.369092273068267 -0.9, 4.348087021755439 -0.9, 4.327081770442611 -0.9, 4.306076519129783 -0.9, 4.285071267816954 -0.9, 4.264066016504126 -0.9, 4.243060765191298 -0.9, 4.22205551387847 -0.9, 4.201050262565642 -0.9, 4.180045011252814 -0.9, 4.159039759939985 -0.9, 4.138034508627157 -0.9, 4.117029257314329 -0.9, 4.0960240060015005 -0.9, 4.0750187546886725 -0.9, 4.0540135033758435 -0.9, 4.0330082520630155 -0.9, 4.0120030007501875 -0.9, 3.9909977494373594 -0.9, 3.969992498124531 -0.9, 3.948987246811703 -0.9, 3.927981995498875 -0.9, 3.9069767441860463 -0.9, 3.8859714928732183 -0.9, 3.8649662415603903 -0.9, 3.8439609902475618 -0.9, 3.8229557389347337 -0.9, 3.8019504876219052 -0.9, 3.780945236309077 -0.9, 3.759939984996249 -0.9, 3.7389347336834207 -0.9, 3.7179294823705926 -0.9, 3.6969242310577646 -0.9, 3.675918979744936 -0.9, 3.654913728432108 -0.9, 3.63390847711928 -0.9, 3.6129032258064515 -0.9, 3.5918979744936235 -0.9, 3.570892723180795 -0.9, 3.549887471867967 -0.9, 3.528882220555139 -0.9, 3.5078769692423104 -0.9, 3.4868717179294824 -0.9, 3.4658664666166543 -0.9, 3.444861215303826 -0.9, 3.423855963990998 -0.9, 3.4028507126781693 -0.9, 3.3818454613653413 -0.9, 3.360840210052513 -0.9, 3.3398349587396847 -0.9, 3.3188297074268567 -0.9, 3.2978244561140286 -0.9, 3.2768192048012 -0.9, 3.255813953488372 -0.9, 3.234808702175544 -0.9, 3.2138034508627156 -0.9, 3.1927981995498875 -0.9, 3.171792948237059 -0.9, 3.150787696924231 -0.9, 3.129782445611403 -0.9, 3.1087771942985745 -0.9, 3.0877719429857464 -0.9, 3.0667666916729184 -0.9, 3.04576144036009 -0.9, 3.024756189047262 -0.9, 3.003750937734434 -0.9, 2.9827456864216053 -0.9, 2.9617404351087773 -0.9, 2.940735183795949 -0.9, 2.9197299324831207 -0.9, 2.8987246811702927 -0.9, 2.877719429857464 -0.9, 2.856714178544636 -0.9, 2.835708927231808 -0.9, 2.8147036759189796 -0.9, 2.7936984246061516 -0.9, 2.772693173293323 -0.9, 2.751687921980495 -0.9, 2.730682670667667 -0.9, 2.7096774193548385 -0.9, 2.6886721680420105 -0.9, 2.6676669167291824 -0.9, 2.646661665416354 -0.9, 2.625656414103526 -0.9, 2.604651162790698 -0.9, 2.5836459114778694 -0.9, 2.5626406601650413 -0.9, 2.541635408852213 -0.9, 2.520630157539385 -0.9, 2.4996249062265568 -0.9, 2.4786196549137283 -0.9, 2.4576144036009 -0.9, 2.436609152288072 -0.9, 2.4156039009752437 -0.9, 2.3945986496624156 -0.9, 2.373593398349587 -0.9, 2.352588147036759 -0.9, 2.331582895723931 -0.9, 2.3105776444111026 -0.9, 2.2895723930982745 -0.9, 2.2685671417854465 -0.9, 2.247561890472618 -0.9, 2.22655663915979 -0.9, 2.205551387846962 -0.9, 2.1845461365341334 -0.9, 2.1635408852213054 -0.9, 2.142535633908477 -0.9, 2.121530382595649 -0.9, 2.100525131282821 -0.9, 2.0795198799699923 -0.9, 2.0585146286571643 -0.9, 2.0375093773443362 -0.9, 2.0165041260315077 -0.9, 1.9954988747186797 -0.9, 1.9744936234058514 -0.9, 1.9534883720930232 -0.9, 1.9324831207801951 -0.9, 1.9114778694673669 -0.9, 1.8904726181545386 -0.9, 1.8694673668417103 -0.9, 1.8484621155288823 -0.9, 1.827456864216054 -0.9, 1.8064516129032258 -0.9, 1.7854463615903975 -0.9, 1.7644411102775694 -0.9, 1.7434358589647412 -0.9, 1.722430607651913 -0.9, 1.7014253563390846 -0.9, 1.6804201050262566 -0.9, 1.6594148537134283 -0.9, 1.6384096024006 -0.9, 1.617404351087772 -0.9, 1.5963990997749438 -0.9, 1.5753938484621155 -0.9, 1.5543885971492872 -0.9, 1.5333833458364592 -0.9, 1.512378094523631 -0.9, 1.4913728432108027 -0.9, 1.4703675918979744 -0.9, 1.4493623405851463 -0.9, 1.428357089272318 -0.9, 1.4073518379594898 -0.9, 1.3863465866466615 -0.9, 1.3653413353338335 -0.9, 1.3443360840210052 -0.9, 1.323330832708177 -0.9, 1.302325581395349 -0.9, 1.2813203300825207 -0.9, 1.2603150787696924 -0.9, 1.2393098274568641 -0.9, 1.218304576144036 -0.9, 1.1972993248312078 -0.9, 1.1762940735183796 -0.9, 1.1552888222055513 -0.9, 1.1342835708927232 -0.9, 1.113278319579895 -0.9, 1.0922730682670667 -0.9, 1.0712678169542384 -0.9, 1.0502625656414104 -0.9, 1.0292573143285821 -0.9, 1.0082520630157539 -0.9, 0.9872468117029257 -0.9, 0.9662415603900976 -0.9, 0.9452363090772693 -0.9, 0.9242310577644411 -0.9, 0.9032258064516129 -0.9, 0.8822205551387847 -0.9, 0.8612153038259565 -0.9, 0.8402100525131283 -0.9, 0.8192048012003 -0.9, 0.7981995498874719 -0.9, 0.7771942985746436 -0.9, 0.7561890472618155 -0.9, 0.7351837959489872 -0.9, 0.714178544636159 -0.9, 0.6931732933233308 -0.9, 0.6721680420105026 -0.9, 0.6511627906976745 -0.9, 0.6301575393848462 -0.9, 0.609152288072018 -0.9, 0.5881470367591898 -0.9, 0.5671417854463616 -0.9, 0.5461365341335334 -0.9, 0.5251312828207052 -0.9, 0.5041260315078769 -0.9, 0.4831207801950488 -0.9, 0.4621155288822206 -0.9, 0.4411102775693924 -0.9, 0.4201050262565642 -0.9, 0.3990997749437359 -0.9, 0.3780945236309077 -0.9, 0.3570892723180795 -0.9, 0.3360840210052513 -0.9, 0.3150787696924231 -0.9, 0.2940735183795949 -0.9, 0.2730682670667667 -0.9, 0.2520630157539385 -0.9, 0.2310577644411103 -0.9, 0.2100525131282821 -0.9, 0.1890472618154539 -0.9, 0.1680420105026256 -0.9, 0.1470367591897974 -0.9, 0.1260315078769692 -0.9, 0.105026256564141 -0.9, 0.0840210052513128 -0.9, 0.0630157539384846 -0.9, 0.0420105026256564 -0.9, 0.0210052513128282 -0.9, 0 -0.9, 0 0.9))