POLYGON ((11.073784322789523 -3.5709108715055526, 11.083743418328414 -3.5688063441369295, 11.093698481281416 -3.566682824274814, 11.103649486541267 -3.564540369929312, 11.113596409001698 -3.5623790391112076, 11.12353922379262 -3.56019888999235, 11.133477906586362 -3.5579999811143814, 11.143412433341108 -3.5557823712050265, 11.153342780394466 -3.553546119234666, 11.163268924394595 -3.551291284365778, 11.173190842379904 -3.5490179260007184, 11.183108511720931 -3.5467261037366358, 11.19302191014305 -3.544415877377347, 11.2029310157305 -3.542087306926814, 11.2128358068979 -3.5397404525719818, 11.222736262442089 -3.53737537470126, 11.232632361464752 -3.534992133862383, 11.242524083471146 -3.5325907908043295, 11.252411408249584 -3.5301714064155982, 11.262294316009074 -3.5277340417825793, 11.272172787223868 -3.5252787581144185, 11.282046802801187 -3.5228056168119384, 11.291916343900663 -3.520314679385222, 11.301781392121496 -3.5178060075269446, 11.311641929308063 -3.515279663028602, 11.32149793774485 -3.51273570785265, 11.33134939996001 -3.5101742040525727, 11.3411962989165 -3.5075952138391666, 11.351038617824491 -3.5049987995084377, 11.360876340318915 -3.502385023498863, 11.370709450289269 -3.4997539483294684, 11.380537932036281 -3.497105636646441, 11.390361770125226 -3.494440151172375, 11.400180949516713 -3.491757554741842, 11.409995455447493 -3.48905791026171, 11.419805273532289 -3.486341280736143, 11.429610389674357 -3.483607729237203, 11.439410790136908 -3.4808573189203713, 11.449206461484179 -3.478090113004116, 11.45899739062224 -3.4753061747773955, 11.468783564770295 -3.4725055675866363, 11.47856497147167 -3.4696883548368547, 11.48834159859411 -3.4668545999843623, 11.49811343431252 -3.4640043665332043, 11.507880467136417 -3.461137718031914, 11.517642685866537 -3.4582547180669145, 11.527400079647094 -3.4553554302617124, 11.537152637898775 -3.452439918268806, 11.546900350393196 -3.44950824576988, 11.556643207164976 -3.4465604764675746, 11.56638119860564 -3.4435966740854043, 11.576114315357549 -3.440616902360548, 11.585842548424484 -3.4376212250424025, 11.595565889050159 -3.4346097058873912, 11.605284328842881 -3.4315824086554474, 11.61499785964122 -3.428539397107517, 11.624706473650138 -3.4254807349990393, 11.634410163296302 -3.422406486080844, 11.644108921373402 -3.4193167140893013, 11.653802740889281 -3.4162114827509793, 11.663491615218373 -3.4130908557690662, 11.673175537942603 -3.409954896832076, 11.682854503009136 -3.4068036695963246, 11.692528504566718 -3.403637237698851, 11.702197537127182 -3.400455664735841, 11.711861595398693 -3.3972590142798254, 11.72152067444966 -3.3940473498540022, 11.731174769540104 -3.390820734953727, 11.740823876286926 -3.3875792330167713, 11.750467990494336 -3.3843229074490484, 11.760107108319573 -3.381051821590858, 11.769741226103251 -3.377766038746769, 11.779370340534822 -3.3744656221479605, 11.788994448483438 -3.3711506349861478, 11.798613547162574 -3.3678211403721328, 11.808227633962002 -3.3644772013736386, 11.817836706611002 -3.361118880970218, 11.827440763011998 -3.3577462420948367, 11.837039801401843 -3.354359347585311, 11.846633820187611 -3.350958260229453, 11.856222818105456 -3.347543042713235, 11.865806794059086 -3.3441137576692745, 11.875385747275677 -3.3406704676219823, 11.884959677147547 -3.3372132350390826, 11.89452858338455 -3.3337421222740846, 11.904092465859632 -3.330257191620467, 11.913651324756966 -3.3267585052518776, 11.923205160422162 -3.3232461252785224, 11.932753973505323 -3.3197201136856123, 11.942297764816791 -3.3161805323913742, 11.951836535464173 -3.3126274431843807, 11.961370286714704 -3.309060907782485, 11.970899020125037 -3.3054809877698004, 11.980422737411455 -3.3018877446557067, 11.98994144057124 -3.2982812398124173, 11.99945513176196 -3.2946615345330263, 12.008963813413052 -3.291028689970773, 12.018467488115656 -3.2873827671949525, 12.027966158722942 -3.2837238271331226, 12.037459828251965 -3.280051930623532, 12.046948499971217 -3.276367138361704, 12.056432177316042 -3.2726695109478805, 12.065910863961879 -3.2689591088395424, 12.075384563754785 -3.265235992392244, 12.08485328076886 -3.2615002218197455, 12.094317019253296 -3.2577518572265127, 12.103775783672644 -3.253990958577208, 12.113229578671698 -3.2502175857191142, 12.122678409097343 -3.2464317983627153, 12.132122279982397 -3.242633656092301, 12.141561196548121 -3.2388232183593586, 12.150995164207801 -3.235000544479712, 12.160424188549252 -3.2311656936412474, 12.169848275358556 -3.227318724886186, 12.179267430582504 -3.2234596971344165, 12.188681660372273 -3.21958866914979, 12.198090971026236 -3.215705699579948, 12.207495369052866 -3.2118108469060047, 12.216894861094948 -3.2079041694991908, 12.226289454010336 -3.2039857255539648, 12.235679154779431 -3.2000555731610536, 12.245063970601356 -3.19611377022481, 12.254443908787563 -3.1921603745513423, 12.263818976870219 -3.1881954437519884, 12.273189182485678 -3.184219035344047, 12.282554533490671 -3.1802312066435197, 12.291915037840644 -3.176232014874564, 12.301270703708234 -3.1722215170561423, 12.310621539362534 -3.1681997701147804, 12.319967553283346 -3.1641668307712387, 12.329308754048036 -3.1601227556499953, 12.338645150435037 -3.156067601172694, 12.34797675132452 -3.1520014236576, 12.357303565785337 -3.1479242792264563, 12.366625602994818 -3.1438362238874897, 12.375942872304401 -3.1397373134618034, 12.385255383182738 -3.1356276036441577, 12.394563145256424 -3.1315071499542375, 12.40386616827931 -3.127376007770402, 12.413164462146181 -3.1232342323100024, 12.422458036889708 -3.1190818786326333, 12.431746902666404 -3.1149190016521553, 12.441031069781012 -3.110745656107707, 12.450310548645867 -3.1065618966081514, 12.459585349830675 -3.1023677775712515, 12.468855483998226 -3.0981633532988946, 12.478120961975716 -3.09394867788743, 12.487381794671673 -3.089723805329208, 12.496637993162787 -3.0854887894001224, 12.50588956859927 -3.0812436837797006, 12.515136532298907 -3.076988541925419, 12.52437889565012 -3.072723417199941, 12.53361667020318 -3.068448362745218, 12.542849867581296 -3.064163431602948, 12.55207849955905 -3.059868676602444, 12.561302577990569 -3.0555641504609277, 12.570522114867291 -3.0512499056974884, 12.579737122269856 -3.046925994702212, 12.588947612399878 -3.042592469685752, 12.598153597559516 -3.038249382709377, 12.607355090154647 -3.0338967856763115, 12.616552102703364 -3.0295347303184825, 12.625744647810718 -3.0251632682317346, 12.634932738204508 -3.0207824508194214, 12.64411638668473 -3.0163923293689403, 12.653295606181947 -3.0119929549572966, 12.662470409687785 -3.0075843785610976, 12.671640810327961 -3.003166650934849, 12.68080682128323 -2.998739822740542, 12.689968455866332 -2.994303944415586, 12.699125727445178 -2.98985906630263, 12.708278649511463 -2.9854052385278735, 12.717427235617796 -2.980942511110541, 12.726571499427767 -2.9764709338705346, 12.735711454675391 -2.9719905565009754, 12.7448471151901 -2.9675014285190335, 12.753978494883194 -2.9630035992906945, 12.763105607744958 -2.958497118032431, 12.772228467858946 -2.953982033783901, 12.78134708937238 -2.949458395461174, 12.79046148653519 -2.9449262517804184, 12.799571673648689 -2.940385651355661, 12.80867766512239 -2.9358366425846416, 12.817779475409898 -2.931279273775556, 12.826877119072774 -2.926713593014979, 12.835970610715858 -2.9221396482998148, 12.84505996504514 -2.9175574874136907, 12.854145196815164 -2.9129671580374183, 12.863226320869789 -2.9083687076584575, 12.872303352110755 -2.9037621836387673, 12.88137630551448 -2.899147633174274, 12.89044519612625 -2.894525103307672, 12.899510039050988 -2.8898946409456543, 12.908570849472879 -2.8852562928139065, 12.917627642622534 -2.880610105529641, 12.926680433817337 -2.875956125506585, 12.93572923841193 -2.8712943990694386, 12.944774071850226 -2.8666249723279025, 12.953814949610296 -2.861947891308368, 12.96285188725543 -2.857263201826529, 12.971884900386508 -2.852570949604524, 12.980914004679763 -2.847871180172798, 12.98993921585709 -2.8431639389454118, 12.998960549702934 -2.8384492711740097, 13.00797802205767 -2.83372722196476, 13.016991648809856 -2.8289978362924915, 13.026001445912708 -2.824261158955337, 13.035007429357558 -2.8195172346527495, 13.044009615210774 -2.814766107891548, 13.053008019565208 -2.8100078230914263, 13.062002658575159 -2.8052424244417993, 13.070993548426381 -2.8004699560596125, 13.079980705415753 -2.7956904619437744, 13.088964145878263 -2.790903986009495, 13.097943886066442 -2.7861105717317445, 13.106919942195 -2.781310262315644, 13.115892330946979 -2.7765031016213566, 13.124861069504933 -2.7716891342044097, 13.133826173958868 -2.7668684023845445, 13.142787658389867 -2.762040944399877, 13.151745539433232 -2.757206803178052, 13.16069984225199 -2.752366037430257, 13.169650587968974 -2.747518698126457, 13.178597766383415 -2.7426647768083248, 13.187541316205259 -2.7378041710075083, 13.196480756127874 -2.7329360117633157, 13.20541537396801 -2.7280590091009764, 13.214344880958368 -2.723172653000445, 13.223269415070053 -2.7182772194546985, 13.232189070933714 -2.713372904193164, 13.241103837676887 -2.7084597078784394, 13.250013704634977 -2.703537631356209, 13.258918692712331 -2.6986067332344925, 13.267818827248261 -2.6936670801302753, 13.276714125303153 -2.688718722922414, 13.285604601257166 -2.6837617073472226, 13.29449027156662 -2.6787960825654737, 13.303371153961033 -2.673821899823849, 13.31224726583434 -2.6688392094304265, 13.321118624200093 -2.663848060650017, 13.329985246177541 -2.6588485027097626, 13.338847149121426 -2.6538405848630098, 13.347704350426426 -2.648824356266084, 13.356556867535335 -2.6437998657260877, 13.365404717915762 -2.638767161939051, 13.374247919131992 -2.6337262933656698, 13.38308648879298 -2.6286773083540034, 13.39192044457557 -2.623620255031788, 13.400749804208735 -2.618555181357661, 13.409574585474084 -2.6134821351279176, 13.418394806222265 -2.6084011639262505, 13.427210484340161 -2.603312315220548, 13.436021637792141 -2.5982156362297295, 13.444828284570503 -2.5931111740822193, 13.453630442745238 -2.587998975652665, 13.462428130416477 -2.5828790877168606, 13.471221365751749 -2.5777515568252496, 13.480010166959241 -2.572616429392292, 13.48879455229877 -2.567473751656112, 13.497574540084184 -2.562323569670225, 13.506350148665195 -2.557165929363159, 13.515121396456355 -2.5520008764370306, 13.523888301897513 -2.546828456504213, 13.53265088349672 -2.5416487149336247, 13.5414091597861 -2.5364616970075815, 13.550163149359399 -2.5312674477835335, 13.558912870842166 -2.5260660122025986, 13.567658342908274 -2.5208574350256, 13.576399584275311 -2.5156417608501314, 13.585136613694536 -2.5104190341454347, 13.593869449971633 -2.5051892991730456, 13.602598111935118 -2.499952600105869, 13.611322618472558 -2.494708980886256, 13.620042988491665 -2.489458485377336, 13.62875924095473 -2.4842011572243403, 13.637471394850117 -2.4789370399682036, 13.646179469209406 -2.4736661769734254, 13.654883483100772 -2.4683886114550457, 13.6635834556224 -2.4631043865029425, 13.672279405918944 -2.4578135450128373, 13.680971353154979 -2.4525161297958205, 13.689659316546157 -2.4472121834447216, 13.698343315325273 -2.441901748478495, 13.707023368772495 -2.436584867209259, 13.715699496190364 -2.4312615818512207, 13.724371716918597 -2.4259319344522634, 13.73304005032871 -2.4205959669179697, 13.7417045158176 -2.4152537210378116, 13.75036513282274 -2.4099052384157065, 13.759021920798238 -2.404550560577975, 13.767674899242456 -2.3991897288438424, 13.776324087668556 -2.3938227844626656, 13.784969505629942 -2.3884497684910273, 13.793611172700066 -2.3830707218892484, 13.802249108483196 -2.3776856854666315, 13.810883332612246 -2.3722946998919823, 13.819513864740577 -2.3668978057316585, 13.828140724557551 -2.3614950433713906, 13.836763931766027 -2.356086453128065, 13.84538350610702 -2.3506720751225987, 13.853999467334685 -2.3452519494079507, 13.862611835236548 -2.3398261158617424, 13.87122062961894 -2.334394614262628, 13.879825870312628 -2.3289574842577974, 13.888427577174928 -2.3235147653515873, 13.897025770078796 -2.318066496962399, 13.905620468929381 -2.3126127183312963, 13.914211693642708 -2.307153468638642, 13.922799464167202 -2.3016887868821154, 13.931383800463596 -2.2962187119897233, 13.939964722519314 -2.2907432827354435, 13.948542250340102 -2.285262537787466, 13.957116403950119 -2.279776515705252, 13.965687203398492 -2.2742852549007284, 13.974254668745816 -2.2687887937167837, 13.982818820081256 -2.263287170323421, 13.991379677503142 -2.2577804228347365, 13.999937261136465 -2.252268589199794, 14.008491591118506 -2.246751707291419, 14.01704268760691 -2.241229814853697, 14.025590570777632 -2.2357029495150207, 14.034135260819655 -2.230171148818993, 14.042676777945307 -2.2246344501572897, 14.051215142375272 -2.2190928908663885, 14.05975037435492 -2.213546508119088, 14.068282494138165 -2.2079953390311013, 14.076811521999783 -2.2024394205762574, 14.085337478227443 -2.196878789640785, 14.093860383123289 -2.1913134830100236, 14.102380257007685 -2.185743537342739, 14.110897120209817 -2.180168989235014, 14.119410993080205 -2.1745898751309714, 14.127921895976097 -2.169006231426413, 14.136429849274844 -2.16341809437058, 14.144934873362814 -2.1578255001469504, 14.153436988641616 -2.152228484825352, 14.161936215526504 -2.1466270843737596, 14.170432574442357 -2.1410213346869154, 14.178926085831682 -2.135411271525102, 14.187416770143079 -2.129796930601479, 14.19590464784353 -2.1241783474856555, 14.20438973940652 -2.118555557696346, 14.21287206532073 -2.112928596630871, 14.221351646084917 -2.1072974996062857, 14.229828502208047 -2.1016623018563694, 14.238302654213188 -2.096023038499796, 14.24677412262948 -2.090379744604713, 14.255242928002195 -2.084732455104833, 14.263709090881648 -2.0790812048914535, 14.272172631832664 -2.073426028731986, 14.280633571427453 -2.0677669613309657, 14.289091930248699 -2.0621040373020394, 14.297547728890226 -2.0564372911625726, 14.306000987952094 -2.050766757374122, 14.314451728048 -2.0450924702763604, 14.322899969795914 -2.039414464170334, 14.331345733827213 -2.033732773235334, 14.33978904077876 -2.028047431600907, 14.348229911297697 -2.022358473301013, 14.356668366039784 -2.016665932290022, 14.365104425667194 -2.01096984246145, 14.373538110853515 -2.0052702376009512, 14.381969442276262 -1.9995671514564983, 14.390398440624992 -1.9938606176599607, 14.39882512659344 -1.9881506698027775, 14.407249520885223 -1.9824373413792942, 14.415671644210597 -1.9767206658185277, 14.424091517286278 -1.9710006764847872, 14.432509160838396 -1.9652774066483112, 14.44092459559682 -1.959550889541076, 14.449337842302032 -1.9538211582870695, 14.457748921697853 -1.9480882459761097, 14.466157854537338 -1.9423521856021546, 14.474564661578711 -1.9366130101055612, 14.48296936358656 -1.9308707523597837, 14.491371981333144 -1.925125445157076, 14.499772535594412 -1.9193771212504063, 14.50817104715552 -1.9136258132941932, 14.516567536804414 -1.9078715539127982, 14.524962025337523 -1.902114375638152, 14.533354533555363 -1.8963543109580046, 14.541745082264532 -1.8905913922927593, 14.550133692277981 -1.88482565199319, 14.558520384412244 -1.8790571223700567, 14.566905179491819 -1.8732858356454547, 14.575288098343622 -1.8675118240141944, 14.583669161802256 -1.8617351195836553, 14.592048390705536 -1.8559557544244805, 14.60042580589708 -1.8501737605411288, 14.608801428225703 -1.8443891698785642, 14.617175278543694 -1.8386020143416382, 14.625547377710188 -1.8328123257561888, 14.633917746586485 -1.827020135922828, 14.642286406040837 -1.8212254765609786, 14.650653376944142 -1.8154283793592867, 14.659018680172716 -1.809628875942733, 14.667382336607183 -1.8038269978855679, 14.675744367131507 -1.7980227767226558, 14.684104792635539 -1.792216243919083, 14.692463634011123 -1.7864074309164308, 14.70082091215633 -1.780596369081969, 14.709176647971436 -1.7747830897569339, 14.717530862361741 -1.768967624222544, 14.725883576236154 -1.7631500037168542, 14.734234810506752 -1.757330259440056, 14.74258458609072 -1.7515084225312096, 14.75093292390707 -1.7456845241075132, 14.759279844880409 -1.7398585952191195, 14.767625369937187 -1.7340306668940215, 14.775969520008507 -1.7282007701047073, 14.784312316028519 -1.7223689357870304, 14.792653778934355 -1.716535194841239, 14.8009939296676 -1.7106995781144738, 14.809332789171531 -1.704862116433731, 14.817670378394428 -1.6990228405663803, 14.826006718286166 -1.693181781260886, 14.834341829800866 -1.687338969215351, 14.842675733895263 -1.6814944350969172, 14.85100845152888 -1.6756482095400034, 14.859340003665142 -1.6698003231333427, 14.86767041126903 -1.663950806447402, 14.875999695310025 -1.6580996900004608, 14.884327876758993 -1.6522470042947246, 14.892654976590691 -1.6463927797876685, 14.900981015782149 -1.640537046910807, 14.909306015312978 -1.6346798360663182, 14.917629996166204 -1.6288211776175807, 14.925952979326317 -1.6229611019117645, 14.934274985781826 -1.6170996392512023, 14.94259603652246 -1.6112368199246976, 14.9509161525415 -1.6053726741822523, 14.95923535483419 -1.59950723225236, 14.96755366439817 -1.593640524337964, 14.97587110223407 -1.5877725806096437, 14.98418768934387 -1.5819034312239932, 14.992503446733162 -1.5760331062999882, 15.000818395408597 -1.5701616359454238, 15.009132556380035 -1.564289050235426, 15.017445950659068 -1.558415379227659, 15.025758599259445 -1.5525406529582986, 15.034070523197578 -1.546664901437219, 15.042381743491095 -1.5407881546626756, 15.05069228116083 -1.534910442602392, 15.059002157228566 -1.5290317952151313, 15.067311392718914 -1.5231522424331774, 15.07562000865797 -1.517271814175053, 15.08392802607376 -1.5113905403420465, 15.092235465996628 -1.50550845081489, 15.100542349458022 -1.4996255754651782, 15.108848697492235 -1.4937419441409543, 15.117154531134387 -1.487857586683444, 15.125459871422137 -1.4819725329137365, 15.13376473939441 -1.4760868126426767, 15.142069156091836 -1.4702004556682806, 15.15037314255709 -1.4643134917735565, 15.15867671983375 -1.4584259507348836, 15.166979908967836 -1.452537862311837, 15.17528273100607 -1.4466492562592241, 15.183585206997318 -1.4407601623180406, 15.191887357991554 -1.4348706102223743, 15.200189205040195 -1.4289806296979344, 15.20849076919634 -1.4230902504607625, 15.216792071513886 -1.4171995022228403, 15.225093133048716 -1.4113084146860355, 15.233393974857307 -1.4054170175494591, 15.241694617997886 -1.3995253405046943, 15.249995083529564 -1.3936334132396218, 15.258295392512633 -1.3877412654382133, 15.26659556600869 -1.3818489267799807, 15.274895625079965 -1.37595642694295, 15.283195590790246 -1.370063795601626, 15.29149548420376 -1.3641710624297232, 15.299795326386032 -1.3582782570996557, 15.30809513840325 -1.352385409283242, 15.316394941322468 -1.3464925486528867, 15.324694756211697 -1.3405997048816614, 15.332994604139346 -1.3347069076436462, 15.341294506174673 -1.3288141866156513, 15.34959448338724 -1.3229215714756175, 15.357894556847517 -1.317029091906522, 15.366194747626444 -1.3111367775938656, 15.374495076795418 -1.305244658228145, 15.38279556542638 -1.2993527635054978, 15.39109623459144 -1.2934611231257023, 15.399397105363226 -1.2875697667978856, 15.407698198814439 -1.281678724234227, 15.415999536018049 -1.2757880251579046, 15.424301138047142 -1.2698976992975204, 15.43260302597483 -1.2640077763910709, 15.440905220874274 -1.2581182861870794, 15.449207743818565 -1.2522292584402595, 15.457510615880604 -1.2463407229209633, 15.465813858133215 -1.2404527094044766, 15.4741174916488 -1.2345652476831255, 15.482421537499578 -1.2286783675575623, 15.490726016757273 -1.2227920988422187, 15.499030950493113 -1.2169064713668465, 15.507336359777943 -1.2110215149699306, 15.515642265681667 -1.2051372595117749, 15.523948689273874 -1.199253734859463, 15.532255651622982 -1.1933709709031153, 15.540563173796846 -1.1874889975439888, 15.548871276862249 -1.181607844701504, 15.557179981884829 -1.1757275423150524, 15.56548930992949 -1.1698481203353202, 15.573799282059316 -1.163969608740868, 15.582109919336823 -1.158092037518863, 15.5904212428225 -1.152215436685492, 15.598733273575846 -1.1463398362707964, 15.607046032654532 -1.140465266327245, 15.615359541114236 -1.134591756931613, 15.623673820009474 -1.1287193381745761, 15.631988890391954 -1.1228480401805945, 15.640304773312515 -1.116977893084547, 15.64862148981904 -1.1111089270563796, 15.656939060958013 -1.105241172282504, 15.66525750777335 -1.099374658976345, 15.673576851306226 -1.0935094173800315, 15.681897112596202 -1.0876454777522913, 15.69021831267889 -1.0817828703914147, 15.698540472588682 -1.0759216256078452, 15.706863613355667 -1.0700617737527893, 15.715187756007968 -1.064203345196209, 15.723512921570235 -1.0583463703396956, 15.731839131063497 -1.0524908796176031, 15.740166405506548 -1.0466369034836878, 15.748494765912966 -1.0407844724367898, 15.756824233294676 -1.0349336169896424, 15.765154828657968 -1.0290843677016297, 15.773486573006586 -1.0232367551530375, 15.781819487339684 -1.0173908099605131, 15.790153592651793 -1.0115465627771483, 15.798488909934502 -1.0057040442784173, 15.80682546017275 -0.9998632851901763, 15.815163264349371 -0.9940243162538988, 15.823502343439975 -0.9881871682635878, 15.83184271841702 -0.9823518720360278, 15.840184410247055 -0.9765184584292967, 15.848527439890933 -0.9706869583412102, 15.85687182830572 -0.9648574026951785, 15.865217596440228 -0.9590298224699727, 15.873564765240646 -0.9532042486617307, 15.881913355644103 -0.9473807123249651, 15.890263388583945 -0.9415592445385429, 15.898614884986088 -0.9357398764278685, 15.906967865769655 -0.9299226391609385, 15.915322351848792 -0.9241075639346737, 15.923678364127381 -0.9182946820055373, 15.932035923506067 -0.9124840246491742, 15.940395050874653 -0.9066756232058357, 15.948755767118616 -0.900869509041517, 15.9571180931141 -0.8950657135741651, 15.96548204972923 -0.8892642682665237, 15.973847657826033 -0.8834652046143338, 15.982214938254682 -0.8776685541773807, 15.990583911861343 -0.8718743485365463, 15.998954599478793 -0.8660826193426918, 16.007327021934675 -0.8602933982732119, 16.015701200045182 -0.8545067170632876, 16.024077154617327 -0.8487226074945317, 16.03245490645045 -0.842941101385913, 16.040834476330044 -0.8371622306239433, 16.04921588503674 -0.8313860271183636, 16.05759915333515 -0.8256125228544754, 16.06598430198411 -0.8198417498447231, 16.07437135172847 -0.8140737401654813, 16.0827603233027 -0.8083085259404743, 16.091151237431724 -0.8025461393356902, 16.099544114824567 -0.7967866125874333, 16.10793897618431 -0.7910299779577128, 16.116335842195166 -0.7852762677893661, 16.124734733534872 -0.7795255144527413, 16.133135670864213 -0.7737777503885735, 16.141538674832514 -0.768033008085092, 16.149943766077225 -0.7622913200783415, 16.15835096521783 -0.7565527189765762, 16.16676029286653 -0.7508172374167257, 16.175171769613552 -0.7450849081213189, 16.183585416041925 -0.7393557638406353, 16.192001252714313 -0.7336298374020381, 16.200419300180943 -0.7279071616797572, 16.208839578977326 -0.7221877696020699, 16.21726210961902 -0.71647169417033, 16.225686912612534 -0.7107589684182243, 16.23411400843916 -0.7050496254690548, 16.242543417572215 -0.6993436984741771, 16.250975160460712 -0.6936412206688658, 16.259409257540483 -0.6879422253338686, 16.267845729228945 -0.682246745810692, 16.276284595921577 -0.676554815513321, 16.284725878002632 -0.6708664678927154, 16.293169595828086 -0.6651817364928884, 16.301615769745045 -0.6595006548865397, 16.310064420071846 -0.6538232567369133, 16.318515567112986 -0.6481495757506287, 16.326969231150564 -0.6424796457029803, 16.3354254324434 -0.6368135004404978, 16.343884191236075 -0.6311511738521134, 16.352345527741395 -0.6254926999211663, 16.360809462161992 -0.619838112660756, 16.36927601466691 -0.6141874461808854, 16.377745205410992 -0.6085407346324097, 16.386217054521644 -0.6028980122430985, 16.394691582101853 -0.5972593133090783, 16.403168808236586 -0.5916246721755778, 16.411648752976056 -0.5859941232824493, 16.420131436358552 -0.5803677011013328, 16.428616878383647 -0.5747454402062627, 16.437105099036415 -0.5691273752094128, 16.445596118268625 -0.5635135408084763, 16.454089956006985 -0.5579039717653828, 16.462586632155393 -0.5522987028990657, 16.47108616658045 -0.5466977691215147, 16.47958857913435 -0.5411012053798366, 16.488093889625368 -0.5355090467276205, 16.496602117846912 -0.5299213282541754, 16.505113283552404 -0.5243380851429619, 16.51362740647017 -0.5187593526364741, 16.522144506299682 -0.5131851660432483, 16.530664602701275 -0.5076155607613353, 16.539187715317322 -0.5020505722289325, 16.547713863741325 -0.496490235992775, 16.55624306755125 -0.4909345876338189, 16.56477534627771 -0.485383662835266, 16.573310719426694 -0.4798374973334113, 16.58184920646797 -0.4742961269405461, 16.5903908268313 -0.4687595875529428, 16.59893559992339 -0.4632279151139624, 16.60748354509793 -0.4577011456750708, 16.616034681691584 -0.4521793153219411, 16.62458902898592 -0.4466624602493638, 16.633146606238746 -0.4411506166990652, 16.641707432662933 -0.4356438209992508, 16.65027152743152 -0.4301421095547837, 16.658838909687717 -0.4246455188264206, 16.6674095985186 -0.419154085379806, 16.67598361299151 -0.4136678458168285, 16.684560972111054 -0.4081868368533007, 16.69314169485895 -0.4027110952464062, 16.701725800162063 -0.3972406578501434, 16.710313306908763 -0.391775561586436, 16.718904233948706 -0.3863158434435312, 16.727498600073947 -0.380861540508438, 16.736096424052043 -0.3754126899090411, 16.74469772458102 -0.3699693288886679, 16.753302520336252 -0.3645314947280462, 16.761910829927604 -0.3590992248141989, 16.77052267192881 -0.3536725565927122, 16.779138064863993 -0.3482515275870226, 16.78775702719998 -0.3428361754104846, 16.796379577371887 -0.3374265377249336, 16.805005733740465 -0.3320226523055932, 16.81363551464247 -0.326624556963747, 16.822268938338205 -0.3212322896238628, 16.83090602305458 -0.3158458882596564, 16.83954678695609 -0.3104653909345353, 16.848191248152254 -0.3050908357908597, 16.856839424710643 -0.299722261029556, 16.86549133462197 -0.2943597049587256, 16.874146995849145 -0.2890032059244434, 16.882806426268743 -0.2836528023896029, 16.891469643726396 -0.2783085328586677, 16.900136665991088 -0.2729704359367078, 16.908807510780942 -0.2676385502955169, 16.917482195758804 -0.2623129146772842, 16.926160738511108 -0.2569935679214423, 16.934843156589082 -0.2516805489111224, 16.943529467450276 -0.2463738966450916, 16.952219688521936 -0.2410736501590719, 16.96091383714011 -0.2357798485979075, 16.969611930595192 -0.2304925311609467, 16.978313986106144 -0.225211737130394, 16.987020020819138 -0.2199375058728442, 16.995730051833387 -0.214669876807795, 17.00444409615085 -0.209408889463954, 17.01316217074047 -0.2041545834064425, 17.021884292466687 -0.198906998314075, 17.03061047815339 -0.1936661739095997, 17.039340744534833 -0.1884321500101354, 17.048075108278923 -0.18320496650269, 17.05681358599039 -0.1779846633387135, 17.065556194177688 -0.1727712805678144, 17.074302949308517 -0.167564858280041, 17.08305386773636 -0.162365436678115, 17.091808965776917 -0.1571730560015932, 17.100568259637708 -0.1519877565931789, 17.109331765468042 -0.1468095788510107, 17.11809949933402 -0.1416385632499159, 17.126871477210987 -0.1364747503483392, 17.13564771501979 -0.1313181807533976, 17.144428228562905 -0.1261688951776095, 17.153213033603134 -0.1210269343681016, 17.162002145778505 -0.1158923391792429, 17.17079558067677 -0.1107651505083854, 17.17959335377994 -0.1056454093405757, 17.188395480488726 -0.1005331567282574, 17.19720197612958 -0.0954284337833114, 17.206012855912824 -0.0903312817104731, 17.21482813500047 -0.085241741752006, 17.223647828418198 -0.0801598552552178, 17.232471951146238 -0.0750856636020247, 17.2413005180364 -0.0700192082696049, 17.25013354387081 -0.064960530786741, 17.25897104333273 -0.059909672752795, 17.267813030997807 -0.0548666758439274, 17.27665952137654 -0.0498315817811519, 17.28551052883957 -0.0448044323814457, 17.29436606771023 -0.0397852694934929, 17.303226152164097 -0.0347741350633468, 17.312090796317964 -0.0297710710755553, 17.320960014162498 -0.024776119594383, 17.32983381959415 -0.0197893227436302, 17.338712226419833 -0.0148107227013822, 17.347595248311674 -0.0098403617274022, 17.35648289888346 -0.0048782821155662, 17.365375191589408 7.547374771757075e-5, 17.374272139830918 0.0050208634458884, 17.383173756856937 0.009957844477888, 17.392080055837624 0.0148863742990929, 17.40099104982381 0.0198064103017327, 17.40990675174435 0.0247179098135013, 17.418827174448396 0.0296208301217588, 17.427752330624486 0.034515128432865, 17.43668223290505 0.0394007619257285, 17.445616893749357 0.0442776876961772, 17.454556325551195 0.0491458628089055, 17.46350054055323 0.0540052442597397, 17.472449550894176 0.0588557889971883, 17.481403368603058 0.0636974539223384, 17.490362005557987 0.0685301958710939, 17.499325473565573 0.0733539716498967, 17.508293784249613 0.0781687379905205, 17.517266949173855 0.0829744516008198, 17.526244979722225 0.0877710691193801, 17.535227887193738 0.0925585471522695, 17.544215682742536 0.0973368422530563, 17.553208377390188 0.1021059109273096, 17.562205982059343 0.1068657096469, 17.571208507493647 0.1116161948229304, 17.580215964369767 0.1163573228448118, 17.58922836316486 0.1210890500386895, 17.598245714285497 0.1258113327087166, 17.60726802795799 0.1305241271058815, 17.616295314298988 0.135227389448917, 17.625327583289998 0.139921075919642, 17.6343648447496 0.1446051426554083, 17.64340710840762 0.1492795457710516, 17.652454383789706 0.1539442413301214, 17.6615066803536 0.1585991853798566, 17.670564007347842 0.1632443339194428, 17.67962637393295 0.1678796429280896, 17.68869378909441 0.1725050683485374, 17.697766261679206 0.1771205660947139, 17.706843800411125 0.1817260920574, 17.715926413820757 0.1863216020911838, 17.72501411035759 0.1909070520368078, 17.73410689824668 0.1954823976977119, 17.743204785637868 0.2000475948653721, 17.752307780469152 0.2046025993004304, 17.76141589056703 0.2091473667474445, 17.77052912359284 0.2136818529303529, 17.779647487038044 0.2182060135519117, 17.78877098828352 0.2227198043031778, 17.79789963448872 0.2272231808520946, 17.807033432735167 0.2317160988594818, 17.816172389866537 0.2361985139662006, 17.82531651263716 0.2406703818059667, 17.834465807593432 0.2451316579992434, 17.843620281141888 0.249582298157647, 17.852779939537356 0.2540222578861395, 17.861944788832435 0.2584514927808752, 17.87111483498072 0.2628699584353862, 17.880290083690298 0.267277610437416, 17.88947054058857 0.2716744043735309, 17.89865621105966 0.276060295829412, 17.907847100377126 0.2804352403905586, 17.917043213616793 0.2847991936456701, 17.926244555682544 0.2891521111862632, 17.9354511313422 0.2934939486086315, 17.944662945130148 0.2978246615174507, 17.953880001490063 0.3021442055219699, 17.963102304602653 0.3064525362460865, 17.972329858557995 0.3107496093192446, 17.981562667205658 0.3150353803889952, 17.99080073425726 0.3193098051133917, 18.000044063242115 0.3235728391677592, 18.009292657483453 0.3278244382469886, 18.018546520184533 0.3320645580594786, 18.0278056542875 0.3362931543435119, 18.037070062646382 0.3405101828484267, 18.04633974784388 0.3447155993599076, 18.05561471235402 0.3489093596785208, 18.064894958421128 0.3530914196401016, 18.074180488119058 0.3572617351067104, 18.083471303358888 0.3614202619684537, 18.092767405811454 0.3655669561569345, 18.10206879704178 0.3697017736238147, 18.111375478332317 0.3738246703754291, 18.120687450872442 0.3779356024367588, 18.130004715582007 0.3820345258898536, 18.1393272732462 0.3861213968454688, 18.148655124438818 0.3901961714632224, 18.15798826952719 0.3942588059505065, 18.16732670873745 0.3983092565500183, 18.176670442024133 0.402347479572683, 18.186019469244975 0.406373431354996, 18.19537378996395 0.4103870683129827, 18.20473340363764 0.4143883468921917, 18.214098309465367 0.4183772236128965, 18.223468506478643 0.422353655044191, 18.232843993522085 0.4263175978130939, 18.242224769196564 0.4302690086222361, 18.25161083198258 0.4342078442136436, 18.26100218006437 0.4381340614270984, 18.270398811529745 0.442047617135093, 18.279800724174308 0.4459484683123486, 18.289207915661507 0.4498365719800908, 18.298620383419976 0.4537118852463992, 18.308038124672212 0.4575743652956389, 18.317461136482063 0.4614239693739181, 18.326889415634856 0.465260654835961, 18.33632295881128 0.4690843790788385, 18.345761762382445 0.4728950996266064, 18.35520582261207 0.476692774047957, 18.364655135486895 0.4804773600308591, 18.3741096968272 0.4842488153350941, 18.383569502249433 0.4880070978123613, 18.393034547123374 0.4917521654256464, 18.40250482668825 0.4954839761992325, 18.41198033587763 0.499202488301643, 18.42146106952564 0.5029076599493599, 18.430947022159913 0.5065994495098761, 18.440438188176127 0.5102778154160064, 18.449934561721584 0.513942716228197, 18.459436136735693 0.5175941106137293, 18.468942906990115 0.5212319573295264, 18.478454865972054 0.5248562152847087, 18.487972007060133 0.5284668434482126, 18.497494323314186 0.5320638009663763, 18.507021807685355 0.5356470470466659, 18.516554452839003 0.539216541061858, 18.526092251271614 0.5427722424825473, 18.535635195270526 0.5463141109047221, 18.545183276871267 0.5498421060754218, 18.554736487976896 0.5533561878240052, 18.564294820178002 0.5568563161749203, 18.573858264964542 0.56034245121665, 18.583426813515054 0.5638145532398134, 18.593000456872463 0.567272582623227, 18.602579185831893 0.570716499909877, 18.612162990974667 0.5741462657844164, 18.621751862717446 0.5775618410453688, 18.6313457911854 0.5809631866931022, 18.64094476639734 0.5843502638033019, 18.650548778051146 0.5877230336809235, 18.660157815733008 0.5910814577113606, 18.669771868748345 0.5944254974874156, 18.67939092622535 0.5977551147329706, 18.68901497709283 0.6010702713239553, 18.6986440100184 0.6043709293356117, 18.708278013546014 0.6076570509401378, 18.717916975904068 0.6109285985583457, 18.727560885220868 0.6141855346909159, 18.737209729322196 0.6174278220844943, 18.746863495889087 0.6206554236036725, 18.756522172370893 0.6238683023073304, 18.76618574598968 0.6270664214449604, 18.77585420382015 0.6302497443932781, 18.785527532638667 0.6334182347870078, 18.79520571912245 0.6365718563482508, 18.804888749636056 0.6397105730778356, 18.814576610424616 0.6428343490835757, 18.824269287475087 0.6459431487105252, 18.833966766580904 0.649036936481643, 18.843669033362755 0.6521156770832928, 18.853376073167574 0.6551793354609328, 18.863087871235862 0.6582278766631969, 18.872804412496777 0.6612612660425893, 18.882525681777 0.6642794690523678, 18.892251663626833 0.6672824514226701, 18.901982342433865 0.670270179046902, 18.911717702388138 0.6732426180259253, 18.921457727432244 0.6761997347205476, 18.931202401390536 0.6791414956160255, 18.940951707788965 0.6820678675116063, 18.950705630060437 0.684978817306234, 18.960464151351186 0.6878743122133987, 18.970227254670498 0.6907543195971164, 18.97999492281252 0.6936188070643377, 18.989767138354164 0.6964677424673291, 18.999543883739758 0.6993010938121702, 19.009325141130798 0.7021188294337946, 19.019110892598817 0.7049209177734452, 19.028901119926886 0.7077073276176606, 19.038695804781863 0.7104780278925555, 19.04849492860218 0.7132329878057558, 19.058298472635755 0.7159721767997236, 19.06810641798539 0.7186955645008135, 19.07791874549164 0.7214031208682095, 19.087735435905056 0.7240948159775618, 19.097556469692734 0.7267706202749176, 19.107381827221246 0.7294305043383404, 19.11721148862166 0.7320744390628818, 19.12704543385835 0.7347023955679983, 19.136883642741154 0.7373143451871289, 19.146726094839273 0.7399102595872002, 19.156572769630376 0.7424901105650017, 19.166423646318815 0.7450538703080485, 19.17627870402002 0.7476015111317531, 19.18613792161326 0.7501330056977303, 19.196001277831872 0.7526483268817638, 19.20586875124739 0.7551474478095537, 19.215740320209182 0.7576303419501489, 19.225615962974377 0.7600969829148312, 19.235495657543307 0.7625473447107523, 19.24537938183655 0.7649814014698293, 19.25526711354214 0.7673991276987839, 19.265158830219143 0.7698004981124941, 19.275054509265605 0.7721854876936596, 19.28495412787968 0.7745540717576634, 19.294857663166912 0.7769062257781854, 19.304765091989573 0.7792419256467082, 19.314676391136484 0.7815611473823685, 19.32459153717237 0.783863867401649, 19.334510506547073 0.7861500623250466, 19.344433275552817 0.7884197090617678, 19.35435982029973 0.7906727848545724, 19.364290116807734 0.7929092671164214, 19.374224140870346 0.7951291336889441, 19.384161868213624 0.7973323625433059, 19.39410327435163 0.7995189320658419, 19.40404833469512 0.8016888208455144, 19.413997024504603 0.803842007775751, 19.42394931887442 0.8059784720867178, 19.4339051928134 0.8080981931875033, 19.443864621121154 0.8102011509264824, 19.453827578535577 0.8122873252836325, 19.463794039597744 0.8143566966661552, 19.473763978755038 0.8164092456853853, 19.48373737031313 0.8184449532787207, 19.493714188423137 0.8204638007391155, 19.503694407158825 0.8224657695374316, 19.51367800040559 0.824450841577437, 19.523664941993168 0.8264189988943142, 19.53365520557108 0.8283702239630051, 19.54364876470286 0.8303044994687746, 19.553645592826378 0.8322218084149107, 19.563645663240415 0.8341221341569156, 19.573648949174004 0.8360054602334878, 19.58365542368206 0.8378717706428166, 19.593665059768878 0.8397210495190484, 19.603677830278173 0.8415532814381788, 19.613693707974587 0.8433684511943021, 19.62371266551293 0.8451665438971288, 19.633734675420715 0.8469475450222276, 19.64375971016576 0.8487114402237843, 19.653787742059812 0.8504582156253077, 19.663818743369365 0.8521878574888251, 19.673852686221057 0.8539003525168318, 19.68388954266838 0.8555956876427296, 19.693929284672222 0.8572738501065235, 19.703971884077774 0.8589348275315182, 19.714017312681136 0.8605786077099694, 19.72406554214179 0.8622051789080253, 19.73411654407871 0.8638145295356926, 19.74417028998987 0.8654066484555882, 19.754226751303985 0.8669815247895024, 19.764285899376915 0.8685391479382328, 19.774347705463448 0.8700795076897381, 19.78441214077954 0.8716025939897637, 19.79447917642375 0.8731083972672625, 19.80454878345882 0.8745969081009473, 19.814620932851994 0.8760681174880639, 19.82469559550875 0.8775220166969988, 19.834772742277632 0.8789585972624038, 19.844852343916905 0.880377851141599, 19.85493437115503 0.8817797704390961, 19.865018794624156 0.8831643477431994, 19.87510558492464 0.8845315758041132, 19.885194712583854 0.8858814477675492, 19.89528614807414 0.8872139570777597, 19.905379861827257 0.8885290974168985, 19.915475824199625 0.8898268629104019, 19.925574005525558 0.8911072478210684, 19.935674376065286 0.892370246887663, 19.94577690605122 0.8936158550295551, 19.955881565664324 0.8948440675306298, 19.965988325038918 0.8960548800053869, 19.97609715428312 0.8972482882734127, 19.9862080234469 0.8984242886125184, 19.996320902564083 0.8995828774356232, 20.00643576161459 0.9007240516359236, 20.016552570554303 0.9018478083224399, 20.026671299309065 0.9029541449133479, 20.03679191777106 0.904043059173773, 20.04691439581764 0.9051145490428779, 20.057038703286477 0.906168612933741, 20.067164810004538 0.9072052493949125, 20.077292685769187 0.9082244574036288, 20.08742230036123 0.9092262361778625, 20.09755362354619 0.9102105852140194, 20.10768662506788 0.9111775044060081, 20.11782127466374 0.9121269937941697, 20.127957542052293 0.9130590538895885, 20.13809539694649 0.9139736853518828, 20.148234809049303 0.9148708892289943, 20.15837574805653 0.9157506668501779, 20.1685181836613 0.9166130197737905, 20.178662085552027 0.9174579499837964, 20.188807423416876 0.918285459592437, 20.198954166945583 0.919095551166159, 20.209102285828745 0.9198882274463664, 20.21925174976307 0.920663491510998, 20.22940252845121 0.9214213467625404, 20.23955459160159 0.9221617967850806, 20.249707908937193 0.9228848456066379, 20.259862450185715 0.9235904973809022, 20.2700181850938 0.9242787567002172, 20.28017508341788 0.9249496283786611, 20.29033311493279 0.9256031174935498, 20.300492249437674 0.9262392294691371, 20.310652456742343 0.9268579698716033, 20.320813706690988 0.9274593447168058, 20.330975969138635 0.9280433601564092, 20.341139213974866 0.928610022711984, 20.351303411113463 0.9291593391638808, 20.36146853049157 0.9296913165092414, 20.371634542089446 0.9302059621441795, 20.381801415901304 0.9307032835832006, 20.39196912197384 0.931183288765409, 20.40213763037431 0.9316459857942136, 20.412306911212934 0.9320913830819503, 20.422476934642773 0.9325194893489205, 20.4326476708417 0.9329303134770021, 20.44281909005195 0.9333238647638709, 20.45299116253413 0.9337001526216079, 20.463163858614042 0.9340591868441083, 20.473337148653066 0.9344009774333297, 20.483511003057544 0.9347255346326775, 20.493685392299234 0.9350328690368442, 20.50386028687409 0.9353229913613744, 20.514035657361127 0.9355959127284789, 20.524211474366503 0.9358516443928818, 20.53438770856661 0.9360901979471359, 20.544564330694342 0.9363115852553987, 20.554741311524193 0.9365158183499613, 20.564918621920363 0.9367029096229912, 20.575096232772562 0.9368728715684692, 20.585274115065225 0.9370257170573526, 20.59545223982591 0.9371614591317329, 20.60563057814996 0.9372801110849354, 20.61580910121541 0.9373816865167206, 20.625987780235707 0.9374661991515697, 20.636166586534127 0.9375336630971265, 20.646345491466416 0.9375840925727942, 20.656524466485365 0.9376175021170227, 20.666703483110776 0.9376339064883822, 20.67688251292081 0.9376333206269952, 20.687061527603458 0.9376157598142159, 20.697240498879154 0.9375812394288425, 20.70741939858969 0.9375297752067036, 20.717598198625854 0.9374613830272601, 20.727776870967705 0.9373760790191664, 20.73795538769197 0.9372738795809313, 20.748133720921835 0.9371548012350026, 20.758311842913244 0.937018860856137, 20.76848972595951 0.9368660754168537, 20.778667342474538 0.9366964621942794, 20.78884466494784 0.9365100386563457, 20.799021665942565 0.9363068224487929, 20.80919831814935 0.9360868315248138, 20.819374594297763 0.9358500839307224, 20.82955046726196 0.9355965980571627, 20.83972590997061 0.9353263924232725, 20.84990089545968 0.935039485773184, 20.86007539687401 0.9347358970792367, 20.870249387414212 0.9344156454320726, 20.88042284043343 0.9340787502462325, 20.890595729326797 0.9337252310238549, 20.90076802762949 0.9333551075487082, 20.910939708960555 0.9329683997731851, 20.9211107470248 0.9325651278155844, 20.931281115670316 0.9321453120714078, 20.941450788789314 0.9317089730190653, 20.951619740437135 0.9312561314394788, 20.961787944729117 0.9307868082245236, 20.971955375902144 0.9303010244825275, 20.9821220083143 0.9297988015377984, 20.992287816385996 0.92928016082169, 21.002452774707237 0.9287451240558668, 21.01261685791428 0.9281937130402305, 21.022780040798246 0.9276259498296003, 21.032942298243153 0.9270418566316531, 21.04310360522658 0.9264414558023248, 21.053263936884257 0.9258247699480397, 21.063423268399664 0.9251918217489934, 21.073581575134384 0.9245426341568546, 21.083738832516442 0.9238772302243662, 21.093895016104256 0.9231956331957165, 21.104050101590023 0.9224978665116018, 21.11420406473155 0.9217839537057687, 21.124356881470934 0.9210539185724808, 21.134508527800833 0.9203077849773091, 21.144658979879065 0.9195455770177549, 21.15480821396701 0.9187673189365495, 21.16495620642238 0.9179730350985548, 21.1751029337746 0.9171627500857874, 21.185248372603002 0.9163364885437637, 21.195392499675798 0.91549427535903, 21.205535291835478 0.9146361355126147, 21.215676726058334 0.9137620941488813, 21.225816779467745 0.9128721765917556, 21.235955429252808 0.9119664082430434, 21.24609265279922 0.911044814736591, 21.256228427547786 0.9101074217707095, 21.266362731108263 0.9091542552360456, 21.276495541205442 0.9081853411541545, 21.286626835659515 0.907200705651479, 21.296756592476427 0.9062003750585624, 21.306884789713383 0.9051843757611002, 21.3170114056225 0.9041527343514789, 21.32713641853959 0.9031054775106672, 21.337259806932433 0.902042632054687, 21.34738154942992 0.9009642249644506, 21.357501624724293 0.899870283283779, 21.367620011713516 0.8987608342596981, 21.377736689356365 0.8976359051988846, 21.387851636779498 0.8964955235680537, 21.397964833238134 0.8953397169564613, 21.408076258077575 0.8941685130363438, 21.41818589084098 0.8929819396620091, 21.42829371112396 0.8917800247351716, 21.43839969871817 0.8905627963315694, 21.448503833510554 0.8893302826113897, 21.458606095513165 0.8880825118421904, 21.468706464913424 0.8868195124418948, 21.478804921958307 0.8855413128778906, 21.48890144710555 0.8842479417908709, 21.498996020881272 0.8829394278777033, 21.509088623973383 0.8816157999668126, 21.519179237213613 0.880277087003586, 21.529267841515416 0.8789233179955943, 21.539354417999675 0.8775545221075506, 21.549438947841818 0.8761707285450717, 21.559521412408998 0.8747719666548757, 21.569601793177277 0.8733582658638083, 21.57968007173693 0.8719296556804531, 21.58975622986702 0.870486165748471, 21.59983024940254 0.8690278257504808, 21.60990211238947 0.8675546655141846, 21.61997180095245 0.8660667149212232, 21.630039297365986 0.8645640039525558, 21.64010458406372 0.8630465626946097, 21.650167643551416 0.8615144212799655, 21.660228458548858 0.8599676099776812, 21.67028701183483 0.858406159094075, 21.680343286370356 0.8568300990472859, 21.690397265241124 0.855239460331939, 21.700448931633094 0.8536342735018536, 21.710498268932536 0.8520145692290119, 21.720545260579414 0.8503803782163948, 21.730589890219278 0.8487317312835273, 21.740632141589433 0.847068659301873, 21.750671998561323 0.8453911932159214, 21.76070944518086 0.8436993640651163, 21.77074446555668 0.8419932029219311, 21.780777044012805 0.8402727409713671, 21.790807164939803 0.8385380094329827, 21.800834812895737 0.8367890396102082, 21.810859972580218 0.8350258628773497, 21.82088262877783 0.8332485106495865, 21.83090276648174 0.8314570144421818, 21.84092037073929 0.8296514057959652, 21.85093542679227 0.8278317163410439, 21.860947919989872 0.8259979777568182, 21.870957835796847 0.8241502217734317, 21.88096515986596 0.8222884802035546, 21.89096987790558 0.8204127848835228, 21.900971975834583 0.8185231677379239, 21.910971439649774 0.8166196607239051, 21.92096825549636 0.814702295857938, 21.930962409677953 0.8127711052198204, 21.94095388856853 0.8108261209162859, 21.95094267875397 0.8088673751347734, 21.960928766878663 0.8068949000847369, 21.970912139764863 0.8049087280400348, 21.980892784359654 0.8029088913197133, 21.9908706877059 0.8008954222757714, 22.000845837044725 0.7988683533283215, 22.010818219669368 0.796827716914924, 22.020787823072286 0.7947735455381962, 22.030754634838743 0.792705871730998, 22.040718642680403 0.7906247280652298, 22.050679834482676 0.7885301471664352, 22.06063819818949 0.7864221616772755, 22.070593721953355 0.7843008043005029, 22.08054639399413 0.7821661077581618, 22.090496202688506 0.7800181048152746, 22.100443136555864 0.7778568282759678, 22.110387184192426 0.7756823109641712, 22.12032833439802 0.7734945857560047, 22.13026657602565 0.77129368554094, 22.140201898110305 0.7690796432521488, 22.15013428979704 0.7668524918492032, 22.160063740334227 0.7646122643147861, 22.169990239155876 0.7623589936730691, 22.1799137757473 0.760092712959184, 22.189834339792 0.7578134552493847, 22.19975192105431 0.7555212536366268, 22.209666509431152 0.7532161412392678, 22.219578094978612 0.750898151206147, 22.229486667813948 0.7485673166970005, 22.239392218256626 0.7462236709071091, 22.249294736685613 0.743867247042054, 22.259194213639894 0.7414980783330727, 22.26909063978661 0.7391161980319625, 22.278984005874246 0.7367216394023614, 22.28887430284385 0.7343144357358315, 22.298761521685947 0.731894620330805, 22.30864565357219 0.7294622265092479, 22.318526689771673 0.7270172876057615, 22.328404621660823 0.7245598369673, 22.338279440788412 0.722089907960628, 22.348151138753995 0.7196075339578314, 22.358019707350046 0.7171127483503585, 22.367885138440297 0.7146055845367236, 22.37774742402308 0.7120860759269566, 22.38760655624203 0.709554255943518, 22.39746252730355 0.7070101580134457, 22.407315329606817 0.7044538155775373, 22.41716495560452 0.7018852620802389, 22.42701139790824 0.6993045309750371, 22.436854649244978 0.6967116557219775, 22.446694702425027 0.694106669784712, 22.456531550439124 0.6914896066346323, 22.46636518632451 0.6888604997448118, 22.476195603294972 0.686219382593413, 22.48602279465111 0.6835662886610746, 22.495846753801718 0.6809012514300781, 22.50566747431478 0.678224304385111, 22.5154849498082 0.675535481011101, 22.525299174084765 0.672834814793181, 22.535110141010684 0.6701223392164797, 22.544917844585346 0.6673980877645144, 22.554722278940794 0.664662093919198, 22.56452343827193 0.6619143911608897, 22.574321316955455 0.6591550129652339, 22.58411590941674 0.6563839928064465, 22.593907210235745 0.6536013641527227, 22.603695214096632 0.6508071604681906, 22.613479915766632 0.6480014152126412, 22.62326131018098 0.6451841618370413, 22.633039392318725 0.6423554337897578, 22.64281415732822 0.6395152645080913, 22.652585600435696 0.6366636874242139, 22.662353716973758 0.6338007359619373, 22.6721185024217 0.6309264435335347, 22.681879952307277 0.6280408435469839, 22.69163806233325 0.6251439693942585, 22.70139282825942 0.6222358544620367, 22.71114424597469 0.6193165321235133, 22.720892311489038 0.6163860357392352, 22.730637020874127 0.6134443986625879, 22.740378370371694 0.6104916542270469, 22.750116356268045 0.6075278357607039, 22.75985097499737 0.604552976572447, 22.769582223088374 0.6015671099588809, 22.779310097150677 0.5985702692050994, 22.789034593949605 0.5955624875740154, 22.7987557102917 0.5925437983223805, 22.808473443143736 0.5895142346821418, 22.818187789542826 0.5864738298743226, 22.827898746628577 0.5834226171027793, 22.837606311675543 0.5803606295487586, 22.847310482004712 0.577287900385278, 22.857011255101146 0.5742044627558712, 22.866708628501566 0.5711103497947106, 22.876402599865756 0.5680055946123282, 22.88609316696417 0.5648902302979951, 22.89578032762665 0.5617642899288988, 22.905464079841096 0.5586278065499353, 22.91514442163633 0.5554808131974821, 22.924821351180857 0.552323342877666, 22.93449486672914 0.5491554285779898, 22.944164966613013 0.5459771032682947, 22.95383164930813 0.5427883998855787, 22.96349491332866 0.5395893513577555, 22.973154757338907 0.5363799905765908, 22.982811180066964 0.5331603504184502, 22.99246418033815 0.5299304637351567, 23.002113757101707 0.5266903633472393, 23.011759909350825 0.5234400820636956, 23.02140263623135 0.5201796526531283, 23.031041936936077 0.5169091078716374, 23.04067781077363 0.5136284804433234, 23.050310257153807 0.5103378030643326, 23.059939275542657 0.5070371084146292, 23.06956486555238 0.5037264291320264, 23.07918702683277 0.5004057978433561, 23.088805759164167 0.4970752471362928, 23.098421062405205 0.4937348095750289, 23.10803293648749 0.4903845177010179, 23.11764138147493 0.4870244040144799, 23.127246397467232 0.4836545010042202, 23.136847984703646 0.4802748411139202, 23.14644614348138 0.4768854567684799, 23.156040874188786 0.4734863803622848, 23.165632177327744 0.4700776442516836, 23.175220053441297 0.46665928077885, 23.18480450321361 0.4632313222370576, 23.1943855273716 0.4597938009046984, 23.20396312675013 0.4563467490215139, 23.213537302276375 0.4528901987941933, 23.22310805493026 0.4494241824099744, 23.232675385826184 0.4459487320064166, 23.242239296112988 0.4424638797082246, 23.251799787060616 0.4389696575939742, 23.261356860010196 0.4354660977151241, 23.270910516371018 0.4319532320964005, 23.280460757673616 0.428431092714982, 23.29000758548161 0.42489971153483, 23.299551001487504 0.4213591204679244, 23.309091007436376 0.4178093514050006, 23.31862760515808 0.4142504362016441, 23.328160796586094 0.4106824066704654, 23.337690583692183 0.4071052946078334, 23.347216968577893 0.403519131754824, 23.356739953383556 0.3999239498359258, 23.366259540349525 0.396319780531942, 23.37577573180004 0.3927066554870238, 23.385288530108525 0.3890846063233172, 23.394797937771482 0.3854536646077806, 23.40430395731688 0.3818138618931573, 23.41380659138445 0.3781652296808818, 23.423305842678314 0.3745077994428189, 23.432801713966043 0.370841602621027, 23.4422942081257 0.3671666706056304, 23.451783328065847 0.3634830347721991, 23.461269076813544 0.3597907264393175, 23.47075145744324 0.3560897769027402, 23.48023047310796 0.3523802174195711, 23.489706127054802 0.3486620792006875, 23.49917842256643 0.3449353934391394, 23.508647363044265 0.3412001912682826, 23.518112951924728 0.3374565038038367, 23.527575192736645 0.3337043621140962, 23.537034089084564 0.3299437972285265, 23.546489644618827 0.3261748401525921, 23.555941863101925 0.3223975218330077, 23.565390748324866 0.3186118732014093, 23.57483630418162 0.3148179251344781, 23.584278534623884 0.311015708478053, 23.59371744366242 0.3072052540457223, 23.60315303540801 0.3033865925964628, 23.61258531399958 0.2995597548738241, 23.622014283684894 0.2957247715616395, 23.63143994875405 0.2918816733204572, 23.640862313570096 0.2880304907692394, 23.650281382580474 0.2841712544788182, 23.659697160265853 0.2803039950009065, 23.66910965121513 0.2764287428248373, 23.678518860048385 0.2725455284219099, 23.687924791471268 0.2686543822133217, 23.69732745025693 0.264755334580741, 23.706726841221577 0.2608484158801944, 23.716122969282836 0.2569336564072652, 23.725515839384187 0.2530110864420318, 23.734905456563908 0.2490807362071367, 23.744291825911297 0.2451426358943195, 23.75367495257108 0.2411968156611737, 23.76305484177782 0.2372433056100457, 23.772431498792084 0.2332821358270812, 23.781804928973862 0.2293133363362642, 23.7911751377202 0.225336937138386, 23.800542130496492 0.2213529681908522, 23.809905912843153 0.2173614594034122, 23.81926649033209 0.2133624406655936, 23.82862386863339 0.2093559418036468, 23.837978053444633 0.2053419926260756, 23.847329050543003 0.201320622889367, 23.85667686576486 0.1972918623113456, 23.866021504987625 0.1932557405826184, 23.875362974179765 0.1892122873334154, 23.884701279333083 0.185161532178409, 23.894036426526956 0.1811035046734644, 23.90336842188487 0.1770382343448291, 23.912697271583145 0.1729657506827749, 23.92202298187766 0.1688860831234164, 23.931345559048737 0.1647992610860836, 23.940665009467637 0.1607053139273989, 23.949981339537352 0.1566042709820867, 23.959294555725606 0.1524961615397162, 23.968604664565582 0.1483810148441684, 23.977911672620866 0.1442588601178661, 23.987215586543684 0.1401297265206422, 23.99651641301009 0.1359936431954339, 24.005814158770864 0.1318506392318015, 24.015108830627387 0.1277007436831305, 24.024400435421136 0.1235439855738439, 24.033688980074437 0.1193803938699794, 24.042974471530776 0.115209997522175, 24.052256916814933 0.1110328254217398, 24.06153632298864 0.1068489064329597, 24.070812697165007 0.1026582693822194, 24.080086046526407 0.0984609430447936, 24.089356378278765 0.0942569561784518, 24.098623699711048 0.0900463374790605, 24.10788801813866 0.0858291156227589, 24.117149340939246 0.0816053192389031, 24.126407675546098 0.0773749769150198, 24.135663029422936 0.0731381172154722, 24.144915410112585 0.0688947686443413, 24.1541648251785 0.0646449596901175, 24.16341128225539 0.0603887187881515, 24.172654789020143 0.0561260743423634, 24.181895353189706 0.0518570547249487, 24.191132982551018 0.0475816882526269, 24.20036768491078 0.0433000032266796, 24.20959946815129 0.0390120278896502, 24.218828340184714 0.0347177904608732, 24.228054308974336 0.0304173191195719, 24.23727738254211 0.0261106419989364, 24.246497568933755 0.0217977872134029, 24.2557148762703 0.0174787828179457, 24.26492931269427 0.0131536568505325, 24.274140886409008 0.0088224373007877, 24.28334960566332 0.0044851521221486, 24.292555478737892 0.0001418292426095, 24.3017585139829 -0.004207503465427, 24.31095871976662 -0.0085628181440756, 24.320156104524912 -0.012924086989825, 24.329350676726595 -0.0172912822256963, 24.338542444882428 -0.0216643761086204, 24.34773141756292 -0.0260433409438198, 24.356917603358134 -0.0304281490524137, 24.36610101092818 -0.0348187728124234, 24.375281648956225 -0.039215184620622, 24.384459526177444 -0.0436173569162154, 24.393634651374626 -0.0480252621772626, 24.402807033356236 -0.0524388729028463, 24.411976680997704 -0.0568581616469187, 24.42114360319207 -0.0612831009778671, 24.43030780889241 -0.0657136635133955, 24.439469307086952 -0.0701498219000921, 24.448628106798736 -0.0745915488132403, 24.457784217109932 -0.07903881697686, 24.466937647119817 -0.0834915991291061, 24.476088405992016 -0.0879498680612647, 24.485236502914614 -0.0924135965848194, 24.494381947120523 -0.0968827575483469, 24.503524747890847 -0.1013573238402986, 24.512664914528163 -0.1058372683669042, 24.521802456398564 -0.1103225640869593, 24.530937382885682 -0.1148131839737986, 24.540069703426663 -0.1193091010452228, 24.549199427494756 -0.1238102883490253, 24.55832656459315 -0.1283167189569718, 24.567451124282897 -0.1328283659871532, 24.5765731161407 -0.137345202570706, 24.585692549801628 -0.1418672018889938, 24.59480943492562 -0.1463943371447308, 24.603923781212107 -0.1509265815730973, 24.613035598407965 -0.1554639084483606, 24.622144896278893 -0.1600062910602895, 24.631251684650238 -0.164553702747982, 24.640355973364727 -0.1691061168649228, 24.649457772313564 -0.1736635068044788, 24.65855709142378 -0.1782258459895335, 24.667653940648588 -0.1827931078644565, 24.67674832999586 -0.1873652659185284, 24.685840269488203 -0.1919422936530759, 24.694929769202773 -0.1965241646140299, 24.70401683924161 -0.2011108523676374, 24.713101489742407 -0.205702330509183, 24.72218373088845 -0.210298572671062, 24.731263572880117 -0.214899552499537, 24.74034102597382 -0.2195052436862029, 24.74941610044283 -0.2241156199363084, 24.758488806605236 -0.2287306549911164, 24.767559154813497 -0.2333503226195525, 24.77662715544423 -0.2379745966098358, 24.785692818925657 -0.242603450791418, 24.794756155699933 -0.2472368590048296, 24.80381717626032 -0.251874795131095, 24.81287589112369 -0.2565172330699226, 24.821932310840445 -0.2611641467473692, 24.830986446003834 -0.2658155101231506, 24.840038307223384 -0.2704712971696623, 24.849087905161298 -0.2751314819002028, 24.85813525049562 -0.2797960383403546, 24.86718035394691 -0.284464940548612, 24.876223226267516 -0.2891381626080919, 24.885263878233417 -0.2938156786194324, 24.89430232066907 -0.2984974627192462, 24.903338564412252 -0.3031834890540812, 24.91237262034939 -0.3078737318070595, 24.921404499388338 -0.3125681651773914, 24.930434212469528 -0.317266763389096, 24.939461770572414 -0.3219695006958277, 24.948487184692716 -0.3266763513631071, 24.957510465875814 -0.3313872896923872, 24.966531625181474 -0.3361022899955143, 24.97555067371112 -0.3408213266142718, 24.98456762259452 -0.3455443739108054, 24.99358248298542 -0.3502714062641615, 25.002595266081933 -0.355002398084554, 25.011605983095027 -0.3597373237911728, 25.020614645282663 -0.3644761578356878, 25.02962126392129 -0.3692188746825256, 25.038625850320958 -0.373965448818837, 25.04762841582651 -0.3787158547553265, 25.05662897180008 -0.3834700670141492, 25.06562752965017 -0.3882280601481559, 25.07462410079815 -0.392989808718632, 25.083618696707173 -0.3977552873138391, 25.092611328864326 -0.4025244705375135, 25.101602008782663 -0.4072973330097155, 25.11059074801492 -0.4120738493754882, 25.119577558127098 -0.4168539942880629, 25.128562450730712 -0.4216377424285251, 25.137545437452488 -0.4264250684872438, 25.146526529954688 -0.4312159471756562, 25.155505739928937 -0.436010353222653, 25.16448307908654 -0.4408082613684409, 25.173458559181245 -0.4456096463776783, 25.18243219197872 -0.4504144830217446, 25.19140398928702 -0.4552227460954894, 25.200373962933224 -0.4600344104042721, 25.209342124773865 -0.464849450768658, 25.218308486699637 -0.4696678420268853, 25.227273060616305 -0.4744895590252501, 25.236235858472384 -0.4793145766331401, 25.2451968922288 -0.484142869726425, 25.254156173884606 -0.4889744131995296, 25.263113715462037 -0.4938091819581497, 25.272069529006995 -0.4986471509190981, 25.281023626602547 -0.5034882950166318, 25.289976020344284 -0.5083325891906615, 25.298926722370105 -0.5131800083999215, 25.307875744832177 -0.5180305276094407, 25.31682309991617 -0.5228841217983295, 25.325768799834652 -0.5277407659569875, 25.334712856819426 -0.5326004350834415, 25.343655283141366 -0.5374631041911656, 25.352596091082788 -0.5423287482979794, 25.36153529296622 -0.5471973424365422, 25.370472901130853 -0.5520688616456272, 25.379408927945118 -0.5569432809740241, 25.38834338580739 -0.5618205754807672, 25.39727628713198 -0.5667007202299567, 25.406207644373104 -0.5715836902982251, 25.415137469996267 -0.5764694607656484, 25.424065776504698 -0.5813580067231059, 25.432992576420638 -0.5862493032669145, 25.441917882292 -0.5911433254999782, 25.45084170669881 -0.5960400485334395, 25.45976406223485 -0.6009394474816588, 25.46868496153367 -0.6058414974681245, 25.477604417240638 -0.6107461736189073, 25.48652244203643 -0.6156534510667857, 25.495439048622877 -0.6205633049485565, 25.504354249724578 -0.6254757104048391, 25.513268058099616 -0.6303906425818652, 25.522180486518472 -0.6353080766276874, 25.531091547790677 -0.6402279876958632, 25.540001254738282 -0.6451503509415999, 25.54890962021635 -0.6500751415233919, 25.55781665710258 -0.6550023346019802, 25.56672237829539 -0.6599319053395298, 25.575626796727406 -0.6648638289005326, 25.58452992534299 -0.6697980804499939, 25.593431777124934 -0.6747346351542209, 25.602332365069117 -0.6796734681798857, 25.61123170220283 -0.6846145546936416, 25.62012980157684 -0.6895578698621175, 25.629026676261308 -0.6945033888512576, 25.63792233936087 -0.6994510868257638, 25.646816803991484 -0.7044009389496528, 25.655710083306776 -0.7093529203842351, 25.66460219047383 -0.7143070062897834, 25.673493138690095 -0.7192631718232768, 25.682382941176797 -0.7242213921391079, 25.691271611173928 -0.7291816423889592, 25.700159161955646 -0.7341438977195314, 25.709045606807358 -0.7391081332756052, 25.717930959051575 -0.7440743241951833, 25.726815232024233 -0.7490424456137272, 25.73569843909126 -0.7540124726600517, 25.744580593641967 -0.7589843804577692, 25.75346170908447 -0.763958144125624, 25.762341798860426 -0.7689337387736219, 25.77122087642284 -0.7739111395085236, 25.780098955261337 -0.7788903214261546, 25.78897604887862 -0.7838712596183562, 25.79785217080759 -0.7888539291667233, 25.806727334603558 -0.7938383051452439, 25.815601553841315 -0.7988243626205221, 25.82447484212811 -0.8038120766468042, 25.833347213082885 -0.8088014222735599, 25.84221868036096 -0.813792374534942, 25.851089257630033 -0.8187849084597885, 25.859958958588855 -0.8237789990625695, 25.868827796956996 -0.8287746213481043, 25.877695786474874 -0.8337717503107215, 25.88656294091373 -0.8387703609291931, 25.895429274057275 -0.8437704281756002, 25.904294799725214 -0.8487719270023217, 25.913159531748825 -0.8537748323552733, 25.92202348399168 -0.8587791191613259, 25.930886670336022 -0.8637847623363306, 25.939749104687003 -0.8687917367816224, 25.94861080097837 -0.8738000173804426, 25.95747177315776 -0.8788095790067232, 25.966332035207888 -0.8838203965106425, 25.975191601122482 -0.8888324447347488, 25.984050484929043 -0.8938456984972352, 25.99290870067112 -0.8988601326046349, 26.001766262418002 -0.903875721843835, 26.010623184264382 -0.9088924409822395, 26.019479480321305 -0.9139102647740673, 26.0283351647332 -0.9189291679464064, 26.0371902516556 -0.92394912521711, 26.046044755278675 -0.9289701112745095, 26.05489868980603 -0.9339921007954195, 26.063752069470297 -0.9390150684303823, 26.07260490852579 -0.9440389888103311, 26.081457221246595 -0.9490638365474282, 26.090309021937237 -0.9540895862249582, 26.09916032491472 -0.9591162124138797, 26.108011144531 -0.9641436896504011, 26.116861495149532 -0.9691719924591057, 26.125711391165908 -0.9742010953310571, 26.13456084699299 -0.9792309727392884, 26.143409877067878 -0.9842615991303904, 26.152258495853687 -0.9892929489226286, 26.161106717829277 -0.9943249965163661, 26.169954557506482 -0.9993577162744296, 26.17880202940837 -1.0043910825465412, 26.187649148092316 -1.009425069641721, 26.196495928128982 -1.0144596518531102, 26.20534238411812 -1.0194948034378526, 26.214188530679962 -1.0245304986277735, 26.223034382455577 -1.0295667116279064, 26.23187995411474 -1.034603416606454, 26.24072526034081 -1.0396405877134993, 26.249570315851006 -1.044678199053939, 26.258415135373788 -1.0497162247174092, 26.267259733670613 -1.0547546387477449, 26.276104125517904 -1.059793415168022, 26.284948325718993 -1.0648325279625992, 26.293792349099547 -1.0698719510837287, 26.302636210504254 -1.074911658455379, 26.31147992480754 -1.079951623957185, 26.320323506896614 -1.0849918214493106, 26.329166971692104 -1.0900322247404126, 26.338010334126142 -1.0950728076212366, 26.34685360916331 -1.1001135438307044, 26.35569681178393 -1.105154407082568, 26.364539956994314 -1.1101953710477035, 26.37338305982347 -1.1152364093596603, 26.382226135318998 -1.120277495620326, 26.391069198558075 -1.1253186033812548, 26.399912264630753 -1.1303597061715032, 26.408755348660407 -1.1354007774615953, 26.417598465781932 -1.1404417907015565, 26.42644163116221 -1.1454827192834183, 26.43528485998318 -1.1505235365717914, 26.444128167453353 -1.1555642158816786, 26.452971568802695 -1.1606047304878582, 26.461815079280807 -1.1656450536273621, 26.470658714165356 -1.1706851584831004, 26.479502488747833 -1.1757250182107235, 26.488346418352034 -1.1807646059016907, 26.4971905183132 -1.1858038946243907, 26.506034803998872 -1.1908428573811558, 26.51487929079017 -1.1958814671464475, 26.523723994096354 -1.2009196968354077, 26.53256892934559 -1.2059575193234031, 26.541414111988 -1.2109949074381505, 26.550259557498826 -1.216031833952955, 26.559105281369277 -1.221068271605634, 26.56795129912066 -1.2261041930668284, 26.576797626286393 -1.2311395709796624, 26.58564427843214 -1.2361743779132774, 26.59449127113542 -1.241208586409383, 26.60333862000367 -1.2462421689388576, 26.612186340659342 -1.251275097936869, 26.621034448750702 -1.2563073457761735, 26.629882959946627 -1.261338884779518, 26.63873188993586 -1.2663696872201506, 26.647581254433074 -1.271399725306606, 26.656431069167688 -1.2764289712097605, 26.665281349898933 -1.2814573970238285, 26.674132112397846 -1.2864849748123077, 26.682983372466573 -1.291511676556506, 26.691835145919182 -1.29653747420598, 26.700687448598934 -1.301562339631154, 26.70954029636398 -1.3065862446617889, 26.71839370509745 -1.3116091610580238, 26.72724769070191 -1.3166310605256368, 26.736102269099842 -1.3216519147132963, 26.744957456237916 -1.3266716952002788, 26.753813268078055 -1.3316903735209022, 26.762669720610102 -1.3367079211271415, 26.771526829836002 -1.3417243094344578, 26.78038461178736 -1.34673950976822, 26.78924308250706 -1.3517534934190638, 26.79810225806688 -1.3567662315873883, 26.806962154551492 -1.3617776954330585, 26.81582278807154 -1.3667878560324094, 26.824684174753806 -1.3717966844097436, 26.833546330746998 -1.3768041515168048, 26.842409272219815 -1.3818102282390292, 26.85127301535865 -1.3868148854016453, 26.860137576373535 -1.3918180937491877, 26.869002971488534 -1.3968198239771428, 26.87786921695405 -1.401820046688356, 26.88673632903208 -1.406818732444164, 26.89560432401209 -1.4118158517061905, 26.904473218194333 -1.4168113748963302, 26.91334302790573 -1.4218052723364314, 26.92221376948496 -1.4267975143038425, 26.931085459295748 -1.4317880709801318, 26.93995811371603 -1.4367769124922043, 26.948831749145235 -1.441764008881078, 26.957706381999607 -1.4467493301207375, 26.96658202871358 -1.451732846110283, 26.975458705741243 -1.4567145266680226, 26.98433642955167 -1.4616943415485524, 26.993215216635882 -1.4666722604129214, 27.00209508349728 -1.4716482528679264, 27.010976046662833 -1.47662228841646, 27.0198581226701 -1.48159433651346, 27.028741328080837 -1.4865643665034765, 27.03762567946663 -1.4915323476849809, 27.046511193422756 -1.4964982492443717, 27.055397886554672 -1.501462040318953, 27.064285775489992 -1.5064236899369343, 27.073174876867665 -1.5113831670703426, 27.082065207346634 -1.5163404405884693, 27.090956783598696 -1.5212954792946647, 27.09984962231328 -1.5262482518979208, 27.108743740194228 -1.5311987270300853, 27.11763915396065 -1.5361468732379457, 27.1265358803475 -1.541092658979609, 27.135433936102793 -1.5460360526372712, 27.144333337991622 -1.550977022493462, 27.153234102790133 -1.5559155367630335, 27.162136247292345 -1.5608515635515936, 27.171039788301858 -1.5657850709035799, 27.17994474264054 -1.570716026746285, 27.18885112713868 -1.575644398950476, 27.197758958644254 -1.5805701552650986, 27.206668254013312 -1.5854932633839498, 27.21557903012032 -1.5904136908738957, 27.224491303846825 -1.5953314052471763, 27.233405092086866 -1.6002463738981632, 27.2423204117429 -1.6051585641608583, 27.25123727974642 -1.6100679432207807, 27.26015571303613 -1.6149744782006288, 27.269075728514387 -1.6198781361961254, 27.277997343083648 -1.6247788842475597, 27.286920573837207 -1.629676688951033, 27.29584543793637 -1.6345715167155084, 27.304771951922916 -1.639463335002818, 27.313700132025605 -1.6443521117835047, 27.32262999669132 -1.6492378108494579, 27.33156156588184 -1.654120393122503, 27.340494851865454 -1.6589998336308571, 27.349429860325937 -1.6638761194651017, 27.35836662371511 -1.6687491882591048, 27.36730520211744 -1.6736189265871455, 27.376245562810976 -1.678485392128911, 27.38518756292173 -1.6833488456561663, 27.394131491031118 -1.6882087524455236, 27.403078252896687 -1.6930634397950028, 27.412028475524263 -1.6979117451350216, 27.420982273362625 -1.7027534449312858, 27.429939694919334 -1.7075884370928338, 27.438900752495446 -1.712416686952619, 27.447865460142346 -1.7172381563599952, 27.45683384186184 -1.7220527882146166, 27.465805921381165 -1.726860525721016, 27.47478171970164 -1.7316613168378363, 27.483761257847718 -1.7364551092702538, 27.492744557578483 -1.7412418489903816, 27.50173164065148 -1.7460214817604065, 27.510722528614497 -1.7507939533647257, 27.519717243006244 -1.7555592093881422, 27.52871580540876 -1.7603171949532501, 27.537718237397872 -1.7650678549728671, 27.546724560521223 -1.7698111340211673, 27.555734796317232 -1.774546976462332, 27.56474896631223 -1.7792753262822678, 27.573767092022273 -1.783996127251922, 27.582789194943707 -1.7887093227694022, 27.59181529656083 -1.7934148560131074, 27.60084541833697 -1.798112669783049, 27.609879581721604 -1.8028027066534922, 27.61891780814024 -1.807484908818988, 27.627960119002537 -1.8121592182412303, 27.637006535691658 -1.8168255765012098, 27.646057079572653 -1.8214839249386177, 27.655111771981577 -1.8261342045130389, 27.664170634233813 -1.8307763559328611, 27.6732336876132 -1.8354103195285845, 27.68230095338014 -1.840036035367864, 27.691372452761183 -1.8446534431443629, 27.700448206956263 -1.8492624822752852, 27.709528237129405 -1.8538630918096728, 27.718612564414283 -1.8584552105045669, 27.727701209906773 -1.8630387767569903, 27.736794194668228 -1.8676137286542365, 27.74589153972069 -1.8721800039336993, 27.754993266046895 -1.8767375400032684, 27.76409939458906 -1.8812862739330902, 27.77320994624483 -1.8858261424421905, 27.78232494187039 -1.8903570819256452, 27.791444402271484 -1.8948790284044479, 27.80056834821182 -1.899391917590479, 27.809696800398257 -1.9038956847980082, 27.81882977949522 -1.9083902650471227, 27.827967306103584 -1.9128755929373584, 27.837109400781255 -1.9173516027877016, 27.84625608401582 -1.9218182284758905, 27.855407376251097 -1.92627540360956, 27.86456329785405 -1.9307230613388393, 27.873723869146126 -1.9351611345484963, 27.88288911036644 -1.9395895556567833, 27.892059041705213 -1.9440082568126895, 27.9012336832664 -1.9484171696995805, 27.910413055099696 -1.9528162257173551, 27.919597177166416 -1.957205355811632, 27.928786069365906 -1.9615844906203945, 27.937979751509186 -1.9659535603480884, 27.947178243335237 -1.9703124948589956, 27.95638156449655 -1.9746612236119903, 27.965589734561597 -1.9789996756874555, 27.974802773015508 -1.98332777979272, 27.98402069924616 -1.9876454642162493, 27.993243532561717 -1.991952656905753, 28.00247129215963 -1.9962492853526304, 28.011703997160247 -2.0005352767339892, 28.020941666561395 -2.0048105577427053, 28.03018431928337 -2.009075054770723, 28.039431974115946 -2.0133286937149664, 28.048684649765587 -2.0175714001645293, 28.057942364806003 -2.021803099225049, 28.067205137715597 -2.0260237156661045, 28.076472986843243 -2.030233173804539, 28.085745930425283 -2.0344313975774115, 28.095023986575647 -2.038618310511461, 28.104307173275416 -2.042793835703203, 28.113595508391683 -2.046957895883057, 28.12288900963841 -2.051110413305188, 28.1321876946213 -2.05525130989133, 28.141491580777473 -2.0593805070589046, 28.150800685433552 -2.0634979259015895, 28.16011502574192 -2.0676034870117013, 28.16943461873083 -2.071697110634147, 28.17875948125957 -2.075778716546273, 28.1880896300397 -2.0798482241295257, 28.197425081626204 -2.0839055523490555, 28.206765852398142 -2.087950619717378, 28.216111958591014 -2.0919833443811164, 28.225463416239272 -2.0960036439893863, 28.234820241238463 -2.100011435853147, 28.244182449270525 -2.104006636774492, 28.253550055866413 -2.1079891632049432, 28.26292307634869 -2.1119589311182962, 28.272301525860446 -2.1159158560895825, 28.281685419353522 -2.1198598532726725, 28.29107477156461 -2.1237908373627024, 28.300469597056534 -2.1277087226881877, 28.309869910147924 -2.1316134230769492, 28.319275724985694 -2.1355048520115987, 28.328687055464968 -2.13938292247802, 28.338103915286318 -2.1432475470892953, 28.34752631791424 -2.1470986380109935, 28.35695427657791 -2.1509361069771082, 28.36638780429465 -2.154759865337053, 28.375826913807074 -2.158569823956681, 28.38527161765636 -2.162365893353562, 28.394721928093723 -2.166147983554781, 28.404177857147634 -2.1699160042213794, 28.4136394165736 -2.1736698645713766, 28.423106617857567 -2.1774094733999156, 28.43257947224188 -2.1811347391243707, 28.4420579906547 -2.1848455696899998, 28.451542183790167 -2.188541872697605, 28.461032062017093 -2.192223555279287, 28.470527635439144 -2.195890524197266, 28.480028913861258 -2.199542685802094, 28.489535906767212 -2.20317994601744, 28.49904862337286 -2.2068022104162854, 28.50856707253353 -2.2104093841135226, 28.518091262829422 -2.214001371884223, 28.527621202490703 -2.2175780780787746, 28.53715689941921 -2.221139406663842, 28.546698361205763 -2.224685261247698, 28.55624559505578 -2.228215545010242, 28.565798607875966 -2.231730160807625, 28.575357406180103 -2.2352290110802318, 28.58492199613813 -2.238711997918449, 28.594492383567292 -2.2421790230592324, 28.60406857387432 -2.24562998784449, 28.613650572137335 -2.2490647933078094, 28.623238383004853 -2.2524833400911897, 28.632832010756086 -2.255885528513679, 28.642431459282182 -2.259271258561108, 28.652036732032613 -2.2626404298567717, 28.661647832096797 -2.265992941736714, 28.67126476210211 -2.2693286931801695, 28.680887524271206 -2.2726475828682027, 28.690516120411356 -2.2759495091823094, 28.70015055184963 -2.2792343701747364, 28.709790819520368 -2.2825020636378763, 28.719436923869083 -2.2857524870517736, 28.729088864890368 -2.2889855376241104, 28.73874664214364 -2.2922011123066954, 28.74841025466562 -2.2953991077606934, 28.758079701061895 -2.2985794204191503, 28.76775497943284 -2.301741946457311, 28.77743608737043 -2.3048865818084976, 28.787123022013507 -2.30801322219864, 28.796815779943046 -2.3111217631132805, 28.806514357255704 -2.3142120998443785, 28.816218749539473 -2.3172841274887634, 28.82592895181228 -2.3203377409421453, 28.83564495860856 -2.323372834941134, 28.84536676389331 -2.326389304046755, 28.85509436107464 -2.3293870426662244, 28.864827743049716 -2.332365945074793, 28.8745669021029 -2.3353259054054734, 28.884311829975847 -2.338266817681224, 28.894062517852927 -2.341188575821133, 28.90381895628871 -2.344091073645712, 28.913581135294173 -2.3469742049039044, 28.923349044272697 -2.34983786327598, 28.93312267199827 -2.3526819423905647, 28.94290200668453 -2.3555063358419437, 28.95268703589444 -2.3583109371989788, 28.962477746566325 -2.3610956400250873, 28.97227412505121 -2.3638603378892786, 28.98207615701786 -2.366604924384386, 28.991883827511757 -2.3693292931429824, 29.00169712095953 -2.3720333378478977, 29.011516021084848 -2.37471695225844, 29.021340510983304 -2.3773800302192467, 29.03117057310007 -2.3800224656749687, 29.04100618916435 -2.3826441527009914, 29.050847340266678 -2.3852449855056252, 29.060694006819105 -2.387824858451215, 29.070546168507878 -2.3903836660863296, 29.080403804366814 -2.392921303142857, 29.090266892728213 -2.395437664563829, 29.100135411188933 -2.397932645535708, 29.11000933667875 -2.4004061414814704, 29.11988864540812 -2.402858048094191, 29.129773312841298 -2.405288261371289, 29.139663313760913 -2.407696677603648, 29.14955862221766 -2.410083193412003, 29.159459211505403 -2.4124477057806084, 29.16936505422315 -2.414790112045207, 29.1792761222301 -2.417110309932397, 29.189192386616533 -2.419408197598232, 29.19911381776544 -2.4216836736119554, 29.209040385317184 -2.423936636993023, 29.21897205813179 -2.4261669872578504, 29.228908804350446 -2.4283746244002584, 29.238850591373023 -2.430559448922774, 29.248797385810104 -2.4327213618937575, 29.258749153541952 -2.4348602649263458, 29.268705859711584 -2.4369760602003248, 29.278667468669195 -2.4390686505288555, 29.288633944022592 -2.441137939341292, 29.298605248646766 -2.4431838306926292, 29.308581344629403 -2.4452062293333365, 29.31856219330223 -2.4472050407066472, 29.32854775526789 -2.4491801709428445, 29.338537990356787 -2.4511315269219045, 29.34853285763019 -2.453059016297248, 29.35853231542194 -2.4549625474761876, 29.36853632131521 -2.456842029664697, 29.378544832117363 -2.458697372917454, 29.38855780390823 -2.46052848811115, 29.398575192038706 -2.462335286967491, 29.40859695109074 -2.4641176821257282, 29.418623034913928 -2.465875587126298, 29.42865339664487 -2.4676089164089072, 29.43868798867726 -2.4693175853750278, 29.44872676266557 -2.4710015104127456, 29.45876966956216 -2.4726606088721947, 29.46881665961011 -2.4742947990986486, 29.478867682319493 -2.47590400049525, 29.488922686496533 -2.4774881335121655, 29.49898162027497 -2.4790471196204793, 29.509044431103984 -2.48058088135716, 29.51911106559548 -2.4820893426138264, 29.529181470008997 -2.4835724278550524, 29.12616613274757 -5.4273493804104245, 29.116331645142754 -5.42612319298428, 29.10649898962283 -5.424882401019115, 29.096668186022555 -5.423627020849337, 29.086839254176695 -5.422357068809351, 29.077012213920014 -5.421072561233558, 29.06718708507132 -5.419773514485043, 29.057363887288258 -5.418459945216912, 29.04754264013491 -5.417131870250675, 29.037723363133562 -5.415789306479813, 29.02790607567096 -5.414432271031301, 29.018090797102825 -5.4130607810853775, 29.00827754668805 -5.411674853984601, 28.998466343564882 -5.410274507273881, 28.98865720684659 -5.408859758538971, 28.97885015550583 -5.407430625593368, 28.969045208446996 -5.405987126361033, 28.95924238451872 -5.404529278853517, 28.949441702418696 -5.403057101319261, 28.93964318081455 -5.401570612053632, 28.929846838263003 -5.400069829520637, 28.920052693206316 -5.3985547723582865, 28.910260764057213 -5.39702545924831, 28.900471069074293 -5.395481909099559, 28.89068362645541 -5.393924140910403, 28.880898454328495 -5.392352173779082, 28.871115570669293 -5.390766027021246, 28.86133499342594 -5.389165719991694, 28.851556740418413 -5.387551272222725, 28.84178082935995 -5.385922703394544, 28.832007277926873 -5.384280033237133, 28.822236103630573 -5.382623281702174, 28.812467323931003 -5.380952468810547, 28.802700956200876 -5.379267614696692, 28.79293701766387 -5.377568739689269, 28.783175525516693 -5.375855864151678, 28.77341649681001 -5.374129008633341, 28.76365994849906 -5.372388193805243, 28.75390589749077 -5.370633440397454, 28.74415436052065 -5.368864769349579, 28.7344053542821 -5.3670822016525666, 28.724658895361266 -5.365285758425353, 28.714915000203302 -5.363475460955056, 28.70517368522416 -5.36165133056292, 28.695434966677276 -5.359813388758571, 28.685698860735517 -5.357961657144982, 28.67596538350699 -5.356096157398025, 28.6662345509272 -5.354216911387836, 28.65650637889717 -5.352323941023184, 28.6467808831886 -5.350417268354188, 28.637058079445687 -5.34849691557035, 28.627337983276792 -5.346562904899416, 28.61762061011394 -5.344615258756393, 28.60790597532511 -5.342653999624265, 28.598194094192163 -5.34067915007487, 28.588484981830494 -5.3386907328518, 28.5787786533252 -5.336688770729543, 28.56907512360975 -5.334673286634611, 28.559374407508585 -5.332644303602725, 28.549676519797483 -5.330601844717125, 28.539981475068092 -5.32854593324029, 28.530289287863894 -5.326476592481594, 28.520599972616836 -5.32439384585588, 28.510913543606108 -5.322297716922511, 28.501230015079546 -5.320188229269984, 28.49154940111301 -5.318065406644839, 28.481871715695718 -5.315929272873248, 28.47219697274766 -5.313779851843214, 28.46252518600652 -5.311617167605494, 28.452856369173436 -5.309441244243313, 28.443190535810825 -5.307252105960236, 28.433527699349288 -5.305049777074144, 28.42386787317953 -5.302834281936667, 28.41421107050575 -5.300605645056439, 28.40455730446873 -5.298363890995507, 28.39490658811261 -5.296109044395096, 28.38525893431162 -5.293841130035738, 28.37561435590827 -5.291560172723579, 28.365972865580353 -5.289266197395735, 28.356334475900645 -5.286959229072786, 28.346699199383732 -5.284639292820077, 28.33706704835413 -5.282306413849082, 28.327438035092175 -5.279960617405164, 28.317812171750333 -5.2776019288295, 28.30818947033371 -5.275230373573705, 28.298569942811326 -5.272845977115824, 28.288953600967215 -5.270448765068271, 28.279340456509708 -5.268038763098443, 28.269730521060588 -5.265615996934799, 28.260123806062012 -5.26318049243244, 28.25052032292242 -5.260732275470009, 28.24092008289161 -5.258271372034639, 28.231323097102663 -5.255797808193309, 28.221729376636137 -5.253311610047877, 28.212138932379407 -5.250812803828343, 28.20255177516981 -5.248301415797842, 28.19296791572346 -5.245777472297434, 28.183387364600954 -5.243240999768189, 28.17381013232786 -5.240692024673204, 28.164236229246583 -5.238130573589702, 28.154665665617173 -5.235556673146238, 28.145098451617642 -5.232970350020885, 28.135534597242547 -5.2303716310024475, 28.12597411245121 -5.227760542900828, 28.11641700704708 -5.225137112617006, 28.10686329071241 -5.222501367122833, 28.097312973078463 -5.219853333419059, 28.087766063582883 -5.217193038615977, 28.078222571611242 -5.2145205098532745, 28.06868250642937 -5.211835774336181, 28.0591458771462 -5.209138859355793, 28.049612692835368 -5.206429792222083, 28.040082962387693 -5.203708600341773, 28.030556694611438 -5.2009753111652595, 28.021033898232037 -5.1982299521853, 28.011514581792518 -5.195472550987943, 28.00199875380062 -5.1927031351770925, 27.992486422606937 -5.189921732434242, 27.98297759644366 -5.187128370499381, 27.97347228348981 -5.184323077137871, 27.963970491731956 -5.181505880206818, 27.954472229106937 -5.178676807586951, 27.944977503427943 -5.17583588721586, 27.93548632235648 -5.172983147100833, 27.92599869351728 -5.170118615265605, 27.916514624350885 -5.167242319815494, 27.907034122221532 -5.164354288889608, 27.89755719440448 -5.161454550665008, 27.88808384799842 -5.158543133394038, 27.878614090067927 -5.155620065343396, 27.869147927515368 -5.152685374846314, 27.859685367134496 -5.14973909028056, 27.850226415659623 -5.146781240047403, 27.840771079636085 -5.143811852622674, 27.831319365565278 -5.140830956499478, 27.821871279815987 -5.137838580220992, 27.812426828617326 -5.134834752383188, 27.802986018157853 -5.131819501596839, 27.793548854440274 -5.128792856540175, 27.784115343402473 -5.1257548459149405, 27.774685490881765 -5.1227054984577975, 27.765259302550607 -5.119644842962696, 27.755836784047897 -5.116572908234958, 27.746417940842967 -5.113489723136239, 27.737002778312732 -5.110395316558894, 27.72759130176309 -5.107289717417833, 27.718183516319165 -5.104172954685291, 27.70877942706878 -5.101045057345209, 27.699379038954604 -5.097906054425414, 27.689982356798243 -5.094755974990323, 27.680589385372638 -5.091594848118419, 27.671200129265962 -5.0884227029413305, 27.661814593015762 -5.085239568605212, 27.652432781042574 -5.082045474288152, 27.64305469762066 -5.078840449208197, 27.6336803469881 -5.075624522592888, 27.62430973320666 -5.072397723715382, 27.6149428602664 -5.0691600818673805, 27.60557973206874 -5.065911626362264, 27.596220352349697 -5.062652386553844, 27.586864724812273 -5.0593823918037995, 27.57751285300059 -5.056101671510411, 27.568164740362544 -5.052810255094131, 27.558820390282108 -5.049508171989262, 27.54947980596705 -5.046195451668252, 27.540142990586975 -5.0428721236117005, 27.530809947175328 -5.039538217327797, 27.521480678645172 -5.0361937623491135, 27.51215518786398 -5.032838788216896, 27.502833477521797 -5.029473324505901, 27.493515550258206 -5.02609740080038, 27.484201408601514 -5.02271104670408, 27.474891054938833 -5.019314291845503, 27.46558449162207 -5.015907165858967, 27.456281720834042 -5.0124896984061635, 27.446982744689187 -5.0090619191598105, 27.437687565215256 -5.00562385780552, 27.428396184282995 -5.002175544052181, 27.41910860373119 -4.9987170076132434, 27.40982482524443 -4.995248278222973, 27.400544850418765 -4.991769385627622, 27.39126868078514 -4.988280359581379, 27.381996317708108 -4.984781229858734, 27.3727277625171 -4.981272026238348, 27.363463016406456 -4.977752778513595, 27.35420208046183 -4.974223516489678, 27.344944955720802 -4.970684269976445, 27.335691643052165 -4.967135068799929, 27.32644214328111 -4.963575942790295, 27.31719645711859 -4.96000692178718, 27.307954585149123 -4.956428035640714, 27.298716527920202 -4.952839314203707, 27.28948228581547 -4.949240787340457, 27.28025185916197 -4.945632484919224, 27.27102524819354 -4.942014436813599, 27.261802453003305 -4.9383866729052555, 27.252583473652912 -4.934749223077421, 27.243368310050602 -4.9311021172201785, 27.234156962032618 -4.927445385226837, 27.22494942936148 -4.923779056993069, 27.215745711649014 -4.920103162419379, 27.20654580847622 -4.916417731407113, 27.19734971928493 -4.9127227938603415, 27.188157443428892 -4.909018379684859, 27.178968980204836 -4.905304518786883, 27.169784328753604 -4.901581241073734, 27.160603488181735 -4.897848576452883, 27.151426457472827 -4.89410655483116, 27.14225323550732 -4.89035520611485, 27.133083821121588 -4.886594560209498, 27.12391821299588 -4.882824647017892, 27.11475640976922 -4.879045496442048, 27.10559840997476 -4.875257138380811, 27.09644421202929 -4.871459602729553, 27.087293814314375 -4.8676529193822295, 27.07814721506002 -4.863837118226414, 27.06900441244541 -4.860012229147513, 27.05986540456061 -4.856178282026096, 27.05073018936875 -4.85233530673584, 27.041598764802767 -4.848483333148538, 27.032471128652258 -4.844622391126456, 27.023347278644852 -4.840752510527744, 27.01422721243473 -4.836873721204786, 27.005110927541452 -4.83298605299941, 26.99599842145619 -4.829089535751049, 26.986889691537424 -4.825184199287127, 26.97778473507014 -4.821270073428421, 26.96868354927971 -4.817347187989608, 26.959586131252294 -4.81341557277111, 26.950492478044666 -4.809475257570229, 26.94140258659313 -4.805526272170499, 26.93231645374933 -4.801568646345768, 26.9232340763169 -4.797602409863851, 26.91415545095872 -4.7936275924748095, 26.905080574305128 -4.789644223924523, 26.896009442878732 -4.785652333944011, 26.886942053107536 -4.78165195225124, 26.877878401380563 -4.777643108558373, 26.868818483947475 -4.773625832556715, 26.859762297020488 -4.769600153931918, 26.850709836716824 -4.765566102354303, 26.841661099050697 -4.761523707477563, 26.83261608000377 -4.757472998949822, 26.82357477542248 -4.753414006395787, 26.814537181109465 -4.749346759432572, 26.805503292784813 -4.745271287662038, 26.79647310605878 -4.741187620665766, 26.787446616513314 -4.737095788019868, 26.77842381960122 -4.73299581927512, 26.769404710724537 -4.728887743972318, 26.76038928521424 -4.7247715916375, 26.7513775382865 -4.72064739177285, 26.7423694651315 -4.716515173874982, 26.733365060817718 -4.7123749674138296, 26.72436432035574 -4.708226801846628, 26.7153672386955 -4.704070706616641, 26.706373810668868 -4.699906711139902, 26.69738403108245 -4.695734844826498, 26.688397894629457 -4.691555137059078, 26.679415395938342 -4.68736761720461, 26.67043652958602 -4.68317231461704, 26.661461290029724 -4.67896925862, 26.65248967170097 -4.674758478530523, 26.64352166892649 -4.670540003637931, 26.634557275962003 -4.666313863212759, 26.62559648701945 -4.6620800865135, 26.61663929619097 -4.657838702765635, 26.607685697541626 -4.653589741187115, 26.598735685040335 -4.649333230968328, 26.58978925257944 -4.645069201277702, 26.58084639401398 -4.640797681272583, 26.57190710308047 -4.6365187000750385, 26.562971373486203 -4.632232286798377, 26.554039198850777 -4.627938470528855, 26.545110572712602 -4.623637280327653, 26.536185488577868 -4.619328745245694, 26.527263939836743 -4.6150128942968305, 26.51834591984752 -4.610689756484687, 26.509431421888884 -4.606359360786596, 26.500520439154606 -4.602021736151827, 26.491612964810162 -4.597676911520053, 26.482708991908517 -4.593324915792561, 26.473808513467706 -4.588965777858711, 26.464911522433834 -4.584599526582556, 26.456018011665222 -4.580226190797272, 26.44712797399486 -4.57584579932691, 26.43824140214732 -4.571458380956251, 26.42935828880925 -4.56706396445632, 26.420478626602353 -4.562662578573929, 26.411602408058577 -4.558254252022436, 26.40272962568662 -4.553839013506369, 26.393860271891405 -4.549416891690487, 26.38499433903695 -4.544987915223869, 26.37613181942866 -4.540552112732553, 26.36727270528102 -4.536109512806798, 26.358416988786747 -4.531660144028173, 26.34956466203953 -4.5272040349382845, 26.34071571708945 -4.522741214061139, 26.331870145933696 -4.5182717098988725, 26.32302794047801 -4.51379555091582, 26.314189092607386 -4.509312765567605, 26.305353594112567 -4.5048233822699535, 26.296521436738345 -4.500327429419108, 26.287692612181623 -4.495824935390608, 26.27886711204796 -4.491315928520484, 26.270044927922754 -4.486800437135938, 26.261226051301954 -4.482278489524556, 26.25241047363347 -4.477750113952649, 26.24359818632182 -4.473215338666888, 26.234789180680828 -4.468674191872902, 26.225983448004467 -4.464126701767261, 26.217180979501883 -4.459572896507384, 26.208381766332533 -4.455012804227763, 26.1995857996163 -4.450446453044271, 26.190793070383467 -4.445873871030635, 26.1820035696446 -4.44129508625124, 26.173217288329802 -4.436710126731794, 26.164434217318302 -4.432119020473552, 26.15565434745303 -4.427521795460176, 26.14687766948856 -4.422918479632531, 26.138104174159864 -4.418309100921811, 26.12933385212594 -4.413693687220322, 26.120566693994398 -4.4090722663940625, 26.111802690338656 -4.404444866293579, 26.10304183164358 -4.399811514729571, 26.094284108374584 -4.395172239502495, 26.085529510930893 -4.3905270683632045, 26.076778029664283 -4.385876029027004, 26.068029654885372 -4.381219149211978, 26.059284376791457 -4.376556456646278, 26.050542185561312 -4.371887979045698, 26.041803071393733 -4.367213743921356, 26.033067024502436 -4.36253377863032, 26.024334034938114 -4.35784811076639, 26.01560409226571 -4.353156768638196, 26.006877186035513 -4.348459780534685, 25.998153306956016 -4.343757172403545, 25.989432446643967 -4.339048968356245, 25.98071459489196 -4.334335195872408, 25.971999735770403 -4.329615893010085, 25.963287853283052 -4.324891097905546, 25.954578948220206 -4.320160816933384, 25.945873035010692 -4.3154250306654305, 25.937170228900325 -4.310683535964673, 25.92847096564259 -4.305935545752058, 25.919775725984127 -4.301180191284749, 25.911084675243753 -4.296417183714028, 25.902397717277992 -4.291646714872972, 25.893714772656782 -4.286868945720106, 25.885035842109303 -4.282083889364238, 25.876360941665972 -4.277291530676192, 25.867690070380238 -4.272491885572317, 25.8590232130443 -4.267684996048416, 25.85036035572912 -4.2628709016597295, 25.841701490168486 -4.258049631270532, 25.833046609183363 -4.2532212116770145, 25.82439570429759 -4.248385671857871, 25.81574876594107 -4.243543042632337, 25.807105784603017 -4.238693354625882, 25.798466751080145 -4.2338366376379595, 25.789831656222212 -4.22897292130517, 25.781200490708482 -4.224102235376149, 25.772573245075204 -4.219224609693459, 25.76394990983121 -4.21434007406659, 25.755330475410656 -4.209448658188202, 25.74671493222731 -4.204550391725045, 25.738103270607137 -4.199645304306545, 25.7294954808036 -4.194733425531308, 25.720891553036683 -4.189814784976343, 25.712291477427026 -4.184889412153068, 25.703695244070584 -4.179957336556902, 25.69510284298273 -4.175018587634878, 25.686514264113946 -4.170073194795054, 25.677929497380827 -4.1651211874243605, 25.669348532601646 -4.160162594848288, 25.660771359570667 -4.155197446377314, 25.652197968003087 -4.150225771272358, 25.64362834755256 -4.145247598755797, 25.635062487838624 -4.140262958028374, 25.626500378385416 -4.135271878230349, 25.617942008694165 -4.130274388487428, 25.60938736818781 -4.12527051787522, 25.600836446231092 -4.120260295432104, 25.59228923215409 -4.1152437501741, 25.583745715194663 -4.1102209110577, 25.575205884568856 -4.105191807025289, 25.56666972941496 -4.100156466968616, 25.558137238816567 -4.095114919743839, 25.549608401821832 -4.090067194183865, 25.541083207389956 -4.085013319063247, 25.532561644459424 -4.079953323142906, 25.524043701891223 -4.074887235132554, 25.51552936849542 -4.069815083708239, 25.507018633045515 -4.064736897521673, 25.49851148422948 -4.059652705167666, 25.49000791071555 -4.054562535227844, 25.48150790109465 -4.04946641623207, 25.473011443910654 -4.044364376678705, 25.464518527669444 -4.039256445040509, 25.45602914079504 -4.034142649735111, 25.44754327169249 -4.029023019167324, 25.439060908689626 -4.023897581689695, 25.43058204007126 -4.018766365625648, 25.42210665408247 -4.013629399271563, 25.413634738890337 -4.0084867108707645, 25.40516628264358 -4.00333832865404, 25.39670127341369 -3.9981842807995376, 25.388239699233278 -3.9930245954588535, 25.37978154809321 -3.9878593007548226, 25.371326807910624 -3.9826884247594836, 25.36287546658452 -3.9775119955324096, 25.354427511936844 -3.972330041080418, 25.345982931754705 -3.967142589386463, 25.33754171378103 -3.961949668403106, 25.329103845689378 -3.9567513060351605, 25.320669315135007 -3.951547530174831, 25.312238109696537 -3.946338368661457, 25.30381021692182 -3.9411238493131613, 25.295385624311965 -3.935903999915787, 25.286964319303465 -3.9306788482105897, 25.27854628931394 -3.9254484219257786, 25.270131521684984 -3.920212748737108, 25.261720003731302 -3.914971856301764, 25.25331172271803 -3.909725772242725, 25.244906665850817 -3.904474524141928, 25.236504820315243 -3.89921813956748, 25.22810617322197 -3.893956646035883, 25.219710711658333 -3.8886900710475634, 25.21131842265915 -3.883418442066847, 25.202929293205177 -3.8781417865208763, 25.194543310255295 -3.87286013182179, 25.186160460695152 -3.867573505331566, 25.17778073139018 -3.862281934398288, 25.16940410915033 -3.856985446332184, 25.1610305807372 -3.851684068410428, 25.15266013288794 -3.8463778278935847, 25.14429275226903 -3.841066751994179, 25.135928425529066 -3.8357508679126076, 25.127567139258442 -3.8304302028099073, 25.11920888000502 -3.82510478381837, 25.11085363428901 -3.8197746380516984, 25.102501388563244 -3.8144397925783475, 25.094152129264366 -3.8091002744559117, 25.085805842768266 -3.803756110701527, 25.077462515414254 -3.798407328307931, 25.069122133510103 -3.7930539542469863, 25.060784683300426 -3.7876960154487183, 25.05245015101439 -3.782333538832945, 25.044118522818643 -3.7769665512781803, 25.03578978484905 -3.7715950796426414, 25.02746392320547 -3.766219150761482, 25.019140923929303 -3.760838791432444, 25.010820773046195 -3.755454028443185, 25.00250345651793 -3.7500648885403365, 24.994188960280866 -3.744671398454233, 24.98587727023076 -3.739273584889569, 24.977568372210794 -3.7338714745178527, 24.969262252047002 -3.7284650939998816, 24.960958895501335 -3.7230544699565096, 24.952658288314964 -3.717639628995692, 24.944360416183706 -3.712220597697551, 24.936065264757165 -3.7067974026138844, 24.927772819665066 -3.7013700702844856, 24.919483066474243 -3.6959386272112464, 24.91119599073442 -3.6905030998857926, 24.90291157794537 -3.6850635147701842, 24.894629813567445 -3.679619898303176, 24.886350683037097 -3.6741722769096445, 24.878074171730734 -3.6687206769796687, 24.86980026500989 -3.66326512489477, 24.861528948182112 -3.6578056470058753, 24.85326020652252 -3.6523422696455117, 24.844994025277174 -3.64687501913012, 24.836730389636465 -3.64140392174533, 24.82846928477655 -3.635929003769006, 24.820210695816666 -3.630450291448302, 24.81195460785018 -3.624967811016433, 24.80370100593557 -3.619481588688309, 24.795449875081413 -3.6139916506526557, 24.78720120028093 -3.608498023090331, 24.778954966468874 -3.6030007321525375, 24.77071115855986 -3.597499803980275, 24.7624697614277 -3.5919952646940807, 24.754230759903404 -3.586487140393019, 24.74599413879944 -3.580975457167426, 24.737759882870186 -3.575460241080568, 24.729527976854097 -3.569941518188302, 24.721298405442827 -3.5644193145250918, 24.713071153292635 -3.558893656109196, 24.70484620503622 -3.553364568948552, 24.69662354525155 -3.5478320790271245, 24.68840315850281 -3.542296212322945, 24.68018502930262 -3.5367569947924555, 24.67196914213582 -3.531214452380467, 24.66375548145725 -3.5256686110198445, 24.655544031672306 -3.520119496623749, 24.647334777172283 -3.5145671350999357, 24.63912770229391 -3.50901155233556, 24.630922791352997 -3.503452774209917, 24.622720028628247 -3.4978908265891064, 24.61451939835594 -3.4923257353241404, 24.60632088475532 -3.486757526260313, 24.59812447199068 -3.4811862252246204, 24.589930144210495 -3.475611858038865, 24.5817378855192 -3.4700344505112066, 24.57354767998703 -3.4644540284392087, 24.56535951166158 -3.4588706176139468, 24.557173364538386 -3.4532842438116176, 24.548989222599538 -3.447694932804722, 24.54080706977747 -3.4421027103527964, 24.5326268899787 -3.4365076022086285, 24.524448667079717 -3.4309096341179317, 24.516272384910717 -3.4253088318155194, 24.50809802728766 -3.4197052210331096, 24.499925577973663 -3.4140988274912867, 24.491755020713182 -3.408489676906755, 24.483586339212525 -3.402877794989119, 24.475419517139827 -3.3972632074408873, 24.46725453814461 -3.391645939961728, 24.459091385823843 -3.386026018243443, 24.45093004376032 -3.380403467975798, 24.442770495491207 -3.3747783148426986, 24.43461272452459 -3.3691505845243146, 24.426456714342553 -3.3635203026982476, 24.41830244837947 -3.3578874950374207, 24.41014991005629 -3.3522521872136686, 24.40199908274324 -3.3466144048952864, 24.393849949789956 -3.340974173749174, 24.385702494511097 -3.3353315194408566, 24.37755670018148 -3.3296864676343, 24.36941255005898 -3.324039043993252, 24.361270027349715 -3.318389274180969, 24.353129115245082 -3.312737183860675, 24.3449897968929 -3.3070827986965656, 24.336852055410816 -3.3014261443535013, 24.328715873891895 -3.2957672464976357, 24.32058123538162 -3.290106130797645, 24.312448122912183 -3.2844428229231784, 24.30431651946601 -3.278777348548123, 24.296186408004722 -3.273109733348192, 24.288057771455584 -3.2674400030031396, 24.279930592706517 -3.261768183197349, 24.271804854628336 -3.256094299617715, 24.26368054004085 -3.2504183779588343, 24.25555763174932 -3.244740443917622, 24.247436112515196 -3.239060523199056, 24.23931596507103 -3.2333786415134487, 24.231197172123682 -3.2276948245767074, 24.223079716333835 -3.2220090981148157, 24.214963580348464 -3.216321487857068, 24.206848746764507 -3.210632019545414, 24.198735198159717 -3.204940718926723, 24.190622917075334 -3.1992476117583433, 24.1825118860159 -3.193552723808136, 24.174402087466856 -3.18785608085007, 24.16629350386373 -3.1821577086741613, 24.158186117628258 -3.176457633075054, 24.150079911136014 -3.170755879863875, 24.141974866737222 -3.165052474860854, 24.133870966752553 -3.159347443897812, 24.1257681934598 -3.1536408128234092, 24.11766652912147 -3.1479326074927374, 24.109565955949375 -3.142222853782643, 24.10146645613898 -3.1365115775770693, 24.093368011844607 -3.130798804779114, 24.08527060518903 -3.125084561306547, 24.077174218271175 -3.1193688730890807, 24.069078833142825 -3.1136517660800638, 24.06098443184188 -3.1079332662401105, 24.052890996356847 -3.102213399556437, 24.044798508656132 -3.096492192027143, 24.036706950671853 -3.0907696696712055, 24.028616304299348 -3.085045858528763, 24.02052655141412 -3.0793207846520514, 24.01243767384205 -3.073594474123719, 24.004349653394932 -3.0678669530352645, 23.99626247183737 -3.0621382475088184, 23.98817611090997 -3.056408383682158, 23.98009055232105 -3.0506773877153255, 23.97200577773796 -3.0449452857966417, 23.96392176881068 -3.0392121041269635, 23.955838507138356 -3.0334778689440562, 23.947755974304933 -3.0277426064968815, 23.939674151849555 -3.0220063430685236, 23.93159302128399 -3.0162691049629315, 23.923512564090846 -3.0105309185074534, 23.915432761708974 -3.004791810064531, 23.907353595561162 -2.999051806009997, 23.899275047019014 -2.9933109327626366, 23.891197097437622 -2.987569216755275, 23.88311972812885 -2.981826684458714, 23.875042920374543 -2.9760833623701446, 23.86696665542927 -2.970339277011777, 23.858890914502066 -2.964594454947572, 23.850815678786315 -2.9588489227562884, 23.842740929424117 -2.953102707065723, 23.834666647539922 -2.9473558345206765, 23.826592814215882 -2.9416083318080406, 23.818519410502606 -2.9358602256460933, 23.810446417424114 -2.930111542780584, 23.802373815957953 -2.924362310005323, 23.794301587065945 -2.918612554130809, 23.786229711658418 -2.91286230202282, 23.778158170627485 -2.9071115805667906, 23.77008694482285 -2.9013604166953457, 23.762016015062265 -2.89560883737667, 23.753945362136463 -2.88985686961004, 23.74587496678954 -2.8841045404484897, 23.73780480974942 -2.8783518769641105, 23.72973487169222 -2.872598906290735, 23.721665133275913 -2.866845655583916, 23.713595575114375 -2.861092152053616, 23.705526177789913 -2.8553384229487473, 23.697456921856492 -2.849584495554212, 23.689387787822522 -2.8438303972127326, 23.681318756179362 -2.8380761552892646, 23.673249807365934 -2.8323217972175097, 23.665180921803675 -2.826567350454248, 23.657112079868273 -2.8208128425180985, 23.649043261906165 -2.8150583009672685, 23.640974448232313 -2.8093037534036953, 23.632905619117643 -2.803549227490679, 23.624836754814137 -2.7977947509184826, 23.61676783552116 -2.7920403514527408, 23.608698841421408 -2.7862860568832284, 23.600629752648935 -2.7805318950713573, 23.59256054931153 -2.774777893917259, 23.58449121148137 -2.7690240813750107, 23.576421719189817 -2.763270485460539, 23.568352052446095 -2.7575171342240195, 23.56028219120779 -2.7517640557960314, 23.552212115416037 -2.7460112783330444, 23.54414180496033 -2.740258830073989, 23.536071239707674 -2.73450673929382, 23.52800039948401 -2.728755034334799, 23.519929264079256 -2.723003743598198, 23.51185781325625 -2.717252895530778, 23.503786026728992 -2.7115025186613826, 23.495713884193737 -2.705752641549218, 23.487641365292994 -2.7000032928460267, 23.479568449650397 -2.6942545012363848, 23.47149511684251 -2.6885062954879104, 23.463421346416283 -2.682758704420668, 23.45534711788411 -2.6770117569170195, 23.447272410714525 -2.6712654819385353, 23.439197204354034 -2.6655199084874033, 23.431121478196278 -2.659775065663791, 23.42304521161762 -2.6540309826002173, 23.414968383942533 -2.648287688527855, 23.40689097447266 -2.6425452127214757, 23.39881296246678 -2.636803584538893, 23.39073432714817 -2.6310628334068706, 23.382655047710404 -2.6253229888110474, 23.37457510329924 -2.6195840803320944, 23.36649447304065 -2.613846137590655, 23.358413136006305 -2.6081091903176263, 23.350331071249496 -2.6023732682816316, 23.342248257772695 -2.596638401356764, 23.33416467455216 -2.5909046194717575, 23.32608030052402 -2.585171952640497, 23.31799511458577 -2.5794404309589867, 23.309909095607157 -2.5737100845834533, 23.301822222408074 -2.5679809437782866, 23.293734473789062 -2.5622530388506672, 23.285645828496055 -2.5565264002289485, 23.277556265255665 -2.550801058384676, 23.26946576274423 -2.5450770439034516, 23.261374299610683 -2.5393543874330904, 23.253281854464177 -2.5336331197137327, 23.245188405874682 -2.527913271576287, 23.237093932384006 -2.5221948739183673, 23.22899841248426 -2.5164779577553387, 23.220901824647438 -2.5107625541509138, 23.212804147291 -2.505048694300914, 23.20470535881304 -2.4993364094483956, 23.196605437560343 -2.4936257309632683, 23.188504361853518 -2.487916690280301, 23.180402109971325 -2.4822093189402534, 23.1722986601557 -2.476503648577022, 23.164193990617036 -2.470799710905238, 23.15608807951742 -2.465097537763188, 23.147980904997052 -2.4593971610469727, 23.13987244514346 -2.4536986127929414, 23.131762678025282 -2.4480019250881, 23.123651581657946 -2.4423071301628267, 23.11553913403377 -2.436614260310003, 23.1074253130989 -2.4309233479499075, 23.099310096767567 -2.4252344255908205, 23.091193462917733 -2.4195475258431904, 23.083075389385332 -2.413862681435915, 23.07495585397965 -2.4081799251745255, 23.066834834459716 -2.402499290009249, 23.058712308564147 -2.3968208089500544, 23.05058825397781 -2.39114451516518, 23.042462648365696 -2.38547044188201, 23.034335469341716 -2.3797986224815837, 23.02620669449474 -2.3741290904207073, 23.018076301369906 -2.3684618792908805, 23.009944267478822 -2.3627970227868635, 23.00181057029858 -2.357134554712286, 22.99367518726384 -2.3514745090044538, 22.98553809578316 -2.3458169196846748, 22.977399273215667 -2.340161820933682, 22.969258696899853 -2.334509246999782, 22.961116344121795 -2.328859232304572, 22.952972192147694 -2.323211811335726, 22.9448262181933 -2.3175670187515593, 22.936678399450575 -2.3119248892909923, 22.928528713067056 -2.3062854578470016, 22.92037713615968 -2.300648759418632, 22.912223645808737 -2.2950148291348795, 22.904068219056246 -2.2893837022607126, 22.89591083291542 -2.283755414165703, 22.887751464354423 -2.2781300003834164, 22.87959009031876 -2.2725074965315377, 22.871426687704556 -2.2668879384121725, 22.863261233388354 -2.261271361901499, 22.855093704196683 -2.255657803067603, 22.846924076935693 -2.2500472980570714, 22.83875232836346 -2.2444398832030945, 22.830578435213557 -2.2388355949349705, 22.82240237417889 -2.233234469848543, 22.814224121923072 -2.227636544659773, 22.806043655074774 -2.2220418562295845, 22.797860950226557 -2.2164504415686874, 22.789675983942683 -2.2108623378087473, 22.78148873274605 -2.205277582258283, 22.773299173136607 -2.1996962123264847, 22.76510728156918 -2.19411826562121, 22.756913034479023 -2.188543779838174, 22.74871640825488 -2.1829727928842435, 22.74051737926681 -2.1774053427521944, 22.732315923839614 -2.171841467646726, 22.724112018277832 -2.1662812058680525, 22.715905638844173 -2.1607245959185972, 22.707696761777825 -2.155171676414842, 22.69948536328089 -2.1496224861586994, 22.69127141952784 -2.1440770640900704, 22.683054906661244 -2.1385354493138182, 22.674835800791957 -2.132997681098855, 22.666614078003924 -2.1274637988579586, 22.65838971434574 -2.1219338421932625, 22.650162685843465 -2.1164078508317563, 22.641932968485072 -2.110885864711915, 22.633700538239328 -2.105367923882431, 22.625465371035425 -2.099854068620179, 22.617227442785417 -2.094344339303981, 22.608986729361774 -2.088838776550353, 22.600743206620447 -2.083337421077367, 22.59249685037917 -2.0778403138422705, 22.584247636438555 -2.072347495911359, 22.575995540563518 -2.066859008584315, 22.56774053850049 -2.0613748932835336, 22.559482605963407 -2.0558951916539945, 22.551221718645845 -2.0504199454812095, 22.54295785221241 -2.0449491967592697, 22.534690982305438 -2.039482987642992, 22.5264210845418 -2.034021360480201, 22.51814813451445 -2.028564357800493, 22.509872107794152 -2.0231120223107077, 22.501592979926443 -2.017664396920095, 22.49331072643763 -2.012221524700358, 22.485025322827923 -2.0067834489449234, 22.476736744580855 -2.0013502130966723, 22.468444967153534 -1.9959218608373224, 22.460149965988492 -1.9904984359875277, 22.451851716502105 -1.9850799826211603, 22.443550194097817 -1.979666544943481, 22.43524537415353 -1.9742581674244224, 22.42693723203542 -1.9688548946610902, 22.418625743084974 -1.9634567715238798, 22.410310882633066 -1.9580638430089874, 22.40199262598847 -1.9526761543893034, 22.393670948450044 -1.9472937510655015, 22.385345825295794 -1.9419166787178412, 22.377017231794213 -1.9365449831593504, 22.368685143195215 -1.9311787104819667, 22.36034953473974 -1.9258179069170724, 22.352010381652317 -1.920462618972996, 22.34366765914901 -1.9151128933055674, 22.335321342431772 -1.9097687768444351, 22.32697140669475 -1.9044303166755248, 22.31861782712024 -1.899097560155015, 22.310260578883504 -1.8937705548044712, 22.301899637150193 -1.8884493484119826, 22.293534977079887 -1.883133988940081, 22.285166573824718 -1.8778245246142904, 22.276794402531873 -1.8725210038433446, 22.26841843834328 -1.867223475295829, 22.26003865639717 -1.8619319878317508, 22.251655031828665 -1.8566465905684402, 22.243267539770663 -1.8513673328221918, 22.234876155355014 -1.8460942641648508, 22.226480853712914 -1.8408274343740028, 22.218081609976707 -1.8355668934817473, 22.209678399279802 -1.8303126917317394, 22.201271196758878 -1.8250648796221225, 22.192859977553503 -1.8198235078675515, 22.18444471680867 -1.8145886274379956, 22.17602538967426 -1.8093602895238496, 22.167601971307835 -1.8041385455726375, 22.159174436873837 -1.7989234472552127, 22.150742761546745 -1.7937150465023846, 22.14230692050997 -1.7885133954701862, 22.13386688895945 -1.7833185465784156, 22.125422642102116 -1.7781305524729165, 22.116974155160122 -1.7729494660681029, 22.108521403368606 -1.767775340504195, 22.10006436198083 -1.7626082291957972, 22.091603006265093 -1.7574481857820927, 22.083137311510818 -1.7522952641833776, 22.07466725302446 -1.7471495185422823, 22.066192806136943 -1.7420110032901943, 22.057713946198085 -1.7368797730776917, 22.049230648585784 -1.7317558828525337, 22.04074288869857 -1.7266393877777495, 22.03225064196698 -1.7215303433225708, 22.023753883843902 -1.716428805166955, 22.01525258981836 -1.711334829306492, 22.006746735403375 -1.706248471942625, 21.998236296152466 -1.7011697896019795, 21.989721247644752 -1.6960988390122196, 21.9812015655045 -1.6910356772352741, 21.972677225383176 -1.685980361529782, 21.964148202982145 -1.6809329494968985, 21.95561447403172 -1.6758934989313674, 21.947076014316853 -1.6708620679769195, 21.938532799653583 -1.6658387149697527, 21.929984805916995 -1.660823498599033, 21.92143200901592 -1.6558164777482718, 21.912874384922315 -1.650817711654159, 21.90431190964537 -1.6458272597534016, 21.895744559260685 -1.6408451818321388, 21.88717230988556 -1.6358715378862672, 21.87859513770619 -1.630906388253025, 21.870013018956058 -1.6259497934932134, 21.861425929939106 -1.6210018144968121, 21.85283384701339 -1.6160625123949226, 21.84423674660793 -1.611131948631935, 21.835634605213908 -1.606210184914135, 21.827027399393 -1.601297283242395, 21.818415105778293 -1.5963933059023516, 21.809797701072124 -1.5914983154536664, 21.801175162058318 -1.586612374764528, 21.79254746558824 -1.5817355469565701, 21.783914588605256 -1.576867895482576, 21.77527650811876 -1.572009484030163, 21.766633201240364 -1.5671603766371978, 21.757984645147214 -1.5623206375624612, 21.74933081712748 -1.5574903314276656, 21.740671694536644 -1.5526695230695173, 21.73200725484745 -1.5478582776904177, 21.723337475605184 -1.5430566607126381, 21.71466233447493 -1.5382647379154197, 21.705981809203596 -1.5334825753136465, 21.69729587765681 -1.5287102392601608, 21.688604517794968 -1.5239477963678392, 21.679907707692994 -1.5191953135614258, 21.671205425536392 -1.5144528580551286, 21.662497649619166 -1.5097204973453269, 21.653784358362984 -1.5049982992483883, 21.64506553029175 -1.5002863318345114, 21.636341144073665 -1.4955846635199939, 21.62761117847505 -1.490893362953315, 21.618875612419608 -1.4862124991451264, 21.610134424930433 -1.4815421413299703, 21.601387595194584 -1.4768823591040583, 21.592635102507742 -1.4722332222965187, 21.58387692632799 -1.467594801080304, 21.575113046239 -1.4629671658854293, 21.566343441978987 -1.45835038745544, 21.557568093434078 -1.4537445368236395, 21.548786980633526 -1.4491496853015238, 21.54000008377866 -1.4445659045235244, 21.531207383203387 -1.4399932663702932, 21.522408859434577 -1.4354318430702135, 21.51360449312753 -1.4308817070791044, 21.504794265142323 -1.4263429312069371, 21.495978156475473 -1.4218155884936816, 21.487156148326676 -1.4172997523168225, 21.478328222053072 -1.4127954963069775, 21.469494359202702 -1.4083028943989273, 21.460654541510312 -1.4038220208146517, 21.451808750884567 -1.3993529500414195, 21.442956969451277 -1.3948957568865812, 21.434099179496734 -1.3904505163910417, 21.42523536354661 -1.386017303934422, 21.416365504287196 -1.3815961951186264, 21.407489584649092 -1.3771872658772009, 21.39860758774282 -1.3727905923804706, 21.38971949691025 -1.368406251099801, 21.380825295706977 -1.364034318774987, 21.371924967897904 -1.3596748724062921, 21.363018497498935 -1.355327989295383, 21.354105868716807 -1.3509937469699973, 21.345187066035862 -1.3466722232773267, 21.336262074131255 -1.3423634962787392, 21.327330877958754 -1.3380676443441684, 21.31839346268998 -1.3337847460744692, 21.309449813756693 -1.3295148803459782, 21.30049991684902 -1.325258126296455, 21.29154375789009 -1.3210145632966899, 21.282581323102434 -1.3167842710061985, 21.273612598925503 -1.3125673292898927, 21.264637572117355 -1.3083638183067166, 21.255656229666414 -1.3041738184214635, 21.246668558866716 -1.2999974102675476, 21.237674547284655 -1.29583467470831, 21.228674182760223 -1.291685692835303, 21.21966745345531 -1.2875505459978178, 21.210654347779332 -1.2834293157397252, 21.201634854493854 -1.2793220838725152, 21.192608962614216 -1.2752289323943118, 21.183576661498684 -1.2711499435503435, 21.17453794080233 -1.2670851997903616, 21.165492790487335 -1.2630347837727967, 21.156441200868258 -1.2589987783845176, 21.14738316253572 -1.2549772666876493, 21.138318666466354 -1.2509703319801022, 21.12924770391989 -1.2469780577261043, 21.120170266529016 -1.2430005276038425, 21.111086346259032 -1.2390378254725882, 21.101995935406283 -1.2350900353687346, 21.092899026659467 -1.2311572415273901, 21.0837956130085 -1.2272395283318613, 21.07468568786276 -1.2233369803631515, 21.06556924495157 -1.2194496823453562, 21.056446278397175 -1.2155777191738188, 21.047316782703085 -1.2117211758993687, 21.038180752717892 -1.2078801377101354, 21.02903818372911 -1.2040546899576163, 21.01988907135267 -1.2002449181099912, 21.010733411648864 -1.1964509077862886, 21.001571201048833 -1.1926727447211163, 20.99240243638275 -1.1889105147699506, 20.98322711492101 -1.1851643039137705, 20.974045234288194 -1.1814341982314824, 20.964856792585703 -1.1777202839268914, 20.955661788286758 -1.1740226472819988, 20.946460220318578 -1.170341374664245, 20.937252088047273 -1.16667655252366, 20.928037391232074 -1.163028267380632, 20.918816130133454 -1.1593966058308074, 20.909588305393566 -1.1557816545205928, 20.900353918148042 -1.1521835001554734, 20.891112969972117 -1.1486022294822815, 20.881865462875368 -1.1450379292845703, 20.87261139938213 -1.1414906863768384, 20.863350782417882 -1.137960587591488, 20.854083615436846 -1.134447719775765, 20.844809902338127 -1.130952169778744, 20.835529647492933 -1.1274740244468278, 20.826242855799183 -1.1240133706101734, 20.81694953257895 -1.1205702950799954, 20.80764968371165 -1.1171448846323493, 20.798343315531888 -1.1137372260042, 20.78903043487894 -1.1103474058838916, 20.77971104913207 -1.1069755108935293, 20.77038516611756 -1.1036216275950983, 20.76105279424254 -1.1002858424621398, 20.75171394238455 -1.0969682418819273, 20.742368619953044 -1.093668912139956, 20.733016836902085 -1.0903879394336224, 20.723658603649938 -1.0871254098644911, 20.714293931227278 -1.0838814093568536, 20.70492283115272 -1.0806560236979421, 20.695545315496286 -1.0774493385204034, 20.686161396901454 -1.0742614392802021, 20.676771088496768 -1.0710924112774227, 20.6673744040313 -1.0679423395999241, 20.65797135775804 -1.0648113091514764, 20.648561964495748 -1.0616994046224535, 20.63914623965661 -1.058606710463315, 20.629724199151497 -1.0555333109158376, 20.620295859526678 -1.0524792899425899, 20.61086123785176 -1.04944473126331, 20.601420351769644 -1.0464297183247644, 20.591973219537635 -1.0434343342643362, 20.582519859922247 -1.0404586619546823, 20.573060292335978 -1.0375027839188056, 20.563594536734552 -1.0345667823734537, 20.554122613647817 -1.03165073920379, 20.544644544243667 -1.0287547358986258, 20.53516035020235 -1.025878853640431, 20.525670053836762 -1.0230231732493178, 20.516173678032708 -1.0201877751402573, 20.506671246255877 -1.0173727393028376, 20.49716278262569 -1.0145781452560285, 20.487648311786636 -1.0118040721313852, 20.478127859029403 -1.0090505985720182, 20.468601450231965 -1.0063178027584776, 20.4590691118318 -1.0036057624227976, 20.44953087093186 -1.0009145547438956, 20.439986755167688 -0.9982442564448566, 20.430436792809104 -0.9955949436942984, 20.420881012733947 -0.9929666921087639, 20.411319444366693 -0.9903595767996264, 20.40175211780148 -0.9877736722397217, 20.39217906367376 -0.9852090523695838, 20.38260031323321 -0.9826657905149763, 20.373015898354133 -0.9801439593552224, 20.36342585144447 -0.9776436310049417, 20.353830205575925 -0.9751648768542432, 20.3442289943589 -0.972707767725409, 20.334622251977894 -0.9702723738252722, 20.325010013271203 -0.9678587645423168, 20.315392313606257 -0.9654670086081865, 20.30576918899111 -0.9630971739738902, 20.29614067599486 -0.9607493278779202, 20.286506811742836 -0.9584235368409376, 20.276867633996574 -0.9561198665383519, 20.267223181027727 -0.953838381951531, 20.257573491721374 -0.9515791472104493, 20.24791860552974 -0.9493422256317724, 20.238258562427497 -0.9471276797716741, 20.228593403014674 -0.9449355712493674, 20.218923168391505 -0.9427659609140009, 20.209247900233475 -0.9406189087140306, 20.199567640781872 -0.93849447368544, 20.189882432768325 -0.9363927140560471, 20.18019231952909 -0.9343136870214584, 20.17049734487852 -0.9322574489815753, 20.16079755314737 -0.9302240554687722, 20.151092989238464 -0.9282135609289186, 20.14138369852161 -0.9262260189154713, 20.131669726931758 -0.9242614819025089, 20.121951120881146 -0.9223200014238403, 20.11222792726599 -0.9204016280456094, 20.10250019351898 -0.918506411224675, 20.092767967500777 -0.916634399512383, 20.083031297591813 -0.9147856403354936, 20.073290232631592 -0.9129601800923505, 20.06354482189571 -0.9111580641888408, 20.053795115164842 -0.9093793368423313, 20.044041162615983 -0.907624041311558, 20.034283014895152 -0.9058922196966109, 20.024520723081174 -0.9041839129888074, 20.01475433864153 -0.9024991611645532, 20.004983913509143 -0.9008380029370988, 19.99520949997113 -0.8992004760585441, 19.98543115071692 -0.8975866171773891, 19.97564891884792 -0.8959964616824344, 19.965862857815754 -0.8944300438766146, 19.95607302148501 -0.8928873967711471, 19.946279464044643 -0.891368552320532, 19.93648224004374 -0.8898735412796562, 19.926681404387637 -0.8884023931613859, 19.91687701227595 -0.886955136427006, 19.907069119268353 -0.8855317982012371, 19.897257781206832 -0.884132404512913, 19.88744305423764 -0.8827569801827141, 19.877624994813715 -0.8814055487461617, 19.867803659634728 -0.8800781326738781, 19.857979105702103 -0.8787747530765524, 19.848151390252962 -0.8774954299439508, 19.838320570773615 -0.8762401820489462, 19.828486705001655 -0.8750090268552984, 19.818649850870084 -0.8738019807793339, 19.808810066544865 -0.8726190589357765, 19.798967410382904 -0.8714602752661496, 19.789121940944604 -0.8703256424152119, 19.779273716981347 -0.8692151717221741, 19.769422797393247 -0.8681288734599262, 19.75956924126076 -0.8670667565138404, 19.74971310779721 -0.8660288286499016, 19.739854456355847 -0.8650150964005211, 19.72999334642111 -0.8640255649956962, 19.720129837578387 -0.8630602385956402, 19.71026398953002 -0.8621191199782579, 19.7003958620587 -0.861202210830161, 19.690525515032103 -0.8603095115912862, 19.680653008387935 -0.8594410214359892, 19.670778402116643 -0.8585967384725647, 19.660901756261776 -0.8577766594430677, 19.651023130897176 -0.8569807800356674, 19.64114258612544 -0.8562090946724253, 19.631260182056444 -0.8554615966291622, 19.621375978802554 -0.8547382781408593, 19.61149003647173 -0.8540391300400041, 19.601602415156634 -0.8533641421370955, 19.591713174918766 -0.8527133029731777, 19.581822375778234 -0.852086599972347, 19.57193007770954 -0.8514840194698994, 19.56203634061743 -0.8509055465334784, 19.552141224346062 -0.850351165268042, 19.54224478864771 -0.8498208585019986, 19.532347093188765 -0.8493146080498852, 19.522448197535134 -0.8488323946073183, 19.512548161131434 -0.8483741977050154, 19.502647043317758 -0.8479399959253004, 19.49274490328235 -0.8475297666060022, 19.482841800091457 -0.8471434861693634, 19.472937792649926 -0.846781129885322, 19.463032939703325 -0.846442671995607, 19.453127299841615 -0.8461280857689184, 19.443220931453343 -0.8458373433216302, 19.433313892770393 -0.8455704159289765, 19.423406241799647 -0.8453272737449988, 19.413498036365763 -0.8451078860195596, 19.403589334076262 -0.8449122209372688, 19.393680192307915 -0.8447402456839619, 19.383770668235375 -0.8445919265936748, 19.373860818759482 -0.8444672289049409, 19.36395070057771 -0.8443661170776294, 19.354040370100808 -0.8442885545152816, 19.344129883501576 -0.8442345037939687, 19.334219296684406 -0.844203926574478, 19.324308665261704 -0.8441967835806171, 19.314398044602175 -0.8442130347706056, 19.304487489738474 -0.8442526390979972, 19.29457705546037 -0.8443155548162906, 19.284666796213713 -0.8444017392172091, 19.27475676616499 -0.8445111488495299, 19.264847019162602 -0.8446437394300093, 19.254937608718006 -0.8447994658395843, 19.245028588058126 -0.8449782822654295, 19.235120010024097 -0.8451801419961315, 19.225211927183494 -0.8454049977013242, 19.21530439170499 -0.8456528011749003, 19.205397455455497 -0.8459235035878855, 19.195491169929486 -0.846217055357767, 19.185585586262214 -0.8465334061759149, 19.175680755257023 -0.846872505072084, 19.165776727301548 -0.847234300308079, 19.155873552481257 -0.8476187395982309, 19.145971280435305 -0.8480257698726948, 19.13606996049395 -0.8484553375378551, 19.126169641553037 -0.8489073882793455, 19.116270372155693 -0.8493818672226723, 19.10637220045146 -0.849878718876099, 19.096475174177062 -0.8503978871302501, 19.086579340721645 -0.8509393153625602, 19.076684747009693 -0.851502946293013, 19.066791439645172 -0.8520887221981737, 19.05689946474588 -0.8526965847031889, 19.047008868099933 -0.853326475006768, 19.037119695027314 -0.8539783337137893, 19.027231990475627 -0.8546521009773069, 19.01734579896815 -0.855347716441653, 19.007461164598343 -0.8560651192599047, 18.997578131084985 -0.8568042481619934, 18.987696741664426 -0.857565041357058, 18.977817039234992 -0.8583474366963408, 18.967939066182666 -0.8591513715089917, 18.958062864562955 -0.8599767827969179, 18.94818847592331 -0.8608236070707789, 18.93831594145597 -0.8616917805169277, 18.928445301879687 -0.8625812388979933, 18.91857659751088 -0.8634919176259743, 18.908709868239814 -0.8644237517446143, 18.89884515350163 -0.8653766759266729, 18.888982492354117 -0.8663506245416264, 18.879121923354653 -0.8673455315788566, 18.86926348471952 -0.8683613307737532, 18.85940721413787 -0.8693979554853971, 18.84955314897085 -0.870455338846371, 18.83970132605285 -0.8715334136372989, 18.829851781876933 -0.8726321124211216, 18.82000455243468 -0.8737513674478182, 18.81015967334329 -0.8748911107467554, 18.800317179759087 -0.876051274079661, 18.79047710642129 -0.8772317889812349, 18.78063948765448 -0.8784325867632528, 18.770804357322806 -0.8796535985061659, 18.760971748919562 -0.8808947551069728, 18.751141695440875 -0.8821559872328452, 18.74131422954663 -0.8834372253991971, 18.731489383375468 -0.8847383999005226, 18.721667188749848 -0.8860594409023328, 18.711847676964034 -0.8874002783659993, 18.702030878998514 -0.8887608421383212, 18.692216825316784 -0.8901410618851691, 18.682405546055087 -0.8915408671662893, 18.6725970708576 -0.8929601873868118, 18.6627914290173 -0.8943989518515797, 18.65298864936841 -0.8958570897375254, 18.6431887603646 -0.8973345301268483, 18.63339179003766 -0.8988312019988329, 18.6235977660083 -0.9003470342448401, 18.613806715512233 -0.9018819556756736, 18.604018665345436 -0.903435895022978, 18.594233641952925 -0.9050087809570873, 18.584451671315797 -0.9066005420800753, 18.57467277909321 -0.9082111069488805, 18.564896990462238 -0.909840404064897, 18.555124330300796 -0.9114883618978946, 18.545354822993737 -0.9131549088767207, 18.535588492642383 -0.9148399734101158, 18.525825362851617 -0.9165434838809696, 18.516065456950976 -0.9182653686616612, 18.506308797777443 -0.9200055561127949, 18.49655540789413 -0.9217639745936863, 18.486805309382238 -0.9235405524677492, 18.477058524045418 -0.9253352181062504, 18.46731507322019 -0.9271478998980707, 18.457574977958554 -0.9289785262491039, 18.44783825886293 -0.930827025595503, 18.438104936242443 -0.9326933263999996, 18.428375029975555 -0.9345773571668657, 18.41864855963798 -0.9364790464369276, 18.408925544394094 -0.938398322802579, 18.399206003096168 -0.9403351149031192, 18.38948995420423 -0.9422893514382992, 18.379777415857554 -0.9442609611653524, 18.37006840582136 -0.9462498729097727, 18.360362941532657 -0.9482560155653044, 18.35066104007147 -0.9502793181009777, 18.340962718183466 -0.952319709564762, 18.331267992273016 -0.9543771190861619, 18.32157687840557 -0.9564514758841887, 18.311889392319454 -0.9585427092651375, 18.302205549411084 -0.9606507486350915, 18.292525364762408 -0.9627755234927645, 18.28284885311204 -0.9649169634465082, 18.273176028895286 -0.9670749982023584, 18.263506906204213 -0.9692495575853706, 18.253841498837268 -0.9714405715232253, 18.24417982025123 -0.9736479700713465, 18.23452188361753 -0.975871683392632, 18.224867701768893 -0.9781116417858466, 18.215217287259623 -0.9803677756621868, 18.20557065230957 -0.9826400155759802, 18.195927808865825 -0.9849282921990182, 18.186288768546564 -0.987232536352773, 18.176653542701576 -0.9895526789815301, 18.167022142358455 -0.9918886511847835, 18.15739457827961 -0.9942403841904263, 18.14777086091314 -0.9966078093862425, 18.138151000443973 -0.9989908582945067, 18.12853500675174 -1.0013894626009119, 18.11892288945372 -1.0038035541321602, 18.109314657872044 -1.0062330648808622, 18.0997103210662 -1.0086779269878132, 18.0901098878117 -1.0111380727609949, 18.080513366619993 -1.013613434664383, 18.070920765730783 -1.0161039453291882, 18.06133209311722 -1.0186095375511612, 18.05174735649388 -1.0211301442920884, 18.04216656330536 -1.0236656986876254, 18.03258972075167 -1.026216134036989, 18.023016835758543 -1.0287813838233444, 18.01344791502178 -1.0313613816897216, 18.003882964957977 -1.0339560614738919, 17.99432199176893 -1.0365653571686941, 17.984765001371876 -1.0391892029731102, 17.975211999484493 -1.0418275332354308, 17.965662991534497 -1.0444802825218282, 17.95611798276509 -1.047147385541387, 17.946576978124448 -1.0498287772329136, 17.937039982390548 -1.0525243926714545, 17.92750700004215 -1.0552341671732117, 17.917978035400903 -1.0579580361842273, 17.9084530924865 -1.060695935402154, 17.89893217517261 -1.0634478006490515, 17.88941528703055 -1.0662135680072755, 17.879902431493832 -1.0689931736800249, 17.870393611696358 -1.0717865541367533, 17.86088883063873 -1.0745936459671321, 17.85138809102874 -1.077414386029227, 17.841891395440975 -1.0802487113045298, 17.832398746168295 -1.083096559040673, 17.822910145366126 -1.0859578666161351, 17.813425594923338 -1.0888325716687062, 17.803945096583128 -1.0917206119786211, 17.7944686518409 -1.0946219255742422, 17.784996262034785 -1.0975364506419067, 17.775527928276713 -1.1004641256008854, 17.7660636515072 -1.103404889047317, 17.756603432464125 -1.1063586797918283, 17.74714727169825 -1.1093254368433423, 17.737695169582068 -1.1123050994045824, 17.72824712628499 -1.115297606899303, 17.718803141821958 -1.1183028989235517, 17.709363215990038 -1.121320915316851, 17.69992734845351 -1.124351596070508, 17.690495538646868 -1.1273948814394408, 17.681067785889603 -1.1304507118130904, 17.671644089264184 -1.1335190278598914, 17.662224447750024 -1.1365997703714943, 17.652808860089056 -1.1396928804262176, 17.64339732492419 -1.142798299223247, 17.63398984066882 -1.1459159682458573, 17.62458640563284 -1.1490458291063006, 17.61518701791243 -1.1521878236878738, 17.605791675488614 -1.1553418940204736, 17.596400376150577 -1.158507982383328, 17.587013117555664 -1.1616860312272814, 17.577629897194885 -1.164875983224492, 17.568250712408187 -1.1680777812483532, 17.558875560395848 -1.1712913683623964, 17.5495044381879 -1.1745166878622573, 17.54013734269979 -1.1777536832030608, 17.53077427066049 -1.1810022981000918, 17.521415218704853 -1.1842624764023937, 17.512060183271082 -1.1875341622397093, 17.502709160715902 -1.190817299859791, 17.493362147198454 -1.1941118337988987, 17.484019138798395 -1.1974177087104783, 17.47468013140799 -1.2007348695278743, 17.465345120831294 -1.2040632613168096, 17.456014102704444 -1.2074028293995347, 17.446687072558948 -1.2107535192583805, 17.437364025783523 -1.214115276598692, 17.428044957641962 -1.2174880473210503, 17.418729863282238 -1.2208717775108056, 17.409418737707107 -1.2242664134851533, 17.400111575828305 -1.2276719017095097, 17.390808372396236 -1.2310881889125311, 17.381509122088634 -1.2345152219433715, 17.372213819414227 -1.2379529479329603, 17.362922458816776 -1.2414013141216935, 17.35363503457542 -1.2448602680303966, 17.344351540899442 -1.2483297572995231, 17.33507197184969 -1.2518097298277968, 17.325796321402127 -1.2553001336619132, 17.31652458340809 -1.258800917070064, 17.307256751613778 -1.2623120285073854, 17.297992819667115 -1.2658334166072285, 17.28873278109051 -1.2693650302307837, 17.27947662933192 -1.2729068183768482, 17.270224357698435 -1.2764587303053383, 17.260975959438785 -1.280020715385861, 17.251731427655567 -1.283592723264559, 17.242490755396656 -1.2871747036919379, 17.233253935572048 -1.2907666066846828, 17.224020961027605 -1.294368382383754, 17.214791824490845 -1.2979799811640107, 17.205566518607235 -1.3016013535625828, 17.19634503592853 -1.3052324503047963, 17.187127368903727 -1.308873222322388, 17.177913509912457 -1.3125236206893323, 17.16870345121459 -1.3161835967254694, 17.159497185018335 -1.3198531018583997, 17.15029470340443 -1.3235320877828216, 17.141095998407486 -1.327220506291019, 17.1319010619407 -1.330918309434865, 17.122709885862974 -1.3346254493827405, 17.113522461929783 -1.3383418785287307, 17.104338781824925 -1.3420675494233454, 17.095158837152432 -1.3458024147946912, 17.085982619424943 -1.34954642757434, 17.076810120097914 -1.3532995408235078, 17.067641330519923 -1.3570617078461187, 17.058476241997344 -1.3608328820433278, 17.049314845724744 -1.3646130170752755, 17.0401571328563 -1.3684020666964116, 17.03100309444363 -1.372199984903493, 17.02185272148672 -1.3760067258156035, 17.01270600490249 -1.37982224375205, 17.00356293553806 -1.383646493200529, 16.994423504180112 -1.387479428797186, 16.985287701527746 -1.3913210053936245, 16.97615551823824 -1.395171177945921, 16.967026944870884 -1.3990299016559644, 16.95790197195098 -1.4028971318118093, 16.948780589908548 -1.4067728239451829, 16.939662789133596 -1.4106569336905237, 16.93054855993613 -1.4145494168910207, 16.92143789257053 -1.4184502295351789, 16.9123307772321 -1.4223593277685056, 16.903227204042885 -1.4262766679316319, 16.894127163085024 -1.4302022064731574, 16.885030644355172 -1.434135900073721, 16.875937637820098 -1.4380777054959886, 16.866848133360808 -1.4420275797400317, 16.857762120825 -1.4459854798985254, 16.848679589987317 -1.4499513632703434, 16.83960053057517 -1.4539251872877796, 16.830524932262264 -1.4579069095376904, 16.821452784658383 -1.4618964877910363, 16.812384077337768 -1.4658938799228836, 16.803318799798888 -1.4698990440307176, 16.794256941514213 -1.473911938289312, 16.78519849188014 -1.477932521101211, 16.77614344026354 -1.4819607509576538, 16.76709177596742 -1.485996586544993, 16.75804348825187 -1.4900399866806644, 16.748998566331252 -1.4940909103243891, 16.739956999361514 -1.4981493166176891, 16.73091877646923 -1.5022151647955717, 16.72188388671297 -1.506288414310427, 16.71285231912884 -1.5103690246866965, 16.703824062686323 -1.514456955663254, 16.694799106326887 -1.5185521670695281, 16.685777438938675 -1.5226546189111219, 16.676759049368318 -1.5267642713309262, 16.6677439264262 -1.5308810845938108, 16.65873205886743 -1.5350050191508542, 16.649723435424175 -1.5391360355316202, 16.640718044766928 -1.543274094477622, 16.631715875546025 -1.5474191568000786, 16.622716916355788 -1.5515711835065125, 16.61372115576192 -1.5557301357048636, 16.604728582288345 -1.5598959746522965, 16.59573918441685 -1.5640686617566804, 16.586752950602715 -1.568248158522282, 16.57776986924832 -1.5724344266462613, 16.568789928738266 -1.5766274278913468, 16.559813117402978 -1.580827124221689, 16.550839423552624 -1.5850334776770016, 16.541868835452895 -1.5892464504656008, 16.532901341338203 -1.5934660049145348, 16.523936929413015 -1.597692103466538, 16.514975587838403 -1.601924708732257, 16.506017304757272 -1.6061637833937152, 16.4970620682632 -1.6104092903274734, 16.488109866434094 -1.6146611924723866, 16.47916068730344 -1.6189194529459594, 16.470214518881523 -1.6231840349593099, 16.4612713491466 -1.6274549018548619, 16.45233116604204 -1.6317320171182983, 16.443393957491857 -1.6360153443161645, 16.43445971137683 -1.6403048471959718, 16.425528415564237 -1.6446004895624107, 16.416600057879034 -1.648902235400908, 16.407674626128493 -1.6532100487725372, 16.398752108087407 -1.6575238938799501, 16.389832491502535 -1.6618437350478032, 16.38091576410046 -1.6661695366904408, 16.37200191357047 -1.6705012633877534, 16.36309092758942 -1.6748388797759948, 16.35418279379526 -1.6791823506692407, 16.345277499812035 -1.6835316409453027, 16.33637503323184 -1.6878867156281454, 16.327475381623916 -1.6922475398465138, 16.318578532537177 -1.6966140788250965, 16.30968447348853 -1.7009862979397363, 16.30079319198305 -1.7053641626230827, 16.291904675490287 -1.7097476384785817, 16.28301891146824 -1.71413669116554, 16.27413588734491 -1.7185312864905982, 16.26525559052948 -1.7229313903528158, 16.25637800841139 -1.7273369687501239, 16.247503128352363 -1.7317479878192104, 16.23863093770295 -1.7361644137538361, 16.229761423781746 -1.7405862129108378, 16.22089457389748 -1.7450133516978228, 16.21203037533112 -1.7494457966672203, 16.20316881534763 -1.7538835144548368, 16.194309881193423 -1.7583264717951421, 16.185453560090647 -1.7627746355516585, 16.17659983925107 -1.7672279726440474, 16.167748705857832 -1.7716864501473035, 16.158900147085422 -1.7761500351836153, 16.150054150083047 -1.780618695015159, 16.14121070198594 -1.7850923969814576, 16.132369789912406 -1.7895711085176966, 16.12353140095914 -1.7940547971809555, 16.114695522213488 -1.7985434305820656, 16.105862140737095 -1.803036976479957, 16.0970312435839 -1.8075354026780721, 16.08820281778516 -1.812038677113326, 16.079376850359584 -1.8165467677964384, 16.070553328310783 -1.8210596428283623, 16.061732238622838 -1.8255772704269928, 16.052913568271645 -1.8300996188603342, 16.044097304210084 -1.8346266565380553, 16.035283433384144 -1.8391583519124315, 16.026471942719684 -1.8436946735612252, 16.01766281913097 -1.8482355901345227, 16.008856049519128 -1.852781070365216, 16.000051620767294 -1.8573310830999037, 15.991249519751564 -1.8618855972306072, 15.982449733327263 -1.866444581784429, 15.973652248343367 -1.8710080058299192, 15.964857051631276 -1.8755758385518717, 15.956064130011397 -1.8801480492077345, 15.947273470293153 -1.8847246071290913, 15.938485059269347 -1.8893054817596349, 15.929698883726878 -1.8938906425835125, 15.920914930433991 -1.8984800592132243, 15.912133186152936 -1.9030737013026873, 15.903353637630891 -1.9076715386115417, 15.894576271604388 -1.912273540973923, 15.88580107480099 -1.9168796782882855, 15.877028033932746 -1.9214899205640388, 15.868257135706742 -1.9261042378464481, 15.859488366813505 -1.930722600301572, 15.850721713937688 -1.935344978138287, 15.841957163751294 -1.9399713416594524, 15.833194702915922 -1.944601661245418, 15.824434318086004 -1.9492359073306005, 15.815675995901474 -1.9538740504591579, 15.806919722998074 -1.9585160612075325, 15.798165485997014 -1.9631619102640423, 15.78941327151361 -1.9678115683628137, 15.780663066152815 -1.972465006319182, 15.771914856509266 -1.9771221950296145, 15.763168629172096 -1.9817831054347088, 15.75442437071699 -1.9864477085827434, 15.745682067715881 -1.9911159755523784, 15.736941706728386 -1.9957878775237323, 15.72820327430797 -2.0004633857273046, 15.719466756999864 -2.005142471461261, 15.71073214133897 -2.0098251061083223, 15.701999413855997 -2.0145112610865685, 15.69326856106942 -2.0192009079179964, 15.684539569494092 -2.02389401815518, 15.675812425634527 -2.0285905634397303, 15.66708711598871 -2.0332905154692087, 15.658363627048427 -2.0379938459956377, 15.64964194529546 -2.0427005268585443, 15.640922057208353 -2.047410529926207, 15.63220394925471 -2.0521238271643645, 15.623487607898399 -2.0568403905720007, 15.614773019594963 -2.0615601922235194, 15.606060170793102 -2.066283204255413, 15.597349047936934 -2.0710093988461633, 15.58863963746099 -2.075738748262689, 15.579931925797093 -2.0804712247969226, 15.571225899367656 -2.0852068008289355, 15.562521544591009 -2.0899454487769966, 15.55381884787907 -2.094687141120439, 15.545117795636624 -2.0994318504063596, 15.536418374265182 -2.104179549213331, 15.527720570157296 -2.1089302102065837, 15.51902436970299 -2.113683806075761, 15.51032975928451 -2.118440309586845, 15.501636725279543 -2.123199693550404, 15.492945254061077 -2.1279619308239917, 15.484255331994833 -2.132726994337029, 15.475566945444166 -2.137494857042987, 15.466880080764408 -2.142265491976707, 15.458194724308234 -2.1470388722000298, 15.449510862422155 -2.1518149708376284, 15.440828481447681 -2.1565937610654404, 15.432147567722977 -2.1613752160937576, 15.423468107579106 -2.166159309206179, 15.414790087345178 -2.1709460137066565, 15.40611349334343 -2.175735302971432, 15.397438311893046 -2.1805271504088948, 15.388764529308629 -2.185321529476242, 15.380092131899408 -2.1901184136876286, 15.371421105972336 -2.1949177765816974, 15.362751437827752 -2.199719591768429, 15.354083113764101 -2.2045238328781585, 15.345416120074269 -2.209330473601808, 15.336750443047588 -2.2141394876687963, 15.328086068970176 -2.2189508488441425, 15.319422984122655 -2.2237645309532157, 15.310761174783988 -2.228580507839791, 15.30210062722727 -2.2333987534128106, 15.29344132772348 -2.238219241604832, 15.28478326253934 -2.243041946396, 15.276126417937634 -2.2478668418109455, 15.267470780178956 -2.2526939018989243, 15.258816335518565 -2.2575231007696055, 15.250163070210272 -2.262354412548998, 15.24151097050303 -2.267187811418652, 15.23286002264327 -2.2720232715889943, 15.224210212874386 -2.2768607673052483, 15.215561527435542 -2.281700272861269, 15.20691395256443 -2.286541762568008, 15.19826747449386 -2.291385210792938, 15.189622079455114 -2.2962305919212893, 15.18097775367568 -2.301077880382303, 15.172334483380098 -2.3059270506395615, 15.16369225479088 -2.3107780771804056, 15.155051054126286 -2.31563093454194, 15.146410867603413 -2.320485597274873, 15.13777168143522 -2.325342039978716, 15.129133481832808 -2.330200237274609, 15.12049625500457 -2.335060163815952, 15.111859987155643 -2.3399217942945585, 15.103224664489831 -2.3447851034179608, 15.09459027320696 -2.349650065940991, 15.085956799505686 -2.3545166566320455, 15.077324229581421 -2.359384850298393, 15.06869254962736 -2.364254621773421, 15.06006174583487 -2.3691259459123506, 15.051431804391973 -2.373998797610263, 15.04280271148572 -2.3788731517736386, 15.034174453299723 -2.3837489833501087, 15.025547016016233 -2.3886262673033527, 15.016920385815116 -2.3935049786254683, 15.008294548873764 -2.398385092338115, 14.999669491368376 -2.403266583476933, 14.991045199471978 -2.408149427115638, 14.9824216593567 -2.4130335983383118, 14.973798857191932 -2.417919072261732, 14.965176779145427 -2.422805824022036, 14.95655541138334 -2.4276938287743763, 14.947934740069226 -2.4325830617046473, 14.93931475136584 -2.4374734980081225, 14.93069543143316 -2.4423651129131683, 14.922076766430177 -2.4472578816597714, 14.913458742513832 -2.4521517795115173, 14.904841345839188 -2.4570467817537938, 14.896224562560302 -2.4619428636838108, 14.887608378828771 -2.4668400006279536, 14.878992780795532 -2.471738167920346, 14.870377754609311 -2.476637340921026, 14.861763286417629 -2.4815374950037437, 14.853149362366706 -2.4864386055577454, 14.844535968600802 -2.491340647994674, 14.83592309126354 -2.4962435977335384, 14.827310716496386 -2.501147430218199, 14.8186988304401 -2.50605212090051, 14.810087419233849 -2.5109576452505697, 14.801476469015476 -2.515863978753556, 14.792865965922006 -2.520771096903877, 14.784255896088633 -2.5256789752165365, 14.7756462456501 -2.5305875892119514, 14.767037000739425 -2.5354969144292894, 14.758428147488864 -2.54040692641663, 14.749819672029638 -2.5453176007334655, 14.741211560491639 -2.550228912954064, 14.732603799004263 -2.555140838657952, 14.723996373695405 -2.560053353441313, 14.715389270692496 -2.564966432905268, 14.70678247612183 -2.569880052663307, 14.69817597610886 -2.5747941883380427, 14.68956975677845 -2.5797088155583374, 14.6809638042543 -2.584623909965558, 14.672358104659809 -2.589539447204351, 14.663752644117285 -2.59445540293074, 14.655147408748595 -2.5993717528055815, 14.646542384674934 -2.604288472496567, 14.637937558016759 -2.609205537679252, 14.629332914894219 -2.6141229240321353, 14.620728441426559 -2.6190406072422148, 14.612124123732803 -2.623958562998816, 14.603519947931416 -2.628876766997437, 14.594915900140508 -2.6337951949375973, 14.58631196647792 -2.638713822521615, 14.577708133060966 -2.6436326254567506, 14.56910438600685 -2.648551579451476, 14.560500711432384 -2.6534706602181326, 14.551897095454235 -2.658389843470494, 14.543293524188892 -2.66330910492405, 14.534689983752653 -2.6682284202960136, 14.526086460261808 -2.673147765303968, 14.517482939832535 -2.678067115666335, 14.508879408581008 -2.6829864471016243, 14.50027585262347 -2.6879057353277376, 14.49167225807621 -2.692824956062216, 14.483068611055636 -2.6977440850213776, 14.47446489767837 -2.7026630979196486, 14.46586110406114 -2.707581970470508, 14.45725721632108 -2.7125006783837424, 14.44865322057548 -2.717419197367822, 14.44004910294208 -2.7223375031271955, 14.43144484953902 -2.727255571362845, 14.422840446484743 -2.732173377772975, 14.414235879898445 -2.7370908980493565, 14.405631135899554 -2.7420081078818153, 14.397026200608394 -2.7469249829524873, 14.388421060145731 -2.75184149893977, 14.379815700633046 -2.756757631516018, 14.371210108192775 -2.76167335634578, 14.36260426894776 -2.7665886490901657, 14.353998169022203 -2.771503485399186, 14.345391794540756 -2.776417840919403, 14.336785131629323 -2.7813316912867894, 14.328178166414695 -2.7862450121297684, 14.319570885024564 -2.791157779070032, 14.310963273588284 -2.79606996771644, 14.30235531823573 -2.8009815536738683, 14.293747005098767 -2.805892512532127, 14.285138320310047 -2.8108028198749464, 14.276529250003803 -2.8157124512741616, 14.267919780315903 -2.8206213822891937, 14.259309897383131 -2.8255295884727727, 14.250699587344718 -2.8304370453595835, 14.242088836340606 -2.8353437284791445, 14.23347763051319 -2.8402496133432336, 14.224865956006278 -2.8451546754535286, 14.216253798965358 -2.8500588902997053, 14.2076411455385 -2.85496223335337, 14.199027981874696 -2.859864680079615, 14.1904142941262 -2.864766205921072, 14.181800068446364 -2.8696667863128917, 14.173185290991334 -2.8745663966712676, 14.164569947919517 -2.879465012397077, 14.15595402539104 -2.8843626088799295, 14.147337509569631 -2.8892591614856196, 14.138720386620097 -2.8941546455729865, 14.130102642711194 -2.8990490364753407, 14.121484264013404 -2.9039423095147736, 14.112865236700202 -2.9088344399945316, 14.104245546948464 -2.913725403196538, 14.0956251809367 -2.918615174392433, 14.087004124848143 -2.923503728824824, 14.078382364867398 -2.9283910417278993, 14.069759887183576 -2.9332770883087034, 14.061136677988468 -2.9381618437580763, 14.052512723476902 -2.94304528324907, 14.043888009848375 -2.947927381927142, 14.035262523304075 -2.952808114928075, 14.02663625005093 -2.9576874573545116, 14.018009176297808 -2.9625653842979243, 14.009381288258442 -2.967441870822307, 14.000752572150455 -2.972316891969533, 13.992123014194476 -2.977190422765247, 13.98349260061727 -2.9820624382015772, 13.974861317647454 -2.986932913260748, 13.966229151520313 -2.9918018228891587, 13.957596088473956 -2.9966691420180136, 13.948962114751588 -3.0015348455518462, 13.94032721660184 -3.0063989083667826, 13.931691380276241 -3.011261305324181, 13.923054592033887 -3.016122011246512, 13.9144168381361 -3.0209810009450795, 13.905778104851645 -3.0258382491939955, 13.897138378453333 -3.0306937307471933, 13.88849764521914 -3.0355474203333435, 13.879855891434183 -3.0403992926463577, 13.871213103386431 -3.045249322366436, 13.862569267372933 -3.0500974841306236, 13.853924369693567 -3.0549437525625116, 13.845278396656289 -3.0597881022481483, 13.836631334574594 -3.0646305077478306, 13.827983169767169 -3.0694709435982666, 13.819333888561678 -3.074309384295408, 13.810683477288794 -3.079145804321842, 13.802031922289618 -3.083980178113874, 13.793379209909018 -3.088812480091146, 13.784725326500464 -3.0936426846361487, 13.77607025842472 -3.0984707660998354, 13.767413992047741 -3.1032966988111763, 13.758756513746418 -3.1081204570529692, 13.750097809900938 -3.1129420150942577, 13.741437866903262 -3.117761347155683, 13.732776671150313 -3.1225784274373933, 13.724114209048043 -3.1273932301031273, 13.715450467011603 -3.132205729279318, 13.706785431461476 -3.1370158990718666, 13.698119088831275 -3.1418237135361307, 13.689451425558358 -3.1466291467125824, 13.68078242809246 -3.151432172590636, 13.672112082889477 -3.1562327651346043, 13.663440376416473 -3.1610308982764903, 13.654767295153947 -3.165826545909478, 13.646092825584867 -3.1706196819016053, 13.637416954197544 -3.1754102800482094, 13.628739667486357 -3.1801983141312213, 13.620060951992903 -3.1849837579423372, 13.611380794283125 -3.1897665852744934, 13.602699180851559 -3.194546769736197, 13.594016098093721 -3.1993242846812144, 13.585331532541108 -3.2040991036837867, 13.576645471250425 -3.2088712011950338, 13.567957901249216 -3.213640551584507, 13.559268807922486 -3.218407126118102, 13.550578175707416 -3.2231708942664974, 13.541885993006172 -3.2279318327446367, 13.533192254327759 -3.2326899294264764, 13.524496948211524 -3.237445161167809, 13.515800036709765 -3.24219745597643, 13.507101481933727 -3.2469467419371223, 13.498401330060888 -3.2516931017804245, 13.489699680233384 -3.256436715668303, 13.480996370515294 -3.2611772834331028, 13.472290805636693 -3.2659137076626794, 13.463582439446732 -3.2706449802593083, 13.454871119306427 -3.275370812481645, 13.446156802072974 -3.280091115803893, 13.437439466758683 -3.284805842889594, 13.4287191080512 -3.289514975543117, 13.419995717333832 -3.29421848927832, 13.411269279715512 -3.298916347690103, 13.40253978011664 -3.303608513950753, 13.393807205422556 -3.308294954672504, 13.3850715430488 -3.312975637378438, 13.37633278004062 -3.317650528706498, 13.367590903176518 -3.322319594654908, 13.35884589933307 -3.326982801279988, 13.350097755567873 -3.3316401147639736, 13.341346458963397 -3.3362915012610674, 13.332591996632726 -3.340936926741541, 13.323834355702525 -3.345576357117578, 13.31507352336524 -3.3502097582200374, 13.306309486860767 -3.3548370958209226, 13.297542233465732 -3.3594583356274472, 13.288771750517336 -3.364073443239107, 13.279998025375598 -3.368682384218309, 13.271221045474075 -3.3732851240117134, 13.262440798271328 -3.3778816280265933, 13.253657271289034 -3.382471861570417, 13.244870452092444 -3.3870557898817863, 13.236080328289438 -3.3916333781337755, 13.227286887554609 -3.39620459139699, 13.218490117588166 -3.4007693947033077, 13.20969000616895 -3.4053277529662527, 13.20088654110178 -3.4098796310604746, 13.192079710261607 -3.414424993757469, 13.183269501568198 -3.4189638057628553, 13.174455902989978 -3.4234960317122485, 13.165638902564947 -3.4280216361412057, 13.156818488360377 -3.4325405835439664, 13.147994648528037 -3.437052838296011, 13.139167371246636 -3.4415583647352337, 13.13033664477307 -3.446057127092165, 13.121502457409056 -3.4505490895358415, 13.112664797512767 -3.4550342161595586, 13.10382365351363 -3.4595124709610383, 13.094979013875417 -3.463983817892853, 13.086130867151788 -3.468448220789812, 13.077279201924457 -3.4729056434503147, 13.068424006862445 -3.477356049561091, 13.059565270678426 -3.481799402753117, 13.050702982151305 -3.4862356665746614, 13.041837130131226 -3.4906648044850477, 13.032967703509785 -3.495086779893004, 13.024094691272712 -3.499501556092559, 13.0152180824357 -3.5039090963417006, 13.006337866111483 -3.5083093637831033, 12.99745403145425 -3.5127023215102704, 12.988566567696342 -3.517087932526132, 12.979675464139259 -3.5214661597534693, 12.970780710135692 -3.525836966057139, 12.961882295134751 -3.530200314193054, 12.952980208619156 -3.534556166879796, 12.94407444017807 -3.538904486718703, 12.935164979439566 -3.5432452362684876, 12.926251816123688 -3.547578377989183, 12.917334940015271 -3.551903874271333, 12.908414340963335 -3.556221687438364, 12.89949000891264 -3.5605317797136986, 12.890561933848312 -3.5648341132794643, 12.881630105869494 -3.5691286502018236, 12.872694515112535 -3.573415352509408, 12.863755151820719 -3.5776941821250166, 12.854812006295749 -3.5819651009136875, 12.845865068920006 -3.5862280706627843, 12.836914330167117 -3.5904830530718135, 12.827959780562475 -3.5947300097917183, 12.819001410749147 -3.598968902363267, 12.810039211408634 -3.6031996922917973, 12.801073173343799 -3.607422340972273, 12.792103287408619 -3.6116368097532887, 12.783129544557253 -3.6158430598949547, 12.774151935826687 -3.6200410525842353, 12.765170452322447 -3.624230748949218, 12.756185085266015 -3.6284121100185667, 12.747195825923772 -3.6325850967832762, 12.738202665694478 -3.6367496701241935, 12.729205596022286 -3.640905790884707, 12.720204608472377 -3.6450534198105697, 12.711199694681127 -3.649192517590153, 12.70219084637576 -3.653323044840789, 12.693178055391137 -3.6574449620956635, 12.68416131362141 -3.6615582298429183, 12.675140613096849 -3.6656628084676552, 12.66611594589287 -3.6697586583213795, 12.65708730422475 -3.6738457396531343, 12.648054680366698 -3.6779240126689845, 12.639018066709943 -3.681993437492114, 12.629977455738947 -3.6860539741796865, 12.620932840020549 -3.6901055827324565, 12.61188421225184 -3.6941482230620433, 12.602831565184415 -3.698181855043783, 12.593774891721209 -3.7022064384530657, 12.584714184816104 -3.7062219330320287, 12.575649437566224 -3.710228298431595, 12.566580643144118 -3.714225494254743, 12.55750779483492 -3.7182134800353857, 12.54843088603833 -3.7221922152371465, 12.539349910230579 -3.726161659278343, 12.530264861037562 -3.730121771488939, 12.521175732139355 -3.7340725111677204, 12.512082517378628 -3.7380138375212137, 12.502985210658185 -3.7419457097221347, 12.493883806026163 -3.745868086864036, 12.484778297622816 -3.749780927990368, 12.47566867969818 -3.7536841920872415, 12.466554946635963 -3.7575778380709717, 12.457437092893898 -3.7614618248207137, 12.448315113095711 -3.765336111132669, 12.439189001922134 -3.769200655775249, 12.430058754225884 -3.773055417434757, 12.420924364929824 -3.7769003547642455, 12.411785829105307 -3.7807354263491555, 12.402643141930673 -3.7845605907262576, 12.39349629869416 -3.7883758063846327, 12.384345294833883 -3.7921810317484033, 12.375190125862607 -3.795976225210715, 12.366030787473152 -3.7997613450905936, 12.356867275419686 -3.8035363496824446, 12.347699585637836 -3.8073011972099002, 12.338527714142247 -3.811055845865994, 12.32935165710176 -3.81480025378694, 12.320171410804015 -3.8185343790652038, 12.310986971650287 -3.822258179753747, 12.30179833620463 -3.825971613849016, 12.292605501109279 -3.8296746393217065, 12.283408463198914 -3.8333672140797987, 12.27420721937426 -3.8370492960103952, 12.26500176672834 -3.840720842942006, 12.25579210243953 -3.8443818126773612, 12.246578223849689 -3.848032162972814, 12.237360128427275 -3.8516718515488497, 12.22813781376229 -3.8553008360939667, 12.218911277616712 -3.858919074251482, 12.209680517837095 -3.86252652364398, 12.200445532473271 -3.8661231418448927, 12.191206319645696 -3.8697088864112814, 12.181962877679752 -3.873283714854926, 12.17271520498932 -3.876847584668325, 12.163463300165196 -3.8804004533085346, 12.154207161927784 -3.883942278206721, 12.144946789131716 -3.887473016769892, 12.135682180808281 -3.8909926263733348, 12.126413336083244 -3.8945010643770557, 12.117140254294153 -3.8979982881074005, 12.10786293485414 -3.901484254879557, 12.098581377395176 -3.904958921978437, 12.0892955816377 -3.9084222466770595, 12.08000554749672 -3.911874186225519, 12.070711275014531 -3.9153146978590048, 12.061412764385773 -3.9187437387978443, 12.0521100159807 -3.922161266245285, 12.042803030278806 -3.925567237395978, 12.033491807975693 -3.928961609427974, 12.024176349849665 -3.9323443395140782, 12.01485665691115 -3.935715384814022, 12.00553273025716 -3.9390747024831563, 11.996204571200167 -3.9424222496691095, 11.986872181172444 -3.945757983515388, 11.977535561782396 -3.9490818611627696, 11.968194714806177 -3.95239383974948, 11.958849642150353 -3.9556938764142817, 11.949500345935222 -3.9589819282970393, 11.940146828376129 -3.9622579525396167, 11.93078909192948 -3.9655219062900624, 11.921427139137686 -3.9687737466993895, 11.912060972780132 -3.972013430929567, 11.902690595744819 -3.975240916147889, 11.893316011124519 -3.97845615953533, 11.883937222164734 -3.98165911828315, 11.874554232270032 -3.9848497495964588, 11.86516704504724 -3.988028010698064, 11.855775664219117 -3.991193858823038, 11.846380093749508 -3.99434725123254, 11.836980337693763 -3.9974881451988113, 11.8275764003614 -4.000616498026877, 11.818168286159601 -4.0037322670349145, 11.808755999730788 -4.006835409576361, 11.799339545849456 -4.009925883024642, 11.789918929484731 -4.013003644786416, 11.78049415578645 -4.016068652299252, 11.77106523005188 -4.019120863028865, 11.761632157806455 -4.022160234484736, 11.75219494468467 -4.025186724199148, 11.742753596580158 -4.02820028975962, 11.733308119481038 -4.031200888774804, 11.723858519636208 -4.034188478914489, 11.714404803405497 -4.037163017874916, 11.704946977381864 -4.040124463411977, 11.695485048309532 -4.043072773320417, 11.686019023121393 -4.046007905447287, 11.676548908951373 -4.048929817695447, 11.667074713075412 -4.051838468010037, 11.657596443015056 -4.054733814409696, 11.648114106399577 -4.057615814947077, 11.638627711128994 -4.060484427761791, 11.629137265202608 -4.063339611026292, 11.619642776885481 -4.0661813230042725, 11.61014425456351 -4.069009522001346, 11.600641706856628 -4.071824166408698, 11.591135142548028 -4.0746252146773605, 11.581624570609197 -4.077412625331403, 11.57211000022429 -4.0801863569774985, 11.562591440719796 -4.082946368280561, 11.55306890167757 -4.085692618010476, 11.543542392789261 -4.088425064984115, 11.534011924024547 -4.091143668139053, 11.524477505456149 -4.0938483864586015, 11.514939147428027 -4.096539179050154, 11.505396860409288 -4.099216005078813, 11.49585065510807 -4.1018788238246735, 11.48630054239946 -4.104527594648309, 11.476746533352097 -4.107162277007973, 11.467188639250042 -4.109782830470731, 11.457626871525097 -4.112389214681583, 11.448061241866748 -4.114981389421909, 11.438491762078774 -4.117559314535694, 11.428918444246401 -4.120122950022808, 11.419341300559726 -4.122672255942394, 11.409760343486154 -4.125207192514108, 11.400175585616518 -4.127727720029629, 11.39058703978943 -4.130233798930343, 11.380994719005685 -4.1327253897558505, 11.371398636470143 -4.135202453174255, 11.361798805596683 -4.137664949985384, 11.352195239957222 -4.140112841092535, 11.342587953375528 -4.142546087564287, 11.332976959797167 -4.144964650551729, 11.323362273447609 -4.147368491397087, 11.313743908658054 -4.149757571516284, 11.304121880040347 -4.152131852524367, 11.294496202323403 -4.154491296120325, 11.2848668904997 -4.156835864198076, 11.27523395971337 -4.159165518763944, 11.26559742531169 -4.161480221978916, 11.255957302822866 -4.16377993614195, 11.24631360799243 -4.166064623725866, 11.236666356865799 -4.168334247443744, 11.227015565511202 -4.17058877002694, 11.217361249996868 -4.172828154206807, 11.073784322789523 -3.5709108715055526))