POLYGON ((17.286398952332693 -0.0443004123907051, 17.294850682458186 -0.0395109039360949, 17.303306553580097 -0.0347287098671238, 17.31176657781943 -0.0299538667732145, 17.3202307672972 -0.0251864112437897, 17.328699134133984 -0.0204263798685409, 17.337171690374603 -0.0156738092834683, 17.345648447902718 -0.0109287362230944, 17.354129418563048 -0.0061911974450951, 17.362614614075977 -0.0014612297787702, 17.371104046107117 0.0032611299150998, 17.37959772622667 0.0079758447227081, 17.38809566589224 0.0126828776676731, 17.396597876513546 0.0173821917481211, 17.40510436935604 0.0220737498859229, 17.413615155643292 0.0267575149810407, 17.422130246471983 0.0314334498694363, 17.430649652853987 0.0361015173443016, 17.43917338572548 0.0407616801624585, 17.447701455885195 0.0454139010147942, 17.45623387409074 0.0500581425730939, 17.464770650948267 0.0546943674401125, 17.47331179700503 0.059322538191881, 17.48185732269626 0.0639426173560331, 17.490407238342303 0.068554567410599, 17.49896155420459 0.0731583508094106, 17.507520280386025 0.0777539299415666, 17.51608342694544 0.082341267178518, 17.52465100379479 0.0869203248351407, 17.533223020761305 0.0914910651937169, 17.541799487579343 0.0960534505028638, 17.55038041383855 0.1006074429587804, 17.55896580908044 0.1051530047410308, 17.567555682677035 0.1096900979716371, 17.576150043942384 0.1142186847531012, 17.584748902057264 0.1187387271456631, 17.593352266086438 0.1232501871727815, 17.601960145021362 0.1277530268362141, 17.610572547683645 0.1322472080876145, 17.61918948284794 0.1367326928652666, 17.627810959120566 0.1412094430615053, 17.636436985025483 0.1456774205462473, 17.645067568973236 0.1501365871609044, 17.65370271922573 0.1545869047095498, 17.662342443986905 0.1590283349827186, 17.670986751274533 0.1634608397281821, 17.679635649049676 0.1678843806809236, 17.688289145116695 0.1722989195432863, 17.696947247165994 0.176704417993889, 17.705609962796704 0.1811008376942012, 17.714277299429924 0.1854881402723479, 17.722949264435158 0.1898662873474275, 17.731625864992168 0.1942352405070074, 17.740307108202444 0.1985949613257547, 17.74899300103059 0.2029454113584075, 17.75768355029242 0.2072865521380545, 17.766378762732316 0.2116183451887187, 17.775078644894847 0.2159407520094928, 17.783783203268218 0.2202537340927953, 17.792492444159578 0.2245572529121457, 17.80120637376702 0.2288512699297131, 17.809924998175926 0.2331357465981823, 17.818648323289466 0.2374106443549491, 17.82737635495179 0.2416759246333071, 17.83610909879764 0.2459315488532007, 17.844846560388252 0.2501774784300629, 17.853588745122533 0.2544136747722556, 17.862335658254143 0.2586400992818176, 17.871087304948176 0.2628567133585976, 17.87984369016028 0.2670634783975036, 17.888604818788252 0.2712603557925875, 17.89737069552503 0.2754473069371562, 17.906141324961297 0.2796242932242093, 17.914916711551076 0.2837912760489508, 17.923696859566135 0.2879482168095408, 17.932481773208487 0.2920950769063926, 17.94127145645443 0.2962318177480275, 17.950065913210864 0.300358400745725, 17.95886514719657 0.3044747873212443, 17.9676691619915 0.3085809389040886, 17.976477961066983 0.3126768169318789, 17.985291547679594 0.3167623828583986, 17.994109925024187 0.3208375981427781, 18.002933096069007 0.3249024242656476, 18.01176106368773 0.3289568227167285, 18.02059383059216 0.3330007550042607, 18.029431399315563 0.337034182656917, 18.03827377230748 0.3410570672144073, 18.047120951779995 0.3450693702482498, 18.055972939878103 0.3490710533393398, 18.06482973853419 0.3530620781012159, 18.07369134955017 0.3570424061674833, 18.082557774597458 0.3610119991942533, 18.091429015131677 0.3649708188749096, 18.100305072540117 0.368918826915631, 18.10918594796533 0.372855985069948, 18.118071642462336 0.3767822551085003, 18.12696215689975 0.3806975988413932, 18.135857491974036 0.3846019781151852, 18.144757648281825 0.3884953547994006, 18.15366262617524 0.3923776908201025, 18.16257242593946 0.3962489481193943, 18.171487047625476 0.4001090886982097, 18.180406491162607 0.4039580745881175, 18.189330756327887 0.4077958678618968, 18.198259842684745 0.4116224306501614, 18.20719374971964 0.4154377251055664, 18.216132476660864 0.4192417134557445, 18.2250760226548 0.4230343579523914, 18.234024386639266 0.4268156209118934, 18.24297756738752 0.430585464701691, 18.25193556355646 0.4343438517275338, 18.260898373555307 0.438090744476918, 18.269865995724505 0.4418261054607331, 18.278838428152916 0.4455498972778987, 18.287815668815778 0.4492620825671948, 18.296797715516337 0.4529626240310074, 18.30578456584837 0.4566514844492187, 18.3147762173192 0.4603286266351769, 18.32377266716903 0.4639940135063996, 18.332773912559833 0.4676476080112923, 18.3417799504269 0.4712893731912444, 18.350790777548372 0.4749192721521475, 18.359806390571258 0.4785372680562998, 18.368826785894314 0.4821433241729203, 18.3778519598448 0.4857374038028925, 18.38688190848566 0.4893194703663519, 18.395916627772582 0.4928894873319616, 18.40495611347359 0.496447418256939, 18.4140003611517 0.4999932267952444, 18.423049366275023 0.5035268766473815, 18.43210312403943 0.5070483316479946, 18.44116162956454 0.5105575556697408, 18.45022487773049 0.5140545127083475, 18.459292863266082 0.5175391668373183, 18.468365580757993 0.5210114822061553, 18.477443024545252 0.5244714230968661, 18.486525188892966 0.5279189538320721, 18.495612067794013 0.5313540388858811, 18.504703655138236 0.5347766427899263, 18.513799944617727 0.5381867301902331, 18.522900929722862 0.5415842658494956, 18.532006603843705 0.5449692145903866, 18.54111696009568 0.5483415414003064, 18.550231991519027 0.5517012113123347, 18.55935169090738 0.5550481895135022, 18.568476050906224 0.5583824412833795, 18.57760506401324 0.5617039319974377, 18.586738722478508 0.5650126271918388, 18.595877018477264 0.5683084924520077, 18.60501994391017 0.5715914935452696, 18.61416749057684 0.574861596306157, 18.623319650075818 0.5781187667084495, 18.632476413804813 0.5813629708650331, 18.641637773060324 0.5845941749609109, 18.650803718863614 0.5878123453777169, 18.659974242161276 0.5910174485509999, 18.669149333653355 0.5942094510984659, 18.67832898389177 0.5973883197473013, 18.687513183282352 0.6005540213361091, 18.696701921983337 0.6037065228924189, 18.705895190079268 0.6068457915011922, 18.715092977381214 0.6099717944628495, 18.72429527359787 0.6130844991586534, 18.733502068241776 0.6161838731293283, 18.742713350622644 0.6192698840805165, 18.75192910995343 0.622342499798743, 18.76114933517305 0.6254016883003782, 18.770374015145592 0.6284474176650886, 18.779603138495936 0.6314796561794257, 18.788836693696755 0.6344983722616214, 18.798074669083725 0.6375035344519743, 18.807317052743382 0.6404951115129104, 18.816563832691926 0.6434730722707543, 18.825814996679618 0.6464373857962068, 18.835070532349764 0.6493880212584227, 18.844330427162983 0.6523249479994692, 18.853594668371766 0.6552481355584434, 18.862863243141334 0.6581575535592563, 18.87213613836684 0.6610531718894478, 18.88141334086679 0.6639349605117908, 18.890694837236573 0.666802889612578, 18.89998061391111 0.6696569295388816, 18.90927065720401 0.6724970507650834, 18.918564953176404 0.6753232240307829, 18.92786348782301 0.6781354201454238, 18.937166246889085 0.6809336101810037, 18.946473216004495 0.6837177653310916, 18.95578438063865 0.6864878569653065, 18.96509972604524 0.6892438566899595, 18.974419237403275 0.6919857361952083, 18.983742899631302 0.6947134674653064, 18.99307069756566 0.6974270225776936, 19.002402615844574 0.7001263738401684, 19.01173863893329 0.7028114937616454, 19.02107875119863 0.7054823549686575, 19.03042293675796 0.7081389303863088, 19.03977117966403 0.7107811930178672, 19.049123463743022 0.7134091161458356, 19.058479772690898 0.7160226732132388, 19.067840090073098 0.7186218378287007, 19.07720439923229 0.7212065838834826, 19.086572683448196 0.7237768853502993, 19.09594492575894 0.7263327165174985, 19.105321109108804 0.7288740517962975, 19.11470121627854 0.7314008658179628, 19.12408522986175 0.7339131334656288, 19.133473132377244 0.7364108297256882, 19.142864906103135 0.7388939299180146, 19.152260533248786 0.7413624094583195, 19.161659995832043 0.7438162440360865, 19.171063275722105 0.7462554095532973, 19.180470354691877 0.7486798820529554, 19.18988121429015 0.7510896379065501, 19.199295836008627 0.7534846535711746, 19.208714201126327 0.7558649058326147, 19.218136290808648 0.7582303716522, 19.227562086100107 0.7605810281776606, 19.236991567848705 0.762916852859657, 19.246424716846118 0.7652378232383211, 19.255861513666115 0.767543917205096, 19.265301938800086 0.7698351127844056, 19.27474597259297 0.7721113882443954, 19.284193595222668 0.7743727221311921, 19.29364478680182 0.77661909310242, 19.303099527229122 0.7788504801831825, 19.31255779634194 0.7810668625044198, 19.32201957381159 0.7832682194915376, 19.331484839174824 0.785454530808538, 19.340953571888193 0.7876257762661353, 19.35042575120897 0.7897819360400827, 19.359901356344597 0.7919229903985338, 19.369380366323853 0.7940489199478755, 19.378862760071243 0.7961597054920477, 19.38834851641384 0.7982553280256965, 19.397837614001062 0.8003357688913424, 19.40733003143604 0.8024010095240626, 19.4168257471385 0.8044510317305097, 19.426324739449587 0.8064858174768453, 19.435826986596823 0.8085053489677729, 19.445332466655117 0.8105096087284394, 19.454841157650662 0.8124985793890667, 19.464353037429536 0.8144722439708746, 19.47386808377897 0.8164305856236166, 19.483386274357706 0.8183735877926792, 19.492907586695747 0.8203012342196759, 19.50243199826846 0.822213508771851, 19.51195948638409 0.8241103957005442, 19.52149002830609 0.8259918793614263, 19.531023601162946 0.8278579444394731, 19.540560181980915 0.8297085758692496, 19.550099747722232 0.8315437587471181, 19.55964227519472 0.8333634785603604, 19.56918774116859 0.8351677208929081, 19.57873612227635 0.8369564716921833, 19.58828739507038 0.8387297171170129, 19.597841536030664 0.8404874435254345, 19.60739852150109 0.8422296376500006, 19.6169583277916 0.843956286318937, 19.626520931076207 0.8456673767511943, 19.6360863074673 0.8473628963430258, 19.645654432998146 0.8490428327286138, 19.655225283585345 0.8507071738930166, 19.664798835112414 0.8523559079241528, 19.674375063333102 0.853989023318683, 19.68395394395429 0.8556065087214597, 19.693535452599498 0.8572083530533118, 19.7031195647946 0.8587945455586135, 19.71270625603166 0.8603650755980281, 19.722295501683263 0.8619199329465964, 19.731887277086212 0.8634591075045716, 19.741481557490836 0.8649825894956932, 19.751078318065694 0.8664903694494565, 19.76067753394467 0.867982438028053, 19.770279180156535 0.8694587862961356, 19.77988323170275 0.870919405424702, 19.789489663502362 0.8723642869239702, 19.799098450410735 0.8737934225663145, 19.808709567246677 0.8752068042839609, 19.818322988735414 0.8766044244193901, 19.827938689579874 0.8779862754148764, 19.837556644405232 0.8793523500767074, 19.847176827786903 0.8807026414443639, 19.856799214263557 0.8820371427416196, 19.866423778294777 0.883355847589782, 19.8760504943218 0.8846587497053393, 19.885679336715157 0.88594584318805, 19.895310279807347 0.8872171223440432, 19.904943297895354 0.8884725816879968, 19.914578365211348 0.8897122161160245, 19.92421545597214 0.8909360206188893, 19.933854544332775 0.8921439905844738, 19.94349560441994 0.8933361215830595, 19.953138610327635 0.8945124094166317, 19.96278353609851 0.8956728502509064, 19.972430355762448 0.89681744034855, 19.982079043298086 0.8979461763763603, 19.99172957266365 0.8990590551623294, 20.001381917787764 0.9001560737984077, 20.011036052558577 0.9012372297369816, 20.02069195085419 0.9023025205300155, 20.030349586514696 0.9033519441210403, 20.04000893336694 0.9043854985915275, 20.04966996521501 0.9054031822942389, 20.059332655835632 0.906404993908503, 20.068996978997806 0.9073909322218023, 20.078662908442087 0.908360996432678, 20.08833041790028 0.9093151858694385, 20.097999481088557 0.9102535001452545, 20.10767007170633 0.9111759391796206, 20.11734216344818 0.9120825030069976, 20.12701572999224 0.9129731920710166, 20.13669074501206 0.9138480069336516, 20.14636718217359 0.9147069484534383, 20.15604501513534 0.9155500177775127, 20.165724217554313 0.9163772161747835, 20.17540476308301 0.917188545318422, 20.185086625372943 0.9179840069907662, 20.194769778076708 0.918763603279483, 20.204454194847834 0.9195273365445689, 20.214139849342065 0.9202752092740177, 20.22382671522238 0.9210072243533065, 20.233514766153895 0.921723384769813, 20.243203975811948 0.9224236938222896, 20.252894317880337 0.9231081550672003, 20.262585766048794 0.923776772199695, 20.27227829402463 0.924429549321417, 20.281971875519925 0.925066490632306, 20.29166648426767 0.9256876006304071, 20.301362094017072 0.9262928840455095, 20.31105867852786 0.926882345745529, 20.320756211589153 0.927455990983087, 20.330454666997465 0.9280138251028401, 20.34015401857868 0.9285558537638338, 20.349854240180377 0.9290820828573939, 20.35955530566516 0.9295925184146208, 20.369257188935887 0.9300871668389668, 20.37895986390524 0.9305660346214943, 20.388663304524734 0.9310291285670376, 20.398367484773402 0.9314764557033338, 20.408072378649813 0.9319080231987857, 20.417777960203026 0.9323238385848718, 20.427484203494217 0.9327239094773835, 20.43719108263265 0.9331082438026295, 20.44689857176077 0.9334768497014382, 20.456606645044864 0.9338297354546741, 20.46631527671167 0.9341669096971436, 20.476024441002192 0.9344883811451525, 20.485734112214423 0.9347941588209189, 20.495444264685077 0.9350842519544674, 20.505154872778824 0.9353586699129929, 20.514865910930382 0.9356174224066781, 20.524577353590868 0.935860519225528, 20.53428917527657 0.9360879704730255, 20.54400135054778 0.936299786464283, 20.553713853996616 0.9364959776427972, 20.56342666029503 0.9366765547721487, 20.57313974413354 0.9368415286901531, 20.582853080275942 0.936990910526381, 20.592566643535765 0.9371247116082638, 20.6022804087615 0.9372429433930874, 20.611994350890104 0.9373456176659618, 20.62170844487906 0.9374327462867406, 20.631422665766475 0.9375043413964798, 20.641136988645872 0.9375604153297324, 20.65085138864852 0.9376009805452942, 20.660565841003002 0.9376260498218055, 20.67028032096049 0.9376356360110006, 20.679994803859245 0.9376297522351745, 20.689709265098948 0.937608411807395, 20.69942368011918 0.9375716281583368, 20.709138024465453 0.9375194150302528, 20.718852273707974 0.93745178623709, 20.72856640350973 0.9373687558517555, 20.738280389601382 0.9372703381360367, 20.747994207755042 0.937156547461974, 20.757707833857108 0.9370273985048412, 20.76742124382091 0.9368829060105501, 20.7771344136573 0.9367230849713888, 20.78684731945144 0.9365479505672432, 20.796559937330876 0.9363575180804806, 20.80627224354546 0.9361518030884499, 20.815984214374403 0.9359308212391074, 20.825695826198505 0.9356945884223884, 20.835407055480072 0.9354431207222703, 20.84511787872404 0.935176434312779, 20.85482827256499 0.9348945456397448, 20.864538213669466 0.9345974712161121, 20.874247678808143 0.9342852277759531, 20.883956644840378 0.9339578322416668, 20.893665088668048 0.9336153016214457, 20.903372987330147 0.9332576531992265, 20.91308031790066 0.9328849043289247, 20.92278705755936 0.9324970725690521, 20.93249318358246 0.9320941756646861, 20.942198673287976 0.9316762314387205, 20.95190350413765 0.9312432579805536, 20.961607653631678 0.9307952734505892, 20.97131109937657 0.9303322961986276, 20.981013819083454 0.9298543447608234, 20.99071579050419 0.9293614377433989, 21.000416991540163 0.9288535940085391, 21.010117400135268 0.9283308324909403, 21.019816994339102 0.9277931722993001, 21.02951575231434 0.9272406327284523, 21.0392136522631 0.9266732331360908, 21.04891067254194 0.9260909931244827, 21.058606791554638 0.9254939323705048, 21.068301987808898 0.9248820707094961, 21.0779962399342 0.9242554281624538, 21.087689526598137 0.9236140248067348, 21.097381826626545 0.9229578809521122, 21.107073118897986 0.9222870169856257, 21.11676338239203 0.9216014534371212, 21.126452596218837 0.9209012110210167, 21.13614073952551 0.9201863105036627, 21.145827791620587 0.9194567728781324, 21.155513731871842 0.9187126192203598, 21.165198539743766 0.9179538707286364, 21.17488219483972 0.9171805487769322, 21.184564676798807 0.9163926747847184, 21.194245965422468 0.9155902703785728, 21.203926040578306 0.9147733572694545, 21.21360488222614 0.9139419572808571, 21.223282470473823 0.9130960924170208, 21.232958785464376 0.9122357847242042, 21.24263380750297 0.9113610564400682, 21.252307516968926 0.9104719298897621, 21.261979894328032 0.9095684274968729, 21.27165092020248 0.9086505718630312, 21.281320575249538 0.907718385629059, 21.290988840287135 0.9067718916122571, 21.30065569621612 0.9058111127210431, 21.31032112401746 0.904836071948776, 21.319985104836274 0.9038467924628767, 21.329647619853453 0.9028432974681078, 21.339308650407492 0.9018256103305369, 21.348968177929386 0.9007937545108696, 21.35862618392341 0.8997477535422327, 21.368282650064963 0.8986876311267735, 21.377937558066797 0.8976134110030923, 21.387590889794772 0.8965251170557522, 21.39724262721738 0.8954227732671358, 21.40689275236941 0.894306403680685, 21.41654124746265 0.8931760325027069, 21.426188094748913 0.892031683975985, 21.435833276627157 0.8908733824739256, 21.445476775609556 0.8897011524703902, 21.45511857426768 0.8885150184903, 21.464758655354693 0.887315005214296, 21.47439700166762 0.8861011373603709, 21.484033596143266 0.8848734397614857, 21.49366842184237 0.8836319373525084, 21.503301461878767 0.8823766551115412, 21.512932699551147 0.8811076181669901, 21.522562118207333 0.8798248516869415, 21.532189701326327 0.8785283809388316, 21.54181543252166 0.8772182312920382, 21.55143929545421 0.8758944281509147, 21.56106127396997 0.8745569970560505, 21.57068135197064 0.873205963588958, 21.58029951347965 0.8718413534182411, 21.58991574266569 0.8704631923164456, 21.599530023740257 0.8690715060857984, 21.609142341098902 0.8676663206550548, 21.618752679200988 0.8662476619968164, 21.628361022617106 0.8648155561573866, 21.63796735607303 0.8633700292859036, 21.64757166433399 0.861911107556971, 21.657173932345962 0.8604388172603952, 21.666774145128105 0.8589531847326476, 21.67637228779978 0.8574542363716671, 21.68596834564459 0.8559419986761823, 21.695562303983696 0.8544164981674306, 21.70515414831358 0.8528777614700701, 21.714743864214437 0.8513258152581225, 21.724331437355364 0.849760686256011, 21.73391685357763 0.848182401285769, 21.743500098759625 0.8465909871900847, 21.753081158947822 0.8449864709031333, 21.762660020283693 0.843368879410789, 21.772236668986455 0.8417382397395703, 21.781811091453957 0.8400945790093122, 21.791383274122396 0.8384379243596052, 21.800953203587056 0.836768303009712, 21.810520866550025 0.8350857422323703, 21.82008624978053 0.8333902693325871, 21.82964934023104 0.8316819117032805, 21.839210124895335 0.8299606967570061, 21.848768590915807 0.8282266519745509, 21.858324725553572 0.8264798048912262, 21.8678785161273 0.8247201830676755, 21.87742995014131 0.8229478141460234, 21.886979015146036 0.8211627257885212, 21.896525698828754 0.8193649457147824, 21.906069989007193 0.8175545016991219, 21.915611873548464 0.8157314215356963, 21.925151340505167 0.8138957330928069, 21.934688377982756 0.8120474642598036, 21.944222974210724 0.810186642973279, 21.953755117560195 0.8083132972237522, 21.963284796445276 0.8064274550174544, 21.972811999462653 0.8045291444267225, 21.982336715270417 0.802618393546083, 21.991858932637303 0.8006952305080712, 22.00137864048383 0.7987596834973729, 22.010895827769033 0.79681178071144, 22.0204104836291 0.7948515504055639, 22.02992259727171 0.7928790208583574, 22.03943215800156 0.7908942203783896, 22.04893915528403 0.788897177323844, 22.05844357862054 0.7868879200635994, 22.067945417681766 0.7848664770152871, 22.077444662220977 0.7828328766203353, 22.086941302075058 0.7807871473430908, 22.096435327248784 0.7787293176939117, 22.105926727782563 0.7766594161926496, 22.115415493876295 0.774577471400052, 22.124901615824484 0.7724835119011134, 22.134385083992466 0.7703775662978647, 22.143865888918675 0.7682596632338758, 22.153344021178803 0.7661298313614933, 22.16281947149655 0.7639880993661369, 22.172292230702364 0.7618344959570786, 22.181762289686066 0.7596690498559486, 22.191229639513235 0.7574917898208482, 22.200694271290605 0.7553027446182917, 22.210156176260007 0.7531019430406751, 22.219615345781964 0.7508894139031228, 22.229071771266554 0.7486651860295341, 22.238525444299622 0.7464292882746997, 22.247976356514087 0.7441817495016081, 22.257424499664126 0.7419225985926999, 22.266869865633844 0.739651864451247, 22.276312446349227 0.7373695759866963, 22.285752233908998 0.7350757621335366, 22.295189220466924 0.7327704518341995, 22.304623398283677 0.7304536740450035, 22.314054759759888 0.7281254577404564, 22.323483297332807 0.725785831899412, 22.33290900360641 0.723434825519894, 22.34233187124948 0.721072467607353, 22.35175189302319 0.7186987871765104, 22.36116906183731 0.7163138132569957, 22.37058337063512 0.7139175748815066, 22.379994812518305 0.7115101010962845, 22.389403380664206 0.7090914209540364, 22.3988090683285 0.706661563513066, 22.40821186892221 0.704220557842761, 22.417611775889164 0.7017684330146434, 22.42700878282104 0.6993052181086461, 22.436402883396816 0.6968309422096641, 22.44579407136068 0.6943456344054059, 22.455182340616684 0.6918493237904327, 22.464567685103187 0.6893420394606391, 22.473950098894317 0.6868238105158335, 22.483329576163165 0.6842946660586761, 22.492706111136446 0.6817546351926693, 22.50207969820265 0.6792037470237625, 22.511450331788375 0.6766420306583915, 22.52081800644261 0.6740695152031303, 22.530182716824594 0.6714862297646774, 22.539544457637657 0.6688922034492504, 22.548903223745793 0.6662874653611226, 22.558259010057114 0.6636720446039818, 22.567611811588023 0.6610459702787043, 22.576961623475547 0.6584092714830383, 22.5863084408936 0.6557619773133767, 22.59565225917262 0.6531041168600146, 22.60499307369514 0.650435719211188, 22.614330879937615 0.6477568134502031, 22.623665673506146 0.6450674286535543, 22.632997450038978 0.6423675938957565, 22.642326205323954 0.6396573382415411, 22.651651935210595 0.6369366907515951, 22.660974635628097 0.6342056804803397, 22.670294302642667 0.6314643364714168, 22.679610932350336 0.6287126877659164, 22.688924520987474 0.6259507633920938, 22.698235064862665 0.6231785923715984, 22.707542560350728 0.6203962037191683, 22.716847003968773 0.6176036264346771, 22.726148392263735 0.6148008895147453, 22.73544672191186 0.6119880219408561, 22.74474198967246 0.6091650526847654, 22.754034192358993 0.6063320107112177, 22.763323326930077 0.6034889249661041, 22.77260939037641 0.6006358243910572, 22.78189237980559 0.5977727379110529, 22.791172292419002 0.5948996944377078, 22.800449125461874 0.5920167228758818, 22.80972287632475 0.589123852107938, 22.818993542434676 0.5862211110105289, 22.828261121322374 0.5833085284429415, 22.837525610622265 0.5803861332470832, 22.846787008004625 0.5774539542584773, 22.85604531128219 0.5745120202870506, 22.865300518310715 0.571560360134971, 22.87455262703594 0.5685990025871164, 22.883801635516114 0.5656279764067482, 22.893047541839792 0.5626473103510281, 22.902290344232267 0.5596570331491812, 22.91153004097004 0.5566571735199598, 22.92076663040602 0.5536477601655622, 22.93000011101291 0.550628821762251, 22.9392304812905 0.5476003869802198, 22.948457739867294 0.5445624844602643, 22.95768188543226 0.5415151428293619, 22.9669029167379 0.5384583906991983, 22.97612083266182 0.5353922566513288, 22.985335632107837 0.5323167692608621, 22.994547314098572 0.5292319570729057, 23.003755877726928 0.5261378486148254, 23.012961322137524 0.5230344724003019, 23.022163646603303 0.5199218569090714, 23.031362850424664 0.5168000306135059, 23.040558933009613 0.5136690219562531, 23.0497518938461 0.510528859357863, 23.05894173246373 0.5073795712269031, 23.06812844852105 0.5042211859347493, 23.07731204170745 0.5010537318438374, 23.086492511807815 0.497877237287964, 23.095669858696102 0.4946917305742041, 23.104844082279847 0.4914972399992054, 23.11401518259357 0.488293793820045, 23.123183159707835 0.4850814202825314, 23.132348013776202 0.4818601476056284, 23.141509745049405 0.4786300039768766, 23.15066835380603 0.4753910175745479, 23.1598238404469 0.4721432165359729, 23.16897620541581 0.4688866289840807, 23.178125449227093 0.4656212830173487, 23.18727157249895 0.462347206698268, 23.19641457587397 0.4590644280806979, 23.205554460110005 0.4557729751772226, 23.21469122601586 0.452472875982183, 23.22382487445901 0.4491641584682455, 23.23295540641581 0.4458468505678568, 23.24208282288564 0.4425209802048369, 23.251207124974442 0.439186575262404, 23.260328313847637 0.4358436636011306, 23.269446390718464 0.4324922730628421, 23.27856135691209 0.4291324314454531, 23.287673213777325 0.4257641665375307, 23.296781962759653 0.4223875060886386, 23.305887605372515 0.4190024778209211, 23.31499014316777 0.4156091094406173, 23.32408957781011 0.4122074286071651, 23.333185910990323 0.4087974629691359, 23.34227914448517 0.4053792401384669, 23.351369280147402 0.4019527876947196, 23.36045631986055 0.3985181332040342, 23.3695402656196 0.3950753041838805, 23.378621119449747 0.3916243281384956, 23.387698883451105 0.3881652325385264, 23.396773559806924 0.3846980448173631, 23.40584515072569 0.3812227923968444, 23.4149136585235 0.3777395026494234, 23.423979085552308 0.3742482029310788, 23.433041434227967 0.3707489205677408, 23.442100707055403 0.3672416828434914, 23.451156906561266 0.3637265170320231, 23.46021003537396 0.3602034503580872, 23.4692600961644 0.3566725100259859, 23.47830709165687 0.3531337232137715, 23.487351024669184 0.3495871170535096, 23.49639189803926 0.3460327186672673, 23.5054297146994 0.3424705551296753, 23.51446447763155 0.3389006534904131, 23.523496189861355 0.3353230407767371, 23.532524854510857 0.331737743966455, 23.54155047472225 0.3281447900269497, 23.55057305372368 0.324544205880567, 23.559592594800094 0.3209360184198726, 23.568609101271708 0.3173202545186189, 23.577622576556166 0.3136969409985284, 23.58663302409293 0.310066104669629, 23.595640447398246 0.3064277723000081, 23.604644850051965 0.3027819706230166, 23.613646235662284 0.2991287263564549, 23.6226446079342 0.2954680661650263, 23.631639970597547 0.2918000166997166, 23.640632327449534 0.288124604573129, 23.649621682356937 0.2844418563581745, 23.658608039209618 0.280751798614491, 23.667591401991103 0.2770544578477128, 23.67657177471407 0.2733498605466642, 23.685549161449252 0.2696380331661856, 23.69452356634218 0.2659190021172956, 23.703494993557968 0.2621927937994065, 23.712463447350864 0.2584594345588082, 23.721428932009477 0.2547189507213167, 23.730391451871395 0.2509713685830607, 23.739351011353 0.247216714392438, 23.748307614888294 0.2434550143870736, 23.757261266994558 0.2396862947533342, 23.7662119722291 0.2359105816529545, 23.77515973518986 0.2321279012222598, 23.784104560556266 0.228338279546641, 23.793046453024775 0.2245417427007391, 23.80198541736841 0.2207383167106183, 23.81092145840594 0.2169280275732707, 23.819854580989364 0.2131109012642957, 23.828784790053437 0.2092869637059866, 23.837712090550713 0.2054562408091176, 23.846636487502906 0.2016187584392697, 23.85555798598308 0.1977745424284814, 23.864476591091233 0.193923618590947, 23.87339230800991 0.1900660126861092, 23.88230514194134 0.1862017504603487, 23.89121509814929 0.1823308576187161, 23.900122181953883 0.1784533598284037, 23.90902639869723 0.1745692827416818, 23.917927753802367 0.1706786519557262, 23.926826252714797 0.1667814930523939, 23.935721900933952 0.1628778315763712, 23.94461470401995 0.1589676930304928, 23.95350466755126 0.1550511029048236, 23.962391797184235 0.1511280866350703, 23.97127609860135 0.1471986696387268, 23.980157577531553 0.1432628773004422, 23.989036239768 0.1393207349595219, 23.997912091119826 0.1353722679438952, 24.006785137469915 0.1314175015287777, 24.015655384731353 0.1274564609678212, 24.02452283885674 0.1234891714861242, 24.033387505865452 0.1195156582605448, 24.042249391791582 0.1155359464572452, 24.051108502738106 0.111550061192091, 24.059964844842415 0.1075580275557971, 24.0688184242751 0.1035598706146032, 24.07766924727514 0.099555615384285, 24.086517320095936 0.0955452868699301, 24.095362649054344 0.0915289100293214, 24.10420524050588 0.087506509791436, 24.113045100833645 0.0834781110645158, 24.121882236489782 0.0794437387049101, 24.130716653941406 0.075403417557672, 24.139548359713366 0.0713571724238575, 24.148377360373054 0.067305028072096, 24.15720366251089 0.0632470092538478, 24.166027272786458 0.0591831406690221, 24.174848197875633 0.0551134470052422, 24.18366644450598 0.0510379529091774, 24.192482019450914 0.0469566829911972, 24.201294929502843 0.0428696618468477, 24.210105181521648 0.038776914019298, 24.218912782385267 0.0346784640376527, 24.227717739018022 0.0305743363946328, 24.23652005839337 0.0264645555444081, 24.245319747500933 0.0223491459283928, 24.254116813395576 0.0182281319364865, 24.262911263152535 0.0141015379424866, 24.271703103887997 0.0099693882876372, 24.28049234276971 0.00583170727217, 24.289278986979536 0.0016885191850395, 24.298063043761797 -0.0024601517347058, 24.30684452038374 -0.0066142812663857, 24.315623424148466 -0.0107738452181552, 24.324399762412483 -0.0149388194411566, 24.333173542545087 -0.0191091797968599, 24.34194477197471 -0.0232849021945363, 24.35071345815543 -0.0274659625641966, 24.359479608572485 -0.0316523368611703, 24.36824323076578 -0.0358440010852176, 24.377004332287324 -0.0400409312459305, 24.385762920744632 -0.044243103398219, 24.394519003773528 -0.0484504936200745, 24.40327258903681 -0.0526630780115855, 24.412023684252592 -0.0568808327181942, 24.420772297150894 -0.0611037338950671, 24.429518435513536 -0.0653317577399516, 24.43826210715315 -0.0695648804758713, 24.447003319905647 -0.0738030783450636, 24.45574208166244 -0.078046327635517, 24.46447840032698 -0.0822946046451548, 24.473212283850835 -0.0865478857116271, 24.481943740218572 -0.0908061471998446, 24.49067277743495 -0.095069365491414, 24.499399403559885 -0.0993375170135813, 24.50812362666584 -0.1036105782039736, 24.51684545486974 -0.1078885255370306, 24.525564896323495 -0.1121713355161403, 24.53428195919655 -0.1164589846592715, 24.54299665171273 -0.1207514495295578, 24.551708982109126 -0.1250487067011093, 24.56041895866424 -0.129350732781163, 24.56912658969354 -0.1336575044065512, 24.577831883527764 -0.1379689982271796, 24.58653484855036 -0.1422851909382809, 24.595235493158807 -0.1466060592470943, 24.603933825788314 -0.1509315798919227, 24.61262985491209 -0.1552617296423222, 24.621323589017095 -0.1595964852792011, 24.63001503664213 -0.1639358236263436, 24.63870420634113 -0.1682797215200395, 24.647391106702703 -0.1726281558251245, 24.656075746354375 -0.1769811034384808, 24.66475813393611 -0.1813385412672069, 24.673438278138153 -0.1857004462596921, 24.68211618766686 -0.1900667953775647, 24.690791871260522 -0.1944375656085392, 24.699465337697042 -0.198812733972706, 24.708136595765758 -0.2031922774994796, 24.716805654304597 -0.2075761732578315, 24.725472522168552 -0.2119643983306184, 24.734137208242053 -0.2163569298245399, 24.74279972144959 -0.2207537448786966, 24.75146007072631 -0.2251548206408048, 24.76011826505429 -0.2295601342962827, 24.768774313433457 -0.2339696630449294, 24.77742822489107 -0.2383833841083587, 24.786080008494547 -0.2428012747403, 24.794729673321466 -0.2472233122025356, 24.80337722849461 -0.2516494737926592, 24.812022683155366 -0.2560797368229744, 24.820666046470535 -0.2605140786257748, 24.829307327647083 -0.2649524765649083, 24.837946535901693 -0.2693949080118083, 24.846583680494692 -0.2738413503717957, 24.855218770705516 -0.2782917810650265, 24.863851815837457 -0.2827461775301048, 24.872482825233625 -0.287204517236494, 24.881111808246605 -0.2916667776607904, 24.88973877427144 -0.296132936311074, 24.898363732722746 -0.3006029707099529, 24.90698669303771 -0.3050768583969909, 24.915607664693066 -0.3095545769414539, 24.92422665717465 -0.3140361039195275, 24.932843680008865 -0.3185214169382232, 24.941458742741574 -0.3230104936193534, 24.950071854940216 -0.3275033116003442, 24.958683026211325 -0.3319998485468987, 24.967292266170457 -0.3365000821312105, 24.975899584472803 -0.3410039900539832, 24.984504990793116 -0.345511550029991, 24.993108494826973 -0.350022739788615, 25.001710106308273 -0.3545375370862289, 25.010309834979775 -0.3590559196853655, 25.018907690622946 -0.3635778653753135, 25.0275036830386 -0.3681033519587506, 25.036097822047797 -0.372632357252033, 25.0446901175092 -0.3771648590969655, 25.053280579290167 -0.3817008353411668, 25.061869217295957 -0.386240263857335, 25.070456041450807 -0.3907831225307239, 25.079041061698856 -0.3953293892594407, 25.08762428802101 -0.3998790419653405, 25.096205730406787 -0.4044320585757349, 25.1047853988829 -0.4089884170413873, 25.113363303494495 -0.4135480953246428, 25.121939454306514 -0.4181110713999794, 25.13051386141978 -0.4226773232638094, 25.13908653494353 -0.4272468289176407, 25.147657485023803 -0.4318195663848053, 25.15622672182428 -0.4363955136991099, 25.16479425552861 -0.4409746489058508, 25.173360096355207 -0.4455569500703428, 25.181924254530887 -0.4501423952626302, 25.19048674031894 -0.4547309625729397, 25.19904756399935 -0.4593226301007629, 25.20760673587266 -0.4639173759561829, 25.216164266273214 -0.4685151782667817, 25.224720165543772 -0.4731160151645778, 25.23327444406286 -0.4777198648009052, 25.241827112224534 -0.4823267053354484, 25.250378180443818 -0.4869365149380984, 25.25892765916811 -0.4915492717944923, 25.26747555885328 -0.4961649540942942, 25.27602188999123 -0.500783540044082, 25.28456666308835 -0.5054050078572252, 25.293109888672785 -0.5100293357567712, 25.301651577303502 -0.514656501979484, 25.31019173954816 -0.5192864847658353, 25.318730386010337 -0.5239192623713858, 25.327267527306837 -0.5285548130572403, 25.335803174077263 -0.533193115093512, 25.34433733699037 -0.5378341467618446, 25.352870026724 -0.542477886347285, 25.361401253991755 -0.5471243121480673, 25.369931029519154 -0.5517734024668011, 25.378459364055743 -0.5564251356143252, 25.386986268378365 -0.5610794899108235, 25.39551175327358 -0.5657364436795875, 25.404035829563433 -0.5703959752550605, 25.412558508080593 -0.5750580629749955, 25.421079799683167 -0.5797226851844476, 25.42959971525444 -0.5843898202356858, 25.438118265688413 -0.5890594464837641, 25.446635461914045 -0.5937315422927015, 25.455151314869727 -0.5984060860288986, 25.463665835520853 -0.6030830560649539, 25.47217903485559 -0.6077624307786996, 25.480690923874235 -0.6124441885503016, 25.489201513611274 -0.617128307766422, 25.497710815109684 -0.6218147668152939, 25.506218839441043 -0.6265035440899428, 25.514725597697176 -0.6311946179867904, 25.523231100983697 -0.6358879669042141, 25.531735360438862 -0.6405835692451879, 25.540238387208802 -0.6452814034136719, 25.548740192469825 -0.6499814478166294, 25.557240787415797 -0.6546836808627698, 25.565740183256654 -0.6593880809619027, 25.574238391233287 -0.6640946265259432, 25.582735422594276 -0.668803295967192, 25.591231288619724 -0.6735140676990164, 25.599726000604512 -0.6782269201352733, 25.608219569862197 -0.6829418316898107, 25.616712007734918 -0.6876587807764534, 25.62520332557295 -0.692377745808819, 25.633693534759043 -0.6970987051993526, 25.642182646688088 -0.7018216373600348, 25.650670672776528 -0.7065465207013023, 25.659157624466495 -0.7112733336317442, 25.667643513209427 -0.7160020545589962, 25.676128350489524 -0.7207326618871414, 25.684612147800834 -0.7254651340191426, 25.693094916661998 -0.7301994493543873, 25.701576668613946 -0.7349355862890099, 25.71005741520895 -0.7396735232170973, 25.718537168031375 -0.7444132385268699, 25.727015938673865 -0.7491547106049469, 25.73549373875648 -0.7538979178318626, 25.743970579917875 -0.7586428385840299, 25.752446473810966 -0.7633894512341495, 25.760921432118984 -0.7681377341470353, 25.769395466532803 -0.7728876656853705, 25.77786858877309 -0.7776392242029408, 25.786340810575258 -0.78239238804912, 25.794812143692663 -0.7871471355672085, 25.80328259990604 -0.7919034450912146, 25.81175219100433 -0.7966612949521269, 25.82022092880783 -0.8014206634690034, 25.828688825148134 -0.8061815289565729, 25.83715589187878 -0.8109438697203276, 25.845622140876873 -0.8157076640558479, 25.854087584029674 -0.820472890254064, 25.8625522332559 -0.8252395265913437, 25.871016100483033 -0.8300075513399306, 25.879479197664423 -0.8347769427590145, 25.887941536772452 -0.8395476790981905, 25.896403129793107 -0.8443197385996379, 25.904863988742093 -0.8490930994892761, 25.91332412564283 -0.8538677399886545, 25.92178355254783 -0.8586436383021605, 25.93024228152399 -0.8634207726257013, 25.93870032465631 -0.8681991211437246, 25.947157694056045 -0.872978662024039, 25.955614401842997 -0.8777593734287754, 25.964070460167846 -0.8825412334991873, 25.972525881191597 -0.8873242203694726, 25.980980677098316 -0.8921083121572164, 25.98943486009351 -0.8968934869645215, 25.997888442394213 -0.901679722884723, 26.006341436247702 -0.9064669979880158, 26.014793853909296 -0.9112552903383024, 26.023245707661783 -0.9160445779771933, 26.031697009803974 -0.920834838933279, 26.04014777265092 -0.9256260512213411, 26.048598008544595 -0.9304181928332523, 26.057047729835162 -0.9352112417536117, 26.06549694890306 -0.940005175939643, 26.07394567813982 -0.9447999733384755, 26.08239392995897 -0.9495956118763512, 26.090841716795982 -0.9543920694587031, 26.099289051097465 -0.9591893239799013, 26.10773594534 -0.9639873533045061, 26.116182412008342 -0.9687861352888071, 26.124628463614325 -0.97358564776086, 26.133074112685577 -0.9783858685322601, 26.14151937176628 -0.9831867753965386, 26.149964253427022 -0.9879883461184635, 26.15840877024684 -0.9927905584532669, 26.16685293483478 -0.9975933901220534, 26.17529675981032 -1.002396818833987, 26.183740257815792 -1.0072008222710556, 26.192183441513965 -1.0120053780910672, 26.20062632357994 -1.0168104639365596, 26.209068916717776 -1.0216160574143032, 26.21751123363953 -1.026422136120999, 26.22595328708532 -1.031228677617267, 26.234395089808952 -1.0360356594461044, 26.242836654583083 -1.0408430591253441, 26.251277994204326 -1.045650854140803, 26.259719121479094 -1.0504590219648409, 26.268160049243487 -1.0552675400285854, 26.276600790342542 -1.0600763857507267, 26.285041357646755 -1.0648855365133403, 26.29348176404343 -1.0696949696743254, 26.30192202243548 -1.0745046625683485, 26.310362145752144 -1.0793145924908705, 26.318802146931183 -1.0841247367244127, 26.327242038939346 -1.0889350725067957, 26.335681834753718 -1.093745577059907, 26.34412154737462 -1.0985562275685345, 26.35256118982181 -1.1033670011864236, 26.3610007751284 -1.1081778750453684, 26.36944031635503 -1.1129888262317993, 26.377879826570535 -1.1177998318184035, 26.386319318872157 -1.1226108688294936, 26.39475880636892 -1.1274219142692856, 26.403198302190948 -1.1322329451048996, 26.411637819489204 -1.1370439382668744, 26.420077371426647 -1.1418548706640117, 26.4285169711943 -1.1466657191542704, 26.43695663199138 -1.1514764605804906, 26.44539636704466 -1.1562870717340363, 26.45383618959356 -1.1610975293825376, 26.46227611289747 -1.1659078102551748, 26.470716150237287 -1.170717891039703, 26.47915631490529 -1.1755277484012578, 26.487596620221773 -1.1803373589494308, 26.496037079515315 -1.1851466992771083, 26.504477706141493 -1.189955745922001, 26.512918513468737 -1.1947644753954283, 26.521359514885074 -1.199572864167475, 26.529800723799863 -1.2043808886633336, 26.53824215363391 -1.2091885252834529, 26.546683817835536 -1.2139957503686354, 26.555125729861373 -1.2188025402414258, 26.563567903194837 -1.2236088711646074, 26.57201035133177 -1.2284147193733161, 26.58045308778799 -1.2332200610567359, 26.588896126099684 -1.2380248723573446, 26.597339479815027 -1.2428291293894158, 26.605783162508466 -1.2476328082049402, 26.614227187762793 -1.2524358848359858, 26.62267156918789 -1.2572383352489034, 26.631116320405045 -1.2620401353825077, 26.63956145505657 -1.2668412611229105, 26.64800698680336 -1.2716416883100932, 26.656452929319666 -1.2764413927496765, 26.66489929630482 -1.2812403501828973, 26.67334610146677 -1.2860385363284963, 26.68179335854042 -1.290835926834095, 26.69024108127042 -1.2956324973213862, 26.698689283424102 -1.3004282233505196, 26.707137978784615 -1.3052230804387557, 26.715587181150614 -1.310017044060042, 26.72403690434336 -1.3148100896252297, 26.73248716219378 -1.3196021925176302, 26.740937968559063 -1.3243933280451379, 26.749389337304898 -1.3291834714909843, 26.757841282321323 -1.3339725980665966, 26.76629381751094 -1.3387606829461922, 26.77474695679471 -1.3435477012482016, 26.783200714112603 -1.3483336280333682, 26.791655103416492 -1.3531184383253054, 26.80011013868241 -1.3579021070721524, 26.80856583389468 -1.362684609195629, 26.817022203062805 -1.3674659195365053, 26.825479260205814 -1.372246012904739, 26.833937019364125 -1.3770248640393876, 26.84239549459266 -1.3818024476315243, 26.850854699961754 -1.3865787383197317, 26.85931464956187 -1.3913537106737361, 26.867775357493596 -1.3961273392280285, 26.87623683788135 -1.4008995984332677, 26.884699104857532 -1.4056704627116705, 26.89316217257797 -1.410439906400556, 26.901626055208492 -1.4152079038007195, 26.910090766934125 -1.419974429140935, 26.91855632195454 -1.4247394565950007, 26.927022734483455 -1.4295029602829294, 26.935490018754468 -1.4342649142485562, 26.943958189010537 -1.4390252924986764, 26.952427259517062 -1.4437840689505053, 26.960897244547127 -1.4485412174901338, 26.969368158395785 -1.453296711913318, 26.977840015367597 -1.4580505259765133, 26.986312829785426 -1.4628026333581272, 26.994786615985614 -1.467553007679217, 27.00326138831804 -1.4723016225011494, 27.011737161150215 -1.477048451307514, 27.02021394885904 -1.4817934675392108, 27.02869176584182 -1.4865366445439734, 27.037170626503155 -1.4912779556353335, 27.045650545268163 -1.4960173740295577, 27.05413153657003 -1.5007548729043425, 27.062613614859885 -1.5054904253488441, 27.07109679459978 -1.5102240043984934, 27.0795810902658 -1.5149555830166557, 27.088066516348327 -1.5196851340932471, 27.096553087347928 -1.5244126304639873, 27.105040817782292 -1.529138044873075, 27.1135297221765 -1.5338613500237919, 27.12201981507398 -1.5385825185172335, 27.130511111024717 -1.5433015229169655, 27.139003624596075 -1.5480183356851522, 27.147497370363155 -1.5527329292383532, 27.15599236291583 -1.5574452759027673, 27.164488616853966 -1.5621553479430053, 27.172986146789015 -1.5668631175494925, 27.181484967344964 -1.5715685568321929, 27.18998509315417 -1.5762716378438233, 27.19848653886307 -1.58097233254041, 27.206989319124727 -1.5856706128324045, 27.215493448608076 -1.5903664505211277, 27.22399894198714 -1.5950598173677901, 27.23250581394677 -1.5997506850315073, 27.241014079177923 -1.604439025124649, 27.249523752395152 -1.6091248091387595, 27.258034848324566 -1.6138080084978508, 27.266547381666207 -1.6184885946059682, 27.275061367099934 -1.6231665388441818, 27.283576819418762 -1.6278418123280494, 27.29209375356888 -1.6325143858157942, 27.300612184220878 -1.6371842305275557, 27.30913212543753 -1.641851318717383, 27.317653591939308 -1.6465156213866319, 27.326176600917307 -1.651177104884339, 27.33470116837766 -1.6558357377071131, 27.343227301201473 -1.660491505086136, 27.351755006922605 -1.6651443910054318, 27.36028432495859 -1.6697943205455539, 27.368815303773534 -1.6744412020470802, 27.377347886339273 -1.6790851383507641, 27.385881952152104 -1.683726349329903, 27.3944178233987 -1.6883642386482862, 27.40295630374879 -1.6929973221822237, 27.4114979374336 -1.6976245908221221, 27.42004282384681 -1.7022458504227667, 27.42859100864233 -1.7068610057447966, 27.437142503919468 -1.71147002403637, 27.4456973201373 -1.716072875477205, 27.454255477209767 -1.72066951224268, 27.46281699640707 -1.725259883837727, 27.471381896443255 -1.7298439442265212, 27.479950195388373 -1.73442164843629, 27.488521911968952 -1.7389929499463994, 27.497097065161636 -1.7435578016058684, 27.505675673770117 -1.748116156280947, 27.514257756503472 -1.7526679668241205, 27.522843332102223 -1.7572131857417577, 27.531432419330162 -1.7617517652728476, 27.540025036932892 -1.7662836574253078, 27.54862120363759 -1.7708088139826303, 27.557220938163688 -1.7753271865002997, 27.565824259221657 -1.779838726256981, 27.57443118551165 -1.7843433843290697, 27.583041735718133 -1.7888411114964309, 27.591655928515433 -1.7933318583539641, 27.60027378255999 -1.7978155751754026, 27.608895316497794 -1.8022922120630869, 27.617520548953454 -1.8067617187810616, 27.62614949854063 -1.8112240449302917, 27.634782183848547 -1.8156791397609289, 27.643418623454693 -1.820126952362861, 27.65205883590924 -1.8245674314682692, 27.660702839749405 -1.8290005256465722, 27.669350653482432 -1.8334261831076726, 27.678002295600976 -1.837844351891686, 27.686657784565398 -1.8422549796811467, 27.695317138819426 -1.8466580139785491, 27.703980376772464 -1.8510534019332257, 27.71264751681484 -1.8554410905022247, 27.721318577300554 -1.8598210262955495, 27.729993576561824 -1.8641931557177154, 27.73867253289271 -1.8685574248328052, 27.74735546456249 -1.8729137794858763, 27.756042389800527 -1.8772621651881896, 27.764733326808212 -1.881602527218765, 27.773428293745226 -1.8859348105289213, 27.782127308739955 -1.8902589598252595, 27.790830389877204 -1.8945749194918882, 27.799537555207056 -1.8988826336567812, 27.808248822734058 -1.9031820461294966, 27.816964210424562 -1.9074731004533052, 27.825683736197195 -1.911755739855819, 27.834407417928922 -1.9160299072896398, 27.843135273446634 -1.9202955453930326, 27.851867320532087 -1.9245525965220538, 27.86060357691432 -1.9288010027182483, 27.8693440602739 -1.9330407057353438, 27.878088788235658 -1.9372716470108287, 27.886837778372772 -1.941493767690411, 27.895591048199304 -1.9457070086002437, 27.90434861517465 -1.9499113102723968, 27.913110496695257 -1.9541066129145013, 27.921876710100094 -1.9582928564394844, 27.93064727266092 -1.9624699804293528, 27.93942220158947 -1.9666379241724588, 27.94820151402543 -1.9707966266182126, 27.956985227046257 -1.9749460264250778, 27.965773357651944 -1.97908606190304, 27.974565922778382 -1.983216671075419, 27.98336293927797 -1.987337791606152, 27.992164423937478 -1.9914493608782364, 28.000970393453574 -1.9955513159031881, 28.009780864456065 -1.999643593418486, 28.018595853477528 -2.0037261297771978, 28.027415376982653 -2.0077988610660937, 28.03623945133129 -2.011861722974179, 28.045068092814546 -2.0159146509321575, 28.05390131761073 -2.019957579959935, 28.062739141828477 -2.0239904448265915, 28.071581581455614 -2.0280131798786023, 28.080428652408933 -2.0320257192174913, 28.08928037047674 -2.036027996512879, 28.098136751374042 -2.0400199451922614, 28.10699781068063 -2.0440014982460895, 28.115863563899133 -2.0479725884206825, 28.124734026391856 -2.051933148026104, 28.13360921343783 -2.055883109120081, 28.1424891401728 -2.0598224033316765, 28.151373821640558 -2.063750962022795, 28.160263272740977 -2.067668716141116, 28.16915750827054 -2.071575596346025, 28.178056542883628 -2.07547153290342, 28.186960391117104 -2.0793564557643447, 28.19586906736978 -2.0832302945121657, 28.20478258590642 -2.0870929783850283, 28.213700960859498 -2.0909444362822867, 28.222624206209346 -2.0947845967263685, 28.231552335810434 -2.098613387929953, 28.240485363346718 -2.1024307376991964, 28.24942330238167 -2.106236573555807, 28.25836616629163 -2.110030822591929, 28.267313968334502 -2.1138134116317415, 28.27626672156891 -2.1175842670590206, 28.285224438930552 -2.1213433149914303, 28.294187133151237 -2.125090481112666, 28.303154816826904 -2.12882569082493, 28.31212750235299 -2.13254886911977, 28.321105201968194 -2.136259940677542, 28.330087927720808 -2.13995882980336, 28.339075691475827 -2.1436454604531647, 28.348068504921464 -2.1473197562483466, 28.357066379534132 -2.150981640422559, 28.366069326626324 -2.1546310359122507, 28.375077357273447 -2.158267865236575, 28.38409048239296 -2.1618920506410917, 28.393108712649955 -2.1655035139443233, 28.40213205854366 -2.1691021766908984, 28.4111605303214 -2.1726879600157885, 28.420194138040767 -2.1762607847550193, 28.429232891521636 -2.1798205713734973, 28.438276800359155 -2.1833672399975437, 28.447325873931725 -2.1869007104295615, 28.456380121355384 -2.1904209020932854, 28.465439551547423 -2.1939277341290664, 28.47450417313391 -2.1974211252744063, 28.483573994544024 -2.200900994000327, 28.492649023908296 -2.2043672583818914, 28.501729269137844 -2.2078198362125216, 28.510814737860986 -2.211258644926964, 28.519905437444862 -2.214683601641051, 28.52900137500165 -2.218094623162346, 28.538102557336384 -2.221491625940864, 28.547208991021368 -2.2248745261598666, 28.55632068229128 -2.2282432396276435, 28.565437637143965 -2.2315976818967047, 28.574559861242122 -2.2349377681647646, 28.58368735997439 -2.2382634133505093, 28.59282013842369 -2.241574532065224, 28.6019582013446 -2.244871038603936, 28.61110155321873 -2.2481528470027476, 28.620250198156263 -2.2514198709586046, 28.62940413999979 -2.254672023931182, 28.63856338221647 -2.257909219055491, 28.64772792796858 -2.2611313692141635, 28.656897780076157 -2.2643383870109624, 28.666072940993097 -2.267530184765547, 28.67525341286884 -2.2707066745659072, 28.684439197441474 -2.2738677682002217, 28.693630296144804 -2.2770133772430787, 28.70282671000742 -2.280143412992327, 28.712028439702944 -2.2832577865161316, 28.72123548554383 -2.286356408653425, 28.730447847421026 -2.2894391899905475, 28.739665524895553 -2.292506040922348, 28.748888517079234 -2.2955568715943295, 28.758116822727494 -2.298591591965169, 28.767350440180735 -2.3016101117817933, 28.77658936735161 -2.3046123405879286, 28.785833601785914 -2.3075981877584693, 28.795083140550346 -2.3105675624615296, 28.80433798033937 -2.3135203737146917, 28.81359811738906 -2.3164565303577813, 28.822863547494627 -2.3193759410739903, 28.832134266048413 -2.3222785144089455, 28.84141026793813 -2.3251641587510434, 28.850691547654936 -2.3280327823748195, 28.859978099199083 -2.3308842934224216, 28.86926991610643 -2.333718599925853, 28.878566991481282 -2.336535609820745, 28.88786931789599 -2.3393352309392914, 28.897176887497828 -2.342117371041386, 28.90648969192059 -2.344881937808337, 28.915807722299746 -2.3476288388610795, 28.925130969318836 -2.350357981772483, 28.934459423101146 -2.3530692740709878, 28.943793073311404 -2.3557626232606013, 28.953131909089798 -2.3584379368255615, 28.962475919035242 -2.3610951222466725, 28.971825091278195 -2.363734087009815, 28.981179413367528 -2.3663547386210433, 28.990538872349845 -2.3689569846181775, 28.999903454748807 -2.3715407325796787, 29.009273146500576 -2.374105890147197, 29.01864793305039 -2.376652365025815, 29.02802779925906 -2.37918006500741, 29.03741272942787 -2.381688897984061, 29.046802707341538 -2.3841787719486525, 29.05619771616482 -2.386649595031158, 29.06559773852991 -2.38910127549381, 29.075002756503753 -2.3915337217481465, 29.084412751534472 -2.393946842387614, 29.093827704541425 -2.3963405461728424, 29.103247595831213 -2.398714742070326, 29.11267240511161 -2.4010693392657263, 29.122102111544347 -2.4034042471549264, 29.131536693646563 -2.405719375399033, 29.140976129356883 -2.408014633912837, 29.15042039603804 -2.4102899328727534, 29.159869470398366 -2.4125451827709266, 29.169323328577963 -2.4147802943892245, 29.178781946108103 -2.416995178831249, 29.18824529787055 -2.4191897475635797, 29.19771335817786 -2.421363912384385, 29.20718610070639 -2.423517585475669, 29.216663498494132 -2.4256506794248525, 29.226145524002245 -2.4277631071980665, 29.23563214903662 -2.4298547822073444, 29.24512334477599 -2.4319256183114315, 29.25461908181233 -2.433975529799077, 29.26411933007142 -2.4360044314649842, 29.27362405886094 -2.4380122385928695, 29.283133236892425 -2.4399988669502592, 29.29264683220702 -2.441964232868138, 29.302164812234352 -2.4439082532108616, 29.311687143801155 -2.4458308453812143, 29.3212137930644 -2.4477319274007, 29.330744725574302 -2.4496114178707904, 29.340279906275224 -2.4514692359852854, 29.349819299445667 -2.4533053016106354, 29.35936286876092 -2.45511953524351, 29.36891057729156 -2.456911858025702, 29.378462387449233 -2.4586821918208717, 29.388018261046682 -2.460430459170911, 29.397578159297375 -2.462156583311687, 29.407142042763585 -2.4638604882553006, 29.41670987141316 -2.4655420987437258, 29.42628160462369 -2.4672013402590465, 29.43585720113242 -2.4688381391092338, 29.44543661908734 -2.470452422384682, 29.455019816058037 -2.4720441179598374, 29.464606748987972 -2.473613154581122, 29.474197374237075 -2.4751594618314, 29.483791647600917 -2.476682970119652, 29.49338952426723 -2.4781836107676476, 29.50299095884665 -2.4796613159892593, 29.51259590540079 -2.4811160188656056, 29.522204317406228 -2.4825476534245476, 29.531816147769977 -2.4839561546429594, 29.54143134886608 -2.4853414584058866, 29.55104987251057 -2.4867035015708026, 29.56067166995981 -2.4880422219996157, 29.570296691953182 -2.4893575585054935, 29.579924888701466 -2.4906494508958863, 29.589556209869926 -2.4919178400341635, 29.599190604622482 -2.4931626677805583, 29.60882802162405 -2.4943838770092808, 29.618468409015584 -2.4955814116895723, 29.628111714451304 -2.496755216837826, 29.637757885113988 -2.4979052385080456, 29.64740686769287 -2.4990314238702704, 29.657058608404153 -2.500133721197628, 29.66671305301831 -2.5012120798293203, 29.676370146848335 -2.502266450227324, 29.68602983475044 -2.503296784011576, 29.695692061159075 -2.504303033901664, 29.705356770088503 -2.5052851537394143, 29.715023905120432 -2.506243098557141, 29.724693409436114 -2.507176824534688, 29.734365225829205 -2.508086288993046, 29.7440392966944 -2.508971450461476, 29.753715564046054 -2.5098322686655403, 29.763393969541898 -2.510668704488262, 29.773074454480266 -2.511480720016001, 29.782756959801567 -2.512268278582126, 29.79244142611785 -2.5130313447075054, 29.802127793720402 -2.513769884111682, 29.81181600257348 -2.5144838637868343, 29.821505992338718 -2.5151732519564, 29.831197702391613 -2.5158380180522495, 29.840891071820074 -2.516478132771922, 29.85058603943454 -2.517093568097104, 29.860282543792543 -2.517684297225642, 29.869980523205157 -2.518250294594497, 29.879679915735366 -2.5187915359804123, 29.889380659222702 -2.519307998427918, 29.89908269129674 -2.519799660231692, 29.90878594937897 -2.520266501001941, 29.91849037069667 -2.520708501665963, 29.928195892302064 -2.521125644418772, 29.937902451079843 -2.5215179127496254, 29.947609983753214 -2.5218852915044496, 29.957318426904134 -2.522227766827105, 29.9670277169851 -2.5225453261503135, 29.976737790325522 -2.5228379582610807, 29.986448583146554 -2.523105653294527, 29.99616003157679 -2.523348402683042, 30.005872071661553 -2.5235661991786698, 30.015584639373806 -2.5237590368962786, 30.025297670629598 -2.5239269112950207, 30.03501110129928 -2.5240698191734325, 30.04472486721896 -2.5241877587111516, 30.05443890420495 -2.524280729458888, 30.06415314806613 -2.5243487322929656, 30.07386753461536 -2.5243917694493954, 30.083581999684014 -2.5244098445760716, 30.09329647913418 -2.5244029626651097, 30.103010908869535 -2.524371130050094, 30.112725224851 -2.5243143544786637, 30.12243936310961 -2.5242326450798513, 30.132153259756002 -2.5241260123240705, 30.141866850994813 -2.523994468066141, 30.151580073141712 -2.5238380255662, 30.161292862630333 -2.523656699416152, 30.171005156023845 -2.5234505055602674, 30.18071689003692 -2.523219461408094, 30.190428001543612 -2.522963585744832, 30.200138427584523 -2.5226828986925414, 30.209848105386556 -2.5223774217746255, 30.2195569723792 -2.522047177924168, 30.229264966196624 -2.5216921914123867, 30.23897202469202 -2.521312487869008, 30.248678085963043 -2.520908094348483, 30.258383088352016 -2.520479039251237, 30.268086970453695 -2.5200253523057548, 30.277789671143157 -2.5195470646429845, 30.287491129583177 -2.51904420876011, 30.29719128522366 -2.5185168184598257, 30.306890077824555 -2.5179649288924684, 30.31658744747496 -2.51738857655678, 30.326283334588155 -2.5167877992615684, 30.335977679917686 -2.5161626361572256, 30.34567042458781 -2.5155131277623384, 30.35536151008405 -2.5148393158810904, 30.36505087825875 -2.5141412435846235, 30.37473847136793 -2.513418955286632, 30.384424232069154 -2.5126724966849463, 30.394108103415622 -2.5119019147054606, 30.403790028890587 -2.511107257566753, 30.41346995241912 -2.510288574766231, 30.423147818351346 -2.509445916994975, 30.432823571489696 -2.5085793361791433, 30.442497157116094 -2.507688885507109, 30.452168520967213 -2.506774619330058, 30.461837609252374 -2.50583659317546, 30.471504368692234 -2.5048748637902025, 30.48116874648999 -2.5038894890368892, 30.490830690340534 -2.5028805278969752, 30.5004901484825 -2.501848040573425, 30.510147069667177 -2.5007920883643426, 30.519801403155796 -2.499712733627212, 30.5294530987738 -2.498610039862167, 30.539102106886144 -2.4974840716255846, 30.548748378385255 -2.496334894482383, 30.55839186474749 -2.4951625750824005, 30.568032518012814 -2.493967181088636, 30.577670290764146 -2.492748781117462, 30.58730513618593 -2.4915074448121355, 30.59693700804651 -2.490243242779873, 30.60656586067072 -2.4889562465252015, 30.61619164900111 -2.4876465285213305, 30.625814328579924 -2.486314162150036, 30.635433855517476 -2.4849592216341247, 30.645050186557214 -2.483581782108439, 30.654663279052443 -2.4821819195507926, 30.66427309093297 -2.480759710715338, 30.673879580774795 -2.4793152332014263, 30.68348270777231 -2.4778485654073887, 30.69308243170752 -2.476359786470158, 30.702678713022948 -2.474848976317941, 30.712271512776923 -2.473316215594003, 30.72186079262249 -2.471761585616667, 30.73144651488515 -2.4701851684409344, 30.741028642500204 -2.4685870467659847, 30.750607139008277 -2.4669673039155744, 30.76018196862876 -2.4653260238875343, 30.769753096180544 -2.4636632912536887, 30.779320487102886 -2.461979191165264, 30.7888841075109 -2.460273809378431, 30.7984439241078 -2.4585472321573354, 30.807999904236677 -2.4567995463034342, 30.81755201590183 -2.4550308391478786, 30.827100227687232 -2.453241198470968, 30.836644508837825 -2.451430712547667, 30.846184829232843 -2.449599470104078, 30.85572115933141 -2.447747560266046, 30.86525347026861 -2.4458750726050247, 30.8747817337785 -2.443982097067848, 30.88430592219016 -2.4420687239615573, 30.893826008502508 -2.4401350439693665, 30.903341966280824 -2.4381811480848468, 30.9128537697164 -2.436207127636644, 30.92236139363983 -2.4342130742661374, 30.931864813432078 -2.4321990798716633, 30.941364005126403 -2.430165236639973, 30.95085894534282 -2.428111636997536, 30.960349611264455 -2.4260383735913416, 30.96983598072717 -2.4239455393037077, 30.979318032103585 -2.4218332271958163, 30.988795744368133 -2.4197015305183553, 30.998269097102828 -2.417550542692684, 31.007738070409708 -2.4153803572764403, 31.017202645023445 -2.4131910679769066, 31.02666280221645 -2.410982768611832, 31.036118523811435 -2.4087555531036595, 31.04556979224155 -2.40650951547142, 31.05501659043216 -2.40424474980113, 31.064458901906725 -2.401961350247473, 31.073896710724135 -2.3996594110093588, 31.08333000145148 -2.3973390263203935, 31.092758759253208 -2.39500029043668, 31.102182969762506 -2.3926432976207312, 31.111602619177642 -2.3902681421323146, 31.121017694217784 -2.3878749182115633, 31.130428182078283 -2.385463720073998, 31.139834070529453 -2.3830346418882518, 31.149235347784504 -2.3805877777760855, 31.158632002596125 -2.3781232217925603, 31.16802402420998 -2.3756410679155384, 31.17741140232508 -2.37314141004586, 31.186794127186847 -2.3706243419747666, 31.196172189454167 -2.3680899574012515, 31.205545580308232 -2.3655383498979394, 31.21491429138198 -2.362969612912634, 31.22427831474983 -2.360383839765776, 31.233637642995227 -2.3577811236154194, 31.242992269087466 -2.355161557489122, 31.25234218650477 -2.3525252342307374, 31.261687389126248 -2.3498722465265924, 31.271027871273898 -2.347202686883229, 31.2803636277261 -2.3445166476063015, 31.289694653632584 -2.3418142208326382, 31.299020944629234 -2.339095498463928, 31.30834249670318 -2.3363605722229304, 31.31765930629367 -2.333609533594355, 31.32697137022737 -2.3308424738454865, 31.33627868571283 -2.328059484024987, 31.34558125039376 -2.325260654917102, 31.354879062239828 -2.322446077102539, 31.364172119668556 -2.3196158408702408, 31.37346042141674 -2.316770036291926, 31.3827439666291 -2.3139087531553946, 31.3920227548051 -2.311032080988539, 31.401296785788293 -2.3081401090633977, 31.41056605981798 -2.3052329263432036, 31.419830577426286 -2.3023106215579223, 31.429090339554868 -2.2993732830991616, 31.438345347425404 -2.2964209991193103, 31.447595602640593 -2.2934538574384358, 31.456841107106985 -2.290471945600146, 31.466081863058864 -2.287475350846244, 31.475317873070473 -2.2844641600919426, 31.484549139991266 -2.2814384599845208, 31.493775667035003 -2.278398336803315, 31.502997457659916 -2.2753438765753424, 31.512214515684636 -2.2722751649461728, 31.521426845172616 -2.2691922872939223, 31.53063445051512 -2.266095328633446, 31.539837336370834 -2.2629843736720323, 31.54903550768046 -2.259859506789689, 31.558228969680144 -2.2567208120105073, 31.567417727844543 -2.253568373068295, 31.576601787963522 -2.250402273300517, 31.585781156036013 -2.2472225957773397, 31.594955838377963 -2.2440294231533224, 31.604125841505848 -2.2408228378136776, 31.613291172234284 -2.2376029217367672, 31.62245183758802 -2.234369756605154, 31.631607844857776 -2.2311234237233277, 31.640759201562844 -2.227864004059947, 31.64990591545254 -2.2245915782434684, 31.6590479945236 -2.2213062265236716, 31.66818544696984 -2.218008028846414, 31.67731828124591 -2.214697064742793, 31.686446505978807 -2.2113734134665224, 31.69557013006017 -2.2080371538346, 31.704689162540642 -2.2046883643966932, 31.713803612727574 -2.2013271232629, 31.72291349008554 -2.1979535082675072, 31.732018804318248 -2.1945675968201, 31.741119565292735 -2.191169466031749, 31.750215783092298 -2.1877591926153013, 31.759307467973443 -2.1843368529546017, 31.768394630384392 -2.1809025230671524, 31.777477280956862 -2.1774562786086413, 31.786555430490978 -2.1739981949010523, 31.79562908997899 -2.170528346873568, 31.804698270560923 -2.1670468091513158, 31.813762983574566 -2.163553655940539, 31.822823240488685 -2.1600489611674414, 31.83187905297163 -2.1565327983204017, 31.840930432810346 -2.153005240624461, 31.849977391989153 -2.1494663608561675, 31.859019942602746 -2.145916231537182, 31.868058096937336 -2.1423549247388087, 31.877091867385158 -2.1387825122778685, 31.88612126652093 -2.1351990655267437, 31.895146307023808 -2.131604655597376, 31.904167001744753 -2.1279993531687023, 31.913183363639103 -2.1243832286492594, 31.922195405822425 -2.1207563520294186, 31.93120314151549 -2.1171187930170086, 31.940206584087555 -2.1134706209181773, 31.949205747013952 -2.109811904743689, 31.958200643907375 -2.106142713119697, 31.96719128848707 -2.102463114364376, 31.976177694599198 -2.098773176427903, 31.985159876196565 -2.0950729669408776, 31.994137847349204 -2.0913625531815145, 32.00311162223331 -2.087642002098368, 32.01208121513361 -2.083911380301907, 32.02104664043985 -2.080170754064493, 32.03000791264243 -2.0764201893330285, 32.038965046335086 -2.0726597517098266, 32.047918056205354 -2.0688895064827784, 32.05686695704161 -2.065109518590493, 32.06581176372001 -2.061319852666379, 32.07475249121472 -2.0575205729918684, 32.08368915458239 -2.0537117435508225, 32.0926217689743 -2.0498934279741894, 32.10155034961962 -2.046065689601251, 32.110474911838416 -2.042228591419243, 32.11939547102466 -2.038382196128022, 32.12831204265916 -2.034526566078058, 32.137224642293184 -2.030661763335158, 32.146133285560495 -2.026787849620073, 32.1550379881624 -2.0229048863699552, 32.16393876587812 -2.019012934682995, 32.17283563455196 -2.0151120553732667, 32.18172861010134 -2.0112023089236515, 32.190617708506686 -2.0072837555307235, 32.19950294581663 -2.0033564550694174, 32.20838433814116 -1.9994204671245583, 32.217261901653345 -1.9954758509705952, 32.226135652586265 -1.9915226655864293, 32.23500560723095 -1.9875609696534582, 32.24387178193733 -1.983590821550433, 32.25273419310812 -1.9796122793731947, 32.26159285720402 -1.9756254009065208, 32.270447790733506 -1.971630243668147, 32.279299010262164 -1.96762686485497, 32.28814653239831 -1.9636153214138838, 32.2969903738067 -1.9595956699603827, 32.30583055119004 -1.9555679668776522, 32.31466708130669 -1.9515322682065497, 32.32349998094843 -1.9474886297733245, 32.33232926696167 -1.9434371070513252, 32.34115495622227 -1.9393777553162042, 32.34997706565938 -1.9353106294815172, 32.35879561222816 -1.9312357842781411, 32.36761061293526 -1.927153274068247, 32.37642208481048 -1.923063153042879, 32.38523004493257 -1.9189654750213139, 32.39403451040154 -1.914860293658552, 32.40283549836369 -1.910747662242126, 32.41163302598561 -1.9066276338955657, 32.42042711047611 -1.9025002613846753, 32.42921776906398 -1.8983655973041713, 32.438005019015954 -1.8942236939083883, 32.44678887761915 -1.8900746032669713, 32.455569362193835 -1.8859183771326868, 32.4643464900815 -1.8817550670541199, 32.47312027865186 -1.8775847242917596, 32.481890745296894 -1.8734073998779772, 32.490657907431974 -1.869223144589378, 32.499421782495645 -1.865032008947873, 32.50818238794541 -1.8608340432534047, 32.51693974126255 -1.8566292975244347, 32.525693859943324 -1.8524178215900173, 32.5344447615079 -1.8481996649737298, 32.543192463488275 -1.8439748770377435, 32.55193698343968 -1.8397435068211536, 32.56067833892696 -1.8355056032211818, 32.569416547536676 -1.8312612148049534, 32.57815162686387 -1.8270103900044508, 32.58688359452278 -1.8227531769289318, 32.59561246813593 -1.8184896235442962, 32.604338265341916 -1.8142197775154865, 32.61306100378796 -1.8099436863427902, 32.62178070113406 -1.805661397258489, 32.6304973750493 -1.8013729572997994, 32.63921104321229 -1.7970784132756155, 32.64792172331107 -1.7927778117649844, 32.6566294330404 -1.788471199159967, 32.66533419010437 -1.7841586215893233, 32.67403601221161 -1.7798401250317109, 32.68273491707936 -1.7755157551765728, 32.691430922428026 -1.7711855575889797, 32.70012404598512 -1.7668495775336526, 32.70881430548073 -1.7625078601583775, 32.71750171865017 -1.7581604503200934, 32.72618630323096 -1.753807392745333, 32.734868076963906 -1.7494487318984966, 32.74354705759167 -1.7450845120836977, 32.75222326285851 -1.7407147773843226, 32.76089671050996 -1.736339571684946, 32.76956741829186 -1.731958938695165, 32.7782354039503 -1.7275729218871496, 32.7869006852309 -1.723181564599195, 32.79556327987818 -1.7187849099031571, 32.80422320563576 -1.7143830007633947, 32.8128804802446 -1.7099758798681612, 32.821535121444306 -1.7055635898006583, 32.83018714697025 -1.7011461728839017, 32.83883657455568 -1.6967236713136151, 32.84748342192962 -1.6922961270639996, 32.85612770681794 -1.6878635819446217, 32.86476944694196 -1.6834260775902172, 32.87340866001754 -1.678983655427728, 32.88204536375653 -1.674536356755137, 32.890679575863324 -1.6700842226284112, 32.8993113140388 -1.6656272940055952, 32.907940595974544 -1.6611656115892268, 32.91656743935854 -1.6566992159882794, 32.925191861868754 -1.6522281475724594, 32.93381388117821 -1.6477524465940574, 32.94243351495051 -1.643272153105827, 32.95105078084177 -1.6387873070020251, 32.959665696500295 -1.6342979480269482, 32.96827827956387 -1.6298041157229892, 32.976888547664224 -1.6253058495266648, 32.985496518419794 -1.62080318864249, 32.99410220944395 -1.6162961721917595, 33.00270563833541 -1.611784839061763, 33.01130682268703 -1.6072692280473986, 33.01990578007781 -1.6027493777389827, 33.02850252807795 -1.598225326598876, 33.03709708424631 -1.5936971129326778, 33.04568946612907 -1.5891647748728213, 33.054279691263986 -1.5846283504433478, 33.06286777717244 -1.5800878774583456, 33.07145374136946 -1.5755433936539922, 33.0800376013517 -1.5709949365460567, 33.08861937460903 -1.5664425435701377, 33.09719907861401 -1.5618862519658023, 33.105776730829234 -1.5573260988596702, 33.11435234870322 -1.5527621212288463, 33.12292594966973 -1.5481943558919797, 33.13149755115263 -1.543622839567136, 33.14006717055647 -1.5390476087765992, 33.14863482527863 -1.5344686999721866, 33.15720053269504 -1.5298861494001907, 33.165764310173735 -1.5252999932319586, 33.17432617506305 -1.5207102674598298, 33.18288614469916 -1.5161170079658273, 33.19144423640362 -1.5115202505018055, 33.20000046748061 -1.5069200306647281, 33.208554855224286 -1.5023163839673153, 33.21710741690623 -1.4977093457338595, 33.22565816979043 -1.4930989512265946, 33.23420713111753 -1.488485235520037, 33.242754318118564 -1.483868233611993, 33.2512997480048 -1.479247980347643, 33.25984343797218 -1.4746245104545248, 33.26838540520276 -1.4699978585569233, 33.27692566685686 -1.4653680591186369, 33.28546424008587 -1.4607351465388747, 33.29400114201583 -1.456099155036149, 33.30253638976438 -1.4514601187699547, 33.311070000425474 -1.4468180717372288, 33.319601991080134 -1.442173047846051, 33.328132378791544 -1.4375250808866273, 33.33666118060279 -1.4328742045159726, 33.34518841354571 -1.4282204523188695, 33.353714094626255 -1.4235638577147451, 33.362238240842096 -1.4189044540711429, 33.3707608691646 -1.4142422745930323, 33.37928199655386 -1.409577352415882, 33.38780163994893 -1.4049097205496266, 33.396319816270235 -1.4002394118930668, 33.40483654242467 -1.395566459266635, 33.41335183529337 -1.3908908953419128, 33.42186571174876 -1.3862127527412054, 33.43037818863523 -1.3815320639300446, 33.438889282786846 -1.3768488613165237, 33.44739901101436 -1.3721631771821359, 33.45590739011105 -1.3674750437133187, 33.464414436854625 -1.3627844930155126, 33.472920167996776 -1.3580915570587786, 33.481424600280036 -1.3533962677657696, 33.4899277504181 -1.3486986569113895, 33.49842963511488 -1.3439987562206215, 33.506930271049455 -1.3392965972955007, 33.515429674883784 -1.3345922116534532, 33.523927863263495 -1.3298856307332807, 33.53242485280832 -1.3251768858496826, 33.54092066012844 -1.3204660082726438, 33.549415301804196 -1.3157530291329338, 33.55790879440608 -1.3110379795156935, 33.56640115447896 -1.3063208903902235, 33.57489239855029 -1.3016017926470347, 33.583382543131 -1.296880717103818, 33.59187160470543 -1.29215769446152, 33.60035959974847 -1.2874327553803884, 33.60884654470452 -1.2827059303903976, 33.6173324560078 -1.277977249978211, 33.625817350067 -1.2732467445246978, 33.634301243272425 -1.2685144443341612, 33.642784151998434 -1.2637803796467961, 33.65126609259164 -1.2590445805906634, 33.65974708138956 -1.2543070772578389, 33.66822713469889 -1.2495678996195443, 33.67670626881527 -1.244827077603892, 33.685184500009875 -1.2400846410455924, 33.69366184453355 -1.2353406197019525, 33.702138318622815 -1.230595043276897, 33.71061393848467 -1.2258479413654093, 33.71908872031751 -1.2210993435307154, 33.72756268028915 -1.216349279225989, 33.73603583455481 -1.2115977778589906, 33.744508199247065 -1.2068448687584292, 33.752979790475464 -1.2020905811724456, 33.76145062433718 -1.1973349443071688, 33.76992071689836 -1.1925779872630662, 33.77839008421643 -1.187819739111204, 33.786858742319616 -1.1830602288259258, 33.79532670722102 -1.1782994853312763, 33.80379399491423 -1.173537537488505, 33.81226062136652 -1.1687744140745375, 33.82072660253504 -1.1640101438345483, 33.829191954344964 -1.15924475541371, 33.837656692711676 -1.1544782774267877, 33.84612083352373 -1.149710738407202, 33.85458439265055 -1.144942166830526, 33.86304738594597 -1.1401725911260727, 33.87150982923416 -1.1354020396361573, 33.87997173833071 -1.1306305406780275, 33.8884331290197 -1.125858122478826, 33.896894017072654 -1.1210848132299653, 33.90535441823831 -1.1163106410596653, 33.91381434824166 -1.111535634030097, 33.92227382279588 -1.106759820171798, 33.93073285758218 -1.1019832274290686, 33.93919146827294 -1.0972058837226097, 33.947649670511595 -1.0924278168978028, 33.95610747992452 -1.0876490547553137, 33.96456491212051 -1.0828696250514565, 33.973021982679754 -1.07808955547005, 33.98147870717353 -1.0733088736729093, 33.989935101140794 -1.0685276072426793, 33.99839118010892 -1.0637457837336752, 34.00684695958136 -1.0589634306434639, 34.01530245503849 -1.0541805754147409, 34.02375768194845 -1.0493972454621343, 34.03221265574707 -1.0446134681260377, 34.04066739186143 -1.0398292707271524, 34.049121905689546 -1.0350446805214277, 34.05757621261233 -1.0302597247268677, 34.066030327993296 -1.025474430524092, 34.074484267166845 -1.02068882503121, 34.08293804545872 -1.015902935348185, 34.09139167816222 -1.011116788507747, 34.09984518055859 -1.006330411517597, 34.10829856790589 -1.001543831339154, 34.116751855437826 -0.9967570748850664, 34.12520505837694 -0.9919701690463361, 34.133658191912865 -0.9871831406504957, 34.1421112712262 -0.9823960165078355, 34.15056431146945 -0.9776088233763555, 34.159017327776006 -0.9728215879785754, 34.16747033526379 -0.9680343370093456, 34.175923349019875 -0.9632470971082646, 34.184376384123105 -0.9584598949005596, 34.192829455620654 -0.9536727569569774, 34.20128257854543 -0.9488857098237401, 34.209735767909955 -0.9440987800133718, 34.21818903869938 -0.9393119939932448, 34.22664240588952 -0.9345253782157674, 34.23509588442285 -0.9297389590804676, 34.243549489231185 -0.924952762970111, 34.252003235221196 -0.9201668162292612, 34.260457137276525 -0.9153811451675296, 34.268911210268676 -0.9105957760768558, 34.2773654690361 -0.9058107352011114, 34.285819928408614 -0.9010260487718463, 34.29427460318692 -0.8962417429801468, 34.30272950815307 -0.8914578439912512, 34.31118465807324 -0.886674377949374, 34.31964006768242 -0.8818913709574331, 34.32809575170748 -0.877108849107897, 34.336551724843225 -0.8723268384527973, 34.34500800176981 -0.8675453650256868, 34.35346459714734 -0.8627644548361557, 34.36192152560752 -0.8579841338597403, 34.37037880177315 -0.8532044280617227, 34.37883644023323 -0.848425363368991, 34.38729445556526 -0.8436469656953807, 34.3957528623227 -0.8388692609289253, 34.40421167503395 -0.8340922749306477, 34.41267090821657 -0.8293160335505543, 34.42113057635398 -0.8245405626039135, 34.42959069392014 -0.8197658878965489, 34.43805127536143 -0.8149920352079172, 34.446512335102604 -0.8102190302967531, 34.45497388755491 -0.8054468989097145, 34.46343594709617 -0.8006756667633788, 34.471898528095856 -0.7959053595670329, 34.48036164489289 -0.7911360030043005, 34.48882531180776 -0.7863676227433551, 34.49728954314453 -0.7816002444394653, 34.50575435317521 -0.776833893722792, 34.51421975616366 -0.7720685962174113, 34.52268576634095 -0.7673043775234957, 34.53115239792258 -0.7625412632299857, 34.5396196651045 -0.757779278912629, 34.548087582052446 -0.7530184501269114, 34.55655616292362 -0.7482588024228979, 34.56502542184069 -0.7435003613292995, 34.57349537291328 -0.7387431523668071, 34.581966030228386 -0.7339872010434826, 34.59043740784514 -0.7292325328518111, 34.59890951981298 -0.7244791732792407, 34.607382380145786 -0.7197271477947996, 34.615856002846236 -0.7149764818618112, 34.62433040189138 -0.7102272009318212, 34.63280559123246 -0.7054793304445202, 34.641281584809676 -0.7007328958350068, 34.64975839652727 -0.6959879225236542, 34.65823604027972 -0.6912444359269112, 34.66671452993322 -0.68650246145105, 34.67519387933036 -0.6817620244938281, 34.683674102300834 -0.6770231504489717, 34.692155212638525 -0.6722858646990706, 34.70063722412834 -0.6675501926240477, 34.70912015052464 -0.662816159595732, 34.71760400556012 -0.6580837909802446, 34.7260888029527 -0.6533531121404788, 34.734574556384814 -0.6486241484316525, 34.74306127953041 -0.643896925207294, 34.751548986030784 -0.6391714678153293, 34.76003768950752 -0.6344478016003009, 34.76852740356532 -0.629725951904606, 34.77701814177396 -0.6250059440662016, 34.785509917694874 -0.6202878034221583, 34.794002744855085 -0.6155715553066994, 34.80249663676346 -0.6108572250525519, 34.81099160691008 -0.6061448379916747, 34.81948766875068 -0.601434419454635, 34.827984835732565 -0.5967259947718521, 34.83648312126701 -0.5920195892737278, 34.84498253874857 -0.5873152282906732, 34.85348310155105 -0.5826129371540348, 34.86198482301471 -0.5779127411966787, 34.87048771647105 -0.5732146657521064, 34.8789917952144 -0.5685187361571079, 34.88749707252355 -0.5638249777498497, 34.89600356165457 -0.5591334158709035, 34.90451127583022 -0.5544440758643688, 34.91302022826409 -0.5497569830756581, 34.9215304321313 -0.5450721628562903, 34.930041900592286 -0.540389640560131, 34.938554646783196 -0.535709441545672, 34.94706868380759 -0.5310315911776083, 34.95558402475933 -0.5263561148227464, 34.964100682692674 -0.5216830378568591, 34.97261867064792 -0.5170123856589006, 34.98113800163943 -0.5123441836145566, 34.989658688649435 -0.5076784571178611, 34.998180744649886 -0.5030152315657745, 35.00670418257214 -0.4983545323671271, 35.01522901533408 -0.4936963849346964, 35.02375525582625 -0.4890408146901292, 35.032282916907235 -0.4843878470653994, 35.04081201142483 -0.4797375074962537, 35.0493425521852 -0.4750898214331496, 35.057874551981506 -0.4704448143311851, 35.06640802357808 -0.4658025116564731, 35.0749429797075 -0.4611629388872904, 35.08347943309096 -0.4565261215065432, 35.09201739640706 -0.4518920850146416, 35.10055688232161 -0.4472608549172902, 35.1090979034704 -0.4426324567333209, 35.117640472457296 -0.4380069159954894, 35.12618460187432 -0.4333842582420305, 35.13473030426994 -0.4287645090313791, 35.143277592179906 -0.4241476939279008, 35.15182647810879 -0.4195338385111073, 35.16037697452899 -0.4149229683760978, 35.16892909390065 -0.4103151091244578, 35.17748284863967 -0.4057102863813096, 35.186038251149334 -0.4011085257784892, 35.19459531380056 -0.396509852964435, 35.20315404893163 -0.3919142936043226, 35.21171446886786 -0.3873218733705331, 35.220276585888044 -0.3827326179613711, 35.22884041225806 -0.3781465530824087, 35.237405960212996 -0.3735637044567944, 35.24597324195724 -0.3689840978252238, 35.254542269678964 -0.3644077589380672, 35.26311305550697 -0.359834713581195, 35.271685611555306 -0.3552649875493177, 35.28025994993796 -0.350698606637149, 35.28883608276897 -0.3461355966393986, 36.60565726791946 -2.479524654071689, 36.59702909621937 -2.485398839629535, 36.58840254654514 -2.4912754068905953, 36.57977759696473 -2.497154322339987, 36.571154225546174 -2.503035552462822, 36.562532410361676 -2.5089190637590812, 36.55391212952809 -2.5148048228846864, 36.54529336119039 -2.5206927965936243, 36.53667608352196 -2.5265829517362173, 36.52806027472219 -2.532475255250602, 36.519445913015964 -2.538369674159843, 36.51083297666205 -2.544266175599703, 36.50222144393934 -2.5501647267713237, 36.49361129316437 -2.5560652949978198, 36.48500250267008 -2.561967847654857, 36.47639505082891 -2.5678723522448754, 36.46778891602897 -2.5737787763192244, 36.45918407669868 -2.5796870875531455, 36.45058051128435 -2.585597253676786, 36.44197819826845 -2.5915092425298414, 36.433377116155654 -2.5974230220192998, 36.424777243481465 -2.6033385601433623, 36.416178558809534 -2.609255824983664, 36.40758104072821 -2.615174784693243, 36.39898466785992 -2.621095407523951, 36.390389418846276 -2.6270176617819376, 36.38179527236764 -2.6329415158830805, 36.373202207120094 -2.6388669382869816, 36.36461020184029 -2.644793897565496, 36.35601923528057 -2.6507223623334157, 36.347429286231915 -2.6566523013100305, 36.33884033350452 -2.662583683266282, 36.33025235594231 -2.668516477062134, 36.32166533241422 -2.674450651623622, 36.3130792418164 -2.680386175946875, 36.30449406307666 -2.6863230191097207, 36.295909775143535 -2.6922611502421727, 36.287326357002904 -2.6982005385684396, 36.278743787656694 -2.7041411533523667, 36.27016204614725 -2.710082963957092, 36.261581111531825 -2.7160259397821536, 36.253000962906846 -2.721970050321058, 36.24442157938675 -2.7279152651104894, 36.23584294012035 -2.733861553767457, 36.2272650242806 -2.7398088859655028, 36.21868781106747 -2.745757231440104, 36.21011127971182 -2.751706559997601, 36.20153540946492 -2.7576568414898093, 36.19296017961557 -2.7636080458520156, 36.18438556946806 -2.7695601430533654, 36.175811558367045 -2.7755131031505083, 36.16723812567191 -2.7814668962317644, 36.15866525078033 -2.787421492466574, 36.15009291310855 -2.7933768620635107, 36.1415210921054 -2.7993329752983556, 36.13294976724506 -2.805289802499124, 36.1243789180268 -2.811247314044146, 36.11580852398264 -2.8172054803775146, 36.10723856466272 -2.8231642719787557, 36.0986690196555 -2.8291236594022524, 36.09009986856366 -2.8350836132297075, 36.081531091029596 -2.8410441041181853, 36.07296266671107 -2.84700510275371, 36.06439457530178 -2.852966579888578, 36.05582679651643 -2.8589285063137364, 36.04725931009845 -2.864890852871614, 36.03869209581994 -2.8708535904560173, 36.0301251334739 -2.8768166899970553, 36.02155840288909 -2.882780122487069, 36.012991883909315 -2.8887438589438847, 36.00442555641781 -2.8947078704517284, 35.99585940031165 -2.9006721281179955, 35.987293395525505 -2.906636603111289, 35.978727522012186 -2.9126012666298338, 35.97016175975561 -2.9185660899209296, 35.96159608876553 -2.9245310442726553, 35.953030489074294 -2.930496101007731, 35.944464940747835 -2.9364612315000427, 35.9358994238679 -2.94242640714707, 35.92733391855518 -2.9483915994036725, 35.918768404943755 -2.954356779744125, 35.91020286320568 -2.960321919696759, 35.90163727352975 -2.9662869908135576, 35.893071616136766 -2.9722519646904564, 35.88450587127177 -2.9782168129565676, 35.875940019203384 -2.984181507272159, 35.86737404023273 -2.9901460193403624, 35.858807914677044 -2.996110320884839, 35.85024162289161 -3.002074383677549, 35.841675145244785 -3.0080381795066358, 35.833108462142825 -3.0140016802063716, 35.824541554008164 -3.0199648576305886, 35.815974401295236 -3.025927683670381, 35.80740698448231 -3.0318901302446006, 35.79883928407092 -3.0378521692980693, 35.790271280595036 -3.0438137728116805, 35.78170295460422 -3.0497749127830667, 35.77313428668601 -3.0557355612502537, 35.764565257440786 -3.0616956902645533, 35.75599584750634 -3.067655271915186, 35.74742603753699 -3.0736142783079647, 35.73885580821794 -3.079572681578443, 35.73028514025908 -3.0855304538858626, 35.72171401439225 -3.091487567409491, 35.71314241138255 -3.0974439943589265, 35.704570312009636 -3.1033997069564494, 35.695997697091485 -3.1093546774572927, 35.68742454745881 -3.1153088781274474, 35.678850843978815 -3.1212622812624966, 35.67027656753647 -3.127214859172381, 35.66170169904568 -3.1331665841890506, 35.65312621944693 -3.1391174286647168, 35.64455010970043 -3.1450673649656418, 35.635973350801365 -3.151016365482992, 35.62739592375817 -3.1569644026168833, 35.61881780961774 -3.1629114487929164, 35.610238989440404 -3.1688574764454134, 35.601659444321065 -3.1748024580299132, 35.59307915537487 -3.1807463660143362, 35.584498103742746 -3.1866891728811866, 35.57591627059534 -3.1926308511297354, 35.5673336371201 -3.1985713732680163, 35.55875018454156 -3.2045107118232234, 35.55016589409654 -3.2104488393285964, 35.541580747059776 -3.2163857283351476, 35.53299472472138 -3.2223213514009887, 35.52440780840294 -3.228255681097507, 35.51581997945011 -3.234188690006217, 35.507231219230334 -3.2401203507168255, 35.49864150914457 -3.246050635831586, 35.4900508306077 -3.2519795179574658, 35.48145916507327 -3.257906969714114, 35.472866494007555 -3.2638329637251613, 35.464272798912624 -3.269757472624342, 35.45567806130965 -3.2756804690507426, 35.44708226274685 -3.2816019256498725, 35.43848538480154 -3.2875218150741485, 35.429887409068456 -3.293440109979488, 35.42128831717972 -3.2993567830292014, 35.41268809077976 -3.3052718068886344, 35.40408671155129 -3.3111851542285584, 35.39548416119237 -3.3170967977218364, 35.38688042143282 -3.3230067100446794, 35.37827547402719 -3.3289148638758976, 35.36966930075147 -3.334821231895649, 35.36106188341638 -3.3407257867862175, 35.352453203846174 -3.346628501230291, 35.34384324390461 -3.352529347911315, 35.33523198546869 -3.358428299512832, 35.32661941045094 -3.3643253287176056, 35.31800550078474 -3.370220408207906, 35.309390238429266 -3.376113510664412, 35.30077360537531 -3.3820046087658375, 35.29215558362961 -3.3878936751893374, 35.28353615523818 -3.393780682608016, 35.274915302259394 -3.3996656036934985, 35.26629300679013 -3.405548411111996, 35.257669250945035 -3.411429077527159, 35.24904401686854 -3.417307575597302, 35.24041728673368 -3.4231838779755845, 35.23178904273239 -3.429057957311134, 35.2231592670949 -3.434929786244776, 35.21452794206411 -3.4407993374143433, 35.20589504992337 -3.4466665834474703, 35.19726057297166 -3.452531496967767, 35.188624493541205 -3.458394050589172, 35.179986793990196 -3.464254216918067, 35.1713474566989 -3.470111968553982, 35.162706464084906 -3.4759672780848883, 35.154063798579394 -3.481820118094061, 35.14541944265529 -3.4876704611498157, 35.13677337879973 -3.4935182798152695, 35.12812558953615 -3.4993635466392123, 35.11947605741157 -3.5052062341610886, 35.110824764998185 -3.5110463149099105, 35.102171694903916 -3.516883761399788, 35.09351682975173 -3.522718546138166, 35.0848601522073 -3.528550641613309, 35.076201644949776 -3.534380020307284, 35.06754129069746 -3.5402066546834776, 35.05887907219068 -3.5460305171947475, 35.05021497219769 -3.5518515802798247, 35.0415489735214 -3.5576698163599323, 35.03288105898143 -3.5634851978474553, 35.024211211440736 -3.56929769713169, 35.01553941377558 -3.5751072865947053, 35.006865648903755 -3.5809139385954394, 34.99818989976382 -3.586717625481226, 34.98951214932496 -3.5925183195815396, 34.980832380590236 -3.598315993206098, 34.97215057658105 -3.6041106186535337, 34.96346672036289 -3.609902168195834, 34.954780795014635 -3.615690614096692, 34.94609278365886 -3.621475928592365, 34.93740266943814 -3.627258083906499, 34.92871043552809 -3.633037052241298, 34.920016065137844 -3.638812805777232, 34.911319541496475 -3.6445853166814137, 34.90262084787793 -3.650354557090892, 34.89391996756993 -3.6561204991333685, 34.88521688390593 -3.6618831149052125, 34.87651158023912 -3.6676423764892747, 34.86780403995808 -3.673398255943851, 34.85909424648519 -3.679150725303812, 34.85038218326407 -3.684899756588343, 34.841667833783895 -3.69064532178285, 34.832951181548076 -3.6963873928622757, 34.8242322101077 -3.7021259417665284, 34.815510903033704 -3.707860940420953, 34.80678724393407 -3.7135923607229264, 34.79806121645095 -3.719320174544079, 34.78933280424908 -3.725044353738725, 34.78060199104064 -3.730764870124869, 34.77186876055248 -3.736481695509121, 34.76313309656109 -3.7421948016594775, 34.754394982863126 -3.7479041603281793, 34.745654403294026 -3.753609743236849, 34.73691134172451 -3.7593115220792446, 34.72816578204881 -3.7650094685302906, 34.71941770821042 -3.7707035542254945, 34.710667104168074 -3.7763937507880847, 34.70191395393201 -3.7820800297995634, 34.693158241533574 -3.7877623628243855, 34.684399951044206 -3.793440721394155, 34.67563906657231 -3.799115077010237, 34.66687557225041 -3.804785401154071, 34.65810945226262 -3.8104516652646074, 34.64934069080876 -3.816113840767729, 34.6405692721421 -3.821771899044793, 34.63179518053837 -3.8274258114585775, 34.62301840031435 -3.8330755493373765, 34.614238915826114 -3.838721083976619, 34.60545671145418 -3.8443623866511656, 34.59667177163331 -3.8499994285902703, 34.58788408081451 -3.8556321810094096, 34.579093623504185 -3.861260615077046, 34.57030038423279 -3.866884701941232, 34.56150434757287 -3.872504412714903, 34.55270549813938 -3.8781197184755767, 34.54390382057163 -3.8837305902798858, 34.53509929956599 -3.889336999135397, 34.5262919198358 -3.89493891603516, 34.517481666151475 -3.9005363119233234, 34.50866852330988 -3.9061291577214696, 34.4998524761499 -3.911717424315345, 34.49103350955626 -3.9173010825516617, 34.482211608437765 -3.9228801032566127, 34.47338675776386 -3.9284544572045945, 34.464558942521904 -3.9340241151547928, 34.45572814775795 -3.939589047816362, 34.446894358547546 -3.9451492258733873, 34.438057560008 -3.950704619974441, 34.42921773730667 -3.956255200725478, 34.42037487563444 -3.9618009387125546, 34.411528960246486 -3.9673418044671407, 34.40267997641712 -3.9728777685045302, 34.393827909480486 -3.978408801289449, 34.38497274480405 -3.983934873258502, 34.376114467796135 -3.989455954813853, 34.367253063920195 -3.9949720163112494, 34.358388518662366 -4.000483028087411, 34.349520817576845 -4.00598896042208, 34.340649946238685 -4.011489783577528, 34.331775890283346 -4.016985467765705, 34.32289863538435 -4.022475983166853, 34.31401816725461 -4.027961299928582, 34.305134471667806 -4.033441388148202, 34.29624753441961 -4.0389162179049025, 34.28735734137712 -4.044385759219119, 34.27846387843094 -4.049849982091957, 34.2695671315319 -4.055308856475418, 34.2606670866746 -4.060762352285724, 34.251763729891024 -4.066210439408871, 34.24285704727998 -4.071653087676687, 34.2339470249619 -4.077090266903649, 34.22503364913144 -4.0825219468446035, 34.21611690601061 -4.087948097232544, 34.20719678188034 -4.093368687753476, 34.1982732630722 -4.0987836880530475, 34.189346335952614 -4.1041930677497085, 34.18041598696151 -4.109596796404585, 34.17148220256054 -4.114994843561778, 34.162544969287424 -4.120387178705663, 34.15360427371221 -4.1257737712952895, 34.14466010246165 -4.131154590745937, 34.135712442221056 -4.136529606427703, 34.12676127970762 -4.141898787686415, 34.11780660171809 -4.14726210380728, 34.10884839507213 -4.15261952405815, 34.099886646666356 -4.157971017648911, 34.09092134343649 -4.1633165537601, 34.081952472371555 -4.168656101532571, 34.07298002052801 -4.173989630057112, 34.06400397499132 -4.179317108403211, 34.055024322932226 -4.184638505577784, 34.04604105154696 -4.189953790569122, 34.03705414810797 -4.195262932310401, 34.02806359993508 -4.200565899700564, 34.01906939439709 -4.205862661603596, 34.01007151893961 -4.21115318682876, 34.001069961035 -4.216437444166432, 33.9920647082453 -4.221715402343957, 33.98305574816266 -4.226987030067614, 33.974043068452886 -4.232252295992757, 33.965026656839115 -4.2375111687350735, 33.95600650108836 -4.242763616880381, 33.94698258905381 -4.248009608955804, 33.93795490861458 -4.253249113471014, 33.928923447741866 -4.258482098874018, 33.91988819444395 -4.26370853358805, 33.910849136798284 -4.26892838599079, 33.90180626295117 -4.274141624414595, 33.89275956108733 -4.279348217166963, 33.88370901948649 -4.2845481324939465, 33.87465462645533 -4.289741338624269, 33.8655963703926 -4.2949278037282275, 33.85653423974371 -4.3001074959464765, 33.847468223017 -4.305280383380438, 33.83839830880221 -4.3104464340808235, 33.82932448572254 -4.315605616077809, 33.82024674250335 -4.3207578973391065, 33.81116506790079 -4.325903245813706, 33.802079450760154 -4.3310416293971725, 33.79298987998564 -4.336173015949776, 33.783896344536736 -4.341297373299313, 33.774798833466974 -4.346414669218332, 33.76569733586028 -4.35152487146184, 33.75659184090685 -4.356627947723718, 33.74748233783508 -4.3617238656759705, 33.7383688159566 -4.366812592943752, 33.72925126465641 -4.371894097110954, 33.72012967336651 -4.376968345735581, 33.71100403162483 -4.382035306317371, 33.70187432899936 -4.38709494633972, 33.69274055516463 -4.392147233228718, 33.68360269984467 -4.3971921343838725, 33.6744607528382 -4.402229617165584, 33.665314704033236 -4.407259648887501, 33.65616454335719 -4.41228219684299, 33.64701026085275 -4.417297228266169, 33.63785184659627 -4.422304710374008, 33.6286892907667 -4.427304610332224, 33.61952258360753 -4.432296895274315, 33.610351715426205 -4.437281532302611, 33.601176676635525 -4.442258488468176, 33.59199745768259 -4.447227730805679, 33.58281404913487 -4.452189226292718, 33.57362644160226 -4.457142941886874, 33.56443462578892 -4.462088844502237, 33.55523859248161 -4.467026901014821, 33.54603833251971 -4.471957078277021, 33.536833836862314 -4.476879343087554, 33.52762509650216 -4.481793662230303, 33.518412102551466 -4.48670000243708, 33.50919484617919 -4.491598330415069, 33.49997331863656 -4.496488612836703, 33.490747511276986 -4.501370816331259, 33.48151741549656 -4.506244907510473, 33.47228302282158 -4.511110852932751, 33.4630443248169 -4.515968619140846, 33.45380131316016 -4.520818172632805, 33.444553979604834 -4.525659479876656, 33.43530231597229 -4.5304925073143805, 33.42604631420509 -4.535317221341479, 33.41678596628282 -4.540133588339603, 33.40752126431891 -4.544941574640842, 33.39825220047758 -4.549741146558552, 33.3889787670233 -4.554532270370259, 33.37970095631885 -4.559314912318397, 33.370418760780495 -4.564089038626924, 33.36113217296148 -4.56885461547268, 33.35184118545295 -4.573611609019663, 33.34254579097526 -4.578359985389072, 33.33324598231901 -4.583099710678916, 33.32394175235826 -4.587830750960643, 33.314633094088606 -4.592553072267063, 33.30532000054841 -4.597266640617834, 33.29600246492156 -4.601971421988263, 33.28668048043918 -4.606667382339338, 33.27735404044941 -4.611354487597952, 33.26802313839522 -4.616032703663319, 33.25868776778485 -4.620701996416465, 33.24934792226849 -4.625362331698847, 33.24000359553577 -4.630013675341207, 33.230654781420064 -4.6346559931361515, 33.22130147382107 -4.63928925085872, 33.21194366673658 -4.643913414259201, 33.202581354286394 -4.6485284490571015, 33.19321453063989 -4.6531343209599845, 33.183843190121735 -4.657730995638271, 33.17446732710264 -4.662318438751527, 33.165086936084926 -4.666896615929574, 33.155702011663976 -4.671465492781206, 33.14631254851129 -4.6760250348990064, 33.136918541445304 -4.68057520784428, 33.127519985326565 -4.685115977169709, 33.11811687517186 -4.689647308396791, 33.10870920606264 -4.6941691670341665, 33.09929697319106 -4.698681518569833, 33.08988017187311 -4.703184328468695, 33.08045879748081 -4.707677562185875, 33.071032845550384 -4.712161185148034, 33.06160231166453 -4.716635162773956, 33.05216719154988 -4.721099460459388, 33.04272748102666 -4.725554043585103, 33.033283176000054 -4.729998877519382, 33.02383427252817 -4.73443392760804, 33.01438076671402 -4.738859159190691, 33.00492265482775 -4.743274537584595, 32.995459933204806 -4.747680028098363, 32.985992598301145 -4.752075596026091, 32.97652064670072 -4.756461206646459, 32.96704407504832 -4.760836825231551, 32.95756288016195 -4.765202417034891, 32.94807705890769 -4.769557947305035, 32.93858660830519 -4.7739033812761145, 32.92909152547119 -4.77823868417316, 32.91959180761318 -4.782563821213868, 32.91008745209935 -4.786878757602976, 32.900578456345116 -4.791183458541829, 32.891064817942365 -4.795477889219892, 32.881546534551504 -4.799762014822081, 32.8720236039595 -4.8040358005264805, 32.86249602408875 -4.808299211503861, 32.85296379292467 -4.812552212922347, 32.843426908635465 -4.816794769942641, 32.83388536944006 -4.821026847723575, 32.824339173717355 -4.825248411419615, 32.81478831995054 -4.829459426182408, 32.80523280671517 -4.833659857162291, 32.79567263275798 -4.837849669507244, 32.78610779687415 -4.842028828364967, 32.77653829804282 -4.846197298883108, 32.766964135318034 -4.850355046209332, 32.757385307881826 -4.8545020354929935, 32.747801815062985 -4.858638231885374, 32.73821365625242 -4.862763600539292, 32.72862083103371 -4.866878106612711, 32.7190233390454 -4.870981715265223, 32.709421180088135 -4.875074391662938, 32.69981435407849 -4.879156100976659, 32.69020286102248 -4.88322680838196, 32.68058670110993 -4.887286479064314, 32.67096587458021 -4.89133507821222, 32.66134038186089 -4.895372571026896, 32.651710223465116 -4.899398922715394, 32.64207540002981 -4.903414098494808, 32.632435912354055 -4.907418063595415, 32.62279176129562 -4.911410783252925, 32.61314294791366 -4.915392222722193, 32.603489473329645 -4.919362347264142, 32.593831338823456 -4.923321122156942, 32.58416854580792 -4.927268512693249, 32.57450109577739 -4.931204484175683, 32.56482899042427 -4.935129001931206, 32.55515223149263 -4.939042031293415, 32.54547082091381 -4.942943537621542, 32.53578476072128 -4.9468334862888215, 32.526094053061456 -4.95071184268553, 32.51639870026201 -4.954578572229314, 32.50669870470497 -4.958433640346563, 32.4969940689784 -4.962277012497687, 32.48728479574578 -4.966108654155636, 32.47757088781758 -4.969928530819734, 32.46785234815986 -4.973736608017226, 32.45812917980868 -4.9775328512888075, 32.448401386010985 -4.981317226216038, 32.438668970071745 -4.985089698391921, 32.42893193547432 -4.9888502334465965, 32.4191902858278 -4.9925987970364085, 32.40944402483721 -4.996335354839023, 32.399693156409256 -5.000059872577047, 32.38993768450327 -5.0037723159851915, 32.38017761328116 -5.00747265084628, 32.37041294700179 -5.0111608429661905, 32.36064369005097 -5.014836858182827, 32.3508698469969 -5.0185006623801005, 32.34109142246634 -5.022152221457355, 32.331308421302936 -5.0257915013718755, 32.32152084842345 -5.029418468100613, 32.311728708903466 -5.033033087665321, 32.301932007975175 -5.036635326131966, 32.292130750945944 -5.040225149588767, 32.28232494334176 -5.043802524188968, 32.272514590747015 -5.04736741610342, 32.26269969893313 -5.050919791561465, 32.25288027379999 -5.054459616832633, 32.24305632134703 -5.057986858219102, 32.23322784778268 -5.061501482091653, 32.22339485936898 -5.065003454839081, 32.213557362576914 -5.068492742922041, 32.20371536397892 -5.071969312836119, 32.193868870275324 -5.075433131122891, 32.1840178883576 -5.078884164392709, 32.174162425175254 -5.082322379277497, 32.16430248790041 -5.085747742492787, 32.15443808378389 -5.089160220783813, 32.14456922023308 -5.092559780957168, 32.13469590482356 -5.095946389885387, 32.12481814520182 -5.0993200144698285, 32.11493594924063 -5.102680621704266, 32.105049324875765 -5.106028178608404, 32.0951582802256 -5.109362652279513, 32.0852628235513 -5.112684009875559, 32.07536296320447 -5.115992218594387, 32.06545870775719 -5.119287245731246, 32.05555006583666 -5.12256905860609, 32.04563704627402 -5.12583762463245, 32.0357196580183 -5.129092911277959, 32.02579791013203 -5.132334886064282, 32.01587181188539 -5.135563516611935, 32.00594137260293 -5.138778770567892, 31.996006601828697 -5.141980615687468, 31.98606750920197 -5.14516901977308, 31.976124104499895 -5.1483439506976305, 31.96617639768962 -5.151505376431192, 31.956224398798255 -5.154653264975357, 31.946268118081125 -5.157787584452577, 31.9363075658705 -5.160908303026138, 31.926342752659668 -5.1640153889475835, 31.916373689111605 -5.167108810561411, 31.906400385960183 -5.170188536252155, 31.89642285416924 -5.173254534534637, 31.886441104766252 -5.176306773959965, 31.876455148960524 -5.179345223185704, 31.866464998109645 -5.182369850956266, 31.856470663657053 -5.185380626067919, 31.846472157271393 -5.188377517453155, 31.836469490677196 -5.19136049407862, 31.826462675797924 -5.194329525035214, 31.816451724684477 -5.197284579493456, 31.80643664949069 -5.200225626690178, 31.796417462586128 -5.203152636001282, 31.78639417639318 -5.2060655768372275, 31.776366803546196 -5.208964418749467, 31.766335356787874 -5.211849131361526, 31.75629984898134 -5.214719684379564, 31.746260293192954 -5.21757604764909, 31.736216702542617 -5.220418191053089, 31.726169090371087 -5.223246084630742, 31.716117470110724 -5.226059698486058, 31.706061855331292 -5.228859002823223, 31.69600225979127 -5.231643967983972, 31.68593869730659 -5.234414564352887, 31.675871181918758 -5.237170762483978, 31.665799727746997 -5.23991253298975, 31.655724349063416 -5.242639846600997, 31.64564506031349 -5.2453526741826915, 31.635561876006417 -5.248050986650326, 31.625474810877733 -5.25073475509982, 31.61538387972989 -5.253403950680591, 31.60528909753162 -5.25605854467864, 31.59519047940974 -5.258698508509827, 31.585088040562514 -5.261323813650196, 31.574981796411983 -5.2639344317647465, 31.564871762439175 -5.266530334568553, 31.554757954302325 -5.269111493930875, 31.54464038780292 -5.271677881845643, 31.534519078822502 -5.2742294703783115, 31.524394043461285 -5.2767662317901936, 31.51426529787301 -5.2792881383909105, 31.504132858397163 -5.2817951626612825, 31.49399674150276 -5.284287277201542, 31.483856963747293 -5.2867644546957795, 31.473713541900153 -5.289226668029098, 31.463566492780707 -5.291673890134529, 31.453415833400232 -5.29410609413245, 31.443261580887082 -5.296523253257588, 31.433103752465954 -5.298925340841427, 31.4229423655656 -5.301312330420479, 31.412777437662605 -5.303684195579987, 31.402608986429446 -5.306040910107714, 31.392437029644647 -5.308382447901154, 31.38226158518994 -5.310708782967621, 31.37208267114278 -5.31301988952272, 31.36190030562733 -5.315315741832561, 31.35171450696553 -5.317596314379917, 31.34152529357586 -5.319861581753315, 31.33133268398559 -5.322111518663989, 31.321136696909257 -5.324346100034301, 31.310937351107587 -5.326565300839629, 31.30073466553931 -5.328769096285161, 31.29052865925142 -5.330957461678608, 31.28031935140398 -5.3331303724628105, 31.270106761336038 -5.3352878042945235, 31.259890908432606 -5.337429732886467, 31.249671812275356 -5.339556134193291, 31.23944949252725 -5.341666984269741, 31.229223968967162 -5.343762259317638, 31.21899526154515 -5.345841935756025, 31.20876339025699 -5.347905990063125, 31.19852837529256 -5.349954398970385, 31.188290236917197 -5.351987139307809, 31.178048995513368 -5.354004188062874, 31.167804671627223 -5.356005522443075, 31.15755728585027 -5.357991119718309, 31.147306858964537 -5.359960957422543, 31.137053411822688 -5.36191501318778, 31.126796965394426 -5.363853264813263, 31.1165375408063 -5.365775690322296, 31.1062751592296 -5.36768226780364, 31.096009842021598 -5.369572975620018, 31.085741610606163 -5.3714477922324475, 31.07547048652282 -5.3733066962776475, 31.06519649146159 -5.375149666621092, 31.054919647156265 -5.376976682196391, 31.04463997552131 -5.37878772222045, 31.034357498534526 -5.380582766009642, 31.024072238286625 -5.38236179306313, 31.01378421701309 -5.384124783114407, 31.003493456991773 -5.385871715967318, 30.993199980675247 -5.387602571717748, 30.982903810576726 -5.38931733056315, 30.97260496931851 -5.391015972889392, 30.962303479662346 -5.392698479323182, 30.951999364410597 -5.394364830563267, 30.94169264653376 -5.396015007608627, 30.931383349060837 -5.3976489915629005, 30.92107149512501 -5.399266763722064, 30.910757107993952 -5.400868305630328, 30.900440210973922 -5.402453598905169, 30.890120827532204 -5.4040226254725745, 30.87979898119295 -5.40557536736756, 30.869474695578702 -5.407111806819865, 30.85914799444179 -5.40863192631601, 30.848818901570734 -5.410135708416102, 30.83848744090719 -5.411623135994202, 30.82815363644826 -5.413094192038195, 30.817817512282943 -5.414548859731598, 30.807479092625496 -5.415987122524625, 30.797138401723885 -5.417408963941227, 30.786795463970964 -5.418814367825484, 30.776450303814034 -5.420203318141856, 30.766102945785036 -5.421575799049258, 30.75575341453668 -5.4229317949837785, 30.745401734752775 -5.42427129045496, 30.735047931253153 -5.425594270297161, 30.724692028911242 -5.426900719472886, 30.714334052677515 -5.428190623136181, 30.703974027618496 -5.429463966729633, 30.693611978829257 -5.430720735768826, 30.68324793153144 -5.431960916097497, 30.67288191099965 -5.433184493696723, 30.66251394257752 -5.434391454734399, 30.652144051719798 -5.435581785678974, 30.641772263907317 -5.436755473071496, 30.63139860473757 -5.437912503783008, 30.62102309986033 -5.439052864832641, 30.61064577498631 -5.440176543419717, 30.600266655931893 -5.44128352705626, 30.589885768537332 -5.442373803326942, 30.579503138749228 -5.443447360147945, 30.569118792565902 -5.444504185596596, 30.558732756038406 -5.445544267921994, 30.548345055317515 -5.44656759569783, 30.537955716575773 -5.447574157570579, 30.527564766081102 -5.448563942514288, 30.51717223015209 -5.449536939677107, 30.506778135152334 -5.450493138370085, 30.496382507538613 -5.451432528242395, 30.485985373787752 -5.4523550990174945, 30.475586760460885 -5.453260840742312, 30.46518669416858 -5.454149743653382, 30.454785201558835 -5.455021798139483, 30.4443823093656 -5.455876994939274, 30.433978044341295 -5.456715324868199, 30.423572433311463 -5.457536779058594, 30.413165503149283 -5.458341348849195, 30.40275728075839 -5.459129025719562, 30.39234779312028 -5.4598998015098426, 30.38193706723361 -5.4606536681409965, 30.371525130158997 -5.46139061784184, 30.361112009002184 -5.4621106430655475, 30.35069773089312 -5.462813736394358, 30.340282323030717 -5.463499890780348, 30.32986581262982 -5.4641690992621985, 30.319448226956286 -5.464821355174678, 30.309029593317828 -5.465456652095447, 30.298609939040787 -5.466074983720103, 30.28818929151102 -5.466676344123023, 30.277767678129074 -5.467260727473467, 30.26734512633602 -5.4678281282229495, 30.256921663610477 -5.468378541085049, 30.246497317444927 -5.468911960879411, 30.236072115380907 -5.469428382805601, 30.225646084973278 -5.469927802167552, 30.215219253807536 -5.470410214536438, 30.20479164950155 -5.470875615765645, 30.194363299683083 -5.4713240018051525, 30.183934232018245 -5.471755368986739, 30.173504474184814 -5.472169713759327, 30.163074053882085 -5.472567032821291, 30.152642998835347 -5.472947323172021, 30.142211336776523 -5.473310581899435, 30.131779095464896 -5.473656806470851, 30.121346302669217 -5.473985994485623, 30.110912986171613 -5.474298143773499, 30.10047917377271 -5.474593252483282, 30.090044893277092 -5.4748713188462, 30.079610172505756 -5.47513234146692, 30.069175039286204 -5.47537631909905, 30.058739521452214 -5.47560325070668, 30.048303646847614 -5.475813135589704, 30.037867443317882 -5.476005973126491, 30.02743093871425 -5.47618176305897, 30.01699416089056 -5.476340505296286, 30.00655713770104 -5.476482199939114, 29.996119897000515 -5.476606847441267, 29.98568246664344 -5.476714448333702, 29.975244874479873 -5.476805003497424, 29.96480714835753 -5.476878513999676, 29.95436931611971 -5.476934981077228, 29.943931405600097 -5.476974406328744, 29.933493444629914 -5.476996791430866, 29.923055461026724 -5.477002138397168, 29.912617482599735 -5.47699044944887, 29.90217953714994 -5.476961726957534, 29.891741652458105 -5.476915973666338, 29.881303856300182 -5.476853192400001, 29.87086617643019 -5.476773386302598, 29.86042864058649 -5.476676558746142, 29.84999127649654 -5.4765627132349834, 29.839554111856543 -5.47643185365101, 29.829117174355154 -5.476283983963689, 29.818680491651946 -5.476119108442471, 29.808244091382427 -5.475937231604579, 29.797808001169283 -5.475738358083451, 29.787372248592927 -5.475522492892267, 29.77693686122293 -5.475289641140208, 29.766501866593725 -5.475039808215794, 29.756067292206335 -5.474772999774132, 29.745633165547574 -5.474489221572684, 29.73519951405133 -5.474188479746411, 29.724766365136485 -5.473870780536836, 29.714333746182024 -5.4735361304455825, 29.703901684523096 -5.473184536260579, 29.693470207479585 -5.472816004860731, 29.68303934230858 -5.472430543494601, 29.67260911624692 -5.47202815952896, 29.662179556488255 -5.471608860566139, 29.651750690171482 -5.471172654506972, 29.64132254441934 -5.4707195493353655, 29.63089514628242 -5.470249553399187, 29.62046852278493 -5.469762675179257, 29.61004270090559 -5.469258923370185, 29.59961770755687 -5.468738306977767, 29.589193569634055 -5.46820083508496, 29.578770313952145 -5.467646517127137, 29.568347967292567 -5.4670753626870665, 29.55792655638996 -5.466487381540247, 29.547506107901015 -5.465882583783478, 29.537086648463934 -5.46526097958709, 29.52666820462961 -5.4646225794601095, 29.516250802907184 -5.4639673940734745, 29.505834469758646 -5.463295434270929, 29.495419231556273 -5.462606711224869, 29.48500511465217 -5.4619012361796715, 29.474592145305216 -5.46117902070322, 29.464180349723552 -5.460440076539445, 29.453769754068464 -5.459684415586366, 29.443360384400044 -5.45891205007463, 29.432952266756 -5.458122992307204, 29.422545427075846 -5.457317254896827, 29.41213989123853 -5.456494850647074, 29.401735685076964 -5.455655792498499, 29.39133283431179 -5.454800093724975, 29.38093136463858 -5.453927767673799, 29.37053130165124 -5.453038827981448, 29.36013267087316 -5.452133288484802, 29.34973549778266 -5.451211163143792, 29.3393398077351 -5.450272466253311, 29.328945626057468 -5.449317212184815, 29.318552977972185 -5.448345415582394, 29.30816188862069 -5.447357091301195, 29.297772383100487 -5.44635225430651, 29.287384486376357 -5.445330919895489, 29.276998223380822 -5.444293103445324, 29.2666136189398 -5.443238820588983, 29.256230697787792 -5.442168087178967, 29.245849484616354 -5.441080919166974, 29.235470003975365 -5.439977332831561, 29.22509228037805 -5.43885734453529, 29.214716338229742 -5.437720970880162, 29.20434220183388 -5.436568228694271, 29.193969895451875 -5.435399134895748, 29.18359944319532 -5.434213706722816, 29.173230869134425 -5.433011961501775, 29.162864197230608 -5.431793916782947, 29.15249945133321 -5.430559590347449, 29.142136655250244 -5.429309000058802, 29.13177583263267 -5.428042164092003, 29.121417007084997 -5.42675910071395, 29.11106020210219 -5.425459828403004, 29.10070544105717 -5.424144365873205, 29.090352747281848 -5.422812731914511, 29.080002143944885 -5.421464945617094, 29.069653654163332 -5.42010102616571, 29.0593073009447 -5.418720992941234, 29.048963107165502 -5.417324865558841, 29.038621095661284 -5.415912663705061, 29.028281289098135 -5.414484407359596, 29.01794371008537 -5.413040116600188, 29.007608381122346 -5.411579811688601, 28.997275324568974 -5.410103513120073, 28.98694456274396 -5.408611241457068, 28.976616117791238 -5.40710301754522, 28.966290011793063 -5.405578862329967, 28.955966266721315 -5.404038796929989, 28.94564490440058 -5.402482842695035, 28.935325946613812 -5.400911021038671, 28.92500941496432 -5.399323353647571, 28.914695330989204 -5.397719862308948, 28.904383716114438 -5.396100568973759, 28.894074591611787 -5.3944654958202065, 28.883767978710672 -5.392814665087435, 28.873463898456347 -5.391148099277756, 28.86316237182382 -5.38946582099369, 28.85286341967588 -5.387767852993237, 28.84256706271502 -5.386054218256505, 28.83227332160057 -5.384324939822099, 28.821982216803274 -5.382580040982186, 28.811693768720335 -5.380819545127755, 28.80140799763512 -5.379043475798013, 28.791124923665635 -5.3772518567476775, 28.780844566885683 -5.375444711788085, 28.770566947175936 -5.373622064976619, 28.76029208434077 -5.3717839404676795, 28.750019998068744 -5.369930362557212, 28.739750707879022 -5.368061355748218, 28.729484233245536 -5.366176944598003, 28.719220593445257 -5.364277153898874, 28.70895980767729 -5.362362008535927, 28.698701895021955 -5.3604315335319495, 28.6884468743867 -5.3584857541100135, 28.678194764632526 -5.3565246955459545, 28.66794558441924 -5.354548383342024, 28.657699352327977 -5.352556843088928, 28.647456086817538 -5.350550100511147, 28.637215806171824 -5.348528181524336, 28.626978528626797 -5.346491112095462, 28.616744272213108 -5.344438918409553, 28.606513054882893 -5.342371626734932, 28.596284894461537 -5.3402892634706625, 28.586059808598723 -5.338191855197128, 28.57583781489444 -5.336079428544838, 28.565618930739298 -5.333952010354205, 28.55540317344645 -5.331809627543147, 28.545190560197153 -5.329652307158059, 28.534981107997268 -5.327480076416098, 28.52477483380097 -5.325292962583671, 28.514571754349063 -5.32309099312903, 28.50437188630695 -5.320874195591688, 28.494175246201966 -5.3186425976379965, 28.483981850387842 -5.316396227093916, 28.473791715164026 -5.314135111834139, 28.463604856612946 -5.311859279927112, 28.453421290744462 -5.3095687595059875, 28.443241033423384 -5.3072635788296925, 28.43306410034404 -5.304943766305047, 28.42289050714329 -5.302609350387549, 28.41272026923779 -5.3002603597180356, 28.402553401975126 -5.297896822995416, 28.39238992054998 -5.295518769043945, 28.38222983999111 -5.29312622682385, 28.372073175265598 -5.290719225344604, 28.361919941117986 -5.288297793792594, 28.351770152227623 -5.285861961405849, 28.341623823112467 -5.283411757546427, 28.33148096813108 -5.280947211698957, 28.32134160157502 -5.278468353398398, 28.31120573751206 -5.275975212347447, 28.30107338994881 -5.273467818294389, 28.29094457272118 -5.270946201111571, 28.28081929951338 -5.26841039078151, 28.270697583935963 -5.265860417338806, 28.26057943937593 -5.26329631097567, 28.250464879163093 -5.2607181019244225, 28.240353916446743 -5.258125820540816, 28.230246564233994 -5.255519497277882, 28.22014283544995 -5.2528991626430885, 28.210042742798304 -5.250264847290783, 28.19994629892881 -5.2476165819107745, 28.18985351630087 -5.244954397315273, 28.179764407242583 -5.242278324400931, 28.169678983990067 -5.239588394121742, 28.159597258562233 -5.2368846375670515, 28.149519242926385 -5.234167085857999, 28.139444948849807 -5.231435770236457, 28.12937438798058 -5.228690722016247, 28.119307571863114 -5.225931972571805, 28.109244511831236 -5.223159553400679, 28.099185219167982 -5.220373496029623, 28.089129704947496 -5.2175738321035805, 28.07907798013765 -5.214760593327586, 28.06903005558935 -5.211933811470717, 28.058985941952017 -5.20909351841231, 28.04894564982327 -5.206239746059493, 28.03890918958426 -5.203372526433943, 28.028876571523156 -5.200491891606492, 28.018847805796405 -5.197597873715332, 28.008822902370827 -5.194690504995637, 27.998801871157912 -5.191769817710173, 27.988784721847257 -5.188835844231276, 27.97877146404839 -5.185888616970743, 27.968762107223416 -5.182928168410647, 27.958756660659205 -5.17995453111658, 27.948755133580807 -5.1769677376827135, 27.93875753498907 -5.173967820806287, 27.928763873816386 -5.170954813215863, 27.91877415883163 -5.167928747712444, 27.90878839864525 -5.1648896571671905, 27.898806601795965 -5.161837574481972, 27.888828776600015 -5.158772532653528, 27.878854931314482 -5.1556945647036425, 27.868885074017246 -5.1526037037276, 27.858919212646523 -5.149499982877976, 27.84895735505534 -5.146383435341023, 27.838999508880608 -5.143254094388273, 27.8290456817061 -5.14011199331192, 27.81909588092221 -5.136957165477236, 27.809150113799515 -5.133789644294735, 27.799208387506926 -5.130609463211858, 27.7892707090083 -5.127416655750482, 27.779337085216476 -5.1242112554505725, 27.769407522839145 -5.12099329592338, 27.75948202848412 -5.117762810814827, 27.7495606086387 -5.114519833810873, 27.739643269600474 -5.111264398660495, 27.729730017613786 -5.107996539129836, 27.71982085870979 -5.10471628905263, 27.709915798838438 -5.101423682288327, 27.70001484380906 -5.098118752738891, 27.690117999260575 -5.094801534357791, 27.680225270771153 -5.09147206111613, 27.67033666370329 -5.08813036704706, 27.66045218335382 -5.084776486202493, 27.650571834859008 -5.081410452678196, 27.640695623207073 -5.078032300610362, 27.630823553312506 -5.074642064154333, 27.62095562987839 -5.071239777520159, 27.611091857553003 -5.0678254749318805, 27.601232240805807 -5.064399190657245, 27.59137678398237 -5.060960958994292, 27.5815254913367 -5.057510814262186, 27.571678366922676 -5.054048790826198, 27.56183541474428 -5.05057492306278, 27.551996638611993 -5.047089245390274, 27.542162042236487 -5.04359179224859, 27.532331629215715 -5.040082598100496, 27.52250540296491 -5.036561697445768, 27.512683366847874 -5.033029124794138, 27.502865524025516 -5.029484914693647, 27.49305187758098 -5.025929101706979, 27.48324243046192 -5.022361720420567, 27.47343718545575 -5.01878280544892, 27.463636145289836 -5.015192391416402, 27.453839312486824 -5.011590512980497, 27.444046689508877 -5.007977204808355, 27.434258278660717 -5.004352501590486, 27.424474082112773 -5.000716438037341, 27.414694101959615 -4.997069048869668, 27.404918340098483 -4.99341036883489, 27.395146798376352 -4.989740432687, 27.385379478464092 -4.986059275201476, 27.37561638192531 -4.982366931166856, 27.36585751022665 -4.9786634353822645, 27.356102864653195 -4.9749488226665886, 27.346352446441923 -4.971223127843593, 27.336606256640778 -4.96748638575516, 27.326864296215838 -4.9637386312509895, 27.317126566012263 -4.95997989919081, 27.307393066716124 -4.956210224447554, 27.297663798959135 -4.952429641898106, 27.287938763179202 -4.94863818643294, 27.27821795975293 -4.944835892946737, 27.268501388912316 -4.9410227963424775, 27.2587890507573 -4.937198931530715, 27.24908094531847 -4.9333643334251605, 27.239377072438625 -4.929519036947931, 27.229677431911675 -4.925663077023144, 27.219982023366725 -4.921796488580203, 27.210290846329414 -4.917919306551818, 27.200603900234526 -4.914031565872502, 27.190921184345008 -4.910133301480131, 27.1812426978779 -4.906224548313153, 27.17156843987182 -4.9023053413112825, 27.161898409288554 -4.898375715414736, 27.152232604974255 -4.894435705563122, 27.142571025626946 -4.890485346695279, 27.132913669891774 -4.886524673749221, 27.12326053623151 -4.882553721659745, 27.113611623052808 -4.878572525360566, 27.103966928622643 -4.874581119781218, 27.094326451088154 -4.870579539847648, 27.084690188527148 -4.866567820482937, 27.07505813884319 -4.862545996602816, 27.06543029989479 -4.858514103120921, 27.05580666938142 -4.854472174942257, 27.046187244911916 -4.8504202469668884, 27.036572024002755 -4.84635835408876, 27.026961004014893 -4.842286531191487, 27.017354182264544 -4.838204813155358, 27.00775155589771 -4.834113234847307, 26.998153121995493 -4.830011831129129, 26.98855887752141 -4.8259006368519755, 26.978968819309586 -4.821779686855297, 26.969382944138715 -4.8176490159729495, 26.959801248617953 -4.813508659021416, 26.950223729309037 -4.8093586508122055, 26.9406503826334 -4.805199026140784, 26.931081204912637 -4.801029819791204, 26.921516192392943 -4.796851066538024, 26.9119553411645 -4.792662801136127, 26.902398647276144 -4.788465058334923, 26.89284610662075 -4.784257872862303, 26.883297715019403 -4.780041279436225, 26.873753468193176 -4.775815312759678, 26.864213361730243 -4.771580007515752, 26.854677391171872 -4.767335398380076, 26.845145551898426 -4.763081520002302, 26.835617839240072 -4.758818407023902, 26.826094248402867 -4.75454609406486, 26.81657477448857 -4.750264615727104, 26.807059412535363 -4.745974006600861, 26.797548157429453 -4.741674301248294, 26.78804100401727 -4.737365534224028, 26.77853794700265 -4.733047740054712, 26.769038981014145 -4.728720953252201, 26.759544100593327 -4.724385208310288, 26.750053300150185 -4.720040539695431, 26.740566574052867 -4.715686981865048, 26.731083916518724 -4.711324569243495, 26.721605321713476 -4.706953336243758, 26.712130783691475 -4.702573317253138, 26.70266029640279 -4.698184546634899, 26.693193853741743 -4.693787058738863, 26.68373144945748 -4.68938088787972, 26.6742730772605 -4.684966068362665, 26.664818730730257 -4.6805426344597105, 26.655368403370854 -4.676110620423789, 26.645922088608494 -4.671670060487233, 26.636479779742544 -4.667220988848839, 26.627041470033888 -4.662763439696921, 26.6176071526024 -4.658297447180946, 26.60817682051702 -4.653823045436294, 26.598750466744708 -4.649340268569103, 26.58932808415178 -4.644849150656659, 26.579909665553696 -4.6403497257611495, 26.570495203628926 -4.635842027903985, 26.561084691019012 -4.63132609109545, 26.551678120243615 -4.626801949308205, 26.54227548375017 -4.622269636492613, 26.532876773914037 -4.617729186576001, 26.523481982990862 -4.613180633447454, 26.514091103200165 -4.608624010984238, 26.504704126629438 -4.604059353020008, 26.49532104531805 -4.599486693372463, 26.485941851209734 -4.594906065826695, 26.476566536154102 -4.5903175041356805, 26.467195091952593 -4.585721042035498, 26.457827510278612 -4.581116713217195, 26.44846378277092 -4.5765045513595055, 26.439103900953512 -4.57188459009959, 26.429747856283818 -4.567256863050479, 26.420395640150307 -4.5626214037995085, 26.411047243830694 -4.5579782458927305, 26.40170265856816 -4.553327422863076, 26.392361875482024 -4.5486689681960195, 26.383024885647902 -4.5440029153602515, 26.373691680049745 -4.539329297788403, 26.36436224958597 -4.534648148879455, 26.35503658510776 -4.529959502013373, 26.345714677347747 -4.525263390522287, 26.336396517006598 -4.520559847725316, 26.327082094675667 -4.515848906896366, 26.31777140088724 -4.511130601284918, 26.30846442610566 -4.5064049641116775, 26.299161160694823 -4.501672028554807, 26.289861594984888 -4.496931827777959, 26.280565719189767 -4.492184394894492, 26.271273523485107 -4.487429763001168, 26.261984997956986 -4.482667965155071, 26.252700132616155 -4.477899034379924, 26.243418917425437 -4.473123003677779, 26.234141342239294 -4.468339906001652, 26.224867396882743 -4.463549774291101, 26.21559707107583 -4.4587526414372505, 26.206330354488344 -4.453948540308, 26.197067236721217 -4.449137503738873, 26.18780770728656 -4.444319564523615, 26.178551755662344 -4.439494755439614, 26.169299371218163 -4.434663109212168, 26.160050543291007 -4.429824658550881, 26.150805261128973 -4.4249794361222765, 26.141563513916093 -4.4201274745618475, 26.132325290786383 -4.415268806479508, 26.123090580777273 -4.41040346443573, 26.11385937289807 -4.405531480977622, 26.104631656054845 -4.4006528886058245, 26.095407419111897 -4.395767719801435, 26.086186650868843 -4.390876006997095, 26.076969340056102 -4.385977782573569, 26.06775547535705 -4.38107307891296, 26.05854504532156 -4.3761619284092115, 26.04933803847665 -4.371244363432462, 26.040134443374935 -4.366320416091396, 26.030934248578717 -4.3613901183512045, 26.021737442334505 -4.356453502640302, 26.012544012390276 -4.351510602120804, 26.003353946807316 -4.346561449297295, 25.994167235327524 -4.341606073277146, 25.98498386787994 -4.336644502736452, 25.975803829130445 -4.331676776081174, 25.96662709935791 -4.32670293982572, 25.95745366890647 -4.321723021434117, 25.94828355172215 -4.316737003713517, 25.939116815045217 -4.3117447721393285, 25.92995388498093 -4.306745558360678, 25.920795335043046 -4.301738325614913, 25.91164143238248 -4.2967226003789065, 25.902492077033664 -4.291698584049975, 25.8933471751116 -4.286666466680248, 25.8842067266098 -4.281626265167685, 25.875070749419606 -4.276577963367087, 25.865939239280763 -4.271521585641653, 25.856812178165164 -4.266457181528946, 25.84768955134155 -4.261384794329786, 25.838571349950886 -4.2563044562586345, 25.829457565301716 -4.251216199132998, 25.82034818676857 -4.246120058024398, 25.81124320314671 -4.24101606896328, 25.802142603510006 -4.235904267231418, 25.793046377171883 -4.230784687466205, 25.783954513348924 -4.225657364352755, 25.774867001014236 -4.220522332736143, 25.765783829094563 -4.215379627465617, 25.756704986432908 -4.21022928325943, 25.747630461833346 -4.205071334778168, 25.738560244012987 -4.199905816645287, 25.72949432158826 -4.1947327634414435, 25.720432683133794 -4.1895522097210085, 25.71137531710808 -4.184364189961661, 25.702322211935908 -4.1791687386194765, 25.69327335593666 -4.173965890087215, 25.684228737367206 -4.168755678720092, 25.67518834441868 -4.163538138832239, 25.666152165182506 -4.158313304675495, 25.65712018771545 -4.153081210479971, 25.6480923999596 -4.147841890403936, 25.63906878981946 -4.142595378582069, 25.63004934510768 -4.137341709090789, 25.621034053566603 -4.132080915961952, 25.612022902885194 -4.126813033193273, 25.603015880649256 -4.121538094716459, 25.594012974413825 -4.116256134443435, 25.585014171626216 -4.110967186216588, 25.576019459691157 -4.105671283850803, 25.56702882593399 -4.100368461109284, 25.558042257603162 -4.095058751705181, 25.54905974190358 -4.089742189323084, 25.540081265936372 -4.0844188075795005, 25.53110681677324 -4.079088640071578, 25.522136381386485 -4.07375172033077, 25.51316994670048 -4.068408081856824, 25.50420749957151 -4.063057758104183, 25.495249026774204 -4.057700782472958, 25.486294515046925 -4.052337188338973, 25.477343951025883 -4.046967009009675, 25.468397321317497 -4.041590277772498, 25.45945461243754 -4.036207027853836, 25.450515810848874 -4.030817292444433, 25.44158090295606 -4.025421104695557, 25.432649875079065 -4.020018497701221, 25.42372271350659 -4.014609504534182, 25.414799404428592 -4.00919415820001, 25.405879934003753 -4.003772491682984, 25.39696428830857 -3.998344537911329, 25.388052453362565 -3.9929103297743906, 25.37914441513505 -3.9874699001269334, 25.37024015950967 -3.9820232817646826, 25.361339672341987 -3.9765705074640927, 25.35244293939318 -3.971111609936988, 25.343549946391196 -3.965646621872427, 25.334660678989586 -3.9601755759082695, 25.32577512278189 -3.9546985046410916, 25.316893263317866 -3.94921544063724, 25.308015086061495 -3.943726416403932, 25.299140576450682 -3.938231464430356, 25.290269719833873 -3.9327306171439664, 25.281402501524507 -3.927223906948045, 25.27253890676839 -3.921711366199196, 25.26367892074944 -3.9161930272113192, 25.25482252861277 -3.910668922271511, 25.24596971541884 -3.9051390836084807, 25.237120466203177 -3.899603543433728, 25.22827476591663 -3.8940623339004365, 25.219432599473606 -3.8885154871366847, 25.210593951726537 -3.882963035227934, 25.201758807465175 -3.87740501021654, 25.19292715144412 -3.871841444120775, 25.18409896833516 -3.866272368902146, 25.17527424278586 -3.86069781650558, 25.166452959363514 -3.8551178188211748, 25.157635102598142 -3.849532407713583, 25.148820656962297 -3.8439416150083883, 25.1400096068659 -3.8383454724886232, 25.131201936686477 -3.832744011915392, 25.122397630720954 -3.827137264995305, 25.113596673242558 -3.8215252634190096, 25.10479904844806 -3.8159080388257802, 25.096004740496802 -3.8102856228297703, 25.087213733494043 -3.804658047009088, 25.078426011483344 -3.7990253429007272, 25.069641558477677 -3.7933875420214216, 25.06086035841194 -3.787744675836174, 25.052082395197893 -3.7820967757946997, 25.043307652674105 -3.7764438732983763, 25.034536114642417 -3.770785999724333, 25.02576776485268 -3.765123186416457, 25.017002586994447 -3.759455464680044, 25.008240564727878 -3.753782865801504, 24.99948168163754 -3.7481054210187312, 24.99072592128551 -3.742423161555262, 24.98197326716284 -3.736736118589803, 24.973223702724926 -3.731044323278563, 24.964477211376774 -3.7253478067463557, 24.95573377646558 -3.719646600081974, 24.94699338130953 -3.713940734356397, 24.938256009153818 -3.708230240595842, 24.92952164322176 -3.702515149813214, 24.92079026666743 -3.696795492979683, 24.912061862611072 -3.691071301046054, 24.903336414122954 -3.6853426049335694, 24.894613904218364 -3.679609435530942, 24.885894315883398 -3.673871823709935, 24.87717763203389 -3.6681298003015756, 24.86846383556444 -3.6623833961247163, 24.85975290930157 -3.656632641959606, 24.851044836040288 -3.6508775685686725, 24.84233959852522 -3.6451182066864343, 24.833637179449436 -3.6393545870188717, 24.824937561475892 -3.6335867402557005, 24.816240727200224 -3.627814697050324, 24.807546659197342 -3.6220384880451264, 24.798855339974796 -3.6162581438471455, 24.790166752011455 -3.610473695048394, 24.781480877734445 -3.604685172214651, 24.77279769952333 -3.598892605887575, 24.764117199726023 -3.593096026592935, 24.755439360626745 -3.5872954648245488, 24.746764164489075 -3.581490951066324, 24.738091593509523 -3.5756825157708905, 24.72942162985871 -3.569870189378842, 24.720754255653667 -3.5640540023062552, 24.71208945296852 -3.558233984949594, 24.703427203843006 -3.5524101676902293, 24.694767490256762 -3.5465825808832285, 24.686110294168234 -3.540751254874653, 24.677455597469876 -3.534916219982925, 24.6688033820312 -3.529077506516957, 24.660153629665675 -3.5232351447633374, 24.65150632214897 -3.5173891649936215, 24.64286144121882 -3.51153959746503, 24.634218968557665 -3.5056864724139247, 24.625578885825053 -3.4998298200684292, 24.616941174615995 -3.49396967063372, 24.608305816504856 -3.4881060543077806, 24.599672793007375 -3.482239001269078, 24.591042085606954 -3.476368541685344, 24.582413675744586 -3.4704947057111672, 24.573787544811704 -3.464617523485791, 24.565163674173718 -3.4587370251409473, 24.55654204513421 -3.4528532407907058, 24.547922638977294 -3.446966200543797, 24.539305436926206 -3.441075934493068, 24.53069042017727 -3.435182472724402, 24.522077569879208 -3.429285845312476, 24.513466867137875 -3.423386082321874, 24.50485829302833 -3.417483213810665, 24.496251828568262 -3.411577269824829, 24.487647454755244 -3.4056682804064433, 24.479045152525078 -3.3997562755860997, 24.470444902791247 -3.393841285390404, 24.461846686414113 -3.3879233398380157, 24.453250484218398 -3.3820024689422765, 24.444656276991765 -3.3760787027117525, 24.436064045470694 -3.3701520711484294, 24.427473770368422 -3.3642226042518955, 24.41888543233749 -3.3582903320157786, 24.410299012010867 -3.352355284432002, 24.40171448996396 -3.3464174914884786, 24.39313184674399 -3.340476983171214, 24.384551062853703 -3.3345337894644698, 24.37597211875255 -3.3285879403508183, 24.367394994870885 -3.3226394658125042, 24.358819671582598 -3.3166883958312434, 24.350246129241814 -3.3107347603889674, 24.34167434814246 -3.304778589468939, 24.333104308556337 -3.29881991305505, 24.324535990703346 -3.292858761133953, 24.31596937476903 -3.2868951636941515, 24.3074044409016 -3.2809291507273306, 24.29884116920021 -3.2749607522293687, 24.290279539739906 -3.2689899981988737, 24.28171953253693 -3.2630169186413744, 24.2731611275882 -3.2570415435649642, 24.264604304832897 -3.2510639029864663, 24.256049044184433 -3.24508402692668, 24.247495325509398 -3.2391019454150194, 24.238943128635135 -3.2331176884881385, 24.230392433356577 -3.2271312861897337, 24.221843219415955 -3.2211427685750103, 24.21329546653394 -3.2151521657044593, 24.204749154371743 -3.2091595076536197, 24.196204262570394 -3.2031648245033635, 24.187660770715684 -3.1971681463504193, 24.179118658364512 -3.191169503299869, 24.170577905030566 -3.185168925470697, 24.16203849018497 -3.1791664429955757, 24.153500393269297 -3.1731620860176935, 24.14496359367046 -3.167155884699771, 24.13642807075478 -3.1611478692124, 24.127893803829235 -3.1551380697494635, 24.119360772179668 -3.149126516513378, 24.11082895503821 -3.143113239729586, 24.102298331606203 -3.137098269636782, 24.093768881043463 -3.1310816364929863, 24.08524058246569 -3.1250633705767337, 24.076713414959983 -3.1190435021808467, 24.068187357558067 -3.113022061625895, 24.059662389271093 -3.1069990792433013, 24.05113848905094 -3.1009745853963815, 24.042615635827826 -3.094948610460348, 24.034093808478374 -3.08892118484123, 24.02557298584814 -3.082892338963017, 24.01705314674077 -3.0768621032753445, 24.008534269915994 -3.0708305082547964, 24.000016334104146 -3.0647975843969646, 23.991499317980598 -3.0587633622331345, 23.982983200199392 -3.052727872309049, 23.974467959354936 -3.0466911452116348, 23.965953574020027 -3.0406532115429377, 23.95744002271253 -3.0346141019449253, 23.948927283920476 -3.0285738470813066, 23.940415336087813 -3.0225324776493556, 23.931904157616618 -3.016490024378246, 23.923393726876895 -3.0104465180228206, 23.91488402218527 -3.0044019893807934, 23.906375021835338 -2.9983564692689697, 23.897866704061244 -2.992309988554126, 23.889359047076073 -2.986262578121033, 23.880852029035534 -2.9802142689049242, 23.87234562806821 -2.97416509186498, 23.863839822254164 -2.9681150780049075, 23.85533458963532 -2.962064258363388, 23.846829908216726 -2.9560126640143474, 23.83832575595364 -2.9499603260793426, 23.829822110774742 -2.9439072757062252, 23.821318950550474 -2.937853544100779, 23.812816253129863 -2.931799162490598, 23.804313996301964 -2.925744162165291, 23.795812157832053 -2.9196885744393044, 23.787310715431094 -2.913632430685332, 23.778809646777653 -2.9075757623109273, 23.7703089295062 -2.901518600772731, 23.761808541207472 -2.8954609775760027, 23.75330845943912 -2.8894029242641106, 23.74480866170467 -2.883344472442751, 23.73630912548299 -2.8772856537467844, 23.727809828192836 -2.8712264998826784, 23.719310747230864 -2.865167042583672, 23.710811859933298 -2.859107313657555, 23.70231314360999 -2.853047344944801, 23.693814575518246 -2.846987168352646, 23.685316132880466 -2.840926815832681, 23.67681779287611 -2.8348663193928343, 23.66831953263874 -2.8288057111012197, 23.659821329269118 -2.8227450230701736, 23.651323159812527 -2.8166842874870204, 23.64282500128909 -2.8106235365738907, 23.634326830657876 -2.8045628026378733, 23.6258286248552 -2.7985021180181913, 23.617330360756743 -2.7924415151408994, 23.608832015211718 -2.7863810264701825, 23.600333565014697 -2.7803206845507384, 23.591834986925633 -2.774260521978358, 23.58333625765895 -2.768200571417756, 23.574837353884433 -2.762140865601235, 23.566338252236058 -2.756081437316745, 23.557838929293776 -2.7500223194362894, 23.549339361609675 -2.7439635448761615, 23.540839525675242 -2.7379051466493936, 23.532339397958197 -2.731847157807626, 23.523838954863834 -2.7257896115047173, 23.51533817277245 -2.719732540935884, 23.506837028005517 -2.7136759793952, 23.498335496853574 -2.707619960228885, 23.48983355555547 -2.7015645168721765, 23.481331180310548 -2.6955096828285012, 23.472828347275488 -2.689455491676588, 23.464325032558364 -2.683401977081055, 23.45582121223276 -2.6773491727686807, 23.447316862314874 -2.671297112569806, 23.438811958793238 -2.6652458303657753, 23.430306477594332 -2.659195360152835, 23.42180039462013 -2.6531457359733075, 23.413293685710197 -2.6470969919881706, 23.404786326678128 -2.6410491624080614, 23.396278293277675 -2.6350022815597502, 23.3877695612311 -2.628956383831204, 23.379260106207333 -2.6229115037163373, 23.370749903836483 -2.616867675786322, 23.362238929703036 -2.6108249347048975, 23.35372715934436 -2.6047833152315367, 23.345214568260104 -2.598742852203973, 23.336701131895243 -2.5927035805735974, 23.328186825663643 -2.586665535357615, 23.319671624918644 -2.580628751701834, 23.311155504986793 -2.5745932648097796, 23.302638441131148 -2.5685591100229086, 23.29412040858908 -2.562526322739047, 23.28560138253492 -2.5564949384958817, 23.27708133811502 -2.5504649928936813, 23.268560250416282 -2.544436521667485, 23.260038094492682 -2.538409560627313, 23.251514845344417 -2.53238414570777, 23.242990477932388 -2.5263603129348207, 23.234464967170336 -2.520338098446014, 23.22593828792575 -2.514317538488603, 23.217410415025707 -2.5082986694075036, 23.208881323244498 -2.5022815276755472, 23.20035098732199 -2.4962661498504533, 23.191819381939688 -2.490252572634226, 23.183286481749423 -2.484240832803695, 23.17475226134114 -2.4782309672923106, 23.166216695277328 -2.4722230131034437, 23.15767975805556 -2.4662170074066707, 23.149141424146517 -2.4602129874415866, 23.140601667959288 -2.4542109906117635, 23.132060463874602 -2.4482110543965736, 23.123517786213238 -2.4422132164370547, 23.114973609263547 -2.4362175144618843, 23.106427907258272 -2.4302239863531496, 23.09788065439312 -2.424232670095066, 23.08933182481318 -2.4182436038146276, 23.08078139262145 -2.4122568257574852, 23.072229331875477 -2.406272374300136, 23.06367561658564 -2.400290287954946, 23.05512022072195 -2.3943106053531404, 23.046563118202542 -2.388333365278653, 23.038004282909693 -2.3823586066232076, 23.029443688669872 -2.3763863684466555, 23.020881309277396 -2.370416689907451, 23.012317118467703 -2.3644496103454817, 23.003751089946856 -2.3584851691926354, 22.995183197360046 -2.3525234060726143, 22.986613414324786 -2.3465643606977467, 22.9780417143969 -2.3406080729791663, 22.969468071104977 -2.334654582916933, 22.960892457916426 -2.3287039307131634, 22.95231484827074 -2.322756156662882, 22.943735215547694 -2.316811301263104, 22.935153533097647 -2.310869405110821, 22.926569774213494 -2.3049305090022147, 22.917983912156707 -2.2989946538428105, 22.90939592013391 -2.29306188073273, 22.900805771317927 -2.2871322308924644, 22.892213438829756 -2.281205745731164, 22.88361889575409 -2.2752824667903724, 22.87502211512683 -2.2693624357937066, 22.866423069945093 -2.2634456946097874, 22.857821733160307 -2.2575322852822746, 22.849218077682828 -2.2516222500125047, 22.84061207637935 -2.245715631171354, 22.83200370207252 -2.2398124713011387, 22.823392927545644 -2.2339128131049444, 22.81477972553791 -2.228016699466827, 22.806164068750807 -2.222124173426989, 22.797545929839078 -2.216235278219654, 22.788925281422085 -2.2103500572299937, 22.780302096071416 -2.204468554047679, 22.771676346325233 -2.1985908124091074, 22.76304800467295 -2.1927168762651714, 22.754417043572293 -2.1868467897101125, 22.745783435431694 -2.1809805970617466, 22.73714715262935 -2.17511834277874, 22.728508167493946 -2.1692600715516233, 22.71986645232514 -2.16340582821012, 22.7112219793731 -2.157555657823325, 22.702574720860092 -2.1517096055986813, 22.693924648959065 -2.1458677169898177, 22.685271735816038 -2.1400300375885872, 22.676615953528188 -2.1341966132391974, 22.667957274166532 -2.128367489924585, 22.659295669753963 -2.122542713885626, 22.650631112287925 -2.116722331503026, 22.641963573718517 -2.1109063894205855, 22.633293025971074 -2.1050949344235312, 22.62461944092455 -2.099288013564876, 22.615942790433717 -2.0934856740410748, 22.607263046308145 -2.0876879633206586, 22.598580180333762 -2.0818949290180586, 22.589894164252463 -2.0761066190238364, 22.581204969783116 -2.070323081377278, 22.57251256860188 -2.0645443643973485, 22.563816932362467 -2.0587705165549766, 22.55511803267734 -2.0530015866040277, 22.546415841136998 -2.0472376234540297, 22.537710329292313 -2.0414786763002546, 22.529001468672707 -2.0357247944978494, 22.52028923076965 -2.0299760276899685, 22.511573587053736 -2.024232425684464, 22.50285450895941 -2.0184940385787824, 22.494131967900763 -2.012760916640659, 22.485405935257678 -2.0070331104283, 22.47667638239017 -2.0013106706766695, 22.46794328062615 -1.9955936484110965, 22.459206601274165 -1.9898820948411522, 22.450466315612907 -1.9841760614655606, 22.441722394902175 -1.9784755999760406, 22.432974810374155 -1.9727807623511575, 22.424223533242472 -1.967091600772846, 22.415468534695226 -1.9614081677066144, 22.406709785903157 -1.9557305158318878, 22.39794725801491 -1.9500586981049952, 22.389180922162026 -1.944392767709718, 22.38041074945592 -1.9387327781010077, 22.371636710991734 -1.9330787829756029, 22.362858777847208 -1.927430836293059, 22.354076921084683 -1.921788992270579, 22.345291111751596 -1.9161533053788598, 22.336501320881204 -1.9105238303631245, 22.327707519494396 -1.9049006222117035, 22.318909678599194 -1.8992837362051194, 22.31010776919365 -1.8936732278562347, 22.301301762264643 -1.8880691529878486, 22.292491628791367 -1.8824715676445636, 22.283677339743832 -1.8768805281979812, 22.27485886608645 -1.8712960912322252, 22.266036178776748 -1.8657183136735829, 22.257209248768714 -1.8601472526540959, 22.248378047012057 -1.8545829656598303, 22.23954254445479 -1.8490255103800155, 22.23070271204352 -1.843474944864719, 22.22185852072508 -1.8379313273705684, 22.2130099414479 -1.8323947165149677, 22.204156945162648 -1.826865171132286, 22.195299502824582 -1.8213427504107693, 22.186437585393524 -1.815827513772772, 22.177571163836646 -1.8103195209811005, 22.168700209128552 -1.8048188320556495, 22.15982469225367 -1.799325507338132, 22.15094458420724 -1.7938396074547611, 22.14205985599637 -1.7883611933314194, 22.133170478643038 -1.782890326208285, 22.12427642318274 -1.777427067601845, 22.115377660670465 -1.7719714793723385, 22.106474162176166 -1.7665236236348196, 22.09756589879419 -1.7610835628738055, 22.088652841635408 -1.7556513598129195, 22.079734961839893 -1.7502270775628173, 22.070812230566418 -1.744810779468021, 22.061884619007067 -1.7394025292648696, 22.052952098376068 -1.7340023909325872, 22.04401463992382 -1.728610428832157, 22.035072214927926 -1.72322670759035, 22.02612479470364 -1.717851292193309, 22.017172350600084 -1.7124842479259703, 22.00821485400429 -1.707125640402446, 21.99925227634507 -1.7017755355736912, 21.990284589088695 -1.6964339996875901, 21.98131176375179 -1.691101099365422, 21.972333771888124 -1.6857769014980302, 21.963350585109815 -1.6804614733771688, 21.954362175067455 -1.6751548825502514, 21.945368513475877 -1.6698571969752596, 21.93636957209289 -1.6645684848728626, 21.92736532274292 -1.6592888148615539, 21.91835573730167 -1.6540182558503411, 21.909340787710732 -1.6487568771155225, 21.90032044597441 -1.6435047482649765, 21.891294684159806 -1.638261939235053, 21.88226347440975 -1.63302852033755, 21.87322678892685 -1.6278045621766202, 21.864184600001376 -1.622590135766432, 21.855136879983228 -1.617385312393371, 21.846083601317762 -1.6121901637657545, 21.837024736515843 -1.6070047618713958, 21.827960258184866 -1.6018291791024657, 21.8188901390104 -1.5966634881644257, 21.809814351770285 -1.591507762128349, 21.80073286933751 -1.586362074426101, 21.791645664670735 -1.5812264988107094, 21.7825527108412 -1.5761011094403596, 21.773453981001804 -1.5709859807619544, 21.76434944843036 -1.565881187650211, 21.75523908649072 -1.5607868052662814, 21.74612286867381 -1.5557029091862289, 21.737000768571686 -1.5506295753041546, 21.72787275989663 -1.5455668798880815, 21.718738816484052 -1.540514899574099, 21.709598912279404 -1.5354737113237549, 21.700453021373146 -1.5304433925119194, 21.69130111796065 -1.5254240208072496, 21.682143176394852 -1.5204156743082518, 21.67297917114196 -1.5154184314132977, 21.66380907682336 -1.510432370925325, 21.654632868196185 -1.5054575719888625, 21.64545052015997 -1.5004941141032615, 21.636262007778278 -1.4955420771616732, 21.62706730624506 -1.4906015413661882, 21.6178663909396 -1.4856725873453258, 21.60865923737364 -1.4807552960251285, 21.59944582124688 -1.4758497487458724, 21.590226118413586 -1.4709560271776596, 21.581000104901676 -1.4660742133570204, 21.57176775692694 -1.4612043897032465, 21.56252905086202 -1.4563466389511868, 21.55328396329447 -1.4515010442554204, 21.54403247096821 -1.4466676890690102, 21.53477455084591 -1.44184665725471, 21.525510180071567 -1.437038033004261, 21.51623933598999 -1.4322419008697609, 21.506961996166066 -1.427458345784699, 21.49767813834581 -1.42268745299231, 21.488387740523823 -1.4179293081490036, 21.47909078087913 -1.413183997210307, 21.469787237837142 -1.4084516065245785, 21.46047709004141 -1.4037322227765958, 21.451160316357367 -1.399025932989513, 21.441836895912008 -1.3943328245722313, 21.43250680803674 -1.3896529852299615, 21.42317003234583 -1.3849865030679216, 21.41382654867484 -1.380333466495249, 21.40447633712563 -1.3756939642816743, 21.39511937806796 -1.3710680855472797, 21.38575565210849 -1.3664559197177661, 21.376385140162117 -1.3618575566046132, 21.367007823378625 -1.357273086305976, 21.357623683215028 -1.3527025992879493, 21.34823270140382 -1.3481461863354234, 21.33883485995209 -1.3436039385469198, 21.329430141194756 -1.339075947382138, 21.320018527723487 -1.3345623045786514, 21.310600002472373 -1.3300631022373055, 21.30117454866363 -1.3255784327524922, 21.291742149831688 -1.3211083888316244, 21.282302789858136 -1.3166530635172975, 21.272856452908083 -1.3122125501207498, 21.263403123521783 -1.3077869422993296, 21.253942786546084 -1.303376333983519, 21.244475427174386 -1.298980819407513, 21.235001030969404 -1.2946004931163697, 21.225519583804854 -1.2902354499117485, 21.216031071960145 -1.2858857849194771, 21.206535482044828 -1.2815515935198076, 21.197032801045633 -1.2772329713782167, 21.187523016345914 -1.2729300144473679, 21.178006115666747 -1.268642818919121, 21.168482087164833 -1.2643714812831615, 21.1589509193554 -1.2601160982645887, 21.149412601156786 -1.2558767668477224, 21.139867121916787 -1.2516535842801544, 21.13031447134638 -1.2474466480262574, 21.120754639621204 -1.2432560558173082, 21.11118761730903 -1.239081905599525, 21.101613395401305 -1.2349242955460202, 21.092031965357066 -1.2307833240669779, 21.082443319023962 -1.2266590897630296, 21.07284744873992 -1.222551691465497, 21.063244347275432 -1.2184612281977187, 21.053634007839833 -1.2143877991725087, 21.044016424151167 -1.2103315038091607, 21.03439159034476 -1.2062924416882927, 21.02475950106482 -1.2022707125788332, 21.01512015143653 -1.1982664164152614, 21.005473537035545 -1.1942796532811493, 20.99581965398584 -1.1903105234276505, 20.986158498864395 -1.1863591272377885, 20.976490068763933 -1.182425565240037, 20.96681436130964 -1.1785099381034314, 20.957131374592063 -1.1746123466052873, 20.947441107281854 -1.1707328916323203, 20.93774355855395 -1.166871674166141, 20.928038728099374 -1.1630287952818643, 20.918326616199213 -1.1592043561436207, 20.90860722362729 -1.1553984579811911, 20.898880551739744 -1.1516112020934912, 20.889146602460688 -1.1478426898322964, 20.879405378231667 -1.1440930225906352, 20.86965688212198 -1.1403623017985776, 20.859901117741416 -1.1366506289058955, 20.850138089272424 -1.1329581053760853, 20.84036780153011 -1.1292848326723368, 20.830590259866078 -1.125630912248147, 20.82080547026497 -1.1219964455354448, 20.811013439321997 -1.1183815339301004, 20.80121417419468 -1.1147862787872107, 20.791407682714617 -1.1112107813989622, 20.78159397329912 -1.1076551429892465, 20.771773054978347 -1.1041194647028583, 20.76194493746246 -1.1006038475819875, 20.752109631042305 -1.0971083925664906, 20.742267146678756 -1.09363320046767, 20.73241749598295 -1.0901783719907365, 20.722560691159988 -1.0867440077161612, 20.712696745138672 -1.0833302080152631, 20.70282567148772 -1.0799370730802351, 20.692947484412635 -1.0765647029220566, 20.68306219884771 -1.0732131973260226, 20.673169830351114 -1.0698826558710088, 20.663270395168045 -1.0665731778983985, 20.653363910263003 -1.0632848624821492, 20.643450393229024 -1.0600178084513283, 20.633529862391747 -1.0567721143359639, 20.623602336774038 -1.0535478783630454, 20.613667836049103 -1.0503451984669776, 20.603726380652894 -1.0471641722215768, 20.59377799169596 -1.0440048968649647, 20.583822690975314 -1.0408674692833861, 20.573860501057702 -1.0377519859475601, 20.563891445171897 -1.0346585429578394, 20.553915547274332 -1.031587235995075, 20.54393283208139 -1.0285381602692254, 20.533943324966536 -1.0255114105983745, 20.523947052049312 -1.022507081368598, 20.51394404019419 -1.019525266432844, 20.5039343169541 -1.01656605914114, 20.493917910671986 -1.013629552274217, 20.48389485039923 -1.010715838083645, 20.473865165890384 -1.0078250082842213, 20.46382888769544 -1.004957153960313, 20.453786047053786 -1.0021123656313138, 20.443736675938574 -0.9992907332018972, 20.433680807105986 -0.9964923458958217, 20.423618473992637 -0.993717292328354, 20.41354971079753 -0.9909656604164323, 20.403474552478446 -0.988237537356373, 20.3933930346739 -0.9855330096826371, 20.38330519380567 -0.9828521631472887, 20.373211067024272 -0.9801950827506106, 20.363110692169606 -0.9775618527655313, 20.353004107873854 -0.9749525566009087, 20.342891353452796 -0.9723672769451701, 20.33277246891449 -0.9698060957316758, 20.322647495072186 -0.9672690938838318, 20.31251647342014 -0.9647563514858448, 20.30237944617221 -0.9622679477400388, 20.292236456300866 -0.9598039608794644, 20.28208754743797 -0.9573644682749091, 20.271932763951735 -0.9549495463144467, 20.261772150934355 -0.9525592703874507, 20.25160575412782 -0.9501937149681374, 20.24143362001684 -0.9478529534585113, 20.231255795771258 -0.9455370582401275, 20.22107232920766 -0.9432461007129147, 20.210883268879435 -0.940980151126061, 20.200688663985584 -0.9387392786933356, 20.190488564374267 -0.9365235515659774, 20.180283020612062 -0.934333036670324, 20.17007208386531 -0.9321677999315197, 20.1598558059362 -0.9300279062029986, 20.14963423932317 -0.9279134190170057, 20.13940743711895 -0.9258244007703248, 20.12917545306942 -0.9237609126094883, 20.11893834155311 -0.9217230144299372, 20.10869615751412 -0.9197107649847114, 20.098448956540757 -0.9177242216906925, 20.088196794804627 -0.9157634407139221, 20.077939729029005 -0.9138284770140633, 20.0676778165596 -0.9119193841472256, 20.057411115277308 -0.9100362144233975, 20.047139683605835 -0.9081790188632147, 20.03686358055363 -0.9063478470486395, 20.02658286562268 -0.9045427473121881, 20.01629759884829 -0.9027637666048605, 20.006007840802084 -0.9010109504271212, 19.995713652509103 -0.8992843430486386, 19.98541509549632 -0.8975839873651904, 19.975112231782887 -0.8959099247760405, 19.96480512383316 -0.8942621952999907, 19.954493834601163 -0.8926408374224585, 19.944178427463058 -0.8910458882481552, 19.933858966210046 -0.8894773834903243, 19.923535515083184 -0.887935357289617, 19.913208138696074 -0.8864198424326829, 19.902876902058566 -0.8849308702251698, 19.892541870575954 -0.8834684704194282, 19.88220310998605 -0.8820326714147048, 19.871860686398602 -0.8806235000399848, 19.861514666259126 -0.8792409816261672, 19.851165116313886 -0.8778851401181714, 19.840812103645746 -0.8765559978302425, 19.83045569561581 -0.8752535756480087, 19.82009595985777 -0.8739778930147941, 19.809732964282485 -0.8727289678309667, 19.799366777034464 -0.8715068165890392, 19.788997466516975 -0.8703114541354419, 19.778625101361822 -0.8691428937588527, 19.768249750391142 -0.8680011473794607, 19.757871482639057 -0.866886225282621, 19.74749036731259 -0.8657981362846617, 19.737106473777434 -0.8647368877771805, 19.726719871563866 -0.8637024855066213, 19.716330630326148 -0.8626949338382672, 19.705938819844437 -0.8617142356197028, 19.695544510009768 -0.8607603921248921, 19.685147770797524 -0.8598334032798551, 19.67474867226897 -0.8589332674092985, 19.66434728454523 -0.8580599813889979, 19.653943677796065 -0.8572135407090797, 19.64353792223012 -0.8563939392366238, 19.63313008807042 -0.8556011695456582, 19.62272024554496 -0.8548352227919761, 19.612308464877405 -0.8540960885427059, 19.60189481627574 -0.8533837550327926, 19.591479369910136 -0.8526982089462457, 19.581062195900902 -0.8520394355974956, 19.570643364311092 -0.8514074189548644, 19.56022294511901 -0.8508021414502497, 19.549801008221344 -0.8502235842650205, 19.53937762340932 -0.849671727134913, 19.528952860352824 -0.849146548395513, 19.51852678860608 -0.848648025148897, 19.508099477566283 -0.8481761330040911, 19.49767099648579 -0.8477308463377718, 19.487241414453067 -0.8473121382073968, 19.476810800362713 -0.8469199802706263, 19.466379222939764 -0.8465543430338257, 19.455946750687836 -0.8462151955971905, 19.445513451901423 -0.8459025058445067, 19.43507939466074 -0.8456162404679457, 19.42464464678205 -0.8453563648391598, 19.414209275861317 -0.8451228432356973, 19.403773349218525 -0.8449156385772207, 19.393336933902127 -0.8447347125986217, 19.38290009670199 -0.8445800259455719, 19.37246290408179 -0.8444515379586524, 19.36202542223677 -0.8443492069583117, 19.35158771703484 -0.8442729900632231, 19.341149854015544 -0.8442228432575125, 19.330711898419764 -0.8441987215205848, 19.320273915105734 -0.8442005786082937, 19.309835968620995 -0.8442283673265116, 19.29939812313986 -0.8442820393710493, 19.288960442459672 -0.8443615453762624, 19.27852299004195 -0.844466835053166, 19.268085828915783 -0.844597856976112, 19.257649021764774 -0.8447545588474277, 19.247212630854776 -0.8449368873409023, 19.23677671803701 -0.8451447881597346, 19.226341344791443 -0.8453782061559407, 19.215906572122684 -0.8456370851367083, 19.205472460663994 -0.8459213681339316, 19.195039070586557 -0.8462309972446643, 19.184606461622224 -0.8465659136778104, 19.17417469309442 -0.8469260578325942, 19.1637438238181 -0.8473113691692518, 19.1533139122171 -0.8477217864457739, 19.142885016206574 -0.8481572475278764, 19.132457193254247 -0.8486176895316211, 19.122030500377797 -0.8491030488315123, 19.111604994068013 -0.8496132609711251, 19.101180730406533 -0.8501482608645798, 19.090757764923463 -0.8507079826039082, 19.080336152707233 -0.8512923596487132, 19.069915948345418 -0.8519013247536369, 19.059497205902154 -0.8525348099696177, 19.049079979004716 -0.8531927467711354, 19.03866432070084 -0.8538750658965816, 19.02825028360736 -0.8545816975552579, 19.01783791978408 -0.855312571287677, 19.007427280795163 -0.8560676160657574, 18.997018417718984 -0.8568467603125013, 18.986611381058843 -0.8576499318297437, 18.976206220883025 -0.8584770579608096, 18.965802986657987 -0.8593280654360331, 18.95540172739514 -0.8602028805391627, 18.945002491552444 -0.8611014290207132, 18.934605327057767 -0.8620236361531428, 18.924210281362228 -0.8629694267844212, 18.91381740131496 -0.863938725239477, 18.903426733328764 -0.8649314554757178, 18.893038323204042 -0.8659475409532386, 18.882652216276618 -0.8669869047735809, 18.872268457327024 -0.8680494696183794, 18.861887090595886 -0.8691351577820203, 18.851508159845878 -0.8702438912218937, 18.841131708232158 -0.8713755914889318, 18.830757778476432 -0.8725301798528609, 18.820386412679948 -0.8737075771959847, 18.810017652490725 -0.8749077041315525, 18.799651538987373 -0.8761304809423082, 18.789288112727807 -0.8773758276272118, 18.778927413777957 -0.878643663921898, 18.768569481612683 -0.8799339092653226, 18.758214355274074 -0.8812464828855466, 18.747862073181413 -0.882581303723013, 18.73751267332727 -0.8839382905313221, 18.727166193110335 -0.8853173618128565, 18.71682266945542 -0.8867184358839995, 18.70648213876198 -0.8881414308595149, 18.696144636886828 -0.8895862646631322, 18.68581019923413 -0.8910528550633305, 18.67547886061029 -0.8925411196402792, 18.665150655412965 -0.894050975851555, 18.654825617429243 -0.8955823409840667, 18.644503780031997 -0.8971351322184298, 18.634185176021298 -0.8987092665950259, 18.623869837736134 -0.9003046610542489, 18.613557797009253 -0.901921232430356, 18.60324908515084 -0.9035588974631297, 18.59294373303331 -0.9052175728165094, 18.582641770955846 -0.9068971750700907, 18.57234322882683 -0.9085976207506797, 18.562048135962428 -0.9103188263169487, 18.551756521296284 -0.9120607081909625, 18.541468413192966 -0.9138231827477665, 18.531183839605262 -0.9156061663383566, 18.520902827969813 -0.9174095752873943, 18.51062540526196 -0.9192333259073381, 18.500351598004453 -0.9210773345012483, 18.490081432207912 -0.922941517375976, 18.479814933488235 -0.9248257908441324, 18.469552126911903 -0.9267300712388523, 18.459293037188136 -0.9286542749107671, 18.449037688465637 -0.930598318248132, 18.438786104543546 -0.9325621176686868, 18.42853830868052 -0.9345455896422603, 18.41829432376548 -0.9365486506824106, 18.408054172189566 -0.9385712173652285, 18.397817875937605 -0.940613206327818, 18.387585456549928 -0.9426745342762693, 18.377356935119156 -0.9447551179973525, 18.367132332346575 -0.9468548743503196, 18.356911668449115 -0.9489737202958088, 18.346694963297058 -0.9511115728694506, 18.33648223625186 -0.9532683492277092, 18.326273506357786 -0.955443966605788, 18.31606879214367 -0.9576383423756406, 18.305868111831 -0.9598513939954775, 18.29567148313947 -0.9620830390705216, 18.285478923472716 -0.964333195304695, 18.27529044976191 -0.9666017805533309, 18.265106078601125 -0.9688887127873216, 18.254925826150433 -0.971193910128684, 18.24474970820564 -0.9735172908349067, 18.234577740170373 -0.9758587733109352, 18.224409937055935 -0.9782182761187899, 18.21424631352219 -0.9805957179626061, 18.204086883811485 -0.9829910177251463, 18.19393166185089 -0.9854040944256882, 18.18378066113073 -0.9878348672823716, 18.173633894855232 -0.9902832556456497, 18.163491375780456 -0.9927491790820324, 18.153353116396858 -0.995232557288785, 18.14321912874458 -0.9977333101924799, 18.13308942460905 -1.0002513578527739, 18.122964015332716 -1.002786620566693, 18.112842912005103 -1.0053390187709934, 18.102726125288232 -1.007908473143048, 18.09261366558611 -1.0104949045104035, 18.082505542896122 -1.0130982339403858, 18.072401766948243 -1.015718382663718, 18.062302347089833 -1.0183552721470481, 18.052207292389184 -1.0210088240355166, 18.042116611557347 -1.0236789602042455, 18.0320303130139 -1.0263656027229577, 18.021948404846526 -1.0290686738840797, 18.011870894839454 -1.0317880961910606, 18.001797790469425 -1.0345237923621398, 17.991729098898958 -1.0372756853427467, 17.981664827005787 -1.040043698285117, 17.971604981344456 -1.042827754584062, 17.961549568205395 -1.045627777833521, 17.951498593548845 -1.0484436918843507, 17.941452063089407 -1.0512754207795347, 17.931409982206596 -1.0541228888319758, 17.921372356050497 -1.056986020540544, 17.91133918943335 -1.0598647406855812, 17.901310486951942 -1.0627589742281998, 17.891286252864397 -1.0656686464210356, 17.881266491225364 -1.0685936826932891, 17.871251205751783 -1.0715340087742706, 17.861240399967297 -1.0744895505666097, 17.851234077060244 -1.0774602342802648, 17.84123224003433 -1.0804459862961178, 17.831234891561778 -1.0834467333081723, 17.821242034137494 -1.0864624021797795, 17.811253669929037 -1.0894929200928025, 17.801269800933245 -1.0925382143971383, 17.79129042882695 -1.0955982127629293, 17.78131555512078 -1.0986728430289086, 17.77134518100401 -1.1017620333653009, 17.761379307508893 -1.1048657121058651, 17.751417935379727 -1.1079838078880626, 17.741461065191338 -1.1111162495317317, 17.7315086971359 -1.1142629662754189, 17.721560831306807 -1.1174238874657587, 17.711617467797442 -1.1205989424493843, 17.286398952332693 -0.0443004123907051))