POLYGON ((3.328765261441593 -0.2999029761290485, 3.337457073532384 -0.3050969871884662, 3.34614536439637 -0.3102968860281922, 3.3548301485825727 -0.3155026395459325, 3.3635114406400124 -0.3207142146393933, 3.372189255118685 -0.3259315782076181, 3.3808636066201307 -0.3311546972205384, 3.389534509822103 -0.336383538752895, 3.3982019794256315 -0.3416180699122384, 3.4068660301951983 -0.3468582578963533, 3.415526676915826 -0.3521040699323858, 3.424183934432985 -0.357355473335076, 3.432837817628697 -0.3626124354721466, 3.441488341424005 -0.3678749237693187, 3.4501355207937525 -0.3731429057323021, 3.4587793707349332 -0.378416348900361, 3.467419906307897 -0.383695220909122, 3.4760571425925093 -0.3889794894241032, 3.4846910947240297 -0.3942691221970878, 3.493321777869757 -0.399564087029783, 3.5019492072340803 -0.4048643517829821, 3.5105733980705067 -0.410169884395741, 3.519194365653369 -0.4154806528409379, 3.527812125315177 -0.4207966251862857, 3.5364266924061236 -0.4261177695285275, 3.5450380823279195 -0.431444054050306, 3.553646310511168 -0.4367754469824627, 3.5622513924211567 -0.4421119166149659, 3.570853343567906 -0.4474534313140329, 3.5794521794808363 -0.4527999594795783, 3.5880479157428105 -0.4581514696046642, 3.596640567952797 -0.46350793021062, 3.6052301517573797 -0.468869309903583, 3.613816682829379 -0.4742355773364521, 3.622400176873745 -0.4796067012205867, 3.630980649636312 -0.48498265034176, 3.6395581168808095 -0.4903633935189068, 3.6481325944200345 -0.4957488996621756, 3.6567040980814975 -0.5011391377092598, 3.6652726437364755 -0.5065340766809463, 3.673838247280262 -0.5119336856436383, 3.6824009246376153 -0.5173379337208567, 3.6909606917708295 -0.522746790108867, 3.6995175646585414 -0.5281602240361719, 3.7080715593244067 -0.5335782048203457, 3.7166226918055685 -0.539000701805818, 3.7251709781791975 -0.5444276844178209, 3.7337164345446086 -0.5498591221263162, 3.7422590770279056 -0.5552949844564379, 3.750798921789763 -0.5607352410045505, 3.759335985005653 -0.5661798613979675, 3.7678702828923765 -0.5716288153506847, 3.776401831679124 -0.5770820726029078, 3.784930647631408 -0.5825396029729862, 3.793456747035262 -0.5880013763234384, 3.801980146200831 -0.5934673625694746, 3.8105008614702247 -0.598937531696153, 3.8190189091988556 -0.6044118537178643, 3.8275343057801403 -0.6098902987329362, 3.836047067618979 -0.615372836865255, 3.844557211153205 -0.6208594383134397, 3.8530647528398885 -0.62635007331977, 3.8615697091576617 -0.631844712176207, 3.8700720966148476 -0.6373433252431525, 3.8785719317315794 -0.6428458829086293, 3.8870692310626533 -0.6483523556420294, 3.895564011173501 -0.6538627139378248, 3.9040562886592562 -0.6593769283614075, 3.912546080133194 -0.6648949695215058, 3.921033402227671 -0.6704168080731817, 3.9295182716026744 -0.6759424147385976, 3.938000704928637 -0.6814717602656254, 3.9464807189076994 -0.6870048154804094, 3.954958330251953 -0.6925415512337517, 3.963433555700096 -0.6980819384432176, 3.9719064120080256 -0.7036259480695312, 3.9803769159483937 -0.709173551116093, 3.988845084319616 -0.7147247186519652, 3.9973109339293345 -0.7202794217699693, 4.005774481614121 -0.7258376316377881, 4.01423574421994 -0.7313993194474647, 4.022694738616467 -0.7369644564532837, 4.0311514816897684 -0.7425330139525608, 4.0396059903405 -0.7481049632814346, 4.048058281493387 -0.7536802758401202, 4.056508372081283 -0.7592589230506808, 4.06495627906339 -0.7648408764062702, 4.073402019407854 -0.7704261074242336, 4.081845610103833 -0.7760145876793341, 4.090287068156183 -0.781606288789228, 4.098726410582358 -0.7872011824064482, 4.107163654422308 -0.7927992402458035, 4.1155988167231765 -0.7984004340421442, 4.124031914556074 -0.8040047355971939, 4.132462965000729 -0.8096121167368139, 4.1408919851552435 -0.8152225493394424, 4.1493189921326845 -0.8208360053263584, 4.157744003056955 -0.8264524566497314, 4.1661670350730375 -0.8320718753218119, 4.174588105332355 -0.8376942333732365, 4.1830072310080935 -0.8433195028968834, 4.1914244292818585 -0.8489476560097535, 4.19983971735144 -0.8545786648760596, 4.208253112429139 -0.8602125017023294, 4.216664631736493 -0.8658491387221506, 4.225074292514713 -0.8714885482267516, 4.233482112010792 -0.8771307025243666, 4.2418881074912305 -0.8827755739808167, 4.2502922962307474 -0.8884231349861895, 4.258694695518182 -0.8940733579724898, 4.267095322656404 -0.8997262154133546, 4.275494194956134 -0.9053816798058327, 4.283891329746462 -0.9110397237017204, 4.292286744361765 -0.9167003196686245, 4.300680456153953 -0.9223634403266041, 4.309072482483056 -0.9280290583200269, 4.317462840721344 -0.9336971463299644, 4.325851548254646 -0.9393676770781371, 4.3342386224754685 -0.9450406233062988, 4.342624080793435 -0.9507159578075977, 4.351007940623103 -0.9563936533900064, 4.35939021939474 -0.9620736829086047, 4.367770934546685 -0.9677560192427035, 4.37615010352784 -0.9734406353032492, 4.3845277438002075 -0.9791275040404421, 4.392903872831488 -0.984816598421473, 4.4012785081053165 -0.990507891461105, 4.409651667110031 -0.9962013561881256, 4.41802336734799 -1.001896965672965, 4.426393626329603 -1.0075946930100084, 4.434762461574386 -1.0132945113204157, 4.443129890614541 -1.0189963937627011, 4.4514959309871065 -1.02470031350978, 4.459860600243712 -1.030406243778197, 4.468223915940531 -1.0361141577978932, 4.476585895646417 -1.0418240288346565, 4.484946556938427 -1.0475358301774629, 4.4933059174014 -1.0532495351375775, 4.501663994632401 -1.0589651170612941, 4.510020806232755 -1.0646825493069443, 4.518376369817526 -1.0704018052714934, 4.526730703006314 -1.0761228583646372, 4.535083823429826 -1.0818456820267741, 4.543435748726867 -1.0875702497207123, 4.551786496542929 -1.0932965349273884, 4.5601360845353405 -1.0990245111598163, 4.568484530365217 -1.1047541519411148, 4.576831851706381 -1.1104854308280594, 4.585178066237234 -1.116218321389503, 4.593523191646035 -1.1219527972197356, 4.601867245629188 -1.1276888319340386, 4.61021024588884 -1.1334263991621016, 4.6185522101385725 -1.1391654725622515, 4.626893156095408 -1.1449060258012755, 4.63523310148813 -1.150648032574426, 4.643572064050192 -1.1563914665882224, 4.651910061523806 -1.1621363015696253, 4.660247111659356 -1.1678825112646622, 4.668583232212198 -1.1736300694304904, 4.676918440948733 -1.179378949848962, 4.685252755638576 -1.1851291263089578, 4.693586194062209 -1.190880572622561, 4.701918774004913 -1.196633262612064, 4.71025051325979 -1.2023871701154982, 4.718581429628183 -1.2081422689874664, 4.72691154091571 -1.2138985330909207, 4.735240864938514 -1.2196559363093435, 4.743569419515816 -1.225414452531945, 4.751897222476991 -1.2311740556657484, 4.760224291656417 -1.2369347196265243, 4.768550644895466 -1.2426964183414861, 4.776876300043793 -1.2484591257514064, 4.7852012749548525 -1.2542228158028792, 4.7935255874924065 -1.2599874624581209, 4.8018492555232415 -1.2657530396837748, 4.810172296923488 -1.2715195214592718, 4.818494729574426 -1.277286881771051, 4.826816571363569 -1.2830550946131603, 4.835137840186713 -1.288824133989739, 4.843458553943052 -1.294593973908628, 4.8517787305417635 -1.3003645883882669, 4.860098387895046 -1.3061359514501767, 4.868417543923805 -1.311908037123714, 4.876736216554269 -1.317680819443008, 4.885054423718293 -1.3234542724463225, 4.893372183356041 -1.3292283701780105, 4.901689513410769 -1.3350030866842741, 4.910006431835394 -1.3407783960167226, 4.918322956585911 -1.3465542722285717, 4.92663910562645 -1.3523306893761453, 4.934954896926646 -1.3581076215178582, 4.943270348461248 -1.363885042713162, 4.951585478213335 -1.3696629270231715, 4.959900304168853 -1.3754412485091845, 4.968214844323105 -1.3812199812326171, 4.976529116674565 -1.3869990992548225, 4.984843139229351 -1.392778576635779, 4.993156929999259 -1.3985583874344323, 5.001470507000746 -1.4043385057080564, 5.009783888258532 -1.4101189055108971, 5.018097091800071 -1.4158995608958078, 5.026410135661986 -1.4216804459103067, 5.034723037884209 -1.427461534599908, 5.043035816513868 -1.4332428010045422, 5.051348489603919 -1.43902421915962, 5.059661075211666 -1.4448057630963285, 5.067973591402754 -1.4505874068376632, 5.076286056245438 -1.4563691244037238, 5.0845984878168125 -1.4621508898040938, 5.092910904197345 -1.467932677044253, 5.1012233234743665 -1.473714460120073, 5.109535763741175 -1.4794962130190519, 5.117848243095131 -1.4852779097221644, 5.126160779641928 -1.4910595241969133, 5.134473391489802 -1.4968410304063777, 5.142786096755602 -1.5026224022978378, 5.151098913559663 -1.5084036138121155, 5.159411860028879 -1.5141846388765632, 5.167724954296214 -1.5199654514060588, 5.1760382144984804 -1.5257460253067692, 5.184351658780799 -1.531526334465954, 5.192665305290785 -1.537306352764886, 5.20097917218448 -1.5430860540637619, 5.209293277621486 -1.5488654122138035, 5.217607639767728 -1.5546444010489768, 5.225922276795261 -1.5604229943864982, 5.234237206879834 -1.5662011660327246, 5.242552448205447 -1.5719788897695655, 5.250868018958571 -1.5777561393713277, 5.259183937333939 -1.5835328885859408, 5.2675002215298825 -1.5893091111497442, 5.2758168897508915 -1.5950847807780002, 5.284133960207602 -1.6008598711648603, 5.292451451114236 -1.6066343559914125, 5.30076938069319 -1.612408208908708, 5.309087767169297 -1.6181814035585296, 5.317406628775509 -1.6239539135509007, 5.325725983748381 -1.629725712481648, 5.334045850330472 -1.6354967739215847, 5.342366246770446 -1.6412670714161255, 5.350687191320461 -1.647036578495264, 5.359008702240748 -1.6528052686533692, 5.36733079779395 -1.6585731153738288, 5.375653496250685 -1.6643400921027356, 5.383976815885129 -1.6701061722694839, 5.392300774977375 -1.6758713292742295, 5.400625391813493 -1.6816355364875968, 5.40895068468303 -1.6873987672621806, 5.4172766718834255 -1.6931609949094173, 5.425603371714502 -1.6989221927280074, 5.433930802483932 -1.7046823339736008, 5.4422589825028265 -1.7104413918828667, 5.45058793008817 -1.716199339658595, 5.458917663562714 -1.7219561504702265, 5.467248201252693 -1.727711797466175, 5.475579561492014 -1.7334662537483077, 5.48391176261692 -1.7392194924039321, 5.492244822971351 -1.7449714864712838, 5.50057876090252 -1.7507222089676613, 5.508913594763487 -1.756471632871264, 5.517249342912811 -1.7622197311235954, 5.52558602371258 -1.7679664766415513, 5.533923655532305 -1.7737118422902778, 5.542262256743775 -1.7794558009184178, 5.550601845726247 -1.7851983253193127, 5.558942440861985 -1.7909393882638653, 5.567284060539102 -1.7966789624779393, 5.5756267231508065 -1.802417020648035, 5.583970447093882 -1.808153535431783, 5.5923152507720655 -1.8138884794304837, 5.600661152591334 -1.8196218252267127, 5.60900817096495 -1.8253535453410892, 5.617356324308931 -1.8310836122706833, 5.625705631045095 -1.83681199846075, 5.634056109599876 -1.8425386763154, 5.642407778403354 -1.8482636182045764, 5.650760655892036 -1.8539867964379215, 5.659114760504637 -1.8597081833036428, 5.6674701106868275 -1.8654277510213564, 5.67582672488671 -1.871145471786465, 5.684184621558122 -1.8768613177348152, 5.692543819158935 -1.8825752609603803, 5.700904336150746 -1.8882872735163831, 5.709266191000922 -1.8939973273928352, 5.717629402179035 -1.8997053945547264, 5.7259939881611235 -1.9054114468920875, 5.734359967425346 -1.9111154562702692, 5.742727358455438 -1.9168173944864069, 5.751096179738519 -1.9225172332962188, 5.759466449765467 -1.9282149444065553, 5.767838187032135 -1.9339104994596361, 5.7762114100365975 -1.9396038700676066, 5.784586137282864 -1.9452950277619925, 5.79296238727676 -1.9509839440488985, 5.801340178529367 -1.9566705903569157, 5.809719529554452 -1.9623549380749008, 5.818100458869478 -1.9680369585329536, 5.8264829849959545 -1.9737166229969978, 5.834867126457602 -1.9793939026958993, 5.843252901783145 -1.9850687687740587, 5.851640329502858 -1.990741192348841, 5.860029428151774 -1.9964111444505557, 5.8684202162669505 -2.0020785960723404, 5.876812712389 -2.0077435181367957, 5.885206935061646 -2.013405881504897, 5.89360290283077 -2.0190656569909375, 5.902000634246224 -2.02472281532318, 5.91040014785918 -2.030377327199289, 5.918801462224813 -2.036029163221204, 5.927204595899707 -2.041678293956445, 5.935609567443587 -2.047324689888814, 5.944016395418293 -2.0529683214453316, 5.952425098387655 -2.0586091589936784, 5.960835694918294 -2.064247172817157, 5.969248203577941 -2.069882333161591, 5.977662642937279 -2.075514610170963, 5.986079031567887 -2.081143973956286, 5.994497388043738 -2.0867703945312037, 6.002917730940023 -2.092393841859175, 6.0113400788334586 -2.0980142858286066, 6.019764450302366 -2.1036316962489923, 6.028190863925857 -2.1092460428809066, 6.036619338284678 -2.114857295381341, 6.045049891960055 -2.1204654233724334, 6.053482543534505 -2.126070396366691, 6.061917311591028 -2.1316721838333303, 6.070354214713381 -2.1372707551484265, 6.07879327148587 -2.142866079618201, 6.087234500492917 -2.1484581264835403, 6.095677920319089 -2.1540468648858604, 6.104123549548924 -2.1596322639241228, 6.1125714067667944 -2.1652142925799867, 6.121021510556956 -2.1707929197962197, 6.129473879502969 -2.1763681144044433, 6.137928532188015 -2.1819398451780487, 6.146385487194356 -2.187508080803867, 6.154844763103304 -2.1930727898792455, 6.163306378495298 -2.198633940943665, 6.171770351949005 -2.2041915024196994, 6.18023670204234 -2.209745442688882, 6.188705447350737 -2.2152957300071776, 6.197176606448639 -2.2208423325830173, 6.205650197907794 -2.2263852185148365, 6.214126240298125 -2.2319243558267696, 6.222604752187195 -2.2374597124620363, 6.231085752139444 -2.242991256256708, 6.239569258717522 -2.248518954993257, 6.248055290479663 -2.254042776323743, 6.256543865982513 -2.2595626878566875, 6.265035003777651 -2.2650786570697674, 6.273528722414381 -2.270590651382733, 6.28202504043725 -2.2760986381063786, 6.290523976386919 -2.2816025844624606, 6.299025548800278 -2.287102457594958, 6.307529776208306 -2.2925982245260084, 6.31603667713922 -2.298089852225107, 6.324546270113686 -2.303577307520605, 6.333058573649706 -2.3090605571929017, 6.3415736062573025 -2.314539567886734, 6.350091386442505 -2.3200143061793796, 6.358611932704425 -2.3254847385378534, 6.367135263535823 -2.330950831328115, 6.3756613974240715 -2.3364125508381925, 6.384190352847262 -2.3418698632228083, 6.392722148279519 -2.3473227345823706, 6.401256802183768 -2.3527711308669894, 6.409794333018944 -2.3582150179742905, 6.418334759232676 -2.3636543616597816, 6.4268780992666565 -2.3690891276046004, 6.435424371552817 -2.3745192813750413, 6.44397359451382 -2.3799447884284812, 6.452525786564923 -2.3853656141402215, 6.461080966108556 -2.3907817237437694, 6.469639151541627 -2.3961930824144377, 6.47820036124578 -2.4015996551685688, 6.48676461359716 -2.4070014069665047, 6.4953319269565215 -2.4123983026174036, 6.5039023196767 -2.417790306852965, 6.512475810097176 -2.423177384280729, 6.5210524165453645 -2.4285594993961137, 6.529632157338403 -2.4339366166037744, 6.53821505077684 -2.4393087001620346, 6.5468011151535785 -2.444675714264576, 6.555390368741638 -2.450037622938418, 6.563982829806888 -2.4553943901520365, 6.572578516594749 -2.460745979710863, 6.581177447341014 -2.466092355343991, 6.589779640263219 -2.4714334806418594, 6.598385113564473 -2.476769319085314, 6.6069938854334 -2.4820998340499973, 6.615605974038547 -2.487424988766049, 6.624221397537663 -2.4927447463881385, 6.632840174063766 -2.4980590698995555, 6.641462321740725 -2.503367922221619, 6.650087858665855 -2.508671266099516, 6.658716802925539 -2.5139690642065187, 6.667349172581302 -2.5192612790578623, 6.67598498567878 -2.524547873067957, 6.684624260242843 -2.529828808524636, 6.6932670142758335 -2.535104047578563, 6.701913265764201 -2.5403735522867352, 6.710563032665556 -2.5456372845367086, 6.71921633292507 -2.5508952061454133, 6.727873184454798 -2.5561472787440183, 6.7365336051544995 -2.5613934638957603, 6.745197612890731 -2.566633722984332, 6.753865225513846 -2.571868017306222, 6.762536460844479 -2.5770963080031857, 6.771211336680157 -2.5823185560968067, 6.7798898707941815 -2.5875347224870757, 6.788572080928725 -2.592744767917918, 6.797257984807253 -2.5979486530424856, 6.805947600115061 -2.6031463383294935, 6.814640944522081 -2.608337784175093, 6.823338035656257 -2.613522950779771, 6.832038891129283 -2.6187017982691234, 6.840743528511703 -2.623874286583641, 6.849451965352416 -2.6290403755668765, 6.858164219163776 -2.6342000249036084, 6.866880307428131 -2.639353194148431, 6.875600247597816 -2.644499842729935, 6.8843240570858155 -2.64963992991156, 6.893051753281498 -2.65477341486066, 6.901783353526711 -2.659900256551855, 6.910518875143649 -2.6650204138818405, 6.919258335402331 -2.6701338455427295, 6.928001751552496 -2.6752405101480217, 6.936749140792139 -2.6803403661149936, 6.945500520293336 -2.6854333717629677, 6.954255907181184 -2.690519485238827, 6.9630153185456525 -2.695598664560654, 6.971778771436996 -2.7006708676052735, 6.980546282859599 -2.7057360520865448, 6.989317869785785 -2.7107941756076674, 6.9980935491319025 -2.7158451955791767, 7.006873337788045 -2.720889069323388, 7.015657252581151 -2.725925753952013, 7.024445310313528 -2.730955206495913, 7.033237527722171 -2.735977383774847, 7.042033921515593 -2.740992242517248, 7.050834508340087 -2.745999739256593, 7.059639304804925 -2.7509998304107075, 7.0684483274639565 -2.7559924722290385, 7.077261592822615 -2.7609776208140873, 7.086079117339499 -2.765955232130245, 7.094900917412555 -2.7709252619632494, 7.103727009401193 -2.7758876659883436, 7.112557409593203 -2.780842399676129, 7.121392134243677 -2.7857894184057748, 7.130231199528615 -2.7907286773371474, 7.139074621592506 -2.7956601315439795, 7.147922416498604 -2.8005837358814754, 7.156774600274155 -2.80549944510861, 7.165631188868473 -2.8104072137807243, 7.174492198185522 -2.8153069963349977, 7.183357644058427 -2.8201987470291225, 7.192227542262506 -2.825082419974457, 7.201101908511492 -2.82995796913067, 7.20998075844766 -2.8348253482815937, 7.218864107661134 -2.8396845110861197, 7.2277519716575815 -2.844535411001309, 7.236644365898218 -2.8493780013804706, 7.245541305749405 -2.8542122353567874, 7.254442806537083 -2.859038065971298, 7.263348883486435 -2.8638554460379546, 7.272259551780908 -2.8686643282776996, 7.281174826502921 -2.873464665190337, 7.290094722686318 -2.878256409169952, 7.299019255268507 -2.8830395124056225, 7.3079484391272205 -2.887813926959866, 7.316882289051751 -2.892579604712537, 7.325820819757897 -2.89733649739189, 7.334764045882826 -2.902084556568329, 7.343711981975292 -2.9068237336349854, 7.352664642515442 -2.9115539798510546, 7.361622041880541 -2.9162752462753128, 7.370584194387959 -2.920987483852663, 7.379551114239722 -2.9256906433097534, 7.388522815583765 -2.9303846752729568, 7.397499312443775 -2.935069530140284, 7.40648061879079 -2.939745158214429, 7.415466748467534 -2.9444115095690533, 7.424457715260293 -2.9490685341780436, 7.433453532828047 -2.953716181794613, 7.442454214764788 -2.9583544020599417, 7.451459774542282 -2.9629831444094545, 7.460470225555194 -2.9676023581491777, 7.469485581083884 -2.9722119923982677, 7.478505854317167 -2.9768119961264716, 7.48753105833911 -2.98140231813722, 7.496561206126625 -2.985982907064029, 7.505596310561927 -2.9905537113943352, 7.514636384404439 -2.99511467942649, 7.5236814403283185 -2.999665759330996, 7.532731490870335 -3.0042068990729986, 7.541786548489761 -3.0087380465046145, 7.55084662549595 -3.0132591492604925, 7.559911734125891 -3.017770154872522, 7.5689818864571095 -3.022271010648199, 7.578057094496354 -3.026761663797101, 7.587137370085192 -3.031242061303353, 7.596222724991835 -3.0357121500522144, 7.605313170817692 -3.0401718767081984, 7.614408719084267 -3.044621187830968, 7.623509381148158 -3.049060029768631, 7.632615168276265 -3.053488348754868, 7.641726091575214 -3.0579060908240696, 7.650842162049717 -3.0623132018843835, 7.659963390550767 -3.0667096276587587, 7.669089787813569 -3.0710953137309884, 7.6782213644273964 -3.0754702055145535, 7.687358130850862 -3.0798342482707217, 7.696500097405011 -3.0841873871052687, 7.705647274264954 -3.0885295669593185, 7.7147996714766185 -3.0928607326325803, 7.7239572989249226 -3.0971808287489173, 7.73312016637344 -3.1014897998035833, 7.742288283410292 -3.1057875901064733, 7.751461659509158 -3.1100741438500292, 7.760640303954897 -3.114349405033838, 7.7698242259234656 -3.1186133175492765, 7.779013434390062 -3.122865825089597, 7.788207938224876 -3.127106871247039, 7.797407746087062 -3.1313363994127426, 7.806612866532785 -3.135554352881958, 7.815823307898784 -3.1397606747481617, 7.825039078418803 -3.1439553080120395, 7.834260186100767 -3.148138195474044, 7.84348663884746 -3.152309279843037, 7.852718444331481 -3.156468503631212, 7.861955610116147 -3.160615809258791, 7.871198143531995 -3.1647511389545095, 7.88044605179448 -3.168874434853627, 7.8896993418850485 -3.172985638906243, 7.898958020662973 -3.1770846929668006, 7.908222094753374 -3.1811715387116837, 7.917491570651115 -3.1852461177190956, 7.926766454617516 -3.1893083713967467, 7.936046752774871 -3.1933582410515924, 7.945332471013033 -3.1973956678278688, 7.954623615073598 -3.2014205927666612, 7.963920190467143 -3.2054329567541435, 7.9732222025464745 -3.2094327005712677, 7.982529656434891 -3.213419764851772, 7.991842557088354 -3.217394090122573, 8.001160909234773 -3.2213556167708552, 8.010484717425216 -3.225304285075935, 8.01981398598396 -3.229240035184604, 8.029148719049147 -3.233162807135347, 8.038488920533071 -3.2370725408410115, 8.047834594152912 -3.2409691761063435, 8.057185743400572 -3.2448526526170176, 8.066542371564205 -3.248722909951452, 8.075904481706829 -3.2525798875752363, 8.085272076679528 -3.2564235248482016, 8.094645159107872 -3.260253761023283, 8.10402373139782 -3.2640705352497807, 8.113407795728893 -3.2678737865757523, 8.122797354053853 -3.271663453948348, 8.132192408097525 -3.2754394762188834, 8.141592959351408 -3.2792017921410643, 8.150999009076957 -3.282950340377961, 8.160410558296345 -3.2866850594988803, 8.16982760779895 -3.290405887987515, 8.179250158129564 -3.2941127642381365, 8.188678209596787 -3.2978056265643145, 8.198111762259959 -3.3014844131949914, 8.207550815938177 -3.3051490622832427, 8.216995370197326 -3.30879951190274, 8.22644542435827 -3.3124357000560813, 8.235900977485434 -3.3160575646720556, 8.24536202839274 -3.319665043613205, 8.254828575635182 -3.3232580746741753, 8.264300617511044 -3.326836595588269, 8.273778152057968 -3.3304005440270843, 8.283261177049912 -3.333949857605896, 8.292749689999308 -3.3374844738847083, 8.302243688147158 -3.3410043303724, 8.311743168472844 -3.344509364529176, 8.321248127675824 -3.347999513769562, 8.330758562194688 -3.35147471546613, 8.340274468178817 -3.354934906951508, 8.349795841518295 -3.3583800255231573, 8.35932267780399 -3.36181000844469, 8.368854972369846 -3.3652247929513357, 8.37839272023987 -3.3686243162509903, 8.387935916184274 -3.3720085155299007, 8.397484554652014 -3.3753773279539754, 8.407038629842033 -3.3787306906740975, 8.416598135620157 -3.3820685408283255, 8.426163065606566 -3.38539081554617, 8.435733413076116 -3.3886974519523987, 8.445309171062753 -3.3919883871694996, 8.454890332242728 -3.395263558323914, 8.464476889056263 -3.398522902545869, 8.474068833573657 -3.401766356978871, 8.483666157633913 -3.4049938587760944, 8.493268852694332 -3.4082053451138394, 8.502876909985158 -3.411400753183783, 8.512490320344066 -3.4145800202111256, 8.52210907438489 -3.417743083442085, 8.531733162319473 -3.420889880167194, 8.541362574137496 -3.42402034770372, 8.550997299419258 -3.427134423424242, 8.560637327522326 -3.430232044734095, 8.570282647390346 -3.433313149104876, 8.579933247740689 -3.436377674047549, 8.589589116875677 -3.43942555714992, 8.599250242864438 -3.4424567360466787, 8.608916613363624 -3.4454711484592706, 8.61858821578629 -3.4484687321647183, 8.628265037139244 -3.451449425035778, 8.637947064171914 -3.4544131650109122, 8.647634283237286 -3.4573598901321287, 8.657326680413952 -3.460289538518896, 8.667024241397193 -3.463202048400684, 8.67672695158804 -3.466097358097962, 8.686434796020196 -3.468975406046192, 8.69614775941095 -3.4718361307872105, 8.705865826128504 -3.474679470981362, 8.715588980200915 -3.477505365412508, 8.725317205326826 -3.4803137529852037, 8.735050484840352 -3.4831045727462016, 8.744788801766262 -3.4858777638640888, 8.75453213874093 -3.488633265669479, 8.764280478110596 -3.491371017615429, 8.774033801811177 -3.4940909593373455, 8.78379209150527 -3.496793030593916, 8.793555328426786 -3.499477171346107, 8.803323493548984 -3.5021433216802516, 8.813096567403566 -3.5047914219032776, 8.822874530268088 -3.50742141245221, 8.832657361973224 -3.510033233999852, 8.842445042093884 -3.512626827357999, 8.852237549761934 -3.5152021335846664, 8.8620348638431 -3.5177590938910677, 8.871836962772473 -3.5202976497404013, 8.881643824701012 -3.5228177427685217, 8.891455427368845 -3.5253193148636526, 8.901271748207932 -3.527802308111108, 8.911092764264666 -3.5302666648447087, 8.92091845224918 -3.5327123276240107, 8.930748788514677 -3.535139239249722, 8.940583749048288 -3.537547342779949, 8.95042330950971 -3.539936581504561, 8.960267445163703 -3.542306899003787, 8.970116130975162 -3.544658239080172, 8.979969341489065 -3.5469905458585718, 8.989827050973052 -3.5493037636792515, 8.99968923325706 -3.551597837232813, 9.00955586190776 -3.5538727114241393, 9.019426910047015 -3.5561283315289947, 9.029302350535604 -3.5583646430457456, 9.039182155795789 -3.5605815918534045, 9.049066297978166 -3.5627791240733457, 9.058954748813449 -3.564957186206131, 9.068847479739622 -3.56711572502508, 9.07874446180273 -3.569254687671707, 9.088645665728032 -3.5713740215990444, 9.098551061882372 -3.5734736746103435, 9.10846062028068 -3.5755535948646093, 9.118374310614515 -3.577613730849651, 9.128292102193551 -3.57965403145425, 9.138213964036446 -3.5816744458751706, 9.148139864755395 -3.583674923752772, 9.158069772696491 -3.585655415021226, 9.168003655785117 -3.5876158700911915, 9.177941481693397 -3.589556239665152, 9.187883217673274 -3.5914764749392445, 9.197828830720853 -3.593376527417263, 9.207778287428509 -3.5952563490951173, 9.217731554116204 -3.5971158923102347, 9.22768859672892 -3.5989551098743746, 9.237649380913444 -3.600773954988418, 9.247613871977414 -3.6025723812986015, 9.257582034900592 -3.6043503428959287, 9.26755383436122 -3.606107794282886, 9.277529234681479 -3.6078446904634953, 9.287508199915896 -3.6095609868219554, 9.297490693741905 -3.611256639293779, 9.307476679593744 -3.612931604174661, 9.317466120520207 -3.6145858383451035, 9.327458979336633 -3.616219299046719, 9.337455218481528 -3.6178319441144176, 9.34745480015326 -3.6194237317712226, 9.357457686197513 -3.6209946208168016, 9.367463838200702 -3.62254457048767, 9.377473217430834 -3.6240735405608566, 9.387485784871082 -3.6255814913137727, 9.39750150122393 -3.6270683835201774, 9.407520326881505 -3.6285341785214618, 9.417542221990544 -3.6299788381115334, 9.427567146368126 -3.631402324711428, 9.437595059612683 -3.6328046011636252, 9.447625920985567 -3.634185630977916, 9.457659689542037 -3.6355453780806015, 9.467696324009378 -3.6368838070739575, 9.477735782905263 -3.6382008830047323, 9.487778024443667 -3.639496571571994, 9.497823006613471 -3.6407708389751203, 9.507870687133249 -3.6420236520195064, 9.517921023475727 -3.643254978082695, 9.527973972879225 -3.6444647850919707, 9.538029492316593 -3.6456530416211725, 9.548087538558486 -3.6468197167418146, 9.558148068097575 -3.6479647802338953, 9.568211037247128 -3.6490882023427873, 9.578276402042246 -3.6501899540566574, 9.588344118347523 -3.6512700068310364, 9.598414141764625 -3.6523283328566065, 9.608486427719923 -3.653364904833144, 9.618560931403215 -3.6543796961570334, 9.628637607816207 -3.6553726808024853, 9.638716411756024 -3.6563438333782146, 9.648797297817119 -3.657293129151133, 9.658880220420583 -3.6582205439570776, 9.668965133774021 -3.6591260543653465, 9.67905199193699 -3.6600096374625326, 9.689140748753339 -3.6608712711201945, 9.699231357933906 -3.6617109337079405, 9.70932377298356 -3.6625286043911407, 9.719417947277522 -3.6633242628577998, 9.729513834005703 -3.6640978895585588, 9.739611386223434 -3.664849465528736, 9.749710556827175 -3.6655789725035794, 9.759811298571146 -3.6662863928847056, 9.769913564077697 -3.666971709699845, 9.780017305821255 -3.6676349067258482, 9.790122476167616 -3.668275968300683, 9.800229027334908 -3.6688948795719, 9.810336911448932 -3.669491626212121, 9.820446080496037 -3.6700661947289013, 9.830556486378107 -3.6706185721658886, 9.84066808087404 -3.6711487463757955, 9.85078081567998 -3.6716567058009604, 9.860894642389923 -3.672142439629457, 9.871009512514759 -3.6726059377190188, 9.88112537748433 -3.673047190594489, 9.89124218864645 -3.673466189535413, 9.90135989728648 -3.6738629264142832, 9.911478454612517 -3.6742373939270694, 9.921597811784535 -3.6745895853149166, 9.931717919894785 -3.674919494673771, 9.941838729997125 -3.6752271166424295, 9.951960193091379 -3.6755124466949716, 9.962082260145825 -3.675775480893411, 9.972204882089997 -3.676016216074231, 9.982328009828466 -3.6762346497380864, 9.992451594241587 -3.676430780079203, 10.002575586193009 -3.6766046060381705, 10.012699936534633 -3.6767561271673794, 10.022824596112066 -3.6768853438410605, 10.03294951576947 -3.676992256990012, 10.043074646356928 -3.677076868403428, 10.053199938732524 -3.6771391804120825, 10.063325343772384 -3.67717919619217, 10.073450812371014 -3.677196919495836, 10.0835762954513 -3.677192354864286, 10.093701743967186 -3.6771655074833594, 10.103827108908675 -3.6771163832470832, 10.113952341312 -3.6770449887755214, 10.124077392254987 -3.676951331313225, 10.134202212878265 -3.676835418903628, 10.144326754368933 -3.6766972601490266, 10.154450967992787 -3.676536864494388, 10.164574805069094 -3.6763542419160036, 10.174698217007908 -3.6761494032302324, 10.18482115528452 -3.6759223598050954, 10.194943571471583 -3.6756731238010736, 10.205065417224025 -3.675401707985825, 10.215186644295576 -3.6751081258403815, 10.225307204543434 -3.6747923915311085, 10.235427049922095 -3.6744545198573433, 10.245546132512175 -3.674094526374131, 10.255664404489718 -3.6737124271949835, 10.265781818177677 -3.6733082392394123, 10.275898325996334 -3.6728819799425305, 10.28601388052757 -3.672433667557234, 10.296128434460192 -3.6719633208524014, 10.306241940650155 -3.6714709593811934, 10.31635435207872 -3.670956603252959, 10.326465621891627 -3.6704202732953375, 10.336575703384879 -3.6698619909552237, 10.346684550011036 -3.669281778317326, 10.356792115400946 -3.66867965815362, 10.366898353332715 -3.6680556537964035, 10.377003217789545 -3.667409789321075, 10.387106662895839 -3.6667420893051013, 10.397208643001765 -3.666052579098387, 10.407309112601109 -3.665341284527691, 10.417408026422777 -3.66460823217865, 10.427505339353422 -3.6638534491289767, 10.437601006512736 -3.663076963172388, 10.447694983202576 -3.6622788026387028, 10.457787224946617 -3.661458996503781, 10.46787768748132 -3.6606175743364373, 10.477966326749252 -3.6597545662750735, 10.488053098938103 -3.6588700031078485, 10.498137960426472 -3.6579639161237716, 10.508220867866834 -3.6570363373042385, 10.518301778093175 -3.656087299082146, 10.528380648233142 -3.6551168345997853, 10.538457435597623 -3.65412497743171, 10.548532097797395 -3.6531117618454556, 10.55860459264183 -3.652077222553674, 10.568674878233013 -3.6510213949165577, 10.578742912898162 -3.649944314775304, 10.588808655240591 -3.6488460185561005, 10.598872064121855 -3.647726543212571, 10.608933098658333 -3.646585926215309, 10.618991718259469 -3.6454242056088177, 10.629047882568596 -3.6442414198917015, 10.639101551553201 -3.6430376081700304, 10.649152685399166 -3.641812809954763, 10.659201244639696 -3.640567065385465, 10.669247190021757 -3.639300414981098, 10.679290482648867 -3.6380128998795676, 10.689331083847511 -3.6367045615963387, 10.699368955295439 -3.6353754422335, 10.709404058915457 -3.6340255842903133, 10.719436356965103 -3.632655030803741, 10.7294658119776 -3.631263825239355, 10.739492386797506 -3.6298520115436665, 10.749516044579796 -3.628419634126871, 10.759536748764992 -3.6269667378231345, 10.76955446313835 -3.625493367961966, 10.779569151746955 -3.6239995702461574, 10.789580779012153 -3.622485390896197, 10.79958930959981 -3.6209508764668468, 10.809594708570538 -3.619396074038778, 10.819596941222647 -3.617821031003901, 10.82959597325703 -3.6162257952707813, 10.839591770618544 -3.6146104150538667, 10.849584299648756 -3.612974939057938, 10.859573526951493 -3.611319416303025, 10.869559419510743 -3.609643896261831, 10.879541944599225 -3.60794842873942, 10.889521069845953 -3.6062330639481726, 10.89949676320023 -3.604497852455876, 10.909468992940944 -3.6027428451941153, 10.919437727699632 -3.6009680934700876, 10.929402936410183 -3.599173648911045, 10.9393645883895 -3.597359563536442, 10.949322653232858 -3.595525889648417, 10.959277100943858 -3.593672679951179, 10.969227901786446 -3.59179998740223, 10.97917502645039 -3.5899078653621848, 10.989118445876354 -3.5879963674251467, 10.999058131438183 -3.5860655475793437, 11.008994054761565 -3.584115460036947, 11.018926187901686 -3.582146159385468, 11.028854503176385 -3.580157700435559, 11.0387789733201 -3.5781501383473007, 11.048699571348225 -3.576123528508827, 11.058616270673202 -3.5740779266276386, 11.068529045011614 -3.5720133886471634, 11.078437868453433 -3.569929970798499, 11.088342715418495 -3.5678277295572802, 11.098243560674392 -3.5657067216554448, 11.108140379344809 -3.563567004077113, 11.118033146875607 -3.5614086340331945, 11.127921839093585 -3.5592316689921493, 11.137806432123854 -3.5570361666226216, 11.147686902494433 -3.5548221848531627, 11.157563227010991 -3.552589781789551, 11.167435382899777 -3.5503390157958092, 11.17730334764829 -3.5480699453941047, 11.18716709917719 -3.545782629359794, 11.197026615657336 -3.543477126611755, 11.206881875699356 -3.5411534963134477, 11.216732858158977 -3.538811797761094, 11.2265795423315 -3.5364520904822836, 11.236421907758276 -3.534074434130033, 11.246259934414153 -3.5316788885733406, 11.256093602526082 -3.529265513802, 11.2659228927436 -3.5268343700044857, 11.275747785978188 -3.52438551748696, 11.285568263549548 -3.5219190167362036, 11.295384307051705 -3.519434928354298, 11.305195898470165 -3.516933313105813, 11.31500302007868 -3.514414231868314, 11.324805654524383 -3.5118777456641967, 11.334603784757215 -3.5093239156262, 11.344397394081785 -3.5067528030150883, 11.354186466120055 -3.504164469198666, 11.36397098482998 -3.501558975657047, 11.373750934500803 -3.498936383973252, 11.383526299739676 -3.4962967558281326, 11.393297065497903 -3.493640153000402, 11.403063217027546 -3.49096663735339, 11.412824739936365 -3.4882762708423436, 11.422581620116935 -3.48556911549516, 11.432333843827502 -3.4828452334248508, 11.442081397596576 -3.4801046868062966, 11.45182426832663 -3.4773475378919176, 11.46156244317734 -3.474573848986317, 11.47129590968891 -3.4717836824634007, 11.481024655647188 -3.4689771007405397, 11.490748669223418 -3.4661541662956443, 11.500467938824375 -3.4633149416422198, 11.510182453245507 -3.4604594893451512, 11.51989220150903 -3.45758787199776, 11.529597173027607 -3.4547001522353082, 11.539297357433185 -3.4517963927149466, 11.548992744748531 -3.448876656126174, 11.558683325209334 -3.4459410051743093, 11.568369089441328 -3.4429895025873827, 11.57805002827771 -3.440022211103565, 11.587726132939903 -3.4370391934740723, 11.597397394852134 -3.4340405124549283, 11.60706380582426 -3.431026230805815, 11.616725357864913 -3.427996411286154, 11.626382043365004 -3.424951116649579, 11.636033854910625 -3.4218904096445737, 11.645680785466354 -3.4188143530046866, 11.65532282818867 -3.4157230094536337, 11.664959976608367 -3.4126164416912412, 11.67459222444507 -3.4094947124029864, 11.684219565788286 -3.4063578842417264, 11.693841994913369 -3.403206019841614, 11.70345950646103 -3.400039181795686, 11.713072095254816 -3.396857432674082, 11.722679756479046 -3.3936608349975375, 11.732282485497835 -3.3904494512598626, 11.741880278031436 -3.3872233438973987, 11.751473129976855 -3.3839825753157022, 11.761061037582575 -3.3807272078550064, 11.770643997270692 -3.377457303821059, 11.780222005810153 -3.37417292544664, 11.789795060140356 -3.3708741349265123, 11.79936315754285 -3.36756099437504, 11.808926295466527 -3.3642335658651943, 11.818484471697602 -3.3608919113823332, 11.828037684186642 -3.357536092867168, 11.83758593121655 -3.35416617216585, 11.84712921123177 -3.3507822110767167, 11.856667523003816 -3.3473842712968898, 11.866200865463226 -3.3439724144725487, 11.875729237861991 -3.3405467021423467, 11.88525263960904 -3.3371071957908405, 11.894771070428623 -3.333653956789171, 11.90428453020037 -3.330187046451116, 11.913793019112518 -3.3267065259716397, 11.923296537507794 -3.3232124564848924, 11.93279508603011 -3.3197048990013838, 11.942288665477719 -3.3161839144670724, 11.951777276941833 -3.312649563700126, 11.961260921668735 -3.3091019074500334, 11.970739601188566 -3.3055410063351163, 11.98021331718818 -3.3019669209003837, 11.989682071628255 -3.29837971155718, 11.999145866628806 -3.2947794386383076, 12.008604704572667 -3.2911661623413684, 12.018058588005633 -3.2875399427794996, 12.02750751972437 -3.2839008399301544, 12.036951502693105 -3.2802489136796176, 12.046390540114032 -3.2765842237791127, 12.055824635362445 -3.2729068298811814, 12.065253792037899 -3.2692167915050585, 12.07467801391939 -3.2655141680629414, 12.08409730499575 -3.2617990188366046, 12.093511669442261 -3.258071402991601, 12.102921111629113 -3.254331379567034, 12.112325636120412 -3.2505790074758645, 12.121725247659956 -3.246814345509526, 12.131119951193106 -3.243037452322792, 12.140509751829766 -3.2392483864546113, 12.149894654888849 -3.2354472062963624, 12.159274665839106 -3.2316339701298338, 12.168649790365192 -3.227808736078238, 12.178020034287703 -3.223971562161591, 12.18738540364902 -3.220122506230651, 12.196745904614984 -3.216261626039076, 12.206101543577455 -3.212388979161397, 12.215452327041211 -3.208504623080275, 12.22479826173916 -3.2046086150908377, 12.234139354509157 -3.20070101239998, 12.24347561241639 -3.196781872020904, 12.252807042626369 -3.1928512508797726, 12.262133652527579 -3.1889092057059942, 12.271455449608048 -3.184955793139925, 12.280772441570589 -3.1809910696257586, 12.290084636220554 -3.177015091513144, 12.299392041566435 -3.173027914959823, 12.30869466572551 -3.1690295960201547, 12.31799251700372 -3.1650201905642708, 12.327285603824627 -3.1609997543470527, 12.336573934783821 -3.1569683429498587, 12.345857518605182 -3.1529260118243774, 12.35513636416664 -3.1488728162619135, 12.36441048048611 -3.1448088114078483, 12.373679876717127 -3.1407340522619256, 12.38294456216492 -3.136648593660759, 12.392204546252454 -3.132552490310693, 12.40145983856516 -3.128445796737916, 12.41071044878993 -3.1243285673530687, 12.419956386784762 -3.1202008563711576, 12.42919766249563 -3.1160627179042137, 12.438434286044977 -3.111914205856338, 12.44766626763374 -3.107755374037317, 12.456893617640114 -3.1035862760417587, 12.46611634651662 -3.0994069653727365, 12.475334464888164 -3.0952174953177805, 12.484547983455636 -3.0910179190685363, 12.493756913081965 -3.086808289608052, 12.502961264712754 -3.0825886598123704, 12.512161049441012 -3.078359082362201, 12.5213562784528 -3.074119609814654, 12.53054696306414 -3.0698702945496192, 12.539733114696558 -3.06561118880299, 12.54891474488294 -3.061342344654537, 12.558091865274585 -3.0570638140178383, 12.56726448761596 -3.0527756486722626, 12.576432623781733 -3.048477900209335, 12.585596285723678 -3.0441706201065872, 12.594755485532568 -3.039853859635281, 12.603910235364161 -3.0355276699683156, 12.613060547517359 -3.031192102060201, 12.622206434349556 -3.026847206774876, 12.631347908359102 -3.022493034755237, 12.64048498210325 -3.0181296365509835, 12.649617668271258 -3.0137570624990384, 12.658745979617883 -3.0093753628303026, 12.66786992901583 -3.004984587580317, 12.676989529414044 -3.000584786658099, 12.686104793862375 -2.996176009801005, 12.695215735499696 -2.9917583065948152, 12.704322367547888 -2.9873317264802863, 12.713424703330418 -2.982896318720567, 12.72252275623732 -2.9784521324595445, 12.731616539770332 -2.9739992166405074, 12.740706067484938 -2.9695376201081505, 12.749791353053787 -2.9650673914910297, 12.758872410196306 -2.9605885793300586, 12.767949252747897 -2.9561012319464366, 12.777021894591101 -2.9516053975712304, 12.786090349715964 -2.9471011242262826, 12.79515463216661 -2.9425884598278023, 12.804214756080942 -2.9380674521045216, 12.813270735661911 -2.933538148654989, 12.822322585189934 -2.9290005969188275, 12.831370319022826 -2.9244548441766973, 12.840413951579528 -2.919900937580581, 12.849453497367527 -2.9153389240958023, 12.858488970941726 -2.9107688505854568, 12.867520386952892 -2.9061907637051, 12.876547760090654 -2.9016047100247047, 12.885571105141615 -2.897010735898627, 12.894590436929898 -2.8924088875969334, 12.903605770370213 -2.8877992111828483, 12.912617120420485 -2.883181752620539, 12.921624502117105 -2.878556557690192, 12.930627930549752 -2.873923672046863, 12.939627420871618 -2.869283141192702, 12.948622988300684 -2.8646350104737204, 12.957614648103624 -2.8599793251157277, 12.966602415621958 -2.85531613015942, 12.975586306233993 -2.850645470552363, 12.98456633539859 -2.845967391037205, 12.993542518605286 -2.8412819362776127, 13.00251487142354 -2.8365891507296297, 13.011483409454543 -2.831889078765729, 13.020448148370429 -2.827181764564506, 13.029409103882065 -2.8224672521993432, 13.038366291762102 -2.8177455855849822, 13.047319727834198 -2.8130168085040945, 13.056269427960405 -2.8082809645972358, 13.065215408052511 -2.80353809731924, 13.074157684073379 -2.7987882500613663, 13.083096272093547 -2.7940314661004946, 13.09203118817447 -2.7892677885705184, 13.10096244828208 -2.7844972600962254, 13.109890068445178 -2.7797199232971583, 13.118814065329055 -2.774935821688496, 13.127734455762623 -2.770144998940791, 13.136651254795932 -2.76534749510979, 13.145564476250676 -2.760543347731298, 13.154474139185995 -2.75573260402859, 13.163380269466254 -2.750915323817711, 13.172282880307703 -2.7460915428969273, 13.181181955189583 -2.741261240646384, 13.190077361205386 -2.73642418375635, 13.198968497701383 -2.7315792853214167, 13.207854710697413 -2.726725362284933, 13.216735892190055 -2.721862237236419, 13.225612190233255 -2.7169902043661334, 13.234483663458569 -2.7121093925181268, 13.243350293806975 -2.707219788735348, 13.252212078785675 -2.70232140849599, 13.261069042624003 -2.697414316171927, 13.269921208730501 -2.6924985744201884, 13.278768592425358 -2.6875742305219745, 13.287611208119953 -2.6826413299188445, 13.296449072545231 -2.677699921879128, 13.305282203142516 -2.6727500567979567, 13.314110616910257 -2.667791783858826, 13.322934330585444 -2.6628251515132297, 13.331753361076075 -2.657850208221932, 13.340567725480767 -2.6528670024657, 13.349377440929764 -2.64787558256659, 13.358182524597181 -2.6428759965282316, 13.366982993688039 -2.6378682922539576, 13.375778865506465 -2.63285251740575, 13.384570157390247 -2.6278287195557475, 13.393356886753697 -2.6227969460275693, 13.4021390710507 -2.617757244016937, 13.410916727798622 -2.6127096605239637, 13.419689874571237 -2.6076542423749425, 13.428458528986633 -2.6025910362540543, 13.437222708732332 -2.597520088622457, 13.445982431526158 -2.5924414458426597, 13.454737715162231 -2.5873551540280757, 13.46348857746071 -2.5822612592062346, 13.472235036313318 -2.5771598071654402, 13.480977109644554 -2.5720508435842624, 13.4897148154367 -2.5669344139438204, 13.498448171717909 -2.561810563568523, 13.507177196557327 -2.5566793376397494, 13.51590190808304 -2.5515407811330526, 13.524622324450444 -2.546394938926889, 13.533338463881034 -2.5412418556637197, 13.542050344618556 -2.5360815759057824, 13.550757984969763 -2.5309141439852976, 13.559461403268973 -2.52573960413362, 13.568160617901514 -2.5205580003917065, 13.576855647291977 -2.51536937665394, 13.5855465099008 -2.5101737766779975, 13.594233224239568 -2.5049712440263083, 13.602915808843342 -2.4997618221700773, 13.61159428230477 -2.494545554355722, 13.620268663235617 -2.489322483754288, 13.628938970302148 -2.4840926533192853, 13.637605222194939 -2.478856105906965, 13.646267437647932 -2.473612884196509, 13.654925635430118 -2.4683630307239026, 13.66357983434025 -2.463106587901042, 13.67223005322258 -2.457843597949774, 13.680876310940603 -2.452574103010114, 13.689518626408136 -2.447298145007016, 13.698157018555642 -2.44201576579377, 13.706791506359796 -2.43672700702189, 13.715422108819801 -2.4314319102443873, 13.724048844970241 -2.426130516855954, 13.732671733878203 -2.420822868105802, 13.74129079463412 -2.415509005136399, 13.749906046369613 -2.4101889689018163, 13.758517508231591 -2.404862800284997, 13.767125199410673 -2.3995305399642977, 13.775729139112515 -2.394192228547184, 13.784329346580769 -2.388847906459159, 13.792925841080933 -2.383497614020887, 13.801518641906021 -2.378141391418231, 13.81010776838001 -2.3727792786852056, 13.818693239844245 -2.3674113157688965, 13.827275075677424 -2.3620375424289737, 13.835853295270518 -2.356657998362633, 13.844427918051561 -2.351272723076904, 13.852998963463175 -2.345881756003454, 13.861566450977882 -2.340485136416968, 13.870130400090233 -2.3350829034762173, 13.878690830314861 -2.3296750962319153, 13.887247761196152 -2.324261753574841, 13.895801212290886 -2.318842914327673, 13.904351203189137 -2.313418617129864, 13.912897753491674 -2.3079889005614, 13.921440882829293 -2.3025538030330885, 13.929980610848055 -2.2971133628694, 13.938516957216088 -2.291667618267615, 13.947049941624046 -2.2862166072948864, 13.955579583776334 -2.2807603679373996, 13.964105903405386 -2.275298938015646, 13.972628920252852 -2.2698323552948754, 13.981148654088653 -2.2643606573694566, 13.98966512469348 -2.2588838817684174, 13.998178351870743 -2.2534020658800467, 14.006688355440476 -2.247915246989749, 14.015195155237754 -2.242423462287954, 14.023698771120348 -2.2369267488214466, 14.0321992229551 -2.2314251435784516, 14.040696530634008 -2.2259186833834077, 14.049190714057167 -2.2204074050077725, 14.057681793146902 -2.214891345075442, 14.066169787837646 -2.2093705401298287, 14.074654718079573 -2.2038450266074623, 14.083136603840687 -2.198314840823537, 14.091615465098428 -2.1927800190277518, 14.100091321851895 -2.187240597319187, 14.108564194106922 -2.1816966117495107, 14.117034101890145 -2.176148098222228, 14.125501065237103 -2.170595092577325, 14.133965104199124 -2.165037630539735, 14.142426238841386 -2.159475747733458, 14.150884489238877 -2.153909479709563, 14.159339875484674 -2.148338861884008, 14.167792417677978 -2.142763929626606, 14.176242135936818 -2.1371847181633674, 14.18468905038598 -2.1316012626687675, 14.19313318116552 -2.126013598198016, 14.201574548426203 -2.1204217597228077, 14.210013172328702 -2.114825782135731, 14.218449073048644 -2.10922570021004, 14.226882270767478 -2.103621548671812, 14.235312785683304 -2.098013362111171, 14.243740637999549 -2.0924011750745963, 14.252165847934009 -2.086785021988713, 14.260588435712776 -2.081164937210847, 14.26900842157171 -2.07554095501508, 14.277425825758915 -2.0699131095709435, 14.285840668528175 -2.0642814349990233, 14.294252970147813 -2.0586459652938536, 14.302662750890569 -2.053006734411331, 14.311070031042338 -2.0473637761897217, 14.31947483089548 -2.04171712440923, 14.327877170751751 -2.0360668127649033, 14.336277070922954 -2.030412874860467, 14.344674551726342 -2.0247553442491553, 14.353069633491668 -2.0190942543684645, 14.361462336552457 -2.0134296386205177, 14.369852681254192 -2.0077615302943452, 14.378240687947548 -2.002089962629767, 14.386626376992012 -1.996414968781595, 14.395009768755367 -1.9907365818247444, 14.403390883610603 -1.9850548347829595, 14.411769741941432 -1.9793697605745317, 14.4201463641349 -1.973681392084726, 14.428520770588754 -1.9679897620915703, 14.436892981704982 -1.9622949033307484, 14.445263017893694 -1.9565968484548633, 14.453630899571905 -1.9508956300463232, 14.461996647161532 -1.9451912806367342, 14.47036028109372 -1.939483832661961, 14.478721821802583 -1.9337733185267876, 14.487081289731762 -1.928059770535514, 14.49543870532841 -1.9223432209554898, 14.503794089047107 -1.9166237019743273, 14.512147461348222 -1.9109012457176355, 14.52049884269668 -1.9051758842616144, 14.528848253565387 -1.8994476495956927, 14.537195714429911 -1.8937165736800998, 14.54554124577427 -1.8879826883818258, 14.553884868085456 -1.88224602553525, 14.562226601857212 -1.8765066168994746, 14.570566467588229 -1.870764494178528, 14.578904485781337 -1.8650196890293227, 14.58724067694627 -1.859272233030132, 14.595575061595149 -1.8535221577320171, 14.6039076602476 -1.8477694946002492, 14.61223849342578 -1.8420142750710433, 14.620567581657921 -1.8362565305105518, 14.628894945476505 -1.8304962922356947, 14.637220605417788 -1.8247335915193983, 14.645544582024124 -1.8189684595635172, 14.65386689584 -1.8132009275448615, 14.66218756741656 -1.8074310265619102, 14.67050661730717 -1.801658787687127, 14.67882406607061 -1.795884241928727, 14.68713993426942 -1.7901074202507496, 14.695454242469504 -1.7843283535769217, 14.703767011242178 -1.7785470727668014, 14.712078261160649 -1.772763608657236, 14.720388012804076 -1.7669779920141748, 14.728696286753554 -1.7611902535802155, 14.737003103595049 -1.7554004240399188, 14.745308483917835 -1.7496085340380951, 14.753612448314215 -1.7438146141833517, 14.761915017381305 -1.73801869502657, 14.770216211717909 -1.7322208070983593, 14.778516051928156 -1.726420980865802, 14.786814558617905 -1.7206192467750336, 14.795111752397357 -1.7148156352205788, 14.803407653879693 -1.709010176561219, 14.811702283680775 -1.703202901123896, 14.81999566242079 -1.6973938391839152, 14.82828781072144 -1.6915830209988147, 14.836578749209156 -1.6857704767698904, 14.844868498511975 -1.6799562366796916, 14.853157079261752 -1.6741403308657028, 14.861444512093088 -1.6683227894333923, 14.869730817642932 -1.6625036424608555, 14.878016016552163 -1.6566829199804638, 14.886300129462999 -1.6508606520093068, 14.89458317702191 -1.6450368685154828, 14.90286517987683 -1.6392115994504242, 14.911146158679093 -1.633384874727045, 14.919426134082533 -1.6275567242298274, 14.927705126743042 -1.6217271778203193, 14.935983157320113 -1.6158962653201638, 14.94426024647438 -1.6100640165381361, 14.952536414870323 -1.6042304612411906, 14.960811683173755 -1.5983956291816275, 14.969086072053472 -1.5925595500796932, 14.977359602180599 -1.5867222536307548, 14.985632294228047 -1.580883769511563, 14.993904168871982 -1.575044127364774, 15.0021752467896 -1.5692033568224684, 15.010445548661501 -1.563361487482028, 15.018715095169533 -1.5575185489281826, 15.026983906998154 -1.5516745707198771, 15.035252004833964 -1.545829582394823, 15.04351940936509 -1.5399836134762106, 15.051786141282616 -1.5341366934590286, 15.060052221278532 -1.528288851829847, 15.06831767004778 -1.5224401180475082, 15.076582508286455 -1.5165905215602298, 15.084846756692873 -1.5107400917964553, 15.09311043596732 -1.5048888581671953, 15.101373566811365 -1.4990368500727593, 15.109636169929265 -1.4931840968912846, 15.117898266026069 -1.4873306279945393, 15.126159875809417 -1.4814764727335255, 15.134421019988006 -1.4756216604507928, 15.142681719272407 -1.4697662204748332, 15.150941994374994 -1.4639101821207827, 15.159201866009177 -1.4580535746965004, 15.167461354890676 -1.4521964274937451, 15.175720481735878 -1.4463387697998284, 15.183979267263357 -1.4404806308880458, 15.192237732192659 -1.4346220400256005, 15.200495897244839 -1.4287630264709454, 15.208753783142528 -1.422903619473512, 15.21701141060917 -1.4170438482785577, 15.225268800370156 -1.4111837421215019, 15.23352597315142 -1.4053233302351589, 15.241782949680662 -1.3994626418448506, 15.250039750686417 -1.3936017061724009, 15.258296396898354 -1.387740552435752, 15.266552909047466 -1.3818792098484909, 15.274809307865356 -1.3760177076227693, 15.283065614085114 -1.3701560749672677, 15.291321848440296 -1.3642943410898885, 15.299578031665721 -1.3584325351972661, 15.307834184496876 -1.3525706864954297, 15.316090327670041 -1.3467088241909522, 15.324346481922523 -1.340846977491087, 15.332602667991937 -1.3349851756039868, 15.340858906616784 -1.329123447740522, 15.34911521853583 -1.3232618231126192, 15.357371624488753 -1.3174003309370015, 15.365628145215684 -1.3115390004330836, 15.373884801457207 -1.30567786082474, 15.382141613954449 -1.299816941341811, 15.390398603448718 -1.2939562712172084, 15.39865579068179 -1.2880958796932116, 15.406913196395566 -1.282235796015145, 15.415170841332179 -1.2763760494385012, 15.423428746233919 -1.2705166692249725, 15.431686931843075 -1.2646576846441657, 15.439945418902 -1.2587991249772241, 15.448204228152992 -1.2529410195102406, 15.456463380338164 -1.2470833975450362, 15.464722896199552 -1.2412262883885763, 15.472982796478826 -1.2353697213631198, 15.48124310191742 -1.229513725801052, 15.48950383325638 -1.2236583310456968, 15.497765011236183 -1.217803566457735, 15.506026656597017 -1.2119494614044983, 15.514288790078128 -1.2060960452752714, 15.522551432418423 -1.200243347466764, 15.530814604355799 -1.1943913973956977, 15.539078326627433 -1.1885402244931926, 15.547342619969694 -1.182689858203914, 15.555607505117612 -1.1768403279958786, 15.563873002805673 -1.1709916633453494, 15.572139133766573 -1.1651438937565597, 15.580405918732326 -1.1592970487436802, 15.588673378433255 -1.1534511578452384, 15.596941533598379 -1.147606250618738, 15.605210404955411 -1.141762356637415, 15.613480013229648 -1.1359195055037614, 15.62175037914561 -1.1300777268300353, 15.630021523424986 -1.124237050262269, 15.638293466788422 -1.118397505459165, 15.646566229954166 -1.1125591221078086, 15.654839833638452 -1.1067219299191533, 15.66311429855584 -1.10088595862196, 15.671389645417491 -1.0950512379805184, 15.679665894933494 -1.0892177977704407, 15.687943067809998 -1.0833856678066853, 15.69622118475161 -1.0775548779198092, 15.704500266459595 -1.0717254579721698, 15.712780333632226 -1.0658974378548394, 15.721061406965585 -1.0600708474785001, 15.729343507151196 -1.0542457167955148, 15.737626654879085 -1.0484220757711344, 15.745910870834146 -1.0425999544152378, 15.754196175699082 -1.0367793827563752, 15.762482590152361 -1.030960390858205, 15.77077013486836 -1.0251430088181788, 15.779058830518775 -1.019327266754978, 15.78734869776925 -1.013513194834985, 15.795639757283581 -1.007700823239072, 15.80393202971899 -1.0018901821977915, 15.812225535729807 -0.9960813019635679, 15.82052029596511 -0.9902742128270149, 15.828816331068637 -0.984468945117613, 15.837113661680869 -0.9786655291876241, 15.845412308434598 -0.9728639954428971, 15.853712291960273 -0.9670643743054045, 15.862013632880235 -0.9612666962516551, 15.870316351813084 -0.9554709917832586, 15.878620469371043 -0.9496772914429401, 15.886926006159538 -0.9438856258172917, 15.895232982780122 -0.9380960255172243, 15.903541419824858 -0.9323085212130214, 15.911851337882897 -0.9265231435926937, 15.920162757533237 -0.9207399234030746, 15.92847569935005 -0.9149588914191147, 15.936790183900087 -0.9091800784600176, 15.945106231741883 -0.9034035153940094, 15.953423863429371 -0.8976292331151672, 15.961743099504874 -0.891857262582357, 15.970063960507188 -0.8860876347738673, 15.978386466963284 -0.880320380731781, 15.98671063939435 -0.8745555315295063, 15.99503649831257 -0.8687931182873512, 16.003364064219905 -0.8630331721789704, 16.011693357612888 -0.8572757244054716, 16.02002439897417 -0.851520806238058, 16.028357208782165 -0.8457684489689752, 16.036691807501285 -0.8400186839587672, 16.045028215588932 -0.83427154260212, 16.05336645349194 -0.8285270563436135, 16.06170654164494 -0.8227852566854412, 16.07004850047619 -0.8170461751589848, 16.07839235039751 -0.811309843370731, 16.086738111815713 -0.8055762929497675, 16.09508580512115 -0.7998455555979681, 16.103435450695876 -0.7941176630538542, 16.11178706890955 -0.788392647109016, 16.120140680117487 -0.7826705396164855, 16.12849630466756 -0.7769513724603891, 16.13685396288838 -0.7712351776046736, 16.14521367510271 -0.7655219870373382, 16.153575461614064 -0.7598118328236964, 16.161939342716323 -0.7541047470678085, 16.170305338688873 -0.74840076193022, 16.178673469794496 -0.7426999096362328, 16.1870437562872 -0.7370022224443699, 16.195416218398734 -0.7313077326973351, 16.203790876354024 -0.7256164727632396, 16.212167750355643 -0.7199284750920919, 16.220546860595178 -0.7142437721742451, 16.228928227247238 -0.7085623965602863, 16.23731187046745 -0.7028843808682422, 16.24569781040118 -0.6972097577517784, 16.254086067168213 -0.6915385599527215, 16.262476660880527 -0.6858708202395156, 16.27086961162395 -0.680206571466777, 16.279264939471865 -0.6745458465303716, 16.28766266447798 -0.6688886783908085, 16.296062806674854 -0.6632351000783117, 16.304465386082892 -0.6575851446614817, 16.312870422693408 -0.6519388453004439, 16.321277936488755 -0.64629623518316, 16.329687947421494 -0.6406573475888048, 16.338100475430487 -0.6350222158384247, 16.34651554043139 -0.6293908733219942, 16.354933162316122 -0.6237633535000402, 16.363353360962222 -0.6181396898746805, 16.371776156214487 -0.6125199160424359, 16.380201567907523 -0.6069040656288417, 16.388629615841737 -0.6012921723552799, 16.397060319802577 -0.5956842699848587, 16.405493699548366 -0.5900803923546127, 16.41392977481137 -0.5844805733723551, 16.422368565306765 -0.5788848469912349, 16.430810090713237 -0.573293247260849, 16.439254370697828 -0.567705808261095, 16.447701424888475 -0.5621225641722049, 16.4561512728971 -0.5565435492154173, 16.464603934303803 -0.5509687976913464, 16.473059428660637 -0.5453983439706176, 16.48151777549917 -0.5398322224735511, 16.489978994310697 -0.5342704677180125, 16.498443104573145 -0.5287131142536997, 16.506910125720037 -0.5231601967348342, 16.515380077167926 -0.5176117498554343, 16.523852978296134 -0.5120678083947154, 16.532328848454167 -0.5065284072000812, 16.540807706966913 -0.5009935811736866, 16.549289573115377 -0.4954633653152254, 16.557774466165025 -0.4899377946582039, 16.566262405331265 -0.4844169043442507, 16.574753409811702 -0.4789007295532661, 16.583247498760436 -0.4733893055564186, 16.591744691300423 -0.467882667690178, 16.60024500652495 -0.4623808513515875, 16.60874846348007 -0.4568838920339305, 16.617255081193573 -0.4513918252669504, 16.625764878637305 -0.4459046866911956, 16.63427787476447 -0.4404225119838777, 16.64279408847767 -0.4349453369196084, 16.651313538647557 -0.4294731973344463, 16.659836244108895 -0.4240061291315664, 16.668362223646465 -0.4185441683076132, 16.676891496023117 -0.4130873508992783, 16.685424079939935 -0.4076357130554383, 16.693959994078376 -0.4021892909602967, 16.702499257061383 -0.3967481209013222, 16.711041887479688 -0.3913122392227429, 16.719587903880686 -0.3858816823430859, 16.728137324759754 -0.3804564867700232, 16.736690168585447 -0.3750366890559166, 16.745246453758995 -0.369622325864886, 16.753806198660577 -0.3642134338956444, 16.762369421603463 -0.3588100499555944, 16.770936140869015 -0.3534122109037329, 16.779506374686424 -0.3480199536809651, 16.78808014123177 -0.3426333153115054, 16.796657458648003 -0.337252332870195, 16.80523834500613 -0.3318770435415734, 16.81382281835392 -0.3265074845450378, 16.822410896663108 -0.3211436932125318, 16.8310025978742 -0.3157857069220786, 16.839597939865264 -0.3104335631413872, 16.848196940461346 -0.3050872994143042, 16.856799617446224 -0.299746953342315, 16.865405988528128 -0.2944125626322503, 16.874016071388585 -0.2890841650274261, 16.882629883624226 -0.2837617983859908, 16.891247442801163 -0.2784455006071346, 16.899868766411583 -0.2731353096871065, 16.908493871895928 -0.2678312636900248, 16.91712277664318 -0.262533400745576, 16.92575549796468 -0.2572417590822323, 16.9343920531397 -0.2519563769683196, 16.943032459354647 -0.246677292786813, 16.951676733765602 -0.2414045449577686, 16.96032489344222 -0.2361381720046373, 16.96897695540481 -0.2308782125098395, 16.977632936609858 -0.2256247051298597, 16.98629285393609 -0.2203776886113413, 16.99495672422224 -0.215137201746011, 17.003624564207847 -0.2099032834370539, 17.012296390600973 -0.2046759726224843, 17.020972220010478 -0.19945530834827, 17.029652068999056 -0.1942413297105151, 17.038335954051064 -0.1890340758878136, 17.047023891575098 -0.1838335861385702, 17.05571589792891 -0.1786398997731299, 17.06441198936701 -0.1734530562070652, 17.073112182109202 -0.1682730948906452, 17.081816492263826 -0.163100055384045, 17.090524935896294 -0.1579339772895812, 17.09923752897751 -0.1527749002996707, 17.107954287406663 -0.1476228641751075, 17.116675227018003 -0.1424779087365641, 17.125400363541505 -0.1373400739008313, 17.134129712665942 -0.1322093996216701, 17.142863289958306 -0.1270859259612739, 17.15160111094484 -0.1219696930177788, 17.160343191040155 -0.1168607409852254, 17.169089545592872 -0.1117591101143324, 17.17784018986945 -0.1066648407239432, 17.186595139034377 -0.1015779732175157, 17.195354408200267 -0.0964985480401491, 17.204118012351003 -0.0914266057398727, 17.21288596642937 -0.0863621868970512, 17.22165828524973 -0.0813053321909886, 17.230434983566994 -0.0762560823466864, 17.23921607603407 -0.0712144781648057, 17.248001577207397 -0.0661805605175595, 17.256791501576366 -0.0611543703251353, 17.265585863499012 -0.0561359486014747, 17.274384677287987 -0.0511253363921041, 17.283187957112737 -0.0461225748408189, 17.291995717089147 -0.0411277051278857, 17.300807971209622 -0.0361407685149553, 17.30962473337846 -0.031161806321682, 17.318446017413212 -0.0261908599226104, 17.32727183700229 -0.0212279707739052, 17.336102205779124 -0.016273180365347, 17.344937137223276 -0.0113265302799147, 17.35377664476409 -0.0063880621305968, 17.36262074168582 -0.0014578176144926, 17.371469441194705 0.0034641615261533, 17.380322756386768 0.0083778334879812, 17.389180700235983 0.0132831563999818, 17.398043285645375 0.0181800883534419, 17.406910525359635 0.0230685873558668, 17.415782432071552 0.0279486113879991, 17.42465901830955 0.0328201183476793, 17.433540296533977 0.0376830660986101, 17.442426279069032 0.0425374124391744, 17.451316978128066 0.0473831151145823, 17.46021240583153 0.0522201318276347, 17.46911257414366 0.0570484202099437, 17.47801749496855 0.0618679378667614, 17.486927180031604 0.0666786423261707, 17.495841640997277 0.0714804910903045, 17.504760889367727 0.0762734415950166, 17.513684936548 0.0810574512365809, 17.52261379382334 0.0858324773650972, 17.531547472331475 0.0905984772738654, 17.540485983133625 0.0953554082282521, 17.549429337105952 0.1001032274265891, 17.55837754506486 0.1048418920462016, 17.56733061764092 0.1095713592013234, 17.57628856538159 0.1142915859781497, 17.585251398684438 0.1190025294153426, 17.594219127813716 0.123704146509305, 17.603191762933125 0.1283963942266848, 17.6121693140236 0.133079229480224, 17.62115179099939 0.1377526091640168, 17.63013920357144 0.1424164901166564, 17.639131561378466 0.1470708291573868, 17.64812887387892 0.1517155830601521, 17.657131150415466 0.1563507085698837, 17.666138400200097 0.1609761624014496, 17.675150632272576 0.1655919012301597, 17.684167855589404 0.1701978817137158, 17.693190078895793 0.1747940604658101, 17.702217310868793 0.1793803940865509, 17.711249559977965 0.1839568391371769, 17.72028683459506 0.1885233521607806, 17.729329142927384 0.1930798896731139, 17.73837649302726 0.1976264081641922, 17.747428892837917 0.2021628641080282, 17.756486350094058 0.2066892139482918, 17.76554887245671 0.2112054141189333, 17.774616467359266 0.215711421025511, 17.783689142151882 0.2202071910635374, 17.79276690398626 0.224692680607806, 17.801849759880408 0.2291678460192229, 17.810937716710363 0.2336326436467342, 17.820030781156213 0.2380870298228439, 17.829128959807676 0.2425309608740029, 17.8382322590179 0.2469643931115815, 17.84734068506354 0.2513872828426847, 17.85645424399261 0.2557995863644631, 17.865572941741164 0.2602012599693498, 17.874696784066586 0.2645922599455503, 17.883825776550555 0.2689725425771413, 17.892959924657276 0.2733420641476244, 17.9020992336178 0.2777007809396543, 17.911243708582628 0.2820486492365993, 17.920393354451676 0.2863856253258951, 17.929548176030817 0.2907116654968356, 17.938708177910573 0.2950267260464462, 17.947873364530363 0.2993307632772392, 17.957043740177518 0.3036237335001383, 17.96621930892056 0.3079055930382536, 17.975400074731397 0.3121762982216282, 17.984586041321563 0.3164358053999029, 17.993777212318058 0.3206840709296885, 18.002973591100368 0.3249210511910879, 18.01217518092185 0.3291467025763236, 18.021381984845366 0.3333609814994018, 18.030594005737548 0.3375638443967978, 18.039811246341262 0.3417552477213922, 18.049033709142773 0.3459351479604371, 18.05826139654187 0.3501035016137818, 18.06749431066744 0.3542602652228717, 18.076732453543283 0.3584053953455973, 18.08597582696468 0.3625388485793313, 18.095224432557828 0.3666605815506992, 18.104478271790267 0.3707705509169449, 18.113737345888108 0.3748687133820288, 18.123001655976818 0.3789550256708362, 18.13227120290018 0.3830294445678977, 18.141545987409568 0.3870919268778963, 18.15082600999449 0.391142429466077, 18.160111271003036 0.3951809092305323, 18.169401770586212 0.3992073231188469, 18.178697508677487 0.4032216281332658, 18.18799848508436 0.4072237813099214, 18.197304699335714 0.4112137397603808, 18.206616150869333 0.4151914606218536, 18.215932838836597 0.419156901114737, 18.225254762271383 0.4231100184938449, 18.234581919972502 0.427050770086907, 18.243914310549723 0.4309791132803274, 18.253251932454013 0.4348950055128129, 18.262594783872416 0.4387984043101715, 18.271942862890622 0.442689267233156, 18.28129616729526 0.4465675519471511, 18.290654694771877 0.4504332161534539, 18.300018442737503 0.4542862176526927, 18.30938740844937 0.4581265143047192, 18.318761588969586 0.4619540640454494, 18.32814098111952 0.4657688249046917, 18.337525581598364 0.4695707549620832, 18.34691538680698 0.4733598124196391, 18.356310393051302 0.4771359555192236, 18.36571059634331 0.4808991426292847, 18.37511599256156 0.4846493321759722, 18.384526577353576 0.488386482689669, 18.3939423461541 0.4921105527967597, 18.4033632942477 0.4958215011943386, 18.412789416632627 0.4995192867146133, 18.422220708208087 0.5032038682378772, 18.431657163564218 0.5068752047967058, 18.441098777178148 0.5105332554797916, 18.450545543263864 0.5141779795110443, 18.459997455851855 0.5178093362087092, 18.469454508791102 0.5214272849880953, 18.478916695664363 0.5250317854069534, 18.488384009942163 0.5286227970850196, 18.497856444782364 0.5322002798160442, 18.507333993242124 0.5357641934505398, 18.516816648089897 0.5393144980060285, 18.526304401938194 0.5428511535903704, 18.53579724718676 0.546374120439027, 18.54529517599425 0.5498833589320731, 18.554798180387156 0.5533788295317763, 18.564306252085892 0.5568604928914823, 18.57381938271394 0.5603283097262556, 18.58333756358819 0.5637822409501534, 18.59286078589303 0.5672222475634114, 18.60238904057221 0.5706482907256772, 18.61192231835586 0.5740603317381548, 18.621460609818865 0.5774583320093485, 18.631003905244555 0.5808422531496843, 18.640552194816244 0.5842120568402825, 18.650105468402746 0.5875677049869777, 18.659663715758704 0.5909091595776521, 18.669226926373916 0.5942363827958479, 18.678795089550423 0.5975493369639159, 18.688368194411648 0.6008479845403834, 18.69794622980896 0.6041322881913541, 18.707529184485217 0.6074022106678425, 18.71711704686863 0.6106577149687377, 18.72670980528543 0.6138987641740038, 18.73630744777962 0.6171253215930516, 18.74590996223157 0.6203373506684642, 18.755517336321585 0.6235348150105651, 18.765129557479632 0.6267176784396193, 18.774746613015463 0.629885904879457, 18.784368489931172 0.6330394585199822, 18.793995175133656 0.6361783036344644, 18.803626655236744 0.6393024047574632, 18.813262916711484 0.6424117265510793, 18.822903945810918 0.6455062338777009, 18.83254972855988 0.6485858918094493, 18.842200250850542 0.651650665543721, 18.8518554982792 0.6547005205579918, 18.861515456349796 0.6577354224185553, 18.871180110268455 0.6607553369824222, 18.88084944511562 0.6637602302295578, 18.890523445740683 0.6667500683714104, 18.900202096786135 0.6697248178267746, 18.909885382749533 0.6726844451663115, 18.919573287844976 0.6756289172584956, 18.929265796194855 0.678558201068256, 18.938962891626307 0.6814722638712536, 18.948664557855004 0.6843710730611385, 18.958370778356862 0.6872545962946516, 18.968081536419668 0.6901228014349801, 18.977796815178564 0.6929756565175228, 18.987516597502825 0.6958131298778998, 18.99724086616945 0.6986351899580716, 19.006969603663556 0.7014418055393773, 19.016702792368825 0.7042329455217228, 19.02644041442576 0.7070085790960972, 19.03618245180344 0.7097686756587571, 19.045928886312943 0.712513204800552, 19.055679699515043 0.7152421364208201, 19.065434872877983 0.7179554405354497, 19.075194387586592 0.720653087519984, 19.084958224732517 0.7233350478689996, 19.094726365165414 0.7260012923932494, 19.104498789577615 0.7286517921091792, 19.114275478501913 0.7312865182478341, 19.124056412235557 0.7339054423572241, 19.133841570984206 0.73650853611155, 19.14363093468091 0.7390957715627329, 19.15342448317214 0.7416671208836374, 19.163222196067665 0.7442225565855097, 19.173024052831437 0.7467620513881252, 19.182830032770614 0.7492855782410313, 19.192640114970946 0.751793110418338, 19.20245427842831 0.7542846213317036, 19.212272501875262 0.7567600847996967, 19.22209476396286 0.7592194747667601, 19.231921043116895 0.7616627655246155, 19.241751317628054 0.7640899315734612, 19.25158556563613 0.7665009476566276, 19.2614237650714 0.7688957888551817, 19.271265893779482 0.7712744303901817, 19.28111192935929 0.7736368478932487, 19.290961849333552 0.7759830171238848, 19.30081563101001 0.778312914210761, 19.31067325156745 0.7806265155041721, 19.320534688043306 0.7829237976049648, 19.330399917276555 0.7852047374659028, 19.340268916027753 0.7874693121824836, 19.35014166082533 0.7897174992754494, 19.360018128125823 0.7919492763983981, 19.369898294186164 0.794164621582851, 19.37978213514003 0.7963635130938553, 19.389669626992365 0.798545929448495, 19.399560745559896 0.8007118495323867, 19.409455466588557 0.8028612523736247, 19.419353765607884 0.8049941174387809, 19.429255618079168 0.8071104243338716, 19.43916099928205 0.8092101530463476, 19.449069884377298 0.8112932838134381, 19.458982248412024 0.8133597971189798, 19.468898066255342 0.815409673833274, 19.47881731271311 0.8174428949701176, 19.488739962388728 0.8194594420091718, 19.49866598981954 0.8214592965820467, 19.50859536938447 0.8234424406845408, 19.518528075349096 0.8254088565730735, 19.528464081881584 0.8273585267415235, 19.53840336298171 0.8292914340946693, 19.548345892595044 0.8312075616730158, 19.558291644487134 0.8331068929727331, 19.568240592360123 0.8349894116514763, 19.57819270977702 0.8368551017340755, 19.58814797018872 0.8387039475412706, 19.598106346966098 0.8405359336136616, 19.608067813323448 0.842351044922744, 19.618032342428393 0.8441492665718546, 19.62799990728954 0.8459305841213615, 19.637970480853074 0.8476949833117784, 19.647944035949443 0.8494424502317623, 19.657920545300644 0.8511729712960767, 19.66789998156551 0.8528865331179035, 19.677882317259545 0.8545831227619287, 19.68786752485771 0.856262727423623, 19.697855576698956 0.8579253347490612, 19.70784644506024 0.8595709325900571, 19.717840102126832 0.8611995091164276, 19.727836519981043 0.8628110528550261, 19.737835670656253 0.8644055525141653, 19.747837526055022 0.8659829972915014, 19.757842058043543 0.8675433765218591, 19.767849238379352 0.8690866799562559, 19.777859038760113 0.8706128975754388, 19.787871430814196 0.8721220196452845, 19.79788638607395 0.8736140368270491, 19.80790387603663 0.8750889399338468, 19.817923872090745 0.8765467202555368, 19.82794634559152 0.8779873692298864, 19.837971267808236 0.8794108786972259, 19.847998609950775 0.880817240776113, 19.858028343180365 0.8822064478293322, 19.868060438572765 0.8835784926490149, 19.87809486717821 0.8849333681622844, 19.888131599959937 0.8862710677677456, 19.898170607849604 0.8875915850366315, 19.908211861717458 0.8888949139014581, 19.91825533237869 0.8901810486185705, 19.92830099061706 0.8914499836451116, 19.938348807145356 0.892701713894491, 19.94839875265722 0.8939362344087403, 19.958450797782724 0.8951535406804062, 19.968504913122395 0.8963536284123, 19.978561069237667 0.8975364936151243, 19.988619236643157 0.8987021326686632, 19.998679385834325 0.8998505421202974, 20.0087414872513 0.9009817190104349, 20.01880551131909 0.902095660519156, 20.028871428424676 0.9031923642181301, 20.038939208931225 0.9042718279253763, 20.04900882318064 0.9053340497115944, 20.059080241479972 0.9063790280637, 20.06915343412649 0.907406761601537, 20.079228371385472 0.9084172494085575, 20.089305023511184 0.909410490731214, 20.09938336073841 0.9103864851720831, 20.109463353284806 0.9113452326470686, 20.11954497136005 0.9122867332660249, 20.12962818515594 0.9132109875837797, 20.139712964860177 0.9141179962780556, 20.14979928064928 0.9150077604601077, 20.159887102694544 0.9158802814491128, 20.169976401164067 0.9167355608537695, 20.18006714622181 0.9175736006501907, 20.19015930803195 0.9183944029607293, 20.200252856760194 0.9191979703628178, 20.21034776257322 0.9199843055693012, 20.220443995644594 0.9207534116733466, 20.230541526152773 0.9215052920332768, 20.240640324283344 0.9222399502272662, 20.250740360235408 0.9229573902447584, 20.26084160421289 0.9236576161978329, 20.27094402643933 0.924340632652407, 20.281047597146358 0.9250064443535042, 20.291152286586186 0.9256550563401906, 20.301258065032684 0.9262864739605018, 20.311364902771718 0.9269007027209903, 20.321472770122583 0.9274977485656253, 20.331581637414395 0.9280776175587668, 20.341691475012183 0.9286403161492639, 20.35180225330237 0.929185851014612, 20.36191394269654 0.929714229065193, 20.372026513647093 0.9302254575893709, 20.382139936620494 0.9307195439935789, 20.39225418213546 0.9311964961066682, 20.40236922072942 0.9316563219070977, 20.412485022983507 0.9320990296872738, 20.4226015595196 0.9325246280325814, 20.432718800984482 0.9329331256904231, 20.442836718088007 0.9333245318156158, 20.452955281557646 0.9336988556725488, 20.463074462185066 0.9340561069015229, 20.47319423079683 0.9343962953470364, 20.48331455826281 0.9347194310862281, 20.493435415518032 0.9350255245458767, 20.503556773520184 0.9353145862664626, 20.513678603308495 0.9355866271875166, 20.52380087594978 0.9358416583833068, 20.533923562577108 0.9360796912468737, 20.54404663438223 0.9363007374534856, 20.5541700625939 0.9365048088284759, 20.56429381853133 0.9366919175598682, 20.5744178735384 0.9368620759343543, 20.584542199048844 0.9370152965962106, 20.594666766543952 0.9371515923786768, 20.604791547564204 0.9372709763345589, 20.61491651373789 0.9373734618419447, 20.62504163672334 0.9374590623854309, 20.63516688828672 0.9375277918257968, 20.645292240230404 0.9375796641492876, 20.65541766444269 0.9376146936245413, 20.665543132888647 0.9376328947725495, 20.67566861757943 0.9376342822579792, 20.685794090641 0.937618871102161, 20.695919524230305 0.9375866764206803, 20.706044890615882 0.9375377136573717, 20.71617016212717 0.9374719984350285, 20.726295311164538 0.9373895465745757, 20.73642031023826 0.9372903742036992, 20.746545131894198 0.9371744975458381, 20.75666974880891 0.9370419331712451, 20.766794133704575 0.9368926977706733, 20.77691825940349 0.9367268082876874, 20.7870420988235 0.9365442819072599, 20.797165624934077 0.9363451359393025, 20.80728881084259 0.9361293880262774, 20.817411629693606 0.9358970559000317, 20.827534054760026 0.935648157598019, 20.837656059391037 0.9353827113390542, 20.847777617012937 0.9351007355039539, 20.8578987011838 0.934802248749721, 20.86801928550093 0.9344872698163688, 20.878139343710895 0.9341558177608029, 20.888258849617184 0.9338079117603426, 20.898377777131216 0.9334435712093273, 20.908496100280427 0.9330628157354609, 20.918613793145493 0.9326656650698577, 20.92873082996565 0.9322521392503219, 20.938847185024297 0.9318222583991508, 20.948962832742723 0.9313760428944664, 20.95907774763624 0.9309135132886441, 20.969191904298086 0.9304346902730417, 20.979305277475444 0.9299395948132865, 20.989417841957586 0.9294282479483132, 20.99952957269577 0.928900670994384, 21.009640444712417 0.9283568853894105, 21.019750433138753 0.9277969127504028, 21.029859513244148 0.9272207749218194, 21.039967660349838 0.9266284938308026, 21.05007484995236 0.9260200916821693, 21.060181057601604 0.9253955907647263, 21.07028625898793 0.924755013581463, 21.08039042991669 0.9240983828106616, 21.090493546266615 0.9234257212385483, 21.100595584090755 0.9227370519074168, 21.11069651948779 0.9220323979254723, 21.120796328724037 0.9213117826379121, 21.13089498815514 0.920575229516181, 21.14099247423993 0.9198227621765888, 21.151088763598725 0.9190544044622118, 21.161183832901234 0.9182701802805812, 21.171277659002335 0.9174701137734673, 21.181370218823243 0.9166542291666183, 21.19146148942035 0.9158225508582517, 21.2015514479887 0.9149751034235021, 21.211640071788654 0.9141119115175972, 21.221727338271577 0.9132330000289098, 21.23181322494082 0.9123383939087347, 21.24189770946484 0.91142811830326, 21.251980769623724 0.9105021984903827, 21.26206238328868 0.9095606598518411, 21.272142528513314 0.9086035279769585, 21.282221183399837 0.90763082850937, 21.29229832623878 0.9066425872995775, 21.302373935405605 0.9056388302913202, 21.31244798939807 0.9046195835579945, 21.322520466877137 0.9035848733460191, 21.332591346560587 0.90253472596039, 21.34266060736695 0.9014691679115503, 21.352728228278362 0.9003882257747573, 21.362794188431042 0.8992919262774156, 21.372858467098524 0.8981802962825126, 21.382921043630283 0.8970533627256462, 21.392981897574376 0.8959111527318423, 21.403041008531016 0.8947536934752451, 21.413098356285232 0.893581012299699, 21.42315392073262 0.8923931366505483, 21.4332076818652 0.8911900940592327, 21.443259619847588 0.8899719122112639, 21.45330971490306 0.8887386188427856, 21.463357947509618 0.8874902419065165, 21.47340429824437 0.886226809439429, 21.483448747684637 0.8849483494786847, 21.49349127640776 0.8836548900614447, 20.920774553858987 -1.1601662923891938, 20.911662136319997 -1.156592382910364, 20.90254331692364 -1.1530348389328298, 20.893418097392033 -1.149493744046576, 20.884286479476742 -1.145969181843523, 20.87514846542685 -1.142461235948244, 20.86600405798072 -1.1389699900143058, 20.856853260351087 -1.1354955277072416, 20.84769607612445 -1.1320379326967795, 20.83853250940943 -1.1285972886522309, 20.82936256474305 -1.1251736792315115, 20.820186247117963 -1.121767188076002, 20.811003562034976 -1.11837789879599, 20.801814515402437 -1.115005894971656, 20.79261911367332 -1.111651260132389, 20.783417363727093 -1.1083140777582405, 20.774209272946333 -1.1049944312656652, 20.764994849218205 -1.1016924039955651, 20.75577410086829 -1.0984080792171098, 20.74654703678891 -1.0951415400895064, 20.737313666300025 -1.091892869698091, 20.728073999252437 -1.0886621510400427, 20.718828046006692 -1.0854494669718422, 20.70957581740034 -1.082254900212735, 20.70031732484812 -1.0790785333217667, 20.691052580209572 -1.0759204487266107, 20.68178159591598 -1.0727807286769293, 20.672504384902734 -1.069659455252465, 20.663220960605454 -1.0665567103592666, 20.653931337046114 -1.063472575684682, 20.64463552870585 -1.0604071327371034, 20.635333550661144 -1.0573604627825286, 20.626025418496138 -1.0543326468671133, 20.616711148319897 -1.051323765804016, 20.607390756835517 -1.0483339001265872, 20.598064261219157 -1.0453631301377428, 20.588731679260206 -1.0424115358300805, 20.579393029261126 -1.0394791969224402, 20.570048330068442 -1.036566192837377, 20.560697601128854 -1.0336726026560288, 20.551340862374722 -1.0307985051716326, 20.541978134367405 -1.027943978786016, 20.53260943817657 -1.0251091016062597, 20.523234795416673 -1.0222939514185152, 20.513854228321645 -1.0194986055574664, 20.50446775962568 -1.0167231409928958, 20.49507541269772 -1.0139676342375514, 20.485677211431586 -1.0112321614123827, 20.47627318028481 -1.0085167982104664, 20.466863344327585 -1.0058216198401517, 20.45744772912876 -1.0031467011063036, 20.448026360895003 -1.0004921162828224, 20.438599266362456 -0.9978579391867631, 20.429166472831895 -0.9952442431401326, 20.419728008220027 -0.9926511009042229, 20.410283900943195 -0.9900785847756696, 20.40083418005404 -0.987526766443787, 20.39137887513739 -0.9849957170721647, 20.38191801633782 -0.9824855072631846, 20.37245163441569 -0.9799962069810761, 20.3629797606285 -0.9775278856619076, 20.35350242686432 -0.9750806120534844, 20.344019665530332 -0.9726544543576828, 20.334531509571235 -0.9702494801983277, 20.325037992562475 -0.967865756408528, 20.315539148576676 -0.965503349204434, 20.306035012301056 -0.963162324053449, 20.296525618951264 -0.9608427457520404, 20.287011004277446 -0.9585446784075928, 20.277491204633705 -0.9562681853252423, 20.2679662568531 -0.9540133291600786, 20.258436198367974 -0.9517801717361098, 20.248901067131 -0.949568774132407, 20.23936090160884 -0.9473791966821546, 20.22981574085804 -0.9452114988353351, 20.220265624399385 -0.943065739331044, 20.210710592329775 -0.9409419760076967, 20.201150685252532 -0.9388402658888995, 20.191585944260858 -0.9367606651972434, 20.182016411021127 -0.934703229177299, 20.172442127637492 -0.9326680123400025, 20.162863136743887 -0.9306550683172675, 20.153279481473003 -0.9286644498042645, 20.143691205431356 -0.9266962085900928, 20.13409835276912 -0.9247503954264373, 20.124500968058065 -0.9228270602420332, 20.1148990963849 -0.9209262519411752, 20.105292783299163 -0.9190480184748977, 20.095682074781998 -0.9171924068922013, 20.086067017324858 -0.9153594631408191, 20.076447657812782 -0.9135492322968145, 20.06682404360915 -0.9117617583554964, 20.057196222508374 -0.9099970843025396, 20.047564242702926 -0.9082552521766584, 20.03792815285682 -0.9065363028555848, 20.02828800199508 -0.9048402763043817, 20.018643839580786 -0.903167211357446, 20.00899571547121 -0.9015171457856213, 19.99934367988401 -0.8998901163813088, 19.989687783448815 -0.8982861588187281, 19.98002807712227 -0.8967053078124397, 19.97036461227137 -0.8951475968088122, 19.960697440612517 -0.893613058163677, 19.951026614185047 -0.8921017232108963, 19.941352185406224 -0.8906136220333702, 19.931674206978208 -0.8891487837407075, 19.921992731952823 -0.887707236216213, 19.912307813682087 -0.8862890062384876, 19.902619505802427 -0.8848941195189028, 19.892927862273485 -0.8835226004960809, 19.883232937297493 -0.882174472619506, 19.873534785377714 -0.8808497580700533, 19.863833461265266 -0.8795484779252393, 19.85412901995437 -0.8782706521556864, 19.844421516704298 -0.8770162994521058, 19.834711006973585 -0.8757854375057065, 19.82499754646927 -0.874578082706142, 19.81528119108661 -0.8733942504077455, 19.80556199691552 -0.8722339548617126, 19.795840020259714 -0.8710972089759845, 19.786115317583633 -0.869984024611878, 19.776387945542623 -0.868894412317744, 19.766657960932633 -0.867828381593371, 19.756925420704402 -0.8667859407377067, 19.74719038195044 -0.8657670968274999, 19.737452901876708 -0.8647718559126077, 19.727713037822323 -0.8638002227104625, 19.717970847216996 -0.862852200931222, 19.70822638759492 -0.8619277930401307, 19.698479716572283 -0.8610270003495764, 19.688730891835778 -0.8601498231098936, 19.67897997114299 -0.8592962602707888, 19.669227012296464 -0.8584663098101762, 19.659472073148013 -0.8576599684255505, 19.649715211577742 -0.8568772317478341, 19.639956485489904 -0.8561180942921508, 19.630195952794917 -0.855382549411179, 19.62043367140458 -0.8546705895089951, 19.610669699226246 -0.8539822056330497, 19.600904094150263 -0.8533173878529813, 19.5911369140379 -0.8526761250658004, 19.581368216708736 -0.8520584050637396, 19.571598059939944 -0.8514642146408353, 19.56182650144065 -0.850893539358718, 19.552053598862642 -0.850346363877392, 19.54227940976989 -0.8498226716373762, 19.532503991644667 -0.8493224451167946, 19.522727401873397 -0.8488456657257435, 19.512949697727578 -0.8483923137698338, 19.50317093637958 -0.8479623686509326, 19.493391174856423 -0.8475558085789526, 19.48361047007279 -0.8471726109138259, 19.473828878784815 -0.8468127518815278, 19.46404645760497 -0.8464762067758395, 19.454263262990782 -0.8461629499150355, 19.444479351215026 -0.8458729545583301, 19.434694778400782 -0.8456061931459621, 19.42490960045346 -0.8453626370325883, 19.415123873117498 -0.8451422567736826, 19.405337651914458 -0.8449450218242949, 19.39555099216853 -0.8447709007751159, 19.385763948992718 -0.8446198613186893, 19.375976577255685 -0.8444918701680315, 19.366188931630052 -0.8443868932703883, 19.356401066507523 -0.8443048955364493, 19.346613036078267 -0.8442458411640316, 19.3368248942443 -0.8442096933637186, 19.32703669467153 -0.8441964145816931, 19.317248490756477 -0.8442059664072824, 19.307460335608614 -0.8442383095689244, 19.297672282093547 -0.8442934040763962, 19.287884382744746 -0.8443712090090565, 19.278096689861094 -0.8444716828084486, 19.268309255391422 -0.8445947829965746, 19.25852213102772 -0.844740466449949, 19.24873536812712 -0.8449086892192246, 19.238949017741877 -0.8450994066409077, 19.229163130622048 -0.8453125733526646, 19.219377757158902 -0.8455481432025037, 19.209592947470483 -0.8458060694518329, 19.199808751278518 -0.8460863045597565, 19.190025218035867 -0.8463888004417288, 19.18024239679209 -0.8467135081986862, 19.170460336299456 -0.8470603783714428, 19.160679084932845 -0.8474293608063661, 19.15089869071926 -0.8478204047358556, 19.14111920134739 -0.8482334588016007, 19.13134066410404 -0.848668470976665, 19.121563125972326 -0.8491253887367479, 19.11178663349416 -0.8496041588626129, 19.102011232920216 -0.8501047276884013, 19.092236970050468 -0.850627040876046, 19.082463890374854 -0.8511710436422979, 19.072692038954116 -0.8517366805978542, 19.06292146049568 -0.8523238958765302, 19.053152199317456 -0.8529326330920747, 19.043384299331297 -0.8535628353412087, 19.033617804102256 -0.8542144452839806, 19.023852756741732 -0.8548874050342815, 19.014089200046246 -0.8555816563335573, 19.004327176329234 -0.856297140372918, 18.994566727598286 -0.8570337980048122, 18.984807895376115 -0.8577915695588729, 18.975050720861645 -0.8585703950294578, 18.965295244792742 -0.8593702139415527, 18.95554150754554 -0.8601909654675256, 18.94578954907383 -0.8610325883726401, 18.93603940892374 -0.8618950210550884, 18.92629112626303 -0.8627782015753144, 18.916544739805524 -0.8636820675992419, 18.906800287924618 -0.8646065565011832, 18.897057808504325 -0.8655516052575548, 18.887317339114297 -0.8665171505953786, 18.877578916816503 -0.8675031288564113, 18.86784257836553 -0.8685094761565736, 18.858108360010917 -0.8695361282513875, 18.848376297681828 -0.8705830206778901, 18.83864642682356 -0.8716500886499982, 18.828918782533528 -0.8727372671616339, 18.819193399458175 -0.873844490925516, 18.809470311860874 -0.8749716944297588, 18.79974955359224 -0.8761188119231113, 18.790031158082748 -0.8772857774261887, 18.78031515838844 -0.8784725247586348, 18.7706015871109 -0.8796789875120277, 18.76089047651151 -0.8809050991099083, 18.751181858369343 -0.8821507927529469, 18.74147576415014 -0.8834160015004325, 18.73177222481874 -0.8847006581993727, 18.72207127104374 -0.8860046955756439, 18.712372932985414 -0.8873280461586674, 18.702677240513694 -0.8886706423712462, 18.692984222994546 -0.8900324164597879, 18.68329390949895 -0.8914133005742557, 18.67360632860803 -0.8928132267105693, 18.663921508595585 -0.894232126776046, 18.654239477266263 -0.8956699325469524, 18.644560262100303 -0.897126575717996, 18.634883890133413 -0.8986019878749822, 18.625210388057415 -0.9000961005294664, 18.61553978214605 -0.9016088451047667, 18.605872098309163 -0.903140152958108, 18.596207362065126 -0.9046899553771897, 18.586545598549215 -0.9062581835928869, 18.57688683253086 -0.9078447687831853, 18.56723108837899 -0.9094496420795806, 18.557578390120458 -0.9110727345752468, 18.547928761366695 -0.9127139773286247, 18.53828222540856 -0.9143733013728038, 18.528638805109267 -0.9160506377184379, 18.518998523030355 -0.9177459173618383, 18.509361401296175 -0.9194590712887654, 18.49972746174562 -0.9211900304799958, 18.490096725774013 -0.9229387259200007, 18.48046921450515 -0.9247050885974553, 18.47084494861521 -0.926489049517838, 18.461223948520416 -0.928290539698568, 18.45160623418773 -0.9301094901872067, 18.441991825333794 -0.9319458320504543, 18.43238074122627 -0.933799496398188, 18.422773000890487 -0.9356704143660853, 18.413168622904735 -0.9375585171456872, 18.4035676256117 -0.9394637359605974, 18.393970026910125 -0.9413860021025744, 18.384375844468995 -0.943325246901357, 18.374785095517403 -0.9452814017666114, 18.36519779705979 -0.9472543981516107, 18.35561396566543 -0.949244167600958, 18.346033617683627 -0.9512506417082127, 18.336456769033667 -0.9532737521691225, 18.32688343541927 -0.9553134307334409, 18.317313632119582 -0.9573696092635818, 18.307747374202442 -0.9594422196807582, 18.298184676316712 -0.9615311940288862, 18.28862555290409 -0.9636364644152013, 18.279070017993096 -0.9657579630792247, 18.26951808540904 -0.9678956223280799, 18.259969768570123 -0.9700493746103636, 18.250425080695013 -0.9722191524463779, 18.240884034601645 -0.9744048885065132, 18.231346642911742 -0.9766065155368722, 18.221812917853185 -0.9788239664417725, 18.21228287146034 -0.9810571742052799, 18.20275651538131 -0.9833060719769727, 18.193233861072578 -0.9855705929903751, 18.183714919612864 -0.9878506706511168, 18.174199701890146 -0.9901462384533377, 18.16468821842423 -0.992457230068707, 18.15518047954376 -0.9947835792624977, 18.145676495220226 -0.9971252199818628, 18.136176275232053 -0.9994820862734612, 18.126679829012982 -1.0018541123686384, 18.11718716580018 -1.0042412326050891, 18.107698294500306 -1.0066433815064855, 18.098213223818103 -1.0090604937109193, 18.088731962143736 -1.0114925040419205, 18.079254517658384 -1.0139393474468437, 18.0697808982462 -1.0164009590560426, 18.060311111573593 -1.0188772741345644, 18.0508451650291 -1.0213682281260703, 18.041383065773154 -1.0238737566212919, 18.03192482070884 -1.0263937953832505, 18.022470436499585 -1.0289282803358153, 18.01301991957288 -1.0314771475670543, 18.003573276104206 -1.03404033334087, 17.994130512055 -1.0366177740758256, 17.984691633122146 -1.0392094063821424, 17.975256644810027 -1.0418151670141775, 17.965825552346605 -1.0444349929339665, 17.956398360787684 -1.0470688212369235, 17.946975074902433 -1.049716589241622, 17.93755569930587 -1.0523782343899535, 17.928140238318996 -1.0550536943607558, 17.91872869612306 -1.0577429069480937, 17.909321076602133 -1.0604458101936984, 17.89991738350987 -1.0631623422499794, 17.890517620305317 -1.0658924415229725, 17.881121790319874 -1.0686360465300984, 17.87172989659981 -1.0713930960421374, 17.86234194205949 -1.0741635289481626, 17.852957929344274 -1.076947284383782, 17.843577860957083 -1.0797443016158406, 17.83420173915346 -1.0825545201448765, 17.82482956603107 -1.0853778796209628, 17.81546134346586 -1.0882143199098513, 17.806097073157144 -1.0910637810493373, 17.796736756610503 -1.0939262032711468, 17.787380395134672 -1.0968015270041953, 17.77802798987287 -1.0996896928476498, 17.768679541752004 -1.1025906416235056, 17.759335051559688 -1.105504314300832, 17.74999451985093 -1.1084306520950176, 17.74065794706299 -1.1113695963488202, 17.73132533339018 -1.1143210886693626, 17.721996678923094 -1.1172850707784914, 17.71267198350785 -1.1202614846712353, 17.703351246890605 -1.1232502724556006, 17.694034468582537 -1.1262513765091098, 17.684721647987576 -1.1292647393330446, 17.675412784294153 -1.1322903036823648, 17.666107876567512 -1.1353280124574296, 17.6568069236838 -1.1383778087868395, 17.647509924374578 -1.141439635973904, 17.638216877212333 -1.1445134375187551, 17.628927780601703 -1.1475991571293167, 17.61964263281809 -1.1506967386772227, 17.6103614319478 -1.1538061262739436, 17.601084175973558 -1.1569272641650838, 17.591810862673928 -1.1600600968615797, 17.582541489741097 -1.16320456898844, 17.573276054658482 -1.1663606254485566, 17.564014554827743 -1.1695282112547272, 17.55475698745079 -1.1727072716919922, 17.545503349638945 -1.1758977521694423, 17.53625363832476 -1.1790995983455415, 17.5270078503314 -1.1823127560316877, 17.517765982331643 -1.1855371712538803, 17.508528030865 -1.1887727902284662, 17.49929399235134 -1.1920195593464376, 17.490063863053688 -1.1952774252278253, 17.48083763914295 -1.198546334629947, 17.47161531661548 -1.2018262345709187, 17.462396891394285 -1.2051170721800988, 17.45318235922139 -1.2084187948633243, 17.44397171577038 -1.21173135013199, 17.43476495654272 -1.215054685766293, 17.425562076961267 -1.2183887496697103, 17.41636307229874 -1.2217334899853938, 17.407167937728662 -1.2250888550150545, 17.39797666830346 -1.2284547932579621, 17.388789258951867 -1.231831253415247, 17.37960570451102 -1.2352181843405647, 17.370425999672676 -1.2386155351299895, 17.361250139060218 -1.2420232549955093, 17.352078117139428 -1.2454412934176127, 17.342909928318093 -1.2488695999766928, 17.333745566849448 -1.2523081245220171, 17.32458502692277 -1.2557568170147033, 17.315428302591222 -1.2592156276577193, 17.306275387825284 -1.2626845068012211, 17.297126276486747 -1.2661634049925896, 17.28798096233071 -1.2696522729728366, 17.278839439032243 -1.2731510616311505, 17.269701700138288 -1.2766597220941485, 17.260567739137915 -1.2801782055974913, 17.251437549380803 -1.2837064636405984, 17.24231112416699 -1.2872444478177034, 17.233188456662127 -1.290792109982495, 17.224069539973748 -1.2943494021012818, 17.214954367095153 -1.297916276366171, 17.20584293094145 -1.3014926851238708, 17.196735224340614 -1.30507858089609, 17.18763124001906 -1.3086739164085597, 17.178530970642083 -1.3122786445122325, 17.16943440875575 -1.3158927183028633, 17.16034154686117 -1.3195160909697816, 17.15125237733599 -1.3231487159610822, 17.142166892512652 -1.3267905468201258, 17.13308508461304 -1.3304415373267713, 17.124006945798477 -1.3341016413904823, 17.114932468143728 -1.3377708131096269, 17.105861643640882 -1.341449006762931, 17.096794464221492 -1.3451361767638004, 17.087730921714886 -1.3488322777532673, 17.07867100790864 -1.3525372644666316, 17.069614714479858 -1.356251091890101, 17.060562033067573 -1.3599737150969549, 17.05151295520917 -1.36370508939604, 17.04246747239162 -1.3674451702132264, 17.033425576021703 -1.371193913163864, 17.024387257435063 -1.374951274031436, 17.015352507911988 -1.3787172087328379, 17.00632131864243 -1.382491673402735, 16.997293680779368 -1.3862746242663082, 16.988269585377044 -1.3900660177915367, 16.979249023456312 -1.3938658105290171, 16.97023198594766 -1.3976739592561107, 16.96121846373613 -1.4014904208642927, 16.95220844763697 -1.4053151524236354, 16.943201928400175 -1.409148111171142, 16.934198896729047 -1.4129892544655223, 16.925199343244252 -1.4168385398810892, 16.91620325853548 -1.420695925074175, 16.9072106331041 -1.4245613679360924, 16.898221457421005 -1.4284348264397837, 16.889235721879487 -1.4323162587687581, 16.880253416828523 -1.436205623226897, 16.871274532560232 -1.4401028782754433, 16.862299059303453 -1.4440079825508814, 16.85332698725077 -1.4479208947917253, 16.844358306517602 -1.4518415739545207, 16.83539300719376 -1.4557699790687846, 16.826431079291567 -1.45970606938707, 16.817472512792992 -1.4636498042497161, 16.808517297616966 -1.4676011431820855, 16.79956542363601 -1.4715600458458555, 16.790616880680137 -1.4755264720299344, 16.78167165851596 -1.4795003817130363, 16.772729746883872 -1.4834817349536504, 16.76379113545281 -1.4874704920285662, 16.754855813868684 -1.4914666132852734, 16.745923771712963 -1.4954700592718444, 16.736994998533277 -1.4994807906417291, 16.728069483830584 -1.5034987681975713, 16.719147217055525 -1.5075239529028033, 16.71022818762994 -1.511556305813543, 16.70131238491269 -1.5155957881886373, 16.69239979824269 -1.519642361352042, 16.68349041689672 -1.5236959868330788, 16.67458423012626 -1.5277566262448754, 16.66568122713424 -1.5318242413640966, 16.656781397083567 -1.5358987941022477, 16.64788472910639 -1.5399802464764085, 16.638991212280967 -1.5440685606888749, 16.630100835666727 -1.5481636990074814, 16.62121358826538 -1.5522656239024106, 16.612329459058675 -1.5563742979139454, 16.60344843698045 -1.560489683753648, 16.59457051093242 -1.5646117442479945, 16.585695669784773 -1.5687404423382327, 16.576823902361546 -1.5728757411338714, 16.56795519746849 -1.577017603812166, 16.559089543858843 -1.5811659937455507, 16.550226930269297 -1.585320874368374, 16.541367345390828 -1.5894822092882648, 16.53251077788794 -1.5936499622133427, 16.523657216394227 -1.5978240969712307, 16.514806649503385 -1.6020045775438645, 16.50595906579151 -1.6061913679823612, 16.497114453787404 -1.6103844325245438, 16.48827280200551 -1.614583735465102, 16.479434098917775 -1.6187892412698504, 16.47059833297358 -1.6230009144953805, 16.461765492593113 -1.6272187198181554, 16.45293556616148 -1.631442622058637, 16.44410854204735 -1.6356725861058568, 16.435284408576727 -1.639908577027479, 16.42646315406298 -1.6441505599445423, 16.417644766780583 -1.6483985001441341, 16.408829234984132 -1.6526523629982814, 16.400016546901536 -1.6569121139953538, 16.391206690729174 -1.6611777187610035, 16.382399654648637 -1.6654491429864637, 16.3735954268029 -1.6697263525345127, 16.364793995323595 -1.674009313318712, 16.35599534830757 -1.6782979914118097, 16.347199473833623 -1.6825923529691194, 16.338406359956704 -1.6868923642550726, 16.32961599470266 -1.691197991667405, 16.320828366084456 -1.6955092016644, 16.312043462080048 -1.6998259608698412, 16.30326127065708 -1.7041482359564268, 16.294481779752136 -1.7084759937463239, 16.285704977284627 -1.7128092011443434, 16.276930851153658 -1.7171478251550327, 16.26815938923129 -1.7214918329156566, 16.259390579378756 -1.7258411916176148, 16.250624409425434 -1.7301958686118335, 16.24186086719111 -1.7345558312975355, 16.23309994046854 -1.7389210472121028, 16.224341617033694 -1.7432914839785119, 16.215585884645762 -1.7476671093074723, 16.20683273103832 -1.752047891043132, 16.198082143935977 -1.7564337970770483, 16.189334111034604 -1.7608247954535958, 16.180588620020792 -1.765220854266796, 16.17184565855814 -1.769621941735254, 16.16310521429353 -1.7740280261684538, 16.154367274860412 -1.7784390759500752, 16.14563182786788 -1.7828550595986126, 16.136898860917604 -1.7872759456742346, 16.12816836158573 -1.7917017028811772, 16.11944031743892 -1.7961322999773646, 16.11071471602496 -1.8005677058294194, 16.101991544874647 -1.8050078894019168, 16.0932707915085 -1.8094528197196416, 16.084552443423988 -1.813902465942876, 16.075836488112156 -1.8183567972701387, 16.067122913041917 -1.822815783032215, 16.058411705672075 -1.8272793926205948, 16.049702853446618 -1.8317475955178382, 16.040996343792326 -1.8362203613125094, 16.03229216412836 -1.8406976596404527, 16.023590301852465 -1.845179460271235, 16.014890744356244 -1.8496657330127229, 16.006193479012772 -1.854156447789742, 15.997498493183985 -1.858651574597467, 15.98880577422071 -1.8631510835032994, 15.980115309456377 -1.8676549446876658, 15.971427086218737 -1.8721631283684297, 15.962741091816252 -1.8766756048910207, 15.954057313550901 -1.8811923446438552, 15.945375738710021 -1.8857133181140986, 15.936696354568818 -1.8902384958708176, 15.928019148394604 -1.8947678485372614, 15.919344107437647 -1.8993013468540538, 15.910671218943508 -1.9038389615943734, 15.902000470141276 -1.9083806636471599, 15.893331848252545 -1.9129264239536758, 15.884665340488015 -1.91747621353336, 15.876000934045337 -1.9220300034988131, 15.867338616116765 -1.9265877650018624, 15.85867837387855 -1.9311494693111209, 15.85002019450233 -1.935715087728839, 15.841364065146456 -1.9402845916560734, 15.832709972960545 -1.944857952558754, 15.824057905086619 -1.9494351419603104, 15.815407848653269 -1.9540161314858882, 15.806759790785149 -1.9586008927907776, 15.798113718592806 -1.963189397639152, 15.789469619181448 -1.9677816178363885, 15.780827479646339 -1.9723775252660358, 15.772187287072803 -1.97697709188979, 15.76354902854121 -1.9815802897090087, 15.754912691118841 -1.9861870908298618, 15.746278261869463 -1.9907974673870101, 15.737645727845406 -1.9954113916090463, 15.729015076092491 -2.000028835778293, 15.72038629364963 -2.0046497722335017, 15.711759367544934 -2.009274173402148, 15.703134284803161 -2.0139020117397632, 15.694511032437303 -2.01853325980161, 15.685889597456288 -2.0231678901774566, 15.677269966860482 -2.0278058755308264, 15.668652127642366 -2.032447188592847, 15.660036066790123 -2.0370918021322435, 15.65142177128124 -2.0417396890115653, 15.642809228090353 -2.046390822118348, 15.634198424182456 -2.0510451744260014, 15.625589346517312 -2.0557027189545036, 15.61698198204893 -2.060363428776031, 15.60837631772258 -2.0650272770418527, 15.599772340480788 -2.069694236928554, 15.591170037256301 -2.074364281702504, 15.582569394978584 -2.0790373846604853, 15.573970400569998 -2.083713519165728, 15.565373040946447 -2.0883926586419346, 15.55677730302031 -2.093074776546236, 15.548183173695122 -2.0977598464199416, 15.539590639872078 -2.102447841826595, 15.530999688444476 -2.107138736406111, 15.522410306301225 -2.11183250384068, 15.513822480326615 -2.1165291178580032, 15.505236197397615 -2.121228552257268, 15.496651444388991 -2.125930780859622, 15.488068208167505 -2.1306357775659137, 15.479486475597074 -2.1353435163049976, 15.470906233535992 -2.1400539710631348, 15.462327468837021 -2.1447671158822024, 15.453750168350226 -2.149482924832081, 15.445174318918262 -2.1542013720580675, 15.436599907381847 -2.1589224317255074, 15.428026920575292 -2.163646078065624, 15.41945534532907 -2.1683722853493643, 15.410885168470083 -2.173101027885263, 15.402316376819032 -2.177832280047021, 15.393748957194866 -2.1825660162268785, 15.385182896410013 -2.187302210886489, 15.376618181274381 -2.1920408385142824, 15.368054798593473 -2.196781873646074, 15.359492735167974 -2.2015252908695584, 15.350931977796527 -2.2062710647946955, 15.342372513271616 -2.2110191700983717, 15.333814328384037 -2.2157695814760343, 15.325257409919589 -2.2205222736781014, 15.316701744660586 -2.2252772214931906, 15.308147319386707 -2.230034399739285, 15.29959412087231 -2.234793783293525, 15.291042135890347 -2.2395553470486718, 15.282491351208543 -2.2443190659562524, 15.27394175359228 -2.2490849149941208, 15.265393329803638 -2.2538528691773863, 15.25684606660043 -2.258622903569596, 15.248299950738954 -2.263394993251359, 15.239754968970434 -2.2681691133613247, 15.231211108044537 -2.2729452390559604, 15.222668354707118 -2.2777233455356307, 15.214126695700816 -2.2825034080375404, 15.205586117766396 -2.2872854018206126, 15.197046607640072 -2.2920693021965306, 15.188508152056883 -2.296855084490517, 15.17997073774777 -2.301642724075641, 15.171434351441409 -2.3064321963511, 15.162898979864128 -2.311223476743791, 15.154364609738439 -2.316016540725081, 15.145831227785749 -2.3208113637793293, 15.137298820723366 -2.32560792143936, 15.128767375267072 -2.330406189255666, 15.120236878129855 -2.3352061428119795, 15.111707316021738 -2.3400077577269793, 15.103178675651447 -2.3448110096346686, 15.094650943723876 -2.349615874214492, 15.086124106942885 -2.354422327158241, 15.077598152009205 -2.3592303441947626, 15.069073065621422 -2.364039901078488, 15.060548834476487 -2.368850973583222, 15.05202544526803 -2.3736635375222086, 15.04350288468884 -2.3784775687188975, 15.034981139428472 -2.383293043035162, 15.026460196175004 -2.3881099363504723, 15.01794004161453 -2.3929282245678984, 15.009420662430461 -2.3977478836224266, 15.000902045305317 -2.4025688894596224, 14.992384176918515 -2.407391218062125, 14.983867043948477 -2.4122148454243417, 14.97535063307135 -2.4170397475675736, 14.96683493096127 -2.4218659005371888, 14.958319924291285 -2.42669328039128, 14.949805599731667 -2.4315218632210343, 14.941291943951946 -2.4363516251261217, 14.932778943619264 -2.4411825422347118, 14.924266585399343 -2.4460145906919033, 14.91575485595655 -2.450847746658287, 14.907243741952891 -2.455681986321807, 14.898733230049736 -2.4605172858778204, 14.890223306906083 -2.4653536215497707, 14.881713959179983 -2.470190969572322, 14.873205173527948 -2.4750293061981075, 14.864696936604672 -2.479868607700882, 14.85618923506419 -2.4847088503623236, 14.847682055558295 -2.489550010489695, 14.839175384738152 -2.4943920643976143, 14.830669209253255 -2.499234988419972, 14.822163515751786 -2.504078758905732, 14.813658290881104 -2.5089233522131797, 14.80515352128669 -2.513768744722048, 14.796649193613552 -2.518614912817444, 14.788145294505 -2.5234618329035787, 14.779641810603461 -2.5283094813946088, 14.771138728550419 -2.5331578347153934, 14.762636034985876 -2.5380068693073525, 14.754133716549404 -2.542856561616653, 14.745631759879004 -2.5477068881068763, 14.737130151612108 -2.552557825247759, 14.728628878385127 -2.557409349520404, 14.720127926833406 -2.5622614374176185, 14.711627283591824 -2.5671140654371483, 14.703126935293941 -2.5719672100911235, 14.694626868572954 -2.5768208478954824, 14.686127070061051 -2.5816749553771055, 14.677627526389719 -2.586529509070345, 14.66912822418993 -2.5913844855148063, 14.66062915009168 -2.5962398612607123, 14.652130290724694 -2.601095612860888, 14.64363163271782 -2.6059517168775153, 14.635133162699491 -2.6108081498770144, 14.626634867297602 -2.6156648884308256, 14.61813673313936 -2.6205219091171315, 14.609638746851761 -2.625379188516148, 14.601140895061217 -2.630236703214997, 14.59264316439393 -2.635094429802916, 14.584145541475698 -2.6399523448731697, 14.575648012931946 -2.6448104250225866, 14.567150565387958 -2.6496686468494683, 14.558653185468641 -2.6545269869558354, 14.550155859798815 -2.6593854219445445, 14.541658575003098 -2.6642439284205044, 14.533161317705973 -2.6691024829898153, 14.524664074531875 -2.673961062259013, 14.516166832105185 -2.678819642835368, 14.507669577050263 -2.6836782013261162, 14.499172295991556 -2.6885367143378596, 14.490674975553521 -2.693395158476911, 14.482177602360787 -2.6982535103481595, 14.47368016303816 -2.7031117465548844, 14.465182644210564 -2.7079698436992814, 14.456685032503318 -2.7128277783799764, 14.448187314541869 -2.717685527194504, 14.439689476952115 -2.7225430667362516, 14.43119150636032 -2.727400373595572, 14.42269338939306 -2.7322574243599846, 14.414195112677623 -2.737114195610913, 14.405696662841507 -2.7419706639279946, 14.397198026513072 -2.746826805883455, 14.388699190321102 -2.751682598045965, 14.380200140895044 -2.7565380169786238, 14.371700864865263 -2.7613930392368, 14.3632013488625 -2.7662476413729333, 14.354701579518814 -2.7711017999287835, 14.34620154346669 -2.775955491442601, 14.337701227339718 -2.780808692443341, 14.32920061777247 -2.785661379451676, 14.320699701400198 -2.7905135289831584, 14.312198464859856 -2.7953651175402134, 14.303696894788887 -2.800216121621681, 14.295194977826473 -2.8050665177130325, 14.2866927006128 -2.809916282292121, 14.278190049789206 -2.814765391828106, 14.269687011998922 -2.8196138227757994, 14.261183573885809 -2.8244615515855003, 14.252679722096051 -2.82930855469013, 14.244175443276744 -2.83415480851614, 14.235670724076826 -2.8390002894766013, 14.227165551147174 -2.8438449739706475, 14.218659911139637 -2.848688838390453, 14.210153790708942 -2.8535318591080103, 14.2016471765106 -2.85837401248968, 14.193140055202841 -2.8632152748831654, 14.184632413445648 -2.8680556226240084, 14.176124237900675 -2.8728950320365003, 14.167615515232685 -2.8777334794239087, 14.159106232107359 -2.8825709410834146, 14.150596375193937 -2.887407393288631, 14.142085931163153 -2.8922428123034405, 14.133574886688379 -2.897077174374676, 14.125063228446027 -2.90191045572941, 14.116550943113898 -2.9067426325860977, 14.108038017374042 -2.911573681136317, 14.099524437909743 -2.9164035775638544, 14.091010191408117 -2.921232298028953, 14.082495264558984 -2.9260598186751223, 14.07397964405443 -2.9308861156322146, 14.0654633165911 -2.9357111650026293, 14.056946268866925 -2.9405349428810585, 14.048428487584852 -2.9453574253327353, 14.039909959450018 -2.950178588409978, 14.031390671171149 -2.9549984081444345, 14.02287060946135 -2.9598168605425075, 14.014349761035563 -2.9646339216001887, 14.005828112614616 -2.9694495672801824, 13.997305650921074 -2.9742637735353328, 13.988782362682741 -2.979076516290099, 13.980258234631242 -2.983887771448167, 13.971733253501231 -2.988697514896868, 13.963207406033579 -2.993505722490166, 13.954680678970924 -2.998312370072663, 13.946153059062647 -3.0031174334536472, 13.93762453306112 -3.0079208884268502, 13.929095087723523 -3.0127227107612775, 13.9205647098129 -3.017522876196012, 13.912033386094786 -3.0223213604576156, 13.903501103342574 -3.027118139233431, 13.894967848331984 -3.031913188199254, 13.88643360784566 -3.0367064829970634, 13.87789836867115 -3.0414979992449345, 13.869362117600163 -3.0462877125411794, 13.860824841432448 -3.0510755984456974, 13.85228652697013 -3.0558616325073324, 13.843747161024222 -3.060645790233571, 13.835206730409453 -3.0654280471146667, 13.826665221947085 -3.0702083786111696, 13.818122622465737 -3.0749867601503147, 13.809578918797458 -3.079763167144009, 13.801034097784392 -3.084537574959467, 13.792488146271578 -3.089309958951158, 13.783941051113288 -3.094080294433602, 13.775392799169696 -3.098848556695842, 13.766843377306747 -3.103614721002521, 13.758292772400356 -3.1083787625761166, 13.749740971329581 -3.1131406566260558, 13.741187960985048 -3.117900378314272, 13.732633728261662 -3.12265790278502, 13.724078260063253 -3.1274132051464503, 13.715521543302277 -3.1321662604718394, 13.706963564896183 -3.1369170438151937, 13.698404311775096 -3.1416655301817062, 13.689843770872635 -3.1464116945628735, 13.68128192913403 -3.151155511902108, 13.672718773510779 -3.1558969571171507, 13.66415429096409 -3.1606360050976305, 13.655588468469023 -3.1653726306931804, 13.647021293002922 -3.1701068087336486, 13.63845275154832 -3.174838513978285, 13.629882831091859 -3.1795677211682496, 13.621311518660974 -3.1842944050531337, 13.612738801314023 -3.1890185403881692, 13.604164666058702 -3.193740101796296, 13.595589099795019 -3.198459063623426, 13.58701208948615 -3.2031754003087074, 13.578433622585237 -3.2078890871093155, 13.569853686691173 -3.2126000995154333, 13.561272268151656 -3.2173084106529313, 13.55268935196229 -3.222013991092745, 13.54410492529776 -3.2267168153834405, 13.53551898209863 -3.231416870436857, 13.526931515171501 -3.2361141410520613, 13.518342494348456 -3.2408085696580087, 13.509751877721218 -3.2455000770270366, 13.501159677861878 -3.250188684151316, 13.492565988272492 -3.2548745608994207, 13.483970797317236 -3.259557683706614, 13.475373618542244 -3.2642371554416343, 13.466773860925267 -3.268911886335404, 13.45817124350909 -3.2735813534308478, 13.449565717608605 -3.2782454583769987, 13.440957252068026 -3.2829041352379313, 13.432345839353765 -3.2875573619946947, 13.423731473570074 -3.292205119627053, 13.415114142173021 -3.2968473764856956, 13.406493830284603 -3.3014840964780228, 13.397870524407699 -3.3061152459284253, 13.389244212388897 -3.3107407935134345, 13.3806148819686 -3.3153607076203593, 13.371982520469055 -3.319974955636965, 13.363347115169448 -3.3245835048079186, 13.354708653532425 -3.329186322505522, 13.346067123106867 -3.333783376158247, 13.337422511461217 -3.3383746330800776, 13.328774806187205 -3.34296006044521, 13.320123994900966 -3.3475396253909246, 13.31147006529443 -3.3521132949608807, 13.302813005080907 -3.356681036169132, 13.294152802032409 -3.3612428159253507, 13.285489443955637 -3.365798601077662, 13.276822918698393 -3.370348358409455, 13.26815321416858 -3.3748920546095103, 13.259480318296724 -3.37942965633089, 13.25080421908522 -3.3839611301129984, 13.242124904559542 -3.3884864424589645, 13.233442362807498 -3.3930055597761815, 13.224756581960204 -3.3975184484055316, 13.216067550188495 -3.402025074628085, 13.20737525573075 -3.4065254046232614, 13.19867968684827 -3.41101940453655, 13.189980831879634 -3.415507040399763, 13.181278679190639 -3.4199882782048427, 13.172573217210836 -3.4244630838520007, 13.16386443442027 -3.428931423168876, 13.155152319338447 -3.433393261927591, 13.146436860560051 -3.437848565794602, 13.137718046703739 -3.4422973004031814, 13.128995866470536 -3.4467394312734885, 13.120270308592985 -3.4511749238825615, 13.111541361869437 -3.455603743619133, 13.10280901515555 -3.460025855795047, 13.094073257347068 -3.464441225669607, 13.085334077422164 -3.468849818394106, 13.076591464384565 -3.4732515990868214, 13.06784540732571 -3.4776465327538584, 13.059095895372625 -3.4820345843558824, 13.050342917721101 -3.4864157187677156, 13.041586463630487 -3.490789900784816, 13.032826522401775 -3.4951570951518547, 13.024063083425316 -3.4995172665046224, 13.015296136118959 -3.5038703794458628, 13.00652566999409 -3.5082163984671397, 12.997751674601329 -3.5125552880135067, 12.988974139564153 -3.5168870124455642, 12.980193054575015 -3.5212115360439498, 12.971408409370683 -3.525528823039167, 12.962620193783865 -3.529838837553304, 12.95382839767694 -3.5341415436753785, 12.945033011012434 -3.538436905384145, 12.936234023794903 -3.5427248866121364, 12.92743142610737 -3.547005451207736, 12.918625208106151 -3.551278562940679, 12.90981535999585 -3.555544185530162, 12.901001872083123 -3.559802282588772, 12.892184734706703 -3.56405281769606, 12.883363938312906 -3.5682957543221616, 12.874539473391973 -3.572531055892653, 12.86571133051987 -3.5767586857482665, 12.856879500348791 -3.5809786071542735, 12.848043973584838 -3.5851907833239953, 12.839204741041474 -3.5893951773673796, 12.830361793567103 -3.593591752361294, 12.821515122125923 -3.5977804712742416, 12.81266471772688 -3.601961297032988, 12.803810571473832 -3.6061341924779686, 12.794952674548089 -3.6102991203791697, 12.786091018192463 -3.6144560434521904, 12.777225593761273 -3.618604924314127, 12.768356392647481 -3.6227457255486017, 12.759483406368485 -3.626878409632537, 12.7506066264863 -3.631002939004766, 12.741726044669075 -3.635119276015821, 12.732841652661612 -3.6392273829524875, 12.723953442280296 -3.643327222043748, 12.715061405455275 -3.647418755426799, 12.706165534160668 -3.6515019452042123, 12.697265820503322 -3.6555767533747905, 12.688362256634175 -3.6596431419031314, 12.679454834823364 -3.663701072663615, 12.67054354741461 -3.6677505074749503, 12.661628386836302 -3.671791408093804, 12.652709345630203 -3.6758237361938044, 12.643786416389997 -3.679847453411597, 12.63485959184888 -3.6838625212850196, 12.625928864784159 -3.6878689013210564, 12.616994228106623 -3.6918665549353746, 12.608055674795532 -3.6958554434968667, 12.599113197931104 -3.699835528307728, 12.590166790703138 -3.7038067705978, 12.581216446365165 -3.7077691315561956, 12.572262158313958 -3.7117225722808023, 12.563303919992446 -3.7156670538406855, 12.554341724991277 -3.7196025372142776, 12.545375566963159 -3.7235289833421015, 12.536405439681094 -3.727446353093651, 12.527431337020031 -3.731354607278254, 12.51845325293525 -3.735253706659589, 12.509471181524432 -3.7391436119205204, 12.50048511693748 -3.7430242837151413, 12.491495053484018 -3.7468956826105244, 12.482500985529736 -3.750757769143507, 12.473502907581931 -3.7546105037769917, 12.464500814238697 -3.758453846926539, 12.455494700200234 -3.762287758956641, 12.446484560302391 -3.7661122001640304, 12.437470389445798 -3.769927130814278, 12.428452182697248 -3.773732511093633, 12.419429935177103 -3.7775283011632568, 12.410403642168268 -3.7813144611103002, 12.401373299031178 -3.7850909509867323, 12.392338901254817 -3.788857730788804, 12.3833004444506 -3.7926147604597045, 12.374257924315504 -3.7963619999072904, 12.365211336710589 -3.800099408971873, 12.356160677555252 -3.803826947470581, 12.347105942947893 -3.8075445751507178, 12.338047129052523 -3.8112522517342895, 12.328984232190331 -3.814949936885372, 12.319917248786565 -3.818637590229752, 12.310846175380833 -3.8223151713534773, 12.301771008664755 -3.825982639789826, 12.292691745404193 -3.8296399550476568, 12.28360838255017 -3.833287076575479, 12.274520917114438 -3.8369239638025863, 12.26542934629209 -3.840550576102408, 12.256333667362165 -3.84416687282296, 12.247233877752581 -3.847772813270025, 12.238129975021927 -3.851368356712344, 12.229021956831486 -3.8549534623915767, 12.219909821019584 -3.8585280895028826, 12.210793565493661 -3.862092197224322, 12.201673188360584 -3.8656457446857293, 12.192548687796307 -3.869188691000645, 12.18342006216035 -3.8727209952420463, 12.17428730991621 -3.8762426164600305, 12.165150429668614 -3.8797535136763925, 12.156009420176904 -3.8832536458819744, 12.146864280295482 -3.8867429720503806, 12.137715009075785 -3.890221451119827, 12.128561605638446 -3.8936890420169767, 12.119404069313035 -3.897145703635274, 12.11024239950934 -3.9005913948557374, 12.101076595820224 -3.9040260745340447, 12.091906657961143 -3.907449701508987, 12.08273258578382 -3.9108622346032487, 12.073554379314606 -3.914263632618943, 12.064372038671406 -3.9176538543490356, 12.055185564184887 -3.9210328585657765, 12.045994956258065 -3.92440060403515, 12.036800215510434 -3.9277570495065013, 12.027601342652584 -3.931102153722452, 12.018398338579361 -3.9344358754152373, 12.009191204323459 -3.9377581733093843, 11.999979941052567 -3.9410690061245055, 11.990764550124652 -3.944368332573405, 11.981545032989274 -3.947656111367168, 11.972321391321339 -3.950932301213417, 11.963093626872357 -3.9541968608193208, 11.95386174161797 -3.957449748893202, 11.944625737633485 -3.9606909241441564, 11.935385617182659 -3.9639203452860983, 11.926141382677901 -3.9671379710368124, 11.916893036669437 -3.970343760120372, 11.9076405819089 -3.973537671270165, 11.898384021242551 -3.9767196632255573, 11.889123357752188 -3.9798896947416558, 11.87985859460034 -3.9830477245797122, 11.87058973518249 -3.9861937115213597, 11.861316782998868 -3.9893276143576637, 11.8520397417461 -3.992449391900936, 11.842758615275068 -3.9955590029802295, 11.83347340758166 -3.9986564064432257, 11.824184122869475 -4.001741561164394, 11.814890765442653 -4.004814426032929, 11.805593339848713 -4.007874959974493, 11.796291850719456 -4.01092312192823, 11.786986302929906 -4.013958870874834, 11.777676701460923 -4.016982165813398, 11.768363051501643 -4.019992965782968, 11.759045358395444 -4.022991229852243, 11.749723627642446 -4.025976917123273, 11.740397864951467 -4.028949986742584, 11.731068076141016 -4.031910397882102, 11.72173426727767 -4.034858109771898, 11.712396444515946 -4.037793081663683, 11.70305461426435 -4.040715272874158, 11.693708783034818 -4.043624642746903, 11.68435895756293 -4.046521150687556, 11.675005144732706 -4.049404756143054, 11.665647351601512 -4.052275418612158, 11.656285585430059 -4.055133097654487, 11.646919853602231 -4.057977752868968, 11.637550163749859 -4.060809343934163, 11.628176523598077 -4.063627830559931, 11.618798941135351 -4.066433172546542, 11.609417424449061 -4.069225329728819, 11.600031981867827 -4.072004262029806, 11.59064262185763 -4.0747699294229704, 11.581249353078944 -4.07752229195727, 11.57185218438335 -4.080261309755894, 11.562451124764468 -4.082986943000241, 11.553046183456756 -4.085699151970704, 11.543637369797786 -4.088397896991872, 11.534224693392858 -4.091083138504558, 11.524808163942541 -4.093754836991818, 11.51538779140587 -4.096412953054948, 11.505963585864485 -4.099057447351681, 11.496535557619081 -4.101688280645125, 11.487103717142404 -4.1043054137812485, 11.477668075073929 -4.106908807690117, 11.4682286422782 -4.1094984234154674, 11.458785429739637 -4.112074222064083, 11.449338448706083 -4.114636164882176, 11.439887710521853 -4.117184213168376, 11.430433226802277 -4.1197183283714205, 11.420975009270377 -4.122238472000313, 11.411513069893244 -4.124744605705342, 11.402047420785884 -4.127236691222613, 11.392578074259536 -4.129714690406767, 11.383105042825704 -4.132178565233494, 11.373628339140748 -4.1346282777694965, 11.36414797610848 -4.13706379023738, 11.354663966739723 -4.139485064929275, 11.345176324318135 -4.141892064316391, 11.335685062225647 -4.144284750935494, 11.326190194108632 -4.146663087503873, 11.316691733736022 -4.149027036822946, 11.307189695104094 -4.151376561855575, 11.297684092377535 -4.153711625684349, 11.288174939897909 -4.156032191522286, 11.278662252226022 -4.158338222744211, 11.26914604405205 -4.160629682823659, 11.259626330325132 -4.162906535432532, 11.250103126095048 -4.16516874432172, 11.240576446684443 -4.167416273459023, 11.231046307518787 -4.16964908689491, 11.221512724277465 -4.171867148889182, 11.211975712774185 -4.174070423812737, 11.202435289034574 -4.176258876217551, 11.192891469265623 -4.178432470810678, 11.183344269836262 -4.180591172442377, 11.173793707344087 -4.182734946165368, 11.164239798505696 -4.184863757140929, 11.15468256029915 -4.186977570770086, 11.145122009800003 -4.1890763525450785, 11.135558164350774 -4.191160068211596, 11.12599104140022 -4.193228683617052, 11.116420658639456 -4.195282164847022, 11.10684703389999 -4.197320478125337, 11.097270185212293 -4.199343589878093, 11.087690130792952 -4.201351466720689, 11.078106889009446 -4.203344075427001, 11.068520478458685 -4.205321383012214, 11.058930917849462 -4.20728335661249, 11.049338226147494 -4.209229963643503, 11.039742422413294 -4.21116117162592, 11.030143525964993 -4.213076948370239, 11.020541556226899 -4.214977261807321, 11.010936532854318 -4.216862080136761, 11.001328475642472 -4.21873137172127, 10.991717404574928 -4.220585105150013, 10.98210333981821 -4.22242324923227, 10.972486301681561 -4.2242457729546, 10.962866310696802 -4.226052645580495, 10.953243387502223 -4.22784383650952, 10.943617552982762 -4.229619315458435, 10.933988828114488 -4.231379052263268, 10.924357234119087 -4.233123017086679, 10.914722792320324 -4.234851180228128, 10.905085524261589 -4.236563512289101, 10.895445451619574 -4.23825998405481, 10.88580259625017 -4.2399405665652985, 10.876156980182042 -4.241605231106471, 10.866508625580087 -4.243253949164314, 10.856857554818163 -4.244886692532332, 10.847203790371914 -4.246503433157985, 10.8375473549482 -4.248104143340756, 10.827888271339994 -4.2496887955136735, 10.818226562571061 -4.251257362473376, 10.808562251759536 -4.252809817166442, 10.798895362230935 -4.254346132877673, 10.789225917432265 -4.2558662830905325, 10.779553940980835 -4.257370241576068, 10.769879456650655 -4.258857982370127, 10.760202488345982 -4.260329479736117, 10.750523060160724 -4.261784708269318, 10.74084119628592 -4.26322364274011, 10.73115692112348 -4.26464625830129, 10.721470259155254 -4.266052530253732, 10.711781235075609 -4.267442434297938, 10.702089873662954 -4.268815946294092, 10.692396199888737 -4.270173042478969, 10.682700238830323 -4.271513699296668, 10.673002015725325 -4.272837893515793, 10.663301555947521 -4.274145602180885, 10.653598884994336 -4.275436802596307, 10.643894028528761 -4.27671147241475, 10.634187012305775 -4.27796958948904, 10.624477862266184 -4.2792111320784505, 10.614766604423876 -4.280436078606132, 10.605053264982738 -4.281644407927569, 10.595337870219021 -4.28283609906511, 10.585620446584285 -4.284011131456485, 10.575901020618284 -4.285169484749371, 10.5661796190084 -4.286311138955985, 10.556456268554784 -4.287436074367362, 10.546730996172778 -4.2885442715710695, 10.53700382891574 -4.289635711510359, 10.527274793922658 -4.29071037535802, 10.5175439184893 -4.291768244708853, 10.507811229977063 -4.292809301340059, 10.498076755910333 -4.293833527487765, 10.488340523873855 -4.294840905561371, 10.478602561605651 -4.295831418422371, 10.468862896913631 -4.296805049140029, 10.459121557736834 -4.297761781189587, 10.449378572102633 -4.298701598320345, 10.43963396814194 -4.299624484617951, 10.429887774094295 -4.300530424521345, 10.420140018276344 -4.301419402732661, 10.410390729129587 -4.302291404381678, 10.400639935152837 -4.303146414802974, 10.390887664976788 -4.303984419807733, 10.38113394728078 -4.3048054053881115, 10.371378810870553 -4.305609358019527, 10.36162228460416 -4.3063962643801466, 10.351864397449443 -4.30716611159341, 10.342105178438715 -4.307918887045419, 10.332344656691905 -4.308654578500143, 10.322582861408183 -4.309373174063949, 10.312819821852026 -4.31007466214322, 10.303055567379623 -4.310759031566941, 10.293290127394474 -4.311426271395407, 10.28352353139798 -4.312076371172331, 10.273755808928648 -4.312709320633271, 10.263986989620067 -4.313325110019454, 10.254217103142059 -4.313923729769722, 10.244446179247795 -4.31450517080273, 10.234674247732977 -4.315069424284478, 10.22490133845996 -4.315616481799258, 10.215127481342625 -4.316146335255793, 10.205352706344051 -4.316658976900347, 10.19557704348649 -4.317154399386323, 10.185800522826803 -4.317632595628201, 10.176023174484659 -4.31809355901924, 10.166245028604786 -4.318537283159638, 10.156466115392439 -4.318963762165998, 10.146686465074563 -4.319372990349806, 10.136906107930345 -4.31976496252856, 10.12712507426222 -4.320139673750307, 10.117343394413092 -4.320497119515683, 10.107561098752505 -4.320837295625917, 10.09777821767837 -4.321160198256729, 10.087994781617612 -4.321465823968799, 10.078210821015434 -4.321754169614791, 10.068426366345626 -4.322025232510562, 10.05864144809343 -4.3222790101976, 10.048856096768766 -4.322515500732128, 10.039070342889516 -4.322734702366264, 10.029284216991396 -4.322936613873285, 10.019497749616743 -4.323121234241383, 10.009710971317727 -4.323288562938564, 9.999923912651862 -4.323438599708106, 9.990136604179442 -4.323571344700218, 9.980349076463089 -4.323686798422561, 9.970561360063337 -4.323784961703387, 9.960773485537649 -4.323865835809125, 9.950985483438853 -4.323929422252073, 9.941197384309397 -4.323975723046445, 9.93140921868583 -4.32400474040697, 9.921621017086649 -4.324016477072469, 9.911832810022442 -4.324010935983951, 9.902044627979874 -4.323988120578788, 9.89225650143313 -4.323948034544434, 9.882468460829722 -4.323890681998581, 9.872680536596793 -4.323816067385149, 9.862892759135333 -4.323724195494121, 9.85310515881523 -4.323615071525184, 9.843317765982942 -4.323488700942787, 9.83353061094188 -4.323345089690905, 9.82374372397476 -4.323184243920793, 9.813957135310861 -4.323006170299, 9.804170875158295 -4.322810875685038, 9.79438497366611 -4.322598367439881, 9.784599460956066 -4.32236865315174, 9.7748143670913 -4.322121740853961, 9.765029722095745 -4.321857638876101, 9.755245555940306 -4.321576355911728, 9.745461898540691 -4.321277901032522, 9.735678779768092 -4.320962283589004, 9.725896229421362 -4.32062951338194, 9.716114277262706 -4.320279600425751, 9.706332952967566 -4.319912555232001, 9.696552286177488 -4.319528388498489, 9.686772306440265 -4.319127111418748, 9.676993043263794 -4.318708735393734, 9.667214526064685 -4.318273272272622, 9.657436784204766 -4.3178207341721695, 9.647659846964727 -4.317351133580902, 9.63788374354968 -4.316864483333051, 9.62810850309782 -4.316360796550544, 9.618334154649204 -4.315840086776041, 9.608560727190557 -4.315302367769153, 9.598788249591468 -4.314747653761338, 9.589016750675238 -4.3141759591641105, 9.579246259138602 -4.31358729886946, 9.569476803627298 -4.312981687959943, 9.559708412664067 -4.312359141959256, 9.549941114703708 -4.311719676633642, 9.540174938092175 -4.3110633081194205, 9.530409911082312 -4.310390052869079, 9.520646061837905 -4.3096999276235, 9.510883418401788 -4.308992949514523, 9.501122008747208 -4.308269135888406, 9.491361860703034 -4.307528504533001, 9.4816030020401 -4.306771073408735, 9.471845460372636 -4.3059968609340995, 9.462089263253842 -4.305205885703507, 9.452334438084714 -4.304398166735833, 9.442581012186587 -4.303573723271105, 9.432829012746547 -4.3027325749073135, 9.423078466842863 -4.301874741532297, 9.413329401444772 -4.301000243312324, 9.403581843380094 -4.300109100774398, 9.393835819392478 -4.299201334652279, 9.384091356056341 -4.298276966093304, 9.37434847987761 -4.297336016407692, 9.364607217178893 -4.296378507335297, 9.354867594212557 -4.295404460778418, 9.34512963705331 -4.29441389903902, 9.335393371685026 -4.293406844622564, 9.325658823935916 -4.292383320371084, 9.315926019510194 -4.291343349394407, 9.306194983986918 -4.290286955062727, 9.296465742784186 -4.28921416108066, 9.286738321224611 -4.288124991344891, 9.277012744438766 -4.287019470136685, 9.267289037480333 -4.285897621887553, 9.25756722519632 -4.284759471427435, 9.247847332354901 -4.2836050437362765, 9.238129383526156 -4.282434364160597, 9.228413403177798 -4.281247458235737, 9.218699415606032 -4.280044351804066, 9.208987444967196 -4.278825070958136, 9.199277515281805 -4.277589642025012, 9.18956965038978 -4.276338091643249, 9.17986387402878 -4.275070446622406, 9.170160209723223 -4.273786734127021, 9.16045868091475 -4.272486981456428, 9.150759310819016 -4.271171216273045, 9.141062122564303 -4.269839466378241, 9.131367139066162 -4.26849175990338, 9.121674383124505 -4.2671281251587, 9.1119838773591 -4.265748590724359, 9.102295644232056 -4.264353185416615, 9.092609706065865 -4.262941938254052, 9.082926084981807 -4.261514878546446, 9.073244802997255 -4.260072035749687, 9.06356588189658 -4.258613439645513, 9.053889343377483 -4.257139120134593, 9.044215208897288 -4.255649107442458, 9.03454349981618 -4.254143431924894, 9.02487423727478 -4.252622124224386, 9.015207442281808 -4.251085215155333, 9.0055431356657 -4.24953273575999, 8.99588133807634 -4.247964717306175, 8.986222070027706 -4.246381191228037, 8.976565351810857 -4.244782189232144, 8.966911203615949 -4.243167743144712, 8.95725964538324 -4.241537885085908, 8.947610696962693 -4.239892647280662, 8.937964377956636 -4.238232062236422, 8.928320707857036 -4.2365561625858605, 8.918679705939034 -4.234864981200522, 8.909041391324953 -4.233158551120112, 8.89940578296633 -4.231436905566304, 8.889772899611863 -4.229700077976727, 8.880142759885334 -4.227948101917971, 8.870515382166165 -4.226181011208029, 8.860890784738082 -4.224398839761102, 8.851268985623442 -4.222601621751176, 8.841650002747421 -4.220789391447777, 8.8320338537906 -4.218962183355219, 8.822420556303921 -4.217120032101903, 8.812810127635512 -4.215262972504202, 8.803202584954086 -4.213391039544695, 8.79359794527641 -4.2115042683420905, 8.78399622538979 -4.209602694220338, 8.774397441972013 -4.207686352598555, 8.76480161143887 -4.2057552791219885, 8.755208750112862 -4.203809509514992, 8.7456188740549 -4.201849079719686, 8.736031999213857 -4.199874025770881, 8.726448141310403 -4.197884383886495, 8.716867315908026 -4.195880190410432, 8.707289538393198 -4.193861481823526, 8.697714823941483 -4.1918282947696675, 8.688143187601977 -4.189780665987235, 8.678574644169549 -4.187718632403775, 8.669009208343118 -4.185642231016651, 8.65944689455276 -4.183551499016249, 8.649887717127882 -4.181446473664392, 8.640331690152438 -4.179327192391561, 8.63077882757178 -4.177193692723238, 8.62122914313425 -4.175046012315339, 8.611682650395498 -4.172884188951302, 8.602139362768938 -4.1707082605051395, 8.592599293425309 -4.168518265005041, 8.583062455433673 -4.166314240541813, 8.573528861594733 -4.164096225369795, 8.563998524614778 -4.1618642577999445, 8.554471456944862 -4.159618376292231, 8.544947670911421 -4.1573586193790355, 8.535427178630336 -4.155085025710406, 8.525909992040305 -4.152797634035291, 8.516396122926022 -4.1504964831850035, 8.506885582841367 -4.148181612114082, 8.497378383233112 -4.145853059832124, 8.487874535284146 -4.1435108654831865, 8.478374050086227 -4.1411550682567695, 8.46887693847252 -4.138785707467927, 8.459383211161429 -4.136402822487081, 8.449892878653804 -4.134006452785127, 8.440405951285078 -4.131596637909294, 8.430922439230262 -4.1291734174772445, 8.421442352443592 -4.126736831203457, 8.411965700769366 -4.124286918848466, 8.402492493793915 -4.121823720279984, 8.39302274101476 -4.119347275401604, 8.383556451672215 -4.116857624217928, 8.374093634898088 -4.114354806775794, 8.364634299605974 -4.111838863202827, 8.355178454551545 -4.10930983368503, 8.34572610832963 -4.106767758464445, 8.336277269321224 -4.104212677857509, 8.326831945798407 -4.101644632216495, 8.317390145781047 -4.0990636619758805, 8.307951877202738 -4.096469807597293, 8.298517147744816 -4.093863109619081, 8.289085964983364 -4.091243608611257, 8.279658336281368 -4.088611345204035, 8.270234268847112 -4.085966360071273, 8.260813769733556 -4.083308693927456, 8.251396845783306 -4.080638387541998, 8.241983503735142 -4.0779554817095525, 8.232573750080661 -4.07526001728405, 8.223167591228187 -4.0725520351385605, 8.213765033341877 -4.069831576199642, 8.20436608248087 -4.067098681416566, 8.194970744501921 -4.064353391778645, 8.185579025105966 -4.061595748305966, 8.17619092984981 -4.058825792044212, 8.166806464080068 -4.0560435640762815, 8.157425633048057 -4.053249105500351, 8.148048441762734 -4.050442457452557, 8.138674895152395 -4.047623661080979, 8.129304997912941 -4.0447927575653155, 8.119938754631999 -4.041949788099788, 8.110576169711006 -4.039094793900168, 8.101217247390235 -4.036227816200839, 8.091861991781927 -4.0333488962485085, 8.082510406785817 -4.03045807531016, 8.073162496216794 -4.0275553946595775, 8.063818263653525 -4.0246408955883215, 8.054477712594572 -4.0217146193934665, 8.045140846322559 -4.01877660738398, 8.035807668004262 -4.01582690087509, 8.02647818064188 -4.012865541187798, 8.017152387067416 -4.009892569649073, 8.00783029000442 -4.0069080275876745, 7.998511891961009 -4.0039119563356085, 7.989197195370104 -4.000904397225074, 7.979886202438545 -3.9978853915871833, 7.97057891528918 -3.994854980752306, 7.961275335851265 -3.9918132060460354, 7.951975465925853 -3.9887601087907267, 7.942679307175735 -3.985695730302622, 7.9333868610821705 -3.982620111889881, 7.924098129038449 -3.9795332948552486, 7.914813112221925 -3.9764353204875853, 7.905531811740095 -3.9733262300706302, 7.896254228491436 -3.9702060648705446, 7.8869803632800295 -3.96707486614537, 7.877710216745086 -3.9639326751360326, 7.868443789381004 -3.9607795330683926, 7.859181081573 -3.957615481154912, 7.849922093514 -3.9544405605842767, 7.840666825326122 -3.951254812535434, 7.83141527692189 -3.9480582781572786, 7.822167448141325 -3.944850998587964, 7.812923338641271 -3.9416330149357592, 7.803682947966703 -3.9384043682906125, 7.794446275531653 -3.935165099718554, 7.785213320586944 -3.9319152502557584, 7.775984082301962 -3.9286548609221046, 7.766758559648618 -3.92538397269744, 7.75753675153609 -3.9221026265483325, 7.748318656682163 -3.9188108633987593, 7.739104273718563 -3.915508724153401, 7.72989360112837 -3.9121962496809113, 7.720686637260247 -3.9088734808173595, 7.711483380367241 -3.905540458373832, 7.702283828524122 -3.902197223114664, 7.693087979743882 -3.898843815787173, 7.683895831849171 -3.8954802770849644, 7.674707382594355 -3.8921066476821147, 7.665522629573497 -3.888722968204262, 7.656341570271531 -3.885329279244024, 7.647164202064311 -3.8819256213589175, 7.637990522170962 -3.8785120350559534, 7.628820527744549 -3.8750885608197865, 7.619654215756072 -3.871655239072743, 7.610491583118713 -3.868212110216972, 7.601332626579981 -3.8647592145945673, 7.592177342798724 -3.861296592515396, 7.583025728314189 -3.8578242842435677, 7.573877779529727 -3.854342329991175, 7.564733492776408 -3.850850769941323, 7.555592864215662 -3.847349644208739, 7.546455889956299 -3.8438389928864263, 7.5373225659414524 -3.8403188559972175, 7.528192888041149 -3.83678927353286, 7.519066851999085 -3.8332502854290094, 7.509944453441473 -3.829701931569148, 7.500825687916508 -3.8261442518006, 7.491710550816476 -3.8225772858982454, 7.482599037483264 -3.819001073612912, 7.473491143096957 -3.815415654616902, 7.464386862775856 -3.8118210685523524, 7.455286191508921 -3.808217354995931, 7.446189124183003 -3.804604553472599, 7.437095655602889 -3.8009827034641233, 7.428005780430795 -3.797351844377112, 7.41891949327941 -3.7937120155913413, 7.4098367886059915 -3.790063256401379, 7.400757660814031 -3.786405606072107, 7.391682104177906 -3.7827391037948925, 7.382610112882117 -3.7790637887099026, 7.373541681027318 -3.7753796999078206, 7.364476802583525 -3.771686876402158, 7.355415471471927 -3.7679853571767956, 7.346357681465919 -3.7642751811251416, 7.3373034262908 -3.7605563871109218, 7.328252699545548 -3.756829013917813, 7.319205494748655 -3.7530931002784493, 7.310161805335259 -3.749348684870868, 7.301121624619969 -3.7455958062941006, 7.292084945869821 -3.741834503115173, 7.283051762212001 -3.738064813806391, 7.274022066729753 -3.734286776810041, 7.264995852384725 -3.7305004304833753, 7.255973112065003 -3.7267058131321633, 7.246953838577902 -3.7229029630039276, 7.237938024618403 -3.719091918265137, 7.228925662836004 -3.715272717048618, 7.219916745748135 -3.7114453973889656, 7.210911265831408 -3.7076099972901586, 7.201909215446997 -3.7037665546677103, 7.192910586887352 -3.699915107384435, 7.1839153723685545 -3.696055693242911, 7.17492356400073 -3.692188349962122, 7.16593515385149 -3.6883131152267206, 7.156950133863764 -3.6844300266201406, 7.147968495942036 -3.680539121694369, 7.138990231882643 -3.676640437911107, 7.13001533341622 -3.672734012677178, 7.121043792202948 -3.6688198833389762, 7.112075599801866 -3.664898087156116, 7.103110747733152 -3.6609686613541492, 7.094149227399372 -3.6570316430549714, 7.085191030166289 -3.6530870693478317, 7.0762361472997535 -3.6491349772315718, 7.067284570001396 -3.6451754036468964, 7.058336289409482 -3.6412083854756943, 7.049391296564716 -3.637233959509259, 7.040449582472931 -3.6332521625058707, 7.03151113802936 -3.6292630311184575, 7.022575954093231 -3.6252666019654947, 7.013644021432956 -3.6212629115767543, 7.00471533075288 -3.617251996419431, 6.995789872701901 -3.6132338929052534, 6.986867637834108 -3.6092086373510575, 6.977948616672615 -3.6051762660421485, 6.969032799637231 -3.6011368151579153, 6.960120177111548 -3.59709032084048, 6.951210739398234 -3.593036819146989, 6.942304476734948 -3.588976346066331, 6.933401379312254 -3.584908937536807, 6.924501437228313 -3.5808346293974025, 6.9156046405536 -3.576753457456928, 6.906710979263281 -3.5726654574193697, 6.897820443294883 -3.5685706649472237, 6.888933022515601 -3.5644691156238526, 6.880048706725914 -3.5603608449575503, 6.871167485687479 -3.5562458884120134, 6.862289349072169 -3.552124281347632, 6.853414286526389 -3.547996059095189, 6.844542287610192 -3.5438612568839085, 6.835673341843341 -3.5397199098955676, 6.826807438686333 -3.535572053240719, 6.817944567530887 -3.531417721947244, 6.809084717737513 -3.5272569510047997, 6.800227878580404 -3.5230897752970347, 6.791374039308964 -3.5189162296769716, 6.782523189096302 -3.5147363489020593, 6.773675317071441 -3.510550167674507, 6.764830412315336 -3.5063577206349126, 6.755988463838366 -3.502159042333385, 6.747149460625897 -3.497954167287488, 6.738313391582003 -3.493743129908568, 6.729480245584766 -3.4895259645738728, 6.720650011447126 -3.485302705573774, 6.711822677933462 -3.481073387133864, 6.702998233770754 -3.4768380434288884, 6.694176667614489 -3.4725967085363245, 6.685357968099165 -3.468349416504764, 6.676542123785212 -3.4640962012800105, 6.6677291232037685 -3.4598370967671888, 6.65891895483272 -3.4555721367960652, 6.650111607096745 -3.451301355121151, 6.641307068392538 -3.447024785456666, 6.632505327046154 -3.442742461414978, 6.623706371364137 -3.438454416580112, 6.614910189588223 -3.434160684440876, 6.6061167699259755 -3.429861298435833, 6.5973261005436195 -3.425556291941685, 6.588538169550268 -3.421245698249645, 6.579752965034217 -3.416929550619311, 6.570970475016566 -3.412607882207834, 6.562190687497561 -3.408280726140468, 6.553413590423572 -3.40394811545885, 6.544639171701025 -3.3996100831426084, 6.535867419206101 -3.3952666621236056, 6.52709832075568 -3.390917885240019, 6.518331864149809 -3.386563785303146, 6.509568037127979 -3.382204395026929, 6.50080682740476 -3.377839747085202, 6.492048222652676 -3.3734698740830082, 6.483292210498757 -3.369094808550991, 6.474538778548851 -3.3647145829846115, 6.4657879143500425 -3.360329229781559, 6.457039605433094 -3.3559387813122386, 6.448293839277563 -3.3515432698604304, 6.439550603332259 -3.3471427276579018, 6.430809885015476 -3.3427371868839466, 6.422071671695972 -3.338326679632692, 6.413335950727093 -3.3339112379714506, 6.404602709407608 -3.3294908938721766, 6.395871935017082 -3.3250656792732034, 6.387143614794877 -3.3206356260415024, 6.378417735943424 -3.316200765978479, 6.369694285644469 -3.3117611308482973, 6.360973251028932 -3.3073167523234708, 6.352254619214102 -3.3028676620517943, 6.343538377270492 -3.2984138915954446, 6.334824512243937 -3.2939554724714157, 6.3261130111513575 -3.289492436142969, 6.317403860967767 -3.2850248139955096, 6.308697048654113 -3.2805526373880176, 6.299992561123042 -3.27607593758846, 6.291290385271505 -3.271594745835189, 6.282590507959695 -3.267109093296484, 6.273892916016786 -3.2626190110814823, 6.265197596252905 -3.258124530262287, 6.256504535434136 -3.253625681825255, 6.247813720314853 -3.2491224967338654, 6.2391251376078 -3.2446150058698446, 6.2304387740049 -3.240103240074047, 6.22175461617208 -3.2355872301355277, 6.213072650739037 -3.2310670067711906, 6.20439286432304 -3.226542600672936, 6.19571524349896 -3.222014042447167, 6.187039774828211 -3.2174813626730896, 6.178366444839862 -3.212944591863864, 6.169695240036017 -3.208403760477573, 6.161026146902108 -3.2038588989378862, 6.15235915188489 -3.1993100375885164, 6.143694241420935 -3.194757206752033, 6.135031401910499 -3.190200436675077, 6.126370619735427 -3.1856397575657818, 6.117711881255209 -3.181075199585029, 6.109055172797264 -3.176506792825892, 6.100400480678427 -3.171934567358884, 6.091747791178493 -3.167358553175362, 6.083097090565161 -3.1627787802408087, 6.074448365078518 -3.158195278461094, 6.065801600934306 -3.153608077689533, 6.05715678433445 -3.1490172077493277, 6.048513901446636 -3.1444226983890555, 6.039872938429607 -3.1398245793377173, 6.031233881410994 -3.135222880255873, 6.022596716501375 -3.1306176307665545, 6.013961429792932 -3.1260088604519756, 6.005328007348884 -3.1213965988300796, 5.996696435223676 -3.1167808753992126, 5.988066699439607 -3.1121617195858136, 5.979438786007598 -3.107539160790842, 5.97081268091574 -3.1029132283637946, 5.962188370129487 -3.0982839516031566, 5.95356583960334 -3.093651359782556, 5.9449450752613995 -3.089015482106596, 5.936326063019657 -3.0843763477614345, 5.927708788768001 -3.0797339858737214, 5.919093238379898 -3.075088425532665, 5.910479397714297 -3.070439695794268, 5.901867252603601 -3.065787825653829, 5.8932567888729555 -3.061132844089889, 5.884647992320093 -3.056474780017269, 5.876040848731565 -3.0518136623248138, 5.8674353438756865 -3.047149519859184, 5.858831463499309 -3.0424823814173965, 5.850229193340881 -3.037812275776948, 5.841628519111987 -3.0331392316528403, 5.833029426516456 -3.028463277742044, 5.8244319012368395 -3.0237844426919636, 5.8158359289395065 -3.019102755112278, 5.807241495279887 -3.0144182435871634, 5.798648585889156 -3.0097309366441776, 5.790057186392241 -3.005040862796293, 5.781467282390983 -3.0003480505025744, 5.7728788594757265 -2.9956525281952615, 5.7642919032228646 -2.9909543242740093, 5.755706399188329 -2.9862534670907355, 5.74712233292163 -2.9815499849823794, 5.738539689948896 -2.9768439062314, 5.7299584557883545 -2.9721352591018397, 5.721378615941463 -2.967424071818769, 5.712800155893509 -2.962710372569682, 5.704223061121841 -2.9579941895236814, 5.695647317081773 -2.953275550798869, 5.687072909222816 -2.948554484499921, 5.678499822975661 -2.9438310186881695, 5.669928043758982 -2.9391051813972817, 5.66135755698122 -2.934377000637491, 5.652788348031416 -2.929646504374641, 5.644220402293442 -2.9249137205628095, 5.635653705131356 -2.9201786771111276, 5.627088241900729 -2.9154414019094816, 5.618523997944469 -2.910701922819208, 5.609960958589405 -2.9059602676654386, 5.6013991091566275 -2.901216464260597, 5.592838434947533 -2.8964705403738176, 5.584278921257546 -2.891722523761079, 5.575720553367346 -2.8869724421457743, 5.567163316545103 -2.8822203232236285, 5.558607196051764 -2.8774661946747266, 5.550052177130218 -2.8727100841400484, 5.5414982450187305 -2.867952019250642, 5.532945384939336 -2.863192027603095, 5.524393582104769 -2.858430136774282, 5.5158428217185875 -2.8536663743219544, 5.507293088968608 -2.8489007677710942, 5.498744369038274 -2.8441333446377035, 5.4901966470942245 -2.8393641324035785, 5.48164990829652 -2.8345931585371367, 5.473104137794067 -2.8298204504846436, 5.464559320722809 -2.8250460356666394, 5.45601544221365 -2.8202699414938985, 5.447472487381124 -2.815492195345594, 5.438930441335044 -2.8107128245918496, 5.430389289172419 -2.8059318565788485, 5.4218490159801735 -2.8011493186339247, 5.4133096068388475 -2.796365238072875, 5.40477104681398 -2.7915796421844417, 5.396233320967304 -2.786792558250619, 5.387696414346675 -2.7820040135293462, 5.379160311992501 -2.7772140352656742, 5.370624998937144 -2.7724226506913245, 5.362090460199981 -2.767629887016508, 5.353556680796643 -2.762835771445456, 5.345023645728517 -2.758040331159989, 5.33649133999169 -2.753243593333619, 5.327959748572571 -2.7484455851254674, 5.319428856446926 -2.7436463336788117, 5.310898648586105 -2.7388458661307795, 5.302369109947623 -2.7340442095993946, 5.293840225485128 -2.729241391197413, 5.285311980141224 -2.7244374380233993, 5.276784358850228 -2.7196323771652593, 5.268257346540893 -2.7148262357042157, 5.25973092812947 -2.7100190407064915, 5.251205088529021 -2.7052108192346793, 5.242679812640705 -2.700401598338708, 5.234155085359561 -2.6955914050620113, 5.225630891573617 -2.690780266441368, 5.217107216160048 -2.685968209503262, 5.208584043992803 -2.6811552612714196, 5.2000613599336925 -2.676341448759622, 5.191539148840157 -2.6715267989781273, 5.183017395561245 -2.6667113389314507, 5.174496084937109 -2.661895095618036, 5.16597520180406 -2.6570780960341875, 5.1574547309866965 -2.6522603671698817, 5.148934657306411 -2.6474419360134718, 5.140414965575062 -2.642622829549599, 5.131895640597639 -2.637803074760235, 5.123376667174204 -2.6329826986261953, 5.114858030094199 -2.628161728125849, 5.106339714144344 -2.623340190237153, 5.097821704101126 -2.6185181119374246, 5.089303984735983 -2.613695520203683, 5.080786540814188 -2.6088724420136407, 5.072269357091885 -2.604048904346041, 5.063752418322412 -2.59922493418033, 5.05523570924868 -2.5944005584990637, 5.0467192146100235 -2.589575804285933, 5.038202919138395 -2.584750698528243, 5.029686807558382 -2.579925268216926, 5.021170864591104 -2.5750995403452643, 5.012655074947681 -2.570273541913569, 5.004139423336548 -2.56544729992416, 4.995623894457849 -2.5606208413868767, 4.987108473006115 -2.5557941933166557, 4.97859314367145 -2.5509673827334156, 4.970077891135028 -2.5461404366672133, 4.961562700075698 -2.5413133821510243, 4.95304755516341 -2.536486246230014, 4.9445324410640366 -2.531659055954961, 4.936017342437912 -2.5268318383856, 4.927502243937807 -2.522004620593892, 4.918987130213984 -2.5171774296563703, 4.910471985907761 -2.512350292666339, 4.901956795657588 -2.507523236722584, 4.893441544095333 -2.5026962889380253, 4.884926215846864 -2.4978694764384777, 4.876410795534892 -2.493042826357383, 4.867895267773733 -2.488216365848618, 4.859379617175523 -2.4833901220715755, 4.850863828345059 -2.478564122205741, 4.842347885882668 -2.473738393442818, 4.833831774384601 -2.4689129629869564, 4.825315478439744 -2.4640878580647856, 4.81679898263497 -2.459263105909488, 4.808282271549457 -2.4544387337803104, 4.799765329759247 -2.449614768947182, 4.79124814183532 -2.4447912386989694, 4.7827306923426125 -2.4399681703471185, 4.77421296584375 -2.4351455912124673, 4.76569494689383 -2.43032352864684, 4.757176620045747 -2.4255020100112423, 4.748657969846503 -2.420681062693271, 4.7401389808384975 -2.4158607141012864, 4.7316196375611375 -2.4110409916583526, 4.723099924547025 -2.406221922821135, 4.714579826327007 -2.4014035350552803, 4.706059327425534 -2.39658585586087, 4.697538412363792 -2.391768912755565, 4.68901706565913 -2.3869527332794864, 4.680495271823179 -2.3821373450062593, 4.6719730153657855 -2.377322775520611, 4.663450280790342 -2.372509052448425, 4.654927052598037 -2.3676962034297397, 4.646403315285438 -2.3628842561365766, 4.637879053344687 -2.3580732382716088, 4.629354251265713 -2.3532631775540245, 4.620828893532468 -2.3484541017480227, 4.6123029646273155 -2.3436460386299878, 4.60377644902748 -2.3388390160183414, 4.5952493312070395 -2.3340330617572174, 4.586721595637206 -2.3292282037161733, 4.57819322678412 -2.3244244698097476, 4.569664209112517 -2.3196218879657082, 4.561134527081848 -2.314820486162728, 4.552604165149506 -2.3100202923995767, 4.544073107769356 -2.3052213347119888, 4.535541339391354 -2.3004236411768355, 4.527008844463824 -2.2956272398895106, 4.518475607430174 -2.290832159001746, 4.5099416127324465 -2.2860384266812863, 4.501406844808732 -2.2812460711453855, 4.492871288094395 -2.2764551206455526, 4.4843349270227 -2.2716656034619604, 4.475797746022802 -2.266877547931274, 4.467259729522765 -2.262090982405995, 4.45872086194672 -2.2573059352992177, 4.450181127717091 -2.2525224350502064, 4.44164051125373 -2.247740510140787, 4.433098996973367 -2.2429601891042634, 4.424556569291577 -2.238181500495172, 4.416013212620305 -2.233404472935681, 4.40746891137045 -2.2286291350679255, 4.398923649950135 -2.2238555155918176, 4.390377412765463 -2.219083643249497, 4.381830184221127 -2.214313546816137, 4.373281948718963 -2.209545255134463, 4.364732690660058 -2.2047787970660715, 4.356182394442859 -2.2000142015438553, 4.347631044464647 -2.19525149753225, 4.339078625121125 -2.190490714045365, 4.33052512080606 -2.185731880157877, 4.321970515912528 -2.180975024969554, 4.313414794831474 -2.176220177659253, 4.3048579419532444 -2.1714673674292135, 4.296299941666685 -2.166716623549607, 4.287740778359578 -2.161967975339062, 4.27918043641901 -2.1572214521557913, 4.270618900230728 -2.1524770834356324, 4.262056154180152 -2.1477348986367066, 4.253492182651639 -2.1429949273004567, 4.24492697002912 -2.1382571990033306, 4.2363605006960245 -2.133521743381556, 4.227792759035242 -2.128788590138852, 4.219223729429521 -2.124057769009885, 4.210653396261261 -2.1193293098197805, 4.202081743912793 -2.1146032424195353, 4.193508756766533 -2.1098795967410675, 4.184934419204945 -2.105158402767919, 4.176358715610777 -2.1004396905332694, 4.167781630367261 -2.095723490155731, 4.159203147857819 -2.0910098317806662, 4.150623252466632 -2.086298745650548, 4.142041928578188 -2.0815902620437634, 4.133459160577971 -2.076884411312857, 4.124874932852426 -2.072181223880887, 4.116289229788685 -2.067480730211394, 4.107702035775618 -2.062782960868308, 4.099113335202624 -2.0580879464435626, 4.090523112461197 -2.053395717626472, 4.081931351943924 -2.0487063051569603, 4.073338038045053 -2.0440197398402606, 4.064743155161111 -2.039336052570823, 4.056146687689611 -2.034655274277367, 4.047548620031337 -2.0299774359991734, 4.038948936588122 -2.0253025688099644, 4.030347621764944 -2.0206307038773135, 4.021744659969063 -2.0159618724365975, 4.01314003560986 -2.0112961057796785, 4.004533733100691 -2.006633435304295, 3.995925736856213 -2.0019738924404633, 3.9873160312959004 -1.9973175087340065, 3.978704600841122 -1.9926643157759016, 3.970091429917265 -1.98801434524527, 3.9614765029536185 -1.9833676289067088, 3.9528598043818963 -1.9787241985741006, 3.944241318639758 -1.9740840861810236, 3.9356210301666175 -1.9694473236951993, 3.9269989234081937 -1.9648139432019138, 3.918374982813345 -1.9601839768447387, 3.909749192835644 -1.9555574568492964, 3.90112153793454 -1.9509344155434778, 3.8924920025722662 -1.9463148852996472, 3.8838605712193135 -1.9416988986202974, 3.8752272283486504 -1.9370864880468455, 3.866591958440805 -1.9324776862385993, 3.8579547459809485 -1.927872525927205, 3.8493155754596176 -1.9232710399210604, 3.8406744313755574 -1.9186732611458346, 3.83203129823062 -1.9140792225697474, 3.8233861605369115 -1.9094889572998717, 3.81473900280995 -1.9049024984889766, 3.8060898095744022 -1.9003198794070402, 3.7974385653616047 -1.8957411334094805, 3.788785254708906 -1.8911662939249416, 3.780129862164373 -1.886595394512506, 3.7714723722797068 -1.8820284687740034, 3.7628127696191926 -1.877465550456953, 3.7541510387517265 -1.8729066733618953, 3.7454871642568657 -1.868351871407098, 3.736821130722981 -1.8638011786080986, 3.7281529227452466 -1.8592546290522698, 3.719482524932277 -1.854712256968706, 3.7108099218970176 -1.850174096630935, 3.7021350982675085 -1.8456401824647557, 3.693458038677739 -1.8411105489557034, 3.6847787277741255 -1.836585230709417, 3.6760971502141526 -1.8320642624384977, 3.6674132906631507 -1.8275476789284093, 3.6587271338027696 -1.8230355151159605, 3.6500386643198475 -1.8185278059849403, 3.6413478669191277 -1.8140245866786615, 3.632654726312669 -1.8095258924053295, 3.623959227227143 -1.8050317584982536, 3.6152613544025365 -1.8005422204047, 3.6065610925880858 -1.7960573136485474, 3.5978584265523232 -1.7915770739130734, 3.589153341069995 -1.7871015369315806, 3.5804458209371206 -1.7826307386051101, 3.5717358509583357 -1.7781647149024622, 3.5630234159557155 -1.7737035019257639, 3.5543085007667243 -1.7692471358947945, 3.545591090240015 -1.7647956531129596, 3.536871169246422 -1.7603490900493368, 3.528148722664202 -1.755907483226849, 3.5194237353965203 -1.7514708693460563, 3.5106961923561633 -1.7470392851758365, 3.5019660784769466 -1.7426127676304852, 3.4932333787096956 -1.738191353741878, 3.484498078019327 -1.7337750806361845, 3.4757601613959648 -1.729363985608104, 3.4670196138387817 -1.7249581060114523, 3.458276420375999 -1.7205574793880822, 3.44953056604621 -1.716162143346567, 3.4407820359137276 -1.7117721356567122, 3.4320308150608883 -1.7073874942012692, 3.4232768885881315 -1.7030082569730667, 3.4145202416234524 -1.6986344621323615, 3.405760859306272 -1.6942661479071772, 3.396998726809445 -1.689903352722545, 3.3882338293168526 -1.6855461150678746, 3.3794661520439027 -1.6811944736128202, 3.3706956802241668 -1.6768484671307504, 3.3619223991149534 -1.6725081345267852, 3.353146294002444 -1.6681735148662766, 3.3443673501880764 -1.6638446472970674, 3.3355855530106555 -1.6595215711683533, 3.3268008878210766 -1.6552043258936096, 3.3180133400084966 -1.650892951086627, 3.309222894979485 -1.6465874864521246, 3.3004295381719437 -1.6422879718542445, 3.2916332550523926 -1.6379944473026953, 3.282834031108728 -1.6337069529131185, 3.2740318518687315 -1.6294255289984616, 3.265226702874806 -1.6251502159426332, 3.2564185697144277 -1.6208810543463301, 3.2476074379914084 -1.6166180848883827, 3.2387932933503563 -1.6123613484388357, 3.229976121462307 -1.6081108859915259, 3.2211559080290106 -1.603866738679557, 3.212332638792155 -1.5996289478170502, 3.203506299513794 -1.5953975548087949, 3.1946768760059108 -1.5911726012812482, 3.185844354097137 -1.5869541289339422, 3.1770087196671213 -1.5827421796875523, 3.1681699586183867 -1.5785367955615688, 3.1593280568965803 -1.5743380187567635, 3.1504830004836775 -1.5701458916265358, 3.1416347753926384 -1.5659604566514553, 3.132783367687057 -1.5617817565196885, 3.1239287634518575 -1.5576098340051125, 3.1150709488312827 -1.5534447321185612, 3.10620990999003 -1.5492864939518685, 3.097345633150197 -1.5451351628203542, 3.0884781045638916 -1.5409907821560191, 3.079607310530087 -1.5368533955687826, 3.0707332373933616 -1.5327230468417017, 3.061855871531834 -1.5285997798821636, 3.0529751993843983 -1.5244836388225695, 3.0440912074140805 -1.5203746678830745, 3.035203882152755 -1.5162729115324536, 3.0263132101570047 -1.5121784143280466, 3.0174191780489297 -1.5080912210579847, 3.008521772486702 -1.5040113766372751, 2.999620980182115 -1.499938926165233, 2.9907167879002508 -1.495873914924296, 2.981809182445315 -1.491816388328327, 2.9728981506914116 -1.4877663920256388, 2.963983679541347 -1.4837239717591326, 2.9550657559771976 -1.4796891735311828, 2.9461443670095666 -1.4756620434368024, 2.9372194997258596 -1.4716426278164048, 2.928291141253311 -1.4676309731374155, 2.9193592787839697 -1.4636271260694875, 2.9104238995678813 -1.4596311334631498, 2.901484990904344 -1.4556430423190643, 2.8925425401696403 -1.451662899872327, 2.8835965347760877 -1.4476907534657584, 2.874646962225337 -1.4437266507080107, 2.865693810051613 -1.4397706393035168, 2.856737065882519 -1.4358227672275325, 2.8477767173865836 -1.4318830825737001, 2.8388127523079034 -1.4279516336508427, 2.8298451584450324 -1.4240284689226255, 2.8208739236802414 -1.420113637083594, 2.81189903599649 -1.4162071871058746, 2.8029204833828305 -1.4123091679783908, 2.7939382538283164 -1.408419628690068, 3.328765261441593 -0.2999029761290485))