POLYGON ((6.018162033075245 -2.102563536427553, 6.026747377984684 -2.1082845936018075, 6.0353348589806055 -2.1140024440496563, 6.043924495719557 -2.1197170555200078, 6.052516307858076 -2.1254283957617686, 6.061110315052748 -2.131136432518816, 6.06970653696114 -2.1368411334246757, 6.078304993241759 -2.142542466004865, 6.086905703553198 -2.148240397724838, 6.095508687554126 -2.1539348959471725, 6.104113964903189 -2.1596259279889782, 6.112721555258876 -2.165313461040739, 6.121331478279549 -2.1709974622483204, 6.129943753622823 -2.176677898639054, 6.138558400945906 -2.1823547371799488, 6.147175439904954 -2.188027944738804, 6.155794890155182 -2.1936974880957814, 6.164416771350708 -2.199363333957508, 6.1730411031438885 -2.205025448915766, 6.181667905186084 -2.210683799509565, 6.190297197126036 -2.216338352145496, 6.198928998611455 -2.221989073183391, 6.2075633292868275 -2.227635928851332, 6.216200208795139 -2.23327888531789, 6.224839656776047 -2.2389179086374784, 6.233481692866708 -2.2445529647790745, 6.24212633670129 -2.250184019623439, 6.25077360791006 -2.255811038936537, 6.259423526120859 -2.2614339884205052, 6.268076110956184 -2.267052833639875, 6.276731382036414 -2.2726675401081375, 6.28538935897562 -2.2782780731942305, 6.294050061385329 -2.2838843982102834, 6.3027135088706245 -2.289486480335899, 6.311379721032738 -2.2950842846716606, 6.320048717467108 -2.300677776209872, 6.328720517763345 -2.3062669198339147, 6.337395141506315 -2.3118516803461047, 6.346072608272826 -2.317432022411849, 6.354752937635934 -2.323007910635932, 6.363436149159041 -2.328579309469238, 6.3721222624018905 -2.3341461833068853, 6.380811296913662 -2.339708496392284, 6.389503272238653 -2.3452662128992627, 6.3981982079112445 -2.350819296868371, 6.406896123458606 -2.356367712243648, 6.415597038399475 -2.361911422862851, 6.424300972242432 -2.3674503924362145, 6.433007944489344 -2.372984584594324, 6.441717974629021 -2.378513962814211, 6.450431082144722 -2.384038490510466, 6.459147286504686 -2.389558130931637, 6.467866607171383 -2.3950728472639584, 6.476589063591939 -2.400582602533984, 6.485314675205748 -2.40608735968836, 6.4940434614381 -2.411587081535164, 6.502775441703222 -2.4170817307739902, 6.511510635403459 -2.4225712699937785, 6.520249061926125 -2.428055661643784, 6.528990740649037 -2.4335348680890077, 6.537735690931251 -2.4390088515291817, 6.546483932123909 -2.4444775740964837, 6.55523548355696 -2.4499409977457227, 6.563990364552158 -2.455399084364198, 6.572748594409763 -2.460851795667947, 6.581510192419358 -2.4662990932884172, 6.590275177850691 -2.471740938706286, 6.59904356995866 -2.4771772932896403, 6.607815387981204 -2.482608118283412, 6.616590651136412 -2.4880333747885888, 6.62536937862859 -2.4934530238102517, 6.634151589637345 -2.4988670261822437, 6.642937303330911 -2.5042753426620608, 6.65172653884928 -2.509677933819872, 6.660519315321488 -2.515074760154569, 6.669315651847202 -2.5204657819782987, 6.678115567512916 -2.525850959520144, 6.686919081377093 -2.531230252838487, 6.695726212480513 -2.536603621884212, 6.704536979839194 -2.5419710264626607, 6.7133514024456495 -2.5473324262411383, 6.7221694992715 -2.552687780769593, 6.730991289258473 -2.5580370494303275, 6.739816791331157 -2.563380191512501, 6.748646024378867 -2.5687171661145465, 6.757479007275983 -2.5740479322561063, 6.766315758858269 -2.5793724487557745, 6.775156297946034 -2.5846906743528275, 6.784000643320605 -2.5900025675910827, 6.792848813744298 -2.595308086919638, 6.801700827942773 -2.600607190610412, 6.810556704616783 -2.605899836815195, 6.819416462434531 -2.611185983534042, 6.82828012003205 -2.616465588617132, 6.837147696017702 -2.621738609789971, 6.846019208960149 -2.6270050045995235, 6.854894677404851 -2.6322647304914892, 6.863774119850992 -2.6375177447105718, 6.872657554777352 -2.6427640044149725, 6.88154500061208 -2.6480034665503998, 6.890436475762833 -2.653236087977901, 6.899331998585498 -2.658461825348574, 6.908231587412014 -2.663680635217118, 6.917135260524516 -2.668892473942951, 6.926043036174922 -2.6740972977673523, 6.934954932569572 -2.679295062758678, 6.9438709678764745 -2.6844857248400302, 6.952791160223524 -2.6896692397871385, 6.961715527691384 -2.6948455632023616, 6.970644088326234 -2.7000146505652145, 6.979576860118427 -2.70517645715677, 6.988513861028499 -2.7103309381548644, 6.997455108954034 -2.7154780485206396, 7.006400621765295 -2.720617743123064, 7.015350417265141 -2.725749976606308, 7.024304513228344 -2.7308747035220935, 7.033262927361281 -2.7359918782011228, 7.042225677337968 -2.7411014548702317, 7.051192780766189 -2.7462033875488014, 7.060164255214227 -2.751297630132852, 7.069140118188633 -2.756384136330887, 7.078120387147348 -2.761462859703947, 7.087105079492492 -2.766533753648529, 7.096094212567424 -2.771596771388132, 7.105087803666058 -2.77665186600469, 7.114085870013338 -2.7816989903830973, 7.123088428790608 -2.7867380972868814, 7.13209549710096 -2.791769139262599, 7.141107092008229 -2.7967920687503973, 7.150123230490588 -2.801806837959974, 7.159143929488822 -2.806813399002127, 7.168169205853548 -2.81181170375203, 7.177199076396535 -2.8168017039846074, 7.186233557838147 -2.8217833512431976, 7.195272666855076 -2.8267565969612614, 7.2043164200344565 -2.831721392351839, 7.213364833912186 -2.836677688502353, 7.222417924938713 -2.8416254362959967, 7.231475709503662 -2.846564586470888, 7.240538203916851 -2.8514950895798705, 7.249605424416408 -2.85641689600957, 7.258677387167102 -2.861329955981125, 7.267754108250615 -2.8662342195284607, 7.276835603681794 -2.8711296365389285, 7.285921889381154 -2.876016156693408, 7.295012981208288 -2.880893729542772, 7.3041088949180635 -2.885762304415257, 7.313209646209049 -2.890621830522083, 7.32231525066621 -2.8954722568398896, 7.3314257238208915 -2.900313532236681, 7.340541081084096 -2.905145605339101, 7.349661337813344 -2.909968424668123, 7.358786509241725 -2.9147819385023155, 7.367916610546116 -2.9195860950119434, 7.377051656777622 -2.92438084212927, 7.38619166292573 -2.9291661276708565, 7.3953366438551065 -2.933941899223867, 7.404486614361222 -2.9387081042489376, 7.413641589117515 -2.9434646899888612, 7.422801582718965 -2.948211603546841, 7.431966609642629 -2.9529487918216186, 7.441136684276623 -2.9576762015580846, 7.450311820896129 -2.9623937793109336, 7.459492033676145 -2.967101471466433, 7.468677336684175 -2.971799224235003, 7.477867743875912 -2.9764869836444543, 7.4870632691050725 -2.98116469556055, 7.496263926101922 -2.9858323056532448, 7.505469728500015 -2.9904897594431774, 7.514680689798111 -2.995137002243417, 7.523896823402957 -2.99977397922899, 7.53311814257574 -3.004400635357362, 7.542344660489516 -3.009016915457502, 7.551576390161844 -3.0136227641328315, 7.560813344525 -3.0182181258659186, 7.570055536346813 -3.0228029449079186, 7.579302978311502 -3.0273771653948005, 7.58855568293103 -3.03194073122744, 7.597813662634104 -3.036493586195202, 7.607076929670616 -3.0410356738508177, 7.616345496206149 -3.0455669376372767, 7.6256193742222305 -3.0500873207614436, 7.6348985756136125 -3.054596766320453, 7.644183112087001 -3.059095217177641, 7.653472995258591 -3.063582616085203, 7.662768236553571 -3.068058905565282, 7.672068847301853 -3.0725240280264545, 7.6813748386402265 -3.0769779256520398, 7.690686221604575 -3.081420540508718, 7.700003007036157 -3.0858518144434, 7.7093252056691 -3.0902716891829556, 7.7186528280418205 -3.0946801062404146, 7.727985884578919 -3.0990770070052696, 7.7373243855084635 -3.1034623326593227, 7.746668340937726 -3.107836024257453, 7.756017760776757 -3.1121980226530477, 7.765372654807665 -3.116548268569452, 7.774733032614636 -3.12088670253464, 7.7840989036467265 -3.1252132649438105, 7.793470277154265 -3.129527896002734, 7.802847162245323 -3.133830535782148, 7.81222956782823 -3.1381211241690536, 7.821617502662079 -3.142399600913708, 7.8310109753049275 -3.1466659055880335, 7.840409994158829 -3.1509199776260743, 7.8498145674231665 -3.155161756288621, 7.859224703134844 -3.159391180698065, 7.868640409126054 -3.163608189808299, 7.878061693060352 -3.1678127224349044, 7.887488562394103 -3.172004717229396, 7.89692102440929 -3.1761841127056973, 7.906359086177706 -3.180350847217769, 7.915802754591426 -3.1845048589832996, 7.925252036328844 -3.1886460860638417, 7.934706937883774 -3.1927744663865907, 7.944167465532251 -3.1968899377261484, 7.9536336253613875 -3.200992437725256, 7.963105423235854 -3.205081903877367, 7.972582864827575 -3.2091582735471165, 7.982065955580742 -3.2132214839529576, 7.991554700743543 -3.217271472188076, 8.001049105330498 -3.221308175202415, 8.010549174157466 -3.225331529824695, 8.020054911800052 -3.2293414727432084, 8.029566322633137 -3.233337940529516, 8.039083410784084 -3.237320869617485, 8.048606180178115 -3.2412901963291554, 8.05813463448499 -3.2452458568515823, 8.06766877717151 -3.2491877872652353, 8.077208611440433 -3.2531159235183598, 8.086754140291355 -3.2570302014581696, 8.096305366450602 -3.260930556802498, 8.105862292441714 -3.264816925173934, 8.115424920505154 -3.2686892420687106, 8.12499325267951 -3.272547442893787, 8.13456729070996 -3.2763914629330197, 8.14414703614115 -3.2802212373870634, 8.153732490213612 -3.2840367013370595, 8.163323653968986 -3.287837789787039, 8.172920528133861 -3.2916244376255217, 8.182523113237703 -3.295396579669947, 8.192131409483972 -3.2991541506267508, 8.201745416880673 -3.3028970851371815, 8.21136513509908 -3.3066253177365623, 8.220990563616313 -3.31033878290072, 8.230621701562614 -3.314037415005296, 8.240258547874586 -3.317721148371839, 8.249901101132847 -3.3213899172281827, 8.259549359723636 -3.3250436557531255, 8.269203321669664 -3.3286822980390145, 8.27886298479669 -3.3323057781338505, 8.288528346561575 -3.3359140300072276, 8.298199404219254 -3.339506987588733, 8.30787615465307 -3.343084584738335, 8.317558594536704 -3.346646755280106, 8.327246720172482 -3.3501934329778496, 8.336940527642382 -3.3537245515635408, 8.34664001266032 -3.357240044718633, 8.356345170706197 -3.360739846096963, 8.3660559968982 -3.364223889311758, 8.375772486103909 -3.3676921079532307, 8.385494632838475 -3.3711444355808386, 8.395222431347129 -3.374580805736251, 8.404955875534638 -3.378001151939938, 8.414694959014161 -3.3814054077006364, 8.424439675072584 -3.38479350651497, 8.434190016681686 -3.3881653818748823, 8.443945976502809 -3.391520967268638, 8.453707546857592 -3.394860196188024, 8.463474719773798 -3.3981830021288686, 8.473247486914822 -3.401489318599923, 8.483025839666379 -3.4047790791209827, 8.492809769026358 -3.4080522172352623, 8.502599265729417 -3.4113086665033983, 8.512394320101658 -3.4145483605208775, 8.522194922216942 -3.4177712329066905, 8.532001061724442 -3.4209772173266324, 8.541812728026667 -3.424166247476285, 8.551629910091984 -3.4273382571098736, 8.561452596640095 -3.430493180018623, 8.571280775955781 -3.4336309500633773, 8.581114436064391 -3.4367515011508374, 8.590953564564385 -3.4398547672667728, 8.600798148775931 -3.4429406824538584, 8.610648175608048 -3.4460091808413487, 8.620503631665885 -3.44906019662893, 8.630364503165278 -3.4520936641082614, 8.640230775987732 -3.455109517657491, 8.650102435651391 -3.4581076917501, 8.659979467306977 -3.4610881209643938, 8.669861855769398 -3.464050739975748, 8.679749585453127 -3.4669954835843644, 8.689642640463084 -3.469922286688452, 8.699541004474 -3.4728310843316597, 8.709444660872592 -3.4757218116570803, 8.719353592592588 -3.4785944039728918, 8.729267782292556 -3.4814487966904784, 8.739187212166398 -3.4842849254029007, 8.749111864132923 -3.4871027258148293, 8.759041719649066 -3.4899021338238745, 8.768976759882484 -3.4926830854539377, 8.778916965555647 -3.495445516926999, 8.788862317075454 -3.49818936461238, 8.798812794430921 -3.500914565076921, 8.808768377260959 -3.503621055061368, 8.818729044820433 -3.5063087714989365, 8.828694775975734 -3.5089776515272364, 8.838665549244833 -3.51162763246879, 8.8486413427201 -3.5142586518823533, 8.85862213417763 -3.5168706475043168, 8.868607900937494 -3.519463557337731, 8.878598620026159 -3.522037319560303, 8.888594267996803 -3.5245918726402756, 8.898594821115932 -3.527127155226274, 8.9086002551781 -3.5296431062707274, 8.918610545679098 -3.5321396649245616, 8.928625667662875 -3.5346167706433143, 8.938645595846433 -3.5370743631111026, 8.948670304528623 -3.5395123823070644, 8.95869976764327 -3.5419307684779326, 8.968733958746716 -3.54432946214913, 8.978772850989326 -3.546708404157301, 8.988816417184314 -3.5490675355996593, 8.998864629702663 -3.5514067979272057, 9.008917460610341 -3.5537261328379888, 9.018974881507752 -3.556025482418204, 9.029036863705771 -3.558304789000038, 9.039103378047104 -3.5605639953220196, 9.049174395078092 -3.5628030443866727, 9.059249884897318 -3.5650218796009474, 9.069329817280236 -3.5672204446728637, 9.079414161591442 -3.569398683696544, 9.08950288683397 -3.571556541117489, 9.099595961644642 -3.5736939617394827, 9.1096933542578 -3.5758108907734396, 9.119795032584408 -3.577907273760094, 9.12990096409948 -3.5799830566981115, 9.140011115985713 -3.5820381858973933, 9.150125454973548 -3.584072608161513, 9.160243947510601 -3.5860862706091097, 9.17036655960122 -3.5880791208609932, 9.18049325695191 -3.5900511068845726, 9.190624004857579 -3.592002177131181, 9.200758768282613 -3.5939322804530507, 9.210897511824284 -3.595841366150833, 9.221040199709929 -3.5977293839917883, 9.231186795845987 -3.5995962841509774, 9.241337263734136 -3.6014420173336665, 9.251491566591694 -3.603266534621896, 9.261649667212277 -3.6050697876736306, 9.27181152812094 -3.6068517285187465, 9.281977111425421 -3.608612309775606, 9.292146378955 -3.6103514844656064, 9.302319292152443 -3.612069206175835, 9.312495812152987 -3.6137654289576413, 9.322675899749916 -3.615440107382381, 9.3328595153929 -3.617093196561246, 9.343046619235702 -3.618724652073934, 9.353237171057618 -3.6203344301117486, 9.363431130377354 -3.6219224872968554, 9.373628456325642 -3.6234887809089598, 9.383829107785955 -3.625033268655902, 9.394033043265967 -3.626555908907956, 9.404240221014355 -3.6280566605052305, 9.414450598938572 -3.6295354829134796, 9.424664134659288 -3.630992336141945, 9.434880785500862 -3.632427180765692, 9.445100508469718 -3.633839977988249, 9.455323260318405 -3.635230689519885, 9.465548997459557 -3.6365992777710434, 9.475777676079865 -3.6379457056254956, 9.486009252024338 -3.6392699367004115, 9.496243680916661 -3.6405719351008665, 9.50648091806181 -3.6418516656455684, 9.516720918527136 -3.643109093703866, 9.526963637100145 -3.644344185300035, 9.537209028305245 -3.6455569070980176, 9.547457046429255 -3.646747226344698, 9.557707645473586 -3.64791511101403, 9.56796077923597 -3.6490605296066203, 9.57821640122064 -3.650183451406729, 9.588474464743493 -3.651283846214011, 9.598734922840977 -3.6523616846095157, 9.608997728355703 -3.6534169377373735, 9.61926283388234 -3.6544495774722012, 9.629530191804077 -3.6554595763389344, 9.639799754294723 -3.656446907513143, 9.65007147329843 -3.6574115449169557, 9.660345300584163 -3.658353463050493, 9.67062118768268 -3.6592726372326467, 9.68089908596998 -3.660169043328746, 9.691178946592691 -3.661042658039152, 9.701460720545258 -3.661893458641806, 9.711744358618345 -3.66272142320308, 9.722029811440695 -3.663526530449628, 9.732317029470378 -3.6643087598136, 9.742605962991599 -3.66506809148842, 9.752896562149012 -3.6658045062890925, 9.763188776907942 -3.6665179858743646, 9.773482557115505 -3.6672085124770986, 9.78377785244678 -3.6678760692031713, 9.79407461246629 -3.6685206397491963, 9.80437278658743 -3.6691422086421164, 9.814672324110385 -3.6697407610775143, 9.824973174211252 -3.6703162829985785, 9.835275285948102 -3.670868761120048, 9.845578608281034 -3.6713981828121143, 9.855883090051773 -3.671904536304546, 9.866188680023518 -3.672387810422428, 9.876495326849332 -3.6728479948879826, 9.886802979114002 -3.673285080024712, 9.897111585309265 -3.673699057017766, 9.907421093862254 -3.674089917724195, 9.917731453128091 -3.674457654776899, 9.928042611399896 -3.674802261582313, 9.938354516918674 -3.675123732225028, 9.948667117869071 -3.6754220616555044, 9.95898036239938 -3.675697245433462, 9.96929419861203 -3.6759492800276736, 9.979608574584226 -3.6761781625119405, 9.989923438361636 -3.6763838908394133, 10.000238737973653 -3.676566463629843, 10.010554421433056 -3.6767258802944514, 10.020870436746113 -3.6768621410126148, 10.031186731915392 -3.676975246657288, 10.04150325494917 -3.6770651989623673, 10.051819953862879 -3.6771320002777634, 10.06213677669124 -3.6771756538622107, 10.072453671486734 -3.6771961635752692, 10.082770586333494 -3.6771935341612827, 10.093087469346449 -3.6771677710194433, 10.10340426868118 -3.677118880351453, 10.113720932540602 -3.677046869107505, 10.124037409174028 -3.676951744937605, 10.13435364689687 -3.676833516333412, 10.144669594075834 -3.676692192402993, 10.154985199161217 -3.6765277831499525, 10.165300410663018 -3.676340299167144, 10.175615177186446 -3.6761297519276726, 10.185929447411896 -3.6758961535355867, 10.196243170118938 -3.67563951689987, 10.206556294184475 -3.675359855643382, 10.21686876858309 -3.6750571840899524, 10.227180542412025 -3.6747315173729707, 10.23749156486431 -3.674382871240554, 10.247801785277987 -3.674011262308221, 10.258111153090919 -3.673616707763182, 10.268419617898896 -3.673199225658205, 10.278727129412884 -3.672758834641797, 10.289033637502465 -3.6722955541635014, 10.299339092178364 -3.6718094043415737, 10.309643443602214 -3.6713004059984837, 10.319946642107771 -3.670768580712266, 10.330248638170135 -3.670213950671004, 10.340549382465014 -3.6696365388848173, 10.350848825806445 -3.669036368915625, 10.361146919226409 -3.668413465163286, 10.371443613906466 -3.6677678525805293, 10.38173886124694 -3.6670995569113334, 10.392032612824138 -3.6664086045073807, 10.402324820421272 -3.6656950224257887, 10.412615436032429 -3.6649588384070313, 10.422904411841568 -3.6642000808000774, 10.433191700278854 -3.6634187787116677, 10.443477253952011 -3.6626149617856374, 10.453761025740116 -3.661788660457967, 10.464042968701698 -3.6609399056743133, 10.474323036173177 -3.660068729151528, 10.484601181691422 -3.659175163143285, 10.494877359059647 -3.658259240607271, 10.505151522316803 -3.6573209950999197, 10.515423625746283 -3.656360460792941, 10.525693623907532 -3.65537767252595, 10.535961471582093 -3.6543726656702327, 10.546227123862508 -3.653345476316189, 10.556490536051264 -3.6522961410312744, 10.566751663780993 -3.6512246971137365, 10.5770104629017 -3.6501311823305405, 10.587266889590348 -3.649015635142218, 10.59752090026911 -3.6478780945125537, 10.607772451666497 -3.6467186000279597, 10.618021500796525 -3.6455371918351314, 10.628268004950922 -3.6443339106214405, 10.638511921749235 -3.6431087976891243, 10.648753209062301 -3.641861894807445, 10.658991825123557 -3.640593244402028, 10.669227728404671 -3.639302889322198, 10.679460877755567 -3.637990873073925, 10.689691232272528 -3.6366572395805137, 10.699918751422526 -3.635302033384183, 10.710143394947977 -3.633925299473224, 10.720365122936924 -3.632527083390797, 10.730583895794211 -3.6311074311720053, 10.740799674237286 -3.6296663893340586, 10.75101241934419 -3.628204004932301, 10.761222092474426 -3.6267203254384, 10.77142865538447 -3.6252153988940883, 10.78163207009285 -3.6236892737120874, 10.79183229903447 -3.6221419988809105, 10.80202930490727 -3.62057362374502, 10.812223050821775 -3.618984198198367, 10.822413500174234 -3.6173737725048913, 10.832600616750328 -3.6157423974279057, 10.842784364658925 -3.614090124132015, 10.852964708364256 -3.6124170042201302, 10.863141612697108 -3.6107230897327023, 10.873315042807501 -3.609008433088471, 10.883484964252272 -3.607273087172076, 10.89365134287769 -3.605517105196547, 10.903814144966613 -3.6037405408581304, 10.913973337076413 -3.60194344815169, 10.92412888621154 -3.600125881547479, 10.934280759656184 -3.5982878958061426, 10.944428925130863 -3.5964295461346563, 10.954573350659995 -3.594550888041703, 10.964714004677472 -3.5926519774386776, 10.974850855957182 -3.590732870560267, 10.984983873646868 -3.5887936239942397, 10.995113027274925 -3.5868342946754264, 11.005238286706376 -3.5848549398434715, 11.015359622225207 -3.5828556171044763, 11.025477004419912 -3.5808363843282978, 11.035590404327436 -3.5787972997611286, 11.0456997932684 -3.5767384218835714, 11.0558051430268 -3.5746598095491713, 11.065906425665942 -3.5725615218311932, 11.07600361370905 -3.5704436181576527, 11.086096679971707 -3.5683061581753566, 11.09618559770984 -3.566149201856257, 11.106270340497842 -3.5639728093991483, 11.11635088232018 -3.5617770412922916, 11.126427197513248 -3.55956195826265, 11.13649926078815 -3.5573276212895295, 11.146567047243508 -3.5550740916026293, 11.156630532317054 -3.5528014306490583, 11.166689691867019 -3.5505097001343002, 11.176744502059387 -3.548198961950938, 11.186794939506923 -3.545869278252775, 11.196840981107101 -3.5435207113574547, 11.20688260422014 -3.541153323840017, 11.216919786479494 -3.538767178423694, 11.22695250598382 -3.536362338076577, 11.236980741106876 -3.5339388659068267, 11.247004470676751 -3.531496825248942, 11.257023673810275 -3.529036279575302, 11.267038330057416 -3.5265572925618374, 11.277048419278547 -3.5240599280232896, 11.287053921739389 -3.5215442499535623, 11.297054818042268 -3.5190103224872864, 11.307051089163757 -3.516458209914083, 11.317042716444677 -3.5138879766656155, 11.327029681568579 -3.5112996873059226, 11.337011966609698 -3.5086934065407127, 11.346989553955517 -3.5060691991879156, 11.356962426407224 -3.5034271302043924, 11.366930567053814 -3.5007672646419987, 11.376893959415751 -3.498089667686122, 11.386852587281606 -3.4953944046030134, 11.396806434882452 -3.4926815407843774, 11.406755486704787 -3.4899511416916473, 11.416699727680882 -3.487203272901182, 11.426639142993563 -3.4844380000505843, 11.436573718266532 -3.481655388879885, 11.446503439376675 -3.47885550518387, 11.456428292629838 -3.476038414846123, 11.466348264593513 -3.473204183799598, 11.476263342247144 -3.470352878052139, 11.48617351284424 -3.4674845636559306, 11.496078764029875 -3.4645993067245, 11.505979083737978 -3.4616971734105095, 11.515874460271764 -3.4587782299152052, 11.525764882239162 -3.4558425424732575, 11.535650338594387 -3.45289017735621, 11.545530818612244 -3.449921200862631, 11.555406311891057 -3.44693567931742, 11.565276808364775 -3.4439336790653465, 11.57514229826913 -3.4409152664681484, 11.58500277218901 -3.4378805078995125, 11.594858220990886 -3.4348294697418287, 11.60470863590203 -3.431762218381042, 11.614554008413098 -3.4286788202046248, 11.624394330384893 -3.4255793415945313, 11.634229593925555 -3.4224638489278036, 11.644059791520327 -3.4193324085666514, 11.653884915888097 -3.4161850868626717, 11.663704960129326 -3.4130219501431336, 11.673519917566763 -3.409843064719504, 11.683329781906803 -3.406648496869428, 11.693134547069016 -3.403438312849908, 11.702934207356385 -3.4002125788747954, 11.712728757278072 -3.3969713611326586, 11.722518191724323 -3.3937147257598803, 11.73230250578646 -3.390442738862988, 11.742081694932715 -3.3871554664876906, 11.75185575482891 -3.3838529746452717, 11.761624681512087 -3.3805353292780196, 11.77138847121464 -3.3772025962891563, 11.781147120533369 -3.3738548415052345, 11.790900626259074 -3.370492130709019, 11.800648985539395 -3.367114529599418, 11.810392195715153 -3.363722103826788, 11.82013025447603 -3.3603149189508703, 11.829863159704292 -3.356893040478076, 11.83959090962292 -3.353456533817854, 11.849313502646941 -3.3500054643215633, 11.859030937523984 -3.3465398972376192, 11.86874321319304 -3.343059897751647, 11.878450328917763 -3.3395655309406433, 11.888152284152223 -3.336056861814246, 11.89784907866754 -3.332533955268022, 11.907540712423938 -3.328996876125784, 11.917227185691461 -3.3254456890920174, 11.926908498927535 -3.321880458795272, 11.936584652892634 -3.3183012497396582, 11.946255648532404 -3.3147081263494385, 11.955921487089263 -3.3111011529194, 11.965582169988139 -3.3074803936608865, 11.975237698944913 -3.3038459126507633, 11.984888075854856 -3.3001977738792023, 11.994533302898882 -3.2965360411968976, 12.004173382433704 -3.292860778364979, 12.01380831709686 -3.289172049000057, 12.023438109697617 -3.2854699166267087, 12.033062763321766 -3.28175444461989, 12.042682281222325 -3.2780256962604732, 12.05229666692494 -3.274283734674516, 12.06190592411766 -3.2705286228923782, 12.071510056757655 -3.266760423784322, 12.08110906895933 -3.26297920012372, 12.090702965103054 -3.2591850145184633, 12.100291749721002 -3.2553779294787715, 12.109875427608438 -3.2515580073439314, 12.119454003706855 -3.2477253103551558, 12.12902748321811 -3.2438799005772267, 12.138595871484648 -3.2400218399767793, 12.148159174106668 -3.2361511903385303, 12.1577173968193 -3.2322680133492288, 12.167270545612812 -3.2283723705083074, 12.176818626606948 -3.224464323217578, 12.186361646173768 -3.220543932686324, 12.19589961080968 -3.2166112600265917, 12.205432527260255 -3.2126663661530057, 12.214960402390796 -3.208709311883217, 12.2244832433121 -3.204740157833061, 12.234001057250737 -3.200758964521332, 12.243513851674452 -3.1967657922613384, 12.253021634163682 -3.1927607012687123, 12.262524412534779 -3.1887437515508745, 12.272022194714781 -3.1847150030161226, 12.281514988860383 -3.1806745153630054, 12.29100280323812 -3.1766223481884936, 12.300485646336776 -3.172558560879598, 12.309963526755375 -3.1684832127181473, 12.319436453306666 -3.164396362777264, 12.328904434915238 -3.1602980700199996, 12.338367480709765 -3.1561883932035237, 12.347825599933563 -3.1520673909686754, 12.357278802023323 -3.147935121754862, 12.366727096534278 -3.1437916438775018, 12.37617049320342 -3.1396370154566533, 12.38560900189112 -3.13547129447933, 12.395042632627082 -3.131294538744843, 12.404471395570067 -3.127106805909101, 12.413895301035142 -3.1229081534494005, 12.423314359472675 -3.11869863868815, 12.432728581475985 -3.1144783187794527, 12.442137977780192 -3.1102472507101635, 12.45154255925 -3.10600549131005, 12.460942336898412 -3.101753097228746, 12.470337321854942 -3.097490124970518, 12.47972752540348 -3.093216630846555, 12.489112958932086 -3.0889326710343576, 12.49849363398843 -3.084638301505952, 12.507869562213218 -3.0803335781106487, 12.51724075541063 -3.076018556481134, 12.526607225468451 -3.071693292136862, 12.535968984439975 -3.067357840371646, 12.545326044454916 -3.063012256373105, 12.554678417808042 -3.0586565950973243, 12.564026116866245 -3.0542909113976937, 12.573369154158017 -3.0499152598944392, 12.582707542282943 -3.045529695104054, 12.592041293995543 -3.0411342713131644, 12.60137042212358 -3.0367290426988633, 12.61069493964026 -3.0323140632164143, 12.620014859596846 -3.0278893867014203, 12.629330195178294 -3.0234550667798503, 12.638640959654438 -3.019011156944211, 12.647947166415513 -3.0145577104929795, 12.657248828944752 -3.0100947805745664, 12.666545960831696 -3.0056224201613886, 12.675838575767498 -3.001140682057465, 12.68512668753552 -2.996649618910079, 12.694410310029077 -2.9921492831793586, 12.703689457220387 -2.987639727187788, 12.712964143198823 -2.983121003053021, 12.722234382121055 -2.9785931627723485, 12.731500188266066 -2.974056258123391, 12.740761575971124 -2.969510340776999, 12.750018559698013 -2.96495546217434, 12.759271153961333 -2.960391673657606, 12.768519373398526 -2.955819026336248, 12.777763232698673 -2.9512375712207883, 12.787002746667731 -2.946647359094305, 12.79623793016629 -2.942048440632892, 12.805468798162247 -2.9374408662981284, 12.81469536568424 -2.932824686429789, 12.823917647856227 -2.9281999511720085, 12.83313565987098 -2.9235667105274525, 12.842349417003307 -2.918925014325892, 12.851558934605686 -2.9142749122333007, 12.860764228099292 -2.9096164537670637, 12.869965312991354 -2.90494968825826, 12.879162204845644 -2.9002746649125926, 12.88835491931866 -2.8955914327295105, 12.897543472113671 -2.8909000406023115, 12.906727879030502 -2.886200537203791, 12.915908155909559 -2.8814929711125954, 12.925084318687567 -2.876777390681514, 12.934256383340234 -2.872053844170884, 12.94342436593462 -2.867322379621038, 12.952588282579761 -2.8625830449705627, 12.961748149467182 -2.8578358879541113, 12.970903982836692 -2.853080956186556, 12.98005579899918 -2.848318297101967, 12.98920361432183 -2.8435479579910243, 12.998347445230896 -2.8387699859910778, 13.00748730821744 -2.8339844280710276, 13.016623219819312 -2.8291913310723866, 13.025755196645273 -2.824390741642929, 13.034883255342976 -2.819582706329436, 13.044007412639372 -2.814767271475162, 13.053127685290164 -2.8099444833295966, 13.06224409011504 -2.805114387902455, 13.071356643968354 -2.800277031125926, 13.080465363821498 -2.7954324588078543, 13.089570266680331 -2.7905807166614305, 13.098671369460568 -2.785721849918925, 13.107768689056511 -2.7808559035798357, 13.11686224290796 -2.775982923408868, 13.12595204889319 -2.7711029557653983, 13.13503812347193 -2.7662160441169954, 13.144120481242524 -2.7613222281445453, 13.153199140765889 -2.756421554839699, 13.162274128932347 -2.7515140866104657, 13.17134546354603 -2.746599868579198, 13.180413129490113 -2.741678883409462, 13.189477014175692 -2.7367509354028736, 13.198536516889305 -2.731814938078641, 13.207590934456455 -2.7268696190099915, 13.216640124946968 -2.7219147395400287, 13.225684243826057 -2.7169506087523367, 13.234723353460367 -2.711977363578174, 13.243757434922609 -2.7069949906335276, 13.252786486988436 -2.7020035088757295, 13.261810535656206 -2.697002987070518, 13.270829605014015 -2.6919934902162015, 13.279843710907718 -2.686975067642722, 13.288852868794917 -2.6819477677698846, 13.297857096609771 -2.676911643103282, 13.306856412763253 -2.671866746845245, 13.315850835148831 -2.666813130782816, 13.324840381480747 -2.6617508461597104, 13.333825069705071 -2.65667994424434, 13.342804917917697 -2.65160047631121, 13.351779944252348 -2.6465124933780095, 13.360750166880216 -2.641416046193631, 13.369715604028805 -2.6363111853616634, 13.378676274018618 -2.631197961259217, 13.38763219520858 -2.626076424146007, 13.396583386042646 -2.6209466240056165, 13.405529864997005 -2.6158086107198084, 13.414471650634699 -2.610662433902787, 13.423408761554507 -2.6055081430576488, 13.43234121643074 -2.600345787444841, 13.44126903398252 -2.5951754161807012, 13.450192232989961 -2.5899970781824346, 13.459110832290248 -2.5848108221808475, 13.468024850766076 -2.579616696754774, 13.476934307368111 -2.57441475025586, 13.485839221080155 -2.569205030922995, 13.494739610960272 -2.563987586741471, 13.503635496093697 -2.5587624656025993, 13.512526895638615 -2.5535297151430214, 13.521413828782572 -2.548289382896297, 13.530296314777095 -2.543041516167563, 13.539174372911567 -2.5377861621266633, 13.548048022526123 -2.532523367758201, 13.556917283009637 -2.52725317986883, 13.565782173788103 -2.5219756451268993, 13.574642714345806 -2.5166908099831096, 13.583498924193643 -2.5113987207870903, 13.59235082290567 -2.5060994236474943, 13.601198430078405 -2.5007929645862514, 13.610041765369036 -2.4954793893885374, 13.618880848460549 -2.4901587437384105, 13.62771569908752 -2.4848310731139716, 13.63654633701878 -2.479496422856588, 13.645372782062575 -2.4741548381466614, 13.65419505407109 -2.4688063639851836, 13.663013172924375 -2.4634510452570044, 13.671827158553898 -2.4580889266322674, 13.680637030911372 -2.4527200526952067, 13.689442810002046 -2.4473444678013188, 13.698244515850371 -2.4419622162234, 13.707042168529576 -2.4365733420213807, 13.715835788137351 -2.431177889148037, 13.724625394810491 -2.425775901381272, 13.733411008718646 -2.420367422351891, 13.742192650059676 -2.414952495561693, 13.75097033907233 -2.4095311643253807, 13.759744096014805 -2.4041034718670184, 13.768513941190607 -2.398669461198513, 13.777279894918996 -2.3932291752572183, 13.786041977562972 -2.3877826567709075, 13.794800209503794 -2.382329948379518, 13.803554611159376 -2.3768710925433094, 13.812305202972633 -2.371406131599901, 13.821052005413595 -2.3659351077508735, 13.82979503898484 -2.3604580630345104, 13.83853432420738 -2.3549750393945996, 13.847269881640031 -2.3494860785809264, 13.856001731855168 -2.343991222272554, 13.86472989546328 -2.3384905119482, 13.87345439308917 -2.3329839890109567, 13.882175245390604 -2.327471694686512, 13.89089247304493 -2.3219536700951475, 13.899606096754354 -2.3164299562202726, 13.908316137247368 -2.310900593900425, 13.917022615269335 -2.305365623879263, 13.925725551597152 -2.299825086722746, 13.93442496701949 -2.2942790229292718, 13.943120882357727 -2.288727472808541, 13.951813318444877 -2.283170476602586, 13.960502296142772 -2.277608074383215, 13.969187836329128 -2.2720403061283663, 13.97786995990354 -2.266467211683606, 13.98654868778735 -2.2608888307628576, 13.995224040916693 -2.255305202988733, 14.00389604025426 -2.249716367819488, 14.012564706772826 -2.2441223646499435, 14.0212300614731 -2.2385232326984275, 14.029892125365507 -2.232919011121189, 14.038550919485036 -2.2273097389145566, 14.047206464879997 -2.221695454988165, 14.055858782617317 -2.2160761981280297, 14.064507893782434 -2.210452006997356, 14.073153819473198 -2.204822920175073, 14.081796580810103 -2.1991889760861736, 14.090436198922054 -2.193550213097512, 14.099072694961619 -2.1879066694113694, 14.107706090089644 -2.1822583831719227, 14.116336405487655 -2.1766053923762696, 14.124963662348767 -2.1709477349387307, 14.133587881881446 -2.165285448661958, 14.142209085310268 -2.1596185712311216, 14.150827293869838 -2.153947140256761, 14.159442528814289 -2.1482711932037963, 14.168054811404653 -2.1425907674849536, 14.176664162921933 -2.136905900360581, 14.185270604654422 -2.1312166290353107, 14.193874157907358 -2.1255229905814073, 14.202474843996438 -2.119825021989514, 14.211072684249558 -2.1141227601529264, 14.219667700008976 -2.1084162418503896, 14.228259912624752 -2.1027055037971105, 14.236849343463895 -2.096990582569993, 14.245436013899056 -2.0912715146992977, 14.254019945319605 -2.0855483365760694, 14.262601159121477 -2.079821084536086, 14.271179676714219 -2.0740897947992907, 14.279755519517035 -2.0683545035029938, 14.288328708958554 -2.0626152467030128, 14.296899266480438 -2.056872060342369, 14.305467213530221 -2.0511249803117275, 14.314032571570063 -2.045374042371026, 14.32259536206684 -2.0396192822375485, 14.331155606501133 -2.03386073550423, 14.33971332635979 -2.028098437707058, 14.348268543140199 -2.0223324242842367, 14.356821278348912 -2.016562730588952, 14.365371553499415 -2.01078939190898, 14.373919390116935 -2.0050124434209518, 14.382464809731141 -1.9992319202589754, 14.391007833884249 -1.9934478574360552, 14.39954848412273 -1.9876602899240388, 14.408086782003988 -1.9818692525873627, 14.41662274909156 -1.9760747802298817, 14.425156406956894 -1.9702769075765378, 14.43368777718018 -1.9644756692645553, 14.442216881346562 -1.9586710998808798, 14.450743741051742 -1.9528632339047118, 14.459268377894913 -1.9470521057795596, 14.467790813485694 -1.9412377498404727, 14.476311069437854 -1.9354202003797332, 14.484829167373535 -1.9295994916009722, 14.493345128921101 -1.923775657642488, 14.501858975714557 -1.9179487325821745, 14.510370729396225 -1.9121187504086672, 14.51888041161193 -1.9062857450728212, 14.527388044016792 -1.9004497504243052, 14.535893648268928 -1.8946108002800404, 14.54439724603487 -1.8887689283644165, 14.552898858985394 -1.8829241683548898, 14.561398508797476 -1.8770765538598573, 14.569896217154378 -1.8712261184179213, 14.578392005743206 -1.8653728955238238, 14.5868858962588 -1.8595169185842624, 14.595377910398584 -1.853658220976367, 14.603868069867888 -1.8477968359870796, 14.61235639637499 -1.8419327968694803, 14.620842911634599 -1.8360661368023843, 14.629327637365927 -1.8301968889123854, 14.637810595292532 -1.82432508627569, 14.64629180714414 -1.8184507618962134, 14.654771294653141 -1.8125739487469386, 14.663249079558915 -1.8066946797184746, 14.671725183603089 -1.8008129876751227, 14.680199628533611 -1.7949289054061182, 14.688672436101664 -1.7890424656627708, 14.697143628063065 -1.7831537011410528, 14.705613226178393 -1.7772626444802937, 14.71408125221112 -1.7713693282853658, 14.72254772793066 -1.7654737850902125, 14.731012675108358 -1.7595760474055246, 14.739476115521562 -1.7536761476704017, 14.747938070949905 -1.7477741182964432, 14.756398563177832 -1.7418699916376614, 14.764857613993339 -1.7359638000054274, 14.773315245187595 -1.7300555756731304, 14.781771478556642 -1.72414535085601, 14.790226335898435 -1.7182331577462309, 14.79867983901635 -1.7123190284714185, 14.8071320097155 -1.706402995138345, 14.815582869805777 -1.70048508979702, 14.824032441099673 -1.6945653444663353, 14.832480745413077 -1.6886437911249488, 14.840927804565736 -1.6827204617059233, 14.849373640379454 -1.6767953881180393, 14.857818274680739 -1.6708686022149892, 14.866261729297577 -1.664940135833188, 14.874704026062517 -1.6590100207560259, 14.883145186810024 -1.6530782887445807, 14.891585233378098 -1.6471449715194053, 14.900024187607722 -1.641210100766771, 14.908462071342125 -1.6352737081474942, 14.916898906428486 -1.6293358252776429, 14.925334714715376 -1.6233964837576147, 14.93376951805558 -1.6174557151409026, 14.942203338303354 -1.6115135509648837, 14.950636197316452 -1.6055700227282537, 14.95906811695492 -1.5996251619049449, 14.967499119081197 -1.5936789999431693, 14.975929225560943 -1.587731568256565, 14.984358458261267 -1.5817828982437179, 14.992786839052995 -1.5758330212640894, 15.00121438980814 -1.5698819686650494, 15.00964113240212 -1.5639297717591625, 15.018067088712073 -1.5579764618417853, 15.026492280617585 -1.5520220701836787, 15.034916730000825 -1.5460666280302822, 15.043340458745474 -1.5401101666125516, 15.05176348873842 -1.5341527171308456, 15.060185841867586 -1.5281943107759726, 15.068607540024013 -1.5222349787094198, 15.077028605099986 -1.5162747520811266, 15.085449058990267 -1.5103136620190942, 15.093868923591575 -1.5043517396339308, 15.102288220802231 -1.4983890160229745, 15.11070697252325 -1.4924255222614136, 15.119125200656585 -1.4864612894167155, 15.127542927107028 -1.4804963485337894, 15.135960173780292 -1.4745307306501017, 15.144376962584477 -1.4685644667853828, 15.152793315429154 -1.4625975879484256, 15.161209254225476 -1.456630125136943, 15.169624800886679 -1.4506621093341678, 15.178039977326922 -1.444693571517323, 15.186454805462756 -1.4387245426484037, 15.19486930721145 -1.4327550536849023, 15.203283504492425 -1.4267851355720094, 15.21169741922614 -1.4208148192489627, 15.220111073334566 -1.4148441356473547, 15.228524488741222 -1.408873115690969, 15.236937687370496 -1.4029017902997634, 15.24535069114867 -1.3969301903857245, 15.253763522002567 -1.390958346858663, 15.262176201860822 -1.384986290622441, 15.270588752652763 -1.3790140525786623, 15.279001196309029 -1.3730416636259481, 15.2874135547613 -1.367069154660542, 15.29582584994205 -1.3610965565778852, 15.30423810378504 -1.3551239002721234, 15.312650338224485 -1.3491512166374902, 15.32106257519595 -1.3431785365691291, 15.329474836635399 -1.337205890962654, 15.337887144479627 -1.3312333107162158, 15.346299520665948 -1.3252608267296055, 15.354711987132301 -1.3192884699060206, 15.36312456581749 -1.3133162711532527, 15.37153727866059 -1.307344261381855, 15.379950147601416 -1.3013724715100072, 15.38836319457996 -1.2954009324585614, 15.396776441536693 -1.2894296751576648, 15.405189910412325 -1.283458730542198, 15.413603623147733 -1.2774881295555902, 15.422017601684033 -1.2715179031502801, 15.430431867962364 -1.2655480822849468, 15.438846443923888 -1.2595786979320682, 15.447261351509763 -1.2536097810689248, 15.455676612660946 -1.24764136268908, 15.464092249318314 -1.2416734737928632, 15.472508283422389 -1.2357061453954494, 15.480924736913375 -1.2297394085243005, 15.489341631731133 -1.2237732942177046, 15.497758989814866 -1.2178078335329539, 15.506176833103488 -1.2118430575347106, 15.514595183534903 -1.2058789973108526, 15.523014063046638 -1.1999156839574778, 15.531433493575122 -1.1939531485926966, 15.539853497056038 -1.1879914223489412, 15.548274095424102 -1.1820305363752726, 15.556695310612715 -1.1760705218436718, 15.565117164554563 -1.1701114099369678, 15.573539679180424 -1.1641532318675107, 15.58196287642043 -1.158196018857257, 15.590386778202634 -1.1522398021578972, 15.598811406454018 -1.146284613036437, 15.607236783099632 -1.1403304827833578, 15.615662930062454 -1.134377442714377, 15.624089869264159 -1.128425524160811, 15.632517622623563 -1.1224747584886487, 15.640946212058495 -1.1165251770753881, 15.649375659483631 -1.1105768113361056, 15.657805986812296 -1.104629692701483, 15.666237215954816 -1.0986838526338374, 15.674669368819012 -1.092739322621857, 15.683102467310544 -1.0867961341760621, 15.691536533331256 -1.0808543188453101, 15.699971588781525 -1.0749139081928267, 15.708407655557037 -1.0689749338262946, 15.716844755551849 -1.06303742736898, 15.72528291065554 -1.0571014204845728, 15.733722142754837 -1.0511669448628507, 15.742162473733027 -1.0452340322231428, 15.750603925468747 -1.0393027143249376, 15.759046519838396 -1.033373022946572, 15.767490278712264 -1.0274449899165425, 15.775935223958697 -1.0215186470795068, 15.784381377439756 -1.0155940263294345, 15.792828761014384 -1.0096711595850671, 15.801277396536424 -1.0037500788037903, 15.809727305854407 -0.9978308159831176, 15.818178510813416 -0.9919134031457983, 15.826631033251116 -0.9859978723684781, 15.835084895002646 -0.9800842557457673, 15.843540117894886 -0.9741725854298886, 15.851996723751407 -0.9682628935961265, 15.860454734388513 -0.9623552124684948, 15.868914171616813 -0.9564495743093454, 15.87737505724172 -0.9505460114146546, 15.885837413060056 -0.9446445561356869, 15.89430126086523 -0.9387452408454161, 15.902766622440339 -0.9328480979812718, 15.911233519564938 -0.9269531600024628, 15.91970197400844 -0.921060459426954, 15.928172007534268 -0.915170028807679, 15.93664364189843 -0.9092819007416842, 15.94511689884778 -0.9033961078805568, 15.953591800124228 -0.8975126829038799, 15.962068367457373 -0.8916316585597983, 15.970546622572824 -0.8857530676185341, 15.979026587183384 -0.8798769429192896, 15.987508282996059 -0.8740033173326501, 15.995991731707198 -0.8681322237846779, 16.004476955003437 -0.8622636952522246, 16.012963974564073 -0.8563977647491474, 16.0214528120546 -0.8505344653589707, 16.029943489135487 -0.8446738301900221, 16.038436027451397 -0.8388158924276625, 16.046930448641223 -0.8329606852852383, 16.055426774329533 -0.827108242043742, 16.063925026131237 -0.8212585960296918, 16.07242522565063 -0.815411780618112, 16.080927394477264 -0.8095678292514347, 16.08943155419373 -0.8037267754029852, 16.097937726364126 -0.7978886526278971, 16.106445932546485 -0.7920534945077905, 16.11495619428037 -0.7862213347034331, 16.123468533096133 -0.7803922069149424, 16.13198297050922 -0.7745661449042732, 16.140499528020136 -0.7687431824954234, 16.149018227119296 -0.7629233535530539, 16.157539089276625 -0.7571066920241979, 16.16606213595489 -0.7512932318841345, 16.17458738859419 -0.7454830071965175, 16.183114868625932 -0.7396760520586916, 16.19164459746144 -0.7338724006438797, 16.200176596497663 -0.7280720871796434, 16.2087108871169 -0.7222751459472246, 16.21724749068004 -0.716481611306402, 16.22578642853835 -0.7106915176513583, 16.234327722016793 -0.7049048994696316, 16.242871392431685 -0.6991217912792986, 16.25141746107355 -0.6933422276874078, 16.259965949219676 -0.687566243346612, 16.268516878126576 -0.6817938729782203, 16.277070269029398 -0.6760251513740084, 16.28562614314948 -0.6702601133713019, 16.294184521679853 -0.664498793900555, 16.3027454258036 -0.6587412279240924, 16.31130887667243 -0.6529874505030032, 16.319874895425972 -0.647237496736179, 16.32844350317614 -0.6414914018073404, 16.337014721015176 -0.6357492009604518, 16.345588570015003 -0.6300109294998263, 16.354165071218446 -0.6242766228163011, 16.36274424565491 -0.6185463163395925, 16.371326114318098 -0.612820045602392, 16.37991069818993 -0.607097846171081, 16.388498018216996 -0.6013797537109595, 16.3970880953284 -0.5956658039362659, 16.405680950424678 -0.5899560326389426, 16.414276604378575 -0.584250475686575, 16.42287507804324 -0.5785491689986438, 16.431476392234025 -0.5728521485945394, 16.44008056775255 -0.56715945052927, 16.448687625358236 -0.5614711109661267, 16.457297585794972 -0.5557871661080637, 16.46591046976857 -0.5501076522530662, 16.47452629795992 -0.5444326057611862, 16.48314509102132 -0.5387620630617783, 16.49176686956789 -0.5330960606743507, 16.500391654195695 -0.5274346351633744, 16.509019465454188 -0.5217778232030823, 16.51765032387732 -0.5161256615037134, 16.526284249951434 -0.510478186884449, 16.534921264141495 -0.5048354362131705, 16.543561386872618 -0.4991974464463506, 16.552204638535922 -0.4935642546160025, 16.560851039494295 -0.4879358978151477, 16.56950061006316 -0.4823124132393175, 16.578153370538807 -0.4766938381245033, 16.58680934116242 -0.4710802098223042, 16.59546854215619 -0.4654715657238264, 16.604130993690227 -0.4598679433263464, 16.61279671590559 -0.454269380186332, 16.62146572890241 -0.4486759139412678, 16.630138052736356 -0.4430875823167338, 16.638813707435233 -0.4375044230920573, 16.647492712968685 -0.4319264741584977, 16.656175089285934 -0.4263537734459799, 16.66486085627333 -0.4207863590019638, 16.67355003379285 -0.4152242689192136, 16.6822426416508 -0.4096675413916565, 16.69093869961502 -0.4041162146830193, 16.69963822741183 -0.3985703271303644, 16.708341244711555 -0.393029917169559, 16.717047771156608 -0.387495023284521, 16.72575782632045 -0.3819656840773247, 16.734471429753388 -0.3764419381891254, 16.743188600935714 -0.3709238243773337, 16.751909359316233 -0.3654113814515101, 16.760633724285118 -0.3599046483163848, 16.769361715183464 -0.354403663956336, 16.77809335131023 -0.3489084674219351, 16.786828651896137 -0.343419097870801, 16.795567636143197 -0.337935594504634, 16.804310323173823 -0.3324579966464995, 16.813056732083215 -0.3269863436605417, 16.82180688189009 -0.3215206750241255, 16.830560791573163 -0.3160610302737022, 16.839318480049595 -0.3106074490341487, 16.8480799661756 -0.3051599710179109, 16.85684526876441 -0.2997186359974409, 16.865614406548413 -0.2942834838579617, 16.87438739822952 -0.2888545545263172, 16.88316426241959 -0.2834318880511559, 16.89194501769786 -0.2780155245249424, 16.900729682560748 -0.2726055041488495, 16.90951827545498 -0.2672018671891742, 16.918310814762886 -0.2618046539942166, 16.92710731879328 -0.2564139050058518, 16.935907805810704 -0.251029660720747, 16.94471229398585 -0.2456519617514254, 16.95352080145622 -0.2402808487506335, 16.96233334625896 -0.2349163624911836, 16.971149946392032 -0.2295585437924752, 16.979970619764245 -0.2242074335773446, 16.988795384224176 -0.2188630728383801, 16.997624257552822 -0.2135255026441317, 17.006457257444584 -0.2081947641604424, 17.015294401547628 -0.2028708986036306, 17.02413570740307 -0.1975539473065175, 17.032981192515255 -0.1922439516412836, 17.04183087427772 -0.1869409530968002, 17.05068477003754 -0.1816449932106692, 17.05954289704587 -0.1763561136182654, 17.068405272482604 -0.1710743560275556, 17.07727191345633 -0.1657997622168965, 17.086142836975583 -0.1605323740633052, 17.095018060000058 -0.1552722334906292, 17.103897599368914 -0.1500193825376382, 17.11278147188026 -0.1447738632816573, 17.121669694210624 -0.139535717912045, 17.130562282982257 -0.1343049886679676, 17.139459254714197 -0.1290817178804999, 17.148360625842916 -0.1238659479541751, 17.157266412729104 -0.118657721358733, 17.166176631619773 -0.1134570806615997, 17.175091298709724 -0.108264068473792, 17.18401043005955 -0.1030787275176433, 17.19293404168395 -0.0979011005529482, 17.201862149464734 -0.0927312304457833, 17.21079476922145 -0.0875691601117974, 17.219731916662287 -0.0824149325524636, 17.22867360740158 -0.0772685908415316, 17.237619856972515 -0.0721301781130343, 17.246570680780987 -0.0669997375954517, 17.2555260941766 -0.0618773125577636, 17.264486112360714 -0.0567629463747606, 17.27345075048372 -0.051656682457045, 17.28242002355101 -0.0465585643147188, 17.291393946497877 -0.0414686355057913, 17.30037253413908 -0.0363869396677003, 17.30935580118453 -0.0313135205069573, 17.318343762256607 -0.0262484217854727, 17.32733643183687 -0.0211916873541854, 17.33633382434585 -0.0161433611013606, 17.345335954041506 -0.0111034870137559, 17.354342835125635 -0.0060721091115958, 17.363354481642062 -0.0010492715067101, 17.372370907556995 0.0039649816442612, 17.38139212670586 0.0089706061121511, 17.390418152808618 0.0139675576038316, 17.39944899949034 0.0189557917758621, 17.40848468022201 0.0239352642032656, 17.417525208408172 0.0289059304271885, 17.426570597276218 0.0338677458994298, 17.435620859992177 0.0388206660414085, 17.44467600955024 0.04376464619209, 17.453736058860045 0.0486996416500511, 17.46280102068893 0.0536256076490071, 17.471870907678916 0.0585424993656031, 17.480945732368635 0.0634502719317148, 17.49002550712977 0.0683488804071261, 17.49911024426154 0.0732382798216477, 17.5081999558713 0.0781184251267211, 17.51729465399989 0.0829892712472361, 17.526394350501654 0.0878507730362468, 17.53549905714007 0.0927028853120182, 17.54460878552363 0.0975455628366659, 17.553723547126552 0.1023787603236923, 17.56284335330996 0.1072024324481104, 17.5719682152559 0.1120165338241256, 17.581098144067262 0.1168210190404759, 17.590233150640305 0.1216158426203703, 17.599373245799804 0.126400959064995, 17.60851844016865 0.131176322815989, 17.617668744273317 0.1359418882867781, 17.626824168471575 0.1406976098447281, 17.635984722978844 0.1454434418183936, 17.645150417886782 0.1501793385051414, 17.65432126309653 0.1549052541544768, 17.66349726842279 0.1596211429956846, 17.67267844345914 0.1643269592072463, 17.681864797722827 0.1690226569507993, 17.691056340513285 0.1737081903426147, 17.700253081028784 0.1783835134781259, 17.709455028284236 0.1830485804184164, 17.71866219114518 0.1877033451966444, 17.727874578341837 0.1923477618233824, 17.737092198403353 0.1969817842758003, 17.746315059764623 0.2016053665169949, 17.75554317062538 0.2062184624758377, 17.7647765391042 0.2108210260701508, 17.774015173085807 0.2154130111885861, 17.783259080349694 0.2199943717069363, 17.792508268476723 0.2245650614802566, 17.80176274489244 0.2291250343474471, 17.81102251687473 0.233674244134941, 17.820287591490953 0.2382126446515063, 17.829557975705878 0.2427401896990362, 17.838833676235772 0.2472568330635852, 17.848114699710997 0.251762528526559, 17.85740105251219 0.2562572298584906, 17.866692740911255 0.260740890825482, 17.875989770966047 0.2652134651885804, 17.885292148573956 0.2696749067051189, 17.89459987947217 0.2741251691317759, 17.903912969178798 0.2785642062244324, 17.913231423100818 0.2829919717404528, 17.92255524638424 0.2874084194414328, 17.931884444084403 0.2918135030913459, 17.94121902099168 0.2962071764636839, 17.950558981784617 0.3005893933363021, 17.959904330912565 0.3049601074998151, 17.969255072660026 0.3093192727541048, 17.978611211138812 0.3136668429119825, 17.987972750234043 0.3180027718033279, 17.99733969371122 0.322327013269059, 18.006712045063356 0.3266395211759525, 18.016089807688235 0.3309402494008234, 18.025472984704287 0.3352291518524514, 18.03486157911527 0.3395061824531261, 18.044255593681495 0.3437712951577465, 18.053655030994435 0.3480244439439226, 18.063059893461144 0.3522655828175181, 18.07247018325501 0.3564946658202846, 18.081885902421835 0.3607116470157075, 18.091307052724456 0.3649164805161547, 18.1007336358261 0.369109120452355, 18.110165653097415 0.37328952101164, 18.11960310579163 0.3774576364044627, 18.12904599490571 0.3816134208955332, 18.138494321263934 0.3857568287862292, 18.14794808549587 0.3898878144229041, 18.15740728799079 0.3940063322074895, 18.166871929003527 0.39811233657539, 18.176342008496196 0.4022057820355482, 18.185817526327515 0.4062866231240503, 18.195298482052277 0.4103548144592636, 18.204784875105116 0.4144103106925584, 18.214276704653543 0.4184530665528756, 18.22377396968823 0.4224830368206333, 18.233276668996886 0.4265001763391538, 18.24278480112024 0.4305044400283722, 18.252298364459413 0.4344957828540111, 18.261817357113905 0.4384741598813116, 18.271341777076696 0.4424395262119024, 18.28087162202729 0.4463918370570974, 18.29040688952196 0.4503310476718054, 18.29994757684179 0.4542571134127333, 18.309493681086256 0.4581699897038973, 18.31904519914643 0.4620696320505207, 18.328602127659472 0.4659559960568805, 18.338164463119913 0.4698290373854461, 18.347732201712496 0.4736887118257788, 18.357305339513243 0.4775349752133165, 18.36688387227736 0.481367783521666, 18.376467795633328 0.4851870927794995, 18.38605710492975 0.4889928591417492, 18.39565179532773 0.4927850388480577, 18.40525186177819 0.4965635882371802, 18.414857298970396 0.5003284637713616, 18.424468101450802 0.5040796219828607, 18.434084263448526 0.5078170195602943, 18.443705779082784 0.5115406132477133, 18.45333264214737 0.5152503599563724, 18.462964846305017 0.518946216665339, 18.47260238493805 0.5226281405037291, 18.482245251233838 0.526296088705072, 18.49189343817208 0.5299500186184138, 18.50154693846208 0.5335898877432595, 18.51120574467326 0.5372156536596356, 18.520869849051 0.5408272741350048, 18.530539243730388 0.5444247070018275, 18.540213920520003 0.548007910288423, 18.54989387109174 0.5515768421055754, 18.55957908684117 0.5551314607365812, 18.569269558959334 0.5586717245925142, 18.578965278436495 0.5621975922146727, 18.588666235982345 0.5657090223264463, 18.598372422172943 0.5692059737394781, 18.608083827255946 0.5726884054829642, 18.617800441368697 0.5761562766606995, 18.62752225432488 0.5796095466006361, 18.63724925579382 0.5830481747310913, 18.64698143517875 0.586472120670446, 18.656718781666935 0.5898813441914543, 18.666461284257487 0.5932758052057349, 18.676208931659104 0.5966554638394672, 18.685961712455107 0.6000202803138638, 18.69571961489684 0.603370215103443, 18.70548262712422 0.6067052287687716, 18.715250736962485 0.6100252821183286, 18.72502393208214 0.6133303360828142, 18.734802199903918 0.6166203517959752, 18.744585527618472 0.6198952905786322, 18.754373902245426 0.6231551138948355, 18.764167310503908 0.6263997834606561, 18.77396573899742 0.6296292610912971, 18.783769173999136 0.6328435088876679, 18.793577601667465 0.6360424890507955, 18.803391007861773 0.6392261640483151, 18.813209378272752 0.642394496498476, 18.82303269836425 0.6455474492279618, 18.832860953354103 0.6486849852895031, 18.842694128310047 0.6518070678775997, 18.852532207991253 0.6549136604788294, 18.862375177049973 0.6580047266828581, 18.87222301981663 0.661080230393519, 18.882075720499166 0.6641401356347436, 18.891933263030545 0.66718440670596, 18.901795631157537 0.6702130080933747, 18.91166280842767 0.6732259044923314, 18.92153477812425 0.6762230608757729, 18.93141152340349 0.6792044423503385, 18.941293027111577 0.6821700143489544, 18.951179271993087 0.6851197424135868, 18.961070240488628 0.6880535924196849, 18.970965914902873 0.6909715303923238, 18.980866277297384 0.6938735226310823, 18.990771309526526 0.6967595356695375, 19.000680993280252 0.6996295362322257, 19.010595309971947 0.7024834913652431, 19.020514240907946 0.7053213682418606, 19.030437767088166 0.708143134402124, 19.04036586940855 0.710948757511561, 19.05029852849005 0.7137382055746401, 19.060235724798012 0.7165114467877973, 19.07017743859435 0.7192684496056287, 19.080123649912064 0.7220091827731279, 19.090074338654144 0.7247336152047723, 19.100029484439368 0.7274417161863664, 19.109989066792878 0.7301334551280769, 19.1199530649523 0.7328088018270176, 19.129921458039597 0.7354677262366149, 19.139894224941727 0.7381101986359427, 19.149871344365895 0.7407361895532105, 19.15985279485968 0.7433456697446328, 19.169838554723473 0.7459386103198082, 19.179828602157432 0.7485149825344026, 19.18982291508277 0.7510747580530355, 19.19982147132887 0.7536179086772821, 19.209824248468735 0.7561444066048766, 19.219831223937216 0.7586542242470614, 19.22984237498434 0.7611473343000322, 19.2398576786577 0.7636237097720394, 19.249877111888043 0.7660833238589748, 19.259900651350897 0.7685261501680939, 19.269928273639124 0.7709521624422578, 19.279959955089016 0.7733613348512915, 19.289995671933116 0.775753641738335, 19.300035400198215 0.7781290577998833, 19.31007911574811 0.7804875580123856, 19.32012679431101 0.7828291175924913, 19.3301784113928 0.7851537121511053, 19.340233942415168 0.7874613174520347, 19.350293362553984 0.7897519097094385, 19.3603566469032 0.7920254652888556, 19.37042377034216 0.7942819609621916, 19.380494707623157 0.7965213737421709, 19.390569433347643 0.7987436809368296, 19.400647921930236 0.8009488602200804, 19.410730147694423 0.8031368894497302, 19.420816084739187 0.8053077469385088, 19.430905707093558 0.8074614111430957, 19.440998988573575 0.8095978609675112, 19.45109590289695 0.8117170755227385, 19.461196423621754 0.813819034266369, 19.471300524153357 0.8159037169876141, 19.48140817779685 0.8179711037056074, 19.491519357656387 0.8200211749018385, 19.501634036772057 0.8220539112051529, 19.511752187985113 0.8240692937014082, 19.521873784061235 0.8260673036518225, 19.531998797604004 0.8280479227131432, 19.54212720109387 0.8300111328427912, 19.55225896690754 0.8319569162604529, 19.562394067252658 0.8338852556139478, 19.572532474274798 0.8357961337130624, 19.58267415993437 0.8376895338562281, 19.59281909613049 0.8395654395053244, 19.602967254605698 0.8414238345530682, 19.61311860700501 0.8432647031608477, 19.6232731248688 0.8450880297906805, 19.633430779595802 0.8468937993117278, 19.6435915425242 0.8486819967738349, 19.653755384828468 0.8504526077191816, 19.663922277632707 0.8522056178439251, 19.674092191915413 0.8539410133028532, 19.68426509857827 0.8556587804933002, 19.69444096842191 0.8573589061472251, 19.70461977213055 0.8590413773822076, 19.714801480330603 0.8607061815151423, 19.7249860635087 0.8623533063478654, 19.73517349210894 0.8639827398347644, 19.74536373644184 0.865594470429902, 19.7555567667564 0.8671884868176767, 19.765752553210884 0.8687647780302101, 19.775951065872018 0.8703233334502053, 19.786152274753174 0.8718641426789279, 19.796356149750753 0.8733871957992028, 19.806562660725973 0.8748924830435378, 19.81677177742818 0.8763799951347993, 19.826983469560144 0.8778497230014441, 19.837197706743293 0.8793016579526434, 19.84741445852529 0.8807357916432288, 19.857633694407003 0.8821521159622215, 19.86785538379514 0.8835506232717851, 19.878079496067762 0.8849313060845875, 19.88830600051141 0.886294157409499, 19.898534866377187 0.8876391704491021, 19.908766062849285 0.888966338799656, 19.9189995590556 0.8902756563885915, 19.929235324085884 0.8915671173875374, 19.93947332695764 0.8928407164323997, 19.949713536666238 0.8940964483102793, 19.959955922136775 0.8953343083063682, 19.970200452268493 0.8965542918913603, 19.980447095910215 0.8977563949335243, 19.990695821870304 0.8989406136199919, 20.00094659892779 0.900106944398197, 20.01119939580798 0.90125538419408, 20.021454181221024 0.9023859300817603, 20.031710923831287 0.9034985796067834, 20.041969592286726 0.9045933304876017, 20.052230155201666 0.9056701808441254, 20.062492581164022 0.9067291291116102, 20.07275683874449 0.9077701739729457, 20.083022896482692 0.9087933145609436, 20.093290722909444 0.9097985501564348, 20.103560286528772 0.9107858805293242, 20.11383155583539 0.9117553056267084, 20.124104499308228 0.912706825788565, 20.134379085413716 0.9136404416655515, 20.144655282611975 0.9145561541498319, 20.154933059351677 0.9154539645794949, 20.16521238407914 0.9163338744366433, 20.175493225235357 0.917195885683471, 20.185775551259688 0.9180400004588402, 20.196059330592842 0.9188662212823966, 20.20634453167661 0.9196745509850444, 20.216631122956866 0.920464992627728, 20.226919072887544 0.9212375497137766, 20.237208349926373 0.9219922258852998, 20.247498922546466 0.9227290252528196, 20.25779075922705 0.9234479521065357, 20.26808382846375 0.924149011115527, 20.278378098766424 0.9248322072773066, 20.288673538658944 0.9254975457936045, 20.298970116694395 0.9261450322828417, 20.30926780143551 0.9267746724942157, 20.319566561479913 0.9273864726339076, 20.32986636543963 0.9279804390931683, 20.34016718195843 0.9285565786028328, 20.350468979709994 0.929114898214078, 20.36077172738894 0.9296554051735502, 20.37107539373707 0.9301781071643649, 20.381379947511 0.9306830119975228, 20.391685357520885 0.9311701279169241, 20.401991592600723 0.9316394633577063, 20.41229862162807 0.9320910270682378, 20.422606413526328 0.932524828126265, 20.43291493724564 0.9329408757839499, 20.4432241618029 0.9333391797247292, 20.4535340562351 0.9337197497564562, 20.463844589648986 0.934082596095595, 20.474155731185927 0.9344277291606379, 20.484467450039915 0.9347551596526805, 20.494779715468088 0.9350648986118548, 20.50509249675831 0.9353569572304357, 20.515405763284328 0.9356313471211228, 20.525719484445617 0.9358880800219426, 20.536033629724553 0.9361271680695438, 20.546348168650656 0.9363486236265459, 20.556663070812235 0.9365524592916904, 20.56697830587988 0.9367386879936692, 20.577293843557335 0.936907322793368, 20.587609653651985 0.9370583771640668, 20.597925706003814 0.9371918647068205, 20.608241970546082 0.9373077993682324, 20.618558417274517 0.9374061953263063, 20.62887501624575 0.9374870669718328, 20.639191737617836 0.9375504290493686, 20.649508551583633 0.9375962964200201, 20.659825428455218 0.9376246843366569, 20.67014233858627 0.9376356081878546, 20.680459252429593 0.9376290836700885, 20.69077614051808 0.9376051267285929, 20.701092973444897 0.9375637534862588, 20.711409721924394 0.9375049804224923, 20.721726356707748 0.9374288241218102, 20.732042848677292 0.9373353015348072, 20.742359168768893 0.9372244297609229, 20.75267528801893 0.9370962261662846, 20.762991177563816 0.9369507083825378, 20.77330680859716 0.9367878941863048, 20.783622152452615 0.936607801707952, 20.793937180504162 0.9364104491776722, 20.80425186426427 0.9361958551597905, 20.814566175314432 0.9359640383849045, 20.824880085333707 0.9357150178160717, 20.835193566123248 0.9354488127070173, 20.845506589537 0.935165442424409, 20.855819127584887 0.9348649266619147, 20.86613115232342 0.9345472852111378, 20.87644263594966 0.9342125381622197, 20.886753550748814 0.9338607057922178, 20.89706386909626 0.9334918085597057, 20.907373563511243 0.9331058672126078, 20.91768260656235 0.9327029025952506, 20.927990970986173 0.9322829358769467, 20.938298629576543 0.9318459883370525, 20.94860555526401 0.9313920815084591, 20.958911721089557 0.9309212371288434, 20.969217100174355 0.9304334770789674, 20.97952166580444 0.9299288235333147, 20.98982539131427 0.9294072987506906, 21.000128250211496 0.9288689252865011, 21.010430216076898 0.9283137258209022, 21.020731262618458 0.9277417232435152, 21.031031363679205 0.9271529406662715, 21.041330493171326 0.9265474013110437, 21.051628625189466 0.9259251286886994, 21.061925733880102 0.9252861463910834, 21.072221793561038 0.9246304782712629, 21.082516778644052 0.9239581483254652, 21.092810663654056 0.9232691807160976, 21.103103423276035 0.9225635998406749, 21.113395032254672 0.9218414301817642, 21.123685465528588 0.9211026964960565, 21.133974698097717 0.9203474236268088, 21.14426270512466 0.919575636645705, 21.154549461891587 0.9187873607921443, 21.164834943776427 0.9179826214270894, 21.17511912633946 0.9171614441421623, 21.18540198519566 0.9163238545985437, 21.195683496156924 0.9154698787086709, 21.205963635113118 0.9145995424841132, 21.216242378100265 0.9137128721148703, 21.226519701300973 0.9128098939698801, 21.23679558097689 0.9118906345116058, 21.247069993590834 0.9109551204399825, 21.257342915661948 0.9100033785205182, 21.26761432389979 0.9090354357354382, 21.27788419511499 0.9080513191819546, 21.288152506243627 0.9070510560950954, 21.298419234395688 0.9060346739009747, 21.3086843567463 0.9050022000952492, 21.318947850681745 0.9039536623974553, 21.329209693654313 0.9028890885966625, 21.33946986329161 0.9018085066613521, 21.34972833735031 0.9007119446920235, 21.35998509368952 0.8995994308905095, 21.370240110366133 0.8984709936539531, 21.38049336549513 0.8973266614356897, 21.39074483740156 0.8961664628892991, 21.400994504495213 0.894990426748912, 21.411242345338938 0.8937985818895149, 21.42148833865451 0.8925909573323088, 21.431732463244714 0.8913675821706301, 21.44197469812691 0.8901284856882452, 21.452215022378397 0.8888736972215047, 21.462453415274563 0.8876032462766364, 21.472689856201633 0.8863171624548414, 21.482924324672243 0.8850154754613481, 21.493156800386135 0.8836982151552215, 21.503387263108397 0.8823654114488482, 21.513615692825322 0.8810170944344585, 21.523842069595336 0.8796532942623378, 21.53406637365326 0.878274041216409, 21.54428858537501 0.8768793656874913, 21.55450868523587 0.8754692981395944, 21.564726653920676 0.8740438691909668, 21.574942472173323 0.8726031095026848, 21.585156120951286 0.8711470498886372, 21.595367581306306 0.8696757212300174, 21.60557683443866 0.8681891545101811, 21.615783861721013 0.8666873808310082, 21.625988644602312 0.8651704313451835, 21.636191164754184 0.8636383373529416, 21.64639140391211 0.8620911301964169, 21.656589344006388 0.860528841341936, 21.66678496709083 0.8589515023345462, 21.676978255337023 0.8573591447916249, 21.687169191116052 0.8557518004529339, 21.69735775686109 0.8541295010953552, 21.707543935227267 0.8524922786266751, 21.717727708950243 0.8508401650019886, 21.72790906093275 0.8491731922711232, 21.738087974233245 0.847491392572174, 21.74826443199935 0.8457947980918873, 21.758438417596707 0.8440834411356994, 21.768609914450764 0.8423573540410622, 21.77877890619417 0.8406165692536602, 21.78894537656658 0.8388611192750264, 21.79910930944213 0.8370910366740585, 21.809270688880872 0.8353063541127553, 21.819429499010774 0.8335071042859914, 21.829585724183694 0.8316933199960748, 21.839739348821645 0.829865034078713, 21.849890357528007 0.8280222794528986, 21.860038735045023 0.8261650891013654, 21.87018446621692 0.8242934960516975, 21.880327536096964 0.8224075334232409, 21.8904679297972 0.8205072343605034, 21.9006056326438 0.8185926320977682, 21.910740630055532 0.8166637599080431, 21.920872907599644 0.8147206511236935, 21.93100245101415 0.8127633391453601, 21.941129246112364 0.8107918574025189, 21.951253278928093 0.8088062394086298, 21.96137453555809 0.8068065187008088, 21.971493002290362 0.8047927288854124, 21.981608665535777 0.8027649036132495, 21.991721511818877 0.8007230765742377, 22.00183152786154 0.7986672815260778, 22.01193870044545 0.7965975522463493, 22.022043016568617 0.7945139225832669, 22.032144463309624 0.7924164264112216, 22.042243027906412 0.7903050976538036, 22.052338697752223 0.788179970282562, 22.06243146032325 0.7860410782930657, 22.072521303308893 0.7838884557423086, 22.082608214456837 0.7817221367037748, 22.092692181711772 0.779542155304942, 22.10277319312668 0.7773485457029283, 22.11285123687814 0.775141342086557, 22.12292630132681 0.7729205786918509, 22.13299837489555 0.7706862897700093, 22.14306744622166 0.7684385096237112, 22.153133504013276 0.7661772725724848, 22.16319653714544 0.763902612973157, 22.173256534633477 0.7616145652138945, 22.18331348558286 0.7593131637016423, 22.193367379302728 0.7569984428855993, 22.203418205157718 0.7546704372260683, 22.21346595271155 0.7523291812214818, 22.223510611623396 0.7499747093884951, 22.23355217168368 0.7476070562668439, 22.24359062285315 0.7452262564261987, 22.253625955157794 0.742832344446864, 22.263658158832925 0.7404253549427182, 22.273687224177117 0.7380053225375978, 22.28371314166041 0.7355722818801953, 22.293735901878982 0.7331262676374848, 22.30375549552534 0.7306673144889986, 22.31377191348447 0.7281954571392788, 22.323785146695332 0.7257107302994271, 22.333795186295003 0.723213168703318, 22.343802023504857 0.7207028070944508, 22.353805649682986 0.718179680230042, 22.36380605634411 0.7156438228830228, 22.373803235071307 0.7130952698322991, 22.38379717764951 0.7105340558740416, 22.393787875921095 0.7079602158091229, 22.403775321901662 0.7053737844507791, 22.413759507720034 0.7027747966203097, 22.42374042560619 0.7001632871447943, 22.433718067970656 0.6975392908615876, 22.443692427277202 0.6949028426105929, 22.453663496184266 0.692253977240059, 22.463631267425058 0.6895927296013616, 22.47359573387277 0.6869191345499108, 22.48355688854403 0.6842332269452516, 22.493514724526612 0.681535041648095, 22.50346923510115 0.6788246135220669, 22.51342041360118 0.6761019774313543, 22.523368253532883 0.6733671682403399, 22.533312748504006 0.6706202208135011, 22.543253892226822 0.6678611700140672, 22.553191678582035 0.6650900507032288, 22.563126101503272 0.6623068977410205, 22.573057155113425 0.6595117459825653, 22.5829848336021 0.6567046302811625, 22.592909131300186 0.6538855854846111, 22.60283004266953 0.6510546464356044, 22.612747562245346 0.6482118479730491, 22.6226616847457 0.6453572249262489, 22.63257240493804 0.6424908121216661, 22.642479717759933 0.6396126443746372, 22.652383618240098 0.6367227564945138, 22.662284101513738 0.6338211832822812, 22.67218116287251 0.6309079595266165, 22.68207479766081 0.627983120011537, 22.691965001405457 0.6250466995043783, 22.701851769693178 0.6220987327668902, 22.711735098251534 0.6191392545461154, 22.72161498292744 0.6161682995766276, 22.731491419642694 0.6131859025842825, 22.741364404491456 0.6101920982747571, 22.751233933614376 0.6071869213480184, 22.76110000331821 0.604170406482464, 22.770962609991543 0.6011425883458316, 22.780821750130166 0.5981035015905947, 22.79067742037465 0.5950531808485943, 22.800529617418185 0.5919916607436557, 22.810378338128416 0.588918975872593, 22.820223579427182 0.5858351608237184, 22.830065338375256 0.5827402501620621, 22.839903612142027 0.5796342784344554, 22.84973839797254 0.576517280174172, 22.859569693273563 0.5733892898854235, 22.869397495495924 0.57025034206423, 22.87922180225134 0.5671004711757051, 22.889042611225108 0.5639397116707863, 22.898859920209276 0.5607680979786112, 22.90867372712953 0.5575856645010161, 22.918484029963874 0.554392445628608, 22.9282908268562 0.5511884757160735, 22.938094115999583 0.5479737891073236, 22.947893895723077 0.5447484201152104, 22.957690164454448 0.5415124030300366, 22.967482920697208 0.5382657721238904, 22.977272163105983 0.5350085616324664, 22.98705789037736 0.5317408057810793, 22.996840101362704 0.5284625387559647, 23.0066187949796 0.5251737947265935, 23.01639397025105 0.5218746078345468, 23.026165626323017 0.518565012188862, 23.035933762393405 0.5152450418843149, 23.04569837781693 0.5119147309723421, 23.055459471993245 0.5085741134918431, 23.065217044454077 0.5052232234436256, 23.074971094820718 0.5018620948026603, 23.084721622789733 0.4984907615213664, 23.094468628198392 0.4951092575099637, 23.104212110924074 0.4917176166663527, 23.113952070992188 0.4883158728422989, 23.123688508487767 0.4849040598709405, 23.133421423599163 0.4814822115519936, 23.14315081662762 0.4780503616486759, 23.15287668792569 0.4746085439070756, 23.162599037993573 0.4711567920238383, 23.172317867372577 0.4676951396816938, 23.182033176731636 0.4642236205191677, 23.191744966820764 0.4607422681466715, 23.201453238464325 0.4572511161480164, 23.211157992617185 0.4537501980602858, 23.220859230272644 0.4502395474065138, 23.230556952564935 0.4467191976576834, 23.24025116068193 0.4431891822649159, 23.249941855912244 0.4396495346409538, 23.259629039647745 0.4361002881592167, 23.26931271333094 0.4325414761733172, 23.278992878542667 0.428973131982603, 23.2886695369016 0.4253952888714526, 23.298342690149024 0.421807980074773, 23.308012340099516 0.4182112387979147, 23.317678488640716 0.4146050982159193, 23.32734113778086 0.4109895914538246, 23.337000289565147 0.4073647516210549, 23.346655946172334 0.4037306117701265, 23.35630810982933 0.4000872049329836, 23.365956782860955 0.396434564098823, 23.37560196768605 0.3927727222157559, 23.385243666773363 0.3891017122095675, 23.394881882720785 0.3854215669481638, 23.40451661816102 0.3817323192836939, 23.41414787584426 0.3780340020143895, 23.42377565858652 0.3743266479082409, 23.43339996927557 0.3706102896995387, 23.443020810910074 0.3668849600704314, 23.452638186524354 0.3631506916860317, 23.462252099278878 0.3594075171507808, 23.471862552377246 0.3556554690483017, 23.481469549117875 0.3518945799156162, 23.491073092884406 0.3481248822478224, 23.500673187109705 0.344346408515317, 23.510269835346634 0.3405591911281929, 23.51986304118025 0.3367632624802213, 23.529452808307816 0.3329586549076115, 23.53903914048544 0.3291454007163595, 23.548622041539527 0.3253235321756274, 23.558201515398018 0.3214930815013631, 23.567777566023402 0.317654080891151, 23.577350197496862 0.3138065624791972, 23.58691941393811 0.3099505583790565, 23.596485219558534 0.306086100654243, 23.60604761864623 0.3022132213263589, 23.61560661553805 0.2983319523902619, 23.625162214682078 0.294442325779786, 23.634714420556293 0.2905443734120726, 23.64426323774542 0.2866381271433814, 23.653808670886335 0.2827236188002299, 23.663350724684864 0.2788008801693977, 23.672889403939163 0.2748699429844498, 23.6824247134811 0.2709308389592534, 23.691956658253822 0.2669835997425246, 23.70148524323477 0.2630282569628287, 23.71101047349005 0.2590648421959072, 23.72053235415427 0.2550933869766601, 23.730050890410386 0.2511139228107203, 23.739566087543444 0.2471264811418796, 23.74907795086633 0.2431310933968956, 23.758586485793725 0.2391277909399123, 23.768091697786172 0.235116605106813, 23.777593592372046 0.2310975671910797, 23.787092175163 0.2270707084341041, 23.796587451804047 0.2230360600561722, 23.806079428043944 0.2189936532116737, 23.815568109661932 0.2149435190356034, 23.825053502523016 0.210885688607701, 23.834535612552706 0.206820192968713, 23.844014445724877 0.2027470631278169, 23.853490008106604 0.1986663300332803, 23.86296230579128 0.1945780246160244, 23.87243134496892 0.1904821777429034, 23.881897131869394 0.1863788202543271, 23.891359672789516 0.1822679829457502, 23.90081897410046 0.1781496965626946, 23.91027504220678 0.1740239918279967, 23.919727883609333 0.1698908993989424, 23.929177504836005 0.1657504499143465, 23.93862391249775 0.1616026739557613, 23.948067113258194 0.1574476020684048, 23.95750711382972 0.153285264763497, 23.966943921009054 0.1491156924933893, 23.976377541618216 0.144938915692656, 23.985807982570734 0.1407549647312258, 23.995235250814307 0.1365638699548719, 24.00465935336303 0.1323656616619356, 24.0140802972964 0.1281603701039947, 24.023498089727966 0.1239480255080743, 24.032912737859952 0.1197286580371365, 24.042324248918757 0.1155022978366239, 24.051732630211227 0.1112689749932066, 24.061137889089277 0.1070287195606428, 24.07054003295445 0.1027815615560879, 24.079939069283707 0.0985275309410506, 24.08933500557887 0.0942666576585409, 24.098727849428087 0.0899989715872398, 24.10811760844842 0.0857245025842422, 24.117504290323073 0.0814432804569455, 24.126887902791797 0.077155334970213, 24.136268453629697 0.0728606958620282, 24.145645950692536 0.0685593928088613, 24.155020401858163 0.0642514554705544, 24.16439181508288 0.0599369134484676, 24.173760198360924 0.0556157963156135, 24.18312555973721 0.0512881336048812, 24.19248790732248 0.0469539547969912, 24.201847249252815 0.0426132893529037, 24.211203593745083 0.0382661666708385, 24.2205569490405 0.0339126161300495, 24.229907323446312 0.0295526670579966, 24.239254725317497 0.0251863487446733, 24.248599163046414 0.020813690450552, 24.257940645097978 0.0164347213788398, 24.2672791799578 0.0120494707163203, 24.27661477618662 0.0076579675900231, 24.28594744237598 0.0032602411024892, 24.295277187170228 -0.0011436796859688, 24.30460401927063 -0.0055537657605538, 24.313927947405432 -0.0099699881281401, 24.323248980377276 -0.0143923178555063, 24.332567127009618 -0.0188207260261779, 24.341882396191785 -0.0232551837769604, 24.35119479685222 -0.0276956622762652, 24.360504337959586 -0.032142132725202, 24.369811028546255 -0.0365945663766384, 24.379114877665266 -0.0410529345002827, 24.38841589444143 -0.0455172084244171, 24.397714088024188 -0.0499873594974208, 24.40700946761789 -0.0544633591126612, 24.41630204247423 -0.0589451787022972, 24.42559182187464 -0.0634327897229219, 24.434878815167792 -0.0679261636863497, 24.444163031720926 -0.0724252721196547, 24.453444480966606 -0.0769300866038076, 24.462723172368275 -0.081440578745203, 24.471999115433135 -0.0859567201863894, 24.481272319722613 -0.0904784826146807, 24.490542794820353 -0.0950058377357824, 24.499810550377248 -0.099538757311035, 24.509075596063955 -0.1040772131181355, 24.51833794160807 -0.1086211769819044, 24.527597596774914 -0.1131706207584077, 24.53685457136359 -0.1177255163317524, 24.546108875231965 -0.1222858356348972, 24.555360518256123 -0.1268515506155555, 24.564609510376652 -0.1314226332730946, 24.57385586155789 -0.1359990556259846, 24.58309958181131 -0.1405807897332769, 24.592340681192017 -0.1451678076915546, 24.60157916978085 -0.1497600816186291, 24.61081505771966 -0.1543575836825061, 24.620048355167196 -0.158960286065139, 24.62927907234039 -0.1635681609965864, 24.638507219484715 -0.1681811807304966, 24.647732806884477 -0.1727993175524745, 24.65695584487313 -0.1774225437886275, 24.666176343804192 -0.1820508317814888, 24.67539431409159 -0.186684153923256, 24.68460976616722 -0.1913224826208646, 24.69382271051438 -0.1959657903232372, 24.70303315765015 -0.2006140495069082, 24.712241118122584 -0.2052672326736379, 24.721446602532307 -0.209925312367987, 24.73064962149665 -0.2145882611480455, 24.739850185690724 -0.2192560516186965, 24.749048305810277 -0.2239286564015147, 24.75824399259532 -0.2286060481536471, 24.76743725682433 -0.2332881995631906, 24.77662810930045 -0.2379750833379593, 24.785816560881116 -0.242666672229114, 24.79500262243906 -0.2473629390000299, 24.804186304900476 -0.252063856456401, 24.81336761921554 -0.256769397422919, 24.82254657637261 -0.2614795347542601, 24.8317231874031 -0.266194241338901, 24.840897463357155 -0.2709134900799099, 24.85006941533531 -0.2756372539196324, 24.85923905445432 -0.2803655058129347, 24.868406391892684 -0.2850982187621082, 24.877571438863058 -0.2898353657956244, 24.88673420657842 -0.2945769199422264, 24.895894706251784 -0.2993228542306616, 23.42989542754528 -2.6589029869153475, 23.422005862435547 -2.6532918517132016, 23.414115759390462 -2.6476814729280838, 23.40622509905715 -2.6420718779619383, 23.39833386208276 -2.6364630942167127, 23.39044202911377 -2.6308551490957077, 23.38254958075993 -2.625248070074751, 23.374656497576513 -2.619641884737381, 23.36676276010155 -2.614036620701996, 23.35886834882608 -2.6084323056827947, 23.35097324422568 -2.6028289674256153, 23.343077426729728 -2.597226633772197, 23.33518087674042 -2.591625332620748, 23.32728357462826 -2.5860250919367624, 23.319385500722824 -2.58042593977272, 23.311486635334585 -2.5748279042224707, 23.303586958723642 -2.569231013489202, 23.295686451134415 -2.563635295810527, 23.287785092763688 -2.5580407795297466, 23.279882863784337 -2.5524474930432577, 23.271979744333613 -2.5468554648283317, 23.264075714511034 -2.541264723447866, 23.25617075439379 -2.5356752975163794, 23.248264844010375 -2.5300872157613745, 23.240357963373476 -2.5245005069473874, 23.232450092445873 -2.5189151999572066, 23.224541211170003 -2.5133313237219834, 23.21663129944767 -2.507748907271188, 23.208720337148065 -2.50216797971332, 23.200808304113018 -2.496588570224534, 23.192895180139153 -2.4910107080926727, 23.184980945005613 -2.4854344226496896, 23.177065578440814 -2.4798597433558456, 23.169149060155934 -2.4742866997152304, 23.161231369815223 -2.4687153213519784, 23.15331248705624 -2.4631456379587258, 23.14539239148289 -2.457577679317675, 23.137471062660946 -2.452011475312555, 23.12954848013386 -2.446447055887235, 23.12162462339647 -2.4408844511165895, 23.113699471927205 -2.4353236911203218, 23.10577300515465 -2.4297648061555273, 23.097845202487534 -2.4242078265342726, 23.089916043292423 -2.418652782687418, 23.0819855069056 -2.4130997051311764, 23.07405357263299 -2.407548624469208, 23.066120219738632 -2.4019995714258258, 23.058185427466384 -2.3964525767845224, 23.05024917501084 -2.3909076714739284, 23.042311441549987 -2.3853648864720056, 23.03437220621344 -2.3798242529024902, 23.02643144810943 -2.3742858019537647, 23.018489146306006 -2.3687495649378865, 23.010545279839672 -2.3632155732641538, 23.002599827717873 -2.3576838584333815, 22.99465276890598 -2.3521544520790068, 22.98670408234949 -2.3466273858983047, 22.978753746945387 -2.3411026917450783, 22.970801741573943 -2.3355804015275954, 22.962848045067783 -2.330060547311461, 22.954892636238583 -2.324543161231611, 22.94693549385778 -2.3190282755591136, 22.938976596666862 -2.3135159226663204, 22.93101592337717 -2.3080061350298853, 22.923053452660454 -2.3024989452637667, 22.91508916316727 -2.2969943860568276, 22.907123033501747 -2.2914924902626344, 22.89915504225126 -2.2859932907951612, 22.891185167955893 -2.2804968207405176, 22.88321338913696 -2.2750031132534665, 22.875239684273733 -2.2695122016457314, 22.867264031819747 -2.2640241193251525, 22.859286410195196 -2.2585388998273945, 22.851306797785938 -2.2530565768199144, 22.84332517295284 -2.2475771840670657, 22.83534151401407 -2.242100755499175, 22.827355799269842 -2.236627325119146, 22.81936800697578 -2.231156927112709, 22.811378115371134 -2.2256895957329594, 22.80338610265107 -2.2202253654158723, 22.79539194699074 -2.214764270680912, 22.787395626527292 -2.2093063462100404, 22.77939711937134 -2.203851626798957, 22.77139640360333 -2.1984001473760775, 22.763393457269835 -2.1929519430189464, 22.755388258394785 -2.1875070489076203, 22.747380784962353 -2.1820655004025475, 22.73937101493933 -2.1766273329449417, 22.731358926249957 -2.1711925821751548, 22.7233444968026 -2.165761283808895, 22.71532770446442 -2.1603334737610203, 22.707308527084333 -2.154909188035179, 22.699286942474796 -2.149488462817181, 22.691262928425044 -2.1440713344089137, 22.68323646269429 -2.1386578392674647, 22.675207523012833 -2.133248013999514, 22.667176087087455 -2.127841895337434, 22.65914213259096 -2.122439520195719, 22.651105637177928 -2.1170409255894427, 22.64306657846567 -2.111646148740823, 22.6350249340564 -2.1062552269581847, 22.626980681514407 -2.1008681977686536, 22.618933798389133 -2.0954850987864724, 22.610884262194425 -2.09010596784001, 22.60283205042706 -2.084730842860978, 22.594777140552434 -2.079359761977751, 22.586719510015275 -2.073992763448501, 22.578659136234094 -2.068629885703164, 22.570595996602883 -2.0632711673325277, 22.562530068494446 -2.05791664707225, 22.5544613292537 -2.052566363849563, 22.546389756208708 -2.047220356712384, 22.538315326657337 -2.041878664926063, 22.53023801788363 -2.036541327859362, 22.52215780714072 -2.0312083851155367, 22.514074671669334 -2.025879876394554, 22.505988588680303 -2.0205558416360425, 22.497899535371904 -2.0152363208820523, 22.48980748891499 -2.009921354407528, 22.48171242646656 -2.0046109826061866, 22.473614325159556 -1.9993052460890863, 22.465513162111268 -1.9940041856093111, 22.457408914418636 -1.9887078421165933, 22.449301559161192 -1.9834162567294158, 22.44119107340164 -1.9781294707404038, 22.433077434183755 -1.9728475256382174, 22.424960618537522 -1.9675704630642354, 22.416840603472895 -1.9622983248814134, 22.408717365988963 -1.957031153086312, 22.40059088306556 -1.9517689899167676, 22.392461131673343 -1.946511877731148, 22.384328088763805 -1.9412598591449477, 22.376191731280475 -1.9360129768875827, 22.368052036149233 -1.9307712739531053, 22.35990898028873 -1.9255347934504425, 22.351762540601868 -1.920303578753299, 22.343612693984586 -1.915077673358403, 22.33545941731948 -1.9098571210209452, 22.327302687482362 -1.9046419656326283, 22.319142481338144 -1.8994322513329764, 22.310978775745145 -1.8942280224150654, 22.30281154755326 -1.8890293234063806, 22.294640773606258 -1.8838361990069732, 22.286466430741708 -1.8786486941366036, 22.278288495791827 -1.8734668539073358, 22.270106945584683 -1.8682907236360358, 22.26192175694412 -1.8631203488512953, 22.25373290669162 -1.8579557752722966, 22.245540371645937 -1.8527970488483172, 22.23734412862501 -1.8476442157064008, 22.22914415444586 -1.8424973222204608, 22.22094042592606 -1.8373564149311172, 22.212732919884427 -1.8322215406405495, 22.204521613141566 -1.827092746308716, 22.196306482521628 -1.82197007916977, 22.188087504851694 -1.816853586608887, 22.179864656964966 -1.811743316295739, 22.17163791569868 -1.8066393160464613, 22.16340725789891 -1.8015416339698374, 22.155172660416888 -1.7964503183186278, 22.146934100115445 -1.791365417644407, 22.13869155386375 -1.7862869806421082, 22.130444998545478 -1.781215056309861, 22.122194411051876 -1.7761496937900978, 22.113939768291623 -1.771090942531348, 22.105681047182376 -1.7660388521286512, 22.0974182246621 -1.760993472484956, 22.089151277679303 -1.7559548536528038, 22.08088018320576 -1.7509230459937146, 22.07260491822538 -1.7458981000223364, 22.064325459748424 -1.7408800665630315, 22.056041784798946 -1.7358689965969905, 22.04775387043043 -1.730864941415753, 22.039461693712045 -1.7258679524713123, 22.03116523174544 -1.7208780815267366, 22.022864461649956 -1.7158953805088868, 22.014559360580634 -1.7109199016567045, 22.006249905712142 -1.7059516973758673, 21.99793607425822 -1.7009908203855557, 21.989617843454248 -1.6960373235741566, 21.981295190578184 -1.691091260145308, 21.97296809293171 -1.6861526834737743, 21.9646365278627 -1.6812216472518486, 21.95630047274478 -1.6762982053443716, 21.947959905001664 -1.6713824119363108, 21.93961480208487 -1.6664743213861115, 21.93126514149999 -1.6615739883753842, 21.92291090078244 -1.6566814677597848, 21.914552057525995 -1.651796814721202, 21.90618858935634 -1.646920084615898, 21.897820473961804 -1.6420513331295892, 21.889447689064788 -1.6371906161227043, 21.881070212454805 -1.6323379897880055, 21.872688021957718 -1.6274935104935713, 21.864301095470967 -1.62265723494213, 21.855909410930842 -1.6178292200130016, 21.84751294634962 -1.6130095229213954, 21.839111679781293 -1.6081982010614906, 21.830705589359976 -1.6033953121632478, 21.822294653264848 -1.5986009141394486, 21.813878849759057 -1.593815065236557, 21.805458157154824 -1.5890378238895595, 21.79703255385161 -1.5842692488630246, 21.788602018302765 -1.5795093991178373, 21.78016652905148 -1.574758333937914, 21.7717260647006 -1.5700161128135426, 21.76328060394469 -1.565282795548959, 21.754830125544757 -1.5605584421671828, 21.746374608354472 -1.5558431129936645, 21.737914031301926 -1.5511368685872413, 21.729448373407866 -1.5464397697952665, 21.7209776137766 -1.5417518777150736, 21.712501731604135 -1.5370732537167506, 21.704020706180316 -1.532403959438272, 21.695534516885022 -1.5277440567732576, 21.687043143203024 -1.5230936079018382, 21.678546564706878 -1.5184526752424354, 21.670044761085745 -1.51382132151795, 21.661537712114402 -1.5091996096730587, 21.6530253976957 -1.5045876029730982, 21.644507797816548 -1.4999853648913366, 21.6359848926027 -1.4953929592338409, 21.627456662264066 -1.4908104500053025, 21.618923087157977 -1.4862379015495435, 21.61038414772901 -1.4816753784067533, 21.601839824574476 -1.4771229454540424, 21.593290098386046 -1.4725806677711089, 21.58473495000939 -1.4680486107637223, 21.576174360395864 -1.463526840054438, 21.567608310648282 -1.4590154215734799, 21.55903678199028 -1.4545144214882557, 21.550459755791167 -1.450023906250111, 21.541877213559232 -1.445543942571651, 21.533289136940624 -1.441074597422946, 21.524695507740073 -1.43661593806024, 21.516096307891818 -1.4321680319715342, 21.507491519508076 -1.4277309469528328, 21.49888112482421 -1.4233047510107657, 21.490265106269625 -1.418889512474581, 21.48164344639555 -1.4144852998724142, 21.473016127956928 -1.4100921820575845, 21.464383133837437 -1.4057102280839056, 21.455744447125127 -1.4013395073184578, 21.44710005105291 -1.3969800893436175, 21.43844992905053 -1.3926320440313342, 21.42979406471596 -1.3882954414926063, 21.421132441830977 -1.3839703520977404, 21.412465044372855 -1.3796568464830863, 21.403791856488017 -1.375354995513287, 21.395112862545215 -1.3710648703429618, 21.386428047071117 -1.3667865423300993, 21.3777373948352 -1.362520083136494, 21.36904089076355 -1.3582655646157984, 21.36033852003293 -1.3540230589222686, 21.35163026799011 -1.3497926384081567, 21.34291612022551 -1.3455743757058367, 21.334196062526534 -1.3413683436657966, 21.325470080906857 -1.3371746153869668, 21.316738161610946 -1.3329932642138818, 21.30800029108811 -1.328824363706958, 21.299256456052813 -1.3246679876940997, 21.290506643409504 -1.3205242101920025, 21.281750840350938 -1.3163931054951639, 21.27298903426073 -1.3122747480776618, 21.264221212813457 -1.3081692126820217, 21.255447363896906 -1.3040765742405278, 21.246667475673213 -1.2999969079265996, 21.23788153655585 -1.295930289125557, 21.229089535206025 -1.2918767934295108, 21.220291460578203 -1.287836496665342, 21.211487301851324 -1.2838094748369098, 21.202677048528773 -1.2797958041947077, 21.193860690334166 -1.2757955611521783, 21.185038217321406 -1.2718088223609634, 21.176209619788498 -1.2678356646418338, 21.167374888343094 -1.2638761650268469, 21.15853401388163 -1.259930400735842, 21.149686987577354 -1.25599844916635, 21.14083380093997 -1.2520803879217306, 21.131974445730517 -1.2481762947559059, 21.12310891407622 -1.2442862476333212, 21.1142371983588 -1.2404103246593496, 21.105359291320795 -1.2365486041339977, 21.09647518599656 -1.232701164506463, 21.08758487574842 -1.2288680843908155, 21.078688354285106 -1.2250494425651035, 21.06978561560605 -1.2212453179421892, 21.060876654102437 -1.217455789606539, 21.051961464442957 -1.2136809367595764, 21.04304004169727 -1.2099208387649576, 21.03411238124102 -1.2061755751024181, 21.025178478820518 -1.2024452253887943, 21.01623833054566 -1.198729869365519, 21.00729193285289 -1.1950295868829484, 20.998339282596984 -1.1913444579194004, 20.989380376936722 -1.1876745625430905, 20.98041521346413 -1.1840199809452603, 20.971443790098785 -1.180380793404918, 20.96246610516124 -1.1767570803045788, 20.95348215736626 -1.1731489221033604, 20.94449194578508 -1.1695563993274525, 20.935495469937635 -1.1659795925874803, 20.92649272967379 -1.16241858255017, 20.91748372530736 -1.158873449951526, 20.908468457513177 -1.1553442755735928, 20.899446927390738 -1.1518311402487988, 20.890419136468765 -1.1483341248489995, 20.881385086647715 -1.1448533102767113, 20.872344780313885 -1.1413887774634188, 20.863298220210186 -1.1379406073558114, 20.85424540956486 -1.1345088809141983, 20.845186352008636 -1.1310936791003512, 20.836121051605726 -1.1276950828738597, 20.82704951289712 -1.1243131731796556, 20.817971740806982 -1.120948030946502, 20.808887740779355 -1.1175997370705721, 20.799797518647893 -1.1142683724157734, 20.79070108073933 -1.1109540177994395, 20.78159843383676 -1.1076567539836866, 20.7724895851534 -1.1043766616749389, 20.76337454242913 -1.1011138214999614, 20.754253313802675 -1.0978683140166705, 20.745125907952428 -1.0946402196783016, 20.735992333988463 -1.0914296188661015, 20.726852601494834 -1.088236591879177, 20.71770672058259 -1.085061218867025, 20.70855470179126 -1.081903579856547, 20.69939655622489 -1.0787637547179953, 20.69023229541874 -1.0756418231923837, 20.681061931437345 -1.0725378648555681, 20.671885476850893 -1.0694519591121012, 20.662702944688217 -1.0663841852064735, 20.653514348552868 -1.0633346221685471, 20.644319702483944 -1.0603033488574698, 20.635119021086822 -1.0572904439017223, 20.625912319459825 -1.054295985715822, 20.616699613196708 -1.0513200524942505, 20.607480918465644 -1.0483627221607925, 20.59825625188249 -1.045424072421171, 20.589025630655595 -1.042504180681339, 20.579789072477087 -1.0396031240893402, 20.570546595568167 -1.0367209795054333, 20.561298218717948 -1.0338578234669566, 20.55204396117975 -1.031013732237635, 20.54278384281876 -1.0281887817002344, 20.53351788396933 -1.0253830474637626, 20.5242461055091 -1.0225966048215285, 20.514968528886275 -1.0198295286535257, 20.505685176037556 -1.0170818934824137, 20.49639606951655 -1.0143537733868897, 20.487101232352256 -1.0116452420928157, 20.47780068815114 -1.0089563728891848, 20.468494461069866 -1.0062872386307793, 20.459182575761297 -1.00363791177424, 20.449865057495206 -1.0010084642633195, 20.4405419320152 -0.998398967636431, 20.43121322565622 -0.9958094929154817, 20.421878965292095 -0.9932401106334803, 20.41253917830485 -0.9906908908555898, 20.40319389268833 -0.9881619030639794, 20.39384313690806 -0.9856532162798216, 20.384486940028125 -0.983164898926686, 20.375125331638294 -0.9806970188856334, 20.365758341844018 -0.9782496434975102, 20.356386001354135 -0.9758228394447526, 20.347008341338558 -0.9734166729175828, 20.33762539354887 -0.9710312094967093, 20.32823719025849 -0.9686665141233753, 20.318843764273122 -0.9663226510707331, 20.30944514898381 -0.9639996838989797, 20.300041378241897 -0.9616976755946097, 20.290632486492747 -0.9594166883823241, 20.28121850867498 -0.9571567838356, 20.27179948024334 -0.9549180228377386, 20.26237543722019 -0.9527004654872819, 20.25294641607932 -0.9505041712468504, 20.24351245387595 -0.9483291987407024, 20.23407358813746 -0.9461756058915961, 20.22462985690036 -0.9440434498556045, 20.215181298744074 -0.94193278694287, 20.20572795268628 -0.939843672769882, 20.19626985830712 -0.9377761620427654, 20.186807055636198 -0.9357303087099773, 20.177339585201523 -0.9337061658711483, 20.167867488026758 -0.9317037858074643, 20.158390805552443 -0.9297232200737683, 20.148909579774458 -0.9277645191632766, 20.1394238531118 -0.925827732761176, 20.129933668464187 -0.9239129096325851, 20.120439069207986 -0.9220200975989058, 20.110940099122672 -0.9201493436707682, 20.10143680249571 -0.9183006938069949, 20.091929224002456 -0.9164741931402309, 20.082417408777378 -0.9146698858087303, 20.072901402390343 -0.912887814972908, 20.063381250792844 -0.9111280229230765, 20.053857000406374 -0.9093905508430837, 20.04432869800642 -0.9076754390595189, 20.034796390801237 -0.9059827268304104, 20.02526012638798 -0.9043124524176688, 20.015719952721714 -0.9026646531513779, 20.006175918184173 -0.9010393652041144, 19.99662807147 -0.8994366238991547, 19.98707646166101 -0.8978564635043433, 19.97752113818775 -0.8962989172295175, 19.967962150823638 -0.8947640172235238, 19.958399549714343 -0.8932517944717423, 19.948833385287966 -0.8917622790524803, 19.939263708335368 -0.8902954998405066, 19.92969056993481 -0.8888514847160834, 19.920114021467818 -0.8874302604911799, 19.910534114632217 -0.8860318528075459, 19.90095090137396 -0.8846562863654714, 19.89136443395552 -0.8833035846166433, 19.88177476487537 -0.8819737700381243, 19.872181946902533 -0.8806668639635595, 19.862586033061167 -0.8793828865840425, 19.852987076590313 -0.8781218571049747, 19.84338513099136 -0.8768837934624072, 19.83378024995376 -0.8756687126386384, 19.824172487397966 -0.8744766304044165, 19.814561897431776 -0.8733075614951072, 19.804948534340628 -0.8721615196334334, 19.795332452621178 -0.8710385172114326, 19.78571370691916 -0.8699385656446463, 19.77609235206275 -0.8688616750931868, 19.766468443015846 -0.867807854700187, 19.756842034888127 -0.8667771124762724, 19.747213182926572 -0.8657694552471007, 19.737581942485363 -0.8647848888675298, 19.727948369047144 -0.8638234179063581, 19.718312518180262 -0.8628850459819555, 19.70867444555482 -0.8619697755024572, 19.699034206917986 -0.8610776077947533, 19.689391858086505 -0.8602085431480603, 19.679747454944476 -0.8593625806180786, 19.670101053419863 -0.8585397183385186, 19.660452709489302 -0.8577399531850525, 19.650802479156084 -0.856963281065103, 19.641150418449165 -0.8562096967513877, 19.63149658340374 -0.8554791939578151, 19.62184103005741 -0.8547717654650177, 19.61218381444367 -0.8540874027593855, 19.60252499258354 -0.8534260964217226, 19.592864620468884 -0.8527878358315242, 19.583202754056874 -0.85217260941112, 19.57353944926168 -0.8515804045236468, 19.56387476193739 -0.8510112074321227, 19.554208747884392 -0.85046500350092, 19.5445414628176 -0.8499417769015701, 19.53487296238371 -0.8494415109638853, 19.52520330212762 -0.8489641878688345, 19.515532537500775 -0.8485097888813301, 19.505860723847984 -0.8480782942655887, 19.496187916387264 -0.8476696832392328, 19.486514170229405 -0.8472839341718102, 19.476839540327767 -0.8469210243025711, 19.467164081518906 -0.8465809300858153, 19.457487848467174 -0.8462636268802197, 19.447810895693046 -0.8459690892057543, 19.43813327754737 -0.8456972906233146, 19.428455048197254 -0.845448203770365, 19.418776261649562 -0.8452218004868498, 19.409096971691735 -0.8450180515253541, 19.399417231952057 -0.8448369269000244, 19.389737095817924 -0.8446783955934652, 19.380056616495857 -0.8445424258516235, 19.370375846955955 -0.8444289849783304, 19.360694839946934 -0.8443380394539471, 19.351013647998926 -0.8442695549598646, 19.3413323233752 -0.844223496260169, 19.33165091813593 -0.8441998274370313, 19.321969484041173 -0.8441985116130016, 19.312288072643877 -0.8442195112735377, 19.302606735190007 -0.844262787987576, 19.292925522688375 -0.8443283026512943, 19.28324448585799 -0.8444160153521125, 19.27356367513398 -0.8445258854278443, 19.263883140688844 -0.8446578715320623, 19.2542029323637 -0.8448119314981866, 19.244523099757963 -0.8449880225734062, 19.234843692107653 -0.8451861011589832, 19.22516475840607 -0.8454061231091918, 19.215486347279153 -0.8456480434717075, 19.205808507082384 -0.8459118167366615, 19.196131285825402 -0.8461973966945522, 19.186454731200598 -0.8465047364945182, 19.176778890586483 -0.8468337886571021, 19.167103810994995 -0.8471845050250535, 19.157429539155473 -0.8475568369258271, 19.14775612139106 -0.847950734972924, 19.138083603757153 -0.8483661493205806, 19.128412031886164 -0.8488030294205463, 19.118741451132404 -0.8492613242784415, 19.109071906437574 -0.8497409822507385, 19.09940344243175 -0.8502419512245084, 19.089736103361904 -0.8507641785165574, 19.080069933117443 -0.8513076109359817, 19.070404975241953 -0.8518721948054867, 19.060741272874242 -0.8524578759045325, 19.051078868841742 -0.8530645995999231, 19.041417805528656 -0.8536923106954262, 19.031758125029803 -0.8543409536345402, 19.022099868976053 -0.8550104723026293, 19.012443078710657 -0.85570081024947, 19.0027877951152 -0.8564119104990864, 18.993134058764255 -0.8571437157395296, 18.98348190979234 -0.8578961681847006, 18.97383138799295 -0.8586692096981087, 18.964182532752748 -0.8594627817296467, 18.95453538307628 -0.8602768253581486, 18.944889977598567 -0.8611112813072849, 18.935246354532286 -0.861966089921521, 18.92560455175616 -0.8628411912476877, 18.91596460669063 -0.8637365249345302, 18.90632655644912 -0.864652030368915, 18.89669043766267 -0.86558764654564, 18.887056286670997 -0.8665433122293636, 18.877424139321903 -0.8675189658114386, 18.86779403117276 -0.868514545470378, 18.85816599729468 -0.8695299890376657, 18.848540072455574 -0.87056523413818, 18.838916290955186 -0.8716202180840963, 18.829294686767838 -0.8726948779816844, 18.81967529342569 -0.8737891506613844, 18.810058144108 -0.8749029727464552, 18.800443271582058 -0.876036280620933, 18.790830708232864 -0.8771890104609983, 18.781220486064665 -0.8783610982378793, 18.771612636670895 -0.8795524797163997, 18.762007191294117 -0.8807630904870932, 18.75240418074044 -0.8819928659386371, 18.74280363549184 -0.8832417413120208, 18.73320558557261 -0.8845096516541519, 18.7236100607052 -0.8857965318866213, 18.714017090138523 -0.8871023167479438, 18.704426702836788 -0.8884269408698156, 18.69483892728068 -0.8897703387146503, 18.685253791677855 -0.8911324446531363, 18.675671323748375 -0.8925131929025871, 18.666091550945495 -0.8939125176009259, 18.656514500236565 -0.8953303527502254, 18.646940198323417 -0.8967666322835021, 18.637368671428455 -0.8982212900160617, 18.62779994550615 -0.8996942597032658, 18.61823404604134 -0.9011854750009387, 18.60867099824624 -0.9026948695135142, 18.59911082687535 -0.9042223767635125, 18.58955355640458 -0.9057679302304723, 18.579999210865182 -0.9073314633287811, 18.57044781400339 -0.9089129094383015, 18.56089938913426 -0.9105122018893997, 18.55135395928165 -0.9121292739867932, 18.541811547051584 -0.9137640590006779, 18.532272174753356 -0.9154164901845677, 18.52273586429114 -0.9170865007710304, 18.513202637267735 -0.9187740239844527, 18.50367251489246 -0.9204789930400142, 18.494145518070063 -0.9222013411544886, 18.484621667322703 -0.9239410015480979, 18.475100982865996 -0.9256979074518055, 18.465583484542453 -0.9274719921108375, 18.456069191887547 -0.9292631887903056, 18.44655812407188 -0.9310714307800506, 18.437050299959996 -0.9328966513986904, 18.4275457380585 -0.9347387839995065, 18.41804445657037 -0.936597761973101, 18.408546473346235 -0.9384735187543397, 18.39905180593701 -0.940365987823499, 18.38956047154553 -0.9422751027145203, 18.38007248708026 -0.9442007970142416, 18.370587869104526 -0.9461430043724228, 18.361106633894053 -0.948101658498593, 18.351628797381093 -0.9500766931745545, 18.342154375218374 -0.952068042247931, 18.332683382715626 -0.9540756396480182, 18.323215834912368 -0.9560994193751743, 18.313751746504472 -0.9581393155210693, 18.304291131928032 -0.9601952622527817, 18.294834005273856 -0.9622671938386186, 18.285380380384375 -0.9643550446256793, 18.275930270754266 -0.9664587490724871, 18.266483689641976 -0.9685782417188332, 18.257040649955133 -0.9707134572264783, 18.24760116437779 -0.9728643303399965, 18.238165245239742 -0.9750307959366772, 18.228732904660074 -0.9772127889774049, 18.219304154400234 -0.9794102445667514, 18.20987900602354 -0.9816230978929924, 18.20045747073277 -0.9838512842989001, 18.191039559544382 -0.9860947392107278, 18.181625283112503 -0.9883533982198103, 18.172214651915308 -0.9906271970007173, 18.162807676068603 -0.9929160714027623, 18.153404365520398 -0.9952199573587907, 18.144004729858946 -0.9975387909848522, 18.134608778509755 -0.9998725084819994, 18.125216520544694 -1.0022210462407732, 18.115827964873944 -1.0045843407400508, 18.106443120064338 -1.0069623286519465, 18.097061994517922 -1.0093549467426182, 18.087684596307746 -1.0117621319721728, 18.078310933334834 -1.014183821403103, 18.06894101318954 -1.0166199522893609, 18.059574843279126 -1.0190704619984428, 18.050212430722052 -1.0215352880835658, 18.040853782439314 -1.0240143682254403, 18.03149890508783 -1.0265076402816358, 18.022147805110162 -1.0290150422536777, 18.012800488711502 -1.0315365123083773, 18.003456961864273 -1.0340719887749743, 17.994117230331042 -1.0366214101344076, 17.98478129962307 -1.0391847150497031, 17.975449175068547 -1.0417618423209682, 17.966120861727212 -1.0443527309500045, 17.95679636450012 -1.0469573200614908, 17.947475688006115 -1.049575548999819, 17.938158836725208 -1.052207357220289, 17.92884581484698 -1.0548526844122297, 17.91953662643518 -1.0575114703684507, 17.9102312752629 -1.060183655123954, 17.900929764981154 -1.0628691788169131, 17.891632098959935 -1.0655679818274053, 17.882338280440962 -1.0682800046468823, 17.873048312403892 -1.0710051879996954, 17.863762197685446 -1.0737434727377557, 17.854479938886374 -1.0764947999292487, 17.845201538443863 -1.0792591107925693, 17.835926998589752 -1.0820363467400012, 17.826656321368443 -1.084826449361053, 17.817389508651267 -1.0876293604134, 17.80812656209812 -1.0904450218604747, 17.798867483226378 -1.0932733758080486, 17.789612273321424 -1.0961143645942137, 17.780360933551197 -1.0989679306773454, 17.771113464838443 -1.101834016768376, 17.761869868004016 -1.1047125656849812, 17.752630143621744 -1.107603520506427, 17.74339429216596 -1.1105068244184688, 17.73416231387604 -1.1134224208624992, 17.72493420888081 -1.116350253400836, 17.715709977097976 -1.1192902658316748, 17.70648961831379 -1.1222424021004442, 17.697273132134704 -1.1252066063587467, 17.688060518009586 -1.1281828229390702, 17.67885177524141 -1.1311709963454588, 17.669646902949346 -1.1341710712983561, 17.660445900137926 -1.137182992656204, 17.651248765606873 -1.1402067055246783, 17.642055498064376 -1.143242155122019, 17.632866096003752 -1.1462892869324204, 17.62368055783599 -1.1493480465431878, 17.614498881762948 -1.1524183798069005, 17.605321065896938 -1.1555002326903525, 17.59614710816222 -1.1585935514047383, 17.58697700637324 -1.161698282304276, 17.577810758187308 -1.164814371952315, 17.56864836112493 -1.1679417670943593, 17.559489812583553 -1.1710804146434932, 17.550335109797057 -1.1742302617357676, 17.541184249906557 -1.1773912556362367, 17.532037229870006 -1.1805633438654985, 17.522894046571988 -1.18374647404807, 17.51375469670852 -1.1869405940776716, 17.50461917690449 -1.190145651950406, 17.495487483609146 -1.1933615959188875, 17.48635961318569 -1.1965883743617796, 17.4772355618487 -1.1998259358797707, 17.468115325701323 -1.2030742292401522, 17.45899890073133 -1.2063332033863736, 17.449886282787492 -1.2096028074742367, 17.440777467634323 -1.2128829907908678, 17.431672450876068 -1.2161737028737691, 17.422571228053148 -1.219474893361585, 17.413473794538916 -1.2227865121597001, 17.404380145645444 -1.2261085092720894, 17.39529027653033 -1.2294408349547847, 17.386204182274373 -1.2327834395894621, 17.377121857830996 -1.236136273770107, 17.368043298051024 -1.2394992882618685, 17.358968497690377 -1.2428724339914328, 17.349897451375977 -1.2462556621053018, 17.340830153667994 -1.2496489238657358, 17.33176659898015 -1.2530521707898126, 17.322706781673727 -1.2564653544869575, 17.313650695963734 -1.2598884268265647, 17.304598336007405 -1.2633213397811796, 17.295549695834918 -1.266764045553937, 17.2865047693976 -1.2702164964911928, 17.277463550549584 -1.2736786451194342, 17.268426033039603 -1.2771504441604482, 17.259392210549056 -1.2806318464632416, 17.25036207663263 -1.2841228051166285, 17.24133562479698 -1.2876232733015307, 17.232312848415834 -1.2911332044555228, 17.22329374081525 -1.294652552108759, 17.21427829520254 -1.2981812700261843, 17.205266504719898 -1.3017193121015143, 17.196258362417712 -1.3052666324129019, 17.187253861255797 -1.3088231852204582, 17.178252994131327 -1.3123889249127068, 17.169255753829262 -1.3159638061085892, 17.160262133091695 -1.3195477835163378, 17.151272124541237 -1.323140812094664, 17.142285720758768 -1.326742846890201, 17.13330291421853 -1.3303538431776796, 17.12432369733625 -1.3339737563570546, 17.115348062446987 -1.3376025420043043, 17.106376001802968 -1.3412401558761466, 17.097407507603094 -1.3448865538478634, 17.08844257194365 -1.3485416920231852, 17.07948118688441 -1.3522055265881945, 17.070523344378227 -1.3558780139717943, 17.061569036339282 -1.3595591106911118, 17.05261825459007 -1.3632487734757295, 17.043670990895958 -1.3669469591876775, 17.0347272369565 -1.3706536248444716, 17.02578698439101 -1.3743687276533074, 17.01685022477722 -1.3780922249214096, 17.00791694959716 -1.3818240741867225, 16.998987150301872 -1.3855642330626232, 16.99006081824902 -1.3893126593921712, 16.981137944756902 -1.3930693111154206, 16.972218521069774 -1.3968341463581684, 16.963302538371888 -1.4006071233967308, 16.95438998779864 -1.404388200632365, 16.945480860405247 -1.4081773366714374, 16.936575147216416 -1.411974490199546, 16.92767283916891 -1.4157796201317054, 16.918773927170278 -1.419592685459624, 16.909878402051266 -1.4234136453793924, 16.900986254598106 -1.4272424592056605, 16.892097475542833 -1.4310790864001584, 16.88321205555221 -1.4349234866017333, 16.87432998526029 -1.438775619539602, 16.865451255222407 -1.4426354451608938, 16.85657585596942 -1.4465029234810358, 16.847703777957122 -1.4503780147274496, 16.83883501160747 -1.4542606792231705, 16.829969547285938 -1.4581508774538499, 16.821107375305033 -1.4620485700576775, 16.812248485942597 -1.4659537177745061, 16.803392869407443 -1.4698662815468142, 16.794540515886137 -1.4737862223832356, 16.785691415494504 -1.4777135015042147, 16.77684555832154 -1.4816480802107415, 16.768002934400222 -1.4855899199748765, 16.759163533719853 -1.4895389824021654, 16.750327346234506 -1.493495229207659, 16.74149436183783 -1.497458622294448, 16.73266457040262 -1.5014291236317798, 16.723837961736653 -1.5054066953966194, 16.715014525625442 -1.5093912998372248, 16.70619425180077 -1.5133828993748304, 16.697377129957218 -1.5173814565504835, 16.688563149755208 -1.5213869340180421, 16.67975230080176 -1.525399294607878, 16.67094457268438 -1.5294185012157786, 16.662139954930982 -1.5334445169382147, 16.65333843705015 -1.5374773049371555, 16.64454000850068 -1.5415168285455563, 16.635744658708827 -1.545563051208289, 16.626952377069045 -1.5496159364815536, 16.61816315292774 -1.5536754480900015, 16.60937697561355 -1.55774154982139, 16.600593834400907 -1.5618142056572692, 16.591813718546916 -1.5658933796414392, 16.583036617263453 -1.5699790359824333, 16.574262519732727 -1.5740711389970317, 16.565491415108557 -1.5781696531075726, 16.556723292500653 -1.582274542900294, 16.547958141003086 -1.5863857730204638, 16.539195949660677 -1.5905033083001545, 16.530436707502204 -1.5946271136324657, 16.521680403516314 -1.5987571540656442, 16.512927026663625 -1.6028933947565183, 16.504176565880336 -1.607035800958006, 16.49542901006158 -1.6111843380852124, 16.486684348088986 -1.6153389716071465, 16.477942568799687 -1.6194996671719222, 16.469203661015396 -1.6236663904898279, 16.460467613523157 -1.6278391074134697, 16.45173441508262 -1.6320177839079197, 16.443004054433395 -1.6362023860220205, 16.43427652027637 -1.6403928799668197, 16.425551801300855 -1.6445892320023636, 16.416829886156453 -1.648791408558247, 16.408110763477282 -1.652999376130425, 16.399394421868454 -1.657213101341124, 16.39068084990771 -1.6614325509318615, 16.38197003615706 -1.6656576917139458, 16.373261969141936 -1.6698884906610445, 16.36455663737759 -1.6741249147927975, 16.355854029344847 -1.6783669312861522, 16.347154133508297 -1.6826145073924055, 16.338456938309154 -1.6868676104697988, 16.329762432160788 -1.6911262080041505, 16.321070603464644 -1.69539026753729, 16.31238144058817 -1.6996597567717104, 16.303694931889034 -1.7039346434563627, 16.295011065695764 -1.7082148954803331, 16.286329830319115 -1.712500480818306, 16.27765121405225 -1.7167913675312694, 16.268975205160505 -1.7210875238169134, 16.260301791900165 -1.725388917917951, 16.25163096249677 -1.729695518231129, 16.24296270516543 -1.7340072932055268, 16.234297008097954 -1.738324211409317, 16.225633859466633 -1.7426462415104509, 16.216973247431213 -1.746973352242153, 16.208315160124044 -1.7513055124805066, 16.19965958566997 -1.7556426911411398, 16.191006512167377 -1.7599848572802954, 16.18235592770258 -1.7643319800185198, 16.173707820344458 -1.768684028570968, 16.16506217814078 -1.7730409722673266, 16.156418989130742 -1.7774027804846209, 16.147778241327657 -1.781769422743019, 16.139139922737385 -1.7861408686042208, 16.130504021344482 -1.7905170877502201, 16.121870525119174 -1.7948980499439602, 16.11323942201966 -1.799283725017636, 16.104610699982178 -1.8036740829298088, 16.0959843469367 -1.8080690936757087, 16.08736035079042 -1.8124687273844196, 16.07873869944164 -1.8168729542373436, 16.070119380772883 -1.8212817445103715, 16.0615023826501 -1.8256950685785036, 16.05288769293155 -1.830112896863958, 16.044275299454156 -1.8345351999202468, 16.035665190049038 -1.8389619483368742, 16.027057352528917 -1.843393112817857, 16.018451774695272 -1.8478286641372996, 16.009848444339017 -1.8522685731361537, 16.001247349233 -1.8567128107693058, 15.992648477144835 -1.8611613480254017, 15.984051815823047 -1.8656141560171295, 15.975457353009045 -1.870071205903488, 15.966865076430913 -1.8745324689315395, 15.958274973803126 -1.878997916438443, 15.949687032833737 -1.8834675198045545, 15.94110124121295 -1.8879412505306687, 15.932517586626169 -1.8924190801502154, 15.923936056743592 -1.8969009803011128, 15.915356639225967 -1.9013869226864402, 15.906779321725521 -1.9058768790688676, 15.898204091879387 -1.9103708213170174, 15.889630937320483 -1.914868721329542, 15.881059845665948 -1.9193705511177725, 15.872490804526736 -1.9238762827373521, 15.863923801503239 -1.9283858883210259, 15.855358824184055 -1.9328993400873606, 15.846795860152872 -1.9374166102913934, 15.838234896978447 -1.9419376712991157, 15.829675922225372 -1.9464624955075636, 15.821118923446171 -1.9509910554051648, 15.812563888184854 -1.9555233235448204, 15.804010803979091 -1.9600592725283577, 15.795459658353549 -1.9645988750578622, 15.786910438829512 -1.9691421038618253, 15.778363132915567 -1.9736889317685005, 15.769817728114496 -1.9782393316517424, 15.761274211921231 -1.9827932764485414, 15.752732571820124 -1.9873507391802885, 15.744192795292028 -1.9919116928973752, 15.735654869805462 -1.9964761107513551, 15.727118782825105 -2.001043965925603, 15.71858452180639 -2.0056152316791054, 15.710052074196664 -2.010189881337282, 15.70152142743888 -2.0147678882625564, 15.692992568964803 -2.0193492259122885, 15.684465486203313 -2.0239338677682963, 15.675940166573474 -2.0285217873970685, 15.667416597488547 -2.0331129584146987, 15.658894766356363 -2.0377073544849824, 15.650374660575201 -2.042304949355311, 15.641856267540733 -2.0469057167960867, 15.633339574638686 -2.051509630666408, 15.62482456925079 -2.0561166648608666, 15.616311238752331 -2.0607267933325106, 15.60779957051089 -2.065339990104071, 15.599289551891204 -2.0699562292245464, 15.590781170248507 -2.074575484830302, 15.58227441293527 -2.079197731083313, 15.573769267296754 -2.0838229422129166, 15.565265720672336 -2.088451092503612, 15.55676376039792 -2.093082156272816, 15.548263373800907 -2.097716107918948, 15.539764548206536 -2.102352921860895, 15.531267270932478 -2.1069925725907783, 15.522771529292077 -2.111635034642413, 15.514277310594492 -2.1162802825906097, 15.505784602141624 -2.1209282910815483, 15.497293391233391 -2.125579034780774, 15.488803665162125 -2.130232488429364, 15.480315411217088 -2.134888626798894, 15.471828616682727 -2.139547424709833, 15.463343268837548 -2.144208857042792, 15.45485935495796 -2.148872898699857, 15.446376862313109 -2.1535395246572193, 15.437895778169974 -2.158208709913413, 15.42941608979016 -2.162880429522263, 15.420937784430578 -2.1675546585860443, 15.412460849345667 -2.172231372232972, 15.403985271783295 -2.1769105456604376, 15.395511038989662 -2.181592154083406, 15.387038138205364 -2.1862761727765156, 15.378566556667446 -2.190962577052012, 15.37009628161004 -2.1956513422536568, 15.361627300261533 -2.2003424437869583, 15.35315959984886 -2.205035857073134, 15.344693167593304 -2.2097315575949836, 15.336227990713551 -2.214429520863522, 15.327764056424925 -2.219129722426876, 15.319301351937927 -2.223832137886208, 15.310839864461585 -2.2285367428588376, 15.302379581199457 -2.233243513023018, 15.293920489353221 -2.237952424077862, 15.285462576120828 -2.2426634517643773, 15.277005828696318 -2.2473765718674823, 15.268550234272102 -2.2520917601904893, 15.26009578003547 -2.256808992594499, 15.251642453172337 -2.261528244956409, 15.243190240864646 -2.2662494931984614, 15.234739130291253 -2.270972713277962, 15.22628910862914 -2.275697881173956, 15.217840163050711 -2.280424972918094, 15.209392280727236 -2.285153964554985, 15.200945448825918 -2.2898848321763743, 15.192499654511629 -2.2946175519010974, 15.184054884947045 -2.299352099873387, 15.17561112729089 -2.3040884522836467, 15.167168368700851 -2.3088265853341725, 15.158726596330593 -2.3135664752744947, 15.150285797332028 -2.3183080983744837, 15.141845958854645 -2.3230514309327854, 15.133407068044578 -2.32779644928724, 15.124969112046951 -2.3325431297879167, 15.116532078003006 -2.3372914488305065, 15.108095953052707 -2.3420413828258133, 15.099660724333392 -2.346792908216031, 15.09122637897965 -2.351546001475518, 15.082792904124958 -2.356300639092223, 15.0743602868992 -2.3610567975965098, 15.065928514431308 -2.365814453530197, 15.057497573847447 -2.3705735834681, 15.049067452271617 -2.375334164010544, 15.040638136826542 -2.3800961717733804, 15.032209614631729 -2.384859583410424, 15.023781872805916 -2.3896243755847633, 15.01535489846505 -2.3943905249929056, 15.00692867872341 -2.399158008350932, 14.99850320069382 -2.4039268023924643, 14.990078451486346 -2.408696883883928, 14.981654418210336 -2.4134682295999976, 14.973231087972419 -2.4182408163480167, 14.964808447877981 -2.4230146209499015, 14.956386485030784 -2.4277896202467977, 14.947965186532278 -2.4325657911072445, 14.939544539483222 -2.4373431104078644, 14.931124530981798 -2.4421215550560933, 14.922705148125276 -2.4469011019700027, 14.914286378009173 -2.45168172808795, 14.905868207727096 -2.4564634103703122, 14.897450624371936 -2.461246125786, 14.889033615034206 -2.4660298513318604, 14.88061716680378 -2.470814564012541, 14.872201266768752 -2.475600240853369, 14.863785902015753 -2.4803868588967815, 14.855371059630608 -2.485174395194487, 14.846956726697044 -2.489962826822419, 14.838542890298287 -2.4947521308624605, 14.830129537515788 -2.4995422844166475, 14.821716655429906 -2.504333264599748, 14.81330423112012 -2.5091250485365038, 14.804892251664144 -2.513917613371802, 14.796480704139256 -2.518710936255407, 14.788069575621071 -2.5235049943559, 14.7796588531844 -2.528299764850932, 14.77124852390314 -2.5330952249285152, 14.762838574849733 -2.5378913517926645, 14.75442899309626 -2.542688122651723, 14.746019765713276 -2.5474855147307567, 14.737610879770775 -2.5522835052610398, 14.729202322337828 -2.5570820714840723, 14.720794080482403 -2.561881190653409, 14.712386141272074 -2.5666808400266894, 14.703978491773151 -2.5714809968755583, 14.695571119051547 -2.57628163847578, 14.687164010172289 -2.5810827421125917, 14.67875715219962 -2.5858842850797283, 14.670350532197407 -2.590686244674826, 14.66194413722849 -2.5954885982063973, 14.653537954355453 -2.6002913229856484, 14.645131970640099 -2.605094396331853, 14.63672617314373 -2.609897795569789, 14.62832054892725 -2.6147014980277135, 14.619915085050804 -2.6195054810414122, 14.611509768574338 -2.6243097219484044, 14.60310458655727 -2.6291141980923665, 14.594699526058735 -2.6339188868201417, 14.586294574137586 -2.638723765481313, 14.577889717852216 -2.6435288114299547, 14.569484944260907 -2.6483340020211545, 14.561080240421603 -2.6531393146135844, 14.552675593392086 -2.657944726567295, 14.544270990230007 -2.6627502152437694, 14.535866417992821 -2.66755575800626, 14.527461863737951 -2.672361332218313, 14.519057314522748 -2.6771669152442694, 14.510652757404541 -2.6819724844486665, 14.50224817944071 -2.6867780171955706, 14.493843567688677 -2.691583490848609, 14.485438909205943 -2.6963888827707456, 14.477034191050224 -2.7011941703229176, 14.468629400279308 -2.7059993308654398, 14.460224523951304 -2.710804341755724, 14.451819549124554 -2.715609180349159, 14.443414462857628 -2.7204138239990487, 14.435009252209621 -2.7252182500540933, 14.42660390423977 -2.7300224358616902, 14.418198406007988 -2.7348263587634913, 14.409792744574517 -2.7396299960981514, 14.401386907000097 -2.7444333252002386, 14.392980880346244 -2.7492363233976143, 14.38457465167473 -2.7540389680160406, 14.376168208048375 -2.7588412363724806, 14.367761536530416 -2.763643105780447, 14.359354624184919 -2.7684445535467344, 14.350947458076956 -2.7732455569700067, 14.342540025272001 -2.778046093345606, 14.334132312836923 -2.782846139957037, 14.325724307839035 -2.7876456740841933, 14.317315997346958 -2.792444672997063, 14.308907368430452 -2.797243113956851, 14.300498408159955 -2.8020409742195866, 14.29208910360777 -2.806838231027132, 14.283679441846678 -2.8116348616176, 14.275269409951267 -2.8164308432155187, 14.266858994997296 -2.8212261530366356, 14.258448184061592 -2.8260207682888114, 14.250036964223131 -2.830814666164035, 14.241625322561472 -2.8356078238500566, 14.233213246158579 -2.8404002185172934, 14.224800722097546 -2.8451918273280254, 14.216387737463092 -2.8499826274330906, 14.207974279342283 -2.8547725959667227, 14.199560334822962 -2.8595617100577484, 14.191145890995994 -2.8643499468141984, 14.182730934953284 -2.869137283336885, 14.174315453789065 -2.8739236967109045, 14.165899434599991 -2.878709164005057, 14.15748286448386 -2.8834936622805385, 14.14906573054202 -2.8882771685750983, 14.140648019876808 -2.893059659919998, 14.132229719593724 -2.8978411133260766, 14.123810816800594 -2.90262150578916, 14.115391298607015 -2.907400814294022, 14.106971152126485 -2.912179015800609, 14.09855036447355 -2.9169560872624203, 14.090128922766837 -2.921732005607814, 14.08170681412707 -2.9265067477521307, 14.073284025677602 -2.9312802905950144, 14.064860544545875 -2.9360526110113443, 14.056436357860607 -2.9408236858684758, 14.048011452755489 -2.9455934920044733, 14.039585816366042 -2.950362006246607, 14.031159435831496 -2.9551292054008798, 14.022732298295102 -2.9598950662500476, 14.014304390901914 -2.9646595655666825, 14.005875700802656 -2.96942268009119, 13.997446215149688 -2.9741843865549105, 13.989015921100348 -2.9789446616619792, 13.980584805815731 -2.9837034820961508, 13.972152856459678 -2.9884608245265243, 13.963720060202132 -2.9932166655892574, 13.955286404214666 -2.9979709819119127, 13.946851875675168 -3.002723750089059, 13.938416461764728 -3.0074749466984088, 13.929980149668488 -3.0122245482969454, 13.921542926577791 -3.0169725314100178, 13.913104779685941 -3.0217188725530253, 13.904665696193781 -3.0264635482037745, 13.896225663304822 -3.0312065348267656, 13.887784668228278 -3.0359478088586447, 13.879342698179197 -3.0406873467076605, 13.870899740375476 -3.0454251247684025, 13.862455782043398 -3.0501611193955176, 13.854010810411575 -3.0548953069327447, 13.845564812716152 -3.059627663688658, 13.83711777619839 -3.0643581659481476, 13.828669688103906 -3.0690867899762613, 13.820220535686996 -3.073813511998703, 13.811770306204338 -3.078538308230474, 13.803318986921978 -3.083261154845048, 13.79486656511014 -3.087982027997443, 13.786413028045477 -3.0927009038148308, 13.777958363012967 -3.0974177583884246, 13.769502557300713 -3.102132567796088, 13.76104559820765 -3.1068453080700755, 13.752587473036025 -3.111555955228571, 13.744128169096992 -3.1162644852531627, 13.735667673709068 -3.120970874095146, 13.727205974195545 -3.1256750976864396, 13.718743057891116 -3.1303771319129057, 13.710278912133512 -3.135076952648254, 13.701813524272035 -3.1397745357218305, 13.693346881662038 -3.1444698569396, 13.684878971665832 -3.1491628920787713, 13.67640978165628 -3.153853616872995, 13.667939299010344 -3.1585420070429495, 13.659467511120846 -3.163228038263484, 13.650994405385656 -3.1679116861929058, 13.642519969206385 -3.172592926438907, 13.63404418998813 -3.177271734561571, 13.625567055153084 -3.181948086122637, 13.617088552171221 -3.186621956693727, 13.608608668510815 -3.1912933218222124, 13.600127391540381 -3.1959621567988017, 13.59164470857518 -3.20062843677393, 13.583160607190338 -3.2052921373312793, 13.574675075391768 -3.209953234773758, 13.566188100898419 -3.214611704853168, 13.557699669696408 -3.219267520047043, 13.549209767415842 -3.223920652146808, 13.540718384492983 -3.2285710817261553, 13.532225516084953 -3.233218797985048, 13.523731149207524 -3.237863775105598, 13.515235246583462 -3.242505942468222, 13.506737774755155 -3.2471452364593425, 13.498238782552114 -3.2517817448383264, 13.489738362718212 -3.2564156361473358, 13.481236362929488 -3.261046628054529, 13.472732227813898 -3.265673696703357, 13.464225435344904 -3.2702958787546317, 13.455715827182706 -3.2749128757039543, 13.447203362388947 -3.279524603689275, 13.4386880184157 -3.2841310130372556, 13.43016978998737 -3.2887320861861045, 13.42164867014218 -3.2933278023436494, 13.41312464550034 -3.2979181285259345, 13.404597701786445 -3.302503030020047, 13.396067826398726 -3.3070824750430434, 13.38753500761852 -3.3116564333551266, 13.378999233496707 -3.3162248741604587, 13.370460491730022 -3.3207877658166667, 13.361918770028508 -3.325345076641986, 13.353374056291003 -3.3298967750859774, 13.344826338470675 -3.3344428296269055, 13.336275604543209 -3.3389832086078988, 13.327721842502894 -3.34351788026069, 13.319165040375106 -3.3480468127759972, 13.310605186255396 -3.352569974257813, 13.30204226825747 -3.3570873327831654, 13.293476274555548 -3.3615988563214816, 13.284907193351875 -3.3661045127926332, 13.276335012893057 -3.3706042700466474, 13.26775972147981 -3.375098095848392, 13.259181307435822 -3.3795859579264387, 13.25059975915415 -3.3840678238996653, 13.242015065048331 -3.3885436613547855, 13.233427213593316 -3.393013437784193, 13.224836193304524 -3.3974771206181567, 13.216241992735222 -3.4019346772299244, 13.207644600504345 -3.4063860748939314, 13.199044005251633 -3.410831280853797, 13.190440195691084 -3.4152702622438977, 13.181833160564013 -3.419702986158544, 13.173222888669528 -3.4241294196089296, 13.16460936885972 -3.4285495295300503, 13.155992590019153 -3.43296328281119, 13.147372541108547 -3.4373706462346143, 13.138749211110227 -3.4417715865525498, 13.130122589082578 -3.446166070412783, 13.121492664120673 -3.4505540644127763, 13.112859425372859 -3.4549355350785236, 13.104222862053115 -3.4593104488479733, 13.095582963404052 -3.4636787721214346, 13.086939718752852 -3.4680404711884356, 13.078293117451782 -3.472395512305823, 13.069643148929023 -3.4767438616333703, 13.060989802660309 -3.481085485270042, 13.052333068170125 -3.4854203492539284, 13.043672935060554 -3.4897484195261943, 13.035009392960541 -3.4940696619951055, 13.026342431589795 -3.4983840424583263, 13.017672040698907 -3.502691526676049, 13.008998210113123 -3.5069920803197356, 13.000320929716693 -3.511285668990721, 12.991640189438776 -3.515572258238256, 12.982955979297106 -3.519851813508917, 12.974268289336417 -3.5241243002184426, 12.96557710969676 -3.52838968367489, 12.95688243055634 -3.5326479291432764, 12.948184242166505 -3.536899001808088, 12.939482534848992 -3.5411428667762954, 12.93077729896768 -3.5453794891095614, 12.92206852498487 -3.5496088337639553, 12.913356203391624 -3.553830865665069, 12.904640324777896 -3.558045549635166, 12.895920879779824 -3.5622528504483353, 12.887197859105504 -3.5664527328054554, 12.878471253544284 -3.5706451613247543, 12.869741053926175 -3.574830100584092, 12.861007251188491 -3.5790075150551375, 12.852269836300103 -3.583177369178618, 12.843528800332194 -3.587339627296781, 12.834784134410128 -3.5914942536997514, 12.826035829730923 -3.595641212610568, 12.817283877582952 -3.599780468166779, 12.808528269294982 -3.6039119844689984, 12.799768996311249 -3.608035725512838, 12.79100605011097 -3.6121516552623687, 12.782239422279435 -3.616259737587944, 12.773469104463606 -3.6203599363054684, 12.764695088383025 -3.6244522151685867, 12.755917365857702 -3.6285365378447842, 12.74713592874896 -3.63261286796697, 12.738350769041359 -3.636681169065513, 12.729561878757934 -3.6407414046390425, 12.720769250032472 -3.6447935380968097, 12.711972875066953 -3.6488375327931037, 12.703172746138357 -3.6528733520235575, 12.694368855632167 -3.6569009589989636, 12.68556119597712 -3.660920316897168, 12.67674975973288 -3.664931388796901, 12.667934539500761 -3.6689341377456213, 12.659115527998816 -3.6729285267052654, 12.650292718018443 -3.6769145185840966, 12.641466102430218 -3.6808920762342603, 12.632635674220047 -3.684861162426217, 12.623801426420012 -3.6888217398986125, 12.614963352200867 -3.6927737712952076, 12.60612144477763 -3.696717219229758, 12.597275697489623 -3.700652046233908, 12.588426103752953 -3.7045782147886395, 12.579572657069178 -3.7084956873204837, 12.570715351060482 -3.712404426179147, 12.56185417939933 -3.7163043936832794, 12.552989135904554 -3.7201955520617216, 12.544120214441218 -3.724077863515263, 12.53524740900801 -3.7279512901658083, 12.526370713681866 -3.7318157940891163, 12.517490122633824 -3.735671337307528, 12.508605630158927 -3.7395178817730246, 12.499717230608164 -3.7433553894069225, 12.490824918486167 -3.747183822046848, 12.481928688345338 -3.751003141504789, 12.473028534882706 -3.754813309517225, 12.464124452872843 -3.758614287780218, 12.455216437195805 -3.7624060379371147, 12.44630448285657 -3.7661885215688407, 12.43738858492394 -3.769961700225687, 12.428468738626457 -3.773725535381673, 12.419544939242124 -3.77747998848768, 12.410617182205868 -3.7812250209231233, 12.401685463027368 -3.784960594033493, 12.392749777336084 -3.788686669112352, 12.38381012088428 -3.792403207400034, 12.374866489498967 -3.796110170105982, 12.365918879170772 -3.799807518372283, 12.356967285942574 -3.8034952133201227, 12.348011706027 -3.807173216004485, 12.339052135706885 -3.810841487453138, 12.33008857140208 -3.814499988643351, 12.321121009649627 -3.8181486805092097, 12.312149447076107 -3.8217875239536516, 12.303173880472096 -3.8254164798226737, 12.294194306685833 -3.82903550894309, 12.285210722747031 -3.8326445720825704, 12.27622312575048 -3.8362436299878464, 12.267231512947571 -3.839832643357929, 12.258235881697704 -3.8434115728589617, 12.249236229469082 -3.8469803791261725, 12.240232553889456 -3.8505390227495395, 12.23122485265427 -3.854087464300975, 12.222213123648622 -3.8576256643025713, 12.213197364819035 -3.861153583260719, 12.204177574289123 -3.8646711816389776, 12.195153750278363 -3.868178419877815, 12.186125891138868 -3.871675258388376, 12.177093995372056 -3.875161657548814, 12.168058061563583 -3.878637577720241, 12.159018088490633 -3.8821029792254156, 12.149974074992489 -3.8855578223753326, 12.14092602010431 -3.8890020674458037, 12.131873922943885 -3.8924356746980058, 12.122817782788996 -3.895858604367675, 12.11375759905068 -3.8992708166693886, 12.104693371248182 -3.9026722718026736, 12.095625099085773 -3.9060629299414473, 12.08655278233808 -3.909442751250949, 12.077476420988628 -3.9128116958717967, 12.068396015092759 -3.916169723936531, 12.059311564894102 -3.9195167955593706, 12.050223070749201 -3.9228528708436228, 12.041130533153641 -3.9261779098818903, 12.032033952772125 -3.9294918727537813, 12.022933330358853 -3.9327947195336534, 12.013828666878831 -3.9360864102839836, 12.004719963366037 -3.939366905064067, 11.995607221067075 -3.9426361639255707, 11.986490441320528 -3.945894146917084, 11.97736962563922 -3.949140814084507, 11.968244775680787 -3.9523761254715515, 11.959115893222894 -3.9556000411224512, 11.949982980242213 -3.958812521082463, 11.94084603879451 -3.9620135253984707, 11.931705071161714 -3.9652030141231602, 11.922560079702698 -3.968380947311668, 11.913411066984809 -3.971547285028769, 11.904258035691418 -3.974701987344718, 11.895100988665227 -3.9778450143403954, 11.885939928922685 -3.980976326108303, 11.876774859586044 -3.984095882750013, 11.867605783999057 -3.9872036443864753, 11.858432705581967 -3.990299571146279, 11.849255627988125 -3.993383623183232, 11.840074554961152 -3.996455760661249, 11.830889490445923 -3.9995159437702057, 11.82170043852671 -4.002564132718018, 11.812507403434447 -4.00560028773454, 11.803310389597717 -4.008624369079233, 11.794109401542016 -4.0116363370278245, 11.78490444403007 -4.014636151896565, 11.775695521903682 -4.01762377401599, 11.76648264024003 -4.02059916376178, 11.75726580422108 -4.023562281529978, 11.74804501922312 -4.026513087758033, 11.738820290781813 -4.029451542917412, 11.72959162457049 -4.032377607511751, 11.720359026478413 -4.035291242095299, 11.711122502487408 -4.038192407245572, 11.70188205882717 -4.041081063603499, 11.692637701811307 -4.043957171832158, 11.683389437989574 -4.04682069266015, 11.674137274029242 -4.049671586848888, 11.664881216787158 -4.052509815216504, 11.655621273294788 -4.055335338633412, 11.646357450716168 -4.0581481180124666, 11.63708975644426 -4.060948114340048, 11.627818197963451 -4.063735288633396, 11.618542783013188 -4.066509601997316, 11.609263519421727 -4.069271015567748, 11.599980415254652 -4.072019490567411, 11.59069347870419 -4.074754988265527, 11.581402718150523 -4.077477470004273, 11.57210814215837 -4.080186897197507, 11.562809759423635 -4.082883231312829, 11.55350757887928 -4.085566433915293, 11.54420160955057 -4.088236466609398, 11.534891860722825 -4.090893291112548, 11.525578341773652 -4.093536869182859, 11.516261062320504 -4.096167162688161, 11.506940032112173 -4.098784133556572, 11.497615261087136 -4.101387743807437, 11.488286759372816 -4.10397795555103, 11.478954537229756 -4.106554730964663, 11.469618605159193 -4.109118032347197, 11.460278973756752 -4.111667822046794, 11.450935653881501 -4.114204062551048, 11.441588656486152 -4.1167267163978325, 11.432237992767348 -4.119235746260126, 11.422883674053004 -4.12173111488385, 11.413525711865717 -4.124212785127593, 11.404164117915819 -4.1266807199586495, 11.394798904051882 -4.129134882427649, 11.385430082362124 -4.131575235730027, 11.376057665032477 -4.1340017431221145, 11.366681664513678 -4.136414368027067, 11.357302093349553 -4.138813073927532, 11.347918964333013 -4.141197824469632, 11.338532290383657 -4.143568583382921, 11.329142084623605 -4.145925314535182, 11.319748360355876 -4.148267981917755, 11.310351131029929 -4.150596549625793, 11.300950410328756 -4.152910981920301, 11.291546212038087 -4.155211243137481, 11.282138550206815 -4.157497297807746, 11.272727438975352 -4.159769110530101, 11.263312892738268 -4.162026646098253, 11.25389492600846 -4.164269869396942, 11.24447355351125 -4.166498745479773, 11.235048790140786 -4.168713239534636, 11.225620650948704 -4.17091331687913, 11.216189151208512 -4.1730989430137635, 11.206754306303914 -4.175270083532697, 11.197316131875658 -4.177426704249739, 11.187874643654853 -4.179568771057354, 11.17842985763006 -4.181696250075936, 11.168981789897419 -4.183809107521731, 11.1595304567761 -4.185907309815491, 11.150075874737464 -4.1879908235176755, 11.140618060423748 -4.190059615350908, 11.131157030681642 -4.192113652231919, 11.121692802478572 -4.1941529011956655, 11.112225393026986 -4.196177329517863, 11.102754819630807 -4.198186904566089, 11.093281099850481 -4.200181593968735, 11.083804251343055 -4.202161365453299, 11.074324291997891 -4.20412618699164, 11.064841239836788 -4.206076026695205, 11.055355113067014 -4.208010852877182, 11.045865930077587 -4.209930634048528, 11.036373709391789 -4.211835338870977, 11.026878469759108 -4.213724936260772, 11.017380230025589 -4.215599395245589, 11.007879009286015 -4.217458685142485, 10.998374826723207 -4.219302775372308, 10.988867701757625 -4.221131635641718, 10.979357653921518 -4.222945235792368, 10.969844702946403 -4.224743545913858, 10.960328868718927 -4.226526536288943, 10.950810171275602 -4.228294177392943, 10.941288630853649 -4.230046439959314, 10.931764267796597 -4.231783294862258, 10.922237102680286 -4.233504713284925, 10.912707156164899 -4.23521066652483, 10.903174449146643 -4.236901126204083, 10.893639002614913 -4.2385760640739605, 10.884100837768562 -4.24023545218366, 10.874559975933364 -4.241879262763248, 10.86501643860056 -4.243507468286195, 10.855470247431414 -4.245120041476212, 10.845921424206947 -4.246716955238919, 10.836369990915362 -4.248298182795359, 10.82681596963195 -4.249863697502594, 10.817259382656394 -4.251413473071221, 10.807700252368445 -4.252947483339739, 10.798138601360497 -4.254465702493474, 10.788574452325356 -4.255968104882238, 10.779007828133865 -4.257454665156533, 10.769438751793764 -4.258925358198292, 10.75986724644725 -4.260380159124501, 10.750293335411657 -4.261819043358614, 10.74071704210007 -4.263241986496974, 10.731138390127379 -4.264648964501853, 10.721557403183166 -4.2660399534740066, 10.711974105162676 -4.267414929900953, 10.702388520040323 -4.268773870420503, 10.69280067197448 -4.2701167520293755, 10.683210585228478 -4.271443551929559, 10.673618284212594 -4.272754247620565, 10.664023793476614 -4.274048816884549, 10.654427137677681 -4.275327237729116, 10.644828341643347 -4.276589488520323, 10.635227430278233 -4.277835547791469, 10.625624428673435 -4.279065394483617, 10.616019361986353 -4.280279007685584, 10.606412255554217 -4.281476366895314, 10.596803134792273 -4.2826574517894525, 10.587192025269074 -4.2838222424078785, 10.577578952657674 -4.284970719038417, 10.567963942748902 -4.28610286225955, 10.55834702146781 -4.287218652981275, 10.548728214823637 -4.288318072329711, 10.539107548982443 -4.289401101835063, 10.52948505017259 -4.290467723193023, 10.51986074478595 -4.291517918539395, 10.510234659273722 -4.292551670172238, 10.50060682023714 -4.293568960812058, 10.490977254351696 -4.2945697733894885, 10.481345988415525 -4.295554091196847, 10.471713049324967 -4.296521897816445, 10.46207846406743 -4.2974731771121055, 10.452442259751864 -4.298407913323976, 10.442804463551496 -4.29932609089977, 10.433165102775478 -4.300227694729037, 10.423524204782867 -4.301112709868737, 10.413881797067852 -4.301981121838632, 10.404237907176578 -4.30283291633898, 10.39459256277357 -4.303668079497886, 10.38494579159016 -4.304486597685836, 10.375297621450587 -4.305288457628443, 10.365648080265206 -4.3060736463808, 10.355997196011192 -4.306842151268221, 10.346344996768037 -4.307593960031086, 10.336691510662197 -4.308329060609989, 10.327036765929495 -4.309047441417411, 10.31738079084438 -4.309749091038138, 10.307723613784642 -4.310433998533, 10.298065263171075 -4.311102153163669, 10.288405767510747 -4.311753544617873, 10.278745155365998 -4.312388162857312, 10.269083455363944 -4.31300599818785, 10.259420696200378 -4.313607041280765, 10.249756906616046 -4.314191283064738, 10.240092115429428 -4.314758714916035, 10.230426351490609 -4.315309328404824, 10.220759643728279 -4.315843115594938, 10.211092021098679 -4.316360068729621, 10.201423512627803 -4.316860180531747, 10.191754147373455 -4.3173434439461245, 10.18208395444822 -4.317809852335007, 10.172412963004438 -4.3182593993647425, 10.162741202233072 -4.318692079030503, 10.153068701371598 -4.319107885724451, 10.143395489682927 -4.3195068140817146, 10.133721596478809 -4.319888859210443, 10.124047051088665 -4.320254016406874, 10.114371882887006 -4.320602281471814, 10.104696121264313 -4.320933650394329, 10.095019795647007 -4.321248119639316, 10.085342935479607 -4.321545685915684, 10.07566557023144 -4.3218263463340145, 10.06598772939225 -4.3220900983368775, 10.05630944246674 -4.322336939676069, 10.046630738979939 -4.322566868527171, 10.036951648465084 -4.3227798832927435, 10.027272200472204 -4.322975982865984, 10.017592424556138 -4.3231551663238665, 10.007912350282101 -4.323317433249866, 9.998232007218713 -4.323462783426684, 9.988551424937706 -4.32359121710005, 9.978870633012392 -4.323702734782067, 9.969189661013438 -4.323797337363007, 9.959508538508976 -4.323875026089884, 9.949827295061409 -4.323935802495226, 9.940145960223948 -4.323979668556962, 9.930464563543127 -4.324006626463018, 9.920783134548277 -4.324016678901099, 9.911101702761256 -4.3240098287400315, 9.90142029767994 -4.3239860793462395, 9.891738948791437 -4.323945434298152, 9.882057685555624 -4.323887897613427, 9.872376537414345 -4.323813473597714, 9.862695533782967 -4.3237221669063475, 9.853014704047965 -4.323613982575153, 9.843334077572935 -4.3234889258978955, 9.833653683680152 -4.3233470026287035, 9.8239735516726 -4.323188218714763, 9.814293710801472 -4.323012580602675, 9.804614190298187 -4.322820094920228, 9.794935019337903 -4.322610768773015, 9.785256227068597 -4.3223846094939535, 9.775577842584607 -4.322141624823521, 9.765899894939263 -4.3218818228126406, 9.75622241314015 -4.321605211826672, 9.746545426136421 -4.321311800631522, 9.73686896284108 -4.321001598220624, 9.72719305209214 -4.320674614054241, 9.717517722697485 -4.320330857770574, 9.707843003379855 -4.319970339495742, 9.698168922828856 -4.319593069541363, 9.688495509649577 -4.319199058665976, 9.678822792400418 -4.3187883178735325, 9.669150799565237 -4.318360858534056, 9.659479559560296 -4.31791669234928, 9.649809100742306 -4.317455831294279, 9.640139451377387 -4.316978287759011, 9.63047063968604 -4.316484074331318, 9.620802693779963 -4.315973204065527, 9.611135641730524 -4.315445690183469, 9.601469511494203 -4.314901546369747, 9.591804330978484 -4.314340786504159, 9.582140127984223 -4.31376342487126, 9.572476930241987 -4.313169476021813, 9.562814765393886 -4.312558954824046, 9.553153660983982 -4.311931876497862, 9.543493644488903 -4.311288256493298, 9.53383474326081 -4.310628110683497, 9.524176984599666 -4.309951455112797, 9.514520395665018 -4.309258306279504, 9.504865003564637 -4.308548680846012, 9.495210835268098 -4.307822595897364, 9.485557917675893 -4.307080068728926, 9.475906277568038 -4.306321116988523, 9.466255941625723 -4.305545758612821, 9.456606936435689 -4.304754011802288, 9.446959288452842 -4.303945895125074, 9.437313024062087 -4.303121427337212, 9.427668169490564 -4.302280627615369, 9.41802475090715 -4.3014235152877704, 9.408382794314866 -4.300550110105774, 9.398742325649376 -4.2996604319909455, 9.38910337069398 -4.298754501237258, 9.379465955136702 -4.29783233837104, 9.36983010454115 -4.296893964210335, 9.360195844338534 -4.295939399883447, 9.350563199867334 -4.294968666727897, 9.340932196298944 -4.293981786457163, 9.331302858735043 -4.292978780937093, 9.3216752120907 -4.291959672436978, 9.312049281213275 -4.290924483370415, 9.302425090768965 -4.289873236527473, 9.292802665333854 -4.288805954884765, 9.283182029329412 -4.287722661728572, 9.273563207048653 -4.286623380602268, 9.263946222666405 -4.2855081352773645, 9.254331100187743 -4.284376949852632, 9.244717863532207 -4.283229848586206, 9.235106536419801 -4.282066856105468, 9.225497142498858 -4.280887997168198, 9.215889705212938 -4.27969329689872, 9.206284247920046 -4.2784827805735075, 9.196680793795782 -4.277256473783657, 9.187079365893553 -4.276014402330724, 9.177479987122956 -4.274756592255822, 9.16788268022588 -4.27348306987917, 9.158287467840344 -4.272193861688456, 9.148694372397983 -4.270888994502931, 9.139103416251489 -4.269568495265825, 9.129514621531397 -4.268232391264994, 9.11992801028531 -4.266880709915709, 9.11034360435463 -4.265513478942171, 9.100761425465127 -4.264130726241441, 9.09118149517495 -4.262732479953225, 9.081603834879008 -4.261318768453431, 9.072028465849854 -4.2598896202894085, 9.06245540915142 -4.258445064300231, 9.0528846857594 -4.2569851294452485, 9.043316316415721 -4.255509844999742, 9.033750321779753 -4.254019240349166, 9.024186722285815 -4.25251334517282, 9.014625538258203 -4.250992189293222, 9.005066789833288 -4.2494558027703695, 8.9955104969892 -4.247904215864086, 8.985956679565005 -4.246337459004324, 8.9764053571913 -4.244755562875751, 8.96685654940098 -4.243158558278765, 8.957310275486146 -4.241546476296977, 8.947766554655137 -4.23991934811114, 8.938225405877334 -4.238277205174656, 8.928686848016095 -4.236620079061313, 8.919150899731157 -4.2349480015692205, 8.90961757952833 -4.233261004665928, 8.900086905761144 -4.23155912048128, 8.890558896575609 -4.229842381366088, 8.881033570012052 -4.2281108197804524, 8.87151094386535 -4.22636446843698, 8.861991035844936 -4.224603360134642, 8.852473863411864 -4.222827527919283, 8.842959443923519 -4.221037004939187, 8.833447794522934 -4.219231824548408, 8.823938932201733 -4.217412020246194, 8.814432873790498 -4.215577625681138, 8.804929635912467 -4.213728674693992, 8.795429235080148 -4.211865201225012, 8.78593168755747 -4.209987239436827, 8.776437009521691 -4.208094823568095, 8.766945216896056 -4.206187988076728, 8.757456325500833 -4.204266767508935, 8.747970350936447 -4.202331196593961, 8.738487308652026 -4.200381310186841, 8.72900721393214 -4.198417143274745, 8.719530081852463 -4.196438731012454, 8.710055927376663 -4.194446108641739, 8.700584765217084 -4.192439311598706, 8.691116609999188 -4.190418375385258, 8.681651476092197 -4.188383335693981, 8.672189377761365 -4.1863342282943785, 8.662730329051843 -4.184271089113992, 8.653274343854669 -4.182193954190905, 8.643821435898467 -4.180102859674881, 8.634371618699216 -4.1779978418617825, 8.624924905663708 -4.175878937120124, 8.615481309944716 -4.1737461819865596, 8.60604084460882 -4.1715996130536315, 8.596603522467625 -4.169439267075874, 8.587169356225575 -4.1672651808755, 8.577738358372656 -4.165077391405409, 8.568310541238667 -4.16287593571604, 8.558885916998733 -4.160660850948204, 8.549464497609009 -4.158432174370554, 8.540046294922911 -4.15618994330956, 8.530631320537692 -4.153934195234804, 8.521219585965122 -4.151664967662677, 8.511811102467501 -4.1493822982427755, 8.50240588119377 -4.147086224684916, 8.493003933090002 -4.144776784802295, 8.483605268932243 -4.1424540164946935, 8.474209899355166 -4.140117957730667, 8.46481783476626 -4.1377686465890715, 8.455429085479228 -4.135406121192592, 8.446043661551284 -4.133030419782371, 8.436661572953275 -4.130641580638764, 8.427282829417507 -4.12823964214672, 8.417907440552652 -4.125824642745216, 8.408535415782449 -4.123396620950095, 8.399166764347164 -4.120955615353394, 8.389801495363422 -4.118501664595892, 8.380439617711987 -4.116034807410987, 8.371081140188807 -4.113555082564119, 8.36172607133745 -4.111062528914158, 8.352374419610104 -4.1085571853533525, 8.343026193238307 -4.106039090850722, 8.333681400314685 -4.103508284423517, 8.324340048770946 -4.100964805141486, 8.315002146339182 -4.098408692139428, 8.305667700647945 -4.095839984583911, 8.296336719083406 -4.093258721715211, 8.287009208952464 -4.090664942796864, 8.277685177321356 -4.088058687160408, 8.268364631153283 -4.085439994166225, 8.259047577216572 -4.082808903225595, 8.249734022120386 -4.0801654537913254, 8.240423972341627 -4.077509685348042, 8.231117434141165 -4.0748416374321925, 8.221814413694826 -4.072161349599281, 8.212514916936062 -4.069468861457916, 8.203218949717119 -4.066764212633984, 8.193926517671375 -4.064047442796666, 8.18463762630964 -4.061318591639285, 8.175352280981004 -4.058577698883814, 8.166070486851952 -4.055824804284555, 8.15679224898645 -4.053059947612066, 8.14751757222039 -4.050283168672631, 8.138246461315502 -4.047494507283332, 8.128978920803453 -4.044694003292556, 8.119714955121408 -4.041881696561311, 8.110454568520437 -4.0390576269721326, 8.101197765102519 -4.036221834424785, 8.091944548845468 -4.033374358830948, 8.08269492352233 -4.030515240121848, 8.07344889282799 -4.027644518234989, 8.064206460228542 -4.024762233125086, 8.054967629113396 -4.021868424752211, 8.045732402669485 -4.018963133087595, 8.036500783964007 -4.016046398108978, 8.02727277591952 -4.013118259799206, 8.018048381280352 -4.010178758147369, 8.00882760270205 -4.0072279331441205, 7.999610442622516 -4.004265824783398, 7.990396903411304 -4.001292473059561, 7.981186987227656 -3.9983079179659566, 7.971980696134398 -3.9953121994953107, 7.962778032033304 -3.9923053576363814, 7.953578996673689 -3.989287432374145, 7.9443835917034775 -3.986258463689184, 7.935191818569355 -3.983218491553116, 7.926003678651465 -3.9801675559337863, 7.916819173119279 -3.977105696785486, 7.907638303062778 -3.9740329540571544, 7.8984610693997555 -3.970949367683248, 7.889287472918318 -3.9678549775872862, 7.880117514293614 -3.9647498236811156, 7.870951194017714 -3.9616339458575673, 7.861788512514215 -3.9585073840013525, 7.852629470001322 -3.9553701779717882, 7.843474066629077 -3.9522223676194392, 7.8343223023694675 -3.9490639927693407, 7.825174177083632 -3.945895093230584, 7.816029690510902 -3.942715708792418, 7.80688884222511 -3.9395258792170935, 7.797751631728265 -3.936325644253964, 7.788618058325817 -3.933115043616434, 7.779488121262165 -3.92989411700633, 7.770361819602337 -3.9266629040891257, 7.761239152315353 -3.9234214445107503, 7.752120118242934 -3.920169777888828, 7.743004716076945 -3.9169079438076344, 7.733892944434505 -3.9136359818335036, 7.724784801746409 -3.910353931487614, 7.715680286386959 -3.9070618322769786, 7.706579396553247 -3.9037597236621364, 7.697482130357621 -3.9004476450813006, 7.6883884857830385 -3.897125635936184, 7.679298460675663 -3.893793735589896, 7.670212052805482 -3.890451983382659, 7.661129259766369 -3.8871004186014786, 7.652050079098967 -3.883739080516758, 7.642974508171328 -3.8803680083432917, 7.633902544275035 -3.87698724127112, 7.624834184573297 -3.8735968184463427, 7.615769426102873 -3.870196778971771, 7.606708265824849 -3.866787161922889, 7.597650700533595 -3.8633680063147486, 7.588596726973013 -3.859939351143571, 7.579546341720717 -3.8565012353419346, 7.570499541283666 -3.8530536978152545, 7.561456322044188 -3.84959677741871, 7.552416680265888 -3.8461305129596193, 7.543380612139227 -3.8426549432144173, 7.534348113696157 -3.839170106892413, 7.525319180920863 -3.8356760426821634, 7.516293809638693 -3.8321727892016955, 7.507271995608127 -3.828660385039234, 7.4982537344691105 -3.825138868727929, 7.489239021748172 -3.821608278748224, 7.480227852903095 -3.8180686535472956, 7.47122022324017 -3.8145200314987906, 7.462216128020631 -3.810962450954005, 7.453215562355243 -3.8073959501880696, 7.444218521289914 -3.803820567443184, 7.435224999760127 -3.800236340903344, 7.426234992591107 -3.7966433086944247, 7.417248494545333 -3.793041508908003, 7.40826550023978 -3.789430979555895, 7.3992860042489506 -3.7858117586262114, 7.390310001006145 -3.782183884026665, 7.381337484880149 -3.778547393628157, 7.372368450139157 -3.7749023252421794, 7.3634028909424885 -3.7712487166159123, 7.354440801393796 -3.7675866054625784, 7.345482175456693 -3.7639160294096787, 7.336527007054354 -3.7602370260596136, 7.3275752899790945 -3.756549632931855, 7.318627017957389 -3.7528538875040978, 7.309682184626418 -3.7491498271955206, 7.300740783514524 -3.7454374893539684, 7.291802808101923 -3.741716911294832, 7.282868251734331 -3.737988130242411, 7.273937107718032 -3.7342511833940244, 7.2650093692400635 -3.7305061078636053, 7.256085029418688 -3.726752940716957, 7.247164081295261 -3.722991718964413, 7.23824651780156 -3.7192224795372453, 7.22933233182844 -3.715445259336476, 7.220421516138681 -3.711660095167868, 7.2115140634550015 -3.7078670238071942, 7.202609966393962 -3.7040660819488753, 7.193709217498954 -3.7002573062312445, 7.184811809249424 -3.6964407332422184, 7.175917734014468 -3.6926163994826484, 7.167026984128149 -3.6887843414252055, 7.158139551804709 -3.6849445954452835, 7.14925542921552 -3.6810971978833655, 7.140374608440329 -3.677242185003431, 7.1314970814802585 -3.6733795930038298, 7.122622840285265 -3.6695094580390633, 7.1137518766950905 -3.6656318161690735, 7.104884182518166 -3.66174670342656, 7.0960197494536885 -3.6578541557479545, 7.087158569152904 -3.6539542090273502, 7.078300633191017 -3.6500468990900505, 7.0694459330588675 -3.646132261685009, 7.060594460207633 -3.6422103325244573, 7.051746205980432 -3.6382811472202845, 7.042901161689864 -3.634344741355794, 7.034059318552437 -3.63040115042277, 7.025220667729569 -3.6264504098604933, 7.016385200322639 -3.622492555049626, 7.007552907343628 -3.618527621283523, 6.998723779773717 -3.614555643824893, 6.98989780849156 -3.61057665783382, 6.981074984342491 -3.606590698436915, 6.972255298091167 -3.6025978006780717, 6.963438740438841 -3.5985979995361532, 6.954625302041873 -3.5945913299429346, 6.945814973464356 -3.590577826733303, 6.937007745244435 -3.5865575247145545, 6.928203607827525 -3.5825304585943076, 6.9194025516192905 -3.578496663037406, 6.910604566961599 -3.5744561726385164, 6.901809644124707 -3.5704090219135423, 6.893017773346661 -3.5663552453422387, 6.884228944774026 -3.5622948773014356, 6.875443148527641 -3.558227952138826, 6.866660374649249 -3.554154504111102, 6.857880613131876 -3.55007456741888, 6.849103853921553 -3.5459881762075227, 6.84033008688644 -3.5418953645307987, 6.831559301870669 -3.5377961664137962, 6.822791488633036 -3.533690615779025, 6.814026636901836 -3.529578746512255, 6.80526473634264 -3.52546059242223, 6.796505776562563 -3.521336187245899, 6.787749747136409 -3.5172055646797946, 6.7789966375587145 -3.513068758319915, 6.770246437302444 -3.5089258017349843, 6.761499135766897 -3.504776728399292, 6.7527547223121225 -3.5006215717367755, 6.744013186252619 -3.4964603651118615, 6.735274516836273 -3.4922931418019374, 6.726538703288747 -3.488119935054883, 6.717805734759025 -3.48394077801632, 6.7090756003710235 -3.4797557037983426, 6.700348289190452 -3.4755647454338554, 6.691623790233415 -3.4713679358882765, 6.682902092485817 -3.467165308085164, 6.674183184862953 -3.462956894850105, 6.6654670562613845 -3.4587427289824815, 6.656753695511275 -3.454522843187734, 6.648043091409178 -3.450297270123742, 6.63933523271033 -3.4460660423888134, 6.630630108111481 -3.4418291924969306, 6.621927706289647 -3.4375867529331927, 6.613228015853702 -3.4333387560825894, 6.6045310253906 -3.429085234297811, 6.595836723435719 -3.424826219854351, 6.587145098480342 -3.4205617449617005, 6.578456138989471 -3.4162918417893198, 6.569769833365264 -3.4120165424108677, 6.561086169993409 -3.407735878874709, 6.552405137201326 -3.403449883138773, 6.543726723285841 -3.3991585871134706, 6.535050916508525 -3.394862022653529, 6.5263777050780885 -3.3905602215301576, 6.5177070771865395 -3.3862532154878178, 6.509039020965852 -3.381941036174456, 6.500373524527626 -3.3776237152052064, 6.49171057593976 -3.373301284123712, 6.483050163229171 -3.368973774406579, 6.474392274401436 -3.3646412174949574, 6.465736897405719 -3.360303644736149, 6.4570840201763655 -3.3559610874526506, 6.448433630598053 -3.3516135768829645, 6.439785716525954 -3.3472611442156546, 6.431140265787007 -3.342903820590759, 6.422497266159322 -3.338541637064347, 6.413856705407228 -3.3341746246685364, 6.405218571242993 -3.329802814344498, 6.396582851358692 -3.325426236998064, 6.387949533411205 -3.3210449234725976, 6.379318605018018 -3.316658904541522, 6.370690053780344 -3.3122682109489823, 6.3620638672489 -3.307872873348089, 6.35344003296023 -3.303472922366322, 6.344818538410203 -3.2990683885566994, 6.336199371064904 -3.2946593024177258, 6.3275825183693515 -3.2902456944087723, 6.3189679677231085 -3.285827594904756, 6.310355706514049 -3.281405034258733, 6.301745722086262 -3.276978042741236, 6.293138001762513 -3.272546650582627, 6.28453253283897 -3.268110887962561, 6.275929302573289 -3.263670784987281, 6.267328298211065 -3.2592263717396683, 6.258729506953811 -3.254777678216796, 6.2501329159882015 -3.250324734386798, 6.241538512469379 -3.2458675701559248, 6.2329462835217395 -3.2414062153700396, 6.224356216254997 -3.2369406998458166, 6.215768297737135 -3.2324710533167944, 6.207182515025116 -3.227997305494491, 6.198598855140827 -3.2235194860196934, 6.190017305082834 -3.219037624486139, 6.181437851831182 -3.214551750449771, 6.1728604823287245 -3.2100618933905674, 6.16428518350874 -3.2055680827688335, 6.155711942267645 -3.2010703479687055, 6.147140745484891 -3.1965687183392273, 6.138571580017358 -3.192063223182266, 6.130004432690379 -3.1875538917337187, 6.121439290319255 -3.183040753208337, 6.112876139682559 -3.1785238367432145, 6.104314967546689 -3.1740031714496943, 6.095755760651935 -3.1694787863833187, 6.0871985057130225 -3.1649507105449914, 6.0786431894327375 -3.1604189729098753, 6.070089798479154 -3.155883602378191, 6.061538319511181 -3.1513446278303205, 6.052988739159039 -3.1468020780841233, 6.044441044033094 -3.142255981914165, 6.035895220729037 -3.137706368062736, 6.0273512558113005 -3.133153265203348, 6.0188091358364755 -3.1285967019921905, 6.010268847331111 -3.124036707018787, 6.001730376806867 -3.119473308839617, 5.993193710757804 -3.114906535971789, 5.984658835650956 -3.110336416871926, 5.976125737945507 -3.105762979979017, 5.967594404070511 -3.1011862536641313, 5.959064820444074 -3.096606266273655, 5.950536973464058 -3.0920230461080056, 5.942010849505803 -3.0874366214164533, 5.933486434935774 -3.0828470204280456, 5.924963716091431 -3.078254271305714, 5.916442679302031 -3.0736584021936637, 5.90792331087446 -3.0690594411849395, 5.89940559709743 -3.0644574163310327, 5.8908895242490935 -3.0598523556589, 5.882375078580987 -3.055244287133636, 5.873862246338009 -3.0506332387049397, 5.8653510137414075 -3.0460192382678044, 5.8568413669982835 -3.0414023136845074, 5.8483332923031135 -3.036782492787959, 5.839826775826582 -3.0321598033557287, 5.831321803733283 -3.0275342731512245, 5.822818362163686 -3.022905929881631, 5.814316437247511 -3.0182748012291, 5.805816015099852 -3.013640914841645, 5.797317081815248 -3.0090042983193093, 5.788819623481941 -3.0043649792474336, 5.780323626164354 -2.9997229851557448, 5.771829075918816 -2.995078343555061, 5.763335958785285 -2.99043108191801, 5.7548442607864825 -2.9857812276769806, 5.746353967938005 -2.981128808247765, 5.737865066232731 -2.9764738509931967, 5.729377541657281 -2.9718163832615443, 5.72089138018058 -2.967156432359956, 5.7124065677574976 -2.9624940255629006, 5.703923090334543 -2.957829190125506, 5.6954409338372525 -2.9531619532543294, 5.686960084185984 -2.9484923421439673, 5.678480527282545 -2.9438203839462975, 5.670002249017554 -2.9391461057874184, 5.661525235271915 -2.934469534771201, 5.6530494719077735 -2.929790697958584, 5.644574944782514 -2.9251096223996624, 5.636101639734327 -2.920426335101012, 5.627629542592563 -2.9157408630491592, 5.619158639176186 -2.9110532332072085, 5.610688915288805 -2.906363472503605, 5.602220356728416 -2.9016716078543654, 5.59375294926938 -2.8969776661234765, 5.585286678678101 -2.892281674157407, 5.57682153072098 -2.8875836588026127, 5.568357491164417 -2.8828836469055505, 6.018162033075245 -2.102563536427553))