POLYGON ((4.4233031933067855 -1.005490642851466, 4.431745489781294 -1.0112393719188297, 4.440186348986027 -1.0169902110560092, 4.4486257889343195 -1.0227431327694596, 4.4570638276395025 -1.0284981095656374, 4.465500483115103 -1.0342551139515455, 4.473935773385415 -1.040014118465001, 4.482369716491027 -1.045775095690431, 4.490802330477356 -1.0515380182260643, 4.499233633403176 -1.0573028587082507, 4.507663643331621 -1.0630695897857418, 4.516092378338414 -1.0688381841427503, 4.524519856507183 -1.0746086144857208, 4.5329460959295735 -1.0803808535432897, 4.541371114708792 -1.0861548740760543, 4.549794930952608 -1.0919306488570208, 4.558217562782257 -1.0977081506956858, 4.566639028323192 -1.103487352412923, 4.575059345712482 -1.1092682268603613, 4.583478533094258 -1.1150507469083188, 4.591896608620332 -1.1208348854469479, 4.6003135904532595 -1.126620615394081, 4.608729496759929 -1.1324079096784851, 4.6171443457197885 -1.1381967412603853, 4.625558155516189 -1.143987083109672, 4.633970944343475 -1.149778908222874, 4.64238273040248 -1.1555721896122035, 4.6507935319013995 -1.1613669003070581, 4.659203367058381 -1.1671630133600503, 4.667612254095734 -1.1729605018331744, 4.67602021124758 -1.1787593388148145, 4.68442725675166 -1.1845594974013416, 4.692833408856185 -1.190360950711486, 4.701238685815339 -1.1961636718767152, 4.709643105890434 -1.2019676340428385, 4.718046687352089 -1.2077728103743899, 4.726449448474921 -1.2135791740437163, 4.734851407544539 -1.219386698244615, 4.7432525828499355 -1.2251953561772415, 4.751652992690234 -1.2310051210595205, 4.760052655370146 -1.2368159661191493, 4.768451589201315 -1.2426278645951827, 4.77684981250412 -1.2484407897409642, 4.785247343602874 -1.254254714815868, 4.79364420083247 -1.260069613095316, 4.8020404025310075 -1.265885457859413, 4.810435967046291 -1.271702222401537, 4.818830912731274 -1.2775198800220795, 4.827225257945684 -1.2833384040296922, 4.835619021057426 -1.2891577677429902, 4.844012220438286 -1.2949779444847906, 4.85240487447018 -1.3007989075886655, 4.860797001538058 -1.3066206303912296, 4.86918862003632 -1.312443086237593, 4.877579748364158 -1.3182662484771497, 4.885970404927466 -1.324090090464209, 4.894360608139857 -1.3299145855587349, 4.902750376418816 -1.335739707122933, 4.911139728191551 -1.341565428524454, 4.919528681888182 -1.3473917231323624, 4.927917255948071 -1.353218564319253, 4.936305468815062 -1.359045925459388, 4.944693338939687 -1.3648737799283694, 4.953080884779774 -1.3707021011032534, 4.961468124797066 -1.3765308623612151, 4.969855077462659 -1.3823600370795486, 4.97824176125048 -1.3881895986353354, 4.9866281946435524 -1.3940195204040187, 4.995014396129095 -1.3998497757602386, 5.003400384201004 -1.4056803380761946, 5.011786177360023 -1.4115111807215812, 5.020171794110925 -1.4173422770638173, 5.028557252967609 -1.4231736004650142, 5.036942572446743 -1.4290051242854063, 5.045327771073994 -1.434836821878256, 5.053712867378925 -1.4406686665937394, 5.062097879897937 -1.4465006317753242, 5.070482827173946 -1.452332690760088, 5.078867727753994 -1.4581648168802435, 5.087252600193851 -1.4639969834576199, 5.095637463052017 -1.469829163810481, 5.104022334895932 -1.4756613312445432, 5.112407234296676 -1.4814934590603537, 5.120792179832305 -1.4873255205471645, 5.129177190087 -1.493157488984344, 5.137562283649253 -1.4989893376433796, 5.14594747911597 -1.5048210397803368, 5.154332795086787 -1.5106525686458996, 5.162718250170247 -1.5164838974724584, 5.171103862978259 -1.5223149994853904, 5.179489652129909 -1.5281458478937306, 5.187875636249983 -1.5339764158935325, 5.196261833967831 -1.5398066766694636, 5.204648263920866 -1.545636603386009, 5.213034944749291 -1.5514661692002483, 5.221421895102158 -1.5572953472450939, 5.229809133631637 -1.5631241106448341, 5.238196678997289 -1.568952432501848, 5.246584549863938 -1.574780285902932, 5.254972764901268 -1.5806076439193704, 5.263361342786643 -1.5864344795979246, 5.2717503022003305 -1.5922607659755712, 5.280139661831362 -1.5980864760592075, 5.288529440371663 -1.6039115828456698, 5.29691965652078 -1.6097360593037737, 5.305310328983053 -1.6155598783847422, 5.313701476468023 -1.6213830130193931, 5.322093117692459 -1.6272054361102894, 5.330485271376201 -1.6330271205472773, 5.338877956247685 -1.6388480391844356, 5.347271191038035 -1.64466816486441, 5.355664994486222 -1.6504874703951886, 5.364059385335493 -1.6563059285657995, 5.3724543823347055 -1.6621235121390714, 5.380850004239382 -1.6679401938466387, 5.389246269808397 -1.6737559464036793, 5.397643197808936 -1.6795707424843194, 5.406040807010747 -1.6853845547497324, 5.4144391161915815 -1.6911973558193751, 5.422838144132951 -1.6970091182930351, 5.431237909622389 -1.7028198147374805, 5.439638431453458 -1.7086294176863548, 5.448039728423425 -1.714437899652001, 5.45644181933745 -1.7202452331011924, 5.464844723003209 -1.726051390485767, 5.473248458236445 -1.7318563442086017, 5.481653043856151 -1.7376600666527369, 5.490058498687736 -1.7434625301603084, 5.498464841561924 -1.7492637070395878, 5.506872091313566 -1.7550635695712922, 5.515280266784838 -1.7608620899871887, 5.523689386820516 -1.76665924050119, 5.532099470273399 -1.7724549932711664, 5.540510535999091 -1.778249320435216, 5.54892260285989 -1.7840421940817563, 5.557335689722592 -1.7898335862659205, 5.565749815458586 -1.7956234690073714, 5.574164998945848 -1.8014118142750497, 5.582581259065123 -1.8071985940156001, 5.590998614704806 -1.8129837801137092, 5.59941708475572 -1.8187673444340369, 5.607836688115658 -1.8245492587819931, 5.616257443686132 -1.8303294949313376, 5.62467937037371 -1.8361080246106622, 5.633102487090623 -1.841884819498055, 5.641526812752203 -1.8476598512426368, 5.649952366280834 -1.8534330914273727, 5.6583791666011365 -1.8592045116137423, 5.66680723264469 -1.8649740832945403, 5.6752365833460265 -1.870741777933359, 5.68366723764512 -1.8765075669372087, 5.6920992144865865 -1.8822714216649648, 5.700532532818546 -1.8880333134371627, 5.708967211595313 -1.8937932135065827, 5.7174032697734125 -1.8995510931008095, 5.725840726316024 -1.9053069233705413, 5.734279600188632 -1.9110606754395125, 5.74271991036238 -1.9168123203623164, 5.7511616758119875 -1.9225618291497681, 5.759604915516064 -1.9283091727620827, 5.768049648458303 -1.9340543220934228, 5.776495893624802 -1.9397972480054164, 5.784943670007711 -1.9455379212774675, 5.79339299660108 -1.951276312662359, 5.801843892404474 -1.9570123928313328, 5.810296376420041 -1.9627461324174538, 5.818750467654046 -1.9684775019883194, 5.827206185116589 -1.9742064720506827, 5.835663547820401 -1.9799330130670694, 5.844122574783128 -1.9856570954171922, 5.852583285024107 -1.9913786894507002, 5.861045697567694 -1.9970977654254567, 5.869509831440038 -2.0028142935661357, 5.877975705671418 -2.008528244015541, 5.886443339294769 -2.014239586863677, 5.894912751345815 -2.019948292140136, 5.9033839608638825 -2.025654329796335, 5.911856986889979 -2.031357669744205, 5.920331848469145 -2.037058281799022, 5.928808564647694 -2.042756135744228, 5.937287154475581 -2.0484512012660985, 5.945767637004373 -2.0541434480073417, 5.954250031288295 -2.0598328455306776, 5.962734356383839 -2.065519363330385, 5.971220631349125 -2.0712029708449426, 5.979708875244986 -2.076883637418855, 5.988199107133214 -2.0825613323590955, 5.99669134607825 -2.0882360248652976, 6.005185611145385 -2.093907684100173, 6.0136819214019415 -2.0995762791263095, 6.02218029591636 -2.1052417789507696, 6.0306807537583165 -2.11090415250267, 6.039183313998808 -2.1165633686277054, 6.047687995709479 -2.1222193961186244, 6.056194817963239 -2.1278722036605098, 6.064703799833359 -2.1335217599000873, 6.0732149603940435 -2.139168033368313, 6.081728318719799 -2.144810992552278, 6.09024389388528 -2.150450605836684, 6.098761704965236 -2.1560868415391505, 6.107281771034317 -2.1617196679000212, 6.115804111167036 -2.1673490530628814, 6.124328744437611 -2.172974965119019, 6.1328556899195155 -2.1785973720404708, 6.141384966685876 -2.1842162417583313, 6.149916593808499 -2.1898315420806935, 6.15845059035862 -2.1954432407647952, 6.16698697540585 -2.2010513054617156, 6.175525768018624 -2.206655703745324, 6.184066987263814 -2.2122564031105987, 6.192610652206163 -2.2178533709448143, 6.201156781909121 -2.2234465745812546, 6.209705395432973 -2.229035981223873, 6.2182565118368105 -2.234621558032233, 6.226810150175914 -2.240203272035024, 6.235366329503872 -2.2457810902044155, 6.243925068870464 -2.251354979400438, 6.252486387322597 -2.2569249063986585, 6.261050303903939 -2.2624908378909727, 6.26961683765368 -2.2680527404533706, 6.278186007608503 -2.2736105806037585, 6.286757832799075 -2.2791643247219326, 6.295332332253847 -2.2847139391396767, 6.303909524994467 -2.290259390048694, 6.312489430039629 -2.2958006435808063, 6.321072066401537 -2.3013376657463858, 6.329657453087663 -2.3068704224677345, 6.338245609100058 -2.3123988795748054, 6.346836553433682 -2.317923002776987, 6.355430305079424 -2.3234427577184618, 6.36402688301906 -2.3289581098980374, 6.372626306230907 -2.3344690247625084, 6.381228593682803 -2.339975467608161, 6.389833764338315 -2.345477403670669, 6.398441837151 -2.3509747980512175, 6.407052831067896 -2.35646761576376, 6.41566676502763 -2.361955821716297, 6.424283657959223 -2.3674393806961924, 6.432903528785246 -2.3729182574143435, 6.441526396415601 -2.3783924164326677, 6.450152279755046 -2.3838618222551737, 6.458781197693767 -2.389326439224778, 6.467413169116428 -2.3947862316245847, 6.476048212893191 -2.4002411635867147, 6.484686347886306 -2.405691199161412, 6.493327592945298 -2.4111363022738472, 6.5019719669080125 -2.416576436734587, 6.510619488602211 -2.422011566260156, 6.519270176839853 -2.42744165442018, 6.527924050425145 -2.43286666471531, 6.5365811281432675 -2.4382865604783857, 6.5452414287723615 -2.4437013049817247, 6.553904971070465 -2.449110861329276, 6.562571773786788 -2.4545151925516344, 6.571241855651807 -2.4599142615301424, 6.579915235383192 -2.4653080310441973, 6.588591931682902 -2.470696463753735, 6.597271963234983 -2.476079522182616, 6.605955348711221 -2.481457168765449, 6.61464210676058 -2.4868293657713085, 6.623332256022237 -2.4921960754005075, 6.632025815109328 -2.497557259672834, 6.640722802625182 -2.5029128805412, 6.649423237146799 -2.5082628997838667, 6.65812713723831 -2.5136072790941832, 6.666834521439956 -2.518945980013563, 6.675545408273774 -2.5242789639678125, 6.684259816241917 -2.5296061922614963, 6.6929777638219825 -2.5349276260496594, 6.701699269475968 -2.540243226395323, 6.710424351635626 -2.5455529541837905, 6.719153028719877 -2.5508567702273233, 6.727885319113595 -2.556154635147307, 6.736621241188603 -2.5614465094929115, 6.74536081328259 -2.5667323536287574, 6.75410405371648 -2.5720121278292734, 6.7628509807800175 -2.57728579220656, 6.771601612739841 -2.5825533067526023, 6.780355967836225 -2.587814631327079, 6.789114064278793 -2.5930697256360173, 6.79787592025597 -2.5983185492827223, 6.806641553918386 -2.6035610616877696, 6.815410983399325 -2.6087972221902405, 6.824184226789238 -2.6140269899295276, 6.8329613021620315 -2.619250323969166, 6.841742227547417 -2.6244671831739548, 6.8505270209553535 -2.629677526320439, 6.859315700354038 -2.634881312003829, 6.8681082836853395 -2.640078498705242, 6.876904788854404 -2.645269044751685, 6.885705233731524 -2.650452908324034, 6.894509636156415 -2.6556300474789762, 6.903318013925045 -2.6608004200958093, 6.91213038480841 -2.665963983955459, 6.920946766526187 -2.671120696637603, 6.929767176776394 -2.6762705156388247, 6.938591633201247 -2.6814133982440183, 6.947420153420677 -2.6865493016546016, 6.956252754998652 -2.6916781828665264, 6.965089455471906 -2.696799998776344, 6.973930272324841 -2.701914706094585, 6.982775223006433 -2.7070222614061072, 6.991624324919419 -2.7121226211365626, 7.000477595421097 -2.717215741555264, 7.009335051829595 -2.722301578800723, 7.018196711407317 -2.7273800888256474, 7.027062591383949 -2.732451227476533, 7.035932708924555 -2.737514950391049, 7.044807081165599 -2.7425712131163773, 7.053685725173098 -2.7476199709790348, 7.062568657984618 -2.752661179217628, 7.071455896565901 -2.7576947928525906, 7.080347457849802 -2.7627207668051446, 7.0892433587001795 -2.7677390557932804, 7.098143615939778 -2.7727496144142028, 7.107048246328229 -2.7777523970847575, 7.115957266573357 -2.7827473580738884, 7.124870693327437 -2.787734451496404, 7.133788543179195 -2.7927136312909524, 7.142710832669611 -2.7976848512674266, 7.151637578264748 -2.8026480650341954, 7.160568796389522 -2.807603226091527, 7.169504503384503 -2.8125502877192807, 7.178444715552946 -2.817489203101751, 7.1873894491075765 -2.8224199251938815, 7.196338720223538 -2.8273424068565873, 7.205292544983832 -2.8322566007239973, 7.2142509394290375 -2.837162459326575, 7.223213919510132 -2.842059934980656, 7.23218150112702 -2.846948979880949, 7.241153700095668 -2.8518295460273495, 7.25013053216969 -2.8567015852752635, 7.259112013026367 -2.8615650493079947, 7.268098158267897 -2.8664198896396953, 7.277088983428519 -2.871266057635584, 7.286084503954372 -2.8761035044680545, 7.295084735231606 -2.8809321811815654, 7.304089692546155 -2.885752038607537, 7.313099391130335 -2.8905630274659844, 7.322113846106211 -2.8953650982492634, 7.331133072545851 -2.9001582013484057, 7.34015708540423 -2.9049422869195807, 7.349185899586147 -2.9097173050196834, 7.358219529876503 -2.914483205472019, 7.367257991005647 -2.919239937994567, 7.376301297585127 -2.9239874520804907, 7.385349464163937 -2.928725697105208, 7.394402505176439 -2.9334546222334446, 7.4034604349837005 -2.9381741764956035, 7.412523267838522 -2.94288430872879, 7.421591017907795 -2.947584967617003, 7.430663699257843 -2.9522761016697907, 7.439741325855461 -2.956957659224311, 7.448823911575061 -2.961629588461991, 7.457911470177718 -2.966291837373545, 7.467004015340002 -2.9709443538112112, 7.476101560611898 -2.9755870854203685, 7.485204119465735 -2.980219979722619, 7.494311705235295 -2.9848429840197404, 7.503424331181824 -2.9894560455009764, 7.512542010418 -2.9940591111267456, 7.521664755986721 -2.9986521277520484, 7.530792580774834 -3.0032350419986056, 7.539925497599278 -3.007807800385239, 7.549063519116418 -3.0123703491978793, 7.558206657909416 -3.016922634617509, 7.5673549263993545 -3.0214646025970335, 7.576508336927934 -3.0259961989785986, 7.585666901675731 -3.030517369384448, 7.594830632735452 -3.035028059317604, 7.603999542041585 -3.0395282140716913, 7.613173641430484 -3.0440177788109697, 7.6223529425846035 -3.0484966985022384, 7.6315374570767025 -3.052964917971924, 7.640727196330929 -3.0574223818616355, 7.649922171649306 -3.061869034661408, 7.659122394191096 -3.066304820689203, 7.668327874980557 -3.07072968410056, 7.677538624905184 -3.0751435688913085, 7.686754654704496 -3.0795464188847865, 7.695975974987098 -3.083938177756248, 7.705202596200819 -3.0883187889994783, 7.714434528668021 -3.0926881959708035, 7.723671782537923 -3.0970463418374212, 7.732914367839078 -3.101393169638522, 7.742162294415157 -3.1057286222179563, 7.751415571993161 -3.110052642299755, 7.7606742101042485 -3.114365172407916, 7.76993821816597 -3.118666154953517, 7.779207605389965 -3.1229555321444287, 7.788482380876295 -3.1272332460812327, 7.797762553510002 -3.1314992386596137, 7.807048132065521 -3.1357534516724037, 7.816339125094113 -3.139995826707229, 7.825635541036346 -3.144226305252234, 7.834937388102441 -3.1484448285913147, 7.844244674390813 -3.152651337911314, 7.853557407763244 -3.1568457741969094, 7.862875595967636 -3.1610280783373756, 7.872199246509811 -3.165198191022869, 7.881528366778774 -3.169356052849184, 7.890862963916728 -3.173501604216841, 7.900203044945404 -3.177634785432633, 7.909548616635535 -3.181755536612495, 7.918899685633217 -3.1858637977790765, 7.928256258329702 -3.1899595087689914, 7.937618340987087 -3.1940426093259613, 7.946985939609 -3.198113039012778, 7.956359060065175 -3.2021707372998174, 7.965737707963326 -3.2062156434817912, 7.975121888772459 -3.21024769676166, 7.984511607695972 -3.214266836172074, 7.99390686979375 -3.21827300065485, 8.00330767985637 -3.222266128986882, 8.012714042526188 -3.226246159855458, 8.02212596217236 -3.2302130317883324, 8.031543443011312 -3.234166683225216, 8.040966488982075 -3.238107052451655, 8.050395103866704 -3.2420340776670735, 8.059829291165352 -3.2459476969220784, 8.069269054217235 -3.2498478481834328, 8.078714396074819 -3.253734469274417, 8.088165319626016 -3.2576074979371024, 8.09762182746672 -3.261466871775408, 8.107083922025023 -3.2653125283150226, 8.116551605431363 -3.2691444049488423, 8.126024879645488 -3.2729624389948127, 8.135503746323463 -3.2767665676435263, 8.14498820694814 -3.280556728014184, 8.154478262692276 -3.284332857104168, 8.163973914553235 -3.2880948918432713, 8.173475163211577 -3.2918427690451613, 8.182982009170564 -3.2955764254599162, 8.192494452609674 -3.29929579772738, 8.202012493529411 -3.3030008224279617, 8.211536131599347 -3.306691436037977, 8.221065366308519 -3.310367574978575, 8.230600196807865 -3.3140291755732556, 8.2401406220662 -3.3176761740946796, 8.249686640707184 -3.3213085067246486, 8.259238251170574 -3.324926109598479, 8.268795451544275 -3.3285289187678124, 8.27835823973005 -3.332116870242153, 8.287926613271724 -3.3356898999549256, 8.297500569524058 -3.339247943801739, 8.307080105478683 -3.3427909376101614, 8.316665217934224 -3.346318817174235, 8.32625590332222 -3.3498315182284157, 8.33585215787594 -3.3533289764779335, 8.345453977459131 -3.3568111275772696, 8.355061357730465 -3.360277907156051, 8.36467429397835 -3.363729250802271, 8.374292781277612 -3.3671650940836244, 8.383916814333977 -3.370585372535479, 8.393546387629163 -3.3739900216777396, 8.403181495279032 -3.3773789770073472, 8.412822131162994 -3.380752174011053, 8.42246828880001 -3.384109548161933, 8.4321199614581 -3.3874510349287026, 8.441777142052384 -3.3907765697754413, 8.451439823230558 -3.3940860881684305, 8.461107997297054 -3.3973795255780006, 8.470781656270525 -3.4006568174841245, 8.480460791837876 -3.403917899379002, 8.4901453953803 -3.4071627067728896, 8.499835457960334 -3.410391175195782, 8.509530970313662 -3.413603240205245, 8.519231922871542 -3.41679883738543, 8.52893830571658 -3.419977902358671, 8.538650108641637 -3.4231403707800374, 8.548367321069248 -3.426286178354477, 8.55808993214656 -3.4294152608252215, 8.567817930629722 -3.4325275539979936, 8.577551305012488 -3.4356229937219442, 8.58729004337913 -3.4387015159219887, 8.597034133561914 -3.4417630565715704, 8.606783562968655 -3.444807551733364, 8.616538318761501 -3.4478349375241595, 8.626298387668328 -3.450845150163025, 8.636063756171847 -3.4538381259299227, 8.64583441031756 -3.4568138012189378, 8.655610335899228 -3.459772112493821, 8.665391518277959 -3.462712996342342, 8.675177942549464 -3.4656363894332527, 8.68496959338837 -3.468542228566901, 8.694766455183975 -3.471430450638742, 8.704568511922101 -3.474300992680906, 8.714375747278204 -3.4771537918376296, 8.724188144546556 -3.4799887853924276, 8.73400568668244 -3.4828059107606424, 8.743828356285286 -3.485605105497305, 8.753656135585194 -3.4883863073112646, 8.763489006482716 -3.4911494540499075, 8.773326950479237 -3.4938944837378743, 8.783169948771532 -3.4966213345366226, 8.793017982130424 -3.49932994480853, 8.802871031042924 -3.5020202530519358, 8.81272907554936 -3.5046921979882906, 8.822592095419722 -3.507345718476979, 8.83246006996601 -3.5099807536190197, 8.842332978232635 -3.5125972426605467, 8.852210798807159 -3.5151951251015583, 8.862093509999788 -3.5177743406015893, 8.871981089677508 -3.5203348290795304, 8.881873515409074 -3.522876530635499, 8.891770764343873 -3.525399385627286, 8.901672813304035 -3.527903334622072, 8.91157963872305 -3.5303883184376526, 8.921491216673415 -3.5328542781343226, 8.931407522873007 -3.535301155012212, 8.941328532644164 -3.537728890649736, 8.951254220987721 -3.5401374268533226, 8.961184562478037 -3.542526705743079, 8.971119531395646 -3.5448966696577275, 8.981059101572033 -3.547247261280727, 8.991003246562048 -3.5495784235115653, 9.000951939462446 -3.5518900996164247, 9.01090515309521 -3.5541822330866286, 9.020862859832329 -3.5564547677887726, 9.030825031756592 -3.5587076478377093, 9.040791640524183 -3.560940817718739, 9.050762657475074 -3.5631542222008585, 9.060738053556529 -3.565347806408096, 9.070717799365333 -3.567521515792371, 9.080701865144386 -3.5696752961387435, 9.090690220750393 -3.5718090936083517, 9.100682835723985 -3.5739228546724093, 9.110679679188548 -3.5760165262245796, 9.120680719981783 -3.578090055450937, 9.130685926504512 -3.580143389996647, 9.140695266888162 -3.5821764777948846, 9.150708708825007 -3.5841892672582842, 9.160726219735242 -3.586181707103563, 9.1707477666176 -3.588153746524973, 9.180773316178637 -3.5901053350574075, 9.190802834736132 -3.592036422692937, 9.20083628828457 -3.593946959816049, 9.210873642470215 -3.5958368972366106, 9.22091486258133 -3.597706186216171, 9.230959913598937 -3.599554778406612, 9.241008760115323 -3.601382625969028, 9.251061366449226 -3.6031896814266022, 9.261117696511661 -3.6049758978566713, 9.271177713958746 -3.6067412286888554, 9.281241382038795 -3.608485627927736, 9.291308663743546 -3.6102090499483674, 9.301379521677857 -3.6119114496917817, 9.311453918170322 -3.613592782515176, 9.321531815198313 -3.6152530043092987, 9.331613174433285 -3.6168920714448114, 9.341697957237393 -3.618509940780801, 9.351786124635769 -3.6201065697263943, 9.361877637383913 -3.6216819161342975, 9.371972455876387 -3.6232359384687385, 9.38207054026715 -3.6247685956072755, 9.39217185034036 -3.6262798470791195, 9.402276345650096 -3.6277696528276246, 9.412383985392953 -3.6292379734510005, 9.422494728526164 -3.6306847699984988, 9.432608533679753 -3.632110004142655, 9.442725359221697 -3.633513638072233, 9.452845163232274 -3.634895634547072, 9.462967903502827 -3.636255956921177, 9.473093537576817 -3.6375945690625, 9.483222022686508 -3.6389114355065493, 9.49335331584777 -3.6402065212591315, 9.503487373755894 -3.64147979204333, 9.513624152905152 -3.6427312140419086, 9.523763609479005 -3.6439607541634347, 9.533905699456412 -3.645168379809123, 9.544050378532834 -3.646354059072215, 9.554197602182416 -3.6475177606067417, 9.56434732563234 -3.6486594536982486, 9.574499503867411 -3.6497791082778357, 9.584654091662392 -3.650876694841253, 9.594811043532985 -3.6519521846077376, 9.604970313814231 -3.6530055493092166, 9.615131856576681 -3.6540367614553366, 9.625295625725002 -3.6550457940563272, 9.635461574911192 -3.656032620903619, 9.645629657620047 -3.656997216325438, 9.655799827109986 -3.6579395553880976, 9.665972036460357 -3.6588596137694402, 9.67614623855712 -3.6597573678148696, 9.686322386092968 -3.6606327945712898, 9.69650043159919 -3.661485871678789, 9.706680327404472 -3.6623165775594058, 9.71686202570045 -3.6631248911757504, 9.72704547847757 -3.6639107923175476, 9.737230637601003 -3.6646742613089827, 9.747417454749899 -3.6654152792917403, 9.757605881477803 -3.6661338279892735, 9.767795869177215 -3.6668298898851623, 9.777987369108459 -3.6675034481284445, 9.788180332398861 -3.668154486547657, 9.798374710037443 -3.66878298972775, 9.80857045290561 -3.6693889428545905, 9.818767511745486 -3.669972331947112, 9.828965837209624 -3.670533143580643, 9.83916537981937 -3.671071365192941, 9.849366090015412 -3.671586984786493, 9.859567918124284 -3.6720799911949835, 9.869770814393942 -3.6725503738784977, 9.87997472897969 -3.6729981230556086, 9.890179611958475 -3.6734232296616964, 9.9003854133359 -3.6738256853023765, 9.910592083041655 -3.674205482390386, 9.920799570951885 -3.674562613934355, 9.931007826873907 -3.674897073810956, 9.941216800574269 -3.675208856461408, 9.951426441762916 -3.6754979572008195, 9.961636700117465 -3.6757643719364306, 9.971847525274343 -3.6760080973973572, 9.982058866844607 -3.6762291309797392, 9.992270674413467 -3.67642747081652, 10.002482897549084 -3.6766031157978913, 10.012695485807118 -3.676756065459225, 10.022908388736777 -3.67688632017819, 10.033121555885767 -3.6769938809151586, 10.043334936807868 -3.6770787495128916, 10.05354848106546 -3.6771409283834355, 10.063762138239346 -3.677180420801368, 10.073975857930206 -3.677197230655541, 10.084189589767375 -3.6771913626281183, 10.09440328341397 -3.677162822097148, 10.104616888569096 -3.6771116151417655, 10.114830354982027 -3.677037748625947, 10.125043632443576 -3.6769412300288193, 10.135256670811682 -3.676822067681826, 10.145469419992152 -3.6766802704803068, 10.155681829972256 -3.6765158481915914, 10.165893850797689 -3.6763288111513415, 10.17610543260423 -3.676119170527572, 10.186316525602608 -3.6758869381129715, 10.19652708009644 -3.6756321264532077, 10.206737046485582 -3.6753547487981963, 10.216946375261701 -3.6750548190557737, 10.227155017036095 -3.6747323519231334, 10.237362922510803 -3.6743873626795804, 10.24757004252831 -3.674019867444296, 10.257776328025525 -3.6736298828782035, 10.26798173009299 -3.6732174264843236, 10.278186199928607 -3.6727825163224233, 10.288389688886825 -3.672325171243396, 10.29859214845171 -3.671845410713539, 10.308793530258738 -3.6713432549072413, 10.318993786100986 -3.6708187246915696, 10.329192867914122 -3.6702718415518474, 10.33939072782007 -3.6697026277371223, 10.349587318076455 -3.669111106042142, 10.359782591150333 -3.668497300067104, 10.369976499646102 -3.667861233924701, 10.380168996388912 -3.6672029325266737, 10.390360034356029 -3.6665224213137804, 10.400549566743182 -3.6658197264733907, 10.410737546924583 -3.665094874773885, 10.420923928480708 -3.6643478936476113, 10.431108665203691 -3.6635788111796597, 10.44129171107627 -3.6627876560370782, 10.4514730203259 -3.6619744576019673, 10.461652547357675 -3.661139245767843, 10.47183024684735 -3.6602820511798067, 10.482006073645849 -3.6594029049583554, 10.49217998288657 -3.658501838971769, 10.502351929891283 -3.657578885571361, 10.512521870259613 -3.6566340778101547, 10.522689759807 -3.655667449266343, 10.532855554610212 -3.6546790341480695, 10.543019210997524 -3.6536688672466737, 10.55318068553664 -3.6526369839042907, 10.563339935083794 -3.651583420102512, 10.573496916714573 -3.6505082123039903, 10.583651587823997 -3.649411397649508, 10.593803906015763 -3.6482930137155027, 10.603953829230353 -3.647153098764038, 10.614101315622401 -3.6459916914827684, 10.624246323682415 -3.644808831216022, 10.634388812137356 -3.6436045577554457, 10.644528740033586 -3.6423789114904435, 10.654666066688353 -3.641131933302562, 10.664800751713603 -3.6398636646052265, 10.674932755031097 -3.6385741473508384, 10.685062036830066 -3.63726342395366, 10.695188557646482 -3.63593153740752, 10.705312278261843 -3.6345785311122345, 10.715433159832063 -3.6332044490696855, 10.725551163748813 -3.6318093356544727, 10.735666251790104 -3.630393235839162, 10.74577838597725 -3.6289561949640223, 10.755887528711359 -3.627498258935239, 10.765993642660725 -3.6260194740456626, 10.77609669085269 -3.6245198871030944, 10.786196636616305 -3.622999545334293, 10.79629344361087 -3.621458496421685, 10.806387075836232 -3.6198967885022384, 10.816477497591919 -3.6183144701102763, 10.826564673555007 -3.616711590265047, 10.836648568675935 -3.6150881983336505, 10.846729148311875 -3.613444344186062, 10.856806378077238 -3.6117800780058618, 10.86688022400895 -3.610095450480011, 10.87695065240023 -3.6083905125941027, 10.88701762996512 -3.6066653158152677, 10.897081123689373 -3.6049199119142123, 10.907141100963466 -3.6031543531093453, 10.917197529477038 -3.60136869193931, 10.927250377297728 -3.599562981344216, 10.9372996128267 -3.5977372746065934, 10.947345204811612 -3.5958916253626163, 10.957387122369939 -3.5940260876130967, 10.967425334934124 -3.5921407156673855, 10.97745981233993 -3.5902355642168757, 10.987490524711019 -3.588310688223149, 10.997517442600763 -3.5863661430388376, 11.007540536831971 -3.5844019842583292, 11.017559778672549 -3.58241826786503, 11.027575139653614 -3.5804150500677485, 11.03758659175283 -3.5783923874499255, 11.047594107218465 -3.5763503368159895, 11.057597658733398 -3.5742889553200827, 11.067597219269807 -3.572208300341686, 11.077592762212754 -3.5701084295785748, 11.087584261262705 -3.5679894009629343, 11.097571690505172 -3.565851272710995, 11.107555024371045 -3.5636941032839364, 11.117534237645838 -3.561517951392841, 11.127509305490944 -3.559322876003132, 11.137480203392386 -3.5571089362983406, 11.147446907240342 -3.5548761917228022, 11.157409393222778 -3.5526247019111703, 11.167367637955168 -3.550354526760626, 11.177321618329405 -3.5480657263357926, 11.187271311681409 -3.5457583609608507, 11.197216695609677 -3.543432491110557, 11.20715774816465 -3.541088177511034, 11.217094447654432 -3.53872548102776, 11.227026772837037 -3.536344462762998, 11.23695470273229 -3.533945183952141, 11.246878216799221 -3.531527706049384, 11.256797294770266 -3.529092090639465, 11.266711916799757 -3.5266383995054205, 11.276622063332047 -3.524166694560093, 11.286527715211738 -3.5216770378933093, 11.296428853593138 -3.519169491724551, 11.306325460006613 -3.516644118429206, 11.316217516313284 -3.514100980511825, 11.326105004725202 -3.511540140612816, 11.335987907806127 -3.508961661500286, 11.345866208446033 -3.50636560605971, 11.35573988990626 -3.5037520373014157, 11.365608935751162 -3.5011210183364674, 11.375473329933838 -3.498472612396357, 11.38533305668954 -3.4958068827986706, 11.395188100656704 -3.493123892975378, 11.405038446738034 -3.4904237064318595, 11.414884080250337 -3.4877063867803058, 11.424724986760223 -3.4849719976954696, 11.434561152255515 -3.482220602949991, 11.44439256296304 -3.4794522663698335, 11.45421920553397 -3.4766670518688407, 11.464041066851458 -3.4738650234062907, 11.473858134222118 -3.4710462450185107, 11.48367039518121 -3.4682107807804234, 11.493477837682846 -3.4653586948327013, 11.503280449909683 -3.462490051348475, 11.513078220455553 -3.459604914555199, 11.522871138145167 -3.4567033487070074, 11.5326591922045 -3.45378541810111, 11.542442372094419 -3.450851187055735, 11.552220667665622 -3.447900719921341, 11.561994069008774 -3.4449340810636744, 11.571762566591941 -3.4419513348703923, 11.581526151128806 -3.4389525457385126, 11.591284813697502 -3.4359377780772205, 11.601038545627587 -3.432907096298997, 11.610787338600087 -3.429860564819549, 11.62053118455301 -3.4267982480514703, 11.630270075762976 -3.4237202104021023, 11.64000400476876 -3.4206265162690848, 11.64973296443528 -3.417517230037025, 11.659456947894203 -3.4143924160740617, 11.669175948591413 -3.4112521387280745, 11.678889960243392 -3.4080964623235577, 11.688598976869615 -3.404925451158056, 11.698302992763178 -3.4017391694987262, 11.708002002509701 -3.398537681579547, 11.717696000970589 -3.3953210515970835, 11.727384983290069 -3.392089343708881, 11.73706894488943 -3.3888426220280854, 11.746747881463946 -3.385580950623322, 11.756421788986328 -3.382304393511927, 11.766090663695202 -3.379013014661485, 11.775754502106174 -3.3757068779815524, 11.785413300993502 -3.372386047326913, 11.795067057407111 -3.3690505864878006, 11.80471576864911 -3.365700559194812, 11.814359432295117 -3.3623360291077247, 11.823998046167263 -3.358957059821922, 11.833631608358242 -3.3555637148560002, 11.843260117202307 -3.352156057659459, 11.852883571300586 -3.3487341515993996, 11.862501969491536 -3.3452980599691227, 11.872115310876064 -3.34184784597432, 11.881723594788886 -3.338383572742126, 11.891326820822037 -3.3349053033073, 11.900924988798518 -3.331413100621192, 11.91051809879285 -3.327907027538491, 11.920106151108328 -3.324387146825492, 11.92968914629334 -3.3208535211480594, 11.939267085123483 -3.3173062130784863, 11.948839968612385 -3.31374528508544, 11.958407797999989 -3.3101707995386085, 11.96797057475658 -3.306582818701448, 11.977528300578403 -3.3029814047327566, 11.98708097738387 -3.299366619683132, 11.996628607317609 -3.2957385254925358, 12.006171192737632 -3.2920971839914057, 12.015708736228937 -3.288442656893231, 12.025241240580728 -3.284775005801331, 12.03476870881041 -3.2810942921954225, 12.044291144130002 -3.2774005774450705, 12.053808549981344 -3.2736939227892314, 12.06332092999098 -3.269974389357392, 12.072828288017226 -3.2662420381411024, 12.082330628092977 -3.2624969300237456, 12.091827954485035 -3.2587391257431397, 12.101320271624589 -3.254968685930806, 12.11080758417892 -3.251185671064856, 12.120289896969584 -3.2473901415194537, 12.12976721505629 -3.2435821575073747, 12.139239543643217 -3.2397617791401405, 12.148706888174441 -3.2359290663599523, 12.15816925422916 -3.2320840790106002, 12.167626647627653 -3.2282268767588396, 12.177079074316769 -3.2243575191758014, 12.186526540484785 -3.22047606564836, 12.195969052439048 -3.216582575470175, 12.205406616727515 -3.212677107744231, 12.21483924001111 -3.2087597214819787, 12.224266929189053 -3.204830475498992, 12.233689691269225 -3.2008894285198, 12.24310753349355 -3.1969366390695346, 12.252520463210512 -3.1929721655811245, 12.261928487996162 -3.1889960662866734, 12.271331615533297 -3.185008399322941, 12.280729853723633 -3.1810092226267335, 12.29012321057803 -3.1769985940342753, 12.299511694315592 -3.1729765711850706, 12.308895313268984 -3.1689432116106753, 12.318274075966613 -3.1648985726514973, 12.327647991056596 -3.160842711530555, 12.337017067368834 -3.156775685287517, 12.346381313860492 -3.1526975508333277, 12.355740739655428 -3.1486083649053715, 12.365095354013306 -3.144508184099347, 12.374445166344714 -3.140397064848827, 12.383790186205122 -3.1362750634315235, 12.39313042328502 -3.1321422359756275, 12.402465887428777 -3.1279986384386294, 12.411796588600334 -3.1238443266416227, 12.421122536925832 -3.119679356220221, 12.430443742636658 -3.115503782686475, 12.43976021613334 -3.1113176613531204, 12.44907196790917 -3.107121047420913, 12.458379008631375 -3.1029139958794447, 12.467681349050126 -3.098696561615487, 12.476979000091337 -3.094468799296076, 12.486271972757576 -3.0902307634907826, 12.495560278225096 -3.0859825085455634, 12.504843927744826 -3.081724088709056, 12.514122932734955 -3.077455558008248, 12.523397304690713 -3.0731769703672045, 12.53266705526423 -3.068888379496044, 12.541932196190668 -3.064589838991091, 12.551192739348663 -3.060281402247427, 12.560448696708562 -3.055963122531125, 12.569700080368676 -3.0516350529236593, 12.578946902529342 -3.0472972463591046, 12.58818917550239 -3.0429497556062146, 12.597426911712487 -3.0385926332662274, 12.606660123679493 -3.034225931795388, 12.615888824046257 -3.0298497034622827, 12.625113025535875 -3.025464000410041, 12.634332741002693 -3.021068874575947, 12.643547983368997 -3.0166643777884263, 12.652758765693434 -3.0122505616561424, 12.661965101094186 -3.007827477690109, 12.671167002826413 -3.003395177174448, 12.68036448420159 -2.998953711298872, 12.689557558663367 -2.9945031310281482, 12.698746239713984 -2.9900434872266186, 12.707930540978012 -2.985574830544723, 12.717110476145358 -2.9810972115182337, 12.72628605901484 -2.9766106804873487, 12.735457303460256 -2.97211528765735, 12.744624223448882 -2.967611083061128, 12.75378683303391 -2.9630981165729873, 12.762945146346222 -2.958576437920142, 12.77209917761315 -2.9540460966470428, 12.781248941125263 -2.949507142175363, 12.79039445127805 -2.944959623722609, 12.79953572251878 -2.9404035904033616, 12.808672769404364 -2.935839091113053, 12.817805606536695 -2.9312661746557573, 12.826934248626749 -2.9266848896116553, 12.836058710429644 -2.9220952844694352, 12.845179006802974 -2.917497407501698, 12.854295152653254 -2.9128913068774427, 12.86340716297824 -2.9082770305681516, 12.872515052833176 -2.9036546264205927, 12.881618837350574 -2.899024142109747, 12.890718531730792 -2.8943856251596523, 12.899814151236834 -2.8897391229513945, 12.908905711209645 -2.8850846826881216, 12.91799322703959 -2.880422351457426, 12.927076714202753 -2.8757521761458533, 12.936156188214728 -2.871074203545463, 12.945231664680442 -2.8663884802330846, 12.95430315923961 -2.8616950527006195, 12.963370687619122 -2.8569939672243763, 12.97243426558207 -2.8522852699904258, 12.981493908970666 -2.8475690069835298, 12.99054963366978 -2.842845224079699, 12.999601455631849 -2.838113966979368, 13.008649390861263 -2.833375281247797, 13.01769345541601 -2.8286292123039902, 13.026733665414811 -2.8238758054010478, 13.035770037019697 -2.8191151056803454, 13.044802586464746 -2.8143471580981974, 13.053831330012516 -2.8095720075131023, 13.0628562839867 -2.80478969855451, 13.071877464745695 -2.800000275785225, 13.080894888763634 -2.7952037836450985, 13.08990857253952 -2.790400266479933, 13.09891853248202 -2.7855897681540194, 13.107924784987144 -2.780772332334256, 13.116927346994355 -2.7759480034508233, 13.125926235852805 -2.771116826488563, 13.134921467530488 -2.7662788436181738, 13.14391305618473 -2.7614340933280292, 13.15290101964291 -2.7565826208767166, 13.161885383917188 -2.7517244866715944, 13.170866167402247 -2.7468597366184757, 13.179843356362884 -2.7419883556652334, 13.188816859125494 -2.737110185991888, 13.197786121288939 -2.732224225343259, 13.20675044244117 -2.727329205697729, 13.215709629372663 -2.722424793269573, 13.22466383168691 -2.717511285688076, 13.233613124533763 -2.7125888428773757, 13.242557491595125 -2.7076574556421154, 13.25149692715439 -2.7027171340903617, 13.260431455004888 -2.6977679423250693, 13.269361099715343 -2.692809945687682, 13.27828587738857 -2.687843193426062, 13.287205802740404 -2.682867732055513, 13.296120892827368 -2.6778836119529403, 13.305031165555556 -2.6728908848570345, 13.313936638390837 -2.6678896013007116, 13.32283732851245 -2.6628798110171763, 13.331733253269963 -2.657861563744874, 13.340624430212122 -2.6528349092431016, 13.349510876921213 -2.647799897106865, 13.358392611024415 -2.6427565766052443, 13.367269650182404 -2.637704996900453, 13.376142012157436 -2.6326452069074024, 13.385009714746316 -2.627577255447319, 13.393872775826221 -2.6225011910804734, 13.402731213312817 -2.6174170622429407, 13.411585045191396 -2.612324917156309, 13.420434289500571 -2.6072248038777612, 13.429278964330344 -2.602116770299551, 13.438119087836926 -2.5970008641012603, 13.446954678212727 -2.591877132844484, 13.455785753725753 -2.586745623843991, 13.46461233267171 -2.5816063843228285, 13.473434433422351 -2.576459461249785, 13.482252074378417 -2.571304901496271, 13.491065274007639 -2.5661427517049473, 13.499874050816127 -2.560973058387104, 13.508678423362246 -2.555795867871701, 13.517478410255368 -2.5506112263095035, 13.526274030141764 -2.5454191797196524, 13.535065301729562 -2.5402197739005814, 13.543852243752713 -2.535013054556888, 13.55263487501149 -2.5297990671511568, 13.561413214329223 -2.524577857061043, 13.570187280590822 -2.5193494694343697, 13.578957092710246 -2.514113949310327, 13.587722669651232 -2.50887134153807, 13.596484030417404 -2.503621690814511, 13.605241194048139 -2.498365041697128, 13.613994179633412 -2.49310143854585, 13.622743006287404 -2.4878309256243356, 13.631487693181045 -2.4825535469698496, 13.640228259504664 -2.4772693465412603, 13.64896472450332 -2.471978368073951, 13.657697107445108 -2.466680655209022, 13.666425427643436 -2.461376251398255, 13.67514970444391 -2.456065199959004, 13.683869957224942 -2.4507475440683644, 13.692586205407096 -2.4454233267234375, 13.701298468432821 -2.440092590825993, 13.710006765793075 -2.434755379065995, 13.718711116995445 -2.429411734059878, 13.727411541595199 -2.4240616982106995, 13.736108059166648 -2.4187053138359573, 13.744800689323947 -2.4133426230709096, 13.753489451708205 -2.407973667927283, 13.76217436598931 -2.4025984902821786, 13.770855451873091 -2.3972171318444606, 13.779532729084266 -2.391829634232751, 13.78820621738927 -2.3864360388657775, 13.796875936568696 -2.381036387093663, 13.805541906444176 -2.37563072006524, 13.81420414685375 -2.370219078848666, 13.822862677669391 -2.364801504341764, 13.831517518786642 -2.3593780373240913, 13.840168690125111 -2.3539487184515586, 13.848816211635883 -2.348513588218572, 13.857460103285602 -2.3430726870380054, 13.866100385077075 -2.3376260551325423, 13.874737077025097 -2.3321737326612104, 13.88337019917932 -2.326715759595432, 13.891999771604075 -2.321252175827431, 13.900625814391743 -2.3157830210950303, 13.909248347656044 -2.3103083350183935, 13.917867391529974 -2.3048281571091547, 13.926482966174618 -2.2993425267204795, 13.935095091763376 -2.293851483134876, 13.94370378850107 -2.28835506545346, 13.952309076602802 -2.2828533127175192, 13.960910976312713 -2.277346263796729, 13.96950950788868 -2.2718339574795268, 13.978104691610868 -2.266316432419419, 13.98669654777942 -2.26079372714918, 13.995285096709145 -2.2552658801108594, 14.003870358740269 -2.249732929589222, 14.01245235422253 -2.244194913809262, 14.021031103532755 -2.238651870824717, 14.029606627056976 -2.233103838630504, 14.038178945204672 -2.227550855069069, 14.046748078398679 -2.221992957895844, 14.055314047078783 -2.2164301847537335, 14.063876871703785 -2.2108625731594995, 14.07243657274312 -2.205290160557689, 14.08099317068912 -2.1997129842372742, 14.089546686041611 -2.1941310814355366, 14.098097139323052 -2.1885444892323447, 14.106644551064825 -2.1829532446452093, 14.115188941816504 -2.1773573845622267, 14.1237303321411 -2.1717569457756483, 14.132268742613805 -2.16615196498907, 14.140804193827902 -2.160542478774282, 14.149336706384183 -2.154928523647338, 14.157866300903603 -2.1493101359739613, 14.166392998013608 -2.143687352071081, 14.174916818359765 -2.1380602081174693, 14.183437782596895 -2.1324287402211053, 14.191955911393089 -2.1267929843865097, 14.200471225430054 -2.1211529765119836, 14.208983745397745 -2.1155087524301126, 14.217493492002973 -2.109860347838887, 14.226000485958108 -2.1042077983914473, 14.234504747992471 -2.0985511396026535, 14.243006298841829 -2.0928904069344965, 14.25150515925559 -2.087225635735292, 14.260001349993077 -2.0815568612705935, 14.268494891822613 -2.075884118729189, 14.276985805526017 -2.0702074431847444, 14.285474111890597 -2.0645268696636596, 14.29395983171874 -2.058842433061548, 14.302442985817672 -2.0531541682317718, 14.310923595007853 -2.047462109909363, 14.319401680116817 -2.0417662927659164, 14.327877261981591 -2.0360667513869934, 14.336350361449671 -2.0303635202629495, 14.344820999374278 -2.024656633831141, 14.353289196621411 -2.0189461264105137, 14.361754974061094 -2.0132320322823825, 14.370218352575746 -2.0075143856107114, 14.37867935305294 -2.0017932205107236, 14.387137996389795 -1.9960685710054649, 14.395594303491414 -1.9903404710410195, 14.40404829526894 -1.9846089545042345, 14.412499992644053 -1.97887405517828, 14.420949416542163 -1.9731358068094094, 14.429396587899824 -1.9673942430318958, 14.437841527657458 -1.9616493974413944, 14.446284256764796 -1.9559013035387784, 14.454724796177564 -1.9501499947635625, 14.463163166857717 -1.9443955044908514, 14.47159938977575 -1.9386378660071173, 14.480033485905812 -1.9328771125604047, 14.48846547623186 -1.9271132772954682, 14.496895381740885 -1.9213463933247292, 14.505323223428672 -1.9155764936665567, 14.513749022295546 -1.9098036112906414, 14.522172799348068 -1.9040277790989164, 14.530594575599634 -1.8982490299188672, 14.539014372067335 -1.8924673965372947, 14.54743220977671 -1.8866829116482342, 14.55584810975587 -1.8808956079169568, 14.564262093041066 -1.8751055179182075, 14.572674180672031 -1.869312674187976, 14.581084393694551 -1.8635171091931613, 14.589492753159846 -1.8577188553388595, 14.597899280122855 -1.851917944987523, 14.606303995645678 -1.8461144104199247, 14.614706920792758 -1.8403082838899356, 14.623108076635873 -1.8344995975664606, 14.631507484249518 -1.8286883835871321, 14.639905164714037 -1.8228746740212616, 14.648301139114121 -1.8170585008873992, 14.656695428538196 -1.8112398961603204, 14.665088054080709 -1.8054188917440064, 14.673479036838296 -1.799595519516496, 14.681868397914197 -1.7937698112779392, 14.690256158413801 -1.7879417988027622, 14.698642339448037 -1.782111513799526, 14.707026962131328 -1.7762789879353373, 14.71541004758176 -1.7704442528334772, 14.7237916169225 -1.7646073400567075, 14.732171691278822 -1.7587682811424643, 14.740550291781846 -1.7529271075582655, 14.7489274395645 -1.7470838507499753, 14.757303155764886 -1.7412385421014984, 14.765677461523905 -1.7353912129630513, 14.77405037798605 -1.7295418946420775, 14.782421926300076 -1.7236906183949388, 14.790792127616779 -1.717837415453365, 14.799161003092147 -1.7119823169875004, 14.807528573883708 -1.706125354148924, 14.815894861153776 -1.7002665580322547, 14.824259886066946 -1.6944059597048486, 14.83262366979126 -1.6885435901933916, 14.84098623349835 -1.6826794804819847, 14.849347598361856 -1.676813661531124, 14.85770778555995 -1.6709461642480488, 14.866066816272188 -1.665077019523906, 14.87442471168253 -1.6592062581987028, 14.882781492976834 -1.6533339110905076, 14.891137181344213 -1.647460008979762, 14.899491797976832 -1.6415845826119342, 14.90784536406882 -1.6357076627103637, 14.916197900818283 -1.6298292799532417, 14.924549429424564 -1.6239494650047976, 14.932899971091034 -1.6180682484844728, 14.941249547022641 -1.6121856609942131, 14.949598178427399 -1.6063017331021592, 14.95794588651594 -1.6004164953482194, 14.96629269250075 -1.594529978252155, 14.974638617597805 -1.5886422122963537, 14.982983683024223 -1.5827532279511967, 14.99132791000076 -1.5768630556489858, 14.999671319749499 -1.5709717258082732, 15.008013933495393 -1.5650792688182593, 15.016355772465593 -1.5591857150459105, 15.024696857889031 -1.5532910948405085, 15.033037210997668 -1.547395438521323, 15.041376853024516 -1.5414987763975465, 15.049715805205865 -1.5356011387472106, 15.058054088779109 -1.5297025558378003, 15.066391724984259 -1.5238030579123698, 15.074728735063141 -1.5179026751970317, 15.083065140259231 -1.5120014379031241, 15.091400961818625 -1.5060993762188952, 15.099736220988376 -1.5001965203245013, 15.108070939018454 -1.4942929003759668, 15.11640513715977 -1.4883885465215727, 15.124738836665626 -1.4824834888905907, 15.133072058790818 -1.4765777576001329, 15.141404824791707 -1.4706713827558702, 15.149737155926834 -1.4647643944469315, 15.158069073455607 -1.4588568227564171, 15.166400598639912 -1.4529486977501884, 15.174731752742426 -1.4470400494888536, 15.183062557027856 -1.4411309080197114, 15.1913930327622 -1.435221303382165, 15.19972320121277 -1.4293112656078595, 15.208053083648712 -1.4234008247180174, 15.216382701339896 -1.4174900107300377, 15.224712075558244 -1.411578853650966, 15.233041227576294 -1.4056673834848739, 15.241370178668314 -1.3997556302284515, 15.249698950109531 -1.393843623874315, 15.258027563176316 -1.3879313944113305, 15.266356039146398 -1.3820189718236673, 15.274684399298135 -1.3761063860940335, 15.28301266491146 -1.3701936672015484, 15.291340857266771 -1.3642808451244903, 15.299668997645764 -1.358367949839831, 15.307997107330841 -1.352455011323915, 15.316325207605232 -1.3465420595536661, 15.324653319753184 -1.3406291245066912, 15.332981465059314 -1.3347162361616016, 15.34130966480912 -1.3288034244997795, 15.349637940288396 -1.3228907195037587, 15.357966312783878 -1.3169781511611696, 15.366294803582752 -1.3110657494621927, 15.374623433972685 -1.3051535444021294, 15.382952225241876 -1.299241565981909, 15.39128119867873 -1.2933298442062888, 15.399610375572115 -1.2874184090894034, 15.407939777211029 -1.2815072906485223, 15.416269424884728 -1.2755965189121825, 15.424599339882562 -1.2696861239141848, 15.432929543493934 -1.2637761356982677, 15.441260057008273 -1.2578665843183776, 15.449590901714934 -1.2519574998352423, 15.457922098903097 -1.2460489123251244, 15.466253669861834 -1.2401408518693517, 15.474585635879814 -1.2342333485669101, 15.482918018245496 -1.228326432524533, 15.491250838246833 -1.2224201338639733, 15.499584117171295 -1.2165144827213927, 15.507917876305918 -1.2106095092429248, 15.516252136936815 -1.2047052435961192, 15.524586920349769 -1.1988017159555395, 15.532922247829333 -1.1928989565198183, 15.541258140659561 -1.1869969954975488, 15.549594620123303 -1.1810958631176818, 15.557931707502371 -1.1751955896273443, 15.56626942407769 -1.1692962052871123, 15.574607791128436 -1.163397740384542, 15.58294682993318 -1.1575002252161966, 15.591286561768351 -1.1516036901091722, 15.599627007909534 -1.1457081654024754, 15.607968189630194 -1.139813681460895, 15.616310128202032 -1.133920268670601, 15.624652844895348 -1.1280279574350018, 15.63299636097773 -1.1221367781896745, 15.641340697715851 -1.1162467613813338, 15.649685876373267 -1.1103579374937318, 15.658031918212334 -1.1044703370242692, 15.666378844492419 -1.0985839905021189, 15.674726676470554 -1.0926989284807913, 15.683075435401665 -1.0868151815352227, 15.691425142536994 -1.0809327802772777, 15.699775819126417 -1.0750517553321972, 15.708127486415268 -1.0691721373683032, 15.716480165647303 -1.063293957068967, 15.724833878062094 -1.0574172451555122, 15.733188644896263 -1.0515420323759817, 15.741544487383425 -1.04566834950441, 15.749901426752446 -1.0397962273559733, 15.758259484230264 -1.0339256967617565, 15.76661868103789 -1.0280567886019667, 15.774979038394331 -1.022189533773157, 15.78334057751298 -1.0163239632162195, 15.791703319603627 -1.0104601079005406, 15.800067285871961 -1.0045979988265714, 15.808432497517755 -0.9987376670395198, 15.816798975738232 -0.9928791436033912, 15.825166741723065 -0.9870224596370261, 15.833535816659479 -0.9811676462768039, 15.841906221727418 -0.9753147347100478, 15.850277978102548 -0.9694637561537899, 15.858651106955087 -0.9636147418617274, 15.867025629448166 -0.957767723135216, 15.8754015667415 -0.9519227312977656, 15.883778939985504 -0.9460797977329664, 15.892157770327655 -0.9402389538431437, 15.900538078906191 -0.9344002310883808, 15.908919886854507 -0.9285636609591352, 15.917303215298645 -0.9227292749884165, 15.92568808535615 -0.9168971047586255, 15.93407451814015 -0.9110671818784214, 15.942462534752854 -0.9052395380215813, 15.950852156293015 -0.8994142048819866, 15.959243403847813 -0.8935912142180135, 15.967636298498968 -0.8877705978184782, 15.97603086131902 -0.8819523875217884, 15.98442711337108 -0.8761366152172475, 15.992825075712364 -0.8703233128250161, 16.001224769386955 -0.8645125123338255, 16.009626215434697 -0.8587042457540716, 16.018029434881324 -0.8528985451673727, 16.026434448746574 -0.8470954426854271, 16.034841278038527 -0.8412949704768541, 16.04324994375478 -0.8354971607613497, 16.05166046688524 -0.8297020457950377, 16.06007286840468 -0.8239096579054503, 16.068487169282722 -0.8181200294439132, 16.076903390472005 -0.8123331928393405, 16.0853215529187 -0.8065491805500274, 16.09374167755436 -0.8007680250990292, 16.102163785299137 -0.7949897590596509, 16.11058789706321 -0.7892144150481427, 16.11901403373966 -0.7834420257537978, 16.127442216215222 -0.7776726238926225, 16.135872465356545 -0.7719062422638897, 16.144304802023353 -0.7661429136954959, 16.152739247057212 -0.7603826710882745, 16.161175821287664 -0.754625547391478, 16.169614545531285 -0.7488715756048457, 16.17805544058586 -0.7431207888013887, 16.186498527241106 -0.7373732200848493, 16.19494382626347 -0.7316289026468142, 16.2033913584119 -0.725887869707024, 16.21184114442318 -0.7201501545664014, 16.220293205021616 -0.7144157905715827, 16.22874756091491 -0.708684811128225, 16.237204232790518 -0.7029572497139239, 16.24566324132546 -0.6972331398424284, 16.254124607170436 -0.6915125151183976, 16.262588350967768 -0.6857954091748388, 16.271054493332905 -0.6800818557334981, 16.2795230548685 -0.6743718885583393, 16.287994056156332 -0.6686655414820634, 16.296467517757144 -0.6629628484066729, 16.30494346021801 -0.6572638432772709, 16.313421904056774 -0.6515685601309379, 16.321902869781677 -0.6458770330345174, 16.330386377869523 -0.6401892961510801, 16.338872448784425 -0.6345053836824905, 16.347361102964044 -0.6288253299090638, 16.35585236082435 -0.6231491691756582, 16.364346242763407 -0.617476935878833, 16.372842769147713 -0.6118086645061499, 16.381341960332193 -0.6061443895779772, 16.38984383663543 -0.600484145716462, 16.398348418363238 -0.5948279675793073, 16.406855725788862 -0.589175889912835, 16.41536577916393 -0.5835279475221488, 16.42387859871671 -0.5778841752741692, 16.43239420464232 -0.572244608123419, 16.440912617121143 -0.5666092810624653, 16.449433856292686 -0.5609782291887819, 16.45795794228326 -0.5553514876333749, 16.46648489517982 -0.5497290916254836, 16.47501473504836 -0.5441110764465452, 16.483547481924692 -0.5384974774511488, 16.492083155810842 -0.5328883300756984, 16.500621776689446 -0.5272836698023806, 16.50916336449856 -0.5216835322183573, 16.517707939161813 -0.5160879529443048, 16.526255520556294 -0.5104969677072843, 16.534806128539156 -0.504910612279856, 16.543359782929226 -0.4993289225197553, 16.55191650351205 -0.4937519343586623, 16.560476310047314 -0.4881796837841734, 16.569039222247618 -0.4826122068855862, 16.577605259808436 -0.4770495397884107, 16.586174442371934 -0.4714917187300934, 16.594746789561157 -0.4659387799878493, 16.6033223209516 -0.4603907599359009, 16.611901056087067 -0.4548476950130489, 16.620483014477013 -0.4493096217261547, 16.629068215582922 -0.4437765766770763, 16.637656678844376 -0.4382485965100064, 16.64624842364198 -0.4327257179827254, 16.654843469337205 -0.4272079778893903, 16.663441835234103 -0.4216954131315364, 16.672043540607433 -0.4161880606653707, 16.68064860468713 -0.410685957528558, 16.689257046656152 -0.4051891408440343, 16.697868885668093 -0.3996976477867087, 16.7064841408139 -0.3942115156420818, 16.715102831163474 -0.3887307817321218, 16.723724975719723 -0.3832554834936088, 16.732350593458836 -0.3777856584089083, 16.740979703299892 -0.3723213440551892, 16.749612324117866 -0.3668625780828693, 16.75824847474791 -0.3614093982069972, 16.766888173961615 -0.3559618422458267, 16.775531440504707 -0.3505199480584903, 16.78417829304797 -0.345083753621737, 16.792828750237025 -0.3396532969514527, 16.801482830647405 -0.3342286161703838, 16.81014055281488 -0.3288097494618549, 16.81880193522196 -0.3233967350880181, 16.827466996289406 -0.3179896114024288, 16.83613575440332 -0.3125884168085998, 16.844808227870104 -0.3071931898245186, 16.853484434969957 -0.3018039690052753, 16.862164393900393 -0.2964207930212221, 16.87084812282385 -0.2910437005914528, 16.879535639833815 -0.2856727305283447, 16.88822696296682 -0.2803079217213222, 16.89692211021162 -0.2749493131225709, 16.905621099476587 -0.2695969437897896, 16.914323948638593 -0.2642508528210847, 16.923030675481765 -0.2589110794326192, 16.931741297758453 -0.253577662880674, 16.94045583313533 -0.2482506425272803, 16.949174299228922 -0.2429300577963081, 16.95789671359092 -0.237615948189202, 16.966623093696352 -0.2323083532991448, 16.97535345697781 -0.2270073127686834, 16.984087820769957 -0.2217128663539472, 16.992826202375063 -0.2164250538480206, 17.001568618994156 -0.2111439151577157, 17.010315087785248 -0.2058694902379501, 17.01906562582169 -0.2006018191358081, 17.027820250107748 -0.1953409419734971, 17.036578977588505 -0.1900868989356491, 17.04534182511186 -0.1848397303092518, 17.054108809486593 -0.1795994764214959, 17.06287994740883 -0.1743661777144111, 17.07165525553644 -0.1691398746686524, 17.08043475042203 -0.1639206078686734, 17.089218448559155 -0.1587084179570719, 17.098006366360472 -0.1535033456536234, 17.106798520148264 -0.1483054317642611, 17.115594926191147 -0.1431147171445214, 17.124395600641016 -0.1379312427575183, 17.133200559610195 -0.1327550496021241, 17.142009819087907 -0.1275861787868224, 17.150823395013923 -0.1224246714638682, 17.159641303222564 -0.1172705688761676, 17.168463559469323 -0.1121239123343144, 17.17729017943412 -0.1069847432116284, 17.186121178684292 -0.101853102974813, 17.194956572737475 -0.0967290331305932, 17.20379637697734 -0.0916125752927961, 17.2126406067431 -0.0865037711103216, 17.22148927724462 -0.0814026623317448, 17.230342403626512 -0.0763092907557761, 17.239200000930545 -0.0712236982574445, 17.248062084097445 -0.0661459267867201, 17.256928667998043 -0.0610760183435815, 17.26579976736875 -0.0560140150239499, 17.274675396897294 -0.0509599589576129, 17.283555571123784 -0.0459138923756293, 17.29244030453423 -0.040875857545855, 17.301329611482757 -0.035845896823062, 17.31022350623876 -0.0308240526177728, 17.319122002973252 -0.0258103674027317, 17.328025115732668 -0.020804883729433, 17.33693285849839 -0.0158076441889921, 17.345845245097223 -0.0108186914661863, 17.354762289304514 -0.0058380682763077, 17.36368400473833 -0.0008658174258381, 17.372610404948517 0.0040980182394025, 17.38154150335353 0.0090533958007352, 17.390477313264938 0.0140002722802664, 17.399417847901336 0.0189386046508334, 17.40836312033297 0.0238683498067728, 17.417313143568045 0.0287894646107907, 17.426267930442567 0.0337019058387482, 17.43522749373439 0.0386056302376453, 17.444191846058057 0.0435005944761259, 17.453160999942114 0.0483867551816933, 17.462134967786447 0.0532640689232104, 17.471113761860156 0.0581324922099393, 17.48009739434487 0.0629919815132328, 17.489085877250893 0.0678424932304334, 17.49807922252676 0.0726839837331563, 17.507077441934655 0.0775164093169147, 17.5160805471678 0.0823397262493942, 17.52508854975337 0.0871538907343449, 17.53410146111178 0.0919588589344663, 17.543119292539274 0.0967545869674404, 17.552142055176414 0.101541030894563, 17.56116976008121 0.1063181467488656, 17.570202418118946 0.1110858904979565, 17.579240040090266 0.1158442180882308, 17.588282636599004 0.1205930854036795, 17.597330218165418 0.1253324483020295, 17.606382795143933 0.1300622625921015, 17.615440377759146 0.1347824840444619, 17.624502976117046 0.1394930683972362, 17.633570600143006 0.1441939713392428, 17.64264325968333 0.148885148539103, 17.651720964372743 0.1535665556122752, 17.660803723775032 0.1582381481569764, 17.669891547250366 0.1628998817246407, 17.678984444057388 0.1675517118435521, 17.688082423291682 0.1721935940080096, 17.69718549389425 0.1768254836801372, 17.706293664693753 0.1814473363008858, 17.715406944313873 0.1860591072728145, 17.72452534130081 0.1906607519851142, 17.733648863973514 0.1952522257892091, 17.742777520570172 0.1998334840235392, 17.75191131912209 0.2044044819964362, 17.76105026753828 0.2089651749985444, 17.770194373569694 0.2135155183007596, 17.77934364478696 0.2180554671514935, 17.788498088654677 0.2225849767878884, 17.797657712409702 0.2271040024233102, 17.806822523210286 0.2316124992638602, 17.815992527975776 0.2361104224955929, 17.825167733531277 0.2405977272969793, 17.834348146495298 0.2450743688333256, 17.843533773340845 0.2495403022607261, 17.852724620389854 0.2539954827286365, 17.86192069375785 0.2584398653775241, 17.87112199946017 0.2628734053451877, 17.880328543263968 0.2672960577635741, 17.88954033085376 0.2717077777634265, 17.89875736766775 0.2761085204745932, 17.907979659032844 0.280498241026754, 17.917207210073332 0.2848768945528673, 17.926440025742632 0.2892444361887013, 17.93567811085189 0.2936008210750314, 17.944921469980002 0.2979460043609694, 17.9541701076105 0.302279941200499, 17.963424027961615 0.3066025867623799, 17.97268323516143 0.3109138962209763, 17.98194773308908 0.315213824769392, 17.991217525491813 0.319502327610818, 18.000492615921914 0.3237793599669284, 18.009773007733806 0.328044877078188, 18.019058704149717 0.3322988342000216, 18.028349708135213 0.3365411866172213, 18.03764602256304 0.3407718896263902, 18.046947650028468 0.344990898561307, 18.05625459302484 0.3491981687698443, 18.065566853799087 0.3533936556377095, 18.07488443444237 0.3575773145746292, 18.084207336862065 0.3617491010220274, 18.09353556273984 0.3659089704603236, 18.102869113635762 0.3700568783931756, 18.11220799083131 0.3741927803781419, 18.12155219551451 0.378316631991749, 18.130901728589723 0.3824283888705974, 18.14025659084292 0.3865280066766668, 18.14961678282187 0.3906154411270214, 18.15898230489157 0.3946906479810531, 18.168353157247708 0.3987535830406023, 18.17772933983235 0.4028042021712259, 18.187110852476113 0.4068424612682409, 18.19649769471369 0.4108683163070868, 18.2058898659814 0.4148817232905668, 18.21528736543258 0.418882638303688, 18.22469019208069 0.4228710174722883, 18.234098344714912 0.4268468169917594, 18.243511821912072 0.4308099931233948, 18.252930622096727 0.4347605021785675, 18.262354743413585 0.4386983005610046, 18.27178418390358 0.4426233447100994, 18.281218941300978 0.4465355911725588, 18.29065901323091 0.4504349965337935, 18.30010439704416 0.4543215174807239, 18.309555089925123 0.4581951107619333, 18.319011088853536 0.4620557332057997, 18.32847239056566 0.4659033417356461, 18.33793899166375 0.4697378933294996, 18.34741088844785 0.4735593450893654, 18.35688807711719 0.4773676541597153, 18.36637055356273 0.4811627778177704, 18.375858313548395 0.4849446733958357, 18.385351352580894 0.4887132983422432, 18.394849665969538 0.492468610194453, 18.404353248843243 0.4962105665749418, 18.4138620960569 0.4999391252355008, 18.42337620234821 0.503654243985162, 18.432895562137432 0.5073558807893749, 18.442420169739847 0.511043993666111, 18.45195001917181 0.5147185407869193, 18.461485104296987 0.518379480402024, 18.471025418747402 0.5220267708855612, 18.48057095592338 0.525660370735682, 18.490121709071953 0.529280238535632, 18.49967767113917 0.532886333036144, 18.509238834965515 0.5364786130481884, 18.518805193070197 0.5400570375685882, 18.52837673785346 0.543621565663456, 18.53795346143797 0.5471721565654113, 18.547535355760967 0.5507087696184009, 18.557122412560506 0.554231364290641, 18.566714623307874 0.5577399002169097, 18.576311979347054 0.5612343371141273, 18.58591447170186 0.5647146349070344, 18.59552209129262 0.5681807535881321, 18.60513482873034 0.5716326533548302, 18.614752674482254 0.5750702945001764, 18.624375618770614 0.5784936374868662, 18.634003651594217 0.5819026429323798, 18.64363676278942 0.5852972715700921, 18.653274941895347 0.5886774843457042, 18.66291817834361 0.5920432422835267, 18.672566461242045 0.5953945066471056, 18.682219779583697 0.5987312387853772, 18.691878122078716 0.6020534002631536, 18.701541477257777 0.6053609527823205, 18.71120983344867 0.6086538582045081, 18.720883178717255 0.6119320785977227, 18.730561501001677 0.6151955761333279, 18.74024478792317 0.618444313240347, 18.749933027001482 0.62167825243147, 18.75962620544857 0.6248973564775104, 18.769324310334774 0.6281015882683505, 18.779027328489587 0.631290910902176, 18.788735246521266 0.6344652876685446, 18.798448050880896 0.6376246819969199, 18.80816572772534 0.6407690575790825, 18.81788826310813 0.643898378200825, 18.827615642765934 0.6470126079391131, 18.837347852321432 0.6501117109762887, 18.847084877126175 0.6531956517513334, 18.85682670235048 0.6562643948749118, 18.866573312975653 0.6593179051420799, 18.876324693720687 0.6623561476039082, 18.88608082918795 0.6653790874277994, 18.895841703670147 0.6683866900914045, 18.90560730136107 0.671378921173265, 18.91537760616198 0.6743557465592465, 18.925152601826866 0.6773171322899277, 18.934932271893246 0.6802630446337606, 18.944716599673413 0.6831934500961949, 18.954505568343198 0.6861083153319685, 18.964299160787203 0.6890076073153442, 18.974097359795685 0.6918912931257921, 18.983900147861057 0.6947593401791249, 18.99370750735689 0.6976117160258644, 19.003519420416453 0.7004483884959267, 19.01333586898148 0.7032693256419633, 19.023156834836193 0.7060744957049748, 19.032982299499555 0.7088638672435106, 19.042812244392813 0.7116374089355608, 19.052646650643055 0.7143950898216557, 19.06248549927777 0.7171368790659123, 19.072328771069778 0.7198627461556074, 19.082176446631923 0.7225726607811817, 19.092028506400997 0.7252665928629846, 19.101884930577356 0.727944512630352, 19.11174569925575 0.7306063904540293, 19.12161079224962 0.7332521970834017, 19.13148018928452 0.7358819033873374, 19.141353869825533 0.7384954805957016, 19.15123181320439 0.7410929001234027, 19.161113998562882 0.7436741336568579, 19.17100040483492 0.7462391531796191, 19.18089101084011 0.7487879308424202, 19.190785795135913 0.7513204391802856, 19.200684736197967 0.7538366508514085, 19.210587812240085 0.7563365389186336, 19.22049500136311 0.7588200766193385, 19.23040628147183 0.7612872374931394, 19.240321630291753 0.7637379953560895, 19.250241025426476 0.7661723242202783, 19.26016444423834 0.7685901984866824, 19.270091864011622 0.7709915926845977, 19.280023261779778 0.7733764817606541, 19.289958614481176 0.7757448408204594, 19.2998978988541 0.7780966453132125, 19.30984109147952 0.7804318709582263, 19.319788168812053 0.7827504936987659, 19.329739107087086 0.7850524898667862, 19.33969388246404 0.7873378359320228, 19.34965247086431 0.7896065088002961, 19.359614848127077 0.7918584855289575, 19.36958098989477 0.7940937435479003, 19.379550871673 0.7963122605462, 19.389524468840314 0.7985140144616304, 19.399501756577564 0.80069898361906, 19.409482709991998 0.8028671464913961, 19.41946730396871 0.8050184820016364, 19.429455513320725 0.8071529692201074, 19.439447312672357 0.8092705876134171, 19.449442676528342 0.8113713168994294, 19.45944157926977 0.813455137064353, 19.469443995100573 0.8155220284790861, 19.47944989815346 0.81757197167651, 19.489459262353545 0.8196049476672543, 19.499472061561658 0.8216209376097626, 19.509488269465137 0.8236199230613439, 19.519507859648076 0.8256018858169221, 19.529530805577444 0.8275668079571394, 19.539557080561107 0.82951467195096, 19.549586657841534 0.8314454604317759, 19.559619510476004 0.8333591565018287, 19.5696556114652 0.835255743408418, 19.57969493364828 0.8371352048251318, 19.589737449771665 0.8389975246705929, 19.599783132474982 0.8408426871571848, 19.609831954256357 0.8426706768866704, 19.619883887554973 0.8444814786290132, 19.629938904644213 0.8462750776307986, 19.639996977747384 0.8480514592845387, 19.65005807894375 0.8498106094158923, 19.660122180230402 0.8515525140979934, 19.67018925351023 0.8532771597005572, 19.68025927056074 0.8549845329883472, 19.690332203108134 0.8566746208946179, 19.70040802273256 0.858347410836369, 19.710486700970236 0.8600028903780973, 19.720568209233143 0.861641047515114, 19.7306525188607 0.863261870494861, 19.740739601110427 0.8648653478708493, 19.75082942712699 0.86645146861877, 19.760921968012834 0.8680202218752598, 19.77101719474784 0.8695715972464824, 19.781115078274336 0.8711055844852165, 19.791215589430326 0.8726221737737958, 19.80131869898965 0.8741213555589542, 19.811424377661574 0.8756031205703627, 19.821532596060493 0.877067459953407, 19.83164332476667 0.8785143650112858, 19.841756534255776 0.8799438275367512, 19.85187219497075 0.8813558394783605, 19.861990277271175 0.8827503932034159, 19.872110751461094 0.884127481358806, 19.882233587795294 0.8854870968577836, 19.892358756449426 0.8868292330427328, 19.902486227573135 0.8881538834054221, 19.912615971233084 0.8894610419258201, 19.922747957468406 0.8907507027481987, 19.9328821562559 0.8920228604173229, 19.943018537525898 0.8932775097768031, 19.9531570711741 0.8945146459148579, 19.96329772703357 0.895734264363681, 19.973440474918863 0.896936360795992, 19.983585284583746 0.8981209313631139, 19.9937321257598 0.899287972393948, 20.00388096813449 0.9004374806103871, 20.014031781357446 0.9015694530718239, 20.02418453505786 0.9026838870462507, 20.034339198822728 0.9037807802365408, 20.044495742227213 0.904860130477765, 20.05465413480713 0.9059219360743868, 20.064814346082027 0.9069661955279942, 20.0749763455478 0.9079929076820334, 20.085140102676316 0.909002071727951, 20.095305586928866 0.9099936870465106, 20.10547276774123 0.9109677534844162, 20.115641614542724 0.9119242710212876, 20.125812096744824 0.9128632400806127, 20.135984183750228 0.9137846613069921, 20.14615784495382 0.9146885356481366, 20.156333049740837 0.9155748644276301, 20.166509767494382 0.9164436491305016, 20.176687967592333 0.917294891710111, 20.186867619411593 0.9181285942579208, 20.197048692330533 0.9189447592766825, 20.20723115572844 0.9197433895210485, 20.21741497898928 0.9205244880048262, 20.227600131504346 0.921288058143283, 20.237786582668964 0.9220341034900901, 20.24797430189359 0.9227626280593579, 20.258163258593974 0.9234736360189935, 20.26835342220254 0.9241671319218482, 20.27854476216468 0.9248431206199854, 20.288737247939817 0.9255016071686526, 20.298930849015427 0.926142597022995, 20.309125534887933 0.9267660957601078, 20.319321275087617 0.9273721093996432, 20.329518039158646 0.9279606441404801, 20.339715796674835 0.9285317064990622, 20.349914517240137 0.9290853033143887, 20.360114170476727 0.9296214415959625, 20.37031472605356 0.9301401287860702, 20.3805161536534 0.9306413724480217, 20.390718423008764 0.9311251805475298, 20.400921503878415 0.9315915612620136, 20.41112536605767 0.9320405230315889, 20.42132997939154 0.9324720746535357, 20.431535313745563 0.9328862250603822, 20.44174133905161 0.9332829836133734, 20.45194802526242 0.9336623598055362, 20.462155342391107 0.9340243634837043, 20.47236326049376 0.9343690047462879, 20.48257174966497 0.9346962938985289, 20.49278078007068 0.9350062416291706, 20.50299032189925 0.9352988587403205, 20.513200345421417 0.9355741564373036, 20.523410820940043 0.9358321460824991, 20.533621718822513 0.9360728393487279, 20.543833009500084 0.9362962482159629, 20.554044663440703 0.9365023848135297, 20.56425665120592 0.936691261646153, 20.574468943383742 0.9368628913243446, 20.5846815106543 0.9370172868252702, 20.59489432374687 0.9371544613213464, 20.60510735345357 0.9372744282179356, 20.615320570654987 0.9373772012483221, 20.625533946265048 0.9374627942636266, 20.635747451308816 0.9375312215026131, 20.645961056846694 0.9375824973261734, 20.656174734033396 0.9376166364052057, 20.666388454095777 0.9376336536476315, 20.676602188316377 0.9376335641347165, 20.686815908090946 0.9376163832994446, 20.697029584848057 0.9375821266737143, 20.707243190137735 0.9375308101466275, 20.717456695561896 0.9374624497595709, 20.727670072810753 0.9373770618004013, 20.73788329367401 0.9372746628346914, 20.748096329987924 0.9371552695522272, 20.758309153723058 0.9370188989992584, 20.7685217368884 0.9368655683225955, 20.778734051614876 0.9366952949769932, 20.78894607010972 0.9365080966098777, 20.799157764655863 0.936303991051385, 20.80936910766416 0.9360829964401359, 20.819580071585833 0.9358451310113275, 20.829790629018902 0.9355904133497052, 20.84000075261494 0.9353188621660666, 20.85021041513751 0.9350304964059566, 20.86041958945658 0.9347253352380028, 20.87062824850241 0.9344033979587566, 20.880836365357744 0.9340647041885347, 20.89104391314725 0.9337092736348224, 20.901250865141463 0.933337126298485, 20.91145719468974 0.9329482823387262, 20.921662875235757 0.9325427620972844, 20.93186788036202 0.9321205861843541, 20.942072183699043 0.9316817753001475, 20.95227575904407 0.9312263504540521, 20.96247858024927 0.9307543327567206, 20.972680621299713 0.9302657435556254, 20.982881856292348 0.929760604397521, 20.99308225939702 0.929238936954158, 21.003281804950134 0.9287007631824623, 21.013480467333622 0.9281461051159156, 21.023678221094993 0.9275749850605751, 21.03387504086269 0.926987425455536, 21.044070901375154 0.9263834489141862, 21.054265777518243 0.925763078283363, 21.064459644232773 0.9251263364943746, 21.074652476642417 0.9244732467572604, 21.08484424992748 0.9238038323679068, 21.09503493941775 0.923118116841687, 21.105224520559418 0.9224161238649431, 21.11541296888165 0.9216978772414683, 21.125600260091574 0.9209634010265897, 21.13578636994523 0.9202127193445361, 21.14597127438013 0.9194458565743728, 21.156154949417456 0.9186628372121407, 21.16633737119969 0.917863685907431, 21.176518516023606 0.9170484275049763, 21.18669836024625 0.9162170869263131, 21.19687688042012 0.9153696893423718, 21.207054053156497 0.9145062599984553, 21.217229855228034 0.9136268243368598, 21.22740426352852 0.912731407947732, 21.237577255041607 0.9118200365273966, 21.247748806938407 0.9108927359934688, 21.2579188964415 0.9099495323231322, 21.268087500965244 0.9089904517119292, 21.27825459801055 0.9080155204537345, 21.288420165207643 0.9070247649845102, 21.298584180348705 0.9060182119181732, 21.308746621289373 0.9049958879362943, 21.318907466090113 0.9039578199376275, 21.329066692872544 0.9029040348853102, 21.33922427992706 0.9018345599152071, 21.349380205670606 0.9007494222926686, 21.359534448613292 0.8996486493751872, 21.369686987460845 0.8985322687134425, 21.379837800972204 0.8974003079097338, 21.38998686810509 0.8962527947558535, 21.400134167907872 0.8950897571298608, 21.410279679561356 0.8939112230316989, 21.420423382415414 0.8927172206168755, 21.430565255884343 0.8915077780983995, 21.440705279594013 0.8902829238770803, 21.45084343323423 0.889042686410118, 21.46097969666651 0.8877870943019948, 21.47111404988522 0.8865161762710984, 21.481246472977713 0.8852299611124252, 21.491376946233768 0.8839284777874318, 21.501505449997545 0.8826117553020691, 21.511631964815557 0.8812798228268334, 21.52175647133037 0.8799327096101486, 21.531878950315786 0.8785704449999008, 21.541999382721595 0.8771930584772996, 21.55211774956094 0.8758005795704552, 21.56223403206247 0.8743930379660847, 21.57234821152215 0.8729704634002158, 21.582460269406294 0.8715328857307962, 21.592570187321243 0.8700803349159242, 21.602677946963187 0.8686128409756108, 21.61278353023652 0.8671304340730199, 21.62288691910077 0.865633144408648, 21.63298809571667 0.8641210023162891, 21.643087042347094 0.8625940381973994, 21.653183741381618 0.8610522825342235, 21.663278175393113 0.8594957659258748, 21.673370327015572 0.8579245190093078, 21.683460179099846 0.8563385725545523, 21.693547714568453 0.8547379573754065, 21.70363291650898 0.8531227043830392, 21.7137157681569 0.8514928445758297, 21.7237962528319 0.8498484090000392, 21.73387435406598 0.8481894288222864, 21.743950055447343 0.8465159352405602, 21.75402334076088 0.8448279595599287, 21.764094193901254 0.843125533145153, 21.774162598881848 0.8414086874230584, 21.784228539905993 0.83967745391969, 21.794292001235146 0.8379318641905814, 21.804352967345725 0.8361719498989209, 21.814411422791355 0.8343977427464112, 21.82446735228192 0.8326092745097268, 21.83452074068348 0.8308065770404865, 21.844571572939078 0.8289896822258012, 21.854619834206186 0.82715862205124, 21.864665509700174 0.8253134285286056, 21.874708584825175 0.8234541337525662, 21.884749045103646 0.8215807698697138, 21.8947868761664 0.8196933690721022, 21.904822063839866 0.8177919636337913, 21.91485459400576 0.8158765858513508, 21.924884452755563 0.813947268105207, 21.934911626264856 0.8120040428093168, 21.944936100853603 0.8100469424326233, 21.95495786300634 0.8080759995067271, 21.964976899276575 0.8060912465883859, 21.97499319643182 0.8040927163118334, 21.985006741300428 0.8020804413330858, 21.995017520888258 0.8000544543691551, 22.005025522328896 0.7980147881809182, 22.015030732852278 0.7959614755607581, 22.02503313988814 0.7938945493662987, 22.03503273091949 0.7918140424720667, 22.045029493630583 0.7897199878147293, 22.055023415798086 0.7876124183594176, 22.06501448532878 0.7854913671087533, 22.07500269030163 0.7833568671149612, 22.08498801885694 0.7812089514472462, 22.094970459345458 0.7790476532324877, 22.10495000018344 0.7768730056153472, 22.11492662995051 0.7746850417823776, 22.124900337363716 0.7724837949553589, 22.134871111223756 0.7702692983762222, 22.14483894053312 0.7680415853353444, 22.154803814346987 0.7658006891354048, 22.164765721909962 0.7635466431214082, 22.17472465256846 0.7612794806610869, 22.18468059578335 0.7589992351459345, 22.19463354119428 0.7567059400045378, 22.204583478495817 0.7543996286762517, 22.21453039758579 0.7520803346393641, 22.224474288434113 0.7497480913858658, 22.2344151411576 0.7474029324335643, 22.244352946019955 0.7450448913260852, 22.25428769335616 0.7426740016185839, 22.264219373702225 0.740290296898452, 22.27414797764823 0.737893810761522, 22.28407349595892 0.7354845768289466, 22.293995919511072 0.7330626287381107, 22.30391523927953 0.7306280001391698, 22.3138314464225 0.7281807247061008, 22.323744532148552 0.7257208361189795, 22.333654487858883 0.7232483680800229, 22.343561305035074 0.7207633543006322, 22.353464975287533 0.718265828505136, 22.363365490382087 0.715755824433458, 22.37326284214492 0.713233375830818, 22.38315702259895 0.7106985164592647, 22.393048023824896 0.7081512800856422, 22.402935838060912 0.7055917004880299, 22.412820457667568 0.7030198114532384, 22.42270187508751 0.7004356467727926, 22.432580082948665 0.6978392402487613, 22.442455073927253 0.6952306256856534, 22.452326840878115 0.6926098368956362, 22.462195376746198 0.6899769076947141, 22.47206067458648 0.6873318719020692, 22.481922727616176 0.6846747633415615, 22.491781529104223 0.682005615838014, 22.50163707250817 0.6793244632191008, 22.511489351349496 0.6766313393133706, 22.521338359288105 0.6739262779495314, 22.531184090116113 0.6712093129564372, 22.541026537693117 0.6684804781621966, 22.550865696062754 0.6657398073926933, 22.560701559317426 0.6629873344730136, 22.570534121711525 0.6602230932240412, 22.580363377599905 0.6574471174640426, 22.59018932142895 0.6546594410077358, 22.600011947811684 0.6518600976633493, 22.609831251407197 0.6490491212369348, 22.61964722705114 0.646226545525271, 22.62945986965134 0.6433924043212964, 22.63926917423413 0.640546731410201, 22.64907513596655 0.6376895605679777, 22.658877750070868 0.6348209255663815, 22.66867701194828 0.6319408601630907, 22.678472917052122 0.6290493981115645, 22.68826546097899 0.6261465731521589, 22.69805463943622 0.623232419015097, 22.70784044820551 0.6203069694228762, 22.7176228832365 0.6173702580804533, 22.72740194052234 0.6144223186879958, 22.73717761621756 0.6114631849267788, 22.746949906558427 0.6084928904684852, 22.756718807879917 0.605511468971985, 22.766484316663956 0.6025189540770675, 22.776246429438697 0.599515379417083, 22.786005142901967 0.5965007786012174, 22.79576045380971 0.5934751852303045, 22.80551235904139 0.5904386328860414, 22.815260855596758 0.5873911551315001, 22.82500594053473 0.5843327855199133, 22.83474761107902 0.5812635575769388, 22.844485864497525 0.5781835048206819, 22.854220698204667 0.5750926607428143, 22.863952109708222 0.5719910588181671, 22.873680096590533 0.5688787325074021, 22.88340465657365 0.5657557152445949, 22.89312578742558 0.5626220404545795, 22.90284348711267 0.559477741521162, 22.91255775368127 0.5563228518115958, 22.922268585177946 0.5531574046930903, 22.93197597964928 0.5499814335328523, 21.897403772117478 -1.641809167297067, 21.888990635325477 -1.636925589862606, 21.88057276049578 -1.6320501836784342, 21.872150125202857 -1.6271830062480463, 21.86372270702116 -1.6223241150750027, 21.85529048355586 -1.6174735678001373, 21.846853432507803 -1.6126314224922755, 21.838411531623994 -1.6077977374178283, 21.82996475872604 -1.6029725711534437, 21.821513091683975 -1.5981559824708886, 21.813056508451737 -1.593348030476366, 21.804594987037333 -1.5885487744825346, 21.796128505532995 -1.5837582741200413, 21.787657042091354 -1.5789765892384007, 21.779180574950917 -1.5742037799959552, 21.77069908241803 -1.5694399067845966, 21.762212542885138 -1.5646850302908184, 21.75372093482108 -1.559939211451636, 21.745224236780242 -1.555202511483082, 21.73672242740304 -1.5504749918701224, 21.728215485414122 -1.5457567143595032, 21.719703389634684 -1.5410477409861947, 21.71118611896825 -1.53634813402931, 21.702663652426043 -1.5316579560750299, 21.69413596909965 -1.526977269936762, 21.685603048199503 -1.5223061387521428, 21.677064869014956 -1.5176446258716478, 21.668521410964626 -1.512992794983252, 21.659972653546152 -1.5083507099778686, 21.651418576394978 -1.5037184350913926, 21.642859159228333 -1.4990960347598181, 21.634294381906837 -1.4944835737629327, 21.625724224379425 -1.4898811170865431, 21.617148666740082 -1.4852887300501747, 21.6085676891817 -1.4807064781936412, 21.59998127204035 -1.4761344273723207, 21.591389395765308 -1.47157264368275, 21.58279204094387 -1.4670211935132582, 21.574189188293843 -1.4624801435182964, 21.5655808186638 -1.4579495606173112, 21.55696691305174 -1.4534295120218605, 21.548347452578646 -1.448920065182201, 21.539722418533604 -1.4444212878637828, 21.531091792322698 -1.4399332480490352, 21.522455555535807 -1.4354560140514843, 21.51381368987849 -1.430989654389448, 21.505166177249777 -1.4265342379158161, 21.496512999670962 -1.4220898336898533, 21.487854139357854 -1.4176565110939263, 21.479189578663938 -1.413234339732202, 21.470519300130327 -1.408823389508105, 21.46184328645826 -1.40442373057174, 21.453161520524453 -1.4000354333415788, 21.444473985392037 -1.3956585685112326, 21.435780664285783 -1.3912932070109199, 21.427081540642803 -1.3869394200714755, 21.418376598051236 -1.382597279134862, 21.409665820331504 -1.3782668559585232, 21.400949191454046 -1.3739482224995205, 21.392226695629276 -1.3696414510276376, 21.383498317230803 -1.3653466140193042, 21.374764040865614 -1.361063784242644, 21.366023851330098 -1.3567930346943293, 21.357277733637343 -1.352534438630235, 21.348525673023186 -1.3482880695631367, 21.339767654920166 -1.344054001230577, 21.33100366501637 -1.3398323076514767, 21.322233689182262 -1.3356230630431227, 21.31345771356518 -1.3314263419168981, 21.304675724496622 -1.3272422189740734, 21.295887708588054 -1.3230707691980161, 21.28709365265792 -1.318912067773506, 21.278293543788205 -1.3147661901388386, 21.269487369305196 -1.3106332119586652, 21.260675116772894 -1.3065132091158058, 21.251856774040302 -1.3024062577443616, 21.243032329172475 -1.2983124341660899, 21.234201770548935 -1.2942318149667336, 21.2253650867629 -1.2901644769067817, 21.216522266726194 -1.2861104970012678, 21.207673299589434 -1.282069952448791, 21.198818174800863 -1.2780429206735724, 21.18995688209192 -1.274029479305123, 21.181089411459872 -1.2700297061632857, 21.172215753231235 -1.2660436792933674, 21.16333589797541 -1.2620714769036578, 21.154449836617864 -1.2581131774327576, 21.145557560333284 -1.2541688594748102, 21.136659060644398 -1.2502386018362885, 21.12775432936236 -1.2463224834910522, 21.118843358613194 -1.242420583593, 21.10992614086515 -1.2385329814814277, 21.10100266886639 -1.2346597566443727, 21.09207293574925 -1.2308009887641063, 21.08313693491762 -1.2269567576552614, 21.074194660163855 -1.2231271433154631, 21.065246105584592 -1.2193122258776317, 21.05629126563242 -1.2155120856296817, 21.047330135122362 -1.211726803007079, 21.038362709183303 -1.2079564585701061, 21.029388983357055 -1.2042011330327094, 21.02040895348348 -1.2004609072149481, 21.011422615824625 -1.1967358620803528, 21.0024299669726 -1.1930260786957434, 20.99343100390668 -1.1893316382455583, 20.984425723998015 -1.185652622026148, 20.975414124956448 -1.1819891114284102, 20.966396204935208 -1.17834118795969, 20.957371962413443 -1.1747089332000094, 20.94834139632482 -1.1710924288149342, 20.939304505967932 -1.1674917565387055, 20.930261291047074 -1.1639069981804722, 20.921211751700945 -1.160338235615291, 20.91215588842646 -1.156785550768852, 20.903093702202767 -1.1532490256251857, 20.894025194364612 -1.1497287422045037, 20.884950366715696 -1.1462247825685983, 20.875869221471326 -1.142737228805383, 20.866781761260373 -1.1392661630254766, 20.85768798919524 -1.135811667353858, 20.848587908761903 -1.1323738239216332, 20.83948152395807 -1.128952714858884, 20.830368839178263 -1.1255484222861425, 20.821249859288844 -1.1221610283077799, 20.81212458962691 -1.1187906149997664, 20.802993035940936 -1.1154372644091808, 20.793855204510624 -1.1121010585338542, 20.78471110201425 -1.1087820793272736, 20.775560735651098 -1.1054804086776324, 20.766404113076675 -1.1021961284056845, 20.757241242403953 -1.098929320259728, 20.748072132282132 -1.095680065884417, 20.73889679177238 -1.0924484468504574, 20.729715230481204 -1.0892345446404144, 20.72052745846672 -1.0860384406188537, 20.71133348629764 -1.0828602160026832, 20.70213332507313 -1.0796999518613382, 20.69292698633256 -1.07655772913752, 20.683714482194556 -1.073433628594179, 20.674495825224753 -1.0703277308460206, 20.665271028530434 -1.0672401163215146, 20.656040105743127 -1.0641708652546893, 20.64680307096366 -1.0611200577003703, 20.637559938884316 -1.0580877734732883, 20.628310724649964 -1.0550740921954724, 20.619055443978326 -1.0520790932366726, 20.609794113106126 -1.0491028557237216, 20.600526748767468 -1.0461454585454169, 20.591253368293664 -1.0432069802891883, 20.58197398947788 -1.0402874993005293, 20.57268863070968 -1.0373870936018932, 20.563397310893542 -1.0345058409246748, 20.554100049455275 -1.031643818698689, 20.544796866423166 -1.028801103979197, 20.535487782292424 -1.025977773542319, 20.5261728181545 -1.0231739038234617, 20.516851995620335 -1.020389570892068, 20.507525336851995 -1.017624850412916, 20.498192864611696 -1.0148798176186515, 20.4888546021421 -1.0121545473893012, 20.47951057330872 -1.0094491141346664, 20.470160802488166 -1.0067635918636837, 20.460805314610948 -1.0040980541435713, 20.451444135204476 -1.001452574046191, 20.442077290282295 -0.9988272242314945, 20.432704806485745 -0.9962220768119849, 20.423326710964336 -0.993637203441634, 20.4139430314288 -0.9910726752599869, 20.404553796182178 -0.9885285628431577, 20.39515903401591 -0.9860049362936588, 20.385758774348933 -0.9835018650881846, 20.37635304710335 -0.9810194181864964, 20.366941882763847 -0.9785576639613378, 20.357525312401396 -0.9761166701467642, 20.348103367569063 -0.9736965039586036, 20.338676080423227 -0.9712972319825325, 20.32924348362361 -0.9689189201980655, 20.31980561040479 -0.9665616338617177, 20.310362494574196 -0.9642254375314524, 20.3009141704185 -0.9619103951715781, 20.29146067283638 -0.959616569962026, 20.28200203721149 -0.9573440244443808, 20.272538299476903 -0.9550928204268971, 20.263069496124594 -0.9528630189458482, 20.25359566411641 -0.9506546803779163, 20.244116841009742 -0.9484678642414931, 20.234633064831765 -0.946302629358732, 20.22514437414486 -0.9441590337467909, 20.215650808050555 -0.942037134583447, 20.206152406105286 -0.939936988328009, 20.19664920843895 -0.9378586505119038, 20.187141255633467 -0.935802175906399, 20.17762858878862 -0.9337676184004292, 20.16811124950135 -0.931755031061515, 20.158589279798218 -0.9297644662121652, 20.149062722270294 -0.927795975096096, 20.139531619938904 -0.9258496081353518, 20.129996016318476 -0.9239254148083337, 20.120455955406207 -0.9220234436378011, 20.110911481612675 -0.9201437423153451, 20.101362639864384 -0.9182863574642973, 20.09180947548509 -0.916451334861759, 20.082252034264165 -0.9146387192762278, 20.0726903624371 -0.9128485544741644, 20.06312450662675 -0.9110808833380759, 20.053554513934262 -0.9093357476243009, 20.043980431825112 -0.9076131882057984, 20.0344023081992 -0.9059132448823508, 20.024820191359893 -0.9042359564195507, 20.01523412996924 -0.9025813606473077, 20.005644173125916 -0.9009494942106545, 19.996050370249844 -0.8993403928827728, 19.98645277114708 -0.8977540913820673, 19.976851425991093 -0.8961906233077818, 19.96724638529286 -0.8946500212140506, 19.95763769994804 -0.8931323164525583, 19.948025421141036 -0.8916375394425948, 19.93840960041647 -0.8901657194074366, 19.92879028962438 -0.888716884510076, 19.9191675409092 -0.8872910618730433, 19.90954140674723 -0.8858882773895002, 19.899911939864214 -0.8845085559994715, 19.890279193301375 -0.8831519213969593, 19.880643220352134 -0.8818183962285099, 19.87100407456896 -0.8805080020416315, 19.861361809777268 -0.8792207591585991, 19.851716480012442 -0.8779566869290537, 19.842068139575627 -0.876715803415444, 19.832416842966776 -0.8754981256605385, 19.822762644905538 -0.874303669552141, 19.813105600315524 -0.873132449845897, 19.80344576428982 -0.8719844803146432, 19.793783192141984 -0.8708597733395357, 19.78411793933622 -0.8697583402989477, 19.77445006151192 -0.8686801913613396, 19.76477961445835 -0.8676253355578012, 19.755106654098505 -0.8665937808678199, 19.745431236503485 -0.8655855339858847, 19.735753417847647 -0.8646006006431844, 19.726073254432357 -0.8636389852947685, 19.71639080265116 -0.8627006913416497, 19.706706118990095 -0.8617857210694468, 19.697019260020916 -0.8608940755423785, 19.687330282377275 -0.8600257548586566, 19.677639242763018 -0.859180757821205, 19.66794619792427 -0.8583590822645458, 19.658251204652366 -0.8575607248351242, 19.648554319766916 -0.8567856810596535, 19.638855600107846 -0.8560339454575842, 19.629155102520755 -0.855305511363569, 19.619452883851636 -0.854600371195691, 19.609749000941868 -0.8539185160643047, 19.600043510613627 -0.8532599360910582, 19.590336469661523 -0.8526246203082777, 19.580627934836787 -0.8520125566160984, 19.570917962850107 -0.8514237319846413, 19.561206610344232 -0.8508581321581745, 19.551493933904865 -0.8503157420033224, 19.54177999003322 -0.8497965452156302, 19.532064835147626 -0.8493005245236226, 19.522348525575463 -0.8488276616454165, 19.51263111752882 -0.8483779371946092, 19.502912667124686 -0.8479513309227058, 19.49319323033703 -0.8475478214089537, 19.483472863029995 -0.8471673864049728, 19.47375162091359 -0.8468100025605741, 19.464029559556582 -0.8464756456103711, 19.45430673437737 -0.8461642903425103, 19.444583200613447 -0.8458759105082296, 19.434859013356974 -0.8456104790627788, 19.425134227486808 -0.8453679678978985, 19.415408897726717 -0.8451483481350753, 19.405683078580314 -0.8449515898080093, 19.395956824362884 -0.8447776621235696, 19.386230189179248 -0.8446265333923224, 19.376503226900784 -0.8444981709884221, 19.36677599120449 -0.8443925415236444, 19.357048535494723 -0.844309610603358, 19.34732091298245 -0.8442493431450641, 19.337593176590843 -0.8442117030797406, 19.327865379024015 -0.8441966536261012, 19.318137572710345 -0.8442041571242102, 19.30840980981314 -0.8442341751173977, 19.29868214224495 -0.8442866684065942, 19.288954621604766 -0.8443615969136619, 19.279227299259762 -0.8444589199250078, 19.26950022623179 -0.8445785958194293, 19.25977345330563 -0.8447205823751036, 19.250047030919628 -0.8448848365146833, 19.240321009241047 -0.8450713145226483, 19.230595438114673 -0.8452799719352463, 19.220870367063778 -0.8455107635793985, 19.21114584532199 -0.8457636436534105, 19.201421921752832 -0.846038565605546, 19.19169864495428 -0.8463354823469816, 19.181976063122114 -0.8466543459759871, 19.172254224185405 -0.8469951080792244, 19.16253317567158 -0.8473577195033446, 19.152812964811687 -0.847742130568719, 19.143093638460748 -0.8481482909364118, 19.133375243129397 -0.8485761496924655, 19.123657824989778 -0.8490256553638434, 19.113941429818404 -0.8494967558535369, 19.104226103087928 -0.8499893985919745, 19.09451188983519 -0.8505035303592575, 19.084798834811057 -0.8510390975184138, 19.075086982314012 -0.8515960457928968, 19.065376376348095 -0.8521743205039796, 19.055667060476665 -0.8527738663828212, 19.0459590779361 -0.8533946277411505, 19.03625247155367 -0.8540365483722677, 19.026547283783913 -0.8546995716189935, 19.0168435567124 -0.8553836403824535, 19.007141332004128 -0.8560886970838587, 18.99744065099315 -0.8568146837712158, 18.987741554553097 -0.8575615419957319, 18.978044083253106 -0.8583292129863778, 18.96834827717879 -0.8591176374794299, 18.958654176118266 -0.8599267559161375, 18.948961819375292 -0.8607565082692671, 18.93927124594204 -0.8616068342258613, 18.929582494346864 -0.8624776730576753, 18.91989560277561 -0.8633689637374841, 18.910210608981956 -0.8642806448635346, 18.900527550338264 -0.8652126547223563, 18.890846463823223 -0.8661649312820239, 18.88116738599407 -0.8671374121898763, 18.87149035305226 -0.8681300348253764, 18.861815400741495 -0.869142736240904, 18.852142564481557 -0.8701754532609598, 18.842471879206943 -0.8712281223856082, 18.832803379550263 -0.8723006799177783, 18.823137099643596 -0.8733930618477148, 18.813473073326147 -0.8745052039888606, 18.803811333935833 -0.8756370418628141, 18.794151914512998 -0.8767885108257573, 18.784494847609288 -0.8779595459695609, 18.774840165463274 -0.8791500822261984, 18.76518789984672 -0.8803600542939863, 18.755538082196015 -0.8815893967142939, 18.74589074350824 -0.8828380438260178, 18.73624591441939 -0.8841059298136802, 18.72660362515621 -0.8853929886890303, 18.716963905557886 -0.8866991543131566, 18.7073267850846 -0.8880243604016074, 18.697692292783834 -0.8893685405249339, 18.688060457352602 -0.8907316281323047, 18.678431307052936 -0.8921135565357555, 18.668804869822015 -0.8935142589468485, 18.659181173143672 -0.8949336684502214, 18.649560244198625 -0.8963717180479308, 18.639942109700353 -0.8978283406272292, 18.630326796076808 -0.8993034690079086, 18.62071432927949 -0.9007970359087297, 18.6111047349876 -0.9023089739938671, 18.60149803839936 -0.9038392158413596, 18.59189426444975 -0.905387693985741, 18.582293437592554 -0.9069543408909628, 18.572695582023623 -0.908539088987218, 18.563100721461172 -0.910141870649762, 18.55350887936772 -0.9117626182290927, 18.54392007873469 -0.9134012640366413, 18.534334342297928 -0.9150577403675879, 18.524751692330597 -0.9167319794930355, 18.515172150849057 -0.9184239136756113, 18.505595739416368 -0.9201334751671225, 18.496022479337093 -0.9218605962192149, 18.486452391472703 -0.9236052090873142, 18.47688549642449 -0.925367246034761, 18.467321814360616 -0.9271466393412279, 18.45776136518781 -0.9289433213022391, 18.448204168389246 -0.9307572242417983, 18.438650243186117 -0.9325882805075886, 18.429099608385005 -0.934436422487226, 18.419552282530884 -0.9363015825996307, 18.41000828376221 -0.9381836933145808, 18.400467629957227 -0.9400826871405148, 18.390930338594824 -0.9419984966472422, 18.381396426896206 -0.9439310544501865, 18.37186591168932 -0.9458802932362863, 18.362338809548092 -0.9478461457446223, 18.35281513665828 -0.9498285447958044, 18.34329490895643 -0.9518274232685325, 18.33377814199498 -0.9538427141328413, 18.324264851083015 -0.955874350422198, 18.31475505114856 -0.9579222652712237, 18.305248756883195 -0.9599863918826416, 18.29574598259964 -0.962066663570174, 18.286246742381906 -0.9641630137195926, 18.27675104993657 -0.9662753758375375, 18.267258918749953 -0.9684036835059494, 18.257770361931826 -0.9705478704376364, 18.24828539238062 -0.9727078704232411, 18.238804022618755 -0.9748836173942442, 18.229326264966442 -0.9770750453619143, 18.21985213136839 -0.9792820884883736, 18.210381633576123 -0.9815046810169684, 18.200914782966436 -0.983742757351607, 18.191451590731408 -0.9859962519786089, 18.181992067690025 -0.9882650995542748, 18.17253622448393 -0.9905492348184902, 18.16308407138458 -0.9928485926896583, 18.153635618491858 -0.9951631081713589, 18.144190875540335 -0.9974927164531944, 18.13474985209639 -0.9998373528124377, 18.125312557368627 -1.0021969527180874, 18.11587900039795 -1.0045714517306612, 18.10644918987796 -1.0069607856061482, 18.097023134332005 -1.0093648901976562, 18.087600841949648 -1.0117837015550777, 18.07818232074451 -1.0142171558330546, 18.068767578413027 -1.016665189381699, 18.0593566224669 -1.0191277386657587, 18.049949460120185 -1.0216047403413921, 18.04054609839055 -1.0240961311916215, 18.031146544020153 -1.0266018481840407, 18.02175080354073 -1.0291218284275994, 18.012358883232583 -1.0316560092063949, 18.00297078914989 -1.0342043279623718, 17.99358652712069 -1.036766722301026, 17.98420610273037 -1.0393431300037117, 17.974829521363688 -1.0419334890021659, 17.96545678814648 -1.0445377374226754, 17.956087908028383 -1.0471558135281833, 17.946722885685656 -1.049787655794522, 17.937361725640177 -1.0524332028211418, 17.928004432129217 -1.0550923934368621, 17.91865100925323 -1.0577651665834507, 17.90930146082208 -1.0604514614448188, 17.899955790519908 -1.063151217311629, 17.890614001741675 -1.0658643737235058, 17.88127609775936 -1.0685908703273534, 17.871942081565937 -1.071330647018005, 17.862611956025333 -1.074083643805926, 17.853285723740846 -1.0768498009404468, 17.84396338717313 -1.0796290588022044, 17.83464494854702 -1.0824213579946016, 17.825330409925673 -1.0852266392740872, 17.816019773165408 -1.0880448435982601, 17.806713039938735 -1.0908759121037073, 17.79741021174201 -1.0937197861032177, 17.78811128986523 -1.0965764071163226, 17.778816275451767 -1.0994457168131948, 17.769525169418667 -1.1023276570971732, 17.76023797256154 -1.105222169999545, 17.750954685435655 -1.1081291978061203, 17.741675308492166 -1.1110486829149724, 17.732399841937436 -1.1139805679904988, 17.723128285879557 -1.1169247958053372, 17.713860640189957 -1.1198813093965692, 17.704596904634926 -1.1228500519195617, 17.695337078763917 -1.1258309667783604, 17.686081162004054 -1.128823997517743, 17.676829153593758 -1.1318290879046062, 17.667581052625632 -1.1348461818776059, 17.658336858035636 -1.1378752235644198, 17.64909656858862 -1.1409161572993114, 17.639860182924295 -1.143968927571209, 17.630627699488773 -1.1470334791086187, 17.621399116629078 -1.1501097567652028, 17.612174432484064 -1.1531977056586777, 17.602953645108954 -1.1562972710144062, 17.593736752349038 -1.1594083983306118, 17.584523751966657 -1.1625310332142276, 17.575314641527807 -1.1656651215335052, 17.56610941850188 -1.1688106092857673, 17.556908080187448 -1.171967442701085, 17.547710623763482 -1.1751355681727447, 17.538517046269938 -1.1783149322879043, 17.52932734460087 -1.1815054818373065, 17.52014151554312 -1.1847071637645188, 17.510959555714372 -1.1879199252546215, 17.501781461650562 -1.1911437136115344, 17.492607229704692 -1.1943784764063794, 17.483436856160623 -1.1976241613125196, 17.474270337120906 -1.2008807162741997, 17.465107668614646 -1.204148089346008, 17.45594884650774 -1.207426228831862, 17.446793866574115 -1.2107150831764126, 17.437642724453234 -1.2140146010343271, 17.428495415667005 -1.2173247312439892, 17.4193519356348 -1.2206454228073351, 17.410212279633328 -1.2239766249540753, 17.401076442864223 -1.2273182870360193, 17.391944420369622 -1.2306703586652603, 17.382816207131796 -1.2340327895528262, 17.373691797972132 -1.2374055296780053, 17.364571187649673 -1.240788529124604, 17.355454370778965 -1.2441817382225933, 17.34634134189426 -1.2475851074389468, 17.337232095413224 -1.2509985874434824, 17.32812662564786 -1.2544221290899071, 17.319024926824394 -1.2578556833842776, 17.309926993039454 -1.2612992015629494, 17.30083281832872 -1.2647526349724725, 17.291742396584564 -1.2682159352194844, 17.282655721648712 -1.2716890540034913, 17.273572787223365 -1.2751719432826074, 17.26449358695196 -1.2786645551241766, 17.25541811435905 -1.2821668418205814, 17.246346362889057 -1.2856787558158713, 17.237278325896476 -1.2892002497276969, 17.228213996630693 -1.2927312763766323, 17.219153368278864 -1.2962717887059765, 17.210096433904315 -1.299821739903758, 17.201043186524696 -1.3033810832492323, 17.191993619029823 -1.3069497722784276, 17.18294772426232 -1.3105277606227077, 17.173905494951953 -1.314115002145183, 17.164866923763746 -1.3177114508420313, 17.155832003276167 -1.321317060890822, 17.146800725978938 -1.3249317866551382, 17.13777308430259 -1.3285555826249584, 17.12874907056897 -1.3321884035227305, 17.119728677058788 -1.3358302041600496, 17.110711895937936 -1.3394809395990788, 17.101698719331726 -1.3431405649910058, 17.092689139263285 -1.3468090357145706, 17.083683147699116 -1.3504863072746358, 17.074680736528187 -1.3541723353521795, 17.065681897559973 -1.3578670758087314, 17.056686622552263 -1.3615704846254024, 17.047694903164654 -1.3652825180108552, 17.038706731021243 -1.3690031322570309, 17.029722097643457 -1.3727322838985736, 17.020740994515872 -1.3764699295576384, 17.011763413034164 -1.3802160260707266, 17.002789344540304 -1.3839705304038743, 16.993818780311567 -1.387733399682243, 16.98485171154974 -1.3915045912165762, 16.97588812941522 -1.3952840624212928, 16.966928024977527 -1.399071770938704, 16.95797138927619 -1.4028676744871795, 16.949018213260434 -1.406671731016163, 16.940068487843234 -1.4104838985680628, 16.93112220386428 -1.4143041353765176, 16.922179352108362 -1.4181323998184618, 16.91323992331065 -1.4219686504028168, 16.904303908131826 -1.4258128458367256, 16.89537129720172 -1.4296649449107932, 16.88644208106628 -1.4335249066431779, 16.877516250244394 -1.4373926901260838, 16.868593795179095 -1.4412682546616473, 16.859674706273925 -1.4451515596614457, 16.85075897387684 -1.449042564693978, 16.8418465882769 -1.45294122949395, 16.832937539728785 -1.456847513894936, 16.824031818413687 -1.4607613779420774, 16.815129414489192 -1.4646827817492354, 16.806230318039386 -1.4686116856461218, 16.797334519119072 -1.4725480500485766, 16.78844200772488 -1.4764918355466201, 16.77955277380726 -1.4804430028686022, 16.7706668072793 -1.4844015128569434, 16.761784097991267 -1.4883673265458883, 16.752904635770737 -1.4923404050400086, 16.74402841037688 -1.4963207096565827, 16.73515541154594 -1.5003082017848077, 16.726285628956592 -1.5043028429977852, 16.717419052250925 -1.5083045949856402, 16.708555671032187 -1.5123134195634385, 16.69969547484998 -1.5163292787190332, 16.690838453231375 -1.520352134514288, 16.68198459564146 -1.5243819492159971, 16.673133891526096 -1.5284186851548338, 16.664286330275907 -1.5324623048476107, 16.655441901251443 -1.5365127709124669, 16.64660059377505 -1.540570046098842, 16.63776239712304 -1.5446340933143032, 16.62892730054981 -1.5487048755430048, 16.620095293253907 -1.5527823559648477, 16.611266364417133 -1.5568664978188642, 16.60244050316972 -1.560957264528342, 16.593617698616445 -1.5650546196077468, 16.58479793982575 -1.569158526703869, 16.5759812158257 -1.5732689496107677, 16.567167515623694 -1.5773858521990023, 16.558356828176798 -1.5815091985265097, 16.549549142427143 -1.5856389527070327, 16.54074444726961 -1.5897750790335525, 16.53194273157662 -1.5939175418843257, 16.52314398418725 -1.5980663057664946, 16.514348193904244 -1.6022213353277674, 16.50555534951169 -1.6063825952892947, 16.496765439747932 -1.6105500505527073, 16.487978453337963 -1.6147236660727202, 16.479194378964053 -1.6189034069759654, 16.47041320528789 -1.6230892384720066, 16.461634920941542 -1.6272811258919737, 16.45285951452352 -1.6314790347045802, 16.444086974616166 -1.6356829304462916, 16.435317289760018 -1.6398927788284485, 16.42655044848354 -1.6441085456133928, 16.41778643927715 -1.6483301967259223, 16.409025250611666 -1.6525576981746488, 16.400266870932427 -1.6567910160790797, 16.391511288653202 -1.6610301166964063, 16.382758492174133 -1.6652749663440327, 16.374008469857152 -1.6695255315091042, 16.36526121005301 -1.6737817787289444, 16.356516701079407 -1.6780436746919314, 16.347774931234813 -1.68231118617443, 16.33903588879649 -1.6865842800499462, 16.33029956201121 -1.690862923331478, 16.321565939114663 -1.695147083084118, 16.31283500830784 -1.699436726536887, 16.304106757780865 -1.7037318209703283, 16.295381175695578 -1.7080323338010426, 16.28665825019418 -1.7123382325401935, 16.277937969402146 -1.716649484780943, 16.26922032141583 -1.720966058259493, 16.260505294322517 -1.7252879207571585, 16.25179287617848 -1.7296150402106603, 16.243083055028777 -1.73394738461289, 16.234375818895288 -1.7382849220753072, 16.225671155779587 -1.7426276208130582, 16.216969053670613 -1.746975449107127, 16.20826950052942 -1.7513283753837985, 16.199572484309297 -1.7556863681103207, 16.19087799293662 -1.7600493958970405, 16.182186014325598 -1.7644174274190194, 16.1734965363723 -1.7687904314497964, 16.16480954695181 -1.7731683768768358, 16.156125033929968 -1.7775512326384724, 16.147442985146515 -1.7819389678175825, 16.13876338843378 -1.786331551538329, 16.130086231601716 -1.7907289530511659, 16.121411502446684 -1.79513114168336, 16.11273918875166 -1.799538086839223, 16.104069278278228 -1.8039497580462933, 16.095401758781147 -1.8083661248719418, 16.0867366179917 -1.8127871570216227, 16.078073843633113 -1.8172128242482999, 16.069413423411003 -1.8216430964100985, 16.060755345015817 -1.8260779434561767, 16.052099596128752 -1.8305173353922966, 16.043446164410042 -1.8349612423533546, 16.034795037514254 -1.8394096345094666, 16.026146203075985 -1.8438624821549945, 16.017499648720285 -1.8483197556439939, 16.008855362059325 -1.8527814254117378, 16.000213330688705 -1.857247461998253, 15.99157354219778 -1.8617178359837614, 15.98293598415625 -1.8661925180763765, 15.974300644127922 -1.870671479022567, 15.965667509660902 -1.8751546896727191, 15.957036568291837 -1.8796421209529317, 15.94840780754881 -1.8841337438470833, 15.939781214942897 -1.8886295294538504, 15.931156777980487 -1.8931294489037842, 15.92253448415097 -1.8976334734444253, 15.913914320936524 -1.9021415743730563, 15.905296275808013 -1.9066537230662401, 15.896680336223177 -1.9111698909925314, 15.88806648963434 -1.9156900496591402, 15.879454723477505 -1.9202141706900648, 15.87084502518405 -1.9247422257425535, 15.86223738217199 -1.9292741865712395, 15.853631781850208 -1.93381002499728, 15.84502821162025 -1.9383497128962317, 15.836426658869714 -1.9428932222474684, 15.827827110982339 -1.9474405250591929, 15.819229555327734 -1.9519915934468453, 15.8106339792696 -1.956546399570354, 15.80204037016227 -1.9611049156621079, 15.793448715349221 -1.9656671140382331, 15.784859002169503 -1.970232967049527, 15.776271217948622 -1.9748024471532322, 15.76768535000825 -1.9793755268368731, 15.759101385659134 -1.9839521786754999, 15.750519312204315 -1.9885323753059778, 15.74193911694103 -1.9931160894127686, 15.733360787154895 -1.9977032937760295, 15.7247843101284 -2.002293961201556, 15.71620967313234 -2.0068880645910148, 15.707636863432342 -2.0114855768884508, 15.69906586828667 -2.0160864711003637, 15.690496674944294 -2.020690720312092, 15.681929270650764 -2.025298297638115, 15.673363642640421 -2.0299091762894483, 15.66479977814423 -2.034523329506084, 15.656237664384575 -2.0391407306033886, 15.647677288576944 -2.04376135295686, 15.639118637932507 -2.0483851699806204, 15.630561699652453 -2.0530121551775156, 15.62200646093542 -2.057642282073364, 15.613452908970796 -2.0622755242776725, 15.604901030943259 -2.0669118554428105, 15.596350814031982 -2.0715512492716592, 15.58780224540794 -2.076193679542698, 15.579255312239567 -2.080839120057943, 15.570710001686113 -2.085487544705441, 15.562166300903682 -2.0901389274027493, 15.55362419704189 -2.0947932421291138, 15.545083677244019 -2.0994504629239237, 15.536544728650323 -2.1041105638558926, 15.52800733839257 -2.1087735190755645, 15.519471493600285 -2.1134393027551535, 15.510937181395885 -2.118107889136817, 15.502404388897201 -2.1227792525075984, 15.493873103218224 -2.127453367192628, 15.485343311465654 -2.132130207589515, 15.476815000744274 -2.136809748115163, 15.468288158151562 -2.141491963260533, 15.459762770781856 -2.1461768275484543, 15.451238825724861 -2.1508643155490805, 15.442716310064375 -2.155554401892939, 15.434195210882116 -2.160247061231878, 15.425675515252722 -2.1649422682909987, 15.417157210248638 -2.16963999781781, 15.40864028293708 -2.1743402246150065, 15.400124720380742 -2.179042923532751, 15.391610509639817 -2.1837480694478857, 15.383097637768113 -2.188455637305174, 15.374586091817791 -2.1931656020667147, 15.366075858835437 -2.197877938754941, 15.357566925864342 -2.20259262242761, 15.349059279944704 -2.2073096281760334, 15.340552908111299 -2.212028931150832, 15.332047797397406 -2.216750506518717, 15.323543934830667 -2.221474329508611, 15.315041307436429 -2.226200375374663, 15.30653990223641 -2.2309286194113334, 15.298039706247916 -2.235659036962183, 15.289540706486644 -2.2403916033886615, 15.281042889962904 -2.245126294112775, 15.272546243685401 -2.249863084574554, 15.2640507546588 -2.254601950259761, 15.255556409884361 -2.259342866692746, 15.247063196361413 -2.264085809419766, 15.238571101084428 -2.268830754042619, 15.230080111046643 -2.2735776761771396, 15.221590213237048 -2.2783265514882216, 15.213101394642095 -2.2830773556696378, 15.204613642245937 -2.287830064441998, 15.196126943028553 -2.292584653574234, 15.187641283968809 -2.2973410988481064, 15.179156652041288 -2.3020993760952817, 15.170673034218783 -2.3068594611682065, 15.162190417471386 -2.3116213299508943, 15.153708788765782 -2.316384958367386, 15.145228135067471 -2.3211503223555203, 15.136748443337856 -2.3259173979013616, 15.128269700537082 -2.330686161005801, 15.11979189362231 -2.3354565877050075, 15.111315009548028 -2.3402286540667507, 15.10283903526735 -2.3450023361751318, 15.094363957729653 -2.3497776101583554, 15.085889763883383 -2.3545544521558783, 15.077416440673819 -2.3593328383445646, 15.068943975044254 -2.364112744925067, 15.06047235393633 -2.3688941481175982, 15.052001564288465 -2.373677024180696, 15.04353159303827 -2.378461349382636, 15.035062427120174 -2.383247100029447, 15.02659405346716 -2.38803425244431, 15.018126459010334 -2.3928227829730644, 15.009659630678106 -2.3976126679932945, 15.001193555398082 -2.4024038838924153, 14.992728220094817 -2.4071964070940806, 14.984263611691834 -2.41199021403404, 14.975799717110563 -2.4167852811730497, 14.967336523270333 -2.421581584996919, 14.958874017089528 -2.4263791020025214, 14.950412185483746 -2.431177808719715, 14.941951015367858 -2.4359776816871186, 14.9334904936545 -2.440778697469576, 14.925030607254739 -2.445580832650756, 14.916571343078518 -2.4503840638271486, 14.908112688033345 -2.4551883676236304, 14.899654629026106 -2.459993720672075, 14.891197152961507 -2.4648000996304793, 14.88274024674308 -2.4696074811703124, 14.87428389727313 -2.474415841977615, 14.865828091451966 -2.4792251587617353, 14.857372816179355 -2.484035408238444, 14.848918058352897 -2.4888465671481454, 14.840463804869422 -2.493658612240493, 14.832010042624388 -2.498471520280857, 14.823556758511668 -2.503285268052692, 14.815103939424564 -2.5080998323461086, 14.80665157225444 -2.5129151899731714, 14.798199643892113 -2.517731317752241, 14.789748141226983 -2.5225481925176987, 14.78129705114728 -2.5273657911171554, 14.772846360540582 -2.532184090405498, 14.764396056292815 -2.5370030672559594, 14.755946125289533 -2.5418226985462837, 14.747496554414868 -2.5466429611695314, 14.739047330552165 -2.5514638320278515, 14.730598440584044 -2.5562852880311784, 14.722149871391819 -2.561107306103762, 14.71370160985647 -2.565929863173442, 14.705253642857729 -2.570752936181699, 14.696805957274783 -2.575576502075845, 14.688358539986094 -2.580400537811021, 14.67991137786915 -2.585225020352688, 14.67146445780114 -2.590049926669474, 14.66301776665821 -2.594875233741156, 14.65457129131617 -2.5997009185510147, 14.64612501865014 -2.6045269580894845, 14.6376789355346 -2.6093533293537536, 14.629233028843725 -2.6141800093438614, 14.620787285450858 -2.619006975067832, 14.612341692229132 -2.6238342035357, 14.60389623605118 -2.6286616717632656, 14.595450903789283 -2.633489356770207, 14.587005682315484 -2.6383172355785622, 14.578560558501321 -2.6431452852152275, 14.570115519218243 -2.647973482708164, 14.561670551337338 -2.6528018050888336, 14.553225641729508 -2.657630229390364, 14.544780777265549 -2.662458732647184, 14.536335944816033 -2.667287291895643, 14.52789113125151 -2.672115884172408, 14.519446323442459 -2.6769444865149383, 14.511001508259323 -2.6817730759609386, 14.502556672572592 -2.6866016295476616, 14.494111803252808 -2.6914301243118843, 14.48566688717059 -2.696258537289767, 14.477221911196764 -2.701086845515401, 14.468776862202247 -2.7059150260222196, 14.460331727058273 -2.710743055840777, 14.451886492636305 -2.715570911999493, 14.443441145808043 -2.720398571524718, 14.434995673445727 -2.725226011438102, 14.426550062421743 -2.7300532087599496, 14.418104299609155 -2.7348801405047274, 14.40965837188137 -2.7397067836838644, 14.401212266112305 -2.744533115304539, 14.392765969176661 -2.7493591123672054, 14.384319467949409 -2.7541847518700853, 14.375872749306595 -2.7590100108024003, 14.367425800124654 -2.7638348661500283, 14.358978607280934 -2.768659294891644, 14.350531157653744 -2.773483273998032, 14.342083438121842 -2.7783067804362402, 14.333635435565414 -2.7831297911613304, 14.32518713686506 -2.787952283124934, 14.316738528902786 -2.7927742332679375, 14.308289598561675 -2.7975956185230872, 14.299840332725607 -2.802416415817019, 14.291390718280281 -2.8072366020623973, 14.2829407421119 -2.812056154168161, 14.274490391108609 -2.816875049028554, 14.266039652159563 -2.821693263530153, 14.257588512155223 -2.8265107745499747, 14.249136957988096 -2.831327558950026, 14.240684976551318 -2.836143593587586, 14.232232554740596 -2.8409588553015417, 14.22377967945257 -2.845773320924063, 14.215326337585827 -2.8505869672734163, 14.20687251604108 -2.855399771153062, 14.198418201720028 -2.8602117093595516, 14.189963381527434 -2.865022758668234, 14.181508042368943 -2.8698328958485213, 14.173052171152968 -2.8746420976510385, 14.164595754789925 -2.879450340812952, 14.156138780191817 -2.8842576020608726, 14.147681234274074 -2.889063858098893, 14.139223103953036 -2.893869085625083, 14.130764376148703 -2.898673261313918, 14.122305037782835 -2.9034763618284956, 14.113845075779675 -2.9082783638163794, 14.10538447706694 -2.9130792439029762, 14.096923228573578 -2.917878978706172, 14.088461317233016 -2.922677544816289, 14.079998729980172 -2.927474918814446, 14.071535453753526 -2.932271077260288, 14.063071475494898 -2.9370659966933226, 14.054606782147959 -2.9418596536420925, 14.046141360661437 -2.9466520246054406, 14.037675197985426 -2.951443086074253, 14.029208281074784 -2.9562328145118335, 14.020740596887332 -2.961021186364577, 14.012272132383782 -2.965808178062436, 14.00380287453005 -2.9705937660058357, 13.995332810293608 -2.975377926586733, 13.986861926647949 -2.980160636164273, 13.978390210569012 -2.984941871084363, 13.969917649037054 -2.989721607669579, 13.96144422903739 -2.994499822215497, 13.952969937557487 -2.9992764910062837, 13.944494761591713 -3.0040515902899383, 13.93601868813648 -3.0088250963040024, 13.927541704194178 -3.0135969852552407, 13.919063796771635 -3.0183672333277536, 13.910584952879116 -3.0231358166885127, 13.902105159534148 -3.0279027114681707, 13.893624403756268 -3.0326678937875533, 13.885142672572671 -3.037431339729993, 13.876659953014174 -3.042193025361287, 13.86817623211683 -3.0469529267222435, 13.85969149692371 -3.051711019820278, 13.851205734480493 -3.0564672806505877, 13.842718931841882 -3.0612216851664606, 13.834231076065409 -3.0659742093080267, 13.825742154216067 -3.070724828981617, 13.817252153364988 -3.0754735200656027, 13.808761060587418 -3.08022025842016, 13.800268862968187 -3.0849650198630276, 13.791775547594707 -3.0897077802005577, 13.783281101564087 -3.0944485151972407, 13.77478551197835 -3.0991872005962415, 13.766288765945946 -3.1039238121136328, 13.757790850584518 -3.108658325426576, 13.749291753014973 -3.113390716198804, 13.740791460369667 -3.1181209600468716, 13.732289959784739 -3.1228490325718656, 13.723787238405555 -3.1275749093375182, 13.715283283385435 -3.1322985658753426, 13.706778081882863 -3.1370199776969754, 13.698271621068638 -3.1417391202666853, 13.689763888116822 -3.146455969035765, 13.681254870213012 -3.1511704994078706, 13.672744554548789 -3.1558826867621734, 13.66423292832524 -3.160592506450322, 13.65571997875704 -3.1652999337846746, 13.64720569306106 -3.1700049440589244, 13.638690058459273 -3.174707512497546, 13.630173062177352 -3.1794076143063292, 13.621654691479725 -3.1841052246990773, 13.613134933662819 -3.1888003188958267, 13.604613775978406 -3.193492871999415, 13.596091205569966 -3.1981828588340355, 13.587567209625638 -3.202870254284263, 13.579041775800386 -3.2075550340140406, 13.570514891939196 -3.212237173998533, 13.561986544789354 -3.216916648138471, 13.553456719653145 -3.221593427604217, 13.544925403447403 -3.226267486510255, 13.536392589817494 -3.2309388112660726, 13.527858272582282 -3.23560738857318, 13.519322424945754 -3.240273167114672, 13.510785005269588 -3.2449360681997397, 13.502246014125081 -3.249596090783555, 13.49370553908647 -3.2542533938693223, 13.485163607729492 -3.2589080260731045, 13.476619796549215 -3.2635592061162892, 13.468073513824256 -3.2682058431288556, 13.459524421875635 -3.2728473106360387, 13.450972463844908 -3.2774834955150625, 13.44241760525974 -3.282114325811495, 13.433859836556733 -3.286739775880108, 13.425299152501976 -3.2913598281017618, 13.41673554196372 -3.295974453653657, 13.408168990333028 -3.300583617105411, 13.399599483963527 -3.3051872847049366, 13.39102701083296 -3.309785425543456, 13.382451558978145 -3.314378008759267, 13.373873116014792 -3.318965002484056, 13.365291669441485 -3.3235463745549825, 13.356707206905881 -3.3281220929128685, 13.348119716181905 -3.332692125586039, 13.339529185059453 -3.337256440533596, 13.330935601356014 -3.3418150055486713, 13.322338952903088 -3.3463677883886005, 13.313739227603481 -3.3509147567225797, 13.305136413392104 -3.3554558781793915, 13.296530498246888 -3.3599911203113506, 13.28792147019573 -3.364520450581972, 13.279309317290675 -3.3690438364161577, 13.270694027652892 -3.3735612451300288, 13.26207558942361 -3.3780726440081192, 13.253453990806573 -3.382578000236085, 13.244829220042938 -3.387077280940445, 13.236201265414673 -3.3915704531850186, 13.227570115266245 -3.396057483937626, 13.218935757964303 -3.4005383401325364, 13.210298181949756 -3.405012988592273, 13.201657375688152 -3.4094813961023975, 13.193013327706785 -3.4139435293576645, 13.184366026580506 -3.418399354982893, 13.17571546092141 -3.422848839549282, 13.16706161941389 -3.427291949524081, 13.158404490764454 -3.4317286513431684, 13.149744063757975 -3.4361589113322757, 13.141080327210402 -3.440582695773566, 13.13241326999794 -3.4449999708664625, 13.123742881054614 -3.449410702731008, 13.11506914934901 -3.4538148574407916, 13.106392063930924 -3.4582124009604875, 13.097711613873734 -3.46260329922346, 13.089027788332269 -3.4669875180563703, 13.080340576499804 -3.4713650232355846, 13.071649967628451 -3.4757357804621973, 13.062955951038195 -3.4800997553504915, 13.05425851608196 -3.484456913473488, 13.045557652201898 -3.4888072202928426, 13.036853348866396 -3.4931506412376963, 13.028145595627961 -3.4974871416347404, 13.01943438208523 -3.5018166867544696, 13.01071969789483 -3.5061392417984685, 13.002001532790807 -3.5104547718762933, 12.993279876539665 -3.5147632420597357, 12.984554719004409 -3.519064617308711, 12.975826050077748 -3.5233588625489713, 12.967093859739238 -3.5276459426081055, 12.958358138022156 -3.5319258222530365, 12.949618875017773 -3.5361984661868084, 12.940876060903703 -3.540463839017367, 12.932129685890509 -3.5447219053171115, 12.923379740292216 -3.5489726295474333, 12.914626214456254 -3.5532159761340942, 12.905869098820292 -3.557451909408565, 12.897108383882715 -3.5616803936389054, 12.888344060201034 -3.5659013930329886, 12.879576118427336 -3.5701148717025175, 12.870804549247996 -3.5743207937249952, 12.862029343459756 -3.578519123068687, 12.853250491896379 -3.58270982366542, 12.844467985486236 -3.5868928593559204, 12.835681815224506 -3.5910681939166356, 12.826891972168017 -3.595235791066264, 12.81809844747555 -3.599395614428064, 12.809301232342294 -3.603547627591932, 12.800500318080934 -3.6076917940408735, 12.791695696044304 -3.611828077221591, 12.782887357685595 -3.6159564404921083, 12.774075294529634 -3.620076847147193, 12.765259498167017 -3.6241892604251698, 12.756439960296778 -3.628293643471357, 12.747616672657134 -3.6323899593982043, 12.73878962711135 -3.6364781712141165, 12.729958815565205 -3.640558241892326, 12.72112423003225 -3.64463013431913, 12.712285862600943 -3.648693811320408, 12.70344370543151 -3.6527492356659104, 12.694597750797888 -3.6567963700364707, 12.685747991016868 -3.6608351770802283, 12.676894418538122 -3.6648656193447366, 12.668037025855448 -3.668887659344392, 12.65917580557959 -3.672901259507918, 12.650310750397646 -3.676906382208147, 12.641441853076694 -3.6809029897612366, 12.632569106501201 -3.6848910444001928, 12.623692503603447 -3.688870508325076, 12.614812037456332 -3.692841343639743, 12.605927701177873 -3.696803512417471, 12.597039488014053 -3.7007569766470283, 12.588147391286547 -3.704701698267233, 12.579251404407854 -3.7086376391590465, 12.570351520909337 -3.712564761127728, 12.56144773437713 -3.716483025944741, 12.55254003854484 -3.7203923952910687, 12.543628427192171 -3.724292830819811, 12.53471289423931 -3.7281842941011276, 12.525793433679357 -3.7320667466622095, 12.516870039610003 -3.7359401499708906, 12.50794270624645 -3.7398044654283344, 12.499011427868473 -3.743659654400388, 12.490076198908293 -3.74750567816986, 12.481137013846071 -3.751342497993985, 12.472193867315765 -3.755170075049695, 12.463246754019663 -3.7589883704783835, 12.454295668781416 -3.762797345360801, 12.445340606537428 -3.766596960721357, 12.4363815623023 -3.770387177547041, 12.427418531244827 -3.7741679567512274, 12.41845150858589 -3.777939259223132, 12.409480489712903 -3.7817010457761424, 12.400505470076112 -3.785453277195257, 12.391526445266539 -3.7891959142044533, 12.382543410979576 -3.7929289174824907, 12.373556363006994 -3.796652247668414, 12.364565297291842 -3.8003658653389802, 12.355570209837767 -3.8040697310470146, 12.346571096824688 -3.807763805276588, 12.337567954490927 -3.8114480484893627, 12.328560779236325 -3.815122421087466, 12.319549567553588 -3.8187868834388823, 12.310534316054737 -3.8224413958701593, 12.301515021494374 -3.826085918658337, 12.292491680702751 -3.8297204120556327, 12.283464290690084 -3.83334483625561, 12.27443284852458 -3.8369591514335313, 12.265397351455587 -3.8405633177094525, 12.25635779681231 -3.844157295179278, 12.24731418207015 -3.84774104389743, 12.238266504832474 -3.8513145238820456, 12.22921476280092 -3.8548776951253703, 12.220158953852536 -3.858430517573549, 12.211099075929303 -3.86197295115664, 12.20203512716882 -3.8655049557573933, 12.192967105777447 -3.869026491242274, 12.183895010136164 -3.8725375174391536, 12.17481883873463 -3.8760379941519574, 12.165738590190703 -3.8795278811589, 12.1566542632836 -3.883007138205892, 12.147565856875268 -3.8864757250237667, 12.138473370027073 -3.8899336013075443, 12.129376801865595 -3.893380726741171, 12.120276151717166 -3.8968170609768467, 12.111171418996431 -3.900242563652923, 12.102062603281132 -3.903657194385179, 12.09294970428754 -3.907060912770249, 12.083832721844326 -3.910453678391436, 12.074711655969534 -3.9138354508097235, 12.065586506755869 -3.9172061895784354, 12.056457274510542 -3.9205658542300243, 12.047323959614264 -3.923914404290233, 12.038186562645302 -3.9272517992696274, 12.029045084292804 -3.930577998670364, 12.019899525397273 -3.933892961986056, 12.0107498869648 -3.937196648700989, 12.001596170102514 -3.940489018295656, 11.992438376128591 -3.9437700302429826, 11.983276506434539 -3.9470396440141666, 11.974110562634564 -3.9502978190769817, 11.964940546428956 -3.9535445148982036, 11.955766459711343 -3.956779690945598, 11.946588304507818 -3.9600033066876854, 11.937406082986524 -3.9632153215965773, 11.928219797503727 -3.966415695149214, 11.919029450510168 -3.969604386826628, 11.90983504468371 -3.9727813561203544, 11.900636582778409 -3.9759465625262074, 11.89143406777582 -3.9790999655552013, 11.882227502756706 -3.982241524725235, 11.873016890991854 -3.98537119957083, 11.863802235902746 -3.9884889496397333, 11.854583541047262 -3.9915947344943685, 11.845360810188954 -3.9946885137194132, 11.836134047183357 -3.997770246911039, 11.826903256124998 -4.000839893696247, 11.817668441189198 -4.003897413713145, 11.80842960678284 -4.006942766634539, 11.799186757423065 -4.009975912149985, 11.789939897816332 -4.012996809981367, 11.78068903283344 -4.016005419878685, 11.77143416747988 -4.019001701617665, 11.762175306979504 -4.021985615015916, 11.752912456648648 -4.024957119910313, 11.743645622051709 -4.027916176190605, 11.734374808838322 -4.030862743765371, 11.72510002289458 -4.033796782598622, 11.715821270224344 -4.036718252682189, 11.706538557023448 -4.039627114057009, 11.697251889660528 -4.042523326808268, 11.687961274641124 -4.045406851059007, 11.678666718697132 -4.048277646995073, 11.669368228655616 -4.051135674830303, 11.660065811598786 -4.053980894854881, 11.65075947469725 -4.056813267386155, 11.641449225364553 -4.059632752819509, 11.632135071135137 -4.062439311589389, 11.622817019741811 -4.065232904198339, 11.61349507909301 -4.068013491209245, 11.60416925724017 -4.0707810332371475, 11.59483956246427 -4.073535490981038, 11.58550600314616 -4.076276825178181, 11.57616858792679 -4.079004996666833, 11.56682732553728 -4.081719966321078, 11.55748222495961 -4.084421695118123, 11.548133295295251 -4.087110144084589, 11.538780545854042 -4.08978527433754, 11.52942398611845 -4.092447047069052, 11.520063625723992 -4.095095423541093, 11.510699474533602 -4.097730365119672, 11.501331542517196 -4.100351833221811, 11.491959839906796 -4.102959789390632, 11.482584377025612 -4.105554195214134, 11.473205164456122 -4.108135012411261, 11.46382221289496 -4.110702202758998, 11.454435533260092 -4.113255728151472, 11.44504513663337 -4.11579555056965, 11.435651034263659 -4.1183216320869205, 11.426253237619129 -4.120833934898143, 11.416851758285377 -4.12333242126577, 11.407446608107517 -4.125817053602482, 11.398037799023731 -4.128287794376157, 11.388625343238473 -4.130744606215569, 11.379209253062463 -4.133187451814265, 11.36978954104241 -4.135616294014455, 11.360366219874948 -4.13803109575298, 11.35093930244134 -4.14043182008779, 11.341508801827509 -4.142818430211177, 11.332074731251447 -4.145190889405316, 11.32263710418167 -4.14754916112339, 11.313195934184716 -4.14989320888735, 11.30375123509611 -4.152222996410175, 11.294303020849659 -4.154538487475487, 11.284851305629262 -4.156839646051471, 11.275396103751072 -4.159126436204215, 11.265937429735953 -4.161398822156593, 11.256475298288459 -4.163656768272261, 11.247009724264416 -4.165900239034939, 11.237540722753307 -4.168129199114087, 11.228068308953034 -4.1703436132679315, 11.218592498325428 -4.172543446472272, 11.209113306425907 -4.1747286637813925, 11.199630749070128 -4.1768992304719585, 11.190144842187294 -4.179055111918216, 11.180655601931536 -4.181196273693562, 11.171163044614811 -4.183322681511303, 11.161667186723186 -4.18543430124429, 11.152168044951383 -4.187531098956734, 11.142665636119434 -4.189613040831408, 11.13315997729604 -4.191680093287156, 11.123651085645525 -4.1937322228356875, 11.11413897859425 -4.195769396246186, 11.104623673666445 -4.197791580385001, 11.095105188627928 -4.199798742364104, 11.085583541374518 -4.201790849428017, 11.076058750000122 -4.203767869029576, 11.06653083277571 -4.205729768807951, 11.056999808120079 -4.207676516562897, 11.047465694674614 -4.209608080336334, 11.037928511187589 -4.211524428289715, 11.028388276658207 -4.213425528866815, 11.018845010175967 -4.215311350614739, 11.00929873107988 -4.217181862370868, 10.999749458813762 -4.219037033095289, 10.990197213040407 -4.220876832011449, 10.98064201356499 -4.2227012285142855, 10.971083880365658 -4.224510192213867, 10.96152283360824 -4.226303692953853, 10.951958893585097 -4.228081700740218, 10.942392080814441 -4.229844185869395, 10.932822415908651 -4.231591118761914, 10.923249919723338 -4.233322470161796, 10.913674613202245 -4.235038210931803, 10.904096517520227 -4.23673831225257, 10.894515653962022 -4.238422745456478, 10.884932044008083 -4.240091482154303, 10.875345709287195 -4.241744494168008, 10.86575667157874 -4.243381753540959, 10.856164952851508 -4.245003232595269, 10.846570575183675 -4.246608903818924, 10.836973560873354 -4.248198740034742, 10.82737393230343 -4.249772714197526, 10.817771712085117 -4.251330799621778, 10.80816692291561 -4.252872969758956, 10.798559587701865 -4.25439919840261, 10.788949729461589 -4.255909459527547, 10.77933737138553 -4.257403727400791, 10.769722536811754 -4.258881976538342, 10.760105249209095 -4.26034418168475, 10.75048553222948 -4.26179031790494, 10.740863409619841 -4.263220360435218, 10.731238905333703 -4.264634284886523, 10.721612043401265 -4.266032067011809, 10.71198284806104 -4.2674136829557785, 10.702351343633643 -4.268779109018957, 10.692717554626347 -4.270128321866059, 10.683081505653286 -4.271461298370818, 10.673443221479658 -4.272778015712834, 10.663802727010413 -4.274078451354861, 10.654160047263254 -4.275362582996459, 10.644515207425748 -4.2766303886945325, 10.634868232767593 -4.277881846684375, 10.625219148745849 -4.279116935611008, 10.615567980885956 -4.280335634272197, 10.605914754898064 -4.281537921885931, 10.59625949656788 -4.28272377784364, 10.586602231843496 -4.283893181921514, 10.576942986771307 -4.285046114129198, 10.567281787527167 -4.2861825547959365, 10.557618660413473 -4.28730248456357, 10.547953631828296 -4.288405884319913, 10.53828672832067 -4.289492735341756, 10.528617976509423 -4.290563019092101, 10.518947403176814 -4.291616717473897, 10.509275035164334 -4.292653812553119, 10.499600899471663 -4.293674286841159, 10.48992502316487 -4.2946781230380475, 10.480247433446944 -4.295665304247707, 10.470568157606662 -4.296635813827766, 10.460887223040523 -4.297589635469177, 10.451204657253806 -4.298526753199762, 10.441520487830557 -4.299447151302687, 10.431834742482385 -4.3003508144757685, 10.422147448978187 -4.301237727610888, 10.412458635222688 -4.302107876065098, 10.402768329169556 -4.302961245367498, 10.393076558901688 -4.303797821514266, 10.383383352556942 -4.304617590702323, 10.37368873838326 -4.305420539549507, 10.363992744698805 -4.306206654942935, 10.354295399907027 -4.306975924115436, 10.344596732498925 -4.307728334655037, 10.334896771027038 -4.308463874414324, 10.325195544144714 -4.309182531680912, 10.31549308054962 -4.309884294943614, 10.305789409044671 -4.310569153176173, 10.296084558470426 -4.31123709553157, 10.286378557765584 -4.311888111647436, 10.276671435910696 -4.312522191371022, 10.26696322196813 -4.313139324984686, 10.257253945052764 -4.313739503051181, 10.247543634341424 -4.314322716489622, 10.237832319074883 -4.314888956587457, 10.228120028537562 -4.315438214904738, 10.21840679208556 -4.315970483451594, 10.208692639105669 -4.316485754444866, 10.198977599057164 -4.316984020599771, 10.189261701424844 -4.317465274815786, 10.17954497575879 -4.317929510489895, 10.169827451636763 -4.318376721234576, 10.160109158688735 -4.31880690110763, 10.150390126578156 -4.31922004445431, 10.14067038500611 -4.319616145983794, 10.130949963712526 -4.319995200781853, 10.121228892462375 -4.32035720421163, 10.111507201061565 -4.320702152094491, 10.101784919332562 -4.321030040462227, 10.09206207713617 -4.321340865854344, 10.082338704346116 -4.321634624997656, 10.072614830867284 -4.3219113151235415, 10.062890486617487 -4.322170933681999, 10.053165701536141 -4.32241347857362, 10.043440505576445 -4.3226389479902405, 10.033714928704217 -4.32284734049077, 10.023989000898258 -4.323038655014816, 10.014262752143331 -4.3232128907810266, 10.004536212433683 -4.323370047470402, 9.994809411765635 -4.323510124975381, 9.985082380138977 -4.323633123699963, 9.975355147553541 -4.323739044236068, 9.965627744005632 -4.323827887680062, 9.955900199489458 -4.323899655347585, 9.946172543989922 -4.323954349004304, 9.936444807485692 -4.323991970708595, 9.926717019942927 -4.324012522883594, 9.916989211314593 -4.324016008334073, 9.907261411540615 -4.324002430140746, 9.897533650538634 -4.3239717918461755, 9.887805958214047 -4.323924097201324, 9.87807836444074 -4.323859350465161, 9.868350899079848 -4.323777556083057, 9.858623591954558 -4.323678719000623, 9.848896472870868 -4.323562844382795, 9.839169571595107 -4.3234299378365755, 9.829442917867173 -4.323280005261376, 9.819716541390093 -4.323113052912699, 9.809990471827412 -4.3229290874265045, 9.800264738811432 -4.322728115706241, 9.790539371920561 -4.32251014511317, 9.78081440070725 -4.32227518321065, 9.771089854658042 -4.322023238062812, 9.761365763234194 -4.321754317916949, 9.751642155825715 -4.321468431508922, 9.741919061790234 -4.321165587793015, 9.732196510417003 -4.320845796149182, 9.722474530948384 -4.320509066248344, 9.712753152567398 -4.320155408101859, 9.703032404391045 -4.319784832099164, 9.693312315488715 -4.319397348883107, 9.68359291484449 -4.318992969547548, 9.673874231404149 -4.31857170537811, 9.664156294014264 -4.318133568147521, 9.654439131484073 -4.317678569806589, 9.644722772520515 -4.31720672277452, 9.6350072457826 -4.316718039687885, 9.625292579835163 -4.316212533587026, 9.615578803174925 -4.315690217803668, 9.605865944219998 -4.315151105986578, 9.596154031295493 -4.314595212159002, 9.58644309266531 -4.314022550577863, 9.57673315647704 -4.313433135941585, 9.567024250829347 -4.312826983127153, 9.557316403690272 -4.312204107480061, 9.547609642978719 -4.31156452451868, 9.53790399648368 -4.310908250202964, 9.528199491929719 -4.310235300710587, 9.518496156925789 -4.309545692592988, 9.508794018990171 -4.3088394426943815, 9.49909310554782 -4.308116568144766, 9.489393443902989 -4.307377086443322, 9.479695061288801 -4.306621015298369, 9.469997984791686 -4.305848372847382, 9.460302241440354 -4.305059177391621, 9.45060785810444 -4.304253447676051, 9.440914861592276 -4.303431202614389, 9.4312232785597 -4.302592461526861, 9.421533135579834 -4.301737243953455, 9.41184445909491 -4.300865569768035, 9.402157275431962 -4.299977459138218, 9.392471610815607 -4.299072932482304, 9.382787491320764 -4.298152010584398, 9.373104942945492 -4.297214714410064, 9.3634239915121 -4.296261065336719, 9.353744662777665 -4.295291084891377, 9.34406698231632 -4.294304795012631, 9.33439097562708 -4.293302217806643, 9.324716668040796 -4.292283375743125, 9.31504408478423 -4.291248291516371, 9.305373250945495 -4.290196988108861, 9.295704191470143 -4.289129488799257, 9.286036931198744 -4.288045817076961, 9.27637149479251 -4.286945996790564, 9.266707906833613 -4.285830051942455, 9.257046191702335 -4.284698006924267, 9.247386373705732 -4.283549886266401, 9.237728476951244 -4.282385714868711, 9.228072525453884 -4.281205517801293, 9.218418543053756 -4.280009320447376, 9.208766553461176 -4.278797148422275, 9.199116580248726 -4.277569027579062, 9.189468646816154 -4.276324984068884, 9.179822776461947 -4.275065044212154, 9.170178992276446 -4.273789234675747, 9.160537317270359 -4.272497582256219, 9.15089777423259 -4.271190114106445, 9.141260385867435 -4.269866857513939, 9.131625174672523 -4.268527840086816, 9.121992163029946 -4.267173089611996, 9.112361373150895 -4.265802634132451, 9.102732827086095 -4.264416501931524, 9.093106546758166 -4.263014721478246, 9.083482553884966 -4.26159732153803, 9.073860870090776 -4.260164331008078, 9.064241516767154 -4.258715779111064, 9.054624515222642 -4.25725169518398, 9.045009886534821 -4.255772108875961, 9.035397651677957 -4.254277049975068, 9.025787831425639 -4.252766548531433, 9.016180446405418 -4.251240634785718, 9.006575517089269 -4.24969933917528, 8.996973063753636 -4.248142692384519, 8.987373106563062 -4.2465707252351015, 8.977775665447384 -4.244983468835465, 8.968180760249243 -4.243380954398157, 8.958588410564705 -4.241763213425733, 8.94899863589497 -4.240130277531501, 8.939411455516346 -4.238482178585337, 8.92982688857278 -4.236818948607827, 8.920244954027762 -4.235140619818417, 8.910665670661077 -4.233447224638876, 8.901089057121526 -4.231738795630758, 8.89151513182714 -4.230015365601345, 8.881943913100768 -4.22827696745676, 8.872375419010515 -4.226523634365207, 8.862809667533805 -4.224755399587054, 8.853246676405664 -4.222972296623579, 8.843686463240129 -4.221174359095916, 8.83412904545038 -4.219361620818009, 8.824574440277564 -4.217534115768858, 8.815022664814727 -4.215691878064902, 8.80547373593071 -4.21383494203037, 8.795927670390107 -4.211963342083369, 8.786384484700383 -4.210077112872021, 8.776844195279502 -4.208176289123231, 8.767306818291784 -4.206260905782819, 8.75777236978896 -4.2043309978933046, 8.748240865607137 -4.202386600676714, 8.73871232142023 -4.200427749489955, 8.72918675274094 -4.198454479819424, 8.719664174864548 -4.196466827325961, 8.710144602974447 -4.194464827757388, 8.700628051997548 -4.192448517059823, 8.691114536771137 -4.190417931247303, 8.68160407187288 -4.188373106527084, 8.672096671773456 -4.186314079185546, 8.66259235071889 -4.18424088567038, 8.653091122800095 -4.182153562540529, 8.643593001938804 -4.180052146471241, 8.634098001844794 -4.1779366742834005, 8.62460613611144 -4.175807182875289, 8.615117418077377 -4.173663709313806, 8.605631860991652 -4.171506290723803, 8.596149477841712 -4.169334964396337, 8.586670281511289 -4.167149767687845, 8.577194284656343 -4.164950738093547, 8.56772149978164 -4.162737913200685, 8.55825193922046 -4.160511330696661, 8.548785615096865 -4.158271028391014, 8.539322539418112 -4.156017044158854, 8.529862723938304 -4.1537494160167086, 8.520406180323027 -4.151468182029315, 8.510952919977512 -4.149173380400407, 8.501502954204444 -4.146865049387994, 8.49205629408108 -4.14454322736496, 8.482612950533762 -4.142207952780973, 8.473172934321063 -4.139859264167217, 8.463736255992124 -4.1374972001565675, 8.454302925983306 -4.135121799434299, 8.444872954478772 -4.132733100802171, 8.435446351576282 -4.130331143100752, 8.426023127117597 -4.127915965282871, 8.416603290840774 -4.125487606346442, 8.407186852266333 -4.123046105379763, 8.397773820760357 -4.120591501535218, 8.388364205530735 -4.118123834027374, 8.378958015572643 -4.115643142154342, 8.369555259776472 -4.113149465253362, 8.36015594678112 -4.110642842754775, 8.350760085141488 -4.108123314119124, 8.341367683164494 -4.105590918893242, 8.331978749049126 -4.103045696661218, 8.322593290790548 -4.100487687073585, 8.313211316221912 -4.097916929833623, 8.303832833033239 -4.095333464688241, 8.294457848696009 -4.092737331450805, 8.285086370587615 -4.090128569961687, 8.275718405835802 -4.087507220131778, 8.266353961485278 -4.0848733218947775, 8.256993044345693 -4.082226915245763, 8.247635661110408 -4.079568040209992, 8.23828181828871 -4.076896736856882, 8.228931522216415 -4.0742130452974425, 8.219584779105654 -4.0715170056699135, 8.210241594943156 -4.068808658161916, 8.200901975632457 -4.066088042978079, 8.191565926833032 -4.063355200371308, 8.182233454118307 -4.060610170611084, 8.172904562846055 -4.057852994005082, 8.163579258244317 -4.0550837108838405, 8.154257545382606 -4.0523023616027585, 8.1449394291425 -4.04950898654667, 8.135624914303612 -4.046703626114503, 8.12631400541508 -4.043886320736559, 8.11700670695025 -4.0410571108526305, 8.107703023151187 -4.03821603692928, 8.098402958164163 -4.035363139443891, 8.08910651594668 -4.032498458891866, 8.079813700307994 -4.0296220357827055, 8.070524514928671 -4.026733910635675, 8.0612389632864 -4.0238341239853, 8.051957048776933 -4.020922716370992, 8.042678774566488 -4.017999728344811, 8.033404143745422 -4.015065200462517, 8.02413315919529 -4.01211917328719, 8.014865823684165 -4.009161687385787, 8.00560213982519 -4.006192783327613, 7.996342110061485 -4.003212501684529, 7.987085736738088 -4.000220883028105, 7.97783302198639 -3.9972179679288766, 7.968583967868086 -3.9942037969562794, 7.959338576228211 -3.9911784106743955, 7.950096848824403 -3.988141849644917, 7.940858787238593 -3.985094154421718, 7.9316243929145696 -3.9820353655524894, 7.922393667178949 -3.9789655235774575, 7.913166611167879 -3.975884669024593, 7.903943225944292 -3.9727928424160686, 7.894723512357786 -3.9696900842561123, 7.885507471186976 -3.9665764350426054, 7.876295103021615 -3.9634519352538082, 7.867086408340691 -3.9603166253564046, 7.8578813874886 -3.9571705458004596, 7.8486800406445525 -3.95401373701562, 7.839482367905591 -3.9508462394199504, 7.830288369167119 -3.9476680934026125, 7.82109804426146 -3.9444793393431645, 7.811911392826696 -3.94128001758948, 7.802728414411604 -3.9380701684747264, 7.793549108417017 -3.9348498323050176, 7.784373474102534 -3.9316190493606276, 7.775201510635287 -3.9283778599032, 7.766033216996621 -3.925126304156721, 7.7568685921070895 -3.921864422332122, 7.747707634694066 -3.918592254597352, 7.738550343411228 -3.9153098411037517, 7.729396716755818 -3.9120172219647493, 7.720246753104661 -3.9087144372645697, 7.71110045073308 -3.905401527060874, 7.701957807747502 -3.9020785313670316, 7.6928188221928115 -3.8987454901793783, 7.683683491926444 -3.895402443441355, 7.674551814742777 -3.8920494310783287, 7.665423788275914 -3.888686492967235, 7.656299410056612 -3.8853136689537364, 7.647178677507644 -3.8819309988487363, 7.6380615878989095 -3.87853852241388, 7.628948138436956 -3.875136279389366, 7.6198383261494165 -3.871724309454146, 7.610732148007846 -3.868302652267628, 7.601629600823583 -3.8648713474311407, 7.592530681318017 -3.8614304345133457, 7.5834353861010815 -3.8579799530402608, 7.574343711643914 -3.854519942484779, 7.565255654352918 -3.8510504422938827, 7.556171210465175 -3.8475714918462973, 7.547090376166391 -3.8440831304996466, 7.538013147485095 -3.840585397544986, 7.528939520369972 -3.837078332239479, 7.51986949065778 -3.8335619737906006, 7.510803054058124 -3.830036361349369, 7.501740206215791 -3.8265015340368227, 7.4926809426157 -3.8229575308997212, 7.483625258694896 -3.8194043909621556, 7.474573149738366 -3.815842153174412, 7.465524610958644 -3.8122708564515295, 7.456479637458538 -3.808690539653009, 7.44743822422288 -3.8051012415786323, 7.4384003661731946 -3.801503000994933, 7.429366058079851 -3.7978958565887684, 7.420335294668275 -3.7942798470228767, 7.411308070518413 -3.790655010880246, 7.402284380142887 -3.7870213867068676, 7.393264217949121 -3.7833790129888487, 7.384247578233382 -3.779727928149002, 7.3752344552317775 -3.7760681705747214, 7.366224843036991 -3.772399778568686, 7.35721873569942 -3.7687227904081833, 7.348216127131622 -3.7650372442861295, 7.339217011182042 -3.7613431783561126, 7.33022138160043 -3.7576406307091905, 7.321229232030117 -3.7539296393689767, 7.312240556058821 -3.750210242322753, 7.30325534713767 -3.7464824774682772, 7.29427359867789 -3.742746382676781, 7.285295303961406 -3.739001995731924, 7.276320456207548 -3.735249354374906, 7.267349048545123 -3.731488496283626, 7.258381073999464 -3.7277194590636276, 7.249416525545901 -3.723942280284501, 7.240455396029379 -3.7201569974217645, 7.231497678256861 -3.716363647923219, 7.222543364915456 -3.7125622691475146, 7.213592448629639 -3.7087528984066678, 7.2046449219428625 -3.7049355729506135, 7.195700777296684 -3.7011103299512014, 7.186760007088806 -3.6972772065458326, 7.177822603592596 -3.693436239773807, 7.168888559044561 -3.689587466645097, 7.159957865571795 -3.6857309240808473, 7.151030515237251 -3.6818666489501073, 7.142106500033374 -3.6779946780630803, 7.133185811851401 -3.6741150481454747, 7.124268442544772 -3.6702277958907583, 7.115354383849098 -3.666332957891302, 7.106443627463014 -3.66243057070757, 7.097536164987277 -3.6585206708137625, 7.088631987955725 -3.6546032946250766, 7.079731087842759 -3.650678478502968, 7.0708334560219575 -3.6467462587176485, 7.061939083834328 -3.6428066715093275, 7.0530479625107105 -3.6388597530159146, 7.044160083243209 -3.6349055393392242, 7.035275437138694 -3.630944066499885, 7.026394015233313 -3.6269753704511545, 7.017515808514877 -3.622999487099136, 7.00864080787117 -3.6190164522522505, 6.999769004161063 -3.615026301690291, 6.990900388142631 -3.6110290710921644, 6.982034950531576 -3.607024796094308, 6.973172681971919 -3.603013512259649, 6.964313573032679 -3.5989952550742164, 6.955457614244829 -3.594970059984173, 6.946604796041412 -3.5909379623328603, 6.937755108828023 -3.5868989974345378, 6.92890854292072 -3.582853200507229, 6.920065088587885 -3.5788006067176745, 6.911224736040137 -3.5747412511690952, 6.9023874754091326 -3.5706751688778553, 6.89355329679692 -3.5666023948271532, 6.884722190212045 -3.562522963894981, 6.875894145634328 -3.5584369109268623, 6.8670691529671295 -3.554344270680345, 6.858247202059633 -3.550245077850639, 6.849428282716749 -3.5461393670809036, 6.840612384661833 -3.5420271729183725, 6.831799497594053 -3.537908529881449, 6.822989611126776 -3.5337834723854, 6.814182714840353 -3.529652034805734, 6.805378798253082 -3.5255142514417575, 6.796577850822322 -3.52137015651794, 6.787779861973021 -3.5172197842182196, 6.778984821048444 -3.5130631686242153, 6.77019271736947 -3.5089003437892496, 6.76140354018212 -3.5047313436706813, 6.752617278692685 -3.5005562021749066, 6.743833922060154 -3.4963749531465167, 6.735053459376819 -3.49218763034295, 6.726275879711365 -3.487994267490293, 6.717501172054536 -3.4837948982106783, 6.708729325372493 -3.479589556093345, 6.699960328569934 -3.4753782746439144, 6.691194170503896 -3.471161087303163, 6.682430839997736 -3.4669380274651638, 6.673670325804923 -3.4627091284270244, 6.664912616659638 -3.4584744234588136, 6.656157701226451 -3.4542339457321214, 6.647405568139392 -3.449987728375304, 6.638656205985744 -3.4457358044493, 6.629909603297679 -3.441478206935602, 6.621165748584391 -3.437214968782011, 6.612424630286034 -3.432946122834896, 6.6036862368229965 -3.4286717019114534, 6.594950556558085 -3.4243917387426857, 6.5862175778154395 -3.420106266001708, 6.577487288886567 -3.415815316311909, 6.568759678002892 -3.411518922205083, 6.560034733378697 -3.407217116186605, 6.551312443165487 -3.402909930664398, 6.542592795489867 -3.3985973980077073, 6.533875778434963 -3.394279550517068, 6.525161380037095 -3.3899564204190638, 6.516449588311289 -3.3856280399061047, 6.507740391211783 -3.3812944410728685, 6.499033776676056 -3.376955655986957, 6.4903297325897 -3.3726117166310976, 6.4816282468053625 -3.3682626549341226, 6.472929307146107 -3.3639085027756552, 6.464232901382469 -3.3595492919479284, 6.455539017269923 -3.35518505421786, 6.4468476425083425 -3.3508158212583066, 6.438158764776042 -3.346441624705616, 6.429472371712864 -3.342062496129988, 6.420788450917455 -3.337678467030776, 6.412106989969906 -3.3332895688749686, 6.403427976396657 -3.3288958330358134, 6.394751397709411 -3.324497290860687, 6.386077241374562 -3.320093973616548, 6.377405494828957 -3.3156859125178815, 6.3687361454842035 -3.3112731387336924, 6.360069180705083 -3.306855683348561, 6.351404587843421 -3.3024335774234923, 6.342742354202527 -3.298006851930689, 6.334082467065895 -3.2935755378060554, 6.32542491368455 -3.289139665925164, 6.3167696812719845 -3.2846992670938397, 6.308116757026435 -3.280254372089237, 6.299466128098723 -3.275805011599135, 6.2908177816261475 -3.2713512162858027, 6.282171704707657 -3.2668930167383787, 6.273527884414349 -3.2624304434929177, 6.264886307797105 -3.2579635270461442, 6.2562469618645284 -3.2534922978124654, 6.24760983361411 -3.249016786184566, 6.238974910001796 -3.244537022473556, 6.230342177964252 -3.240053036952677, 6.221711624412081 -3.235564859843262, 6.213083236220806 -3.2310725212967553, 6.204457000253941 -3.2265760514404724, 6.195832903333402 -3.2220754803178178, 6.187210932268 -3.2175708379457233, 6.178591073835381 -3.2130621542774866, 6.169973314786098 -3.2085494592110626, 6.1613576418553935 -3.2040327826127983, 6.152744041740034 -3.199512154269519, 6.144132501126861 -3.194987603947454, 6.135523006668182 -3.1904591613406215, 6.126915544996658 -3.1859268561019705, 6.118310102725213 -3.1813907178427137, 6.109706666433586 -3.1768507761039104, 6.1011052226921025 -3.172307060406575, 6.092505758035369 -3.1677596001954003, 6.083908258984362 -3.163208424885929, 6.075312712035952 -3.1586535638416646, 6.066719103660109 -3.1540950463680284, 6.058127420315792 -3.1495329017464764, 6.049537648427463 -3.1449671591832558, 6.040949774409889 -3.1403978478634595, 6.032363784650314 -3.1358249969116065, 6.023779665515407 -3.131248635406949, 6.015197403357819 -3.126668792397655, 6.006616984499031 -3.1220854968627063, 5.998038395252599 -3.117498777763433, 5.98946162190255 -3.1129086639951087, 5.980886650717965 -3.1083151844195576, 5.972313467950445 -3.1037183678592037, 5.963742059824961 -3.099118243076454, 5.955172412558518 -3.0945148388156714, 5.9466045123382685 -3.0899081837534155, 5.938038345340793 -3.085298306542253, 5.929473897721972 -3.080685235787544, 5.920911155616077 -3.076069000045384, 5.912350105147941 -3.0714496278502894, 5.903790732413836 -3.0668271476714546, 5.8952330235022785 -3.06220158796028, 5.886676964478765 -3.0575729771146563, 5.878122541392196 -3.052941343493911, 5.869569740279693 -3.0483067154301215, 5.861018547152649 -3.0436691211958458, 5.852468948015967 -3.039028589048602, 5.843920928850069 -3.0343851471889733, 5.835374475623077 -3.0297388237889242, 5.826829574288709 -3.025089646986873, 5.818286210778578 -3.020437644869726, 5.809744371017797 -3.015782845509242, 5.801204040906802 -3.0111252769195738, 5.7926652063371495 -3.006464967094162, 5.784127853183575 -3.001801943987163, 5.775591967302629 -2.9971362355102715, 5.767057534543344 -2.9924678695576485, 5.758524540731088 -2.9877968739682053, 5.749992971684655 -2.9831232765655407, 5.741462813204132 -2.9784471051296353, 5.732934051075276 -2.9737683874070875, 5.724406671074623 -2.969087151123058, 5.715880658957095 -2.964403423952481, 5.707356000472224 -2.959717233557775, 5.698832681349659 -2.955028607555343, 5.690310687308203 -2.950337573536466, 5.681790004055466 -2.945644159066642, 5.673270617280134 -2.9409483916677983, 5.664752512665731 -2.9362502988500085, 5.656235675875558 -2.931549908077079, 5.647720092564918 -2.9268472467945235, 5.63920574837602 -2.922142342418136, 5.630692628935132 -2.9174352223275726, 5.622180719862832 -2.9127259138896227, 5.613670006759992 -2.908014444426709, 5.605160475221585 -2.9033008412479795, 5.596652110827806 -2.8985851316300844, 5.588144899145876 -2.893867342821143, 5.5796388257361915 -2.8891475020541972, 5.5711338761408395 -2.8844256365218075, 5.562630035897255 -2.87970177340631, 5.554127290527081 -2.874975939855857, 5.545625625541901 -2.870248162996828, 5.537125026445003 -2.8655184699379834, 5.528625478723173 -2.860786887753078, 5.5201269678590315 -2.8560534435070926, 5.511629479318831 -2.851318164230942, 5.50313299856121 -2.846581076939687, 5.494637511034994 -2.8418422086284134, 5.486143002174738 -2.837101586263162, 5.477649457410703 -2.832359236801383, 5.46915686215683 -2.827615187168125, 5.460665201821386 -2.8228694642771974, 5.452174461801443 -2.818122095020804, 5.443684627482156 -2.8133731062681537, 5.435195684243748 -2.8086225248791945, 5.426707617450777 -2.803870377684603, 5.418220412463484 -2.7991166915070274, 5.409734054629802 -2.7943614931469227, 5.401248529288059 -2.7896048093874164, 5.392763821770637 -2.784846667001319, 5.384279917395481 -2.7800870927364185, 5.375796801476943 -2.7753261133343963, 5.367314459316344 -2.7705637555153384, 5.358832876207513 -2.765800045986937, 5.35035203743715 -2.7610350114456637, 5.341871928279089 -2.7562686785677553, 5.333392534003802 -2.751501074024327, 5.32491383986842 -2.746732224466647, 5.316435831124397 -2.741962156537559, 5.307958493014838 -2.7371908968683782, 5.299481810771737 -2.7324184720750813, 5.291005769623484 -2.727644908768935, 5.282530354785254 -2.7228702335442154, 5.274055551467942 -2.7180944729897387, 5.265581344873107 -2.713317653683122, 5.25710772019314 -2.7085398021909883, 5.248634662616221 -2.7037609450754276, 5.240162157317937 -2.698981108885137, 5.231690189470547 -2.6942003201653577, 5.223218744236076 -2.6894186054516247, 5.214747806769147 -2.6846359912724567, 5.2062773622192955 -2.6798525041521843, 5.197807395724525 -2.675068170605701, 5.189337892419993 -2.6702830171457306, 5.18086883743008 -2.6654970702776337, 5.172400215873406 -2.660710356502846, 5.163932012862513 -2.655922902319514, 5.155464213499733 -2.651134734220264, 5.146996802884614 -2.646345878696494, 5.138529766105741 -2.6415563622353315, 5.130063088247338 -2.6367662113222416, 5.121596754386563 -2.631975452441061, 5.1131307495918294 -2.627184112073614, 5.104665058928491 -2.622392216701445, 5.096199667451127 -2.6175997928054158, 5.087734560211025 -2.6128068668662596, 5.079269722251532 -2.6080134653656035, 5.0708051386087885 -2.6032196147858926, 5.0623407943152765 -2.598425341610616, 5.0538766743933 -2.593630672326297, 5.045412763862554 -2.5888356334203793, 5.036949047734131 -2.584040251384526, 5.0284855110134075 -2.579244552713213, 5.0200221387012895 -2.5744485639040295, 5.011558915789402 -2.569652311461081, 5.003095827267046 -2.564855821890326, 4.994632858114566 -2.5600591217058497, 4.986169993307935 -2.555262237425708, 4.977707217817819 -2.5504651955739757, 4.969244516606814 -2.5456680226838744, 4.960781874635156 -2.540870745291701, 4.952319276853998 -2.536073389946198, 4.9438567082112135 -2.5312759832006457, 4.935394153648529 -2.5264785516182733, 4.9269315981008885 -2.521681121773275, 4.9184690265005155 -2.51688372024485, 4.910006423770849 -2.5120863736286885, 4.9015437748328505 -2.5072891085252444, 4.893081064600631 -2.502491951549693, 4.88461827798284 -2.49769492932894, 4.876155399884808 -2.492898068497929, 4.867692415203744 -2.48810139571139, 4.859229308834821 -2.483304937629227, 4.850766065665877 -2.478508720931401, 4.8423026705805565 -2.47371277230939, 4.833839108458439 -2.468917118467027, 4.825375364171922 -2.4641217861300926, 4.816911422591482 -2.4593268020306227, 4.8084472685800685 -2.4545321929261568, 4.799982886997513 -2.4497379855848194, 4.791518262698848 -2.444944206792692, 4.783053380533036 -2.4401508833585837, 4.774588225346924 -2.4353580420998275, 4.766122781979972 -2.430565709864155, 4.757657035269361 -2.4257739135087673, 4.749190970046826 -2.420982679915465, 4.7407245711392125 -2.416192035988072, 4.7322578233708175 -2.4114020086429377, 4.723790711559069 -2.40661262483029, 4.715323220519634 -2.401823911509287, 4.706855335062272 -2.397035895670871, 4.698387039993022 -2.392248604326005, 4.689918320114772 -2.3874620645041134, 4.681449160224342 -2.382676303270114, 4.672979545116984 -2.3778913476985966, 4.664509459581851 -2.373107224902982, 4.6560388884054085 -2.3683239620138905, 4.647567816370341 -2.3635415861881026, 4.6390962282542825 -2.358760124617373, 4.630624108833193 -2.353979604505822, 4.622151442877083 -2.3492000531023267, 4.613678215154068 -2.3444214976701514, 4.605204410427962 -2.3396439655077303, 4.596730013458619 -2.33486748394582, 4.5882550090038805 -2.3300920803329177, 4.579779381816152 -2.3253177820658286, 4.571303116646432 -2.3205446165541557, 4.562826198241097 -2.315772611252126, 4.554348611343624 -2.3110017936419367, 4.54587034069502 -2.3062321912317305, 4.53739137103165 -2.3014638315784395, 4.5289116870886605 -2.296696742252494, 4.520431273596542 -2.291930950877687, 4.511950115283798 -2.287166485100637, 4.503468196876026 -2.2824033726044615, 4.494985503095141 -2.2776416411183944, 4.486502018661773 -2.272881318389088, 4.478017728292184 -2.268122432223047, 4.469532616701329 -2.263365010445112, 4.4610466686010115 -2.2586090809284474, 4.452559868700402 -2.253854671586727, 4.444072201707131 -2.249101810359057, 4.435583652325045 -2.244350525246906, 4.427094205257044 -2.239600844268144, 4.418603845202799 -2.2348527955008417, 4.410112556860204 -2.2301064070562613, 4.401620324925369 -2.2253617070828247, 4.393127134091519 -2.2206187237890735, 4.38463296905107 -2.215877485401951, 4.376137814493474 -2.211138020218281, 4.367641655107106 -2.2064003565605868, 4.359144475578431 -2.20166452280291, 4.350646260591924 -2.19693054737297, 4.342146994831229 -2.1921984587241505, 4.333646662977603 -2.1874682853847185, 4.325145249711675 -2.182740055903628, 4.316642739712278 -2.17801379889633, 4.308139117657064 -2.173289543022319, 4.299634368222835 -2.1685673169796043, 4.291128476084769 -2.1638471495396794, 4.282621425917655 -2.1591290694947083, 4.274113202394898 -2.154413105716262, 4.265603790189335 -2.1496992871093927, 4.257093173973097 -2.144987642634592, 4.248581338417475 -2.1402782013183606, 4.24006826819352 -2.1355709922145745, 4.231553947971576 -2.13086604446397, 4.2230383624218 -2.126163387232702, 4.214521496214063 -2.1214630497607185, 4.2060033340180265 -2.1167650613418134, 4.197483860503389 -2.112069451311487, 4.188963060339935 -2.10737624909096, 4.180440918197533 -2.10268548412518, 4.17191741874656 -2.09799718594871, 4.163392546657623 -2.0933113841361175, 4.154866286601814 -2.0886281083238707, 4.146338623250825 -2.083947388225079, 4.137809541276742 -2.079269253583749, 4.129279025352984 -2.074593734242587, 4.120747060153391 -2.069920860073701, 4.112213630353253 -2.0652506610328563, 4.1036787206289125 -2.0605831671368424, 4.09514231565774 -2.0559184084504825, 4.086604400119181 -2.0512564151351227, 4.0780649586933215 -2.046597217379438, 4.069523976062863 -2.0419408454741546, 4.06098143691163 -2.037287329753913, 4.052437325925582 -2.0326367006254733, 4.043891627793156 -2.0279889885793314, 4.035344327204006 -2.023344224143008, 4.026795408851509 -2.018702437954591, 4.0182448574301395 -2.014063660684096, 4.00969265763804 -2.0094279230989955, 4.001138794175758 -2.0047952560306803, 3.9925832517463027 -2.0001656903697094, 3.9840260150570352 -1.9955392571112005, 3.9754670688167244 -1.9909159872822069, 3.966906397739419 -1.9862959120256949, 3.9583439865411814 -1.9816790625285072, 3.949779819942566 -1.977065470067507, 3.9412138826684906 -1.9724551660070828, 3.9326461594462248 -1.9678481817562472, 3.9240766350089387 -1.963244548835619, 3.915505294091801 -1.958644298801648, 3.9069321214386385 -1.9540474633581981, 3.898357101797717 -1.949454074284726, 3.8897802199173417 -1.9448641633613042, 3.881201460545817 -1.9402777623680056, 4.4233031933067855 -1.005490642851466))