POLYGON ((-6.504256596261622e-8 0.8999999999999977, 0.0238834841559705 0.8977037019475128, 0.0477471152221109 0.8953171437611098, 0.0715905411702085 0.8928404593683503, 0.0954133533151945 0.8902737925612694, 0.1192151701189492 0.8876172964196601, 0.1429956125691098 0.8848711333711007, 0.1667543076422948 0.8820354750395377, 0.1904908884152836 0.8791105021193129, 0.214204994145296 0.8760964042469257, 0.2378962705447118 0.8729933798617646, 0.2615643699337788 0.869801636064974, 0.2852089497587406 0.866521388558339, 0.3088296752015505 0.8631528613917435, 0.33242621973959 0.8596962867664395, 0.35599826422307 0.8561519049191904, 0.3795454970379365 0.852519963954995, 0.4030676142608379 0.8488007196757903, 0.4265643198058493 0.8449944354054261, 0.4500353255629511 0.8411013818111872, 0.4734803515280737 0.8371218367221623, 0.4968991259244873 0.8330560849447631, 0.5202913853156461 0.8289044180756713, 0.5436568736325311 0.8246671344187705, 0.5669953432526879 0.8203445387154555, 0.5903065564682194 0.8159369418055876, 0.6135902842792971 0.8114446605489013, 0.6368463064607313 0.8068680176298084, 0.6600744116213958 0.8022073413612865, 0.6832743972547756 0.7974629654883066, 0.7064460697807565 0.792635228991089, 0.7295892445787155 0.7877244758884575, 0.7527037460118601 0.7827310550416025, 0.7757894074431146 0.777655319958485, 0.7988460712268136 0.7724976286014489, 0.8218735877185671 0.7672583433414828, 0.8448718167678216 0.7619378305569817, 0.8678406278512393 0.7565364604093434, 0.8907798993991335 0.7510546067458058, 0.913689518762441 0.7454926469132164, 0.9365693821718135 0.7398509615742233, 0.9594193946896485 0.734129934525994, 0.9822394701547628 0.7283299525217494, 1.0050295311201987 0.7224514050952403, 1.027789508784383 0.7164946843883556, 1.05051934291556 0.7104601849820745, 1.0732189817702775 0.7043483037308224, 1.0958883820019554 0.6981594396012022, 1.1185275080169355 0.6918939936250168, 1.1411363326542996 0.6855523685954746, 1.1637148372884591 0.6791349688687628, 1.1862630112844743 0.6726422003022473, 1.2087808518836691 0.666074470112443, 1.231268364084802 0.6594321867372248, 1.2537255605207738 0.6527157597024105, 1.2761524613314552 0.6459255994927087, 1.298549094032809 0.6390621174270958, 1.3209154933823972 0.6321257255387026, 1.343251701241655 0.6251168364592103, 1.3655577664353102 0.6180358633077552, 1.387833744607848 0.6108832195844288, 1.4100796980776675 0.6036593190682886, 1.4322956956889303 0.5963645757199314, 1.4544818125713774 0.5889994036120623, 1.4766381299099387 0.581564216863572, 1.4987647352537372 0.5740594294347833, 1.5208617220859035 0.5664854551173433, 1.5429291896452544 0.5588427074650386, 1.5649672427696126 0.5511315997231931, 1.5869759917383393 0.5433525447624032, 1.6089555521145453 0.5355059550164804, 1.6309060445868409 0.5275922424246294, 1.6528275948112714 0.5196118183776688, 1.674720333253062 0.5115650936683673, 1.69658439502907 0.503452478445622, 1.7184199197502232 0.49527438217264, 1.740227051364882 0.487031213588827, 1.762005938002994 0.4787233806753631, 1.7837567318210183 0.4703512906244326, 1.8054795888480182 0.4619153498119339, 1.827174668832969 0.4534159637735968, 1.8488421350933768 0.4448535371844189, 1.8704821543654377 0.4362284738412902, 1.8920948966556002 0.4275411766487744, 1.9136805350913768 0.4187920476087189, 1.9352392457491954 0.4099814878212383, 1.9567712075756005 0.4011098974576084, 1.9782766022232305 0.3921776757647988, 1.9997556138988943 0.3831852210695379, 2.0212084292269714 0.3741329307804566, 2.042635237114763 0.3650212013926794, 2.0640362286204077 0.3558504284945775, 2.0854115968228997 0.3466210067767586, 2.106761536694432 0.3373333300431229, 2.1280862449754796 0.3279877912237684, 2.1493859200519707 0.3185847823898751, 2.1706607618351295 0.3091246947702854, 2.191910971643904 0.2996079187697178, 2.2131367520896994 0.290034843988631, 2.234338306964125 0.280405859244391, 2.2555158411287772 0.2707213525940198, 2.2766695604079956 0.260981711358086, 2.2977996714843982 0.2511873221457226, 2.318906381796182 0.241338570881084, 2.339989899438319 0.2314358428303239, 2.3610504330652438 0.2214795226299547, 2.382088191796601 0.2114699943158862, 2.4031033851258803 0.20140764135313, 2.42409622283098 0.1912928466664787, 2.4450669148878896 0.1811259926715835, 2.466015671386782 0.1709074613066668, 2.4869427024503183 0.1606376340648448, 2.507848218155131 0.1503168920266045, 2.5287324284550534 0.1399456158929534, 2.549595543107366 0.1295241860186251, 2.5704377716011964 0.1190529824456502, 2.591259323088262 0.1085323849371296, 2.6120604063164166 0.0979627730109459, 2.6328412295648467 0.0873445259738521, 2.653602000582217 0.0766780229552926, 2.6743429265266223 0.0659636429414057, 2.695064213908109 0.0552017648088016, 2.7157660685330547 0.0443927673583726, 2.736448695450965 0.0335370293488302, 2.7571122989031727 0.0226349295301298, 2.7777570822739137 0.0116868466765305, 2.7983832480429345 0.0006931596196065, 2.8189909977405785 -0.0103457527192713, 2.8395805319045677 -0.0214295112966768, 2.8601520500385846 -0.0325577369151872, 2.880705750573113 -0.0437300501920239, 2.901241830827632 -0.0549460715279004, 2.9217604869747147 -0.0662054210763748, 2.9422619140062984 -0.0775077187138864, 2.9627463057007204 -0.0888525840098384, 2.9832138545924716 -0.1002396361977142, 3.0036647519427153 -0.1116684941463128, 3.024099187711661 -0.1231387763316848, 3.0445173505327205 -0.1346501008097545, 3.0649194276876224 -0.1462020851892656, 3.085305605083435 -0.1577943466055639, 3.105676067230554 -0.1694265016947537, 3.1260309972225397 -0.1810981665687333, 3.1463705767167465 -0.1928089567905861, 3.1666949859167106 -0.2045584873508457, 3.1870044035552128 -0.2163463726441312, 3.20729900687933 -0.2281722264468202, 3.227578971635707 -0.2400356618949077, 3.24784447205771 -0.2519362914629002, 3.2680956808533477 -0.2638737269432235, 3.2883327691941733 -0.2758475794262523, 3.3085559067053887 -0.2878574592811076, 3.328765261441592 -0.2999029761290485, 3.348960999876594 -0.3119837388242934, 3.3691432869420685 -0.3240993554608928, 3.3893122859938374 -0.336249433341848, 3.4094681588055717 -0.3484335789627554, 3.4296110655643277 -0.3606513979966514, 3.4497411648666225 -0.3729024952793982, 3.469858613715383 -0.3851864747957904, 3.4899635675178677 -0.3975029396664554, 3.510056180083625 -0.4098514921350558, 3.5301366036240047 -0.4222317335566155, 3.5502049887515645 -0.4346432643860985, 3.5702614844803437 -0.4470856841677565, 3.5903062382271695 -0.4595585915253584, 3.610339395812528 -0.4720615841525153, 3.630361101463163 -0.4845942588042618, 3.650371497814224 -0.497156211288748, 3.670370725912357 -0.50974703645978, 3.690358925219442 -0.5223663282100652, 3.7103362336162338 -0.5350136794647674, 3.730302787406927 -0.5476886821759137, 3.7502587213239207 -0.5603909273172929, 3.7702041685329335 -0.5731200048798941, 3.79013926063865 -0.5858755038680213, 3.8100641276466463 -0.5986570122708413, 3.8299788980053147 -0.6114641170796284, 3.849883698672513 -0.6242964043199015, 3.8697786550709985 -0.6371534590205503, 3.889663891095414 -0.6500348652125617, 3.9095395291197352 -0.6629402059283964, 3.929405690005042 -0.6758690632019179, 3.9492624931069695 -0.6888210180685153, 3.9691100562845096 -0.7017956505663853, 3.9889484959075654 -0.714792539737465, 4.008777926866032 -0.7278112636296202, 4.028598462578242 -0.7408513992988566, 4.04841021499971 -0.753912522812051, 4.068213294632427 -0.7669942092504078, 4.088007810533771 -0.7800960327130343, 4.107793870325834 -0.7932175663211467, 4.127571580204984 -0.8063583822227813, 4.147341044951034 -0.8195180515976277, 4.167102367878361 -0.8326961446276934, 4.1868556509162085 -0.8458922305449357, 4.206600994657134 -0.8591058776607328, 4.226338498316736 -0.8723366533428738, 4.2460682597435415 -0.8855841240226152, 4.265790375428872 -0.8988478552020958, 4.285504940516958 -0.9121274114622362, 4.3052120488152115 -0.9254223564710847, 4.324911792803803 -0.938732252992095, 4.344604263646328 -0.9520566628933832, 4.3642895511996445 -0.9653951471568445, 4.383967744024153 -0.9787472658878597, 4.403638929393902 -0.992112578325223, 4.4233031933067855 -1.0054906428514663, 4.442960620494701 -1.0188810170034777, 4.462611294421952 -1.0322832574762588, 4.4822552972480345 -1.0456969201051782, 4.501892709961236 -1.0591215599528696, 4.521523612337523 -1.0725567312899646, 4.541148082937583 -1.0860019875992926, 4.560766199117037 -1.0994568815884012, 4.580378037036296 -1.112920965202178, 4.599983671670417 -1.1263937896357525, 4.619583176819485 -1.1398749053480257, 4.639176625117665 -1.1533638620746696, 4.658764088043719 -1.1668602088423, 4.6783456359305875 -1.1803634939823922, 4.697921337974687 -1.1938732651452515, 4.717491262246059 -1.207389069314823, 4.737055475696707 -1.2209104528226413, 4.756614044128099 -1.2344369613366657, 4.776167032269934 -1.2479681399194342, 4.795714503789238 -1.261503533043354, 4.81525652127362 -1.275042684590141, 4.834793146240872 -1.2885851378668656, 4.854324439147649 -1.302130435621645, 4.873850459398803 -1.3156781200600278, 4.893371265356373 -1.3292277328613804, 4.912886914348341 -1.3427788151953766, 4.932397462677554 -1.356330907738827, 4.951902965630566 -1.369883550692693, 4.971403477486072 -1.3834362837990686, 4.990899051523714 -1.396988646358631, 5.010389740028048 -1.4105401772452704, 5.029875594282221 -1.4240904149144973, 5.049356664623304 -1.4376388974506875, 5.06883300042766 -1.4511851625707424, 5.088304650114041 -1.4647287476390345, 5.107771661151948 -1.4782691896858544, 5.127234080069276 -1.4918060254256194, 5.1466919524604124 -1.505338791275563, 5.166145322994009 -1.5188670233744115, 5.185594235420677 -1.5323902576012172, 5.205038732580574 -1.5459080295943042, 5.22447885641101 -1.5594198747704153, 5.243914647953857 -1.5729253283439224, 5.263346147363007 -1.5864239253462489, 5.282773393913694 -1.599915200646639, 5.302196426013375 -1.6133986889740823, 5.3216152812040844 -1.6268739249340531, 5.341029996168386 -1.6403404430276844, 5.36044060673611 -1.6537977776715886, 5.379847147891448 -1.667245463218076, 5.399249653779811 -1.6806830339753978, 5.418648157714125 -1.6941100242277645, 5.438042692181826 -1.707525968255988, 5.457433288851229 -1.7209304003578667, 5.476819978577964 -1.7343228548687715, 5.49620279141148 -1.747702866182418, 5.515581756601213 -1.7610699687715727, 5.534956902613394 -1.774423697215569, 5.554328257145851 -1.7877635862266823, 5.573695847094136 -1.8010891706461771, 5.593059698577021 -1.8143999854776847, 5.612419836943581 -1.8276955659091656, 5.631776286778902 -1.8409754473341522, 5.651129071910125 -1.8542391653733146, 5.670478215411874 -1.867486255895777, 5.689823739612033 -1.8807162550407772, 5.709165666097625 -1.893928699239497, 5.728504015719818 -1.9071231252364762, 5.747838808599813 -1.9202990701116924, 5.767170064134225 -1.9334560713024334, 5.786497801000494 -1.9465936666253, 5.805822037200205 -1.95971139432182, 5.825142790020139 -1.97280879305308, 5.844460076017279 -1.9858854019094327, 5.8637739110500116 -1.9989407604489355, 5.88308431028331 -2.0119744087197438, 5.902391288193563 -2.0249858872823596, 5.921694858573968 -2.0379747372323465, 5.940995034539206 -2.050940500222674, 5.960291828530573 -2.063882718486451, 5.979585252320727 -2.0768009348595036, 5.998875317018852 -2.08969469280329, 6.018162033075244 -2.1025635364275526, 6.037445410286308 -2.115407010513305, 6.056725457799221 -2.128224660535684, 6.076002184140744 -2.1410160327016023, 6.09527559723297 -2.153780673979407, 6.114545704310306 -2.166518132068503, 6.1338125119744715 -2.1792279554532916, 6.153076026201628 -2.1919096934278954, 6.172336252346714 -2.204562896119241, 6.191593195148737 -2.2171871145108057, 6.2108468587351044 -2.229781900465804, 6.230097246626303 -2.2423468067506924, 6.249344361741054 -2.254881387058978, 6.268588206400474 -2.2673851960345046, 6.287828782333289 -2.2798577892954057, 6.307066090680423 -2.292298723457752, 6.326300131999773 -2.304707556159337, 6.345530906271016 -2.3170838460835363, 6.364758412902344 -2.32942715298435, 6.38398265078841 -2.3417370377418036, 6.403203618231396 -2.3540130623360795, 6.422421312947836 -2.3662547898728747, 6.441635732100394 -2.3784617846234886, 6.4608468723028745 -2.3906336120489944, 6.480054729625424 -2.402769838824566, 6.499259299599526 -2.414870032863697, 6.51846057722348 -2.4269337633427175, 6.53765855696739 -2.4389606007250473, 6.556853232778796 -2.450950116785825, 6.576044598088082 -2.462901884636432, 6.595232645813811 -2.4748154787489542, 6.614417368368637 -2.486690474981009, 6.633598757664696 -2.4985264506002367, 6.652776805119742 -2.5103229843092465, 6.671951501662868 -2.522079656270294, 6.69112283774058 -2.5337960481301494, 6.710290803325827 -2.5454717430466376, 6.729455387966579 -2.5571063257375313, 6.7486165807146845 -2.5686993824613635, 6.76777437014714 -2.5802505010510157, 6.786928744390166 -2.5917592709487316, 6.806079691126086 -2.603225283231268, 6.825227197600103 -2.6146481306349614, 6.84437125062763 -2.6260274075810486, 6.863511836601407 -2.6373627102008057, 6.88264894149923 -2.6486536363609967, 6.901782550891283 -2.659899785689001, 6.920912649948219 -2.671100759598316, 6.94003922344907 -2.6822561613138722, 6.959162255789501 -2.693365595897463, 6.978281730990293 -2.7044286702732157, 6.997397632705987 -2.715444993253047, 7.016509944233638 -2.7264141755620948, 7.035618648522143 -2.7373358298643344, 7.054723728181378 -2.7482095707880028, 7.073825165491927 -2.759035014951201, 7.092922942414846 -2.7698117809874043, 7.112017040601816 -2.7805394895710305, 7.131107441405501 -2.7912177634429978, 7.150194125890195 -2.801846227436263, 7.169277074845654 -2.8124245085028865, 7.188356268813605 -2.8229522357475108, 7.207431688062101 -2.833429040433364, 7.2265033126116975 -2.843854556015383, 7.245571122252283 -2.854228418168135, 7.264635096555537 -2.864550264811254, 7.283695214887903 -2.8748197361349157, 7.302751456423583 -2.8850364746251165, 7.321803800158182 -2.8952001250890502, 7.340852224922581 -2.9053103346803613, 7.359896709397139 -2.915366752924323, 7.378937232126353 -2.9253690317429686, 7.39797377153387 -2.9353168254801463, 7.417006305937925 -2.9452097909264974, 7.43603481356702 -2.9550475873442545, 7.4550592725763165 -2.964829876492095, 7.474079661064108 -2.974556322649716, 7.49309595708896 -2.9842265926423988, 7.512108138687074 -2.9938403558653475, 7.531116183890394 -3.00339728430803, 7.55012007074477 -3.012897052578178, 7.5691197773288454 -3.02233933792575, 7.588115281773358 -3.031723820266698, 7.607106562280802 -3.0410501822065004, 7.626093597145691 -3.050318109063547, 7.645076364775141 -3.0595272888922405, 7.664054843710139 -3.068677412505969, 7.6830290126471 -3.0777681734997344, 7.701998850459969 -3.0867992682725607, 7.7209643362229405 -3.095770396049677, 7.739925449233549 -3.1046812589043653, 7.758882169036119 -3.1135315617794332, 7.777834475446215 -3.1223210125085954, 7.796782348574898 -3.131049321837202, 7.815725768854157 -3.139716203442918, 7.834664717062302 -3.1483213739557825, 7.853599174350355 -3.156864552978095, 7.87252912226845 -3.1653454631036784, 7.891454542793183 -3.1737638299369064, 7.9103754183551 -3.1821193821111233, 7.929291731867001 -3.19041185130674, 7.948203466752529 -3.1986409722687332, 7.9671106069753 -3.206806482823677, 7.986013137068438 -3.2149081238961994, 8.004911042164967 -3.2229456395250473, 8.023804308027998 -3.230918776878287, 8.042692921082152 -3.2388272862682372, 8.06157686844467 -3.2466709211654665, 8.080456137957679 -3.2544494382124314, 8.099330718220399 -3.262162597236253, 8.118200598621891 -3.269810161260857, 8.137065769374225 -3.2773918965183975, 8.15592622154618 -3.28490757246001, 8.17478194709711 -3.2923569617657122, 8.193632938911117 -3.299739840353503, 8.212479190831749 -3.307055987387726, 8.231320697697075 -3.314305185286626, 8.250157455374545 -3.321487219728845, 8.26898946079675 -3.328601879659271, 8.287816711997086 -3.3356489572938766, 8.30663920814547 -3.342628248123528, 8.32545694958462 -3.34953955091701, 8.344269937866406 -3.356382667723015, 8.363078175787766 -3.3631574038709555, 8.381881667427592 -3.369863567971033, 8.400680418183114 -3.3765009719130856, 8.4194744348062 -3.3830694308643277, 8.438263725439999 -3.389568763266114, 8.457048299667672 -3.395998790833632, 8.475828168545323 -3.402359338549054, 8.49460334461675 -3.4086502346477157, 8.513373841962794 -3.414871310614791, 8.532139676236854 -3.4210224011761707, 8.550900864700331 -3.427103344288204, 8.569657426258045 -3.433113981126327, 8.588409381492538 -3.4390541560722236, 8.607156752698526 -3.444923716699949, 8.625899563916645 -3.4507225137607076, 8.644637840966556 -3.4564504011663613, 8.6633716114795 -3.4621072359716942, 8.682100904930254 -3.467692878355397, 8.700825752668312 -3.4732071915997818, 8.719546187948128 -3.478650042069167, 8.738262245958662 -3.484021299187027, 8.756973963852115 -3.489320835411887, 8.775681380771271 -3.4945485262118363, 8.794384537876232 -3.4997042500378943, 8.813083478369915 -3.5047878882960783, 8.83177824752221 -3.5097993253181747, 8.850468892724775 -3.5147384483394557, 8.869155463602445 -3.519605147489024, 8.887838011802751 -3.5243993156973468, 8.90651659110922 -3.529120848687394, 8.925191257475136 -3.5337696449436873, 8.943862069039346 -3.5383456056759672, 8.962529086140197 -3.542848634781718, 8.981192371328476 -3.547278638807801, 8.99985198937787 -3.551635526910876, 9.0185080072938 -3.555919210816899, 9.037160494320597 -3.560129604779723, 9.055809521946756 -3.5642666255387963, 9.07445516390761 -3.5683301922758788, 9.09309749618673 -3.5723202265711405, 9.11173659701486 -3.5762366523584106, 9.130372546872287 -3.5800793958808486, 9.149005428755647 -3.583848385697301, 9.167635327793413 -3.5875435525588486, 9.18626233119074 -3.591164829355262, 9.204886528361786 -3.5947121510964806, 9.223508010914925 -3.5981854548646117, 9.242126872635739 -3.601584679765664, 9.260743209467373 -3.60490976688102, 9.279357119488473 -3.6081606592187665, 9.297968702888724 -3.6113373016649675, 9.316578061941819 -3.6144396409349278, 9.335185300976102 -3.617467625524584, 9.353790526342285 -3.620421205661994, 9.37239384638368 -3.6233003332598193, 9.390995371814306 -3.626104961925352, 9.409595215143765 -3.6288350468317576, 9.428193490484206 -3.63149054465371, 9.446790313771801 -3.6340714135604633, 9.465385802719442 -3.6365776131702057, 9.48398007676734 -3.639009104505244, 9.50257325703088 -3.641365849948022, 9.521165466246414 -3.643647813198127, 9.539756828714665 -3.6458549592303453, 9.558347470241578 -3.6479872542538105, 9.576937518077417 -3.65004466567243, 9.595527100891358 -3.6520271620501203, 9.614116349288356 -3.6539347131249653, 9.632705394727282 -3.655767289674486, 9.651294369612735 -3.6575248635030855, 9.669883407454588 -3.659207407432331, 9.688472642794196 -3.6608148952703496, 9.70706221113042 -3.662347301783109, 9.725652248842241 -3.663804602667388, 9.744242893111183 -3.6651867745257443, 9.762834281841876 -3.6664937948434133, 9.781426553581102 -3.6677256419671957, 9.800019847443835 -3.6688822950868025, 9.818614303665518 -3.6699637342444764, 9.837210062649586 -3.670969940273633, 9.855807264695013 -3.671900894784874, 9.87440605032062 -3.6727565801764808, 9.89300656017798 -3.673536979626397, 9.911608934965505 -3.6742420770865656, 9.930213315340545 -3.6748718572795243, 9.948819841832437 -3.6754263056973637, 9.967428654754835 -3.67590540860301, 9.986039894118244 -3.676309153033854, 10.004653699577375 -3.676637526807692, 10.023270211037339 -3.6768905185265517, 10.041889567383475 -3.6770681175831244, 10.060511906534638 -3.6771703141816015, 10.079137365670798 -3.6771970993540135, 10.097766081147938 -3.677148464977832, 10.11639818841485 -3.6770244037957966, 10.135033821929948 -3.6768249094379604, 10.15367311508014 -3.676549976445884, 10.172316200100182 -3.6761996002989625, 10.190963207994118 -3.675773777442797, 10.209614268532212 -3.675272505315995, 10.228269510784004 -3.674695782348796, 10.246929061779314 -3.674043608054839, 10.265593046812212 -3.673315983056665, 10.284261589573362 -3.6725129091146536, 10.302934812081766 -3.671634389166603, 10.321612834618408 -3.670680427368927, 10.340295775662304 -3.669651029139364, 10.358983751828626 -3.6685462012011474, 10.37767687780916 -3.667365951628539, 10.396375266315074 -3.6661102898936413, 10.41507902804208 -3.6647792269125046, 10.433788272153928 -3.6633727750403735, 10.452503105337552 -3.661890948203098, 10.471223631818129 -3.6603337619486482, 10.48994995359055 -3.658701233473815, 10.50868217037738 -3.6569933816768385, 10.527420379590042 -3.655210227210614, 10.546164676292154 -3.6533517925364904, 10.564915153165984 -3.651418101978478, 10.583671900481205 -3.649409181777849, 10.602435006067028 -3.6473250601479266, 10.62120455528598 -3.6451657673291686, 10.639980631059512 -3.6429313356371953, 10.658763314210061 -3.6406217994625036, 10.677552682654312 -3.638237195438656, 10.696348811643835 -3.6357775624644932, 10.715151773876263 -3.6332429417411647, 10.73396163948582 -3.6306333768262724, 10.752778476036942 -3.6279489136875007, 10.771602348518902 -3.625189600755985, 10.790433319345048 -3.6223554889787297, 10.809271448352545 -3.6194466318707037, 10.828116792805696 -3.6164630855660107, 10.846969407401035 -3.613404908868344, 10.8658293442752 -3.6102721633005146, 10.884696653035844 -3.6070649131488923, 10.903571380998896 -3.6037832254649107, 10.922453572738954 -3.6004271702027846, 10.941343270234734 -3.5969968202421407, 10.960240512975904 -3.593492251415103, 10.979145337982919 -3.5899135425495565, 10.99805777982934 -3.586260775511049, 11.016977870664668 -3.582534035243698, 11.035905640240406 -3.578733409809475, 11.054841115936453 -3.574858990426446, 11.073784322789523 -3.570910871505553, 11.092735283523432 -3.5668891506859186, 11.111694018579687 -3.5627939288690027, 11.130660546150526 -3.5586253102510836, 11.149634882212663 -3.554383402354408, 11.168617040561811 -3.550068316057001, 11.187607032916247 -3.545680165603249, 11.206604868895148 -3.5412190686449794, 11.225610555950533 -3.53668514629514, 11.24462409950407 -3.5320785231267355, 11.26364550298753 -3.527399327194936, 11.282674767882883 -3.522647690057993, 11.301711893763308 -3.5178237467966205, 11.32075687833442 -3.512927636032016, 11.339809717477024 -3.507959499942151, 11.358870405288744 -3.502919484277048, 11.377938934127318 -3.497807738372296, 11.39701529465397 -3.4926244151611976, 11.416099475876365 -3.487369671185724, 11.435191465192409 -3.4820436666059136, 11.454291248434517 -3.4766465652078096, 11.47339880991259 -3.4711785344104715, 11.492514132458762 -3.4656397452711514, 11.511637197470955 -3.4600303724895416, 11.530767984956526 -3.4543505944107027, 11.549906473576447 -3.4486005930265375, 11.56905264068857 -3.442780553976326, 11.58820646239459 -3.4368906665447114, 11.607367913589167 -3.4309311236576727, 11.626536967976827 -3.4249021218882403, 11.645713598129486 -3.4188038614473797, 11.664897775530779 -3.4126365461780153, 11.684089470618202 -3.4064003835486165, 11.703288652824295 -3.4000955846459275, 11.722495290617374 -3.3937223641667464, 11.741709351542308 -3.3872809404085484, 11.760930802260662 -3.38077153525924, 11.780159608589498 -3.3741943741863016, 11.799395735541077 -3.3675496862245575, 11.818639147360683 -3.3608377039635844, 11.837889807564755 -3.3540586635339817, 11.857147678977848 -3.347212804593083, 11.876412723769295 -3.340300370309805, 11.89568490348945 -3.3333216073486995, 11.914964179104407 -3.3262767658536427, 11.934250511031223 -3.319166099430439, 11.953543859171768 -3.3119898651290525, 11.972844182946025 -3.304748323425192, 11.992151441324811 -3.2974417382012784, 12.011465592861818 -3.2900703767268578, 12.030786595724873 -3.2826345096385365, 12.050114407726515 -3.2751344109194003, 12.0694489863543 -3.2675703578777857, 12.088790288799382 -3.2599426311260453, 12.108138271985855 -3.2522515145582496, 12.127492892598012 -3.2444972953280904, 12.146854107107911 -3.2366802638259764, 12.166221871801522 -3.2288007136560664, 12.185596142805064 -3.2208589416126046, 12.204976876109539 -3.212855247656412, 12.22436402759551 -3.204789934890678, 12.24375755305713 -3.196663309536511, 12.263157408224648 -3.1884756809086086, 12.282563548787232 -3.1802273613902408, 12.30197593041499 -3.1719186664080885, 12.321394508779846 -3.163549914407093, 12.340819239576001 -3.1551214268250076, 12.360250078540055 -3.1466335280666486, 12.379686981470245 -3.138086545478117, 12.399129904244987 -3.1294808093208757, 12.418578802841221 -3.1208166527455554, 12.438033633351498 -3.1120944117659137, 12.457494352001312 -3.103314425232325, 12.476960915164995 -3.0944770348055597, 12.496433279382016 -3.0855825849300462, 12.515911401371442 -3.076631422807669, 12.5353952380475 -3.0676238983707074, 12.554884746533 -3.058560364255512, 12.574379884173336 -3.0494411757756072, 12.59388060854952 -3.040266690894985, 12.61338687749066 -3.031037270201395, 12.63289864908645 -3.021753276879402, 12.652415881698373 -3.012415076683796, 12.67193853397124 -3.0030230379126563, 12.691466564843868 -2.993577531380586, 12.71099993355918 -2.9840789303920436, 12.730538599674405 -2.9745276107144423, 12.750082523070192 -2.9649239505515923, 12.769631663959967 -2.95526833051685, 12.789185982898337 -2.945561133606594, 12.808745440789355 -2.9358027451736137, 12.828309998894682 -2.925993552900402, 12.847879618840672 -2.916133946772863, 12.867454262625866 -2.906224319053684, 12.887033892627766 -2.8962650642559638, 12.90661847162175 -2.8862565791103165, 12.926207962773622 -2.8761992625456676, 12.945802329636777 -2.8660935156676755, 12.965401536167311 -2.8559397417275947, 12.985005546729562 -2.845738346096046, 13.00461432610077 -2.835489736237203, 13.024227839475666 -2.8251943216829227, 13.043846052471316 -2.814852514006674, 13.063468931130641 -2.8044647267981513, 13.083096441926836 -2.794031375637301, 13.102728551766702 -2.7835528780689316, 13.122365227994107 -2.7730296535771854, 13.142006438393121 -2.7624621235601614, 13.16165215119143 -2.7518507113043524, 13.181302335062195 -2.741195841959894, 13.20095535566635 -2.7304950568903497, 13.220605956842881 -2.7197394372438195, 13.240253678046624 -2.708928756679699, 13.259898461136352 -2.698063512493972, 13.279540250085978 -2.6871442029548303, 13.299178990965297 -2.676171327277265, 13.318814631921764 -2.665145385597484, 13.33844712316183 -2.654066878947985, 13.358076416933567 -2.6429363092322573, 13.377702467539367 -2.6317541791827366, 13.397325231269233 -2.6205209923642654, 13.416944666384262 -2.6092372531496046, 13.436560733114316 -2.59790346668715, 13.456173393640633 -2.586520138877547, 13.475782612078591 -2.575087776350591, 13.495388354460932 -2.5636068864422317, 13.514990588720346 -2.552077977172296, 13.534589284673542 -2.540501557221697, 13.554184414004371 -2.528878135910567, 13.573775950248057 -2.5172082231760533, 13.593363868774942 -2.5054923295507807, 13.612948146775047 -2.4937309661411446, 13.632528763242638 -2.481924644605931, 13.652105698960725 -2.4700738771353348, 13.671678936486478 -2.4581791764297307, 13.691248460136292 -2.4462410556789846, 13.710814255973993 -2.4342600285402245, 13.730376311833371 -2.422236609095454, 13.749934617236665 -2.4101713118712955, 13.769489163394038 -2.3980646518111133, 13.78903994320489 -2.385917144246239, 13.808586951244802 -2.373729304876002, 13.828130183752418 -2.3615016497481127, 13.847669638617282 -2.3492346952387417, 13.867205315366785 -2.336928958033437, 13.886737215154527 -2.3245849551074724, 13.906265340748146 -2.3122032037067832, 13.925789696518029 -2.299784221328674, 13.945310288425597 -2.287328525703032, 13.964827124012553 -2.274836634773251, 13.984340212390006 -2.262309066677483, 14.003849564227817 -2.2497463397300392, 14.023355191760073 -2.237148972393178, 14.042857108781552 -2.224517483254619, 14.062355330577057 -2.2118523910463774, 14.081849873948713 -2.1991542146040937, 14.101340757208618 -2.186423472847696, 14.120828000170023 -2.1736606847632225, 14.140311624138672 -2.1608663693847925, 14.15979165190431 -2.148041045776706, 14.17926810773254 -2.1351852330155956, 14.198741017357433 -2.122299450172346, 14.218210407973112 -2.1093842162948944, 14.237676308227066 -2.096440050390193, 14.257138748213187 -2.0834674714065997, 14.276597759464236 -2.0704669982168333, 14.296053374949826 -2.05743914959777, 14.315505629093817 -2.044384444198385, 14.334954557712276 -2.0313034005572463, 14.354400198028104 -2.018196537072718, 14.373842588673341 -2.005064371981002, 14.39328176968394 -1.9919074233390621, 14.412717782494607 -1.9787262090077633, 14.43215066993462 -1.9655212466346144, 14.451580476222684 -1.9522930536373315, 14.471007246963044 -1.9390421471868777, 14.490431029141847 -1.9257690441905364, 14.509851871122752 -1.9124742612757049, 14.52926982264408 -1.8991583147729543, 14.548684934815439 -1.8858217206996233, 14.568097260121085 -1.872464994739451, 14.587506852417713 -1.8590886522258931, 14.606913766906896 -1.8456932081415673, 14.626318060149968 -1.832279177091357, 14.645719790067266 -1.8188470732855135, 14.665119015936078 -1.8053974105237927, 14.684515798389299 -1.7919307021794029, 14.703910199414356 -1.7784474611829815, 14.723302282351549 -1.764948200007204, 14.742692111894254 -1.751433430650415, 14.76207975408759 -1.7379036646215003, 14.78146527632839 -1.724359412924136, 14.800848747365157 -1.7108011860413044, 14.820230237298116 -1.6972294939199752, 14.839609817577042 -1.6836448459574296, 14.858987561000855 -1.6700477509867058, 14.87836354172169 -1.6564387172594666, 14.897737835246284 -1.6428182524308135, 14.917110518437394 -1.6291868635443079, 14.936481669514698 -1.6155450570175574, 14.955851368057434 -1.601893338626987, 14.97521969500561 -1.5882322134937166, 14.994586732662338 -1.5745621860690124, 15.013952564696384 -1.5608837601198535, 15.033317276144539 -1.547197438714838, 15.052680953414406 -1.5335037242101288, 15.072043684287433 -1.519803118235464, 15.0914055579073 -1.506096121689624, 15.110766664793678 -1.4923832347202513, 15.130127096862658 -1.4786649566997736, 15.149486947418119 -1.4649417862197989, 15.168846311155644 -1.4512142210779397, 15.188205284166822 -1.4374827582646246, 15.207563963943228 -1.4237478939504444, 15.226922449381647 -1.4100101234729605, 15.24628084078812 -1.3962699413245399, 15.265639239883107 -1.3825278411397937, 15.284997749806768 -1.3687843156832191, 15.304356475123955 -1.3550398568373112, 15.323715521829666 -1.3412949555906915, 15.343074997351737 -1.3275501020282439, 15.36243501052136 -1.3138057853414749, 15.381795671640575 -1.3000624937790237, 15.401157092476732 -1.286320714642851, 15.420519386256947 -1.272580934284718, 15.439882667674485 -1.2588436380955783, 15.459247052895673 -1.245109310494944, 15.478612659566014 -1.2313784349210886, 15.497979606817216 -1.2176514938209904, 15.517348015274566 -1.2039289686404075, 15.53671800706309 -1.190211339815022, 15.556089705815717 -1.1764990867607015, 15.575463236679617 -1.162792687865199, 15.594838726324623 -1.1490926204789422, 15.614216302949833 -1.1353993609072697, 15.633596096252687 -1.1217133844258784, 15.652978237473803 -1.1080351652503289, 15.672362859442622 -1.0943651765056073, 15.691750096549423 -1.0807038902409296, 15.711140084753438 -1.067051777422835, 15.73053296159048 -1.0534093079289537, 15.749928866181694 -1.0397769505414727, 15.769327939240895 -1.0261551729418243, 15.788730323083403 -1.0125444417048368, 15.80813616163392 -0.9989452222938732, 15.827545600435023 -0.9853579790559654, 15.846958786655224 -0.9717831752175972, 15.866375869097205 -0.9582212728807862, 15.885796998206667 -0.9446727330191775, 15.905222326079853 -0.9311380154753472, 15.924652006463543 -0.9176175789629597, 15.944086194715329 -0.9041118810927705, 15.963525047918468 -0.8906213783073762, 15.982968724853315 -0.877146525901703, 16.00241738599175 -0.8636877780301093, 16.021871193506133 -0.8502455877052912, 16.041330311277157 -0.8368204067982437, 16.060794904901105 -0.8234126860389915, 16.08026514169809 -0.8100228750171636, 16.09974119071965 -0.7966514221833827, 16.119223222756123 -0.7832987748511915, 16.13871141034388 -0.7699653791994896, 16.158205927772542 -0.7566516802754177, 16.177706951092286 -0.7433581219976118, 16.197214658120036 -0.7300851471605292, 16.216729228446454 -0.7168331974387512, 16.236250843442154 -0.7036027133921574, 16.255779686263715 -0.690394134471634, 16.275315941848298 -0.6772078990317213, 16.29485979688404 -0.6640444443572369, 16.31441143991171 -0.6509042066159458, 16.333971061287965 -0.6377876208904293, 16.35353885318151 -0.6246951211915914, 16.37311500957767 -0.6116271404677465, 16.392699726282046 -0.5985841106146579, 16.412293200923724 -0.5855664624862504, 16.431895632958206 -0.5725746259058875, 16.451507223670475 -0.5596090296779861, 16.4711281761757 -0.5466701016013463, 16.490758695422333 -0.5337582684815612, 16.510398988191668 -0.5208739561457749, 16.530049263098686 -0.5080175894571248, 16.54970973059244 -0.4951895923298151, 16.569380602953906 -0.4823903877459637, 16.589062094295763 -0.4696203977717485, 16.60875442055936 -0.456880043575466, 16.628457799512507 -0.444169745445481, 16.64817245074488 -0.4314899228098038, 16.667898595664735 -0.4188409942553097, 16.687636457492907 -0.4062233775487178, 16.70738626125685 -0.3936374896578679, 16.72714823378412 -0.3810837467735889, 16.746922603685004 -0.3685625643375373, 16.766709601336103 -0.3560743570696879, 16.786509458914445 -0.3436195389697767, 16.806322410361396 -0.3311985233558238, 16.826148691368857 -0.3188117228910796, 16.845988539366875 -0.3064595496104574, 16.865842193508705 -0.2941424149484367, 16.885709894656205 -0.2818607297669884, 16.905591885362643 -0.2696149043849441, 16.925488409855564 -0.257405348607452, 16.945399714016776 -0.2452324717570269, 16.965326045362826 -0.2330966827043818, 16.98526765302213 -0.2209983899010136, 17.005224787712756 -0.2089380014114777, 17.025197701716134 -0.1969159249476804, 17.045186648852113 -0.1849325679024708, 17.065191884450073 -0.1729883373851012, 17.085213665319515 -0.1610836402568588, 17.105252249718887 -0.1492188831673985, 17.125307897322564 -0.137394472591842, 17.145380869185633 -0.1256108148686937, 17.165471427708066 -0.1138683162378416, 17.185579836595146 -0.1021673828800458, 17.205706360817878 -0.0905084209561171, 17.225851266569737 -0.0788918366474739, 17.246014821223017 -0.0673180361964689, 17.2661972932817 -0.0557874259478841, 17.286398952332693 -0.0443004123907051, 17.30662006899521 -0.032857402200181, 17.326860914867545 -0.0214588022805013, 17.347121762471325 -0.0101050198079612, 17.36740288519441 0.0012035377259559, 17.38770455722987 0.0124664624704901, 17.408027053514083 0.0236833461719317, 17.428370649661183 0.0348537801292048, 17.448735621895825 0.0459773551496348, 17.469122246982604 0.0570536615042445, 17.48953080215339 0.0680822888832041, 17.509961565031915 0.079062826351197, 17.53041481355557 0.0899948623028016, 17.550890825893845 0.1008779844176784, 17.571389880365576 0.1117117796165845, 17.591912255351613 0.1224958340168729, 17.612458229205473 0.1332297328885991, 17.633028080161242 0.1439130606110586, 17.65362208623775 0.1545454006294027, 17.67424052514073 0.1651263354121448, 17.694883674161773 0.1756554464091317, 17.715551810072895 0.1861323140096306, 17.736245209021096 0.19655651750235, 17.756964146415708 0.2069276350346312, 17.77770889681718 0.2172452435743368, 17.798479733818468 0.2275089188710258, 17.819276929927412 0.2377182354198352, 17.840100756442297 0.2478727664250884, 17.860951483327238 0.2579720837663241, 17.881829379082376 0.268015757964916, 17.902734710612748 0.2780033581528444, 17.923667743092658 0.2879344520425273, 17.944628739827436 0.2978086058985412, 17.965617962113573 0.3076253845116341, 17.986635669092813 0.3173843511736049, 18.007682117606443 0.3270850676553393, 18.02875756204489 0.3367270941863776, 18.049862254195013 0.346309989436964, 18.07099644308417 0.3558333105023538, 18.092160374822345 0.365296612889912, 18.113354292440096 0.3746994505083601, 18.13457843568996 0.3840413756485339, 18.155833040920268 0.3933219389923723, 18.17711834091577 0.4025406896140861, 18.19843456471079 0.4116971749762087, 18.219781937416048 0.4207909409342736, 18.241160680043766 0.4298215317450316, 18.26257100932962 0.4387884900777793, 18.28401313755334 0.4476913570295105, 18.30548727235867 0.4565296721441472, 18.326993616569265 0.4653029734348811, 18.348532368005973 0.4740107974113774, 18.37010371930083 0.4826526791104507, 18.391707857710184 0.4912281521310572, 18.41334496492848 0.4997367486740573, 18.435015216898666 0.508177999585651, 18.456718783624474 0.5165514344060502, 18.478455828980785 0.5248565814223229, 18.500226510524644 0.5330929677261959, 18.52203097930587 0.5412601192765197, 18.543869379678146 0.549357560966697, 18.565741849110744 0.5573848166970897, 18.58764851786066 0.5653414094166969, 18.609589508767844 0.5732268612038023, 18.631564937454733 0.5810406934518777, 18.65357491191754 0.5887824269034188, 18.67561953233834 0.5964515817466493, 18.697698890905098 0.6040476777190374, 18.71981307163387 0.6115702342160763, 18.741962150193704 0.6190187704054092, 18.764146193734145 0.6263928053462113, 18.786365260716867 0.6336918581141123, 18.808619400749137 0.6409154479310536, 18.830908654422974 0.648063094300856, 18.853233053156632 0.6551343171496526, 18.87559261904175 0.6621286369717998, 18.897987364694483 0.669045574980789, 18.920417293026276 0.675884653248493, 18.94288239650885 0.6826453947533682, 18.965382658222257 0.6893273237821013, 18.987918051388593 0.6959299660278934, 19.01048853908886 0.7024528487334233, 19.033094074148444 0.7088955008708044, 19.055734599030288 0.7152574533260969, 19.078410045733968 0.7215382390878662, 19.10112033570299 0.7277373934399651, 19.123865379739172 0.7338544541581297, 19.146645077924457 0.7398889617102096, 19.169459319552296 0.74584045946013, 19.192307983065326 0.75170849387481, 19.21519093589228 0.757492614718545, 19.23810803335868 0.7631923751233453, 19.261059120617926 0.7688073320929187, 19.284044032147428 0.7743370466413784, 19.30706259140091 0.7797810839643943, 19.33011461080217 0.785139013660861, 19.353199891748236 0.7904104099559761, 19.376318224622434 0.7955948519254836, 19.399469388817522 0.8006919237207825, 19.422653152769097 0.8057012147945861, 19.445869273998174 0.8106223201267019, 19.469117499165577 0.8154548404498682, 19.49239756379558 0.8201983824436578, 19.515709191222797 0.8248525588669883, 19.53905209558779 0.8294169890567282, 19.562425980739093 0.8338912990241263, 19.58583054009173 0.8382751216510897, 19.60926545674238 0.8425680969081145, 19.63273040359602 0.8467698720698275, 19.65622504350123 0.8508801019275872, 19.679749029396525 0.8548984489989879, 19.703302004466185 0.8588245837338286, 19.72688360230553 0.8626581847162195, 19.750493446899622 0.8663989388536507, 19.774131151084628 0.8700465415041174, 19.797796320142112 0.8736006968306895, 19.821488551085277 0.8770611179235637, 19.845207432313003 0.8804275269503828, 19.8689525438295 0.8836996553284443, 19.892723457472226 0.8868772438909082, 19.916519737147414 0.8899600430467351, 19.940340939073334 0.8929478129340944, 19.96418661203041 0.8958403235669905, 19.98805629761834 0.8986373549748853, 20.011949530132416 0.9013386973359302, 20.03586583527611 0.9039441511203558, 20.05980473430721 0.9064535272079972, 20.083765742787044 0.9088666469793972, 20.107748370479925 0.9111833424163538, 20.131752121642993 0.9134034561952141, 20.155776495320264 0.9155268417719457, 20.17982098563997 0.9175533634588919, 20.203885082115367 0.9194828964931067, 20.22796826994786 0.921315327096214, 20.252070030332785 0.9230505525257264, 20.276189840169497 0.9246884811473837, 20.30032717136438 0.9262290325362823, 20.3244814947799 0.9276721373252445, 20.348652278727013 0.9290177372915356, 20.372838989066132 0.9302657853745694, 20.397041089516275 0.9314162456757068, 20.421258041964887 0.9324690934495314, 20.445489306774462 0.933424315086921, 20.469734343088998 0.9342819080897827, 20.493992609138107 0.9350418810376725, 20.518263562537747 0.9357042535465099, 20.542546660305916 0.9362690562466859, 20.566841357775772 0.936736330871496, 20.591147112208688 0.937106129879152, 20.615463381818106 0.9373785164839807, 20.63978962566632 0.9375535646131024, 20.664125303942026 0.937631358820643, 20.688469878234233 0.9376119941950928, 20.712822811799725 0.9374955762603202, 20.73718356982548 0.9372822208703032, 20.76155161968515 0.9369720540978664, 20.785926431189605 0.936565212117664, 20.810307476830655 0.9360618410837511, 20.834694231610914 0.9354620970617848, 20.859086172669727 0.9347661459962188, 20.8834827819237 0.9339741632187304, 20.90788354501711 0.9330863334791746, 20.932287951394667 0.9321028508192268, 20.956695494502448 0.9310239184228475, 20.981105671983148 0.9298497484629046, 21.005517985860894 0.9285805619449701, 21.029931942720395 0.9272165885478101, 21.054347053878036 0.9257580664612037, 21.07876283554457 0.9242052422214142, 21.103178808979123 0.922558370544672, 21.12759450063822 0.9208177141582368, 21.1520094420973 0.9189835436737019, 21.176423169721296 0.9170561375137836, 21.200835226358056 0.9150357814265482, 21.225245160671673 0.9129227684598833, 21.24965252713735 0.9107173988096062, 21.274056886141604 0.9084199796450481, 21.298457804072942 0.9060308249349274, 21.322854853407048 0.9035502552729053, 21.347247612783942 0.9009785977035882, 21.371635667076525 0.898316185549354, 21.396018607453282 0.8955633582376339, 21.420396031433658 0.8927204611291815, 21.444767542935494 0.8897878453476957, 21.469132752316206 0.8867658676106438, 21.49349127640776 0.8836548900614447, 21.517842738535357 0.8804552801058139, 21.542186768210712 0.8771674103338816, 21.56652300170248 0.8737916582164706, 21.59085108202597 0.8703284059460368, 21.615170658744187 0.8667780403303744, 21.639481387964594 0.8631409526373344, 21.663782932329923 0.8594175384421456, 21.68807496100729 0.8556081974762721, 21.71235714966678 0.8517133334804396, 21.736629180459353 0.8477333540591983, 21.760890741987836 0.8436686705389038, 21.78514152927484 0.8395196978281771, 21.809381243723273 0.835286854282179, 21.83360959307695 0.8309705615686571, 21.857826291373293 0.826571244538169, 21.88203105889458 0.822089331096757, 21.90622362211487 0.8175252520818852, 21.93040371364256 0.812879441141894, 21.954571072161635 0.8081523346179806, 21.97872544236721 0.8033443714302342, 22.002866574901425 0.7984559929658017, 22.026994226282923 0.7934876429715101, 22.051108158810997 0.7884397674573727, 22.07520814050753 0.7833128145901289, 22.099293945105494 0.7781072345727538, 22.123365351916316 0.7728234795673763, 22.147422145748372 0.7674620036037942, 22.171464116824097 0.7620232624910084, 22.195491060699656 0.7565077137304093, 22.219502778178157 0.7509158164337484, 22.243499075224427 0.7452480312431562, 22.267479762879454 0.7395048202538204, 22.29144465717051 0.7336866469407872, 22.315393579023418 0.7277939760875589, 22.33932635417286 0.721827273717975, 22.36324281307227 0.7157870070307633, 22.387142790801796 0.7096736443374032, 22.411026126979905 0.7034876550011075, 22.434892665668432 0.6972295093808176, 22.458742255283536 0.6908996787754305, 22.482574748503016 0.6844986353718954, 22.50639000217469 0.6780268521953494, 22.530187877223305 0.6714848030622511, 22.553968238562522 0.6648729625338903, 22.57773095499906 0.6581918058754028, 22.60147589914615 0.6514418090133702, 22.625202947329203 0.6446234484988891, 22.648911979499186 0.6377372014697305, 22.672602879140122 0.6307835456171837, 22.696275533182664 0.6237629591525782, 22.719929831914097 0.6166759207774224, 22.743565668892305 0.609522909654036, 22.767182940857303 0.602304405379287, 22.790781547647036 0.5950208879585519, 22.81436139211223 0.5876728377820692, 22.83792238002998 0.5802607356038307, 22.861464420024156 0.5727850625194311, 22.884987423480318 0.5652462999481618, 22.908491304465745 0.5576449296147297, 22.93197597964928 0.5499814335328523, 22.955441368222907 0.5422562939897992, 22.97888739182092 0.5344699935337689, 23.00231397444735 0.5266230149591962, 23.025721042397123 0.5187158412965012, 23.049108524182834 0.5107489558009, 23.07247635045993 0.5027228419434815, 23.095824453957174 0.4946379834013168, 23.119152769403147 0.4864948640508935, 23.142461233456867 0.4782939679610574, 23.165749784640226 0.470035779386438, 23.189018363269952 0.4617207827624741, 23.21226691139113 0.4533494627009598, 23.23549537271291 0.4449223039858419, 23.258703692543595 0.4364397915705023, 23.281891817729313 0.4279024105744937, 23.305059696592885 0.4193106462813472, 23.328207278871925 0.4106649841378083, 23.35133451566101 0.4019659097522059, 23.374441359355533 0.3932139088929665, 23.397527763591302 0.3844094674902583, 23.420593683193164 0.375553071634104, 23.44363907411871 0.3666452075758546, 23.466663893405116 0.3576863617290125, 23.489668099118592 0.3486770206695564, 23.51265165030248 0.339617671137812, 23.535614506928226 0.3305088000396084, 23.558556629845718 0.3213508944485857, 23.581477980738466 0.3121444416066632, 23.604378522075226 0.3028899289270899, 23.627258217059776 0.293587843999163, 23.650117029526953 0.2842386746219752, 23.672954924004895 0.2748429087515572, 23.695771865655228 0.2654010345121347, 23.718567820209465 0.2559135402102557, 23.741342753929295 0.2463809143368583, 23.764096633568844 0.2368036455688696, 23.786829426333597 0.227182222773026, 23.809541099845223 0.2175171350070244, 23.832231622105905 0.2078088715213444, 23.85490096146148 0.1980579217621206, 23.877549086566507 0.1882647753734268, 23.900175966354492 0.1784299221970087, 23.92278157000076 0.1685538522764727, 23.945365866892637 0.158637055857767, 23.967928826599437 0.1486800233900671, 23.99047041883978 0.138683245528413, 24.012990613454214 0.1286472131337364, 24.03548938037655 0.1185724172737566, 24.05796668960505 0.108459349224274, 24.08042251117559 0.0983085004695337, 24.102856815135816 0.0881203627022489, 24.125269571519272 0.077895427823806, 24.147660750320497 0.067634187944112, 24.17003032144733 0.0573371353945331, 24.19237825457885 0.0470047627951313, 24.214704519414262 0.036637562899225, 24.237009085553264 0.0262360286471346, 24.25929192244203 0.0158006531831378, 24.281552999352602 0.0053319298535444, 24.303792285363933 -0.0051696477960841, 24.326009749338454 -0.015703586021153, 24.348205359906547 -0.0262693908826888, 24.370379085445585 -0.0368665682488514, 24.392530894062382 -0.0474946237984246, 24.41466075357514 -0.0581530630239486, 24.43676863149761 -0.0688413912361858, 24.458854495019388 -0.0795591135663172, 24.48091831099338 -0.0903057349723524, 24.502960045918154 -0.101080760242563, 24.524979665922285 -0.1118836940001393, 24.546977136750286 -0.1227140407088034, 24.568952423708968 -0.1335713046549458, 24.590905491534816 -0.1444549898825229, 24.61283630471318 -0.1553646003968476, 24.63474482731924 -0.1662996400848002, 24.656631022976192 -0.177259612704338, 24.67849485484437 -0.1882440218924257, 24.7003362856101 -0.1992523711729239, 24.72215527747039 -0.2102841639620783, 24.743951792125486 -0.2213389035788318, 24.765725790766727 -0.2324160932524053, 24.787477234064458 -0.2435152361300836, 24.809206082160653 -0.254635835287891, 24.830912294655935 -0.265777393738079, 24.852595830602315 -0.2769394144401478, 24.874256648492736 -0.288121400310128, 24.895894706251784 -0.2993228542306616, 24.917509961104603 -0.3105432789868245, 24.93910236969681 -0.3217821773550798, 24.960671888212133 -0.3330390521916153, 24.982218472233825 -0.3443134063642788, 25.00374207673849 -0.3556047427653814, 25.025242656084718 -0.366912564321435, 25.046720164009898 -0.3782363740080892, 25.068174553621276 -0.3895756748617396, 25.089605777389995 -0.4009299699930999, 25.111013787142976 -0.4122987625996342, 25.13239853405904 -0.4236815559807974, 25.15375996866183 -0.4350778535514888, 25.175098040812443 -0.4464871588554649, 25.196412699706016 -0.4579089755814509, 25.217703893823618 -0.4693428075516608, 25.238971570881095 -0.4807881587084628, 25.26021567805072 -0.4922445332708341, 25.281436161830065 -0.5037114356720773, 25.302632968023364 -0.5151883705674349, 25.323806041740543 -0.5266748428528767, 25.34495532739006 -0.5381703576802033, 25.366080768676564 -0.5496744204754023, 25.387182308595673 -0.561186536955359, 25.40825988943131 -0.5727062131464282, 25.429313452751288 -0.5842329554020607, 25.450342939404646 -0.595766270421783, 25.471348289516367 -0.607305665268731, 25.492329442486717 -0.6188506473902742, 25.513286336939235 -0.6304007246066923, 25.534218910780503 -0.6419554051700629, 25.555127101240892 -0.6535141978115391, 25.57601084481615 -0.6650766117266567, 25.596870077261578 -0.6766421565938419, 25.617704733592376 -0.6882103425969248, 25.638514748080727 -0.6997806804458835, 25.65930005425343 -0.711352681398113, 25.680060584891528 -0.7229258572811987, 25.70079627202791 -0.7344997205145747, 25.721507046944737 -0.7460737841313887, 25.742192840175804 -0.7576475618035934, 25.76285358150068 -0.7692205678621371, 25.78348919994793 -0.7807923173230784, 25.804099623808526 -0.7923623259202928, 25.824684780628413 -0.8039301101253495, 25.845244597199358 -0.815495187166456, 25.86577899955973 -0.8270570750539461, 25.886287912991346 -0.8386152926034385, 25.906771262022353 -0.850169359463063, 25.9272289704248 -0.8617187961375206, 25.94766096121789 -0.8732631240159703, 25.9680671566651 -0.8848018653962431, 25.988447478279806 -0.8963345435146617, 26.008801846820727 -0.9078606825696409, 26.02913018229663 -0.9193798077513347, 26.049432403971096 -0.9308914452715331, 26.069708430437807 -0.9423951224379064, 26.08995817951573 -0.9538903676156207, 26.110181568251228 -0.9653767102562412, 26.130378512947004 -0.9768536809436283, 26.15054892916728 -0.9883208114251345, 26.170692731737724 -0.9997776346397156, 26.190809834748585 -1.0112236847482878, 26.210900151559848 -1.0226584971654966, 26.230963594802013 -1.0340816085890179, 26.251000076380784 -1.0454925570314595, 26.27100950748139 -1.0568908818522291, 26.290991798570676 -1.0682761237882432, 26.31094685940373 -1.0796478249876247, 26.330874599063193 -1.091005529063864, 26.350774926056268 -1.1023487811857853, 26.37064774806655 -1.113677127953722, 26.390492972066927 -1.124990117500031, 26.410310504343382 -1.1362872995343782, 26.430100250500065 -1.1475682253776127, 26.44986211546516 -1.1588324479962742, 26.46959600349984 -1.1700795220391704, 26.48930181820379 -1.1813090038720344, 26.50897946252154 -1.1925204516128443, 26.528628838753473 -1.2037134251701296, 26.54824984856101 -1.214887486277942, 26.56784239297601 -1.2260421985334786, 26.58740637241141 -1.2371771274356629, 26.60694168667738 -1.2482918404272045, 26.626448235166897 -1.259385907039944, 26.64592591657861 -1.2704588987579721, 26.66537462895563 -1.2815103890742867, 26.68479426977163 -1.2925399535760869, 26.704184735942828 -1.3035471699849028, 26.72354592383822 -1.314531618195832, 26.742877729295888 -1.325492880320477, 26.762180047631055 -1.3364305407250465, 26.78145277365533 -1.3473441860752482, 26.80069580168647 -1.3582334053756022, 26.819909025566734 -1.3690977900139492, 26.839092338674547 -1.3799369338020002, 26.85824563394547 -1.3907504330215608, 26.877368803884632 -1.401537886465644, 26.896461740585693 -1.412298895483532, 26.915524335822372 -1.4230330640689213, 26.934556481131242 -1.4337399989423198, 26.95355806750071 -1.4444193094004136, 26.972528985569813 -1.4550706074683446, 26.991469125661844 -1.4656935079534792, 27.010378377808074 -1.4762876284932591, 27.02925663176584 -1.4868525895997322, 27.048103777046364 -1.4973880147096912, 27.066919702936364 -1.507893530231103, 27.085704298521694 -1.5183687655907008, 27.10445745271774 -1.5288133532853327, 27.123179054290404 -1.5392269289277665, 27.141868991888447 -1.5496091312989437, 27.160527154068113 -1.5599596023956195, 27.179153429327396 -1.5702779874834005, 27.197747706130738 -1.5805639351440632, 27.216309872945146 -1.590817097329299, 27.234839818271688 -1.6010371294115064, 27.253337430754954 -1.6112236902786339, 27.271802599225467 -1.621376442390074, 27.29023521249193 -1.6314950516910487, 27.308635159532557 -1.6415791877535881, 27.3270023295381 -1.6516285238324808, 27.345336611950884 -1.6616427369186568, 27.363637896507274 -1.671621507794047, 27.381906073278266 -1.6815645210850245, 27.400141432983787 -1.691470742679147, 27.418349060228657 -1.701330450930754, 27.436530416095398 -1.711140389471541, 27.454685356977205 -1.7209001908613584, 27.472813738069398 -1.7306094910233154, 27.49091541339614 -1.740267929301385, 27.50899023584048 -1.7498751485196489, 27.527038057175652 -1.759430795042076, 27.545058728094187 -1.7689345188308854, 27.563052098245983 -1.7783859735095517, 27.581018016268356 -1.7877848164211876, 27.598956329825874 -1.7971307086919208, 27.616866885644804 -1.8064233152910574, 27.63474952955497 -1.8156623050948397, 27.652604106529044 -1.8248473509484617, 27.67043046072457 -1.833978129729108, 27.688228435576704 -1.8430543224350557, 27.705997873801355 -1.8520756142270327, 27.723738617373048 -1.8610416944564772, 27.741450507636262 -1.869952256763063, 27.759133385357778 -1.878806999140451, 27.776787090778846 -1.8876056240013588, 27.794411463669192 -1.8963478382428256, 27.812006343384397 -1.9050333533124886, 27.829571568923654 -1.9136618852742973, 27.84710697899147 -1.9222331548753282, 27.8646124120583 -1.9307468876112461, 27.882087706427146 -1.9392028137938044, 27.899532700299805 -1.947600668617192, 27.916947231845292 -1.9559401922244113, 27.934331139272487 -1.9642211297747036, 27.951684260901544 -1.9724432315091598, 27.96900643524304 -1.980606252818972, 27.98629750107279 -1.9887099543102789, 28.003557297515997 -1.996754101872233, 28.020785664126837 -2.004738466741451, 28.037982440978453 -2.0126628255700583, 28.055147468746934 -2.0205269604892924, 28.07228058880454 -2.02833065917595, 28.08938164331326 -2.0360737149173236, 28.106450475320365 -2.043755926675348, 28.12348692885607 -2.0513770991499536, 28.140490849037782 -2.0589370428435787, 28.157462082172312 -2.0664355741228286, 28.174400475862615 -2.0738725152801756, 28.191305879119707 -2.0812476945959117, 28.208178142473646 -2.088560946397521, 28.225017118090147 -2.0958121111193058, 28.24182265988743 -2.103001035359785, 28.258594623660684 -2.1101275719400743, 28.275332867203144 -2.1171915799581926, 28.292037250434763 -2.124192924844194, 28.308707635532812 -2.13113147841338, 28.32534388706438 -2.1380071189176006, 28.341945872121677 -2.144819731094871, 28.35851346046367 -2.1515692062187792, 28.375046524654444 -2.1582554421433953, 28.391544940211176 -2.164878343349155, 28.4080085857497 -2.1714378209844583, 28.42443734313794 -2.177933792907238, 28.440831097645326 -2.1843661837214055, 28.45718973810354 -2.190734924814495, 28.473513157063678 -2.1970399543901613, 28.48980125095751 -2.2032812174986636, 28.50605392026376 -2.2094586660655624, 28.522271069675643 -2.215572258916997, 28.53845260826869 -2.2216219618010915, 28.55459844967564 -2.2276077474080545, 28.570708512261316 -2.233529595386076, 28.586782719298412 -2.2393874923533064, 28.60282099914909 -2.2451814319076897, 28.61882328544548 -2.2509114146319504, 28.634789517276268 -2.256577448096288, 28.650719639369 -2.2621795468548695, 28.666613602282226 -2.267717732441241, 28.682471362593553 -2.273192033357444, 28.69829288308934 -2.278602485058835, 28.714078132962538 -2.2839491299369232, 28.729827088001908 -2.2892320172940304, 28.745539730790828 -2.294451203316325, 28.761216050903137 -2.299606751040595, 28.776856045100544 -2.3046987303163418, 28.792459717531514 -2.309727217763093, 28.8080270799392 -2.31469229672539, 28.823558151937096 -2.319594057244572, 28.839052961078643 -2.324432595956079, 28.854511543087064 -2.3292080160358544, 28.86993394206972 -2.333920427135631, 28.885320210717758 -2.3385699453076763, 28.90067041050341 -2.343156692923179, 28.915984611875228 -2.3476807985844186, 28.931262894454356 -2.3521423970316553, 28.94650534722631 -2.3565416290430115, 28.961712068734748 -2.360878641329392, 28.97688316726804 -2.3651535864216084, 28.99201876104764 -2.3693666225525143, 29.007118978411487 -2.3735179135321225, 29.022183957995036 -2.377607628616546, 29.037213848908383 -2.3816359423703517, 29.052208810910116 -2.385603034522622, 29.06716901457615 -2.389509089816272, 29.082094641466878 -2.3933542978516433, 29.0969858842853 -2.3971388529224917, 29.11184294703289 -2.4008629538462953, 29.12666604516376 -2.4045268037891327, 29.141455406200556 -2.408130610202835, 29.156211269360732 -2.411674584498993, 29.17093388540508 -2.4151589417847923, 29.185623517086775 -2.4185839007465115, 29.2002804392692 -2.4219496834422056, 29.214904939034934 -2.425256515088167, 29.22949731578809 -2.4285046238399004, 29.24405788134719 -2.4316942405671718, 29.258586960030335 -2.43482559862378, 29.273084888731276 -2.437898933611975, 29.28755201698462 -2.4409144831414267, 29.30198870702435 -2.4438724865839108, 29.316395333829583 -2.446773184822692, 29.330772285160798 -2.4496168199976167, 29.345119961587258 -2.452403635246367, 29.359438776923614 -2.4551338745236464, 29.3737291588508 -2.457807782443852, 29.387991546691513 -2.4604256035755507, 29.402226392467615 -2.4629875823890135, 29.41643416097215 -2.465493963000907, 29.430615329723903 -2.4679449888956775, 29.444770388911394 -2.4703409026452654, 29.458899841324467 -2.4726819456272047, 29.47300420227079 -2.4749683577410275, 29.48708399948174 -2.4772003771242117, 29.50113977300461 -2.479378239867524, 29.515172075080173 -2.481502179730076, 29.529181470008997 -2.4835724278550524, 29.543168534586094 -2.485589212568659, 29.557133859141995 -2.4875527592510114, 29.57107804363522 -2.4894632895200735, 29.585001699181564 -2.491321021215508, 29.598905448077122 -2.4931261681554973, 29.61278992358217 -2.4948789398636686, 29.62665576969273 -2.4965795412996457, 29.64050364089671 -2.498228172593316, 29.65433420191915 -2.499825028783793, 29.66814812745389 -2.501370299563198, 29.681946101881504 -2.5028641690256928, 29.69572881897643 -2.5043068154225265, 29.709496982888446 -2.5056984110407017, 29.72325130810849 -2.507039121968214, 29.73699251495759 -2.5083291074897014, 29.75072133175356 -2.5095685201213866, 29.764438494550262 -2.510757505410723, 29.778144746776267 -2.5118962017358397, 29.79184083885931 -2.5129847401135024, 29.805527527845737 -2.514023244016638, 29.81920557700554 -2.5150118292010917, 29.832875755433363 -2.5159506035426222, 29.846538837637596 -2.5168396668839437, 29.860195604059758 -2.5176791109338126, 29.87384684237956 -2.5184690191844448, 29.887493341240432 -2.51920946652601, 29.901135892631114 -2.5199005192942305, 29.914775291786373 -2.5205422351901396, 29.92841233673994 -2.5211346631950446, 29.942047827872123 -2.5216778434974887, 29.955682567453326 -2.522171807432393, 29.969317359185876 -2.522616577432567, 29.982953007742648 -2.523012166992621, 29.996590318303696 -2.5233585806454206, 30.010230097519663 -2.5236558139464904, 30.023873153674188 -2.523903853440138, 30.03752029082289 -2.524102676693438, 30.05117231149925 -2.5242522523439423, 30.064830016413676 -2.524352540139546, 30.078494203993532 -2.5244034909906716, 30.09216566992791 -2.5244050470347945, 30.105845206714797 -2.524357141713214, 30.119533603214077 -2.524259699859872, 30.133231644203594 -2.524112637802113, 30.146940109942275 -2.5239158634731025, 30.16065977758145 -2.523669276442443, 30.174391419886735 -2.5233727680586147, 30.18813580091584 -2.523026221805071, 30.201893678476324 -2.522629513337531, 30.215665803759798 -2.522182510649705, 30.229452920950248 -2.521685074250636, 30.243255766842804 -2.521137057351603, 30.257075070467813 -2.5205383060626563, 30.270911552732862 -2.519888659597493, 30.284765926066367 -2.519187950487533, 30.298638894081048 -2.5184360048034184, 30.31253115226549 -2.517632642284842, 30.32644338837573 -2.5167776764834313, 30.340376277630504 -2.5158709154470316, 30.354330485010262 -2.514912161742415, 30.36830666514557 -2.5139012126955103, 30.382305462051754 -2.5128378606525965, 30.39632750887303 -2.511721893246854, 30.41037342764433 -2.5105530936688885, 30.424443829062845 -2.509331240941717, 30.438539312274788 -2.508056110199092, 30.45266046467416 -2.5067274729671283, 30.46680786171909 -2.5053450974480116, 30.48098206791591 -2.5039087486350082, 30.495183635998025 -2.5024181886771064, 30.509413104445848 -2.5008731775228688, 30.523670999172232 -2.499273472957001, 30.537957833426702 -2.4976188308874114, 30.55227410768837 -2.495909005635788, 30.566620309577736 -2.4941437502267934, 30.580996913777494 -2.4923228166770097, 30.595404381966866 -2.490445956282506, 30.609843162773704 -2.4885129199038083, 30.624313691730226 -2.486523458250409, 30.638816391250614 -2.484477322161114, 30.6533516706133 -2.4823742628829857, 30.667919926580403 -2.480214032221536, 30.682521543207198 -2.477996382840997, 30.697156890252536 -2.475721068860576, 30.711826324381022 -2.4733878458928467, 30.726530189225976 -2.4709964712992765, 30.74126881544984 -2.4685467044435785, 30.756042520797475 -2.46603830694393, 30.770851610181463 -2.4634710429152955, 30.785696375752565 -2.4608446792118595, 30.80057709700245 -2.458158985658815, 30.815494040855178 -2.455413735283039, 30.830447461784065 -2.4526087045340494, 30.845437601920427 -2.4497436735028284, 30.86046469118741 -2.4468184261303536, 30.87552894742389 -2.4438327504141264, 30.89063057659688 -2.4407864385874003, 30.9057697733365 -2.437679287207085, 30.92094672012677 -2.434511097587231, 30.936161587838285 -2.4312816758857307, 30.95141453602199 -2.4279908332430145, 30.96670571308199 -2.424638385946296, 30.982035256446167 -2.4212241555890364, 30.99740329274179 -2.417747969223645, 31.012809937982205 -2.41420965950555, 31.028255297745552 -2.4106090648339453, 31.043739467371534 -2.40694602948173, 31.05926253214384 -2.403220403723907, 31.074824567493632 -2.399432043954112, 31.090425639190773 -2.3955808127989537, 31.106065803544237 -2.3916665792238856, 31.12174510760515 -2.3876892186324437, 31.137463589366728 -2.3836486129606422, 31.153221277969923 -2.3795446507638105, 31.169018193907313 -2.3753772272981797, 31.184854349228644 -2.3711462445962015, 31.200729747747936 -2.366851611535584, 31.21664438524883 -2.3624932439032085, 31.232598249744523 -2.3580710644348555, 31.248591321597893 -2.3535850028961116, 31.264623573712484 -2.349034996134953, 31.280694971790062 -2.3444209881057656, 31.296805474531148 -2.3397429299069805, 31.3129550338406 -2.3350007798115193, 31.329143595028928 -2.3301945032933986, 31.34537109701198 -2.3253240730496496, 31.36163747251098 -2.320389469016905, 31.37794264824812 -2.315390678384472, 31.39428654514343 -2.310327695601927, 31.410669078509112 -2.3052005223826297, 31.427090158237675 -2.300009167704717, 31.443549688994786 -2.2947536478055506, 31.460047570402292 -2.289433986175146, 31.4765836972286 -2.2840502135422445, 31.493157959562392 -2.278602367862254, 31.509770242999423 -2.273090494295728, 31.52642042881614 -2.2675146451876733, 31.543108394143008 -2.261874880042744, 31.55983401213607 -2.2561712654970556, 31.576597152147226 -2.2504038752864393, 31.593397679886117 -2.244572790214237, 31.61023545758704 -2.2386780981131302, 31.627110344161895 -2.232719893809059, 31.644022195365835 -2.2266982790762375, 31.66097086394006 -2.2206133625981215, 31.677956199770076 -2.2144652599185504, 31.69497805003035 -2.2082540933951966, 31.7120362593272 -2.20197999215063, 31.729130669839815 -2.1956430920209833, 31.74626112146105 -2.1892435355017144, 31.763427451927978 -2.182781471694855, 31.780629496956408 -2.176257056251667, 31.797867090368392 -2.1696704513156444, 31.8151400642164 -2.16302182546431, 31.8324482489084 -2.1563113536480536, 31.849791473323915 -2.1495392171304855, 31.8671695649326 -2.1427056034253145, 31.884582349905962 -2.135810706233981, 31.90202965322783 -2.128854725381634, 31.919511298802558 -2.1218378667520597, 31.937027109556237 -2.1147603422236774, 31.95457690754306 -2.1076223696012795, 31.972160514038766 -2.100424172551797, 31.98977774963821 -2.0931659805363605, 32.007428434350516 -2.085848028741758, 32.02511238768402 -2.0784705580150096, 32.04282942873939 -2.0710338147924983, 32.06057937628838 -2.063538051034401, 32.07836204886283 -2.055983524152781, 32.09617726482755 -2.048370496945995, 32.11402484245975 -2.0406992375286794, 32.131904600026154 -2.032970019261538, 32.14981635585073 -2.0251831206845496, 32.16775992838644 -2.0173388254470566, 32.1857351362812 -2.0094374222396114, 32.20374179844629 -2.0014792047236094, 32.22177973411494 -1.9934644714647956, 32.23984876290146 -1.985393525865661, 32.25794870486813 -1.9772666760929964, 32.27607938057045 -1.9690842350155897, 32.29424061111871 -1.9608465201328924, 32.312432218226995 -1.9525538535093196, 32.330654024262785 -1.9442065617076558, 32.34890585229838 -1.9358049757207927, 32.36718752615347 -1.9273494309075005, 32.38549887045694 -1.9188402669176015, 32.40383971073992 -1.910277827599825, 32.42220987334714 -1.9016624610049564, 32.44060918552802 -1.892994519294438, 32.45903747548411 -1.8842743586712778, 32.477494572408496 -1.8755023393147894, 32.4959803065159 -1.8666788253198636, 32.51449450907727 -1.857804184633666, 32.533037012451004 -1.8488787889937817, 32.55160765011315 -1.8399030138667538, 32.5702062566854 -1.830877238387493, 32.588832667961526 -1.8218018452994624, 32.607486720934546 -1.8126772208942559, 32.62616825382081 -1.8035037549527193, 32.64487710608124 -1.79428184068755, 32.66361311844827 -1.7850118746826809, 32.68237613293958 -1.7756942568398508, 32.70116599288475 -1.766329390318048, 32.71998254294077 -1.7569176814790386, 32.73882562910745 -1.7474595398330548, 32.757695098749316 -1.7379553779807673, 32.77659080060608 -1.7284056115618027, 32.79551258481058 -1.7188106591990158, 32.81446030290081 -1.709170942446258, 32.83343380788938 -1.699486885703443, 32.85243295432531 -1.6897589161355682, 32.87145759804801 -1.6799874637678311, 32.89050759633752 -1.6701729613555125, 32.9095828079358 -1.6603158443270443, 32.92868309305264 -1.6504165507359163, 32.94780831337447 -1.6404755212111843, 32.96695833207286 -1.6304931989082825, 32.98613301380957 -1.620470029461944, 33.00533222474505 -1.6104064609374584, 33.02455583253787 -1.6003029437872633, 33.04380370635923 -1.590159930799106, 33.06307571688638 -1.5799778770565631, 33.08237173631394 -1.5697572398895172, 33.101691638354936 -1.5594984788307167, 33.12103529823962 -1.549202055573999, 33.140402592723966 -1.538868433927048, 33.15979340008699 -1.528498079770916, 33.17920760021622 -1.518091460967516, 33.19864507461451 -1.507649047313574, 33.2181057061364 -1.4971713106563673, 33.237589379156056 -1.486658724753377, 33.25709597957223 -1.4761117652286968, 33.27662539480725 -1.4655309095333038, 33.296177513808615 -1.4549166369039872, 33.31575222704097 -1.4442694283284656, 33.335349426492016 -1.433589766502268, 33.354969005663435 -1.4228781357950702, 33.374610859575164 -1.4121350222092168, 33.394274884756456 -1.4013609133464824, 33.41396097924557 -1.3905562983700386, 33.43366904258832 -1.3797216679672908, 33.453398975832485 -1.3688575143156296, 33.47315068153025 -1.3579643310435243, 33.49292406388703 -1.3470426131024527, 33.51271902849112 -1.3360928568949924, 33.5325354823441 -1.3251155602201214, 33.55237333393055 -1.31411122219466, 33.572232493208006 -1.303080343223547, 33.59211287160961 -1.2920234249627354, 33.612014382029734 -1.2809409702927645, 33.631936938830606 -1.269833483279845, 33.651880457825435 -1.2587014691516276, 33.671844856280224 -1.2475454342618224, 33.69183005290671 -1.2363658860606104, 33.71183596785431 -1.2251633330659486, 33.731862522708674 -1.2139382848311715, 33.75190964048072 -1.2026912519187118, 33.77197724568042 -1.1914227458215831, 33.79206526424964 -1.1801332789725294, 33.812173623426425 -1.1688233647963089, 33.832302251854216 -1.1574935176102403, 33.85245107957218 -1.1461442525987215, 33.872620038008925 -1.1347760857859788, 33.89280905997947 -1.1233895340071418, 33.913018079672455 -1.1119851148856308, 33.933247032652616 -1.1005633468014082, 33.95349585584552 -1.0891247488705489, 33.97376448753469 -1.077669840917435, 33.99405286735718 -1.0661991434481954, 34.01436093629141 -1.0547131776293046, 34.03468863665914 -1.0432124652576138, 34.05503591216845 -1.0316975287050165, 34.07540270779652 -1.020168890963762, 34.095788969810705 -1.0086270756054723, 34.11619464578585 -0.9970726067428373, 34.1366196846008 -0.9855060090045566, 34.15706403643108 -0.9739278075130215, 34.17752765274101 -0.9623385278626482, 34.1980104862774 -0.9507386960975095, 34.21851249106109 -0.9391288386906038, 34.23903362238343 -0.9275094825203334, 34.259573836794495 -0.9158811548524752, 34.28013309209885 -0.9042443833176412, 34.30071134734965 -0.8925996958901561, 34.32130856283555 -0.8809476208716991, 34.341924700061796 -0.8692886868788638, 34.36255972175444 -0.8576234228165565, 34.38321359185733 -0.8459523578560784, 34.40388627552613 -0.8342760214155303, 34.42457773911884 -0.8225949431425534, 34.445287950191215 -0.8109096528943098, 34.46601687748891 -0.7992206807199025, 34.48676449093789 -0.7875285568439785, 34.50753076163998 -0.7758338116475396, 34.52831566186362 -0.7641369756519543, 34.54911916503781 -0.7524385795012889, 34.569941245743436 -0.7407391539464832, 34.59078187969325 -0.7290392298369976, 34.61164104366742 -0.7173393381404432, 34.63251871562559 -0.7056400098519346, 34.65341487466043 -0.6939417760031226, 34.67432950098014 -0.6822451676532175, 34.69526257590111 -0.6705507158740096, 34.716214081834984 -0.658858951738597, 34.737184002290704 -0.6471704063009982, 34.758172321856115 -0.6354856105888582, 34.77917902619546 -0.6238050955863959, 34.80020410204351 -0.6121293922197821, 34.82124753719059 -0.6004590313483928, 34.84230932047954 -0.5887945437489157, 34.86338944179707 -0.5771364601031901, 34.88448789199963 -0.5654853110268181, 34.90560466290733 -0.5538416270557927, 34.92673974746441 -0.5422059385301161, 34.94789313962614 -0.5305787756475158, 34.96906483434864 -0.5189606684534136, 34.990254827579406 -0.5073521468307198, 35.01146311624868 -0.4957537404893035, 35.0326896982605 -0.4841659789558932, 35.05393457248165 -0.472589391565551, 35.07519773873419 -0.4610245074510788, 35.096479197786216 -0.4494718555337926, 35.117778951338025 -0.4379319645173498, 35.13909700201814 -0.4264053628756574, 35.16043335336871 -0.4148925788476279, 35.18178800980666 -0.4033941404467904, 35.203160976494075 -0.3919105755262973, 35.22455225961674 -0.3804424115952802, 35.245961866262775 -0.3689901758798178, 35.26738980438019 -0.3575543953355229, 35.28883608276897 -0.3461355966393986, 35.310300711070035 -0.3347343061837298, 35.33178369974922 -0.3233510500731178, 35.353285060087785 -0.311986354117822, 35.37480480417479 -0.3006407438261087, 35.3963429448819 -0.2893147444073536, 35.417899495864766 -0.2780088807593117, 35.43947447154077 -0.2667236774697626, 35.46106788707769 -0.2554596588117517, 35.4826797583809 -0.2442173487398174, 35.50431010207775 -0.2329972708880938, 35.52595893539353 -0.2217999486327586, 35.54762627622265 -0.2106259050383545, 35.569312143268405 -0.1994756627643353, 35.59101655589834 -0.1883497441404203, 35.61273953412697 -0.177248671166284, 35.634481098600695 -0.1661729655099753, 35.65624127057673 -0.1551231485100011, 35.67802007191167 -0.1440997411717966, 35.69981752504043 -0.1331032641699426, 35.72163365295671 -0.1221342378495658, 35.74346847919852 -0.1111931822247549, 35.7653220278249 -0.1002806169822596, 35.787194323396584 -0.0893970614828559, 35.8090853909612 -0.0785430347601546, 35.83099525602274 -0.0677190555284606, 35.852923944529834 -0.056925642179859, 35.87487148284887 -0.0461633127899872, 35.89683789774017 -0.0354325851219674, 35.91882321623147 -0.0247339766886334, 35.940827465719096 -0.0140680046848578, 35.9628506740159 -0.0034351859511002, 35.98489286923527 0.0071639629702902, 36.00695407976515 0.0177289258301028, 36.02903433424103 0.0282591866668982, 36.05113366152077 0.0387542298027885, 36.07325209065253 0.0492135398353932, 36.09538965085043 0.0596366016344003, 36.11754637146284 0.0700229003340689, 36.139722281942795 0.0803719213271268, 36.161917411815445 0.0906831502573036, 36.18413179064903 0.1009560730138988, 36.206365448018495 0.1111901757226457, 36.22861841347518 0.1213849447401041, 36.25089071651 0.1315398666448091, 36.273182386517746 0.1416544282293033, 36.295493452763125 0.1517281164934576, 36.31782394434136 0.1617604186351826, 36.34017389013913 0.1717508220416475, 36.36254331879725 0.1816988142819522, 36.38493225866892 0.1916038830976576, 36.40734073777863 0.2014655163942889, 36.429768783777504 0.2112832022312616, 36.45221642384863 0.2210564287863661, 36.47468368474876 0.230784684392193, 36.49717059275802 0.2404674575244294, 36.51967717360515 0.2501042367781741, 36.542203452416764 0.259694510857446, 36.56474945367034 0.2692377685673657, 36.5873152011422 0.278733498804377, 36.60990071785571 0.288181190547232, 36.63250602602918 0.297580332848637, 36.65513114702025 0.3069304148258116, 36.677776101270574 0.3162309256520572, 36.70044090825052 0.3254813545490767, 36.72312558639676 0.3346811907767004, 36.74583015305852 0.3438299236277709, 36.76855462443132 0.3529270424177489, 36.79129901549779 0.3619720364788721, 36.81406333996183 0.370964395151957, 36.83684761018691 0.379903607781384, 36.85965183712475 0.3887891637064098, 36.882476030251304 0.3976205522572256, 36.905320197497275 0.4063972627495163, 36.92818434517318 0.4151187844776443, 36.95106847790352 0.4237846067134605, 36.973972598547206 0.4323942186998662, 36.99689670812738 0.4409471096501958, 37.01984080575014 0.4494427687437665, 37.04280488853116 0.4578806851266011, 37.06578895151295 0.4662603479092326, 37.08879298758522 0.4745812461675198, 37.11181698740218 0.4828428689436657, 37.13486093930074 0.4910447052491898, 37.1579248292113 0.4991862440663342, 37.18100864057522 0.5072669743541096, 37.20411235425434 0.5152863850526048, 37.227235948443024 0.5232439650902556, 37.250379398576236 0.5311392033911801, 37.27354267723865 0.5389715888849442, 37.29672575407021 0.5467406105166936, 37.3199285956712 0.5544457572591763, 37.343151165510044 0.5620865181278847, 37.366393423819076 0.5696623821932749, 37.38965532750346 0.5771728386007071, 37.41293683003761 0.5846173765872567, 37.43623788136451 0.5919954855021299, 37.459558427797376 0.5993066548302053, 37.4828984119132 0.6065503742147091, 37.50625777245103 0.6137261334841329, 37.529636444208016 0.6208334226807297, 37.55303435793395 0.627871732090868, 37.57645144022251 0.6348405522765841, 37.5998876134104 0.6417393741128805, 37.62334279546415 0.648567688822671, 37.64681689987619 0.6553249880181058, 37.670309835553894 0.6620107637417734, 37.69382150671406 0.6686245085127276, 37.71735181277272 0.6751657153734782, 37.74090064823409 0.6816338779394147, 37.76446790258641 0.6880284904536782, 37.78805346018821 0.6943490478411836, 37.811657200162685 0.7005950457686236, 37.83527899628935 0.7067659807062336, 37.858918716893676 0.7128613499917573, 37.88257622474285 0.7188806518995419, 37.90625137693652 0.7248233857107045, 37.929944024804186 0.7306890517886004, 37.95365401379612 0.7364771516549264, 37.977381183384374 0.7421871880722746, 38.00112536693798 0.7478186651208882, 38.024886391590115 0.7533710882761733, 38.04866407823401 0.7588439645318281, 38.07245824138314 0.7642368024800219, 38.096268689071984 0.7695491124083542, 38.120095222764895 0.7747804064022201, 38.14393763726275 0.7799301984493534, 38.16779572061524 0.7849980045488583, 38.191669254035475 0.7899833428237413, 38.21555801181595 0.7948857336365125, 38.2394617612511 0.7997046997094259, 38.263380262558016 0.8044397662467384, 38.287313268804894 0.8090904610617644, 38.31126052584316 0.8136563147074549, 38.33522177223873 0.8181368606090575, 38.35919673921478 0.8225316352023575, 38.38318515059193 0.8268401780733636, 38.40718672273747 0.8310620321025917, 38.43120116451714 0.8351967436120455, 38.455228177253225 0.8392438625157562, 38.47926745468673 0.843202942473194, 38.50331868291552 0.8470735410381649, 38.527381540002 0.8508552197262952, 38.55145569657472 0.8545475443400673, 38.575540815704564 0.8581500851027912, 38.599636552774754 0.8616624167947394, 38.623742555482515 0.8650841189242894, 38.64785846383908 0.8684147758993739, 38.67198391018529 0.8716539772032876, 38.69611851920782 0.8748013175709229, 38.720261907964904 0.8778563971674881, 38.7444136859208 0.8808188217691474, 38.768573454983645 0.8836882029442629, 38.792740809556854 0.8864641582371996, 38.81691533659068 0.8891463113515518, 38.841096615649555 0.8917342923359249, 38.86528421898171 0.8942277377691106, 38.88947771105787 0.896626290841146, 38.91367664892881 0.8989296016015756, 38.937880583287466 0.9011373273306824, 38.96208905788362 0.9032491325857203, 38.98630160963199 0.9052646893850439, 39.01051776873521 0.9071836773926191, 39.03473705881287 0.9090057841008959, 39.05895899704218 0.9107307050128215, 39.08318309430352 0.9123581438214577, 39.10740885533823 0.9138878125882635, 39.131635778912084 0.9153194319185634, 39.15586335798852 0.916652731134654, 39.180091079910056 0.9178874484460041, 39.20431842582855 0.9190233310093657, 39.22854487109622 0.9200601351344873, 39.25276988723035 0.9209976266885188, 39.27699294095598 0.9218355810766796, 39.301213494410376 0.9225737833909503, 39.32543100537191 0.9232120285565226, 39.34964492749824 0.9237501214735614, 39.37385471057043 0.9241878771535034, 39.39805980074358 0.9245251208498212, 39.42225964080636 0.9247616881831918, 39.446453670445045 0.924897425260405, 39.47064132651261 0.9249321887868198, 39.49482204188364 0.9248658460442483, 39.51899524729491 0.9246982751543825, 39.543160372710055 0.9244293652561418, 39.56731684640909 0.9240590164717345, 39.59146409528571 0.923587139983936, 39.615601545149715 0.9230136581057875, 39.639728621032546 0.9223385043423497, 39.66384474749702 0.9215616234444909, 39.687949348949616 0.9206829714544527, 39.7120418499555 0.9197025157430938, 39.73612167555599 0.9186202350387057, 39.760188250438716 0.9174361193977387, 39.784240999685245 0.9161501702576859, 39.808279351632066 0.9147624005431377, 39.83230273641502 0.9132728345671209, 39.85631058624135 0.9116815080142346, 39.88030233578161 0.9099884679188117, 39.904277422353445 0.9081937726288605, 39.92823528613319 0.9062974917650847, 39.95217537374902 0.9042997062030933, 39.97609711354335 0.9022005078398513, 40.00000006504256 0.8999999999999976, 39.99999993495744 -0.8999999999999976, 39.99999993495744 -0.8999999999999976, 39.983882876451645 -0.9022795434308751, 39.967784606240976 -0.9046158454438755, 39.9517046838518 -0.9070087933445473, 39.93564253762655 -0.9094582796199802, 39.91959761419338 -0.9119642015331071, 39.90356935372863 -0.9145264613571162, 39.88755719354996 -0.9171449663943513, 39.87156056832791 -0.9198196290186503, 39.855578910269735 -0.9225503667130078, 39.839611649511255 -0.9253371020932621, 39.823658214388985 -0.9281797629270595, 39.80771802998447 -0.9310782822348564, 39.791790520985344 -0.9340325981864588, 39.77587511243294 -0.9370426540509672, 39.75997122889241 -0.9401083982291422, 39.74407829477025 -0.9432297842279109, 39.728195734629246 -0.9464067706266991, 39.712322973500854 -0.9496393210356869, 39.696459437194896 -0.9529274040460868, 39.68060455260503 -0.9562709931726973, 39.66475774801131 -0.9596700667887654, 39.64891845337733 -0.9631246080535096, 39.6330860994399 -0.9666346049510992, 39.61726011907358 -0.9702000501186053, 39.60143994913135 -0.9738209405881059, 39.58562502929951 -0.9774972778145837, 39.569814802366686 -0.9812290675694894, 39.55400871448802 -0.9850163198281072, 39.538206215444546 -0.9888590486508947, 39.52240675889395 -0.9927572720594748, 39.50660980261457 -0.9967110119073289, 39.49081480874369 -1.0007202937452846, 39.47502124400636 -1.0047851466825444, 39.45922857991985 -1.0089056032457178, 39.44343629183639 -1.0130816994061196, 39.42764386090782 -1.0173134741835783, 39.41185077447668 -1.0216009694491712, 39.39605652550638 -1.0259442298737973, 39.38026061276271 -1.0303433027669184, 39.36446254098703 -1.0347982379126188, 39.34866182105968 -1.0393090874035504, 39.33285797015791 -1.0438759054722944, 39.31705051190127 -1.0484987483216446, 39.30123897649243 -1.0531776739527166, 39.28542290084607 -1.0579127419924372, 39.269601828712005 -1.0627040135196515, 39.253775310783176 -1.067551550891825, 39.23794290411032 -1.072455417709889, 39.2221041731642 -1.077415678458336, 39.20625869019302 -1.0824323982685025, 39.19040603476123 -1.0875056428492935, 39.17454579381907 -1.0926354783140413, 39.158677561769956 -1.0978219710069754, 39.142800940522044 -1.103065187332482, 39.12691553953957 -1.1083651935840375, 39.111020975880784 -1.1137220557759202, 39.09511687423234 -1.1191358394757533, 39.079202866935105 -1.1246066096392262, 39.06327859400029 -1.1301344304475038, 39.04734370312512 -1.1357193651453144, 39.03139784969285 -1.141361475883603, 39.01544069677432 -1.147060823562755, 38.99947191499812 -1.1528174677110297, 38.98349118242661 -1.158631466365386, 38.96749818515769 -1.1645028757614986, 38.95149261693236 -1.1704317502815271, 38.9354741790729 -1.1764181423207003, 38.91944258044505 -1.182462102149636, 38.90339753741609 -1.1885636777797368, 38.88733877380667 -1.1947229148323661, 38.871266020839926 -1.2009398564109748, 38.855179017081795 -1.2072145429780217, 38.83907750838372 -1.213547012233562, 38.82296124781386 -1.2199372989996682, 38.80682999558934 -1.226385435107125, 38.79068351900457 -1.2328914492858705, 38.77452159235206 -1.2394553670604813, 38.75834399684491 -1.2460772106478681, 38.74215052053281 -1.2527569988598315, 38.72594095821666 -1.2594947470089286, 38.70971511136078 -1.266290466818038, 38.69347278799968 -1.273144166334619, 38.67721380264681 -1.2800558498474062, 38.66093797619542 -1.2870255178086825, 38.64464513577867 -1.2940531667735733, 38.62833511476559 -1.3011387892965822, 38.612007752628266 -1.308282373873992, 38.595662894816925 -1.3154839048872025, 38.579300392661104 -1.322743362540481, 38.562920103260424 -1.33006072280541, 38.54652188938209 -1.3374359573661414, 38.53010561935156 -1.3448690335701683, 38.51367116694835 -1.352359914380405, 38.49721841129568 -1.3599085583325716, 38.48074723675204 -1.3675149194949883, 38.4642575328057 -1.3751789474303668, 38.44774919396086 -1.3829005871637579, 38.43122211963357 -1.39067977914985, 38.414676214040604 -1.3985164592459582, 38.39811138608934 -1.406410558687608, 38.381527549272235 -1.4143620040652891, 38.36492462155579 -1.4223707173062687, 38.34830252527673 -1.4304366156564416, 38.33166118702871 -1.438559611668782, 38.31500053756153 -1.4467396131896162, 38.29832051167236 -1.4549765233508805, 38.28162104810021 -1.4632702405637308, 38.26490208942212 -1.4716206585142295, 38.24816358195126 -1.4800276661607814, 38.23140547563065 -1.4884911477360458, 38.214627723934676 -1.4970109827481368, 38.19783028376851 -1.5055870459851401, 38.18101311536451 -1.5142192075234664, 38.164176182191056 -1.522907332733214, 38.14731945084848 -1.5316512822914772, 38.13044289097668 -1.5404509121928815, 38.11354647516037 -1.5493060737634778, 38.09663017883448 -1.5582166136766633, 38.0796939801934 -1.5671823739696809, 38.06273786009896 -1.5762031920627027, 38.04576180199251 -1.5852789007782127, 38.028765791804474 -1.594409328363482, 38.01174981787174 -1.6035942985114917, 37.994713870848535 -1.612833630386716, 37.97765794362454 -1.6221271386494729, 37.960582031242296 -1.6314746334824062, 37.943486130817476 -1.6408759206173897, 37.926370241456155 -1.6503308013655735, 37.9092343641815 -1.6598390726446826, 37.892078501852396 -1.6694005270117105, 37.87490265909337 -1.6790149526918947, 37.85770684221492 -1.68868213361372, 37.84049105914775 -1.6984018494388056, 37.82325531936784 -1.7081738755976408, 37.805999633826865 -1.7179979833240657, 37.788724014888345 -1.7278739396884182, 37.77142847625613 -1.737801507635637, 37.7541130329129 -1.7477804460198105, 37.73677770105413 -1.7578105096420655, 37.71942249802907 -1.7678914492863158, 37.7020474422744 -1.778023011759667, 37.684652553260456 -1.7882049399277062, 37.667237851428936 -1.7984369727551552, 37.64980335813744 -1.8087188453440353, 37.632349095604305 -1.8190502889727402, 37.61487508685287 -1.8294310311363204, 37.59738135565947 -1.8398607955857862, 37.57986792650161 -1.850339302368216, 37.56233482450586 -1.8608662678678365, 37.544782075400995 -1.8714414048452366, 37.527209705467115 -1.8820644224794003, 37.50961774146098 -1.892735026423137, 37.4920062105657 -1.9034529188466152, 37.47437514043236 -1.914217798432919, 37.45672455908549 -1.9250293604457345, 37.43905449487824 -1.9358872967716816, 37.421364976451486 -1.9467912959612395, 37.403656032691856 -1.957741043270752, 37.385927692694594 -1.9687362207024874, 37.36817998572442 -1.9797765070462303, 37.350412941176096 -1.9908615779215213, 37.33262658854056 -2.001991105817469, 37.31482095736914 -2.013164760133935, 37.2969960772368 -2.0243822072237263, 37.27915197771174 -2.035643110431733, 37.26128868831915 -2.046947130137666, 37.24340623851205 -2.058293923795217, 37.2255046576388 -2.069683145973438, 37.20758397491355 -2.081114448396819, 37.18964421938442 -2.092587479986887, 37.17168541990931 -2.104101886899927, 37.15370760512367 -2.115657312569363, 37.13571080341546 -2.127253397744446, 37.11769504289809 -2.1388897805302514, 37.09966035138439 -2.15056609642735, 37.081606756270695 -2.1622819784229175, 37.06353428458472 -2.1740370569892624, 37.04544296308682 -2.1858309600511854, 37.02733281814335 -2.1976633130833783, 37.00920387570296 -2.2095337391496077, 36.99105616126965 -2.2214418589439067, 36.97288969989102 -2.233387290823129, 36.95470451612783 -2.2453696508503818, 36.936500634039106 -2.2573885528295685, 36.918278077162874 -2.2694436083425353, 36.900036868492805 -2.281534426788647, 36.88177703046383 -2.2936606154192436, 36.86349858493256 -2.3058217793751092, 36.84520155315618 -2.3180175217248946, 36.82688595578112 -2.3302474434978517, 36.80855181282187 -2.342511143722337, 36.79019914364598 -2.354808219460679, 36.771827966956764 -2.3671382658454427, 36.75343830064861 -2.3795008761914147, 36.735030161946824 -2.3918956419389295, 36.716603567478735 -2.4043221526369933, 36.698158533149744 -2.4167799960426564, 36.6796950741276 -2.429268758156086, 36.66121320482971 -2.4417880232539133, 36.642712938911714 -2.4543373739216134, 36.624194289245274 -2.4669163910923673, 36.60565726791946 -2.479524654071689, 36.58710188621552 -2.4921617405778926, 36.568528154599306 -2.504827226771921, 36.54993608271171 -2.5175206872882, 36.53132567935273 -2.530241695269325, 36.51269695247041 -2.5429898223976153, 36.494049909152814 -2.555764638924697, 36.47538455558577 -2.568565713721952, 36.45670089693133 -2.581392614379345, 36.43799893760645 -2.5942449070597093, 36.41927868115325 -2.6071221566018044, 36.40054013020027 -2.620023926567976, 36.38178328644781 -2.6329497792770233, 36.36300815066396 -2.6458992758303417, 36.344214722670785 -2.6588719761439688, 36.32540300133505 -2.6718674389776433, 36.306572984560816 -2.6848852219626087, 36.28772466927831 -2.697924881631472, 36.26885805143503 -2.7109859734465394, 36.24997312598712 -2.724068051827839, 36.231069886889806 -2.737170670181448, 36.21214832708738 -2.75029338092804, 36.19320843839989 -2.763435735595287, 36.174250211683855 -2.7765972847401432, 36.155273636825925 -2.7897775779742098, 36.13627870266897 -2.8029761640310937, 36.117265397003315 -2.8161925907930954, 36.09823370656372 -2.8294264053141385, 36.07918361701444 -2.842677153849885, 36.06011511294331 -2.8559443818820673, 36.04102817785928 -2.869227634140361, 36.02192279417399 -2.8825264546340517, 36.00279894320382 -2.8958403866706894, 35.983656605156995 -2.9091689728838355, 35.96449575912615 -2.922511755257119, 35.945316383070974 -2.9358682751543888, 35.92611845377159 -2.949238073367832, 35.90690194694077 -2.962620690066437, 35.88766683715942 -2.9760156648548133, 35.868413097856504 -2.9894225368039873, 35.849140701300485 -3.002840844474739, 35.82984961859317 -3.0162701259391786, 35.810539819660555 -3.0297099188039494, 35.79121127324825 -3.043159760230244, 35.77186394691205 -3.056619186956685, 35.752497807009945 -3.070087735320972, 35.73311281869758 -3.0835649412790938, 35.71370894591883 -3.0970503404273684, 35.69428615139972 -3.1105434680220885, 35.674844396645526 -3.1240438589968784, 35.65538364194487 -3.137551047975336, 35.63590384635093 -3.1510645692979056, 35.616404967668274 -3.164583957044758, 35.59688696244696 -3.1781087450539136, 35.57734978597835 -3.1916384669380045, 35.55779339228327 -3.205172656105474, 35.53821773410856 -3.2187108457762768, 35.5186227629185 -3.232252569000427, 35.49900842888864 -3.2457973586748303, 35.47937468089783 -3.259344747560803, 35.45972146652089 -3.2728942683010023, 35.440048732025204 -3.2864454534335166, 35.420356422387925 -3.299997835392711, 35.40064448131716 -3.3135509465074264, 35.380912851134646 -3.3271043190853926, 35.36116147281881 -3.340657485397009, 35.341390286006714 -3.354209977684423, 35.32159922898187 -3.367761328179234, 35.30178823866986 -3.381311069114921, 35.281957250635394 -3.3948587327380606, 35.26210619906715 -3.4084038513268333, 35.2422350167801 -3.4219459571982567, 35.22234363520288 -3.435484582724454, 35.20243198437467 -3.4490192603426104, 35.18249999293889 -3.4625495225665315, 35.16254758813359 -3.4760749020000055, 35.14257469590063 -3.489594931276077, 35.12258124074998 -3.5031091431480688, 35.10256714569259 -3.5166170705373765, 35.08253233231407 -3.5301182464936316, 35.06247672076386 -3.5436122042069873, 35.04240022975368 -3.557098477014244, 35.02230277654956 -3.570576598408689, 35.00218427696468 -3.5840461020489354, 34.98204464536127 -3.597506521761911, 34.961883794633735 -3.610957391557015, 34.94170163621517 -3.624398245625464, 34.92149808006316 -3.6378286183520814, 34.90127303466224 -3.6512480443164064, 34.881026407014026 -3.664656058301066, 34.86075810270678 -3.6780521952512517, 34.84046802594594 -3.6914359902580602, 34.82015607928369 -3.704806978724491, 34.7998221637678 -3.718164696275222, 34.7794661789441 -3.731508678755552, 34.75908802285082 -3.74483846223485, 34.73868759201724 -3.758153583007073, 34.71826478146328 -3.771453577590302, 34.697819484690626 -3.78473798273106, 34.677351593687 -3.798006335400264, 34.65686099891701 -3.8112581727969195, 34.63634758932819 -3.824493032342329, 34.61581125234284 -3.8377104516824128, 34.59525187385973 -3.850909968683757, 34.57466933825301 -3.864091121430981, 34.554063528377235 -3.8772534482201024, 34.533434325735264 -3.890396487455061, 34.5127816102146 -3.903519777800306, 34.49210526009429 -3.9166228581714435, 34.47140515213028 -3.9297052676793456, 34.45068116155284 -3.9427665456262506, 34.42993316207499 -3.955806231494953, 34.409161025891336 -3.9688238649433636, 34.388364623679166 -3.9818189857973785, 34.36754382460963 -3.994791134037495, 34.34669849634135 -4.007739849795396, 34.32582850503473 -4.020664673338114, 34.30493371535157 -4.033565145060483, 34.2840139904634 -4.04644080547215, 34.26306919205667 -4.059291195186201, 34.242099180341185 -4.072115854905519, 34.22110381405888 -4.0849143254087625, 34.200082950489815 -4.0976861475376, 34.17903644547337 -4.110430862175072, 34.157964153558595 -4.12314801015058, 34.1368659277581 -4.135837132370016, 34.11574161960986 -4.148497769769734, 34.094591079246726 -4.1611294632664, 34.0734141554084 -4.173731753739423, 34.05221069545943 -4.1863041820098355, 34.030980545399586 -4.198846288823239, 34.00972354988589 -4.211357614826096, 33.988439552247925 -4.223837700545662, 33.96712839450335 -4.236286086369584, 33.945789917384616 -4.248702312519296, 33.92442396035263 -4.2610859190304655, 33.903030361623756 -4.273436445726072, 33.881608958191 -4.28575343219258, 33.86015958584814 -4.298036417754558, 33.83868207921688 -4.310284941447563, 33.81717627177324 -4.322498541991513, 33.79564199587565 -4.334676757763195, 33.774079082795026 -4.346819126767711, 33.75248736274612 -4.3589251866094365, 33.73086666492199 -4.37099447446135, 33.7092168175242 -4.383026527036869, 33.68753764780219 -4.395020880556948, 33.66582898210065 -4.406977070713242, 33.64409064595075 -4.418894632608787, 33.622322463981334 -4.4307731007931475, 33.60052426001213 -4.44261200920206, 33.578695857115406 -4.45441089111429, 33.556837077658656 -4.466169279118903, 33.534947743355985 -4.477886705078417, 33.513027675317645 -4.48956270009341, 33.49107669409917 -4.50119679446789, 33.469094619762814 -4.512788517668912, 33.447081271922904 -4.524337398295031, 33.42503646981266 -4.5358429640344795, 33.40296003234336 -4.5473047416280155, 33.38085177816294 -4.558722256832756, 33.35871152572434 -4.570095034381952, 33.33653909335154 -4.581422597946809, 33.314334299311255 -4.592704470096432, 33.292096961880695 -4.603940172260695, 33.26982689942469 -4.6151292246895155, 33.247523930475054 -4.626271146412216, 33.22518787380356 -4.637365455201092, 33.20281854851086 -4.648411667528524, 33.18041577410531 -4.659409298530242, 33.157979370596 -4.670357861963158, 33.13550915857782 -4.681256870168436, 33.11300495932651 -4.692105834031278, 33.09046659489622 -4.702904262941178, 33.0678938882131 -4.713651664755671, 33.04528666318145 -4.724347545759878, 33.02264474478514 -4.734991410630176, 32.99996795919565 -4.745582762396586, 32.97725613388264 -4.756121102406028, 32.954509097725655 -4.766605930287098, 32.93172668113263 -4.777036743913872, 32.90890871615606 -4.787413039372993, 32.88605503661799 -4.797734310929124, 32.86316547823423 -4.808000050993117, 32.84023987874183 -4.818209750091212, 32.817278078033674 -4.828362896833745, 32.79427991828896 -4.838458977888229, 32.77124524411396 -4.8484974779507475, 32.74817390268319 -4.858477879720122, 32.725065743882126 -4.868399663874233, 32.701920620451986 -4.878262309048552, 32.6787383881479 -4.888065291812204, 32.65551890588178 -4.897808086653621, 32.63226203588794 -4.907490165960089, 32.60896764387599 -4.917111000005963, 32.58563559919787 -4.9266700569386535, 32.56226577500958 -4.936166802770337, 32.53885804844162 -4.945600701369937, 32.5154123007704 -4.954971214458492, 32.49192841759171 -4.96427780160769, 32.46840628899421 -4.973519920242297, 32.44484580974631 -4.9826970256416026, 32.42124687946988 -4.991808570950092, 32.397609402830554 -5.000854007186043, 32.37393328972086 -5.009832783257313, 32.350218455453 -5.01874434597791, 32.326464820946995 -5.027588140090904, 32.302672312925054 -5.036363608293685, 32.278840864108375 -5.045070191267067, 32.25497041341282 -5.0537073277096525, 32.231060906148905 -5.062274454375556, 32.20711229422148 -5.070771006117194, 32.18312453633107 -5.079196415932567, 32.15909759817944 -5.087550115016211, 32.13503145267013 -5.095831532817065, 32.11092608016602 -5.10404009708256, 32.08678146868031 -5.112175233931024, 32.06259761399664 -5.120236367952237, 32.03837451992902 -5.128222922266556, 32.01411219852722 -5.136134318608017, 31.989810670283795 -5.143969977412372, 31.9654699643397 -5.151729317911162, 31.941090118688162 -5.159411758231842, 31.916671180380302 -5.167016715502966, 31.892213205725092 -5.174543605966672, 31.867716260492397 -5.18199184509583, 31.843180420113377 -5.189360847717559, 31.818605769871724 -5.196650028145046, 31.79399240510713 -5.203858800311288, 31.76934043139775 -5.210986577914487, 31.744649964756928 -5.218032774564795, 31.719921131811926 -5.2249968039416075, 31.69515406999063 -5.2318780799539715, 31.67034892769714 -5.238676016909389, 31.64550586448241 -5.245390029689186, 31.620625051217022 -5.252019533928401, 31.59570667038501 -5.258563946169922, 31.57075091661649 -5.265022683966378, 31.54575799587847 -5.271395166328626, 31.520728126009832 -5.277680813828384, 31.495661536933717 -5.283879048791991, 31.470558470781437 -5.289989295521207, 31.44541918202632 -5.296010980515831, 31.42024393759242 -5.301943532706339, 31.395033016971407 -5.307786383688429, 31.369786712314042 -5.313538967967082, 31.344505328532904 -5.319200723201478, 31.319189183372856 -5.3247710904603185, 31.293838607496333 -5.33024951447683, 31.26845394453667 -5.335635443913416, 31.243035551158464 -5.340928331627197, 31.217583797120565 -5.346127634937509, 31.19209906647825 -5.351232815676029, 31.166581755993636 -5.356243340794512, 31.141032274945157 -5.361158682676326, 31.115451045746987 -5.365978319297666, 31.089838503931357 -5.370701734517267, 31.064195098126113 -5.375328418367319, 31.03852129001048 -5.379857867348263, 31.012817554267144 -5.384289584723838, 30.987084378516613 -5.388623080818484, 30.961322263237996 -5.392857873315871, 30.93553172168081 -5.39699348755744, 30.909713279757923 -5.401029456842108, 30.883867475949742 -5.404965322722183, 30.85799486298967 -5.408800635048575, 30.83209600538404 -5.412534952623025, 30.806171478590983 -5.416167843570908, 30.78022187000449 -5.4196988854641415, 30.75424777877079 -5.423127665612558, 30.728249815587063 -5.426453781352961, 30.702228602488244 -5.429676840334626, 30.67618477261855 -5.432796460801211, 30.650118969993308 -5.435812271867999, 30.62403184924308 -5.438723913794882, 30.597924075348313 -5.441531038253761, 30.571796323527753 -5.444233308574749, 30.545649281537433 -5.446830399774592, 30.519483644865936 -5.449321999246429, 30.493300117125983 -5.451707806907901, 30.46709941074599 -5.453987535335977, 30.440882246633546 -5.4561609099931765, 30.414649353818987 -5.458227669446158, 30.38840146909746 -5.460187565574833, 30.36213933665294 -5.462040363772908, 30.335863707677046 -5.463785843138549, 30.30957533997733 -5.465423796655235, 30.283274997611503 -5.46695403136075, 30.256963453345175 -5.468376368387495, 30.23064148432969 -5.469690643321362, 30.20430987082397 -5.4708967063467, 30.177969397605857 -5.471994422279214, 30.15162085353523 -5.472983670680419, 30.125265031110086 -5.473864345960191, 30.09890272601951 -5.474636357467123, 30.072534736690862 -5.475299629566599, 30.046161863834563 -5.475854101706363, 30.019784909984086 -5.476299728469506, 29.993404679195052 -5.47663647961489, 29.9670219797511 -5.4768643401251635, 29.94063761830287 -5.476983310240811, 29.914252400030417 -5.476993405426088, 29.88786712960661 -5.476894656352995, 29.861482610733795 -5.476687108877054, 29.83509964568236 -5.476370824000293, 29.808719034832617 -5.475945877821584, 29.782341576218297 -5.475412361474368, 29.755968065074168 -5.474770381051951, 29.72959929338896 -5.474020057520553, 29.703236049806122 -5.4731615266369085, 29.676879122005353 -5.472194938993457, 29.650529290428175 -5.471120459630196, 29.624187329582977 -5.469938267949184, 29.5978540085644 -5.468648557610496, 29.571530090642444 -5.467251536375874, 29.54521633286344 -5.465747425942078, 29.51891348565514 -5.464136461763775, 29.49262229244611 -5.462418892866921, 29.466343489290207 -5.460594981652362, 29.44007780450525 -5.458665003690656, 29.413825958412264 -5.456629247516855, 29.38758866550219 -5.454488014660341, 29.361366629924795 -5.452241619035125, 29.335160545454535 -5.449890386699488, 29.30897109647197 -5.447434655728802, 29.282798957670952 -5.444874775964504, 29.25664479377651 -5.442211108756783, 29.230509259276555 -5.439444026701802, 29.204392998167105 -5.4365739133738415, 29.178296643708446 -5.433601163052512, 29.15222081819667 -5.430526180445991, 29.12616613274757 -5.4273493804104245, 29.100133187319667 -5.424071187698945, 29.07412257224349 -5.420692036937501, 29.04813486431405 -5.417212371800531, 29.022170627831912 -5.413632644873336, 28.99623041503786 -5.409953317442279, 28.970314765979182 -5.4061748592015215, 28.944424208387254 -5.402297747958848, 28.918559257569743 -5.3983224693415375, 28.892720416316497 -5.394249516502599, 28.86690817481603 -5.390079389827235, 28.841123010587122 -5.385812596640738, 28.815365388422833 -5.38144965091779, 28.789635760345018 -5.376991072993181, 28.763934565676372 -5.372437389295594, 28.73826223209783 -5.367789132284003, 28.712619173424045 -5.36304683973078, 28.687005790224276 -5.358211054552748, 28.661422470258998 -5.353282324618519, 28.63586958850734 -5.348261202477677, 28.61034750720328 -5.3431482450935475, 28.584856575881425 -5.337944013580023, 28.55939713143552 -5.332649072943482, 28.533969498183676 -5.327263991828727, 28.508573987944402 -5.321789342270151, 28.483210900121826 -5.31622569944804, 28.45788052179852 -5.310573641449901, 28.432583127837866 -5.304833749037485, 28.40731898099304 -5.299006605419082, 28.382088332024836 -5.293092796027805, 28.356891420150703 -5.287092908390437, 28.331728472893285 -5.281007531848411, 28.306599705706706 -5.274837257216738, 28.28150532259243 -5.268582676705817, 28.256445516253464 -5.262244383730778, 28.231420468250196 -5.255822972726029, 28.20643034915854 -5.249319038965226, 28.18147531873709 -5.242733178388653, 28.15655552609593 -5.236065987436097, 28.131671109870528 -5.229318062886224, 28.106822198398817 -5.22249000170205, 28.082008909902253 -5.215582400882764, 28.057231352669206 -5.208595857321495, 28.032489625243333 -5.201530967669899, 28.007783816610143 -5.1943883282075, 27.983114006390792 -5.187168534718606, 27.958480265033828 -5.17987218237397, 27.933882654011484 -5.172499865619255, 27.909321226014903 -5.165052178068528, 27.88479602515145 -5.157529712403789, 27.860307087144342 -5.149933060280629, 27.83585443954702 -5.142262812244201, 27.81143810197299 -5.134519557656113, 27.787058086165395 -5.126703884571993, 27.762714396272703 -5.1188163796933415, 27.73840702905662 -5.110857628302342, 27.71413597409099 -5.1028282141988175, 27.689901213959185 -5.094728719641742, 27.665702724449964 -5.086559725295231, 27.64154047475629 -5.078321810180563, 27.617414427664514 -5.070015551629644, 27.593324539752246 -5.061641525246424, 27.569270761578032 -5.053200304870112, 27.545253037869422 -5.044692462542444, 27.52127130771509 -5.0361185684810765, 27.497325504747185 -5.027479191053844, 27.473415557327858 -5.01877489675902, 27.44954138872981 -5.010006250207654, 27.425702917317853 -5.001173814110562, 27.401900056724735 -4.992278149267286, 27.378132716025984 -4.983319814558726, 27.354400799914806 -4.9742993669438, 27.330704208869943 -4.965217361457244, 27.307042839323156 -4.956074351211017, 27.28341658382554 -4.946870887398992, 27.25982533120878 -4.937607519303204, 27.2362689667423 -4.928284794301949, 27.212747372294032 -4.918903257882793, 27.189260426479798 -4.909463453654222, 27.16580800481679 -4.899965923362242, 27.142389979869083 -4.890411206906752, 27.11900622139565 -4.8807998423620855, 27.0956565964887 -4.871132365996357, 27.072340969715317 -4.86140931229511, 27.049059203252767 -4.851631213985004, 27.02581115702102 -4.841798602059015, 27.002596688813302 -4.831912005803323, 26.979415654424802 -4.821971952825962, 26.95626790777374 -4.81197896908449, 26.93315330102583 -4.801933578917479, 26.91007168471113 -4.791836305074914, 26.887022907840652 -4.781687668750615, 26.864006818017362 -4.771488189614214, 26.841023261548067 -4.761238385845549, 26.81807208355017 -4.750938774168654, 26.79515312805389 -4.740589869885476, 26.772266238106493 -4.730192186912321, 26.749411255869973 -4.719746237814968, 26.72658802271658 -4.709252533844369, 26.70379637932242 -4.6987115849729975, 26.681036165760624 -4.688123899932536, 26.658307221585375 -4.677489986248561, 26.635609385921867 -4.666810350279465, 26.612942497545923 -4.656085497251658, 26.590306394968117 -4.645315931298228, 26.567700916508596 -4.634502155494162, 26.545125900376252 -4.623644671894865, 26.522581184740098 -4.612743981571876, 26.500066607801926 -4.601800584650193, 26.47758200786474 -4.590814980344433, 26.455127223398996 -4.579787666994818, 26.432702093109192 -4.568719142104093, 26.410306455994537 -4.557609902372313, 26.387940151410604 -4.546460443732826, 26.365603019127118 -4.535271261386952, 26.34329489938533 -4.524042849839117, 26.321015632952022 -4.512775702930848, 26.29876506117167 -4.501470313874345, 26.276543026018796 -4.490127175286656, 26.254349370209322 -4.478746779255479, 26.232183937178394 -4.4673296173354995, 26.21004657108356 -4.455876180557734, 26.187937116897487 -4.444386959486453, 26.165855420450004 -4.432862444249927, 26.143801328467376 -4.421303124569953, 26.121774688614163 -4.409709489793036, 26.099775349527697 -4.398082028917844, 26.07780316085787 -4.386421230625675, 26.055857973297204 -4.374727583305875, 26.033939638618946 -4.363001575085711, 26.012048009706138 -4.351243693855443, 25.990182940582937 -4.339454427294721, 25.968344286444676 -4.327634262898329, 25.946531903684544 -4.315783688000094, 25.924747253385064 -4.303900304174243, 25.902995420151054 -4.291975250852281, 25.881276694702443 -4.280008358099561, 25.859590967110226 -4.2680001777867, 25.83793812711076 -4.255951260972066, 25.816318064146387 -4.243862157920821, 25.794730667407848 -4.231733418125298, 25.77317582587336 -4.219565590323712, 25.751653428351624 -4.20735922252139, 25.730163363673164 -4.195114862096914, 25.70870552048257 -4.182833055681496, 25.687279787280904 -4.170514349179816, 25.665886052535186 -4.158159287829657, 25.64452420470985 -4.145768416217432, 25.623194132302892 -4.133342278296471, 25.601895723870555 -4.120881417398855, 25.5806288680616 -4.108386376252826, 25.55939345364192 -4.0958576969947265, 25.53818936952692 -4.083295921185392, 25.51701650480244 -4.070701589820049, 25.495874748755206 -4.058075243343667, 25.474763990896435 -4.045417421662381, 25.453684120983464 -4.032728664153732, 25.432635029047567 -4.020009509680506, 25.411616605412025 -4.007260496598829, 25.390628740715893 -3.994482162769536, 25.36967132594757 -3.9816750455753698, 25.34874425264363 -3.9688396820365517, 25.327847412577793 -3.955976608623396, 25.306980697843713 -3.943086361301882, 25.286144000946525 -3.930169475584825, 25.26533721482178 -3.9172264865399407, 25.244560232847917 -3.9042579287938777, 25.22381294886719 -3.891264336541225, 25.203095257197358 -3.878246243547822, 25.182407052650024 -3.865204183157955, 25.161748230540415 -3.8521386882962165, 25.141118686706605 -3.8390502914749405, 25.120518317517604 -3.8259395247947356, 25.099947019889623 -3.8128069199498165, 25.079404691296332 -3.7996530082295012, 25.058891229780848 -3.7864783205205983, 25.038406534041815 -3.7732833873548826, 25.017950503472214 -3.760068738927813, 24.997523037882207 -3.7468349049237104, 24.977124037684742 -3.733582414623095, 24.956753403911673 -3.720311796906622, 24.936411038224424 -3.7070235802555334, 24.91609684292337 -3.6937182927510994, 24.89581072095305 -3.6803964620712897, 24.875552575913144 -3.6670586154907823, 24.855322312064818 -3.653705279877939, 24.835119834336272 -3.6403369816909996, 24.814945048331648 -3.626954246976209, 24.794797860336928 -3.613557601363829, 24.774678177325 -3.6001475700634025, 24.75458590697946 -3.586724677870449, 24.734520957807515 -3.573289449228341, 24.71448323889179 -3.559842408065744, 24.694472659987397 -3.5463840778478666, 24.674489131561167 -3.532914981591828, 24.65453256479833 -3.51943564186157, 24.634602871604592 -3.505946580759666, 24.614699964610452 -3.49244831992032, 24.594823757175888 -3.478941380502373, 24.57497416339116 -3.465426283179599, 24.555151098081936 -3.451903548133526, 24.535354476812433 -3.4383736950447634, 24.515584215885355 -3.424837243082073, 24.495840232347064 -3.4112947108945155, 24.47612244401653 -3.397746616618244, 24.456430769487422 -3.384193477866278, 24.436765128023342 -3.3706358116510065, 24.417125439633047 -3.357074134419272, 24.397511625075257 -3.3435089620430913, 24.377923605863344 -3.3299408098101044, 24.35836130426079 -3.316370192408023, 24.338824643286795 -3.302797623915154, 24.319313546713403 -3.289223617785434, 24.299827939068773 -3.275648686837071, 24.280367745634717 -3.262073343237349, 24.260932892449603 -3.248498098490591, 24.241523306305197 -3.2349234634221067, 24.222138914747447 -3.221349948164341, 24.202779646067313 -3.207778062136596, 24.18344542929338 -3.194208314025636, 24.164136194205202 -3.1806412117791183, 24.144851871336584 -3.1670772625924473, 24.125592391969683 -3.1535169728896877, 24.106357688137383 -3.139960848309456, 24.087147692620732 -3.1264093936874486, 24.067962338946522 -3.1128631130389195, 24.04880156138695 -3.099322509542203, 24.029665294957205 -3.085788085520767, 24.010553475412593 -3.072260342424733, 23.99146603924886 -3.058739780814255, 23.972402923696375 -3.045226900338764, 23.953364066661724 -3.031722199683175, 23.934349406768437 -3.018226176576009, 23.915358883416793 -3.0047393278091628, 23.89639243673177 -2.9912621491874813, 23.877450007562405 -2.9777951355103305, 23.858531537476512 -2.9643387805500696, 23.839636968758015 -2.9508935770319935, 23.820766244402524 -2.937460016612993, 23.8019193081147 -2.924038589861153, 23.783096104303 -2.9106297862335353, 23.764296578077342 -2.897234094055629, 23.745520675241966 -2.8838520004976114, 23.72676834229444 -2.8704839915542966, 23.708039526407042 -2.8571305520139445, 23.689334175295606 -2.843792165357251, 23.670652237441217 -2.830469313875084, 23.651993662039008 -2.817162478616476, 23.63335839895007 -2.803872139338549, 23.61474639869805 -2.790598774484007, 23.596157612461766 -2.7773428611560362, 23.577591992068143 -2.7641048750933015, 23.559049489988315 -2.750885290646707, 23.54053005932954 -2.7376845807534727, 23.522033653829205 -2.724503216912396, 23.503560227845895 -2.7113416691571453, 23.48510973635622 -2.698200406033001, 23.466682134943422 -2.6850798945684504, 23.448277379791232 -2.671980600249852, 23.42989542754528 -2.6589029869153475, 23.4115362354307 -2.64584751680524, 23.393199761372077 -2.6328146506129957, 23.374885963862358 -2.6198048473832296, 23.356594801953552 -2.606818564484029, 23.33832623524628 -2.593856257578473, 23.320080223882513 -2.580918380598039, 23.30185672853261 -2.568005385712498, 23.283655710387897 -2.5551177233031144, 23.265477131148625 -2.542255841932965, 23.2473209530118 -2.5294201883171823, 23.229187138663754 -2.5166112072960107, 23.21107565126481 -2.5038293418030584, 23.192986454438167 -2.4910750328360836, 23.174919512259013 -2.4783487194279132, 23.156874789212694 -2.4656508385989495, 23.138852250035693 -2.4529818252405384, 23.120851860034822 -2.4403421122819884, 23.102873584954594 -2.427732130588735, 23.084917390923586 -2.4151523089078912, 23.066983244440355 -2.402603073837329, 23.049071112357822 -2.3900848497939373, 23.03118096186558 -2.377598058980671, 23.013312760477376 -2.3651431213567715, 22.995466476011412 -2.3527204546037774, 22.977642076574504 -2.3403304740939657, 22.959839530544016 -2.3279735928575276, 22.942058806550346 -2.3156502215502126, 22.924299873455915 -2.303360768419078, 22.90656270033968 -2.291105639271552, 22.88884725647368 -2.2788852374400346, 22.871153511304094 -2.26669996374929, 22.85348143443061 -2.2545502164830387, 22.835830995552435 -2.2424363913317764, 22.81820216434866 -2.2303588813039252, 22.800594910727114 -2.2183180768462565, 22.783009204682337 -2.206314365741822, 22.765445016247877 -2.194348133062169, 22.747902315471375 -2.182419761132885, 22.73038107238871 -2.1705296294988434, 22.712881256998134 -2.158678114889757, 22.695402839233477 -2.1468655911855006, 22.677945788935276 -2.1350924293806868, 22.66051007582215 -2.1233589975496368, 22.643095669463417 -2.111665660812468, 22.6257025392464 -2.1000127812986342, 22.608330654346418 -2.0884007181123554, 22.590979983696993 -2.0768298272985675, 22.573650495952673 -2.065300461805358, 22.556342159459298 -2.053812971450859, 22.53905494221905 -2.042367702887847, 22.521788811853597 -2.0309649995678267, 22.504543735568426 -2.019605201706309, 22.487319680117654 -2.008288646248895, 22.470116611762986 -1.9970156668348196, 22.452934496235926 -1.9857865937629084, 22.435773298698102 -1.9746017539570926, 22.41863298367765 -1.9634614709201164, 22.40151351500941 -1.9523660646902052, 22.384414855897155 -1.941315851861995, 22.36733696880964 -1.9303111455210034, 22.350279815430383 -1.9193522552072917, 22.33324335660927 -1.908439486880918, 22.316227552317745 -1.897573142890116, 22.29923236159915 -1.8867535219378186, 22.282257742519693 -1.8759809190494527, 22.265303652116547 -1.865255625540179, 22.248370046347315 -1.8545779289838538, 22.231456880036838 -1.843948113181593, 22.21456410682092 -1.8333664581298899, 22.19769167909496 -1.8228332399922527, 22.18083954795353 -1.8123487310674158, 22.164007663134246 -1.8019131997608924, 22.14719597295992 -1.7915269105568314, 22.1304044242767 -1.781190123989118, 22.113632962392877 -1.7709030966141177, 22.0968815310176 -1.7606660809846535, 22.08015007219596 -1.750479325623552, 22.063438526244678 -1.7403430749988975, 22.04674683168565 -1.7302575694996687, 22.030074925177885 -1.7202230454121006, 22.01342274144998 -1.7102397348977567, 21.99679021323069 -1.7003078659723112, 21.98017727117546 -1.6904276624840022, 21.96358384379689 -1.680599344095542, 21.9470098573899 -1.670823126265276, 21.93045523595852 -1.661099220230786, 21.913919901137053 -1.651427832991683, 21.897403772117478 -1.641809167297067, 21.88090676556864 -1.632243421631093, 21.864428795557814 -1.622730790201508, 21.847969773470563 -1.6132714629293596, 21.831529607930754 -1.6038656254407617, 21.81510820471548 -1.5945134590584245, 21.798705466675475 -1.5852151407976554, 21.782321293648682 -1.575970843361503, 21.765955582375113 -1.566780735138581, 21.749608226412654 -1.557644980203521, 21.73327911604859 -1.5485637383178046, 21.71696813821357 -1.5395371649339225, 21.700675176391616 -1.530565411200163, 21.684400110533705 -1.521648623969257, 21.66814281696524 -1.5127869458068872, 21.651903168299455 -1.5039805150050356, 21.63568103334307 -1.495229465594659, 21.619476277009742 -1.48653392736401, 21.60328876022422 -1.4778940258757305, 21.587118339834316 -1.4693098824896733, 21.57096486851784 -1.4607816143862666, 21.55482819469095 -1.4523093345930838, 21.538708162415475 -1.4438931520136653, 21.52260461130988 -1.4355331714603976, 21.506517376454322 -1.4272294936878267, 21.490446288302223 -1.4189822154311815, 21.474391172588277 -1.4107914294462554, 21.4583518502383 -1.4026572245527276, 21.44232813727957 -1.3945796856804342, 21.42631984475307 -1.386558893919094, 21.410326778623627 -1.3785949265700388, 21.39434873969435 -1.3706878572022703, 21.3783855235214 -1.3628377557114226, 21.36243692032722 -1.3550446883809044, 21.34650271492018 -1.3473087179481082, 21.330582686611713 -1.3396299036724497, 21.314676609134786 -1.332008301406641, 21.298784250511282 -1.324443963653775, 21.282905373040496 -1.3169369396680226, 21.267039733241063 -1.3094872755415503, 21.251187081755138 -1.3020950142816143, 21.235347163277826 -1.2947601958988224, 21.219519716493114 -1.287482857500038, 21.2037044740094 -1.2802630333836318, 21.18790116230074 -1.273100755139006, 21.17210950164941 -1.2659960517488884, 21.156329206092842 -1.2589489496953035, 21.140559983374843 -1.251959473069088, 21.124801534898324 -1.245027643682043, 21.109053555685897 -1.2381534811834978, 21.093315734340386 -1.2313370031788533, 21.07758775301275 -1.224578225352185, 21.06186928737307 -1.2178771615915283, 21.046160006588476 -1.211233824117804, 21.03045957330169 -1.204648223615523, 21.014767643620182 -1.1981203693678706, 20.999083867106947 -1.1916502693935533, 20.9834078867773 -1.1852379305864915, 20.967739338899896 -1.1788833588067187, 20.95207785298644 -1.172586559024301, 20.93642305236215 -1.16634753560815, 20.920774553858987 -1.1601662923891938, 20.90513196783436 -1.1540428328095813, 20.889494898206117 -1.1479771600762607, 20.873862942493698 -1.141969277316166, 20.858235691865584 -1.1360191877328039, 20.842612731194688 -1.1301268947644556, 20.826993639121024 -1.1242924022435936, 20.811377988120277 -1.1185157145569633, 20.795765344580953 -1.1127968368067478, 20.78015526888957 -1.1071357749724082, 20.764547315521327 -1.101532536072424, 20.748941033140316 -1.0959871283265725, 20.733335964594392 -1.090499561295924, 20.717731646248488 -1.085069845896686, 20.70212760967804 -1.0796979948745489, 20.686523381339573 -1.0743840228667052, 20.670918482492212 -1.0691279465175731, 20.65531242934671 -1.063929784637015, 20.63970473321945 -1.0587895583563753, 20.624094900695148 -1.0537072912827508, 20.608482433797928 -1.0486830096511668, 20.592866830170482 -1.0437167424743226, 20.57724758325889 -1.0388085216892537, 20.561624182507863 -1.0339583823014245, 20.545996113561667 -1.0291663625252074, 20.530362858336925 -1.0244325039014388, 20.514723893972974 -1.0197568512578814, 20.499078695472427 -1.0151394531924756, 20.483426735327097 -1.0105803620980596, 20.46776748334785 -1.0060796342223148, 20.45210040690834 -1.0016373297825938, 20.43642497119554 -0.9972535130755794, 20.420740639466242 -0.9929282525814216, 20.405046873309455 -0.9886616210621346, 20.389343132913872 -0.9844536956539481, 20.373628877341787 -0.9803045579535581, 20.35790356480664 -0.976214294097773, 20.34216665256981 -0.9721829948009288, 20.32641759596444 -0.9682107553180334, 20.310655852008548 -0.9642976758173404, 20.294880878318082 -0.9604438612867527, 20.279092133122656 -0.9566494215507833, 20.263289075566266 -0.9529144713071632, 20.247471166011408 -0.9492391301557946, 20.231637866345526 -0.9456235226198177, 20.21578864028763 -0.942067778158601, 20.19992295369815 -0.9385720311727703, 20.18404027488803 -0.9351364210009547, 20.16814007471974 -0.9317610918988772, 20.152221825099666 -0.9284461929496772, 20.136285002927156 -0.9251918782128316, 20.120329089397543 -0.9219983066205539, 20.10435356971225 -0.9188656419032365, 20.08835793338452 -0.9157940525361606, 20.072341674542585 -0.9127837116779056, 20.056304292230465 -0.9098347971005366, 20.040245290705297 -0.9069474911116133, 20.024164179731397 -0.904121980468131, 20.00806047487008 -0.9013584562824882, 19.991933697379157 -0.8986571139214433, 19.975783372962084 -0.8960181529147657, 19.95960903591416 -0.8934417768377105, 19.943410227835077 -0.890928193167875, 19.927186497505264 -0.8884776131524604, 19.910937401142988 -0.8860902516693908, 19.894662502654477 -0.8837663270816741, 19.8783613738772 -0.8815060610852257, 19.862033594815365 -0.8793096785504149, 19.845678753867848 -0.8771774073575811, 19.829296448047852 -0.8751094782268015, 19.812886282636942 -0.873106124569791, 19.79644787047128 -0.8711675823703176, 19.779980835535937 -0.8692940898323454, 19.76348481142623 -0.8674858872558694, 19.74695944132644 -0.8657432168510532, 19.730404378175077 -0.8640663225395718, 19.713819284820726 -0.8624554497523416, 19.697203834168363 -0.8609108452239589, 19.680557709314655 -0.8594327567842868, 19.66388060367465 -0.8580214331473496, 19.647172221096863 -0.8566771236980772, 19.630432275721866 -0.8554000783009562, 19.613660490884268 -0.8541905472087649, 19.596856602108343 -0.8530487805693818, 19.580020356054916 -0.8519750282989368, 19.563151510244996 -0.8509695398938042, 19.546249833114192 -0.8500325642109134, 19.529315104055257 -0.8491643492483637, 19.512347113451515 -0.8483651419263895, 19.495345662699997 -0.8476351878691357, 19.478310564224497 -0.8469747311875295, 19.461241641478733 -0.8463840142635631, 19.444138728940132 -0.845863277536234, 19.427001671762085 -0.8454127593382348, 19.409830325270114 -0.845032695765336, 19.39262455689295 -0.8447233201807343, 19.375384245073235 -0.8444848631532799, 19.358109279104415 -0.8443175522719073, 19.34079955906843 -0.8442216119477708, 19.323454995767108 -0.84419726321957, 19.30607551064395 -0.8442447235628516, 19.28866103569853 -0.8443642067031877, 19.271211513393798 -0.8445559224333966, 19.253726896555133 -0.8448200764352386, 19.23620714826354 -0.8451568701053835, 19.218652241741104 -0.8455665003861821, 19.201062160067895 -0.8460491596336622, 19.183436895715626 -0.846605035530442, 19.165776451595743 -0.8472343106955145, 19.1480808403244 -0.8479371626477231, 19.130350083993235 -0.8487137636784116, 19.112584214020497 -0.8495642807126597, 19.094783270998217 -0.8504888751757418, 19.076947304533658 -0.8514877028653086, 19.05907637308849 -0.8525609138286558, 19.04117054381226 -0.8537086522459464, 19.023229892374015 -0.8549310563185976, 19.005254502789814 -0.856228258163432, 18.987244467247613 -0.8576003837123343, 18.969199885929502 -0.8590475526174617, 18.951120866831683 -0.8605698781619717, 18.9330075255766 -0.86216746717777, 18.914859985004195 -0.8638404200263714, 18.89667837537147 -0.8655888304279206, 18.878462834147694 -0.8674127853956829, 18.860213505686545 -0.8693123652097552, 18.841930541037854 -0.8712876433602481, 18.82361409775866 -0.8733386864956945, 18.805264339723845 -0.8754655543766406, 18.78688143693714 -0.8776682998341162, 18.768465565341494 -0.8799469687332969, 18.75001690663135 -0.8823015999415642, 18.731535648063048 -0.8847322253020119, 18.713021982268643 -0.8872388696108606, 18.69447610706897 -0.889821550599865, 18.67589822528769 -0.8924802789232434, 18.65728854456854 -0.8952150581483136, 18.638647277191257 -0.8980258847512139, 18.619974639891506 -0.9009127481159317, 18.601270853681527 -0.9038756305376606, 18.582536143672026 -0.906914507230167, 18.563770738897333 -0.9100293463365063, 18.544974872142195 -0.9132201089434924, 18.526148779754944 -0.9164867491049922, 18.50729270148812 -0.9198292138603362, 18.488406880372267 -0.9232474432451195, 18.469491562517387 -0.926741370330431, 18.450546996950834 -0.930310921253822, 18.431573435459462 -0.9339560152526362, 18.4125711324337 -0.9376765647003202, 18.393540344714836 -0.9414724751452306, 18.374481331444613 -0.945343645352104, 18.355394353919515 -0.9492899673452847, 18.336279675444885 -0.9533113264553174, 18.317137561195022 -0.9574076013665914, 18.29796827807496 -0.9615786641675124, 18.278772094584845 -0.965824380402739, 18.259549280688788 -0.9701446091267099, 18.240300107685066 -0.9745392029594995, 18.221024848081537 -0.9790080081434922, 18.201723775471148 -0.9835508646026518, 18.182397164414347 -0.9881676060017447, 18.16304529032047 -0.992858059808443, 18.14366842933651 -0.9976220473549307, 18.12426685823449 -1.0024593839024036, 18.104840854305987 -1.007369878704919, 18.085390695256756 -1.0123533350753937, 18.065916659105614 -1.0174095504519098, 18.04641902408665 -1.0225383164646649, 18.02689806855338 -1.027739419004017, 18.007354070886652 -1.0330126382888083, 17.987787309405306 -1.0383577489352815, 17.968198062278823 -1.0437745200268296, 17.948586607444607 -1.049262715183386, 17.928953222526385 -1.0548220926318486, 17.909298184756025 -1.0604524052765014, 17.889621770898124 -1.066153400769613, 17.869924257177335 -1.0719248215821562, 17.850205919207788 -1.0777664050748679, 17.83046703192587 -1.083677883568996, 17.81070786952465 -1.0896589844174362, 17.790928705391984 -1.0957094300753023, 17.771129812049498 -1.1018289381710724, 17.75131146109549 -1.1080172215769264, 17.73147392314917 -1.1142739884793478, 17.711617467797442 -1.1205989424493845, 17.6917423635443 -1.126991782512506, 17.67184887776203 -1.1334522032183132, 17.65193727664411 -1.1399798947101643, 17.63200782516154 -1.1465745427938052, 17.612060787019608 -1.1532358290063804, 17.592096424618283 -1.1599634306842521, 17.572114999012648 -1.1667570210313039, 17.552116769877088 -1.1736162691858927, 17.532101995470047 -1.1805408402879265, 17.512070932601024 -1.1875303955452434, 17.4920238365994 -1.1945845922994323, 17.471960961285024 -1.2017030840910725, 17.45188255893932 -1.2088855207250069, 17.43178888028037 -1.2161315483338622, 17.41168017443658 -1.2234408094424731, 17.3915566889245 -1.2308129430304064, 17.371418669625935 -1.2382475845949774, 17.351266360768435 -1.2457443662126715, 17.331100004905263 -1.2533029166009118, 17.310919842898272 -1.2609228611784076, 17.29072611390073 -1.2686038221255762, 17.27051905534268 -1.2763454184436318, 17.250298902916022 -1.284147266013856, 17.23006589056212 -1.2920089776554942, 17.209820250458 -1.2999301631843456, 17.18956221298027 -1.3079104294830732, 17.169292006739205 -1.3159493805345552, 17.149009858562376 -1.3240466174814498, 17.12871599347723 -1.3322017386862517, 17.1084106347046 -1.3404143397854926, 17.088094003652746 -1.3486840137435165, 17.067766319911343 -1.3570103509060922, 17.047427801248197 -1.365392939052381, 17.027078663604655 -1.373831363447419, 17.006719121093408 -1.3823252068931116, 16.986349385995425 -1.3908740497794345, 16.965969668759758 -1.3994774701339034, 16.94558017800139 -1.4081350436718263, 16.925181120501612 -1.4168463438449417, 16.904772701208874 -1.4256109418895573, 16.884355123238354 -1.4344284068750957, 16.86392858787503 -1.4432983057504514, 16.843493294574404 -1.4522202033913871, 16.823049440965562 -1.4611936626463118, 16.802597222854107 -1.4702182443818677, 16.782136834225362 -1.4792935075280735, 16.761668467248022 -1.4884190091228815, 16.741192312278763 -1.4975943043559456, 16.720708557858345 -1.506818946616873, 16.700217390674904 -1.5160924875620068, 16.679718995665603 -1.5254144771020635, 16.65921355598702 -1.5347844634638974, 16.638701253009767 -1.544201993238337, 16.618182266324503 -1.5536666114212496, 16.597656773748163 -1.5631778614541245, 16.57712495133092 -1.5727352852639296, 16.55658697336239 -1.582338423303089, 16.53604301237895 -1.5919868145884646, 16.515493239170933 -1.601679996740112, 16.494937822789872 -1.611417506019648, 16.474376930555895 -1.6211988773682289, 16.453810728065278 -1.6310236444441006, 16.43323937919871 -1.6408913396593898, 16.412663046128557 -1.6508014942171811, 16.392081889326693 -1.660753638147916, 16.371496067573478 -1.6707473003447988, 16.35090573795216 -1.680782008607517, 16.330311055820346 -1.690857289699438, 16.309712174924805 -1.700972669319125, 16.289109247361782 -1.7111276721632196, 16.268502423576983 -1.721321821965564, 16.247891852373087 -1.7315546415315204, 16.2272776809186 -1.7418256527712077, 16.206660054756103 -1.7521343767327606, 16.1860391178103 -1.7624803336354005, 16.16541501239651 -1.7728630429019305, 16.144787879228552 -1.7832820231912867, 16.124157857427566 -1.7937367924302006, 16.103525084529362 -1.8042268678454731, 16.08288969649318 -1.8147517659950687, 16.062251827709296 -1.825311002799606, 16.04161161100714 -1.83590409357325, 16.020969177627354 -1.8465305530763383, 16.000324657267356 -1.8571898955228905, 15.979678178126251 -1.8678816345880649, 15.959029866873877 -1.8786052834616584, 15.9383798486574 -1.889360354878456, 15.917728247109748 -1.9001463611471543, 15.897075184355945 -1.910962814180308, 15.876420781021285 -1.921809225522838, 15.85576515623747 -1.932685106381531, 15.835108427650004 -1.9435899676534678, 15.814450711425218 -1.9545233199544283, 15.793792122256374 -1.9654846736475482, 15.773132773370584 -1.9764735388712436, 15.752472776535205 -1.9874894255671578, 15.731812242052275 -1.9985318435152717, 15.711151278752984 -2.009600302368772, 15.690489994065166 -2.0206943116432496, 15.669828493983825 -2.0318133807658185, 15.64916688307381 -2.0429570191040507, 15.62850526447528 -2.0541247359929153, 15.607843739908697 -2.065316040761758, 15.587182409680102 -2.0765304427608564, 15.566521372686278 -2.087767451387763, 15.545860726418798 -2.0990265761141167, 15.525200566969257 -2.1103073265114523, 15.504540989033236 -2.1216092122775434, 15.483882085914608 -2.132931743262288, 15.463223949529475 -2.1442744294935836, 15.4425666703975 -2.155636781210828, 15.421910337662363 -2.167018308879971, 15.401255039105516 -2.1784185232124544, 15.38060086113456 -2.1898369351998492, 15.359947888786287 -2.2012730561390503, 15.339296205729458 -2.2127263976573963, 15.318645894267192 -2.2241964717377916, 15.297997035339495 -2.2356827907435064, 15.2773497085256 -2.2471848674428316, 15.256703992045193 -2.2587022150342286, 15.236059962761026 -2.270234347170325, 15.215417696179834 -2.281780777982766, 15.194777266453759 -2.293341022106512, 15.174138746381717 -2.3049145947038943, 15.153502207413482 -2.31650101148676, 15.132867719649276 -2.328099788741201, 15.112235351837612 -2.339710443353115, 15.091605171375315 -2.3513324928321824, 15.070977244307503 -2.362965455335617, 15.050351635327559 -2.374608849691693, 15.029728407775778 -2.386262195423842, 15.009107623639585 -2.3979250127735474, 14.988489343551882 -2.4095968227241573, 14.967873626789952 -2.4212771470241035, 14.947260531274134 -2.432965508210031, 14.926650113565756 -2.444661429630134, 14.906042428866401 -2.4563644354664342, 14.885437531032759 -2.468074050747031, 14.864835472549082 -2.479789801384678, 14.844236304524985 -2.4915112141992335, 14.823640076698787 -2.5032378169363527, 14.803046837434142 -2.514969138290182, 14.782456633717205 -2.5267047079254312, 14.761869511152216 -2.5384440565001927, 14.741285513957882 -2.550186715688011, 14.720704684963476 -2.561932218199854, 14.700127065603711 -2.573680097806611, 14.679552695914538 -2.585429889360733, 14.658981614527992 -2.597181128818209, 14.638413858666981 -2.608933353260313, 14.61784946414757 -2.620686100910439, 14.597288465393614 -2.6324389111430238, 14.576730895374734 -2.644191324539747, 14.556176785623686 -2.6559428828961416, 14.535626166234364 -2.6676931292399773, 14.515079065854252 -2.679441607852809, 14.49453551167748 -2.691187864290864, 14.473995529438117 -2.7029314454054836, 14.45345914340176 -2.714671899364355, 14.432926376358164 -2.7264087756717763, 14.412397249613068 -2.7381416251891366, 14.391871782979718 -2.749870000155284, 14.371349994770222 -2.761593454206678, 14.3508319017867 -2.7733115423973738, 14.330317519313954 -2.785023821217773, 14.309806861146761 -2.7967298485919647, 14.289299939519212 -2.808429183934543, 14.268796765101166 -2.8201213881659966, 14.24829734700373 -2.8318060237223563, 14.227801692768612 -2.8434826545743386, 14.207309808357229 -2.8551508462463207, 14.186821698139966 -2.8668101658348677, 14.166337364884468 -2.8784601820275317, 14.14585680974433 -2.8901004651210185, 14.125380032246944 -2.901730587039547, 14.104907030281852 -2.913350121352538, 14.084437800087702 -2.924958643292771, 14.063972336240074 -2.936555729773667, 14.043510631638362 -2.948140959406744, 14.023052677492739 -2.95971391251868, 14.00259846332544 -2.971274171159478, 13.982147976970248 -2.9828213191114212, 13.961701204491 -2.9943549419455873, 13.941258130204085 -3.005874627016151, 13.920818736666675 -3.0173799634747183, 13.900383004661775 -3.028870542286147, 13.879950913183658 -3.040345956243734, 13.859522439422342 -3.0518057999845176, 13.839097558748167 -3.0632496700041347, 13.818676244696361 -3.0746771646712365, 13.798258468950774 -3.0860878842419552, 13.777844201328113 -3.097481430873649, 13.757433409761067 -3.108857408638835, 13.737026060282382 -3.1202154235381325, 13.716622117007434 -3.1315550835136134, 13.696221542117458 -3.1428759984612995, 13.675824295842324 -3.1541777802434816, 13.655430336443121 -3.165460042700647, 13.635039620209854 -3.1767224016543665, 13.614652101444918 -3.187964474917894, 13.594267732396384 -3.199185882334614, 13.573886463270702 -3.210386245770826, 13.553508242215322 -3.221565189125214, 13.533133015300049 -3.232722338338528, 13.51276072649879 -3.2438573214025164, 13.492391317670316 -3.254969768368923, 13.47202432826947 -3.2660585887193525, 13.451654502135234 -3.277114002524738, 13.431280204928537 -3.2881326932061086, 13.41090140532255 -3.2991142311396207, 13.390518071544953 -3.3100581880401023, 13.370130171379818 -3.320964136969967, 13.349737672171008 -3.3318316523471787, 13.329340540825331 -3.34266030995325, 13.30893874381598 -3.3534496869410075, 13.288532247185872 -3.3641993618423043, 13.268121016552078 -3.374908914575074, 13.247705017109327 -3.3855779264507873, 13.227284213634857 -3.3962059801811173, 13.20685857049301 -3.406792659884676, 13.186428051639881 -3.417337551093633, 13.165992620628863 -3.4278402407598074, 13.145552240625758 -3.438300317255721, 13.125106874405951 -3.448717370385026, 13.10465648434694 -3.4590909913952004, 13.084201032447261 -3.4694207729764055, 13.063740480333278 -3.479706309266689, 13.043274789266647 -3.4899471958568298, 13.022803920151416 -3.5001430297953307, 13.002327833542202 -3.5102934095928693, 12.981846489652426 -3.5203979352266943, 12.961359848362736 -3.5304562081449404, 12.94086786923036 -3.540467831270471, 12.920370511498225 -3.5504324090048804, 12.899867734105147 -3.5603495472319566, 12.879359495695931 -3.570218853321249, 12.85884575463207 -3.5800399361313846, 12.838326469003253 -3.589812406013019, 12.817801596638583 -3.599535874812026, 12.797271095119083 -3.6092099558721142, 12.776734921790139 -3.6188342640375635, 12.756193033774563 -3.628408415655775, 12.73564538798658 -3.637932028579474, 12.71509194114526 -3.647404722169294, 12.694532649790073 -3.6568261172955134, 12.673967470295345 -3.6661958363404286, 12.653396358886578 -3.6755135032000283, 12.632819271656318 -3.6847787432860524, 12.612236164581503 -3.6939911835275465, 12.591646993540555 -3.703150452372741, 12.571051714331709 -3.7122561797905638, 12.550450282691564 -3.721307997272315, 12.529842654314317 -3.7303055378332495, 12.5092287848719 -3.7392484360140217, 12.488608630034417 -3.748136327882291, 12.467982145491032 -3.7569688510344066, 12.447349286972 -3.765745644596892, 12.426710010271474 -3.774466349227948, 12.406064271270012 -3.7831306071194026, 12.38541202595862 -3.791738061998378, 12.364753230463519 -3.800288359129024, 12.344087841070674 -3.8087811453147564, 12.323415814252142 -3.8172160689001444, 12.302737106692222 -3.8255927797733196, 12.282051675315007 -3.8339109293682663, 12.261359477311643 -3.8421701706676927, 12.240660470169697 -3.850370158205566, 12.219954611701702 -3.858510548070464, 12.199241860075484 -3.8665909979087734, 12.178522173844739 -3.8746111669283376, 12.157795511980282 -3.882570715902413, 12.137061833902097 -3.8904693071739196, 12.11632109951205 -3.8983066046600476, 12.095573269227202 -3.9060822738572707, 12.074818304013649 -3.91379598184684, 12.054056165421736 -3.921447397300403, 12.033286815620807 -3.92903619048655, 12.01251021743541 -3.936562033277508, 11.991726334381989 -3.944024599156416, 11.97093513070582 -3.9514235632252754, 11.950136571419172 -3.958758602213257, 11.929330622339105 -3.966029394485933, 11.90851725012718 -3.9732356200546546, 11.88769642232827 -3.980376960587126, 11.866868107410692 -3.987453099418358, 11.84603227480698 -3.9944637215622922, 11.825188894954637 -4.0014085137243525, 11.804337939337296 -4.008287164314784, 11.783479380526872 -4.015099363462589, 11.762613192227887 -4.0218448030296985, 11.741739349335008 -4.028523176621828, 11.720857827949928 -4.03513417961391, 11.699968605430493 -4.041677509165571, 11.679071660437685 -4.048152864238454, 11.658166972978856 -4.054559945615816, 11.637254524451924 -4.060898455922875, 11.616334297689031 -4.067168099648408, 11.595406277000073 -4.073368583167432, 11.574470448217467 -4.079499614764582, 11.553526798739114 -4.08556090465915, 11.532575317572686 -4.091552165030788, 11.511615995379405 -4.097473110046464, 11.490648824517004 -4.103323455888763, 11.469673799083115 -4.109102920785155, 11.448690914958538 -4.11481122503839, 11.427700169848887 -4.120448091058468, 11.406701563327344 -4.126013243395356, 11.38569509687588 -4.1315064087732445, 11.364680773926263 -4.136927316125928, 11.34365859990016 -4.142275696633485, 11.322628582249594 -4.14755128375994, 11.301590730593741 -4.152753813267513, 11.280545056650872 -4.157883023285395, 11.25949157421671 -4.162938654365692, 11.238430299267964 -4.167920449508637, 11.217361249996868 -4.172828154206807, 11.196284446844937 -4.17766151649045, 11.175199912535982 -4.182420286973912, 11.154107672106718 -4.1871042189035, 11.133007752937042 -4.19171306820628, 11.111900184778461 -4.196246593540097, 11.090784999780475 -4.200704556344845, 11.06966223251664 -4.205086720894519, 11.048531920007418 -4.209392854350689, 11.027394101742475 -4.213622726816713, 11.006248819700522 -4.21777611139307, 10.985096118456164 -4.221852784216313, 10.963936045325328 -4.225852524493299, 10.942768649915665 -4.229775114650279, 10.921593984363811 -4.233620340345546, 10.900412103366307 -4.2373879905247795, 10.879223064187451 -4.241077857481231, 10.858026926664406 -4.244689736916613, 10.836823753210528 -4.248223428002456, 10.815613608815083 -4.2516787334421435, 10.794396561042506 -4.255055459533056, 10.773172680027027 -4.2583534162294, 10.751942038466277 -4.261572417205074, 10.730704711611825 -4.264712279916802, 10.709460777380352 -4.267772825649916, 10.688210316594303 -4.270753879549078, 10.666953412175124 -4.273655270794737, 10.64569014948534 -4.276476832610874, 10.624420616354168 -4.279218402320809, 10.603144903051279 -4.281879821409837, 10.581863102258936 -4.284460935587311, 10.560575309040765 -4.286961594848305, 10.539281620808184 -4.289381653534633, 10.51798213728376 -4.291720970395226, 10.496676960462379 -4.2939794086456615, 10.475366194569226 -4.296156836026877, 10.45404994629123 -4.298253124837717, 10.432728324792139 -4.3002681519920385, 10.411401440767671 -4.302201799155476, 10.390069406928992 -4.3040539527457975, 10.368732337967883 -4.305824503983875, 10.347390350499523 -4.30751334894511, 10.326043563002926 -4.309120388609346, 10.304692095759075 -4.3106455289091565, 10.283336070786968 -4.312088680776449, 10.261975611777276 -4.313449760187286, 10.240610844024067 -4.314728688204857, 10.219241894557156 -4.315925391011569, 10.19786889244609 -4.317039799937434, 10.17649196746113 -4.318071851554493, 10.155111250606321 -4.319021487677854, 10.133726874116414 -4.319888655394637, 10.112338971378325 -4.320673307094267, 10.090947676850464 -4.32137540049647, 10.069553125981619 -4.321994898676879, 10.04815545512778 -4.322531770090254, 10.026754801468915 -4.322985988591233, 10.005351302923874 -4.323357533452619, 9.983945098378003 -4.323646389382143, 9.96253632773641 -4.323852546543492, 9.941125130653807 -4.323976000562674, 9.919711647140694 -4.324016752531541, 9.898296017510733 -4.323974809013171, 9.876878382293256 -4.323850182044694, 9.855458882145612 -4.323642889137528, 9.834037657766217 -4.323352953275039, 9.812614849806643 -4.322980402907602, 9.791190598785706 -4.322525271945132, 9.769765045002387 -4.321987599747049, 9.748338328860118 -4.321367431130482, 9.726910590594343 -4.32066481635375, 9.705481969320031 -4.319879811052234, 9.684052603583972 -4.319012476244976, 9.662622631290791 -4.3180628783127535, 9.64119218962201 -4.317031088973462, 9.619761414956617 -4.315917185255247, 9.598330442793468 -4.314721249467472, 9.576899407673917 -4.313443369169434, 9.555468443107841 -4.312083637137159, 9.534037681499838 -4.3106421513280475, 9.512607254308778 -4.309119014866172, 9.49117729213961 -4.307514336024501, 9.469747923661522 -4.305828228084685, 9.448319276124773 -4.304060809345498, 9.426891475335301 -4.302212203082111, 9.40546464559384 -4.300282537500313, 9.384038909636736 -4.298271945689207, 9.362614388579372 -4.296180565572565, 9.341191201861966 -4.294008539858915, 9.319769467197405 -4.29175601599036, 9.298349300521863 -4.28942314609035, 9.276930815947484 -4.287010086910375, 9.255514125983877 -4.284516999815121, 9.23409934134506 -4.281944050709961, 9.212686570374338 -4.279291409903809, 9.19127591942243 -4.276559252110518, 9.16986749281768 -4.273747756392482, 9.148461392833775 -4.270857106103028, 9.127057719660408 -4.267887488828447, 9.10565657137622 -4.264839096329664, 9.084258043924358 -4.261712124483688, 9.0628622310904 -4.258506773224872, 9.041469224482725 -4.2552232464860715, 9.02007911351549 -4.251861752139839, 8.998691985393844 -4.248422501939644, 8.97730792524627 -4.24490571149032, 8.9559270160694 -4.241311600183271, 8.934549338343514 -4.237640391061526, 8.913174970299366 -4.233892310814368, 8.891803987920524 -4.230067589721029, 8.870436464942319 -4.2261664615937615, 8.849072472853244 -4.222189163721482, 8.827712080897637 -4.218135936813831, 8.806355356080914 -4.214007024945973, 8.78500236317676 -4.209802675504054, 8.763653164735969 -4.205523139131341, 8.742307821096883 -4.201168669675039, 8.720966390398347 -4.196739524134107, 8.699628928593652 -4.192235962607707, 8.67829548946632 -4.187658248244588, 8.656966124663883 -4.183006647197625, 8.635640883811174 -4.178281428600193, 8.614319814299856 -4.173482864458722, 8.593002961399815 -4.168611229627862, 8.571690368313966 -4.1636668017727345, 8.550382076202418 -4.158649861324062, 8.52907812420795 -4.153560691434353, 8.507778549482762 -4.148399577935146, 8.486483387215818 -4.143166809295199, 8.46519267066157 -4.137862676579807, 8.443906431169513 -4.132487473411194, 8.422624698214419 -4.127041495929872, 8.401347499427537 -4.121525042757126, 8.380074860628524 -4.115938414958569, 8.358806805858011 -4.1102819160087165, 8.337543357410723 -4.104555851756608, 8.3162845358692 -4.098760530392484, 8.295030360138258 -4.092896262415571, 8.273780847479296 -4.0869633606027, 8.252536013545722 -4.080962139978168, 8.231295872418372 -4.074892917784506, 8.21006043664104 -4.0687560134541565, 8.188829717269838 -4.062551748586734, 8.167603723887922 -4.056280446915588, 8.146382464638439 -4.049942434281109, 8.125165946273263 -4.043538038610363, 8.103954174189623 -4.0370675898936135, 8.082747152466407 -4.030531420161571, 8.061544883900552 -4.023929863463552, 8.040347370043934 -4.017263255846672, 8.01915461123927 -4.010531935335538, 7.997966606656468 -4.0037362419129385, 7.976783354328938 -3.996876517501339, 7.955604851189263 -3.989953105944991, 7.93443109310489 -3.9829663529928157, 7.913262074913894 -3.97591660628213, 7.8920977904598235 -3.96880421532282, 7.870938232626777 -3.961629531482337, 7.849783393374105 -3.95439290797133, 7.828633263770596 -3.9470946998298078, 7.807487834028313 -3.9397352639138945, 7.786347093536321 -3.9323149588832367, 7.765211030893836 -3.9248341451889015, 7.744079633942986 -3.917293185061771, 7.722952889801017 -3.90969244250139, 7.701830784892541 -3.902032283265477, 7.680713304980678 -3.89431307485961, 7.6596004351984455 -3.8865351865276248, 7.638492160078971 -3.8786989892421255, 7.61738846358587 -3.870804855695649, 7.596289329142784 -3.8628531602920337, 7.575194739662516 -3.8548442791381596, 7.554104677575608 -3.846778590036, 7.533019124858659 -3.8386564724750536, 7.511938063061801 -3.8304783076249254, 7.490861473336056 -3.822244478328331, 7.469789336459738 -3.8139553690941463, 7.448721632864831 -3.8056113660909, 7.427658342662399 -3.7972128571402686, 7.406599445668005 -3.7887602317109823, 7.385544921425973 -3.7802538809126283, 7.364494749233841 -3.7716941974899125, 7.343448908165798 -3.763081575816841, 7.322407377095795 -3.754416411891093, 7.3013701347202415 -3.7456991033285623, 7.280337159580127 -3.736930049357936, 7.25930843008257 -3.7281096508153397, 7.238283924522079 -3.719238310139132, 7.217263621101154 -3.7103164313646717, 7.196247497950526 -3.7013444201191943, 7.175235533148843 -3.6923226836166636, 7.154227704741955 -3.683251630652693, 7.133223990761804 -3.6741316715994956, 7.112224369244594 -3.6649632184007057, 7.091228818248887 -3.655746684566373, 7.070237315872979 -3.646482485167795, 7.049249840272033 -3.6371710368324153, 7.028266369674546 -3.6278127577385635, 7.007286882398759 -3.6184080676103183, 6.986311356868314 -3.6089573877121564, 6.9653397716277095 -3.599461140843631, 6.944372105357307 -3.589919751333949, 6.923408336887984 -3.5803336450364944, 6.902448445215349 -3.570703249323234, 6.8814924095136 -3.561028993079041, 6.860540209149182 -3.5513113066959954, 6.839591823693777 -3.5415506220674366, 6.81864723293727 -3.5317473725820645, 6.797706416900219 -3.5219019931178486, 6.776769355850675 -3.5120149200382844, 6.755836030330366 -3.502086591193692, 6.7349064211290495 -3.492117445895269, 6.713980509311016 -3.4821079249164617, 6.693058276228934 -3.4720584704877835, 6.672139703534479 -3.461969526289975, 6.651224773188711 -3.4518415374470344, 6.630313467472215 -3.4416749505191246, 6.609405768994863 -3.431470213495285, 6.588501660705555 -3.42122777578611, 6.567601125901344 -3.4109480882160916, 6.546704148236771 -3.4006316030160493, 6.525810711732621 -3.3902787738152282, 6.5049208007845545 -3.3798900556332923, 6.4840344001716055 -3.3694659048722095, 6.463151495064426 -3.3590067793079643, 6.442272071033199 -3.3485131380820334, 6.4213961140557245 -3.3379854416929167, 6.400523610524739 -3.327424151987188, 6.379654547255657 -3.3168297321507154, 6.35878891149368 -3.306202646699482, 6.337926690921132 -3.2955433614704495, 6.317067873664237 -3.284852343612056, 6.296212448299985 -3.274130061574689, 6.275360403880231 -3.263376985110889, 6.25451172995294 -3.2525935852740293, 6.2336664164910625 -3.2417803343641, 6.212824453941106 -3.230937705941472, 6.191985833232162 -3.2200661748181783, 6.1711505457819875 -3.2091662170474344, 6.150318583502713 -3.1982383099128606, 6.129489938806996 -3.1872829319178457, 6.1086646046134 -3.176300562774384, 6.087842574352307 -3.165291683392114, 6.06702384197126 -3.1542567758669247, 6.046208401940358 -3.143196323469484, 6.025396249257905 -3.1321108106338165, 6.0045873794553835 -3.121000722945369, 5.983781788602939 -3.109866547129277, 5.962979473314377 -3.098708771038223, 5.94218043075236 -3.0875278836403, 5.921384658633423 -3.0763243750066613, 5.90059215525975 -3.0650987363149578, 5.879802919525989 -3.053851459837989, 5.859016950840338 -3.0425830388810207, 5.838234249182468 -3.0312939678002984, 5.81745481511028 -3.019984741991108, 5.796678649764699 -3.008655857874583, 5.775905754874446 -2.997307812884352, 5.755136132760644 -2.9859411054529597, 5.734369786342008 -2.97455623499853, 5.71360671913903 -2.9631537019106764, 5.692846935279112 -2.9517340075368708, 5.6720904395012655 -2.9402976541684067, 5.65133723716043 -2.92884514502602, 5.630587334232763 -2.917376984245942, 5.609840737319987 -2.9058936768652734, 5.589097453656507 -2.8943957288089, 5.5683574911644165 -2.882883646905551, 5.547620858370479 -2.8713579388195156, 5.526887564421868 -2.859819113042289, 5.506157619114991 -2.8482676788921686, 5.485431032900142 -2.8367041464990024, 5.464707816886506 -2.8251290267889906, 5.443987982846743 -2.813542831469107, 5.423271543222144 -2.8019460730117247, 5.4025585111273955 -2.790339264638866, 5.381848900355691 -2.778722920306518, 5.36114272538342 -2.7670975546885512, 5.340440001375559 -2.755463683160931, 5.31974074419049 -2.7438218217854278, 5.299044970385199 -2.7321724872934148, 5.278352697246465 -2.720516197085677, 5.257663942775874 -2.708853469203441, 5.236978725650867 -2.6971848222842847, 5.216297065268058 -2.6855107755689973, 5.195618981748648 -2.673831848884771, 5.174944495943803 -2.6621485626282535, 5.154273629440549 -2.650461437748746, 5.133606404566771 -2.638770995730707, 5.112942844397089 -2.627077758576657, 5.092282972758647 -2.6153822487898633, 5.071626814236529 -2.603684989356645, 5.050974394179811 -2.591986503728932, 5.030325738707266 -2.5802873158064368, 5.009680874714444 -2.568587949919546, 4.989039829899176 -2.5568889308235945, 4.968402632727688 -2.545190783655784, 4.94776931244942 -2.5334940339224246, 4.927139899113822 -2.521799207487271, 4.90651442357652 -2.510106830553062, 4.885892917505832 -2.498417429643088, 4.865275413389192 -2.4867315315825707, 4.844661944539527 -2.4750496634798282, 4.82405254510225 -2.4633723527076676, 4.803447250061548 -2.45170012688418, 4.782846095247256 -2.4400335138537237, 4.762249117341933 -2.4283730416678706, 4.741656353887617 -2.4167192385659892, 4.721067843291766 -2.405072632955139, 4.70048362482961 -2.3934337533875323, 4.679903738655044 -2.381803128543213, 4.659328225809938 -2.37018128721154, 4.638757128231603 -2.358568758271355, 4.618190488760198 -2.3469660706709305, 4.597628351146331 -2.335373753407863, 4.577070760058658 -2.323792335508779, 4.556517761091562 -2.3122223460089217, 4.535969400772939 -2.3006643139316045, 4.5154257265722935 -2.2891187682676977, 4.494886786908373 -2.277586237954614, 4.4743526311575454 -2.266067251855597, 4.453823309656876 -2.2545623387354796, 4.433298873689515 -2.243072027225201, 4.412779375540019 -2.231596845829929, 4.392264868488028 -2.220137322898341, 4.371755406812239 -2.2086939865981945, 4.351251045799205 -2.1972673648946937, 4.330751841751772 -2.185857985528448, 4.310257851997924 -2.174466375993484, 4.289769134899697 -2.1630930635150856, 4.2692857498619485 -2.1517385750273426, 4.248807757341327 -2.1404034371506317, 4.228335218855627 -2.129088176169099, 4.207868196992461 -2.117793318007533, 4.18740675541885 -2.1065193882085826, 4.166950958864496 -2.095266911893434, 4.146500873130865 -2.084036413738378, 4.126056565169962 -2.072828417994257, 4.105618103051829 -2.061643448436678, 4.085185555972879 -2.0504820283413507, 4.064758994266058 -2.0393446804603315, 4.044338489410123 -2.0282319269975115, 4.02392411403924 -2.017144289584054, 4.0035159419534985 -2.006082289254169, 3.9831140481279492 -1.9950464464197557, 3.9627185087230075 -1.9840372808456297, 3.9423294010942906 -1.9730553116241856, 3.921946803802492 -1.9621010571498183, 3.9015707966235706 -1.9511750350933188, 3.881201460545818 -1.940277762368006, 3.8608388777287326 -1.9294097550724407, 3.8404831316366126 -1.918571528539382, 3.8201343070013603 -1.907763597280156, 3.7997924898208653 -1.8969864749505936, 3.779457767369179 -1.886240674323909, 3.759130228206702 -1.8755267072633217, 3.7388099621902913 -1.8648450846943945, 3.7184970604835432 -1.8541963165771933, 3.6981916155666257 -1.8435809118779236, 3.677893721246954 -1.8329993785408203, 3.657603472668756 -1.8224522234590887, 3.6373209663233554 -1.8119399524460211, 3.617046300059279 -1.801463070205744, 3.596779573092124 -1.7910220803035335, 3.576520886014449 -1.7806174851359013, 3.5562703407554963 -1.770249785870654, 3.536028040629644 -1.7599194824395399, 3.515794090416704 -1.7496270735491457, 3.495568596313046 -1.739373056614898, 3.47535166594076 -1.7291579277293363, 3.455143408357226 -1.7189821816303572, 3.434943934064433 -1.708846311669019, 3.414753355017897 -1.698750809776858, 3.3945717846359504 -1.6886961664331204, 3.374399337808488 -1.6786828706314252, 3.3542361309054134 -1.6687114098459572, 3.334082281785717 -1.6587822699977646, 3.313937909805036 -1.6488959354198944, 3.293803135824449 -1.6390528888229736, 3.2736780822179323 -1.6292536112597389, 3.2535628728801282 -1.6194985820894865, 3.2334576332337934 -1.6097882789420543, 3.213362490236787 -1.600123177681286, 3.1932775723375015 -1.5905037523389853, 3.173203009541512 -1.580930475112002, 3.1531389334535036 -1.571403816344539, 3.1330854772391934 -1.5619242444648638, 3.1130427756309826 -1.552492225946711, 3.0930109649330655 -1.5431082252701325, 3.0729901830261963 -1.5337727048818965, 3.052980569372255 -1.524486125155556, 3.032982265017887 -1.5152489443507422, 3.0129954125982428 -1.5060616185723008, 2.9930201563400662 -1.4969246017288382, 2.973056642063843 -1.4878383454905248, 2.9531050171864006 -1.4788032992469513, 2.933165430721777 -1.4698199100638145, 2.913238033282532 -1.4608886226396627, 2.8933229770800146 -1.4520098792618845, 2.8734204159237726 -1.4431841197620456, 2.853530505221065 -1.4344117814711237, 2.833653401974818 -1.4256932991737412, 2.81378926478155 -1.4170291050622341, 2.7939382538283164 -1.4084196286900679, 2.7741005308887887 -1.399865296924656, 2.754276259318788 -1.3913665338997947, 2.7344656040499884 -1.3829237609670266, 2.7146687315562015 -1.3745373966326102, 2.6948858098920248 -1.3662078565324167, 2.67511700868266 -1.3579355533808815, 2.655362499099661 -1.3497208969126984, 2.6356224538510356 -1.3415642938320511, 2.6158970471701495 -1.3334661477612384, 2.5961864548036493 -1.3254268591888063, 2.576490853998611 -1.3174468254173353, 2.5568104234878155 -1.3095264405103313, 2.537145343474799 -1.3016660952390957, 2.517495795616915 -1.293866177028693, 2.497861963007725 -1.2861270699037188, 2.4782440301576245 -1.2784491544333507, 2.4586421829736818 -1.2708328076761797, 2.439056608737625 -1.2632784031243536, 2.4194874960828656 -1.255786310647475, 2.3999350349696145 -1.2483568964358436, 2.380399416659034 -1.240990522943532, 2.3608808336856155 -1.2336875488309311, 2.3413794798276957 -1.2264483289067682, 2.321895550077212 -1.2192732140701685, 2.3024292406067377 -1.212162551251847, 2.2829807487357523 -1.2051166833554303, 2.263550272894739 -1.1981359491982504, 2.244138012587381 -1.1912206834518138, 2.2247441683513984 -1.184371216582231, 2.205368941717137 -1.1775878747902429, 2.1860125351643425 -1.1708709799510861, 2.1666751520772505 -1.1642208495543307, 2.147356996697194 -1.1576377966433467, 2.1280582740736773 -1.151122129754916, 2.10877919001308 -1.1446741528586353, 2.0895199510254483 -1.1382941652964054, 2.070280764268876 -1.131982461721817, 2.0510618374920284 -1.125739332039751, 2.0318633789740908 -1.1195650613459422, 2.012685597462919 -1.1134599298668937, 1.9935287021102293 -1.1074242128997236, 1.9743929024051492 -1.1014581807525647, 1.9552784081049595 -1.0955620986850907, 1.9361854291634928 -1.089736226849435, 1.9171141756573826 -1.083980820231654, 1.89806485770929 -1.0782961285934454, 1.8790376854093873 -1.0726823964147292, 1.8600328687336645 -1.0671398628365578, 1.8410506174600192 -1.061668761604857, 1.8220911410819407 -1.0562693210149674, 1.8031546487190755 -1.0509417638567924, 1.784241349025857 -1.045686307361119, 1.7653514500972571 -1.0405031631467851, 1.7464851593714732 -1.0353925371687405, 1.7276426835311227 -1.0303546296676747, 1.7088242284005453 -1.0253896351203697, 1.6900299988413383 -1.0204977421916956, 1.6712601986451108 -1.0156791336879212, 1.6525150304232668 -1.0109339865113798, 1.6337946954947558 -1.0062624716169193, 1.6150993937708005 -1.0016647539698462, 1.5964293236373304 -0.9971409925057388, 1.57778468183482 -0.9926913400920899, 1.5591656633354618 -0.9883159434918521, 1.5405724612182512 -0.9840149433291763, 1.5220052665413255 -0.9797884740571936, 1.503464268211987 -0.975636663928084, 1.4849496528546147 -0.9715596349655871, 1.466461604676017 -0.9675575029398803, 1.4480003053288333 -0.9636303773451246, 1.4295659337596072 -0.9597783613752897, 1.4111586660447673 -0.9560015518997323, 1.3927786753118259 -0.9523000394706238, 1.3744261315672308 -0.9486739083025004, 1.3561012015471794 -0.9451232362634072, 1.3378040485691765 -0.9416480948700762, 1.3195348323821985 -0.9382485492864879, 1.301293709015308 -0.9349246583258356, 1.2830808306249641 -0.9316764744560193, 1.264896345341115 -0.9285040438087759, 1.2467403971121207 -0.9254074061925008, 1.2286131255489086 -0.922386595108948, 1.2105146657683368 -0.919441637773838, 1.1924451482356295 -0.9165725551413889, 1.1744046986068333 -0.9137793619330794, 1.1563934375705576 -0.9110620666704703, 1.138411480689913 -0.9084206717123726, 1.1204589382442616 -0.9058551732962756, 1.1025359150714251 -0.9033655615842354, 1.0846425104102213 -0.9009518207131995, 1.0667788177437802 -0.8986139288498949, 1.0489449246212246 -0.8963518582445207, 1.031140912227485 -0.8941655752255948, 1.013366855692302 -0.8920550403896735, 0.9956228238598374 -0.8900202086524673, 0.9779088790484901 -0.8880610293036952, 0.9602250769027452 -0.8861774460901642, 0.9425714662473309 -0.8843693973036395, 0.9249480889436822 -0.8826368158734572, 0.9073549797493611 -0.8809796294639671, 0.8897921661803306 -0.8793977605767094, 0.8722596683764607 -0.8778911266573359, 0.8547574989706532 -0.8764596402072765, 0.8372856629616661 -0.8751032089000635, 0.8198441575908229 -0.8738217357022579, 0.8024329722231848 -0.8726151189989797, 0.7850520882331622 -0.8714832527239144, 0.7677014784598375 -0.8704260264093274, 0.7503811073095525 -0.8694433253729353, 0.733090931435727 -0.868535031010388, 0.7158308990949089 -0.8677010208311641, 0.6986009500553423 -0.8669411686089988, 0.681401015515454 -0.8662553445369239, 0.6642310180282864 -0.8656434153859458, 0.6470908714326564 -0.8651052446673129, 0.6299804807909616 -0.8646406927981442, 0.6128997423338532 -0.8642496172702494, 0.5958485434122683 -0.8639318728219962, 0.5788267624565203 -0.8636873116129475, 0.5618342689432715 -0.8635157834011611, 0.5448709227219679 -0.8634171356316631, 0.5279365741482199 -0.8633912136523993, 0.5110310655763619 -0.8634378611072663, 0.4941542303693184 -0.8635569199738824, 0.4773058928902971 -0.8637482307482506, 0.4604858685186742 -0.8640116326328702, 0.4436939636743363 -0.864346963725735, 0.4269299758507678 -0.8647540612099799, 0.4101936936568432 -0.8652327615438714, 0.3934848968673722 -0.8657829006508677, 0.3768033564825264 -0.8664043141094634, 0.3601488347944088 -0.8670968373423598, 0.3435210841805653 -0.8678603056892799, 0.3269198485719763 -0.8686945547404762, 0.3103448645320965 -0.8695994206011308, 0.2937958602841957 -0.8705747399693776, 0.2772725558242046 -0.8716203503185525, 0.2607746630421035 -0.8727360900771175, 0.2443018858519674 -0.8739217988059824, 0.227853920330445 -0.8751773173729154, 0.211430454863482 -0.8765024881237488, 0.1950311703012894 -0.8778971550501017, 0.1786557401212487 -0.8793611639533269, 0.1623038295053132 -0.8808943625572876, 0.1459750958997265 -0.8824966007022468, 0.1296691916247364 -0.884167730594825, 0.1133857623927227 -0.8859076068667676, 0.0971244474609052 -0.8877160867139818, 0.0808848799060633 -0.8895930300339551, 0.0646666867048155 -0.8915382995523886, 0.048469488844799 -0.8935517609478125, 0.0322929047878941 -0.895633283001892, 0.016136525849032 -0.8977827375385367, 6.504256596261622e-8 -0.8999999999999977, -6.504256596261622e-8 0.8999999999999977))